incendi_protein,ortholog_accession,alntmscore,pident,incendi_num_chains,incendi_num_residues,incendi_rg_nm,incendi_helix_num,incendi_strand_num,incendi_coil_num,incendi_total_sasa_A2,incendi_frac_sasa_hydrophobic,incendi_frac_sasa_polar,incendi_frac_sasa_charged,incendi_frac_sasa_pos,incendi_frac_sasa_neg,incendi_num_hbonds,incendi_num_salt_bridges,incendi_num_disulfides,incendi_num_pipi,incendi_net_charge,incendi_num_exposed_pos,incendi_num_exposed_neg,incendi_surface_net_charge,incendi_highly_exposed_frac,incendi_frac_sasa_ALA,incendi_frac_sasa_ILE,incendi_frac_sasa_GLU,incendi_frac_sasa_THR,incendi_frac_sasa_LYS,incendi_frac_sasa_GLN,incendi_frac_sasa_TRP,incendi_frac_sasa_PHE,incendi_frac_sasa_GLY,incendi_frac_sasa_CYS,incendi_frac_sasa_LEU,incendi_frac_sasa_HIS,incendi_frac_sasa_ASN,incendi_frac_sasa_PRO,incendi_frac_sasa_MET,incendi_frac_sasa_SER,incendi_frac_sasa_ASP,incendi_frac_sasa_VAL,incendi_frac_sasa_TYR,incendi_frac_sasa_ARG,ortholog_num_chains,ortholog_num_residues,ortholog_rg_nm,ortholog_helix_num,ortholog_strand_num,ortholog_coil_num,ortholog_total_sasa_A2,ortholog_frac_sasa_hydrophobic,ortholog_frac_sasa_polar,ortholog_frac_sasa_charged,ortholog_frac_sasa_pos,ortholog_frac_sasa_neg,ortholog_num_hbonds,ortholog_num_salt_bridges,ortholog_num_disulfides,ortholog_num_pipi,ortholog_net_charge,ortholog_num_exposed_pos,ortholog_num_exposed_neg,ortholog_surface_net_charge,ortholog_highly_exposed_frac,ortholog_frac_sasa_ALA,ortholog_frac_sasa_ILE,ortholog_frac_sasa_GLU,ortholog_frac_sasa_THR,ortholog_frac_sasa_LYS,ortholog_frac_sasa_GLN,ortholog_frac_sasa_TRP,ortholog_frac_sasa_PHE,ortholog_frac_sasa_GLY,ortholog_frac_sasa_CYS,ortholog_frac_sasa_LEU,ortholog_frac_sasa_HIS,ortholog_frac_sasa_ASN,ortholog_frac_sasa_PRO,ortholog_frac_sasa_MET,ortholog_frac_sasa_SER,ortholog_frac_sasa_ASP,ortholog_frac_sasa_VAL,ortholog_frac_sasa_TYR,ortholog_frac_sasa_ARG,diff_num_residues,diff_rg_nm,diff_helix_num,diff_strand_num,diff_coil_num,diff_total_sasa_A2,diff_frac_sasa_hydrophobic,diff_frac_sasa_polar,diff_frac_sasa_charged,diff_num_hbonds,diff_num_salt_bridges,diff_num_disulfides,diff_num_pipi,diff_net_charge,diff_surface_net_charge,diff_highly_exposed_frac
g12123.t1,A0A5N6WR25,1.005,82.3,1,188,2.6794486177425423,61,31,96,30202.45703125,0.36847934126853943,0.23715999722480774,0.3160320222377777,0.16757157444953918,0.14846044778823853,136,13,1,215,-2,14,12,2,0.3829787234042553,0.021523425355553627,0.0,0.03800952434539795,0.09162453562021255,0.09010542184114456,0.061567701399326324,0.0,0.11967670172452927,0.013282856903970242,0.0,0.09930583089590073,0.07832864671945572,0.027030061930418015,0.024563726037740707,0.09796126186847687,0.04365483671426773,0.11045092344284058,0.0054483599960803986,0.0,0.07746615260839462,1,147,1.5836964825324527,54,31,62,15832.8896484375,0.17257940769195557,0.20387056469917297,0.5840904712677002,0.3258087635040283,0.25828173756599426,127,14,3,172,-1,14,12,2,0.2789115646258503,0.015691643580794334,0.03777776658535004,0.11594873666763306,0.04655921459197998,0.15082485973834991,0.03371502831578255,0.00020378758199512959,0.028734048828482628,0.037749893963336945,0.0,0.018952246755361557,0.03945954889059067,0.027561722323298454,0.018743811175227165,0.04208292439579964,0.0582846961915493,0.1423330008983612,0.010393165983259678,0.0,0.1749839037656784,41,1.0957521352100896,7,0,34,14369.5673828125,0.19589993357658386,0.033289432525634766,-0.2680584490299225,9,-1,-2,43,-1,0,0.104067158778405
g5966.t1,A0A5N6XG05,1.002,74.0,1,250,2.0607518638818925,206,0,44,24794.93359375,0.11648157984018326,0.26064392924308777,0.6228744387626648,0.26398032903671265,0.35889410972595215,269,45,0,271,-12,18,25,-7,0.236,0.03115091845393181,0.013143054209649563,0.23743614554405212,0.06675466895103455,0.22220511734485626,0.09013631194829941,0.0,0.00026025850092992187,0.00814177468419075,0.0,0.0051784696988761425,0.0,0.05532991141080856,0.010469267144799232,0.05614948272705078,0.013505926355719566,0.12145798653364182,0.00013012925046496093,0.026775330305099487,0.04177522659301758,1,229,1.9069261162720499,195,0,34,20880.333984375,0.13427479565143585,0.2500040829181671,0.6033972501754761,0.24561211466789246,0.3577851951122284,251,34,0,198,-12,15,21,-6,0.23580786026200873,0.017910394817590714,0.020706430077552795,0.22363494336605072,0.042535848915576935,0.1842026710510254,0.08715527504682541,0.0,0.0,0.010774517431855202,0.0,0.0258022528141737,0.012323846109211445,0.024831051006913185,0.01149430125951767,0.028057752177119255,0.04717417061328888,0.13415023684501648,0.03030366636812687,0.03753320872783661,0.061409417539834976,21,0.15382574760984258,11,0,10,3914.599609375,-0.017793215811252594,0.010639846324920654,0.01947718858718872,18,11,0,73,0,-1,0.00019213973799125927
g16570.t1,A0A5N6WSF7,1.002,78.9,1,148,1.9196067995034243,79,0,69,19365.67578125,0.1566627472639084,0.2616055905818939,0.5548286437988281,0.48765087127685547,0.06717776507139206,113,7,0,38,17,20,7,13,0.30405405405405406,0.05762325972318649,0.05548166483640671,0.03810206428170204,0.07076434046030045,0.30876603722572327,0.04064694419503212,0.017081784084439278,0.00333223189227283,0.014116404578089714,0.0,0.0009996696608141065,0.026903046295046806,0.008008714765310287,0.021648112684488297,0.00016281309945043176,0.06564563512802124,0.02907569520175457,0.0003332232008688152,0.06242356449365616,0.1788848340511322,1,151,1.9150828372750666,79,0,72,19117.5234375,0.14288857579231262,0.2775499224662781,0.5706389546394348,0.48528239130973816,0.08535654842853546,117,7,0,37,17,22,7,15,0.304635761589404,0.038084741681814194,0.03152947872877121,0.0485735647380352,0.06153719872236252,0.30309173464775085,0.020861154422163963,0.028522850945591927,0.004219356924295425,0.025660820305347443,0.0,0.0018565170466899872,0.008922569453716278,0.014363282360136509,0.025983542203903198,0.008868006989359856,0.09345054626464844,0.03678298369050026,0.0038240912836045027,0.06167691946029663,0.18219061195850372,-3,0.004523962228357714,0,0,-3,248.15234375,0.013774171471595764,-0.015944331884384155,-0.01581031084060669,-4,0,0,1,0,-2,-0.0005817075353499179
g8493.t1,A0A5N6XES6,1.001,56.6,1,84,1.6795799888167362,16,22,46,16616.44921875,0.17470771074295044,0.22530262172222137,0.5558737516403198,0.26090794801712036,0.29496583342552185,56,3,1,15,0,9,8,1,0.36904761904761907,0.0,0.0007767113856971264,0.23723730444908142,0.008495127782225609,0.13497506082057953,0.10984930396080017,,0.07378454506397247,0.016667697578668594,0.0,0.056068092584609985,0.04411598667502403,0.06331869959831238,0.0,0.026214009150862694,0.018039612099528313,0.057728540152311325,0.01786435954272747,0.00893218070268631,0.12593287229537964,1,88,1.7284836990233654,16,22,50,17473.73046875,0.13435938954353333,0.23066119849681854,0.5861879587173462,0.36796683073043823,0.21822109818458557,59,4,1,2,2,12,6,6,0.3977272727272727,0.038133248686790466,0.012740936130285263,0.20121751725673676,0.00866119097918272,0.09285483509302139,0.05190960317850113,0.0,0.000738605041988194,0.033474866300821304,0.0,0.052461422979831696,0.048791442066431046,0.09413370490074158,0.0,0.020683299750089645,0.019039548933506012,0.01700359769165516,0.009601864963769913,0.023442288860678673,0.2751120328903198,-4,-0.0489037102066292,0,0,-4,-857.28125,0.040348321199417114,-0.005358576774597168,-0.030314207077026367,-3,-1,0,13,-2,-5,-0.02867965367965364
g9632.t1,A0A5N6WJW0,1.001,71.1,1,149,1.610963471187802,53,27,69,16667.53515625,0.21633310616016388,0.19649150967597961,0.5654603242874146,0.32735496759414673,0.2381054013967514,126,8,1,119,1,16,13,3,0.28187919463087246,0.05168657377362251,0.0,0.15081267058849335,0.0021294094622135162,0.19714440405368805,0.08182589709758759,0.0,0.0,0.0005697040469385684,0.0058816964738070965,0.04083270952105522,0.021715018898248672,0.03870841860771179,0.019551850855350494,0.09847215563058853,0.05803646892309189,0.08729271590709686,0.005789827089756727,0.009339910000562668,0.1302105337381363,1,149,1.6024850831884867,52,28,69,16367.1318359375,0.2418922632932663,0.24722665548324585,0.5045726895332336,0.23441648483276367,0.27015629410743713,135,8,0,103,-2,13,12,1,0.28187919463087246,0.06747759878635406,0.0,0.17733338475227356,0.07159700989723206,0.10520708560943604,0.08410420268774033,0.00039427142473869026,0.0,0.0,0.0,0.02483910135924816,0.006308342795819044,0.07861848175525665,0.047509707510471344,0.10167156904935837,0.007320370525121689,0.09282289445400238,0.0,0.005586598534137011,0.12920939922332764,0,0.008478387999315329,1,-1,0,300.4033203125,-0.025559157133102417,-0.050735145807266235,0.06088763475418091,-9,0,1,16,3,2,0.0
g4920.t2,A0A5N6WQZ1,1.001,87.7,1,375,2.1765045700415944,164,74,137,25467.02734375,0.22058700025081635,0.2903071641921997,0.45907530188560486,0.1551227569580078,0.30395254492759705,357,44,1,194,-12,15,24,-9,0.18933333333333333,0.045396074652671814,0.0013936455361545086,0.19961456954479218,0.08734250068664551,0.09852875769138336,0.10629723966121674,0.0,0.002407205756753683,0.04467226564884186,0.0,0.008347430266439915,0.030030544847249985,0.008434658870100975,0.022467952221632004,0.07227201014757156,0.03176998347043991,0.10433798283338547,0.06830267608165741,0.011790509335696697,0.05659398436546326,1,375,2.1829819395713717,166,74,135,25449.79296875,0.17237234115600586,0.31280598044395447,0.4610998034477234,0.16082251071929932,0.30027735233306885,360,44,1,233,-11,16,23,-7,0.18133333333333335,0.007989685982465744,0.040261391550302505,0.1932843178510666,0.024519937112927437,0.09214513003826141,0.12846986949443817,0.0,0.006719384342432022,0.041490036994218826,0.0,0.010888700373470783,0.05372181162238121,0.008567631244659424,0.0219760462641716,0.062125831842422485,0.1072489395737648,0.10699298977851868,0.022411303594708443,0.002509603276848793,0.06867736577987671,0,-0.006477369529777288,-2,0,2,17.234375,0.048214659094810486,-0.02249881625175476,-0.0020245015621185303,-3,0,0,-39,-1,-2,0.00799999999999998
g5060.t1,A0A5N6WQF6,1.0,67.1,1,204,2.1731062886063817,82,32,90,25548.6015625,0.2369786500930786,0.19067078828811646,0.523618757724762,0.5033678412437439,0.020250968635082245,162,21,2,125,42,29,1,28,0.27941176470588236,0.027536695823073387,0.004672749433666468,0.00024682257208041847,0.007307574152946472,0.16743551194667816,0.043313346803188324,0.04827320575714111,0.018059544265270233,0.007577431388199329,0.0,0.032456666231155396,0.04873181879520416,0.03868703544139862,0.05556207150220871,0.042659692466259,0.027068568393588066,0.020004145801067352,0.007758031133562326,0.06671684235334396,0.33593225479125977,1,203,2.163188625727479,79,32,92,25519.103515625,0.197047159075737,0.2649206817150116,0.5053629875183105,0.48558861017227173,0.01977439597249031,168,19,2,121,39,29,1,28,0.27586206896551724,0.03694789111614227,0.00012643651280086488,0.0004942157538607717,0.005950767081230879,0.1929941326379776,0.10093457996845245,0.03948565945029259,0.019976966083049774,0.005178131628781557,0.0,0.003160912310704589,0.03266916424036026,0.04449889063835144,0.03603440150618553,0.04083215445280075,0.009669311344623566,0.01928018033504486,0.020482713356614113,0.09868897497653961,0.29259446263313293,1,0.009917662878902611,3,0,-2,29.498046875,0.039931491017341614,-0.07424989342689514,0.018255770206451416,-6,2,0,4,3,0,0.003549695740365122
g3990.t1,A0A5N6XIC6,1.0,67.3,1,259,2.329165429580628,33,64,162,25688.548828125,0.21137242019176483,0.22488658130168915,0.5184397101402283,0.3705098032951355,0.14792987704277039,177,22,3,88,30,28,10,18,0.22393822393822393,0.00600887555629015,0.005643521901220083,0.09100398421287537,0.016447022557258606,0.19354960322380066,0.03141480311751366,0.014444288797676563,0.008289765566587448,0.02053789049386978,0.0,0.051858339458703995,0.04530131816864014,0.044828109443187714,0.040894877165555954,0.07305411994457245,0.0009819116676226258,0.05692589655518532,0.011178622953593731,0.11067686229944229,0.17696021497249603,1,254,2.3000473070455154,26,64,164,24942.25,0.18270175158977509,0.25788235664367676,0.5044018030166626,0.38859084248542786,0.11581098288297653,168,17,0,38,30,28,7,21,0.2440944881889764,0.021326813846826553,0.009299221448600292,0.08837929368019104,0.04821665212512016,0.2096911072731018,0.023220384493470192,0.0,0.050144750624895096,0.02015291154384613,,0.022784769535064697,0.05501407012343407,0.05468851327896118,0.023372991010546684,0.051892392337322235,0.006123784463852644,0.027431687340140343,0.0038808202371001244,0.1054801270365715,0.17889972031116486,5,0.0291181225351127,7,0,-2,746.298828125,0.028670668601989746,-0.03299577534198761,0.014037907123565674,9,5,3,50,0,-3,-0.020156264250752454
g11479.t1,A0A5N6WKZ0,0.9998,62.8,1,281,2.330517654540377,53,86,142,31332.375,0.25071844458580017,0.23203732073307037,0.49085092544555664,0.44757992029190063,0.0432710237801075,199,25,2,61,32,31,6,25,0.26334519572953735,0.02830422669649124,0.011701932176947594,0.03803824633359909,0.028523623943328857,0.26364439725875854,0.1279108226299286,0.003668042365461588,0.0,0.01617160066962242,0.0,0.07971608638763428,0.026393229141831398,0.01605161838233471,0.04448650777339935,0.056067679077386856,0.03449101001024246,0.005232775118201971,0.0267739649862051,0.00888865627348423,0.1839355081319809,1,261,1.9951865325358784,46,90,125,24753.671875,0.2537330389022827,0.16867588460445404,0.5532917976379395,0.4168584942817688,0.13643333315849304,209,28,1,61,19,27,13,14,0.23754789272030652,0.03897228091955185,0.03668629750609398,0.06024812534451485,0.04041377827525139,0.19206300377845764,0.02774828113615513,0.0,0.006517308298498392,0.03980494663119316,0.0,0.04753771796822548,0.024299342185258865,0.03847698122262955,0.028003623709082603,0.09314819425344467,0.0018159312894567847,0.0761851966381073,0.0028676155488938093,0.020415985956788063,0.22479549050331116,20,0.33533112200449855,7,-4,17,6578.703125,-0.003014594316482544,0.06336143612861633,-0.06244087219238281,-10,-3,1,0,13,11,0.025797303009230832
g10520.t1,A0A5N6WQZ1,0.9995,87.7,1,375,2.1760859970077844,166,74,135,25400.98828125,0.22010527551174164,0.28134486079216003,0.4682852625846863,0.15146516263484955,0.31682008504867554,362,42,1,193,-12,17,24,-7,0.184,0.04349618777632713,0.0007621466065756977,0.20016498863697052,0.094855897128582,0.09816912561655045,0.0853358656167984,0.00012702443927992135,0.004064782056957483,0.045027971267700195,0.0,0.007485753390938044,0.030264632776379585,0.007590104825794697,0.022644702345132828,0.0739770159125328,0.035954613238573074,0.11665509641170502,0.06754764169454575,0.012580414302647114,0.05329602584242821,1,375,2.1829819395713717,166,74,135,25449.79296875,0.17237234115600586,0.31280598044395447,0.4610998034477234,0.16082251071929932,0.30027735233306885,360,44,1,233,-11,16,23,-7,0.18133333333333335,0.007989685982465744,0.040261391550302505,0.1932843178510666,0.024519937112927437,0.09214513003826141,0.12846986949443817,0.0,0.006719384342432022,0.041490036994218826,0.0,0.010888700373470783,0.05372181162238121,0.008567631244659424,0.0219760462641716,0.062125831842422485,0.1072489395737648,0.10699298977851868,0.022411303594708443,0.002509603276848793,0.06867736577987671,0,-0.006895942563587276,0,0,0,-48.8046875,0.04773293435573578,-0.031461119651794434,0.007185459136962891,2,-2,0,-40,-1,0,0.0026666666666666505
g18620.t1,A0A5N6WJ85,0.9993,63.6,1,170,2.0195423793335525,82,26,62,21161.18359375,0.14441081881523132,0.33781877160072327,0.49852490425109863,0.31076791882514954,0.1877569854259491,155,21,0,67,4,18,11,7,0.3235294117647059,0.015143189579248428,0.012197979725897312,0.1637682467699051,0.10393877327442169,0.1442832201719284,0.0612359344959259,,0.04357949271798134,0.00014899855887051672,0.004323851782828569,0.015857374295592308,0.019245408475399017,0.08646345883607864,0.007294455077499151,0.04381667822599411,0.012696162797510624,0.023988766595721245,0.006521652918308973,0.0690116211771965,0.16648468375205994,1,169,1.9624526421190844,84,26,59,20804.578125,0.2498440444469452,0.20285339653491974,0.522331714630127,0.27367451786994934,0.24865715205669403,162,19,0,59,0,16,12,4,0.30177514792899407,0.0215037502348423,0.0023263241164386272,0.18782095611095428,0.030911097303032875,0.10537160933017731,0.09325386583805084,,0.11673501878976822,0.0,0.004397965967655182,0.04482050985097885,0.02497093752026558,0.038935329765081406,0.049123603850603104,0.01424920093268156,0.035355132073163986,0.06083620339632034,0.0010856179287657142,0.0,0.16830289363861084,1,0.057089737214468084,-2,0,3,356.60546875,-0.10543322563171387,0.13496537506580353,-0.02380681037902832,-7,2,0,8,4,3,0.02175426383571183
g10520.t1,A0A5N6X4L6,0.9991,81.6,1,375,2.1760859970077844,166,74,135,25400.98828125,0.22010527551174164,0.28134486079216003,0.4682852625846863,0.15146516263484955,0.31682008504867554,362,42,1,193,-12,17,24,-7,0.184,0.04349618777632713,0.0007621466065756977,0.20016498863697052,0.094855897128582,0.09816912561655045,0.0853358656167984,0.00012702443927992135,0.004064782056957483,0.045027971267700195,0.0,0.007485753390938044,0.030264632776379585,0.007590104825794697,0.022644702345132828,0.0739770159125328,0.035954613238573074,0.11665509641170502,0.06754764169454575,0.012580414302647114,0.05329602584242821,1,375,2.1808921608327023,161,74,140,25568.546875,0.17468972504138947,0.27416327595710754,0.49157243967056274,0.15555796027183533,0.3360144793987274,344,40,1,219,-15,15,25,-10,0.18933333333333333,0.011910167522728443,0.04201618209481239,0.18597134947776794,0.023815371096134186,0.11354279518127441,0.09460970759391785,0.0,0.010471059009432793,0.04534410685300827,0.0,0.00806478038430214,0.059574615210294724,0.02224164456129074,0.02124301716685295,0.06019160524010658,0.0880291685461998,0.15004312992095947,0.02079291082918644,0.00012331501056905836,0.042015161365270615,0,-0.004806163824917942,5,0,-5,-167.55859375,0.04541555047035217,0.00718158483505249,-0.023287177085876465,18,2,0,-26,3,3,-0.005333333333333329
g4920.t2,A0A5N6X4L6,0.9977,81.6,1,375,2.1765045700415944,164,74,137,25467.02734375,0.22058700025081635,0.2903071641921997,0.45907530188560486,0.1551227569580078,0.30395254492759705,357,44,1,194,-12,15,24,-9,0.18933333333333333,0.045396074652671814,0.0013936455361545086,0.19961456954479218,0.08734250068664551,0.09852875769138336,0.10629723966121674,0.0,0.002407205756753683,0.04467226564884186,0.0,0.008347430266439915,0.030030544847249985,0.008434658870100975,0.022467952221632004,0.07227201014757156,0.03176998347043991,0.10433798283338547,0.06830267608165741,0.011790509335696697,0.05659398436546326,1,375,2.1808921608327023,161,74,140,25568.546875,0.17468972504138947,0.27416327595710754,0.49157243967056274,0.15555796027183533,0.3360144793987274,344,40,1,219,-15,15,25,-10,0.18933333333333333,0.011910167522728443,0.04201618209481239,0.18597134947776794,0.023815371096134186,0.11354279518127441,0.09460970759391785,0.0,0.010471059009432793,0.04534410685300827,0.0,0.00806478038430214,0.059574615210294724,0.02224164456129074,0.02124301716685295,0.06019160524010658,0.0880291685461998,0.15004312992095947,0.02079291082918644,0.00012331501056905836,0.042015161365270615,0,-0.004387590791107954,3,0,-3,-101.51953125,0.04589727520942688,0.016143888235092163,-0.032497137784957886,13,4,0,-25,3,1,0.0
g11501.t1,A0A5N6XJR6,0.9975,68.5,1,73,1.1535497828751045,15,28,30,12046.9111328125,0.19458751380443573,0.2072584629058838,0.5568488836288452,0.4152238965034485,0.14162495732307434,62,5,0,63,2,11,6,5,0.3561643835616438,0.0,0.0002678318414837122,0.08273058384656906,0.03761773928999901,0.2067050188779831,0.0073903934098780155,0.04285309091210365,,0.03300269693136215,0.0,0.06111893057823181,0.041305165737867355,0.04327085614204407,0.0,0.04919925704598427,,0.058894380927085876,0.04114840552210808,0.08597677201032639,0.2085188925266266,1,73,1.1527174087789593,12,23,38,11964.6005859375,0.26893332600593567,0.20395004749298096,0.46354222297668457,0.3256872892379761,0.1378549486398697,65,6,0,45,-1,8,5,3,0.3698630136986301,0.04935486987233162,0.0005393487517721951,0.07116437703371048,0.04790366813540459,0.20110942423343658,0.028042199090123177,0.045305293053388596,0.0,0.035834264010190964,,0.08658837527036667,0.06357441842556,0.0,0.0,0.08606676012277603,0.0,0.06669057160615921,0.0010786975035443902,0.09216991811990738,0.12457785755395889,0,0.0008323740961451165,3,5,-8,82.310546875,-0.07434581220149994,0.003308415412902832,0.09330666065216064,-3,-1,0,18,3,2,-0.0136986301369863
g8749.t1,A0A5N6WYD4,0.997,65.6,1,172,1.4744341612294183,23,56,93,15771.875,0.20759722590446472,0.13824602961540222,0.6541568040847778,0.49790364503860474,0.1562531292438507,164,21,6,144,4,22,10,12,0.2441860465116279,0.005932702217251062,0.029203053563833237,0.08307071775197983,0.0179047379642725,0.35924601554870605,0.0,0.014320316724479198,0.004091519396752119,0.023813478648662567,0.0,0.0256040021777153,0.0,0.08258930593729019,0.05049761012196541,0.07314082235097885,0.010493364185094833,0.07318239659070969,0.004807214718312025,0.003445143112912774,0.1386576145887375,1,165,1.4359013008484882,23,54,88,15014.97265625,0.2729196548461914,0.34708109498023987,0.37999922037124634,0.2385524958372116,0.14144673943519592,150,13,0,163,-1,11,7,4,0.24848484848484848,0.02437414787709713,0.0,0.07522165775299072,0.04950631409883499,0.04886622354388237,0.1768653690814972,0.03217940032482147,0.008380654267966747,0.05043378099799156,0.0,0.005801991559565067,0.0,0.0242179986089468,0.11410026997327805,0.07619643956422806,0.029453761875629425,0.066225066781044,0.011886785738170147,0.01660386472940445,0.18968626856803894,7,0.03853286038093007,0,2,5,756.90234375,-0.06532242894172668,-0.20883506536483765,0.2741575837135315,14,8,6,-19,5,8,-0.0042988019732205784
g9275.t1,A0A5N6XE60,0.9928,74.1,1,143,2.2094791523677535,33,41,69,20855.189453125,0.2159562110900879,0.23212751746177673,0.527164101600647,0.43795454502105713,0.08920956403017044,102,11,0,42,20,26,7,19,0.3706293706293706,0.014852344058454037,0.022429700940847397,0.060333285480737686,0.035008322447538376,0.22576434910297394,0.047784965485334396,0.0,0.000302369415294379,0.032685570418834686,0.0,0.0652707889676094,0.024752099066972733,0.056135017424821854,0.041669923812150955,0.07143107056617737,0.037645962089300156,0.028876278549432755,0.0,0.02286769077181816,0.2121901959180832,1,145,2.2624803965229736,32,41,72,21513.26953125,0.23593537509441376,0.21237441897392273,0.5470636487007141,0.43123334646224976,0.11583030968904495,98,9,1,46,20,27,9,18,0.35172413793103446,0.015137655660510063,0.02453506551682949,0.09704326838254929,0.0,0.27805790305137634,0.038252267986536026,0.010198595933616161,0.0,0.015716586261987686,0.0,0.07078000158071518,0.004626542795449495,0.07393475621938705,0.0417519174516201,0.07353213429450989,0.06703995913267136,0.018787041306495667,0.0,0.017430858686566353,0.153175488114357,-2,-0.05300124415522012,1,0,-3,-658.080078125,-0.019979164004325867,0.019753098487854004,-0.01989954710006714,4,2,-1,-4,0,1,0.01890523269833616
g16188.t1,A0A5N6WW77,0.992,94.7,1,304,2.5053124964118396,72,108,124,26965.6328125,0.1199176013469696,0.35164782404899597,0.520289957523346,0.3554421067237854,0.16484780609607697,281,35,0,8,0,31,18,13,0.24671052631578946,0.03535644710063934,0.0,0.13207577168941498,0.06848782300949097,0.1705731451511383,0.0786680057644844,,0.0026323883794248104,0.13777919113636017,,0.07953567802906036,0.008144630119204521,0.04880328103899956,0.0023930801544338465,0.0,0.017909536138176918,0.032772038131952286,0.0,0.0,0.1848689764738083,1,305,2.501961229551794,72,109,124,27228.337890625,0.11844795942306519,0.3756236433982849,0.498217910528183,0.33553144335746765,0.16268645226955414,274,32,0,8,0,31,20,11,0.26229508196721313,0.038952454924583435,0.0,0.12525127828121185,0.06986314803361893,0.16674350202083588,0.06791270524263382,,0.0022514916490763426,0.09725569188594818,,0.07700703293085098,0.007710549980401993,0.11988513171672821,0.00011849957081722096,0.0,0.020706964656710625,0.03743515536189079,0.00011849957081722096,0.0,0.16878795623779297,-1,0.0033512668600454987,0,-1,0,-262.705078125,0.001469641923904419,-0.02397581934928894,0.022072046995162964,7,3,0,0,0,2,-0.015584555651423665
g4256.t1,A0A5N6WQB4,0.9899,53.2,1,319,1.94901360017685,187,38,94,21934.888671875,0.20605206489562988,0.31150567531585693,0.48244231939315796,0.3150503635406494,0.16739197075366974,339,46,6,268,1,25,18,7,0.21316614420062696,0.05641569197177887,0.004412895999848843,0.10194198042154312,0.034166183322668076,0.2892073094844818,0.07266916334629059,0.030293498188257217,0.008304016664624214,0.017995158210396767,0.0001437429600628093,0.0073112305253744125,0.0,0.08220966905355453,0.061315782368183136,0.029908625409007072,0.09647579491138458,0.06544999778270721,0.008090309798717499,0.00784595962613821,0.02584303915500641,1,324,1.9437276483694692,187,38,99,21835.869140625,0.245919331908226,0.2543441951274872,0.48479992151260376,0.21654710173606873,0.26825278997421265,347,46,3,189,-6,21,25,-4,0.18518518518518517,0.09928134083747864,0.0,0.10820943862199783,0.018503209576010704,0.15521636605262756,0.08081530779600143,0.0,0.028786947950720787,0.031435661017894745,0.0,0.005467252805829048,0.01493652630597353,0.0703839659690857,0.04534320533275604,0.062164388597011566,0.04685267433524132,0.16004332900047302,0.004876198247075081,0.006353370379656553,0.06133076176047325,-5,0.005285951807380895,0,0,-5,99.01953125,-0.03986726701259613,0.05716148018836975,-0.0023576021194458008,-8,0,3,79,7,11,0.027980959015441786
g8222.t1,A0A5N6XJW1,0.9883,64.2,1,392,2.258954131961477,182,80,130,25874.578125,0.10449530929327011,0.18441170454025269,0.6857633590698242,0.35784879326820374,0.32791462540626526,361,59,7,339,-2,31,31,0,0.18622448979591838,0.007717152126133442,0.014329067431390285,0.1796286404132843,0.031096933409571648,0.2494867891073227,0.04289480671286583,0.0,0.01670973002910614,0.02897600829601288,0.0,0.027433883398771286,0.02532966062426567,0.053328439593315125,0.014091040939092636,0.005384807009249926,0.005996556021273136,0.14828595519065857,0.018829621374607086,0.022118965163826942,0.10836198180913925,1,388,2.247090050312051,176,77,135,26415.4375,0.1439177542924881,0.201590433716774,0.5989347100257874,0.2569068372249603,0.3420279026031494,362,63,1,215,-8,24,30,-6,0.19072164948453607,0.0032979485113173723,0.0004885849193669856,0.16068878769874573,0.04087645560503006,0.11124449223279953,0.06495046615600586,0.0,0.00684018898755312,0.039908330887556076,0.0,0.028582219034433365,0.05555707961320877,0.04289451986551285,0.018688375130295753,0.05231921374797821,0.006698166485875845,0.1813391000032425,0.03370121866464615,0.0062624928541481495,0.1456623077392578,4,0.011864081649425984,6,3,-5,-540.859375,-0.03942244499921799,-0.0171787291765213,0.08682864904403687,-1,-4,6,124,6,6,-0.004497159688617691
g89.t2,A0A5N6XGN7,0.988,63.6,1,544,3.149346655683506,273,93,178,41669.0,0.17832554876804352,0.1901097446680069,0.5864114761352539,0.34060660004615784,0.24580487608909607,492,81,5,72,-6,48,42,6,0.20036764705882354,0.01787790097296238,0.014768476597964764,0.1760992705821991,0.02571803145110607,0.16763150691986084,0.05725620687007904,0.0,0.04238196462392807,0.02429930865764618,0.0,0.017422374337911606,0.04515322670340538,0.03801187500357628,0.021371446549892426,0.04407702758908272,0.025965245440602303,0.06970558315515518,0.020426364615559578,0.01885908469557762,0.172975093126297,1,530,2.999089016565472,270,94,166,38100.9765625,0.2674625515937805,0.2384292334318161,0.47352707386016846,0.26498350501060486,0.20854352414608002,480,69,5,69,-9,37,36,1,0.19622641509433963,0.054874222725629807,0.043406251817941666,0.1610678881406784,0.06260503828525543,0.13760609924793243,0.055219247937202454,0.0,0.020839741453528404,0.01868247054517269,0.0,0.012279191054403782,0.02058105543255806,0.07889719307422638,0.024333028122782707,0.10588692128658295,0.017072565853595734,0.047475628554821014,0.005843202117830515,0.005952719133347273,0.12737742066383362,14,0.15025763911803391,3,-1,12,3568.0234375,-0.089137002825737,-0.048319488763809204,0.11288440227508545,12,12,0,3,3,5,0.004141231964483905
g1275.t1,A0A5N6XFX3,0.9871,69.1,1,349,2.1422740814549726,36,162,151,25549.08203125,0.2141849398612976,0.21629486978054047,0.5693963766098022,0.3353751301765442,0.23402121663093567,340,38,83,265,-2,31,22,9,0.18624641833810887,0.014990860596299171,0.011853810399770737,0.18323104083538055,0.04390062391757965,0.1498187929391861,0.07348886132240295,0.021780606359243393,0.0,0.0,0.00037022691685706377,0.031451109796762466,0.00012388653703965247,0.06028947979211807,0.023472318425774574,0.08827788382768631,0.009806891903281212,0.05079018697142601,0.02235836535692215,0.028438767418265343,0.1855563074350357,1,353,2.151836917864115,36,167,150,26235.83203125,0.203377366065979,0.2062501609325409,0.5902496576309204,0.3884577751159668,0.20179186761379242,339,32,54,245,-1,28,17,11,0.17280453257790368,0.007624911144375801,0.007993857376277447,0.1146339476108551,0.03152720630168915,0.07559317350387573,0.07419613003730774,0.025067394599318504,0.00934666395187378,0.0034435081761330366,0.000120178607176058,0.047054219990968704,0.00012298242654651403,0.049378879368305206,0.013894209638237953,0.08684267103672028,0.04537056386470795,0.08715791255235672,0.0055534509010612965,0.0022136836778372526,0.3128645420074463,-4,-0.009562836409142239,0,-5,1,-686.75,0.010807573795318604,0.010044708847999573,-0.020853281021118164,1,6,29,20,-1,-2,0.013441885760205191
g16188.t2,A0A5N6X7Z2,0.9871,56.5,1,76,1.1612962467528984,18,26,32,11969.802734375,0.09278129041194916,0.4334450662136078,0.47109857201576233,0.25387972593307495,0.21721884608268738,70,10,0,2,0,9,9,0,0.42105263157894735,0.019493307918310165,0.0,0.14957036077976227,0.0646112933754921,0.16026602685451508,0.10811285674571991,,0.004852029494941235,0.1964900642633438,,0.06439258903265,0.0026750671677291393,0.026923036202788353,0.0040433574467897415,0.0,0.037307821214199066,0.06764848530292511,0.0,0.0,0.09361370652914047,1,80,1.3171269708943025,18,26,36,13370.009765625,0.2687874138355255,0.20783375203609467,0.5231420993804932,0.2571792006492615,0.2659628689289093,66,8,0,3,-1,11,12,-1,0.4625,0.0007239814149215817,0.0,0.18234866857528687,0.09737835824489594,0.16201059520244598,0.001891164924018085,,0.0,0.06744828820228577,,0.23212866485118866,0.00023673784744460136,0.026450756937265396,0.014962282963097095,0.00456226896494627,0.014665180817246437,0.08361418545246124,0.01641024462878704,0.0,0.09516861289739609,-4,-0.1558307241414041,0,0,-4,-1400.20703125,-0.17600612342357635,0.22561131417751312,-0.052043527364730835,4,2,0,-1,1,1,-0.04144736842105268
g16485.t1,A0A5N6X7Y3,0.987,64.4,1,104,2.114236623803046,10,32,62,20260.8828125,0.15742559731006622,0.3080880045890808,0.4799848198890686,0.465045303106308,0.014939459972083569,46,4,6,3,26,25,1,24,0.4519230769230769,0.018313752487301826,0.011625251732766628,0.0,0.0,0.2910725176334381,0.04711869731545448,,0.0027072506491094828,0.02024967037141323,0.0012631082208827138,0.02420600689947605,0.054501622915267944,0.047146398574113846,0.010192002169787884,0.0003225702967029065,0.10214176774024963,0.014939459972083569,0.09005876630544662,0.09016833454370499,0.17397283017635345,1,106,2.1181185095645128,10,35,61,20747.07421875,0.15775246918201447,0.23312321305274963,0.5524435639381409,0.5097038149833679,0.04273974150419235,52,4,6,0,26,27,2,25,0.41509433962264153,0.02512657269835472,0.0,0.028302351012825966,0.021578019484877586,0.42688581347465515,0.032158054411411285,,0.08722147345542908,0.04309478774666786,0.0,0.01866217516362667,0.05668073892593384,0.0,0.008709016256034374,0.0006151875713840127,0.005287616513669491,0.014437391422688961,0.0174180306494236,0.13100473582744598,0.08281800150871277,-2,-0.0038818857614666413,0,-3,1,-486.19140625,-0.0003268718719482422,0.07496479153633118,-0.07245874404907227,-6,0,0,3,0,-1,0.0368287373004354
g6110.t1,A0A5N6XAT8,0.9865,66.6,1,156,2.0199289067783317,59,12,85,20548.259765625,0.20809006690979004,0.09770672023296356,0.647406816482544,0.5534389019012451,0.09396795183420181,114,24,0,78,20,25,8,17,0.28205128205128205,0.010520529933273792,0.032253630459308624,0.05094306915998459,0.018989024683833122,0.3188423812389374,0.011075207963585854,0.06353987008333206,0.0021482014562934637,0.009182010777294636,0.0,0.025212660431861877,0.046796299517154694,0.05045280233025551,0.010363508015871048,0.04897748678922653,0.001081260503269732,0.043024882674217224,0.015074193477630615,0.00692641269415617,0.23459652066230774,1,155,1.989054011828076,63,12,80,20350.12109375,0.14446918666362762,0.19175782799720764,0.6153159737586975,0.5092089772224426,0.10610702633857727,121,15,0,84,18,19,8,11,0.2903225806451613,0.0,0.030430583283305168,0.07747933268547058,0.0639418363571167,0.2394534796476364,0.023815883323550224,0.036429472267627716,0.0,0.028094690293073654,0.0,0.02949061430990696,0.04845702648162842,0.024840278550982475,0.00047565510612912476,0.047642845660448074,0.014564570970833302,0.028627688065171242,0.0,0.03650055080652237,0.2697555124759674,1,0.03087489495025575,-4,0,5,198.138671875,0.06362088024616241,-0.09405110776424408,0.032090842723846436,-7,9,0,-6,2,6,-0.008271298593879262
g10348.t1,A0A5N6WW12,0.9855,66.5,1,457,2.322175997576103,202,80,175,31105.2734375,0.2136250138282776,0.19624723494052887,0.5576193332672119,0.2898883521556854,0.2677309513092041,440,57,62,404,-17,28,33,-5,0.16630196936542668,0.031146368011832237,0.01140555739402771,0.20507319271564484,0.024873562157154083,0.22965434193611145,0.020630866289138794,0.008379648439586163,0.06541140377521515,0.015075655654072762,0.0,0.009128228761255741,0.03250839188694954,0.0805250033736229,0.04921020194888115,0.026599738746881485,0.02804596908390522,0.06265775859355927,0.012343854643404484,0.02709617279469967,0.06023404002189636,1,448,2.1928040922336263,203,82,163,28333.8515625,0.0988076850771904,0.24085421860218048,0.5953539609909058,0.32257822155952454,0.2727757394313812,421,53,50,393,-22,22,34,-12,0.15848214285714285,0.02318621426820755,0.0,0.21601265668869019,0.030663445591926575,0.1611548215150833,0.0370633490383625,0.0070481933653354645,0.002049768343567848,0.026663735508918762,0.0,0.018106287345290184,0.06498418003320694,0.0422513522207737,0.01661551371216774,0.005845758132636547,0.02686847746372223,0.05676308646798134,0.025955945253372192,0.07734385877847672,0.16142340004444122,9,0.1293719053424769,-1,-2,12,2771.421875,0.11481732875108719,-0.04460698366165161,-0.03773462772369385,19,4,12,11,5,7,0.007819826508283834
g1831.t2,A0A5N6X650,0.9851,74.8,1,464,2.340615807481516,228,83,153,32746.9609375,0.16194161772727966,0.3193812072277069,0.5047740340232849,0.2172977477312088,0.2874763011932373,430,54,37,380,-23,24,34,-10,0.17025862068965517,0.016053592786192894,0.005517659708857536,0.193879634141922,0.03688766062259674,0.11409833282232285,0.09749510884284973,0.006794797722250223,0.03400364890694618,0.022558551281690598,0.0014955726219341159,0.018819160759449005,0.01390314381569624,0.12444239854812622,0.021864594891667366,0.024183576926589012,0.03293941915035248,0.09359666705131531,0.034704580903053284,0.003562482539564371,0.10319939255714417,1,447,2.1204015291701417,222,84,141,25481.51171875,0.16514728963375092,0.2543345093727112,0.5639320611953735,0.2344740927219391,0.32945799827575684,436,48,8,433,-24,23,34,-11,0.14988814317673377,0.035085730254650116,0.0055714137852191925,0.18293118476867676,0.02896740660071373,0.11837037652730942,0.07481377571821213,0.00733932014554739,0.04548902437090874,0.015534218400716782,0.0012824119767174125,0.002405837643891573,0.016586139798164368,0.05394547060132027,0.015183215960860252,0.04675210267305374,0.06729387491941452,0.1465267688035965,0.007320644799619913,0.01249735802412033,0.11610370874404907,17,0.2202142783113743,6,-1,12,7265.44921875,-0.0032056719064712524,0.06504669785499573,-0.05915802717208862,-6,6,29,-53,1,1,0.020370477512921398
g12290.t2,A0A5N6XFM0,0.9848,46.9,1,173,2.2155522676809487,75,19,79,25286.88671875,0.38806575536727905,0.15232513844966888,0.44641661643981934,0.4092274308204651,0.037189193069934845,113,7,0,64,22,27,4,23,0.31213872832369943,0.013270151801407337,0.0965428501367569,0.0269327312707901,0.04558063670992851,0.16036896407604218,0.02902390994131565,0.0006379880360327661,0.0011483784765005112,0.0046425675973296165,0.0,0.07740229368209839,0.013192502781748772,0.022149011492729187,0.10844804346561432,0.09061604738235474,0.035009197890758514,0.01025646273046732,0.0,0.01591981016099453,0.24885843694210052,1,148,1.6532003313123935,73,20,55,17727.49609375,0.1191336140036583,0.2486160397529602,0.6058897376060486,0.3262215256690979,0.27966824173927307,126,11,0,81,3,19,10,9,0.30405405405405406,0.006370279937982559,0.000711433996912092,0.19836203753948212,0.02740851789712906,0.1468571573495865,0.07999474555253983,0.006734296679496765,0.0,0.059197086840867996,0.006820356473326683,0.02384304814040661,0.02636059746146202,0.023031866177916527,0.033125460147857666,0.039794716984033585,0.05216347798705101,0.08130622655153275,0.008554376661777496,0.0,0.1793643683195114,25,0.5623519363685552,2,-1,24,7559.390625,0.26893214136362076,-0.09629090130329132,-0.15947312116622925,-13,-4,0,-17,19,14,0.008084674269645375
g11214.t1,A0A5N6WQ49,0.9846,56.5,1,165,2.3906160910884964,48,35,82,27818.755859375,0.15487708151340485,0.372802734375,0.4588206112384796,0.35240688920021057,0.10641368478536606,117,16,0,28,25,26,6,20,0.4,0.05350746214389801,0.0,0.012580771930515766,0.06138839200139046,0.2111058533191681,0.17045968770980835,0.0,0.0,0.030185900628566742,,0.0,0.013499611988663673,0.028884615749120712,0.029894931241869926,0.055468834936618805,0.04633647948503494,0.09383290261030197,0.016005869954824448,0.03554763272404671,0.14130108058452606,1,134,1.7618538790434757,48,35,51,18678.15625,0.1140613779425621,0.26453322172164917,0.5735834240913391,0.4737914502620697,0.09979194402694702,104,13,0,5,17,24,10,14,0.34328358208955223,0.06366459280252457,0.0,0.09303970634937286,0.02218162640929222,0.29156360030174255,0.059795621782541275,0.0,0.0,0.03936690092086792,,0.02050144411623478,0.04782189056277275,0.03637436032295227,0.0,0.029895342886447906,0.09933997690677643,0.0067522418685257435,0.0,0.007474726065993309,0.18222787976264954,31,0.6287622120450207,0,0,31,9140.599609375,0.04081570357084274,0.10826951265335083,-0.1147628128528595,13,3,0,23,8,6,0.05671641791044779
g10564.t1,A0A5N6WKB2,0.9845,60.3,1,216,1.9539862031752204,89,52,75,21133.625,0.13286033272743225,0.1903979778289795,0.6272935271263123,0.5261198878288269,0.10117363929748535,162,13,2,94,19,31,10,21,0.24537037037037038,0.024045372381806374,0.0,0.06698759645223618,0.004274860490113497,0.43669259548187256,0.10983113944530487,0.0,0.0015267357230186462,0.0051804594695568085,0.00046387393376789987,0.007633678615093231,0.049448173493146896,0.033213190734386444,0.011297845281660557,0.06225648894906044,0.03187601640820503,0.034186046570539474,0.026100222021341324,0.0055584232322871685,0.08942732959985733,1,217,1.954268944869693,89,51,77,20703.8984375,0.1479937583208084,0.23512576520442963,0.5549902319908142,0.464901864528656,0.09008834511041641,189,11,0,25,16,27,10,17,0.24423963133640553,0.04003680869936943,0.0,0.05289774760603905,0.020879335701465607,0.33859196305274963,0.08906424045562744,0.0,0.0003116849111393094,0.007416484411805868,0.002683178288862109,0.009194704703986645,0.06189017742872238,0.0998987928032875,0.020719939842820168,0.0657307431101799,0.01084146462380886,0.03719060868024826,0.011999868787825108,0.00434227054938674,0.12630991637706757,-1,-0.0002827416944726213,0,1,-2,429.7265625,-0.01513342559337616,-0.044727787375450134,0.07230329513549805,-27,2,2,69,3,4,0.0011307390339648504
g5143.t2,A0A5N6WKG4,0.9819,61.4,1,187,2.2903760365856862,60,28,99,25756.947265625,0.17183227837085724,0.1470026671886444,0.6654812097549438,0.5460999608039856,0.11938126385211945,129,7,2,33,40,37,7,30,0.2994652406417112,0.0,0.008017214015126228,0.06231394410133362,0.026135126128792763,0.21363867819309235,0.00467207795009017,,0.007766676135361195,0.03022579848766327,0.0,0.059317514300346375,0.015683835372328758,0.03892762213945389,0.013779587112367153,0.07693836092948914,0.021468760445713997,0.05706731602549553,0.006012910511344671,0.025573289021849632,0.33246126770973206,1,184,2.2963148396987094,60,28,96,25650.861328125,0.22016087174415588,0.15823668241500854,0.5677106976509094,0.4302349388599396,0.13747578859329224,123,12,0,5,29,29,7,22,0.30434782608695654,0.02703847922384739,0.013081852346658707,0.03998318687081337,0.01597495563328266,0.14059975743293762,0.005551346577703953,,0.036446698009967804,0.020493842661380768,,0.04859929159283638,0.053891800343990326,0.06388862431049347,0.005911991465836763,0.07688121497631073,0.025013629347085953,0.09749261289834976,0.012201343663036823,0.027314288541674614,0.2896351218223572,3,-0.005938803113023194,0,0,3,106.0859375,-0.048328593373298645,-0.011234015226364136,0.09777051210403442,6,-5,2,28,11,8,-0.0048825854452453354
g8345.t1,A0A5N6WKY6,0.9814,72.0,1,100,2.8975981520966276,40,9,51,23015.90234375,0.2805209755897522,0.23268592357635498,0.46861183643341064,0.44915905594825745,0.019452810287475586,66,1,10,29,29,25,1,24,0.53,0.015420645475387573,0.0,0.019452810287475586,0.06155981868505478,0.2531505525112152,0.042623370885849,0.02476898953318596,0.009813138283789158,0.00294394139200449,0.0,0.11047805100679398,0.018181215971708298,0.055828757584095,0.031121665611863136,0.0824698731303215,0.005585134960711002,,0.006448633968830109,0.06414492428302765,0.19600850343704224,1,185,3.3923307114487673,21,9,155,38539.6484375,0.30294889211654663,0.2810210883617401,0.39049220085144043,0.3182373642921448,0.07225481420755386,76,4,6,61,19,22,12,10,0.4972972972972973,0.043341271579265594,0.06823194772005081,0.029621483758091927,0.05169194936752319,0.08490435779094696,0.10244812071323395,0.03149503469467163,0.030976463109254837,0.007361386902630329,0.011355681344866753,0.03926476463675499,0.025537801906466484,0.005248281639069319,0.04192854091525078,0.047710880637168884,0.07374801486730576,0.04263332858681679,0.0,0.029167668893933296,0.23333300650119781,-85,-0.49473255935213967,19,0,-104,-15523.74609375,-0.022427916526794434,-0.04833516478538513,0.07811963558197021,-10,-3,4,-32,10,14,0.0327027027027027
g6397.t1,A0A5N6WMU3,0.9809,61.4,1,173,5.488487289593995,97,12,64,35389.3203125,0.1429259479045868,0.3427773714065552,0.5122960209846497,0.5017601251602173,0.01053598988801241,127,6,6,13,39,40,3,37,0.5953757225433526,0.021373089402914047,0.0043762982822954655,0.006081275176256895,0.005283869802951813,0.27425476908683777,0.270498126745224,,0.010758399963378906,0.010975854471325874,0.0013364141341298819,0.011031919158995152,0.002000601962208748,0.006797023117542267,0.03714212402701378,0.04256238415837288,0.013619238510727882,0.0044547137804329395,0.015681734308600426,0.034266818314790726,0.22750526666641235,1,117,2.9434487989200915,39,14,64,23468.2109375,0.22087401151657104,0.20183199644088745,0.577293872833252,0.533064067363739,0.04422980546951294,75,11,6,5,23,25,6,19,0.49572649572649574,0.02103533037006855,0.021032195538282394,0.03361291438341141,0.02617429941892624,0.218987837433815,0.042580846697092056,,0.017048241570591927,0.034395329654216766,0.008095559664070606,0.02048538811504841,0.0,0.016752813011407852,0.06630805134773254,0.06616571545600891,0.023634593933820724,0.010616892017424107,0.008799092844128609,0.050198547542095184,0.3140762448310852,56,2.5450384906739036,58,-2,0,11921.109375,-0.07794806361198425,0.14094537496566772,-0.0649978518486023,52,-5,0,8,16,18,0.09964922681685684
g19604.t1,A0A5N6XAH6,0.9805,67.8,1,146,2.028281823110018,60,31,55,21651.3671875,0.2616809010505676,0.17190800607204437,0.5664110779762268,0.47278282046318054,0.09362825006246567,125,21,0,31,19,24,7,17,0.3424657534246575,0.04088226333260536,0.0002980454883072525,0.05134548991918564,0.01723228022456169,0.1811002492904663,0.019749173894524574,0.0,0.06899753212928772,0.004666802939027548,0.0,0.029573988169431686,,0.033588483929634094,0.04023614153265953,0.07419469952583313,0.017052212730050087,0.04228275269269943,0.0074982354417443275,0.07961904257535934,0.29168254137039185,1,143,1.9740970694271456,61,30,52,20226.837890625,0.2790682315826416,0.24580810964107513,0.4272416830062866,0.35843732953071594,0.06880433857440948,122,20,1,55,17,19,4,15,0.35664335664335667,0.033339276909828186,0.033654678612947464,0.04385456070303917,0.004466506186872721,0.1271105408668518,0.1303127110004425,,0.07656867057085037,0.00865285936743021,0.0,0.027987899258732796,0.04788197576999664,0.016145208850502968,0.016749396920204163,0.08123412728309631,0.028371397405862808,0.024949779734015465,0.009534217417240143,0.05785942077636719,0.23132677376270294,3,0.054184753682872566,-1,1,3,1424.529296875,-0.017387330532073975,-0.07390010356903076,0.13916939496994019,3,1,-1,-24,2,2,-0.014177603218699153
g17440.t1,A0A5N6WWR7,0.9805,55.1,1,545,3.0138208508090467,276,105,164,39272.46484375,0.20173035562038422,0.22920948266983032,0.533074676990509,0.300033301115036,0.23304136097431183,481,61,5,54,-1,42,31,11,0.1944954128440367,0.03197179362177849,0.020378410816192627,0.12480393797159195,0.045046404004096985,0.19683563709259033,0.042449772357940674,0.004765162710100412,0.00041078991489484906,0.023535743355751038,0.0,0.057384833693504333,0.03598550334572792,0.04281196743249893,0.019635755568742752,0.05633876100182533,0.031424615532159805,0.10823741555213928,0.010844852775335312,0.043940961360931396,0.10319766402244568,1,566,3.080633924721991,292,100,174,40151.92578125,0.19327056407928467,0.1857687383890152,0.5539044141769409,0.29585886001586914,0.2580455541610718,481,56,6,106,-7,41,42,-1,0.19081272084805653,0.02743469923734665,0.02475905790925026,0.11786103993654251,0.0277407243847847,0.15426771342754364,0.050370898097753525,,0.022982513532042503,0.031608667224645615,0.0,0.07024743407964706,0.06705624610185623,0.05698199197649956,0.017116347327828407,0.014291828498244286,0.01906646601855755,0.14018452167510986,0.016438670456409454,0.0,0.1415911465883255,-21,-0.06681307391294444,-16,5,-10,-879.4609375,0.008459791541099548,0.043440744280815125,-0.020829737186431885,0,5,-1,-52,6,12,0.003682691995980175
g126.t2,A0A5N6X7P0,0.9804,70.3,1,208,2.2003923981262967,51,59,98,24601.044921875,0.2603777050971985,0.06380213052034378,0.6378771066665649,0.5460005402565002,0.0918765738606453,157,21,9,86,27,32,10,22,0.2403846153846154,0.04886312782764435,0.03193898871541023,0.04443170130252838,0.0019673227798193693,0.2353934943675995,0.01762552373111248,0.0034100261982530355,0.00813160091638565,0.006946217734366655,0.006571150850504637,0.09591658413410187,0.0379430428147316,0.009407195262610912,0.020329002290964127,0.04553479328751564,0.0027034194208681583,0.047444865107536316,0.006253570783883333,0.01858130469918251,0.31060707569122314,1,221,2.2871062757113174,64,58,99,24666.3203125,0.2268623560667038,0.11069142073392868,0.6283512115478516,0.5203642845153809,0.10798696428537369,177,28,3,88,23,31,10,21,0.248868778280543,0.07920144498348236,0.027469221502542496,0.0761609897017479,0.0005113021470606327,0.20477494597434998,0.03380480781197548,0.0,0.01334239263087511,0.007556024938821793,0.010465872474014759,0.04225090891122818,0.03409501537680626,0.017067110165953636,0.004447464365512133,0.046285297721624374,0.01690361462533474,0.03182598948478699,0.013865623623132706,0.0243826936930418,0.3155893087387085,-13,-0.0867138775850207,-13,1,-1,-65.275390625,0.03351534903049469,-0.0468892902135849,0.009525895118713379,-20,-7,6,-2,4,1,-0.0084841628959276
g18228.t1,A0A5N6XEQ6,0.9802,55.5,1,109,1.311509278040779,40,2,67,13364.9365234375,0.1550847440958023,0.39457079768180847,0.450344443321228,0.3810012638568878,0.0693431869149208,86,7,1,85,6,12,6,6,0.3486238532110092,0.0,0.013278030790388584,0.058255188167095184,0.0,0.30437275767326355,0.09290176630020142,0.0,0.0014154886594042182,0.0468825027346611,0.0,0.0,0.0,0.1772020310163498,0.06470022350549698,0.07569100707769394,0.07758445292711258,0.01108799409121275,0.0,0.0,0.07662849873304367,1,139,1.9142456952266282,71,2,66,18606.1875,0.3325648903846741,0.20277822017669678,0.4646569490432739,0.3047775328159332,0.15987944602966309,118,11,1,84,5,17,11,6,0.38848920863309355,0.06163997948169708,0.007456739898771048,0.04499756544828415,0.047384027391672134,0.2539132535457611,0.07740982621908188,0.0,0.0612146258354187,0.031170228496193886,0.008078917860984802,0.07489049434661865,0.0,0.023609885945916176,0.02098291739821434,0.08817179501056671,0.014955881983041763,0.11488188803195953,0.018208317458629608,0.00016945898823905736,0.0508643202483654,-30,-0.6027364171858491,-31,0,1,-5241.2509765625,-0.17748014628887177,0.1917925775051117,-0.014312505722045898,-32,-4,0,1,1,0,-0.03986535542208436
g7743.t1,A0A5N6X3L6,0.9797,46.4,1,503,3.887454739699156,171,99,233,58581.94140625,0.16091705858707428,0.3280367851257324,0.5110461115837097,0.2706053555011749,0.24044078588485718,406,61,2,171,-5,55,51,4,0.32803180914512925,0.026732327416539192,0.008812397718429565,0.1643960028886795,0.1417854130268097,0.2395082712173462,0.09442248195409775,0.01740134507417679,0.0034148043487221003,0.013824592344462872,0.0,0.007604287937283516,0.0,0.059301432222127914,0.06591610610485077,0.02933969534933567,0.015885312110185623,0.07604479789733887,0.0016961010405793786,0.0028175690677016973,0.031097067520022392,1,128,1.4661782967681354,25,48,55,15421.640625,0.3524414598941803,0.2435925006866455,0.40103697776794434,0.2505459785461426,0.15049101412296295,107,15,0,115,1,12,4,8,0.3046875,0.02826339192688465,0.06155353784561157,0.10059517621994019,0.03890986368060112,0.09511458873748779,0.04917215555906296,0.02109561301767826,0.01644744910299778,0.055561963468790054,,0.0012505619088187814,0.002929107751697302,0.03753751888871193,0.08161500096321106,0.09786086529493332,0.04844624549150467,0.049895837903022766,0.04435505345463753,0.013964747078716755,0.1554313749074936,375,2.4212764429310205,146,51,178,43160.30078125,-0.19152440130710602,0.08444428443908691,0.11000913381576538,299,46,2,56,-6,-4,0.02334430914512925
g9582.t1,A0A5N6WJD8,0.9795,52.8,1,662,2.455538719520821,225,162,275,30119.490234375,0.21166224777698517,0.25988298654556274,0.48219841718673706,0.3267870843410492,0.15541133284568787,642,84,28,886,-3,28,24,4,0.13897280966767372,0.04066315293312073,0.015077739953994751,0.10934823006391525,0.07792972773313522,0.171965092420578,0.0967920646071434,0.007605865132063627,0.008881594054400921,0.016182510182261467,0.0,0.008884035982191563,0.04625634476542473,0.04229828715324402,0.09702692180871964,0.019952263683080673,0.023203903809189796,0.04606310650706291,0.013570665381848812,0.0034765054006129503,0.1548219472169876,1,670,2.4866874489684254,224,161,285,33110.0234375,0.17801669239997864,0.22657640278339386,0.5680463314056396,0.27599334716796875,0.2920529842376709,647,100,9,979,-16,31,36,-5,0.12686567164179105,0.006725913379341364,0.0,0.19360516965389252,0.030323263257741928,0.2266089916229248,0.07690951973199844,0.00523115461692214,0.00028568258858285844,0.041285838931798935,0.0,0.028036190196871758,0.02736060507595539,0.05442296341061592,0.03941522538661957,0.08190249651670456,0.01658989116549492,0.09844779968261719,0.016420042142271996,0.007044921163469553,0.04938438534736633,-8,-0.031148729447604495,1,1,-10,-2990.533203125,0.03364555537700653,0.033306583762168884,-0.08584791421890259,-5,-16,19,-93,13,9,0.012107138025882674
g2272.t1,A0A5N6WIS8,0.9782,61.1,1,146,1.7195007224562324,71,0,75,18389.125,0.19686245918273926,0.12252200394868851,0.6656394600868225,0.4387543201446533,0.2268851399421692,123,18,37,129,11,20,13,7,0.3013698630136986,0.014036757871508598,0.018247785046696663,0.21487900614738464,0.009705724194645882,0.2944490313529968,0.03373606503009796,0.0,0.050360314548015594,0.03509477898478508,0.0,0.011931244283914566,0.014976066537201405,0.037290532141923904,0.04281210899353027,0.0515785738825798,0.005666156765073538,0.01200614869594574,0.007895676419138908,0.0010287555633112788,0.1443052887916565,1,148,1.7444579776888631,73,0,75,18632.86328125,0.13748595118522644,0.23027893900871277,0.6265405416488647,0.35989049077033997,0.2666500210762024,108,5,36,146,5,19,11,8,0.30405405405405406,0.02692677080631256,0.016277441754937172,0.10881403088569641,0.0034553897567093372,0.2618629038333893,0.09250861406326294,0.0,0.039056167006492615,0.018300144001841545,0.0,0.006060749292373657,0.005694662686437368,0.08064408600330353,0.02735995315015316,0.021804865449666977,0.03384382277727127,0.15783601999282837,0.0,0.001526895328424871,0.0980275496840477,-2,-0.024957255232630704,-2,0,0,-243.73828125,0.05937650799751282,-0.10775693506002426,0.039098918437957764,15,13,1,-17,6,-1,-0.0026841910403554436
g16255.t1,A0A5N6XHF6,0.9775,52.3,1,133,2.144857704304464,28,12,93,20715.52734375,0.21841119229793549,0.08536121994256973,0.6962275505065918,0.5259143114089966,0.17031319439411163,87,9,1,78,27,28,6,22,0.38345864661654133,0.0034017523285001516,0.06764688342809677,0.14065423607826233,0.015525294467806816,0.32561030983924866,0.025581154972314835,0.0,0.02538806013762951,0.005437219515442848,0.010258521884679794,0.01012407336384058,0.0,0.008842556737363338,0.0048284041695296764,0.06060704216361046,0.005762934219092131,0.029658960178494453,0.04641497880220413,0.013953541405498981,0.20030401647090912,1,131,2.1428442727355375,25,14,92,20433.705078125,0.3126622140407562,0.07369537651538849,0.5914334058761597,0.5196284055709839,0.07180498540401459,73,5,0,22,24,26,6,20,0.3511450381679389,0.0975554808974266,0.05856766551733017,0.050342436879873276,0.018897976726293564,0.3724622130393982,0.004087464883923531,0.0,0.025896117091178894,0.002842256799340248,0.025803105905652046,0.042318038642406464,0.02220904640853405,0.004337208811193705,0.023663870990276337,0.0512392483651638,0.016184329986572266,0.021462544798851013,0.013421767391264439,0.001543031889013946,0.14716622233390808,2,0.002013431568926638,3,-2,1,281.822265625,-0.09425102174282074,0.011665843427181244,0.10479414463043213,14,4,1,56,3,2,0.03231360844860243
g17716.t1,A0A5N6WV76,0.9769,44.3,1,490,2.5769988170073503,158,83,249,33585.7890625,0.33615508675575256,0.25140219926834106,0.39498451352119446,0.270121693611145,0.12486279010772705,485,74,0,701,3,27,25,2,0.17551020408163265,0.015814118087291718,0.003650614060461521,0.06805063039064407,0.019473189488053322,0.09972955286502838,0.060495421290397644,0.013353561982512474,0.07326982170343399,0.029904361814260483,0.0,0.0720457062125206,0.01745818555355072,0.08887247741222382,0.0684879869222641,0.02933381125330925,0.040362417697906494,0.05681217089295387,0.06019948795437813,0.012294313870370388,0.17039214074611664,1,498,2.5870055958755236,171,83,244,33672.16015625,0.2574675381183624,0.3179217278957367,0.41277071833610535,0.22169794142246246,0.19107277691364288,464,63,0,363,-2,25,28,-3,0.18072289156626506,0.06315387785434723,0.0010496769100427628,0.11434105783700943,0.03204497694969177,0.17833064496517181,0.05074120685458183,0.0019663930870592594,0.011977797374129295,0.046145230531692505,0.00553167425096035,0.07759178429841995,0.011840061284601688,0.09399256110191345,0.04467914253473282,0.017526669427752495,0.06367547810077667,0.07673174142837524,0.039522211998701096,0.025790609419345856,0.043367303907871246,-8,-0.01000677886817325,-13,0,5,-86.37109375,0.07868754863739014,-0.06651952862739563,-0.01778620481491089,21,11,0,338,5,5,-0.005212687484632411
g9632.t1,A0A5N6WR25,0.9742,52.7,1,149,1.610963471187802,53,27,69,16667.53515625,0.21633310616016388,0.19649150967597961,0.5654603242874146,0.32735496759414673,0.2381054013967514,126,8,1,119,1,16,13,3,0.28187919463087246,0.05168657377362251,0.0,0.15081267058849335,0.0021294094622135162,0.19714440405368805,0.08182589709758759,0.0,0.0,0.0005697040469385684,0.0058816964738070965,0.04083270952105522,0.021715018898248672,0.03870841860771179,0.019551850855350494,0.09847215563058853,0.05803646892309189,0.08729271590709686,0.005789827089756727,0.009339910000562668,0.1302105337381363,1,147,1.5836964825324527,54,31,62,15832.8896484375,0.17257940769195557,0.20387056469917297,0.5840904712677002,0.3258087635040283,0.25828173756599426,127,14,3,172,-1,14,12,2,0.2789115646258503,0.015691643580794334,0.03777776658535004,0.11594873666763306,0.04655921459197998,0.15082485973834991,0.03371502831578255,0.00020378758199512959,0.028734048828482628,0.037749893963336945,0.0,0.018952246755361557,0.03945954889059067,0.027561722323298454,0.018743811175227165,0.04208292439579964,0.0582846961915493,0.1423330008983612,0.010393165983259678,0.0,0.1749839037656784,2,0.027266988655349378,-1,-4,7,834.6455078125,0.04375369846820831,-0.007379055023193359,-0.018630146980285645,-1,-6,-2,-53,2,1,0.0029676300050221482
g17716.t1,A0A5N6WXP8,0.973,51.7,1,490,2.5769988170073503,158,83,249,33585.7890625,0.33615508675575256,0.25140219926834106,0.39498451352119446,0.270121693611145,0.12486279010772705,485,74,0,701,3,27,25,2,0.17551020408163265,0.015814118087291718,0.003650614060461521,0.06805063039064407,0.019473189488053322,0.09972955286502838,0.060495421290397644,0.013353561982512474,0.07326982170343399,0.029904361814260483,0.0,0.0720457062125206,0.01745818555355072,0.08887247741222382,0.0684879869222641,0.02933381125330925,0.040362417697906494,0.05681217089295387,0.06019948795437813,0.012294313870370388,0.17039214074611664,1,501,2.6080399230234885,169,79,253,33868.484375,0.27432236075401306,0.2726229429244995,0.4344020187854767,0.2897700071334839,0.1446320116519928,477,62,1,625,0,30,28,2,0.18962075848303392,0.028237206861376762,0.0021911391522735357,0.07493988424539566,0.045987263321876526,0.15507273375988007,0.07248730957508087,0.003357935231178999,0.05803680419921875,0.014792199246585369,0.0048242188058793545,0.06408274173736572,0.018652694299817085,0.06447248160839081,0.0723634734749794,0.008628680370748043,0.041661836206912994,0.06969211250543594,0.037424396723508835,0.028397630900144577,0.13469727337360382,-11,-0.031041106016138187,-11,4,-4,-282.6953125,0.0618327260017395,-0.021220743656158447,-0.03941750526428223,8,12,-1,76,3,0,-0.01411055440140127
g19156.t1,A0A5N6X5Y9,0.9724,53.7,1,381,2.062407351011316,109,136,136,24245.626953125,0.1352640837430954,0.20558859407901764,0.6202356219291687,0.3969697058200836,0.22326594591140747,374,49,0,518,-7,24,20,4,0.18635170603674542,0.025189829990267754,0.0030607813969254494,0.12986132502555847,0.013041590340435505,0.30571624636650085,0.06985730677843094,0.0,0.00026615490787662566,0.016576619818806648,0.0,0.005722330417484045,0.03891170024871826,0.05866719037294388,0.06574025750160217,0.004888872150331736,0.028928134590387344,0.09340459108352661,0.030395852401852608,0.01851775124669075,0.09125346690416336,1,398,2.1172713633101847,122,131,145,24747.443359375,0.14790458977222443,0.22632929682731628,0.6017297506332397,0.33798134326934814,0.2637484073638916,393,41,2,353,-13,30,29,1,0.17336683417085427,0.005520095117390156,0.013689791783690453,0.1482909470796585,0.054298035800457,0.2189640998840332,0.02186688221991062,0.000651894835755229,0.03374437615275383,0.019265955314040184,0.0,0.022561097517609596,0.024036359041929245,0.07635871320962906,0.021358372643589973,0.02581503614783287,0.05453972890973091,0.11545747518539429,0.024563932791352272,0.0,0.11901718378067017,-17,-0.054864012298868836,-13,5,-9,-501.81640625,-0.012640506029129028,-0.020740702748298645,0.018505871295928955,-19,8,-2,165,6,3,0.012984871865891146
g9539.t1,A0A5N6WRN0,0.9721,69.4,1,202,1.8343617880113237,107,16,79,21400.287109375,0.2422642707824707,0.2093578577041626,0.5368098616600037,0.4707939624786377,0.06601585447788239,171,16,0,41,17,25,9,16,0.2376237623762376,0.04040667414665222,0.10553981363773346,0.027993427589535713,0.0010553982574492693,0.2071748822927475,0.049073342233896255,0.0,0.003316965652629733,0.037671223282814026,0.0,0.019716648384928703,0.011568048037588596,0.063624307513237,0.0,0.06891179084777832,0.05053596943616867,0.03802243620157242,0.004372363910079002,0.007397626992315054,0.263619065284729,1,214,1.9821706985658805,107,16,91,23129.9296875,0.27907419204711914,0.20172008872032166,0.5133628249168396,0.3507879376411438,0.1625748723745346,188,18,2,20,6,21,13,8,0.2383177570093458,0.06646531075239182,0.0919187068939209,0.09310401976108551,0.03248000517487526,0.11356356739997864,0.03250657767057419,0.0,0.00795130617916584,0.03622053563594818,0.0,0.013531168922781944,0.005842939950525761,0.052490588277578354,0.003068924881517887,0.06212703138589859,0.047613419592380524,0.0694708526134491,0.03401172533631325,0.00040894883568398654,0.23722438514232635,-12,-0.1478089105545568,0,0,-12,-1729.642578125,-0.03680992126464844,0.007637768983840942,0.023447036743164062,-17,-2,-2,21,11,8,-0.0006939946331081803
g993.t1,A0A5N6X072,0.9721,65.0,1,391,2.1962757915272944,128,99,164,25109.80859375,0.23503397405147552,0.2732967436313629,0.46269190311431885,0.3056989908218384,0.15699289739131927,393,57,23,373,-1,25,20,5,0.1867007672634271,0.034308817237615585,0.04612765461206436,0.06832105666399002,0.028887681663036346,0.24923601746559143,0.07246996462345123,0.0,0.02384405955672264,0.03359481319785118,0.0,0.01297824177891016,0.028977401554584503,0.09088678658008575,0.07299453765153885,0.04113921523094177,0.03782058134675026,0.08867184072732925,0.003641469171270728,0.00963690597563982,0.05646299198269844,1,390,2.185997643007134,130,100,160,24781.37109375,0.23068083822727203,0.3084567189216614,0.45224297046661377,0.19904017448425293,0.2532028257846832,391,56,3,307,-8,19,21,-2,0.19230769230769232,0.02417532354593277,0.016141891479492188,0.13619893789291382,0.035774629563093185,0.17169371247291565,0.13734038174152374,0.0,0.026450252160429955,0.022807465866208076,0.0,0.045063797384500504,0.008619481697678566,0.057056449353694916,0.023436084389686584,0.06398510932922363,0.05279998481273651,0.11700388044118881,0.031428370624780655,0.0026778108440339565,0.02734644152224064,1,0.01027814852016018,-2,-1,4,328.4375,0.004353135824203491,-0.03515997529029846,0.010448932647705078,2,1,20,66,7,7,-0.005606925044265215
g8749.t1,A0A5N6WY14,0.9721,57.2,1,172,1.4744341612294183,23,56,93,15771.875,0.20759722590446472,0.13824602961540222,0.6541568040847778,0.49790364503860474,0.1562531292438507,164,21,6,144,4,22,10,12,0.2441860465116279,0.005932702217251062,0.029203053563833237,0.08307071775197983,0.0179047379642725,0.35924601554870605,0.0,0.014320316724479198,0.004091519396752119,0.023813478648662567,0.0,0.0256040021777153,0.0,0.08258930593729019,0.05049761012196541,0.07314082235097885,0.010493364185094833,0.07318239659070969,0.004807214718312025,0.003445143112912774,0.1386576145887375,1,166,1.4503177617480727,27,52,87,15523.828125,0.20526514947414398,0.3474232852458954,0.4473115801811218,0.3247532844543457,0.1225583404302597,158,14,0,158,2,17,7,10,0.27710843373493976,0.02377355471253395,0.0010155310155823827,0.09184665232896805,0.08661653101444244,0.21727754175662994,0.058962248265743256,0.018082493916153908,0.0035333610139787197,0.05661172419786453,0.0,0.01706092059612274,0.0,0.0779423862695694,0.02326439693570137,0.10589426010847092,0.05205743759870529,0.030711684376001358,0.012640622444450855,0.015232965350151062,0.10747573524713516,6,0.024116399481345585,-4,4,6,248.046875,0.0023320764303207397,-0.20917725563049316,0.206845223903656,6,7,6,-14,2,2,-0.032922387223311866
g11518.t1,A0A5N6X7V7,0.9713,71.9,1,504,2.747106705455714,140,150,214,39000.6640625,0.17374926805496216,0.16099058091640472,0.6454048156738281,0.5154024362564087,0.13000236451625824,432,44,12,266,12,41,25,16,0.19246031746031747,0.03726432844996452,0.0004963832907378674,0.11050163954496384,0.03988640755414963,0.4113657474517822,0.032898642122745514,0.0,0.024240046739578247,0.03824875131249428,0.0005865145358256996,0.03680943697690964,0.019855313003063202,0.022455858066678047,0.03959749639034271,0.034762486815452576,0.02609654888510704,0.019500738009810448,0.0005791138391941786,0.0008178747957572341,0.10403674840927124,1,460,2.291470257120621,101,167,192,28463.86328125,0.10867564380168915,0.20136739313602448,0.6784476637840271,0.5290054678916931,0.14944221079349518,415,49,11,190,11,35,23,12,0.1565217391304348,0.01737597957253456,0.00011335588351357728,0.09155191481113434,0.059167761355638504,0.4432593584060669,0.042260657995939255,0.0,0.0026071849279105663,0.03941013291478157,0.0,0.0015585545916110277,0.011509288102388382,0.009974593296647072,0.014751414768397808,0.060877423733472824,0.050554241985082626,0.05789028853178024,0.011391733773052692,0.0,0.08574613183736801,44,0.45563644833509276,39,-17,22,10536.80078125,0.06507362425327301,-0.04037681221961975,-0.033042848110198975,17,-5,1,76,1,4,0.035938578329882676
g18246.t1,A0A5N6X774,0.9704,75.4,1,151,2.024442043339488,36,36,79,22806.216796875,0.25544631481170654,0.16739384829998016,0.5771598219871521,0.4468950033187866,0.13026483356952667,100,8,3,38,9,21,10,11,0.304635761589404,0.03732724487781525,0.019757898524403572,0.06955000758171082,0.07055679708719254,0.1916472464799881,0.03285219520330429,,0.0022636258509010077,0.008272933773696423,0.0,0.045976672321558,0.0,0.029125316068530083,0.06391150504350662,0.08620937913656235,0.0004244298324920237,0.060714833438396454,0.0,0.026162164285779,0.2552477717399597,1,150,2.0355417257170365,31,34,85,22938.970703125,0.2230253368616104,0.1315014809370041,0.6454731822013855,0.5099524259567261,0.13552077114582062,106,4,1,20,13,20,6,14,0.2733333333333333,0.027281206101179123,0.009167973883450031,0.03725244477391243,0.04505452513694763,0.16513793170452118,0.03292739763855934,,0.001969209872186184,0.007975809276103973,0.0,0.07985197007656097,0.0,0.0013798297150060534,0.02194262482225895,0.08028051257133484,0.02535192482173443,0.09826833009719849,0.002531840931624174,0.018811995163559914,0.3448144793510437,1,-0.011099682377548437,5,2,-6,-132.75390625,0.03242097795009613,0.035892367362976074,-0.0683133602142334,-6,4,2,18,-4,-3,0.03130242825607066
g18248.t1,A0A5N6XCZ5,0.9703,59.3,1,550,3.1460266816251785,266,93,191,43479.7578125,0.20037256181240082,0.1448494791984558,0.6263962984085083,0.3509387969970703,0.2754575312137604,480,70,10,97,-2,53,37,16,0.22181818181818183,0.02453554794192314,0.01981353759765625,0.21450333297252655,0.04576003551483154,0.24503719806671143,0.026840783655643463,0.0034135684836655855,0.0,0.02172616496682167,0.0,0.03567036613821983,0.02838156744837761,0.013418666087090969,0.03889322653412819,0.054390888661146164,0.03557591885328293,0.06095419451594353,0.023655438795685768,0.001527915126644075,0.10590158402919769,1,538,3.049611993589181,268,87,183,40553.875,0.1805351823568344,0.2726675271987915,0.5405497550964355,0.26993879675865173,0.2706109881401062,449,66,7,44,-6,40,33,7,0.1970260223048327,0.012713341042399406,0.015619290992617607,0.16253183782100677,0.026784677058458328,0.1568518877029419,0.11159641295671463,0.015505505725741386,0.0,0.037492092698812485,0.00031643398688174784,0.03276320919394493,0.006247570272535086,0.0691782683134079,0.021663937717676163,0.056699927896261215,0.02478630840778351,0.10807915031909943,0.025569980964064598,0.0025133327580988407,0.11308690905570984,12,0.09641468803599773,-2,6,8,2925.8828125,0.019837379455566406,-0.1278180480003357,0.08584654331207275,31,4,3,53,4,9,0.02479215951334912
g16767.t1,A0A5N6WXN9,0.9703,61.4,1,223,1.7528990516506096,70,48,105,20201.171875,0.22680078446865082,0.24234777688980103,0.4808831214904785,0.2900112271308899,0.1908719837665558,186,27,1,217,0,14,12,2,0.2242152466367713,0.032495640218257904,0.03322191163897514,0.15229490399360657,0.029805874451994896,0.1925048679113388,0.09267158061265945,0.0,0.006229108665138483,0.0036735767498612404,0.0,0.01565263420343399,0.04996822029352188,0.09935421496629715,0.034180235117673874,0.06911008059978485,0.016043899580836296,0.038577090948820114,0.03591117635369301,0.0007986036944203079,0.0975063145160675,1,215,1.7167366351093232,74,47,94,19897.16796875,0.34536468982696533,0.14872217178344727,0.5059131383895874,0.22395329177379608,0.28195980191230774,175,20,3,206,0,13,16,-3,0.24651162790697675,0.046215906739234924,0.017675558105111122,0.20077815651893616,0.02109101600944996,0.19264522194862366,0.02350112609565258,0.004378349054604769,0.0012972886906936765,0.024731989949941635,0.0,0.08331751823425293,0.0,0.06278418749570847,0.054323960095644,0.10487813502550125,0.014833789318799973,0.08118165284395218,0.033277954906225204,0.0017800749046728015,0.03130805119872093,8,0.03616241654128638,-4,1,11,304.00390625,-0.11856390535831451,0.09362560510635376,-0.025030016899108887,11,7,-2,11,0,5,-0.022296381270205445
g7398.t1,A0A5N6XDH0,0.9703,69.4,1,119,1.4226617985513614,36,26,57,14764.744140625,0.1353181153535843,0.14495691657066345,0.6032256484031677,0.3185387849807739,0.2846868336200714,98,16,0,63,4,14,12,2,0.33613445378151263,0.026758991181850433,0.0,0.2107286900281906,0.005244730971753597,0.2265097051858902,0.0338364876806736,,0.0002185304620070383,0.011497417464852333,,0.009178278967738152,0.1164993867278099,0.03558206558227539,0.06572715938091278,0.027097776532173157,0.023004114627838135,0.0739581435918808,0.006337383296340704,0.03579210117459297,0.09202907979488373,1,118,1.4142127309715085,38,26,54,14566.1240234375,0.16300068795681,0.14777934551239014,0.6872643232345581,0.3214907944202423,0.36577343940734863,107,17,0,63,0,14,16,-2,0.3474576271186441,0.05382700264453888,0.0,0.23693278431892395,0.020101189613342285,0.23720698058605194,0.06274738907814026,,0.001993592595681548,0.012136920355260372,0.0,0.043027155101299286,0.001955680549144745,0.021728945896029472,0.049784258008003235,0.0015210849232971668,0.011905309744179249,0.12884065508842468,0.0128475958481431,0.019159598276019096,0.08428382128477097,1,0.008449067579852976,-2,0,3,198.6201171875,-0.027682572603225708,-0.0028224289417266846,-0.08403867483139038,-9,-1,0,0,4,4,-0.011323173337131454
g14037.t1,A0A5N6X788,0.9699,48.4,1,192,1.8702556126109449,89,44,59,21508.3984375,0.18113695085048676,0.2142724245786667,0.5797368884086609,0.4978347718715668,0.08190210163593292,148,25,0,27,19,28,8,20,0.2552083333333333,0.0013501198263838887,0.0,0.04575077444314957,0.020670589059591293,0.34342631697654724,0.03135496750473976,,0.02129163034260273,0.07225237786769867,0.0,0.0,0.02485371194779873,0.011755354702472687,0.016801491379737854,0.06273633986711502,0.06426101922988892,0.036151330918073654,0.07895737141370773,0.01397812832146883,0.15440848469734192,1,201,1.9395893179095247,93,47,61,22964.83984375,0.20195144414901733,0.28081458806991577,0.48613879084587097,0.30065983533859253,0.18547892570495605,153,28,0,24,13,25,10,15,0.2537313432835821,0.026573164388537407,0.002062646672129631,0.11004474014043808,0.005156836472451687,0.1587391346693039,0.11315669119358063,,0.06964662671089172,0.0180197786539793,,0.018264923244714737,0.03109525516629219,0.1129530593752861,0.01067795418202877,0.05151214823126793,0.03152820095419884,0.07543417066335678,0.02321399189531803,0.0,0.14192071557044983,-9,-0.06933370529857985,-4,-3,-2,-1456.44140625,-0.02081449329853058,-0.06654216349124908,0.09359809756278992,-5,-3,0,3,6,5,0.0014769900497512145
g16757.t1,A0A5N6X5N8,0.9668,67.4,1,197,2.4973801951512273,97,10,90,28808.484375,0.15957318246364594,0.19550150632858276,0.6088588833808899,0.4035293757915497,0.2053295075893402,152,15,0,39,19,30,17,13,0.3299492385786802,0.0024639968760311604,0.004367995075881481,0.15148918330669403,0.02678734064102173,0.2507661283016205,0.015460323542356491,0.0,0.024466685950756073,0.011800489388406277,,0.05225507169961929,0.0360664464533329,0.008345458656549454,0.029567964375019073,0.0389733612537384,0.08555056154727936,0.053840335458517075,0.007478105835616589,0.04755733162164688,0.15276320278644562,1,193,2.3600623057098478,101,10,82,26986.76171875,0.2422744184732437,0.12188072502613068,0.6254122853279114,0.3866480588912964,0.238764226436615,157,19,0,21,14,26,17,9,0.3316062176165803,0.036941416561603546,0.0,0.13333819806575775,0.02181374840438366,0.19727635383605957,0.012052042409777641,0.0,0.051984209567308426,0.019827185198664665,0.0,0.02942509390413761,0.010432636365294456,0.012532493099570274,0.04077007248997688,0.07478442043066025,0.027014434337615967,0.10542601346969604,0.008369223214685917,0.02864081785082817,0.189371719956398,4,0.13731788944137957,-4,0,8,1821.72265625,-0.08270123600959778,0.07362078130245209,-0.016553401947021484,-5,-4,0,18,5,4,-0.0016569790379001303
g10910.t1,A0A5N6WZU6,0.9662,59.7,1,353,2.0973131337787545,97,98,158,24941.53515625,0.21020451188087463,0.0971151813864708,0.6702383756637573,0.4509773850440979,0.21926099061965942,322,27,18,158,-4,27,24,3,0.19830028328611898,0.0049040489830076694,0.018628470599651337,0.11187265068292618,0.02361469529569149,0.2835428714752197,0.011291055008769035,0.0,0.0023256095591932535,0.007179520092904568,0.0,0.031441036611795425,0.022441957145929337,0.038695402443408966,0.050486691296100616,0.05360740050673485,0.002401886275038123,0.10738832503557205,0.048811253160238266,0.0139326062053442,0.1674344837665558,1,338,2.02776627195673,108,100,130,22680.55078125,0.206307515501976,0.1954396367073059,0.5772535800933838,0.2687986195087433,0.3084549307823181,329,34,3,125,-1,22,24,-2,0.20710059171597633,0.03274497017264366,0.024753326550126076,0.22024904191493988,0.024409975856542587,0.16969823837280273,0.08160188049077988,0.038410332053899765,0.0,0.022133903577923775,0.0,0.034707870334386826,0.020999321714043617,0.03393535688519478,0.02431681379675865,0.024629224091768265,0.019841425120830536,0.08820588886737823,0.02674497291445732,0.013517099432647228,0.09910037368535995,15,0.0695468618220243,-11,-2,28,2260.984375,0.0038969963788986206,-0.09832445532083511,0.09298479557037354,-7,-7,15,33,-3,5,-0.00880030842985735
g5966.t1,A0A5N6WXL4,0.9643,66.8,1,250,2.0607518638818925,206,0,44,24794.93359375,0.11648157984018326,0.26064392924308777,0.6228744387626648,0.26398032903671265,0.35889410972595215,269,45,0,271,-12,18,25,-7,0.236,0.03115091845393181,0.013143054209649563,0.23743614554405212,0.06675466895103455,0.22220511734485626,0.09013631194829941,0.0,0.00026025850092992187,0.00814177468419075,0.0,0.0051784696988761425,0.0,0.05532991141080856,0.010469267144799232,0.05614948272705078,0.013505926355719566,0.12145798653364182,0.00013012925046496093,0.026775330305099487,0.04177522659301758,1,272,2.892736583902978,203,0,69,35062.7265625,0.1734895408153534,0.20984157919883728,0.5997217297554016,0.22672414779663086,0.3729976415634155,272,42,1,247,-18,21,33,-12,0.2977941176470588,0.03193138539791107,0.01699862629175186,0.304863840341568,0.028068555518984795,0.1730087250471115,0.05597938597202301,0.0,0.009846366010606289,0.013211730867624283,0.0,0.008189967833459377,0.01694709248840809,0.020475072786211967,0.05549295246601105,0.050110019743442535,0.08257069438695908,0.06813376396894455,0.000920221209526062,0.009536156430840492,0.05371542274951935,-22,-0.8319847200210857,3,0,-25,-10267.79296875,-0.057007960975170135,0.05080235004425049,0.023152709007263184,-3,3,-1,24,6,5,-0.06179411764705883
g10982.t1,A0A5N6WTV1,0.9638,51.4,1,271,2.34154070971633,115,92,64,27625.74609375,0.20187003910541534,0.2526140511035919,0.5339963436126709,0.33857014775276184,0.19542621076107025,257,32,3,146,-8,23,20,3,0.25092250922509224,0.0330449678003788,0.006540514063090086,0.12041474878787994,0.02322850562632084,0.23240059614181519,0.08374878019094467,0.0,0.005138975568115711,0.01614394411444664,0.0,0.07216023653745651,0.01151957269757986,0.10365559905767441,0.04015614464879036,0.0345672182738781,0.013362182304263115,0.07501146197319031,0.010261975228786469,0.012475020252168179,0.10616955906152725,1,266,2.3038617285023935,117,91,58,26824.6015625,0.2681434452533722,0.05654246732592583,0.6451788544654846,0.32175514101982117,0.32342374324798584,261,37,1,189,-14,23,26,-3,0.24436090225563908,0.050819043070077896,0.014267070218920708,0.18973283469676971,0.007599397096782923,0.17781543731689453,0.011316214688122272,0.0,0.0,0.0008419817313551903,0.0,0.05577844753861427,0.03013528697192669,0.00318588363006711,0.037593014538288116,0.1008150726556778,0.032070960849523544,0.13369092345237732,0.008870784193277359,0.001528030727058649,0.14393968880176544,5,0.037678981213936424,-2,1,6,801.14453125,-0.06627340614795685,0.1960715837776661,-0.11118251085281372,-4,-5,2,-43,6,6,0.006561606969453154
g15457.t1,A0A5N6WMK7,0.9638,46.3,1,113,1.4592481058269784,12,59,42,15725.140625,0.2946751117706299,0.23829509317874908,0.45361554622650146,0.31156373023986816,0.1420518457889557,84,12,10,55,6,13,8,5,0.2831858407079646,0.011476267129182816,0.04558761417865753,0.12721438705921173,0.0065658860839903355,0.1142096146941185,0.12827986478805542,0.05836592987179756,0.03652273863554001,0.013720009475946426,0.0012030362850055099,0.0,0.013414262793958187,0.025867611169815063,0.030572406947612762,0.09496618062257767,0.046710483729839325,0.014837447553873062,0.017183994874358177,0.015948213636875153,0.19735410809516907,1,110,1.41372100729126,12,56,42,14753.671875,0.16163109242916107,0.4551466703414917,0.38235992193222046,0.25867682695388794,0.12368309497833252,90,10,15,71,2,13,8,5,0.32727272727272727,0.0008548342157155275,0.009676715359091759,0.10675523430109024,0.11554203182458878,0.11469436436891556,0.07933184504508972,0.0,0.0,0.014417198486626148,0.020955368876457214,0.03323656693100929,0.000862301210872829,0.10525351017713547,,0.09276863932609558,0.04218241944909096,0.016927849501371384,0.025094330310821533,0.077464260160923,0.14398248493671417,3,0.04552709853571835,0,3,0,971.46875,0.1330440193414688,-0.21685157716274261,0.071255624294281,-6,2,-5,-16,4,0,-0.04408688656476267
g11863.t1,A0A5N6XJI7,0.9633,50.5,1,496,2.5830976233896292,203,85,208,33827.1171875,0.3025849461555481,0.24902601540088654,0.41083383560180664,0.21288159489631653,0.19795222580432892,431,59,6,400,-10,26,26,0,0.1935483870967742,0.010492176748812199,0.009156809188425541,0.08783968538045883,0.04282873496413231,0.12929268181324005,0.07619676738977432,0.03778368607163429,0.04060506820678711,0.006485773250460625,0.006955370772629976,0.08288602530956268,0.03755522891879082,0.08306139707565308,0.06177366524934769,0.05773934721946716,0.032639503479003906,0.11011254042387009,0.002148152096197009,0.000858450832311064,0.08358890563249588,1,791,3.0609027830827986,368,141,282,37898.953125,0.16919632256031036,0.276585191488266,0.5255071520805359,0.2925681173801422,0.23293906450271606,802,106,0,277,-19,41,41,0,0.14664981036662453,0.03467457741498947,0.004254833795130253,0.16919071972370148,0.06729232519865036,0.16243037581443787,0.05920076370239258,0.0007516483892686665,0.028263043612241745,0.0060676452703773975,0.0,0.03897017240524292,0.028711356222629547,0.04727879539132118,0.05530092492699623,0.00017027099966071546,0.08386354893445969,0.06374836713075638,0.006810839753597975,0.01288210041821003,0.13013774156570435,-295,-0.4778051596931694,-165,-56,-74,-4071.8359375,0.13338862359523773,-0.027559176087379456,-0.11467331647872925,-371,-47,6,123,9,0,0.04689857673014966
g14011.t1,A0A5N6XF34,0.9623,40.1,1,141,1.4855288482726174,50,44,47,15874.400390625,0.16649675369262695,0.39219245314598083,0.4413107633590698,0.2708379030227661,0.1704728752374649,135,20,1,233,1,11,10,1,0.2907801418439716,0.021743616089224815,0.0351584292948246,0.06475038081407547,0.09851173311471939,0.20225173234939575,0.03882328420877457,0.0,0.0,0.012800412252545357,0.0,0.017581211403012276,,0.07668882608413696,0.018496178090572357,0.07331406325101852,0.1643611639738083,0.10572250932455063,0.0002032546908594668,0.0010070056887343526,0.06858616322278976,1,141,1.5193369084289732,53,44,44,16718.3359375,0.21080397069454193,0.07292197644710541,0.6290139555931091,0.26797249913215637,0.36104142665863037,140,24,3,185,-4,14,18,-4,0.2765957446808511,0.03727812319993973,0.03416002169251442,0.18071310222148895,0.011956856586039066,0.09719830006361008,0.04239046201109886,0.0,0.00038598894025199115,0.00378948962315917,0.0,0.033378638327121735,0.08726019412279129,,0.0,0.08707371354103088,0.011956252157688141,0.18032832443714142,0.018527468666434288,0.002828917233273387,0.1707741916179657,0,-0.033808060156355735,-3,0,3,-843.935546875,-0.04430721700191498,0.3192704766988754,-0.1877031922340393,-5,-4,-2,48,5,5,0.014184397163120532
g7743.t1,A0A5N6XDX5,0.9608,43.4,1,503,3.887454739699156,171,99,233,58581.94140625,0.16091705858707428,0.3280367851257324,0.5110461115837097,0.2706053555011749,0.24044078588485718,406,61,2,171,-5,55,51,4,0.32803180914512925,0.026732327416539192,0.008812397718429565,0.1643960028886795,0.1417854130268097,0.2395082712173462,0.09442248195409775,0.01740134507417679,0.0034148043487221003,0.013824592344462872,0.0,0.007604287937283516,0.0,0.059301432222127914,0.06591610610485077,0.02933969534933567,0.015885312110185623,0.07604479789733887,0.0016961010405793786,0.0028175690677016973,0.031097067520022392,1,125,1.4316488076610974,18,51,56,14414.2548828125,0.27182918787002563,0.29603826999664307,0.41815802454948425,0.3124246299266815,0.1057334616780281,107,15,0,65,-1,13,6,7,0.328,0.05401577800512314,0.01663961261510849,0.04446052014827728,0.03382527828216553,0.20799025893211365,0.05326766520738602,0.0,0.011639893986284733,0.09718936681747437,,0.04389315843582153,0.013974475674331188,0.01493193581700325,0.09842506796121597,0.04282043129205704,0.07220258563756943,0.06127294525504112,0.004395229276269674,0.024621451273560524,0.10443432629108429,378,2.455805932038059,153,48,177,44167.6865234375,-0.11091212928295135,0.031998515129089355,0.09288808703422546,299,46,2,106,-4,-3,3.1809145129235716e-05
g18969.t1,A0A5N6XEF8,0.9607,42.0,1,126,1.32123851641507,45,42,39,13880.615234375,0.08982028067111969,0.44470158219337463,0.4520623981952667,0.2767864465713501,0.17527595162391663,121,10,6,78,1,11,7,4,0.29365079365079366,0.0,0.01324433833360672,0.09821902215480804,0.05615673214197159,0.23502080142498016,0.22217537462711334,0.006437892094254494,0.0,0.0483526736497879,0.0,0.007527756970375776,0.013415781781077385,0.03094257041811943,0.009530441835522652,0.04371898993849754,0.06901275366544724,0.07705695182085037,0.00936085730791092,0.01806146278977394,0.04176563024520874,1,126,1.31059205058911,45,42,39,13474.7509765625,0.2450481504201889,0.5374343991279602,0.20272156596183777,0.09864342212677002,0.10407812893390656,119,9,0,103,-3,6,6,0,0.3333333333333333,0.023182351142168045,0.0014367076801136136,0.07800673693418503,0.07092296332120895,0.0946410521864891,0.2191973328590393,0.00873861275613308,0.020592808723449707,0.04730066657066345,,0.00023945127031765878,0.014795889146625996,0.03849359229207039,0.07444750517606735,0.07844790071249008,0.15149569511413574,0.026071391999721527,0.037962816655635834,0.010024198330938816,0.0040023671463131905,0,0.010646465825959961,0,0,0,405.8642578125,-0.1552278697490692,-0.09273281693458557,0.24934083223342896,2,1,6,-25,4,4,-0.03968253968253965
g10690.t1,A0A5N6WMA3,0.9578,41.9,1,187,2.1213994932845908,39,81,67,21746.30859375,0.17932699620723724,0.06933891773223877,0.7138857245445251,0.606195330619812,0.10769044607877731,137,20,1,45,20,32,7,25,0.2620320855614973,0.007576662115752697,0.019585121423006058,0.06209946796298027,0.002626724075525999,0.3343316614627838,0.04336528480052948,0.029343824833631516,0.0016320934519171715,0.011864127591252327,0.0,0.014085204340517521,0.03744833916425705,0.007858047261834145,0.036586564034223557,0.05657052993774414,0.0036247367970645428,0.04559096321463585,0.01394698116928339,0.0,0.2718636393547058,1,412,3.5047589679233395,114,109,189,52139.9140625,0.24025443196296692,0.20785239338874817,0.498269647359848,0.3777170479297638,0.12055261433124542,300,42,1,52,13,44,21,23,0.2936893203883495,0.016967909410595894,0.011425681412220001,0.09147120267152786,0.025951765477657318,0.1193256676197052,0.05932828411459923,0.0,0.031475599855184555,0.005936289671808481,0.0,0.0524565763771534,0.0536235086619854,0.06641220301389694,0.05804964900016785,0.04335542023181915,0.03445107489824295,0.02908140793442726,0.026523590087890625,0.015772780403494835,0.2583913803100586,-225,-1.3833594746387488,-75,-28,-122,-30393.60546875,-0.060927435755729675,-0.1385134756565094,0.21561607718467712,-163,-22,0,-7,7,2,-0.031657234826852176
g14424.t1,A0A5N6XEA4,0.9557,64.4,1,128,2.1174080204807844,38,46,44,22751.9140625,0.2065204381942749,0.17737969756126404,0.5962307453155518,0.47851720452308655,0.1177135780453682,100,24,0,9,9,22,9,13,0.3515625,0.027695370838046074,0.017285175621509552,0.09511515498161316,0.008367042057216167,0.2949829399585724,0.1194334402680397,0.0,0.02704126201570034,0.017868155613541603,0.0,0.035028126090765,0.019869090989232063,0.0065461499616503716,0.019712185487151146,0.07819835841655731,0.025164904072880745,0.022598421201109886,0.0015599570469930768,,0.18353426456451416,1,115,1.8699969675250767,36,45,34,17763.875,0.15833279490470886,0.236933633685112,0.5865679383277893,0.46702736616134644,0.11954059451818466,98,19,1,0,5,16,7,9,0.3739130434782609,0.006819319911301136,0.0063489521853625774,0.09007655084133148,0.03350314125418663,0.33543631434440613,0.010145453736186028,0.0,0.031331803649663925,0.019656745716929436,0.0,0.03285941854119301,0.018165545538067818,0.04359139874577522,0.037961769849061966,0.029025627300143242,0.1041257232427597,0.029464049264788628,0.013985916040837765,0.025911159813404083,0.1315910518169403,13,0.24741105295570764,2,1,10,4988.0390625,0.04818764328956604,-0.05955393612384796,0.009662806987762451,2,5,-1,9,4,4,-0.022350543478260876
g19068.t1,A0A5N6WUV4,0.9545,35.9,1,410,2.6524342760848127,125,95,190,37802.76953125,0.10011668503284454,0.22126884758472443,0.657682478427887,0.5212277173995972,0.1364547610282898,316,43,31,562,14,45,24,21,0.2,0.0011949295876547694,0.0030726760160177946,0.10989656299352646,0.051786258816719055,0.4268331527709961,0.03646710142493248,0.01638760417699814,0.0008535211090929806,0.014082832261919975,0.0,0.012688277289271355,0.020931970328092575,0.10194255411624908,0.004091063514351845,0.050562139600515366,0.006279084365814924,0.026558199897408485,0.011266478337347507,0.010711021721363068,0.09439456462860107,1,290,2.4524630777693175,88,64,138,31381.67578125,0.21948237717151642,0.1462034434080124,0.6134893894195557,0.3542346656322479,0.25925472378730774,202,19,7,462,-1,21,25,-4,0.25517241379310346,0.021794702857732773,0.0015422437572851777,0.0703214779496193,0.032802749425172806,0.22480647265911102,0.05994270369410515,0.03579958528280258,0.0030844875145703554,0.0049934592097997665,0.0,0.01860973984003067,0.020824773237109184,0.025806063786149025,0.05979686602950096,0.06499095261096954,0.02265845611691475,0.18893322348594666,0.013863785192370415,0.0,0.1294281780719757,120,0.19997119831549526,37,31,52,6421.09375,-0.11936569213867188,0.07506540417671204,0.0441930890083313,114,24,24,100,15,25,-0.05517241379310345
g836.t1,A0A5N6XFQ3,0.9525,50.9,1,438,2.5190672629591004,174,77,187,30274.5,0.16245809197425842,0.3455755412578583,0.4752095937728882,0.24195976555347443,0.23324981331825256,386,38,15,240,-7,23,27,-4,0.18493150684931506,0.013215471059083939,0.012149705551564693,0.14780586957931519,0.04964691027998924,0.18563425540924072,0.06344995647668839,0.012507101520895958,0.008172363042831421,0.006444052793085575,0.001822694088332355,0.01065487414598465,0.016756786033511162,0.10656026005744934,0.04155506566166878,0.037489280104637146,0.08220678567886353,0.08544393628835678,0.026714222505688667,0.03544485941529274,0.056325528770685196,1,419,2.5095302053356403,175,75,169,29754.12109375,0.1934153288602829,0.19276008009910583,0.5508126020431519,0.22351130843162537,0.32730135321617126,371,33,13,197,-11,23,32,-9,0.1957040572792363,0.026989277452230453,0.014370642602443695,0.2184915989637375,0.026247160509228706,0.14640235900878906,0.08264141529798508,0.000323258776916191,0.02743539772927761,0.01292753778398037,0.002179892733693123,0.020704684779047966,0.06301195174455643,0.018640168011188507,0.03594532236456871,0.05030157417058945,0.022569062188267708,0.10880973935127258,0.017345167696475983,0.027554841712117195,0.07710893452167511,19,0.009537057623460132,-1,2,18,520.37890625,-0.030957236886024475,0.15281546115875244,-0.07560300827026367,15,5,2,43,4,5,-0.01077255042992123
g13230.t1,A0A5N6X636,0.9523,63.0,1,665,3.177007303403427,254,171,240,46123.33984375,0.17832255363464355,0.23652715981006622,0.5555390119552612,0.29561930894851685,0.2599197030067444,600,88,0,273,-16,46,50,-4,0.18345864661654135,0.02461928315460682,0.014130856841802597,0.20582608878612518,0.03107178583741188,0.21221081912517548,0.04456355422735214,0.01985517330467701,0.011122804135084152,0.05092325806617737,0.0,0.022174056619405746,0.029611261561512947,0.05504898354411125,0.03527291864156723,0.03142022341489792,0.02757701836526394,0.0540936179459095,0.019727235659956932,0.027342576533555984,0.08340846747159958,1,672,3.524387419395074,265,171,236,54332.8515625,0.2668743431568146,0.22094616293907166,0.4917663633823395,0.23718762397766113,0.25457873940467834,611,72,0,279,-30,45,52,-7,0.22470238095238096,0.03049265407025814,0.007007407955825329,0.1629260778427124,0.032012712210416794,0.16748599708080292,0.022164950147271156,0.018144648522138596,0.0496712401509285,0.03880719095468521,0.0,0.06064954400062561,0.020413199439644814,0.07788509130477905,0.04204561188817024,0.04360133782029152,0.028984883800148964,0.09165269136428833,0.015261897817254066,0.021091321483254433,0.06970161199569702,-7,-0.3473801159916472,-11,0,4,-8209.51171875,-0.08855178952217102,0.015580996870994568,0.06377264857292175,-11,16,0,-6,14,3,-0.04124373433583961
g8504.t2,A0A5N6X8G6,0.9476,68.9,1,698,4.143144801139897,290,111,297,55399.51953125,0.1499190330505371,0.20841966569423676,0.6033775210380554,0.3727097809314728,0.23066772520542145,603,70,0,205,-1,56,50,6,0.19627507163323782,0.020565493032336235,0.038364432752132416,0.20337557792663574,0.044258393347263336,0.23320883512496948,0.04603957384824753,0.0006988969398662448,0.01729769818484783,0.009747013449668884,0.0014156568795442581,0.023468632251024246,0.0382838137447834,0.05527980625629425,0.02660437487065792,0.012950246222317219,0.040342800319194794,0.027292149141430855,0.00996926799416542,0.011336428113281727,0.1395009458065033,1,517,2.9130810398766624,186,109,222,41632.546875,0.2770596444606781,0.17382052540779114,0.5461909770965576,0.29762372374534607,0.24856722354888916,448,53,0,131,-14,28,33,-5,0.19922630560928434,0.07535640895366669,0.04151885583996773,0.22424940764904022,0.06495815515518188,0.11381353437900543,0.030071651563048363,,0.04600128158926964,0.01958659291267395,,0.021273786202073097,0.0029288181103765965,0.042918846011161804,0.018987640738487244,0.04754400998353958,0.012042424641549587,0.024317823350429535,0.026377666741609573,0.004242852795869112,0.18381018936634064,181,1.2300637612632346,104,2,75,13766.97265625,-0.127140611410141,0.03459914028644562,0.0571865439414978,155,17,0,74,13,11,-0.002951233976046519
g5143.t1,A0A5N6WKG4,0.9467,55.6,1,157,2.3393191713766366,52,7,98,24988.287109375,0.18236006796360016,0.1605941653251648,0.6408818364143372,0.5511572360992432,0.08972473442554474,95,3,2,32,37,31,5,26,0.3503184713375796,0.0,0.01871979609131813,0.037477973848581314,0.025374876335263252,0.16765981912612915,0.0073457565158605576,,0.01032978855073452,0.01907440461218357,0.0,0.03814367577433586,0.01616382971405983,0.051380399614572525,0.020401330664753914,0.08211150020360947,0.030416131019592285,0.05224675312638283,0.012653988786041737,0.027002613991498947,0.38349735736846924,1,184,2.2963148396987094,60,28,96,25650.861328125,0.22016087174415588,0.15823668241500854,0.5677106976509094,0.4302349388599396,0.13747578859329224,123,12,0,5,29,29,7,22,0.30434782608695654,0.02703847922384739,0.013081852346658707,0.03998318687081337,0.01597495563328266,0.14059975743293762,0.005551346577703953,,0.036446698009967804,0.020493842661380768,,0.04859929159283638,0.053891800343990326,0.06388862431049347,0.005911991465836763,0.07688121497631073,0.025013629347085953,0.09749261289834976,0.012201343663036823,0.027314288541674614,0.2896351218223572,-27,0.043004331677927166,-8,-21,2,-662.57421875,-0.037800803780555725,0.00235748291015625,0.07317113876342773,-28,-9,2,27,8,4,0.045970645250623055
g16188.t2,A0A5N6XJR6,0.9467,24.2,1,76,1.1612962467528984,18,26,32,11969.802734375,0.09278129041194916,0.4334450662136078,0.47109857201576233,0.25387972593307495,0.21721884608268738,70,10,0,2,0,9,9,0,0.42105263157894735,0.019493307918310165,0.0,0.14957036077976227,0.0646112933754921,0.16026602685451508,0.10811285674571991,,0.004852029494941235,0.1964900642633438,,0.06439258903265,0.0026750671677291393,0.026923036202788353,0.0040433574467897415,0.0,0.037307821214199066,0.06764848530292511,0.0,0.0,0.09361370652914047,1,73,1.1527174087789593,12,23,38,11964.6005859375,0.26893332600593567,0.20395004749298096,0.46354222297668457,0.3256872892379761,0.1378549486398697,65,6,0,45,-1,8,5,3,0.3698630136986301,0.04935486987233162,0.0005393487517721951,0.07116437703371048,0.04790366813540459,0.20110942423343658,0.028042199090123177,0.045305293053388596,0.0,0.035834264010190964,,0.08658837527036667,0.06357441842556,0.0,0.0,0.08606676012277603,0.0,0.06669057160615921,0.0010786975035443902,0.09216991811990738,0.12457785755395889,3,0.008578837973939102,6,3,-6,5.2021484375,-0.1761520355939865,0.22949501872062683,0.007556349039077759,5,4,0,-43,1,-3,0.05118961788031723
g7743.t1,A0A5N6WL29,0.946,47.1,1,503,3.887454739699156,171,99,233,58581.94140625,0.16091705858707428,0.3280367851257324,0.5110461115837097,0.2706053555011749,0.24044078588485718,406,61,2,171,-5,55,51,4,0.32803180914512925,0.026732327416539192,0.008812397718429565,0.1643960028886795,0.1417854130268097,0.2395082712173462,0.09442248195409775,0.01740134507417679,0.0034148043487221003,0.013824592344462872,0.0,0.007604287937283516,0.0,0.059301432222127914,0.06591610610485077,0.02933969534933567,0.015885312110185623,0.07604479789733887,0.0016961010405793786,0.0028175690677016973,0.031097067520022392,1,134,2.2532631186410725,12,43,79,21082.86328125,0.353129118680954,0.27038446068763733,0.3647371232509613,0.20893432199954987,0.15580281615257263,100,22,1,50,-4,11,10,1,0.3656716417910448,0.008264223113656044,0.0001495520700700581,0.11558330059051514,0.07955903559923172,0.09573551267385483,0.006303246133029461,0.0,0.06803703308105469,0.04970157891511917,0.0,0.14285829663276672,0.011749246157705784,0.04115072637796402,0.012698929756879807,0.110255166888237,0.09290467947721481,0.040219515562057495,0.010865923017263412,0.0007652059430256486,0.11319881677627563,369,1.6341916210580836,159,56,154,37499.078125,-0.1922120600938797,0.05765232443809509,0.1463089883327484,306,39,1,121,-1,3,-0.03763983264591553
g17133.t1,A0A5N6WLK5,0.9443,68.9,1,132,2.719183544500486,67,0,65,26825.0,0.2623627781867981,0.2362091839313507,0.4868113696575165,0.39765915274620056,0.08915220946073532,84,1,0,0,9,19,8,11,0.4318181818181818,0.047841042280197144,0.025256333872675896,0.061125803738832474,0.02429058589041233,0.2581024765968323,0.10806509852409363,,0.013351226225495338,0.027099085971713066,,0.020890556275844574,0.014616681262850761,0.002473324304446578,0.005893784575164318,0.1399884819984436,0.040130939334630966,0.028026403859257698,0.009141379036009312,0.03415015712380409,0.13955670595169067,1,133,2.7358763535606854,60,0,73,27325.517578125,0.23665304481983185,0.3351995646953583,0.3926023244857788,0.32185447216033936,0.07074785232543945,92,0,0,0,13,18,5,13,0.42857142857142855,0.03715655580163002,0.0046050469391047955,0.06763242930173874,0.05429635941982269,0.22969922423362732,0.10611563920974731,,0.0,0.029089171439409256,,0.08732983469963074,0.03554507717490196,0.06215624883770943,0.03884770721197128,0.06505345553159714,0.04967943951487541,0.003115425817668438,0.003660422284156084,0.03386271744966507,0.09215526282787323,-1,-0.01669280906019921,7,0,-8,-500.517578125,0.025709733366966248,-0.09899038076400757,0.09420904517173767,-8,1,0,0,-4,-2,0.0032467532467532756
g993.t1,A0A5N6WUY9,0.9442,50.1,1,391,2.1962757915272944,128,99,164,25109.80859375,0.23503397405147552,0.2732967436313629,0.46269190311431885,0.3056989908218384,0.15699289739131927,393,57,23,373,-1,25,20,5,0.1867007672634271,0.034308817237615585,0.04612765461206436,0.06832105666399002,0.028887681663036346,0.24923601746559143,0.07246996462345123,0.0,0.02384405955672264,0.03359481319785118,0.0,0.01297824177891016,0.028977401554584503,0.09088678658008575,0.07299453765153885,0.04113921523094177,0.03782058134675026,0.08867184072732925,0.003641469171270728,0.00963690597563982,0.05646299198269844,1,384,2.189744910105427,118,98,168,24393.353515625,0.2559834420681,0.26729872822761536,0.4559119641780853,0.26533275842666626,0.19057917594909668,365,44,6,288,-6,23,18,5,0.18229166666666666,0.013094879686832428,0.028432346880435944,0.07794902473688126,0.023105299100279808,0.17618010938167572,0.10854557901620865,0.0,0.013359425589442253,0.031220870092511177,0.0012056570267304778,0.042425163090229034,0.020805876702070236,0.038381025195121765,0.0606006421148777,0.07810702919960022,0.06484030932188034,0.11263016611337662,0.019963953644037247,0.0,0.08915264159440994,7,0.006530881421867196,10,1,-4,716.455078125,-0.02094946801662445,0.005998015403747559,0.0067799389362335205,28,13,17,85,5,0,0.004409100596760446
g8346.t1,A0A5N6WQW2,0.944,52.2,1,231,2.7802152612774296,62,51,118,30962.802734375,0.10334102809429169,0.3642672896385193,0.5208820700645447,0.4743519425392151,0.04653015732765198,165,10,1,132,36,42,4,38,0.341991341991342,0.023201834410429,0.0,0.02942247875034809,0.22966405749320984,0.2773086726665497,0.09124457836151123,0.0,0.005835601594299078,0.014552715234458447,0.00010553888569120318,0.04474698752164841,0.01150957215577364,0.013773642480373383,0.012504860758781433,0.01705174520611763,0.01390133984386921,0.017107678577303886,0.0,0.0010254414519295096,0.1970432549715042,1,200,2.361407763923755,61,52,87,24576.55859375,0.09998484700918198,0.235732764005661,0.6586371064186096,0.5537862777709961,0.10485080629587173,150,12,0,131,25,33,7,26,0.28,0.05706946551799774,0.0006564275827258825,0.07636990398168564,0.07528141140937805,0.2608836591243744,0.05070409178733826,0.0,0.00787713099271059,0.026923859491944313,,0.003675994696095586,0.005645276978611946,0.04220651090145111,0.00257482728920877,0.025636576116085052,0.022091060876846313,0.02848091535270214,0.0024944248143583536,0.01852581277489662,0.2929026186466217,31,0.4188074973536744,1,-1,31,6386.244140625,0.0033561810851097107,0.12853452563285828,-0.13775503635406494,15,-2,1,1,11,12,0.061991341991341986
g13230.t2,A0A5N6XEP1,0.9433,60.5,1,664,3.112250189716827,257,172,235,43306.078125,0.14197281002998352,0.23163534700870514,0.5955191254615784,0.31732073426246643,0.2781984508037567,610,91,0,275,-16,46,44,2,0.17620481927710843,0.02624952606856823,0.006630999967455864,0.22285126149654388,0.02919507771730423,0.2151007056236267,0.04241646081209183,0.012516943737864494,0.006705505773425102,0.047905333340168,0.0,0.011394263245165348,0.030872728675603867,0.050241317600011826,0.04040049761533737,0.029208898544311523,0.027041207998991013,0.05534714087843895,0.00886616948992014,0.03483595326542854,0.10222001373767853,1,641,3.082803998793536,250,171,220,42052.5390625,0.18379279971122742,0.23583774268627167,0.5790796875953674,0.2970394194126129,0.2820402979850769,595,68,1,231,-19,44,47,-3,0.1981279251170047,0.05751270428299904,0.0016879840986803174,0.19489717483520508,0.04487333446741104,0.19533640146255493,0.022875353693962097,0.0006123533239588141,0.0,0.05563843622803688,0.0,0.01440535020083189,0.0012897603446617723,0.0321272574365139,0.08375318348407745,0.015156231820583344,0.06518621742725372,0.08714310824871063,0.010664990171790123,0.015137149021029472,0.10170300304889679,23,0.029446190923291038,7,1,15,1253.5390625,-0.041819989681243896,-0.004202395677566528,0.016439437866210938,15,23,-1,44,3,5,-0.021923105839896262
g11062.t1,A0A5N6WMD9,0.943,60.8,1,419,2.361187925480142,179,79,161,28696.703125,0.17723339796066284,0.31956005096435547,0.5020822286605835,0.2935865819454193,0.2084956169128418,384,49,4,485,-10,22,26,-4,0.19809069212410502,0.00966950599104166,0.04061472415924072,0.11864497512578964,0.05519191175699234,0.17177604138851166,0.04978441819548607,0.0020238503348082304,0.0002248722594231367,0.03734462335705757,0.0,0.02717622183263302,0.0011243614135310054,0.06624173372983932,0.046243518590927124,0.01243675872683525,0.07596263289451599,0.08985062688589096,0.038843944668769836,0.03503473475575447,0.12181055545806885,1,433,2.391451940527168,183,82,168,30698.767578125,0.24296346306800842,0.2536180913448334,0.5028929710388184,0.33813074231147766,0.1647622436285019,385,55,2,377,-4,25,20,5,0.18475750577367206,0.06979367882013321,0.009557224810123444,0.06635639816522598,0.04420921951532364,0.10816248506307602,0.0007197456434369087,0.0,0.021966619417071342,0.06773236393928528,0.0,0.031693316996097565,0.0005255172727629542,0.040644437074661255,0.052173785865306854,0.04180309548974037,0.09886244684457779,0.0984058529138565,0.015975724905729294,0.0014498825185000896,0.22996827960014343,-14,-0.030264015047026138,-4,-3,-7,-2002.064453125,-0.06573006510734558,0.0659419596195221,-0.0008107423782348633,-1,-6,2,108,-6,-9,0.013333186350432957
g13973.t1,A0A5N6XF34,0.9419,36.9,1,139,1.4653399776339953,50,47,42,15485.7666015625,0.24038146436214447,0.34224724769592285,0.41695457696914673,0.2768353819847107,0.14011918008327484,138,20,1,224,2,11,8,3,0.302158273381295,0.06879813969135284,0.06832639127969742,0.08575113862752914,0.05815906077623367,0.21735695004463196,0.07575986534357071,0.0,0.0,0.0075008017010986805,0.0,0.008750935085117817,0.00041671120561659336,0.1639871895313263,0.010834491811692715,0.07325372844934464,0.035613905638456345,0.054368048906326294,0.010417780838906765,0.0012263826793059707,0.059478454291820526,1,141,1.5193369084289732,53,44,44,16718.3359375,0.21080397069454193,0.07292197644710541,0.6290139555931091,0.26797249913215637,0.36104142665863037,140,24,3,185,-4,14,18,-4,0.2765957446808511,0.03727812319993973,0.03416002169251442,0.18071310222148895,0.011956856586039066,0.09719830006361008,0.04239046201109886,0.0,0.00038598894025199115,0.00378948962315917,0.0,0.033378638327121735,0.08726019412279129,,0.0,0.08707371354103088,0.011956252157688141,0.18032832443714142,0.018527468666434288,0.002828917233273387,0.1707741916179657,-2,-0.053996930794977915,-3,3,-2,-1232.5693359375,0.02957749366760254,0.26932527124881744,-0.2120593786239624,-2,-4,-2,39,6,7,0.0255625287004439
g16267.t1,A0A5N6WXL4,0.9419,43.8,1,252,2.1023504495445673,194,0,58,25359.919921875,0.17223870754241943,0.18367153406143188,0.6337569952011108,0.34155330061912537,0.29220372438430786,259,32,3,216,-13,21,28,-7,0.23809523809523808,0.019503522664308548,0.021067991852760315,0.10632781684398651,0.0334872342646122,0.30892449617385864,0.0373777411878109,0.0,0.008524419739842415,0.008518218994140625,0.00038656816468574107,0.022250773385167122,0.010332709178328514,0.035351116210222244,0.029722142964601517,0.05666562542319298,0.04127028211951256,0.18587589263916016,0.014504236169159412,0.027280369773507118,0.032628804445266724,1,272,2.892736583902978,203,0,69,35062.7265625,0.1734895408153534,0.20984157919883728,0.5997217297554016,0.22672414779663086,0.3729976415634155,272,42,1,247,-18,21,33,-12,0.2977941176470588,0.03193138539791107,0.01699862629175186,0.304863840341568,0.028068555518984795,0.1730087250471115,0.05597938597202301,0.0,0.009846366010606289,0.013211730867624283,0.0,0.008189967833459377,0.01694709248840809,0.020475072786211967,0.05549295246601105,0.050110019743442535,0.08257069438695908,0.06813376396894455,0.000920221209526062,0.009536156430840492,0.05371542274951935,-20,-0.7903861343584109,-9,0,-11,-9702.806640625,-0.00125083327293396,-0.026170045137405396,0.03403526544570923,-13,-10,2,-31,5,5,-0.05969887955182074
g18969.t1,A0A5N6WUI4,0.9416,34.1,1,126,1.32123851641507,45,42,39,13880.615234375,0.08982028067111969,0.44470158219337463,0.4520623981952667,0.2767864465713501,0.17527595162391663,121,10,6,78,1,11,7,4,0.29365079365079366,0.0,0.01324433833360672,0.09821902215480804,0.05615673214197159,0.23502080142498016,0.22217537462711334,0.006437892094254494,0.0,0.0483526736497879,0.0,0.007527756970375776,0.013415781781077385,0.03094257041811943,0.009530441835522652,0.04371898993849754,0.06901275366544724,0.07705695182085037,0.00936085730791092,0.01806146278977394,0.04176563024520874,1,131,1.3403487939308973,54,41,36,14108.802734375,0.2396346628665924,0.4061264395713806,0.3029332458972931,0.1727917343378067,0.13014154136180878,128,13,0,27,-2,8,7,1,0.32061068702290074,0.08385041356086731,0.00967726856470108,0.06391428411006927,0.06606470793485641,0.15729042887687683,0.04012250155210495,0.0,0.0,0.04191318526864052,0.0,0.0,0.05130564421415329,0.11474492400884628,0.043908536434173584,0.0717826560139656,0.08869481831789017,0.06622724235057831,0.030415808781981468,0.05458633601665497,0.015501296147704124,-5,-0.01911027751582739,-9,1,3,-228.1875,-0.14981438219547272,0.03857514262199402,0.14912915229797363,-7,-3,6,51,3,3,-0.02695989337210708
g13233.t1,A0A5N6X624,0.9399,72.4,1,196,1.8827831557396033,69,46,81,22115.73828125,0.2593945264816284,0.21583223342895508,0.5000346302986145,0.317759245634079,0.18227538466453552,156,22,9,95,1,17,10,7,0.2602040816326531,0.023637643083930016,0.037736568599939346,0.14023412764072418,0.0206465944647789,0.09676097333431244,0.06583458930253983,0.0,0.0008587312768213451,0.025879913941025734,0.009752035140991211,0.11374110728502274,0.024738680571317673,0.08011862635612488,0.03340965136885643,0.046363465487957,0.004704727791249752,0.042041242122650146,0.0036473418585956097,0.00889573059976101,0.22099830210208893,1,199,1.8434559994756499,70,46,83,22715.578125,0.372839093208313,0.19071973860263824,0.41685566306114197,0.2767934799194336,0.14006218314170837,168,24,6,110,1,15,12,3,0.271356783919598,0.054717764258384705,0.04068484157323837,0.08925344049930573,0.04615834727883339,0.17567749321460724,0.059624362736940384,0.0,0.0029601952992379665,0.021446676924824715,0.007912097498774529,0.12006373703479767,0.019585466012358665,0.03300800547003746,0.0502825528383255,0.09915859252214432,0.01547187753021717,0.05080873891711235,0.004971439018845558,0.007098372559994459,0.10111599415540695,-3,0.039327156263953444,-1,0,-2,-599.83984375,-0.11344456672668457,0.025112494826316833,0.08317896723747253,-12,-2,3,-15,0,4,-0.011152702286944927
g1082.t1,A0A5N6WPB5,0.9392,58.8,1,185,2.5258546201278564,48,43,94,28348.470703125,0.16636575758457184,0.08881130814552307,0.6678089499473572,0.5551813840866089,0.11262751370668411,138,15,8,11,23,31,10,21,0.31891891891891894,0.02845432236790657,0.021819185465574265,0.11017542332410812,0.01699439249932766,0.3513188362121582,0.0037957660388201475,0.00022763459128327668,0.021511467173695564,0.02441323734819889,0.0,0.0,0.07701397687196732,0.0041277119889855385,0.045299284160137177,0.04393208399415016,0.011606411077082157,0.002452083397656679,0.005121778231114149,0.02787378802895546,0.20386257767677307,1,183,2.5977549886482127,65,49,69,26321.13671875,0.19608145952224731,0.23867928981781006,0.49044686555862427,0.4140820801258087,0.07636474817991257,138,9,0,11,19,28,9,19,0.3442622950819672,0.07614703476428986,0.030068987980484962,0.038452308624982834,0.027477577328681946,0.12386833876371384,0.08457113057374954,0.00012258384958840907,0.0009722866816446185,0.04384193196892738,0.0,0.021329591050744057,0.07479242235422134,0.01547922007739544,0.021329591050744057,0.030298076570034027,0.02737937867641449,0.037912435829639435,0.015813317149877548,0.039930056780576706,0.29021382331848145,2,-0.0719003685203563,-17,-6,25,2027.333984375,-0.029715701937675476,-0.149867981672287,0.1773620843887329,0,6,8,0,4,2,-0.02534337616304827
g19569.t1,A0A5N6WK61,0.9389,51.3,1,144,2.7625355572844077,46,32,66,27741.259765625,0.14425019919872284,0.12080865353345871,0.7198118567466736,0.5421422719955444,0.17766962945461273,97,8,0,120,15,30,16,14,0.4513888888888889,0.05100569128990173,0.00046523427590727806,0.11092915385961533,0.06982080638408661,0.4402162730693817,0.014147995039820671,0.004303417168557644,0.0,0.006695515476167202,0.0,0.006048046052455902,0.015129336155951023,0.025983745232224464,0.0032566399313509464,0.0730147510766983,0.0,0.0667404755949974,0.006156399380415678,0.004160591866821051,0.10192598402500153,1,124,1.9300753459212134,33,34,57,20973.923828125,0.1701028198003769,0.1791139543056488,0.6477065086364746,0.37486615777015686,0.27284032106399536,87,5,0,140,5,21,13,8,0.3951612903225806,0.03574910759925842,0.0,0.17043833434581757,0.026598166674375534,0.18875829875469208,0.0569598525762558,0.0046150824055075645,0.0,0.018150411546230316,,0.0,0.0030767214484512806,0.012217939831316471,0.019383344799280167,0.09712537378072739,0.057884108275175095,0.10240200161933899,0.01322990283370018,0.007303466089069843,0.18610785901546478,20,0.8324602113631943,13,-2,9,6767.3359375,-0.025852620601654053,-0.058305300772190094,0.07210534811019897,10,3,0,-20,10,6,0.05622759856630827
g906.t1,A0A5N6XFB1,0.9376,33.2,1,885,3.0482095969791447,255,200,430,38557.953125,0.17850589752197266,0.461465060710907,0.3357546925544739,0.20882365107536316,0.12693101167678833,831,95,50,819,-13,26,22,4,0.14350282485875707,0.022870942950248718,0.012301022186875343,0.04932607710361481,0.07128219306468964,0.12655186653137207,0.12008362263441086,0.01563073694705963,0.011045817285776138,0.033295173197984695,0.0026984973810613155,0.02967984415590763,0.024274324998259544,0.16069786250591278,0.06835711747407913,0.012129584327340126,0.06438387930393219,0.07760494202375412,0.006490825675427914,0.009023870341479778,0.0822717696428299,1,798,2.7481374398420613,230,151,417,39351.8046875,0.2740927040576935,0.34715965390205383,0.3576603829860687,0.18717060983181,0.17048975825309753,778,71,11,650,-26,20,31,-11,0.13909774436090225,0.06602808088064194,0.015247455798089504,0.09615375846624374,0.06296270340681076,0.15716244280338287,0.0761762261390686,0.0,0.0013938696356490254,0.043139245361089706,0.0,0.03007597289979458,0.021087266504764557,0.049049392342567444,0.0710737481713295,0.05578095465898514,0.1081734299659729,0.07433599978685379,0.03449259698390961,0.007658677641302347,0.030008163303136826,87,0.30007215713708346,25,49,13,-793.8515625,-0.09558680653572083,0.11430540680885315,-0.02190569043159485,53,24,39,169,13,15,0.004405080497854819
g906.t1,A0A5N6XBE2,0.9366,38.3,1,885,3.0482095969791447,255,200,430,38557.953125,0.17850589752197266,0.461465060710907,0.3357546925544739,0.20882365107536316,0.12693101167678833,831,95,50,819,-13,26,22,4,0.14350282485875707,0.022870942950248718,0.012301022186875343,0.04932607710361481,0.07128219306468964,0.12655186653137207,0.12008362263441086,0.01563073694705963,0.011045817285776138,0.033295173197984695,0.0026984973810613155,0.02967984415590763,0.024274324998259544,0.16069786250591278,0.06835711747407913,0.012129584327340126,0.06438387930393219,0.07760494202375412,0.006490825675427914,0.009023870341479778,0.0822717696428299,1,776,2.8269817866894305,234,152,390,42014.25,0.24787920713424683,0.2556014657020569,0.45771756768226624,0.2550045847892761,0.2027129828929901,709,72,16,740,-32,25,38,-13,0.15077319587628865,0.046356573700904846,0.0003839823475573212,0.10257384926080704,0.036681488156318665,0.14858807623386383,0.05399182066321373,0.0025123772211372852,0.03682728856801987,0.02234155870974064,0.0,0.06758064776659012,0.03880175203084946,0.057939011603593826,0.02990860305726528,0.05011289194226265,0.08223213255405426,0.10013913363218307,0.014196840114891529,0.002415466820821166,0.10641651600599289,109,0.22122781028971428,21,48,40,-3456.296875,-0.06937330961227417,0.2058635950088501,-0.12196287512779236,122,23,34,79,19,17,-0.007270371017531585
g8272.t1,A0A5N6WM62,0.9362,44.6,1,105,1.2689113732412907,42,29,34,12866.880859375,0.22228989005088806,0.17020253837108612,0.606504499912262,0.36402755975723267,0.24247688055038452,94,11,1,102,-2,14,12,2,0.3523809523809524,0.013671944849193096,0.005636072717607021,0.22845207154750824,0.0944204181432724,0.36402755975723267,0.015299538150429726,0.04448729380965233,0.031094692647457123,0.01902945339679718,0.0,0.0,0.0010030546691268682,0.04145314171910286,0.0599096454679966,0.06749023497104645,0.0,0.014024828560650349,0.0,0.0,,1,113,1.2924542522190092,41,29,43,13419.66796875,0.38797590136528015,0.26193442940711975,0.33140894770622253,0.10843817889690399,0.22297078371047974,95,11,3,96,-5,8,11,-3,0.336283185840708,0.13208775222301483,0.002819431247189641,0.11450962722301483,0.10026898235082626,0.09153194725513458,0.023178573697805405,0.04193345457315445,0.0,0.009857798926532269,0.0,0.0,0.01868070662021637,0.12862907350063324,0.06996633112430573,0.12482016533613205,0.0,0.1084611564874649,0.016348768025636673,0.0,0.016906220465898514,-8,-0.023542878977718562,1,0,-9,-552.787109375,-0.1656860113143921,-0.09173189103603363,0.27509555220603943,-1,0,-2,6,3,5,0.016097766540244418
g9659.t1,A0A5N6X6M9,0.9351,56.9,1,411,5.047028024967083,179,32,200,55979.94921875,0.14776694774627686,0.1657632440328598,0.6598882079124451,0.5649566650390625,0.09493153542280197,289,32,2,87,60,75,17,58,0.3284671532846715,0.018917890265583992,0.0221196748316288,0.059811782091856,0.018380574882030487,0.32015737891197205,0.04609902575612068,0.008159319870173931,0.02098006382584572,0.03661646321415901,0.008264079689979553,0.0242560226470232,0.026581596583127975,0.021589025855064392,0.02134673111140728,0.01919170282781124,0.01624291203916073,0.03511975333094597,0.012795532122254372,0.018571164458990097,0.24479930102825165,1,372,3.966115624606513,128,36,208,46928.6953125,0.17104843258857727,0.27265357971191406,0.5191382765769958,0.386820524930954,0.13231776654720306,251,20,0,53,34,43,20,23,0.32526881720430106,0.05889977887272835,6.875422695884481e-05,0.1241411492228508,0.022675707936286926,0.24468380212783813,0.05856938660144806,0.010212999768555164,0.023238927125930786,0.03970649093389511,0.0,0.02902190573513508,0.037159692496061325,0.09322628378868103,0.02391706593334675,0.003231448819860816,0.039007000625133514,0.008176620118319988,0.022457553073763847,0.019468694925308228,0.14213672280311584,39,1.0809124003605697,51,-4,-8,9051.25390625,-0.023281484842300415,-0.10689033567905426,0.14074993133544922,38,12,2,34,26,35,0.0031983360803704564
g11355.t1,A0A5N6XBS4,0.9346,52.9,1,220,1.9654968528649903,71,52,97,21077.068359375,0.1808115839958191,0.2630024552345276,0.5548344254493713,0.38975587487220764,0.1650785505771637,198,26,3,112,3,21,14,7,0.24545454545454545,0.013777492567896843,0.0,0.05357879400253296,0.05743618682026863,0.3454539477825165,0.06190674751996994,0.0,0.0,0.004129758104681969,0.0071318200789391994,0.0024493320379406214,0.0013515488244593143,0.06796625256538391,0.08545439690351486,0.07759951055049896,0.023420779034495354,0.11149974912405014,0.001530832494609058,0.041010912507772446,0.04430197551846504,1,267,2.797266409763994,82,55,130,35394.86328125,0.31809136271476746,0.15339843928813934,0.5228067636489868,0.35790809988975525,0.16489863395690918,223,29,0,113,4,26,18,8,0.3258426966292135,0.02859828993678093,0.03300328552722931,0.10694239288568497,0.021690733730793,0.14725498855113983,0.05099870637059212,0.0,0.033606063574552536,0.013095378875732422,0.0,0.09523995965719223,0.005703554023057222,0.03146219253540039,0.05045406520366669,0.057667747139930725,0.023362765088677406,0.05795624107122421,0.019521916285157204,0.012788650579750538,0.21065309643745422,-47,-0.8317695568990036,-11,-3,-33,-14317.794921875,-0.13727977871894836,0.10960401594638824,0.03202766180038452,-25,-3,3,-1,-1,-1,-0.08038815117466805
g7573.t1,A0A5N6XL13,0.9339,61.5,1,224,2.3156935645587446,90,31,103,28181.84765625,0.2388809472322464,0.19548720121383667,0.5534380078315735,0.35842254757881165,0.19501544535160065,178,23,1,136,17,26,15,11,0.27232142857142855,0.04516928270459175,0.03788546472787857,0.13354596495628357,0.01507094781845808,0.2237412929534912,0.024010302498936653,,0.03246041014790535,0.010480896569788456,0.007536967284977436,0.0017926907166838646,0.012193845584988594,0.0638958066701889,0.04024835675954819,0.05808843672275543,0.023083828389644623,0.06146948039531708,0.023236295208334923,0.05140846222639084,0.13468128442764282,1,300,2.5729651843594565,134,35,131,32571.748046875,0.17653614282608032,0.15773645043373108,0.6446160674095154,0.2560577988624573,0.3885582685470581,258,35,0,205,2,27,32,-5,0.25,0.05789095535874367,0.021694066002964973,0.290073037147522,0.014951233752071857,0.13398796319961548,0.028746070340275764,0.0,0.03803890943527222,0.00396238686516881,,0.007512414362281561,0.021111350506544113,0.030831117182970047,0.012778696604073048,0.03852201998233795,0.041231486946344376,0.09848525375127792,9.905965998768806e-05,0.03801415115594864,0.1220698282122612,-76,-0.2572716198007119,-44,-4,-28,-4389.900390625,0.06234480440616608,0.03775075078010559,-0.0911780595779419,-80,-12,1,-69,15,16,0.022321428571428548
g13233.t1,A0A5N6WWX2,0.9337,65.8,1,196,1.8827831557396033,69,46,81,22115.73828125,0.2593945264816284,0.21583223342895508,0.5000346302986145,0.317759245634079,0.18227538466453552,156,22,9,95,1,17,10,7,0.2602040816326531,0.023637643083930016,0.037736568599939346,0.14023412764072418,0.0206465944647789,0.09676097333431244,0.06583458930253983,0.0,0.0008587312768213451,0.025879913941025734,0.009752035140991211,0.11374110728502274,0.024738680571317673,0.08011862635612488,0.03340965136885643,0.046363465487957,0.004704727791249752,0.042041242122650146,0.0036473418585956097,0.00889573059976101,0.22099830210208893,1,192,1.7497386851153145,71,46,75,20975.33203125,0.29937371611595154,0.13651639223098755,0.5510645508766174,0.3310810923576355,0.21998342871665955,159,24,14,92,-3,17,14,3,0.2552083333333333,0.008736505173146725,0.0,0.13138258457183838,0.018696121871471405,0.20184409618377686,0.02910110540688038,0.0,0.0029051543679088354,0.0030765149276703596,0.00031158310594037175,0.1598847210407257,0.0130453547462821,0.02247486263513565,0.02553507499396801,0.05939488857984543,0.04294702038168907,0.08860088139772415,0.04291738569736481,0.019909191876649857,0.12923698127269745,4,0.1330444706242888,-2,0,6,1140.40625,-0.03997918963432312,0.07931584119796753,-0.05102992057800293,-3,-2,-5,3,4,4,0.004995748299319758
g12290.t1,A0A5N6XFM0,0.9335,50.0,1,156,2.478647148409182,61,19,76,28795.35546875,0.46132615208625793,0.18214641511440277,0.3107251226902008,0.270952433347702,0.03977271541953087,98,8,0,84,16,20,5,15,0.391025641025641,0.008515870198607445,0.08208048343658447,0.03778134286403656,0.03657899051904678,0.07494505494832993,0.023854048922657967,0.008959812112152576,0.04446122795343399,0.005826297216117382,0.008965147659182549,0.1173195093870163,0.045802321285009384,0.05270485207438469,0.12069057673215866,0.07929869741201401,0.053012605756521225,0.001991370925679803,0.0,0.0012044596951454878,0.1960073560476303,1,148,1.6532003313123935,73,20,55,17727.49609375,0.1191336140036583,0.2486160397529602,0.6058897376060486,0.3262215256690979,0.27966824173927307,126,11,0,81,3,19,10,9,0.30405405405405406,0.006370279937982559,0.000711433996912092,0.19836203753948212,0.02740851789712906,0.1468571573495865,0.07999474555253983,0.006734296679496765,0.0,0.059197086840867996,0.006820356473326683,0.02384304814040661,0.02636059746146202,0.023031866177916527,0.033125460147857666,0.039794716984033585,0.05216347798705101,0.08130622655153275,0.008554376661777496,0.0,0.1793643683195114,8,0.8254468170967884,-12,-1,21,11067.859375,0.34219253808259964,-0.06646962463855743,-0.2951646149158478,-28,-3,0,3,13,6,0.08697158697158697
g9724.t1,A0A5N6X7Z2,0.9329,68.7,1,82,1.2726359941757288,18,25,39,13130.404296875,0.12976957857608795,0.1812882125377655,0.6869857907295227,0.42245781421661377,0.2645280361175537,60,8,0,27,1,12,9,3,0.4024390243902439,0.019792158156633377,0.008081109263002872,0.19343239068984985,0.06736717373132706,0.20495817065238953,0.020194964483380318,0.012778008356690407,0.027521861717104912,0.07883810251951218,,0.053021080791950226,0.0019565012771636248,,0.0039316946640610695,0.003426213748753071,0.014887974597513676,0.07109565287828445,0.0012174500152468681,,0.21749961376190186,1,80,1.3171269708943025,18,26,36,13370.009765625,0.2687874138355255,0.20783375203609467,0.5231420993804932,0.2571792006492615,0.2659628689289093,66,8,0,3,-1,11,12,-1,0.4625,0.0007239814149215817,0.0,0.18234866857528687,0.09737835824489594,0.16201059520244598,0.001891164924018085,,0.0,0.06744828820228577,,0.23212866485118866,0.00023673784744460136,0.026450756937265396,0.014962282963097095,0.00456226896494627,0.014665180817246437,0.08361418545246124,0.01641024462878704,0.0,0.09516861289739609,2,-0.044490976718573716,0,-1,3,-239.60546875,-0.13901783525943756,-0.026545539498329163,0.16384369134902954,-6,0,0,24,2,4,-0.060060975609756095
g11355.t1,A0A5N6WVL0,0.9327,53.5,1,220,1.9654968528649903,71,52,97,21077.068359375,0.1808115839958191,0.2630024552345276,0.5548344254493713,0.38975587487220764,0.1650785505771637,198,26,3,112,3,21,14,7,0.24545454545454545,0.013777492567896843,0.0,0.05357879400253296,0.05743618682026863,0.3454539477825165,0.06190674751996994,0.0,0.0,0.004129758104681969,0.0071318200789391994,0.0024493320379406214,0.0013515488244593143,0.06796625256538391,0.08545439690351486,0.07759951055049896,0.023420779034495354,0.11149974912405014,0.001530832494609058,0.041010912507772446,0.04430197551846504,1,224,2.0021557287616534,69,54,101,21526.587890625,0.24100792407989502,0.264157235622406,0.4940997362136841,0.24495829641819,0.24914145469665527,217,27,0,123,-4,16,14,2,0.24107142857142858,0.027241293340921402,0.019635139033198357,0.17966029047966003,0.06062110513448715,0.2036770135164261,0.03480450063943863,0.0,0.0029567249584943056,0.013172462582588196,0.0,0.02338230423629284,0.0007351809181272984,0.0750601515173912,0.08066242188215256,0.07305824011564255,0.038798704743385315,0.06948115676641464,0.014071780256927013,0.04170028865337372,0.04128129407763481,-4,-0.03665887589666306,2,-2,-4,-449.51953125,-0.06019634008407593,-0.001154780387878418,0.060734689235687256,-19,-1,3,-11,7,5,0.004383116883116878
g14003.t1,A0A5N6XF34,0.9325,37.5,1,141,1.4828874839418211,50,44,47,16040.8046875,0.24362069368362427,0.3389342725276947,0.4158359169960022,0.2605290412902832,0.1553068459033966,135,22,1,272,2,11,11,0,0.28368794326241137,0.05085661634802818,0.06311403214931488,0.07479902356863022,0.03266759216785431,0.2001488357782364,0.0725732371211052,0.0,0.0,0.006633237469941378,0.0,0.0,0.001609169295988977,0.1616712063550949,0.013879084028303623,0.10671938210725784,0.06400386244058609,0.08050781488418579,0.009051577188074589,0.0013850938994437456,0.060380224138498306,1,141,1.5193369084289732,53,44,44,16718.3359375,0.21080397069454193,0.07292197644710541,0.6290139555931091,0.26797249913215637,0.36104142665863037,140,24,3,185,-4,14,18,-4,0.2765957446808511,0.03727812319993973,0.03416002169251442,0.18071310222148895,0.011956856586039066,0.09719830006361008,0.04239046201109886,0.0,0.00038598894025199115,0.00378948962315917,0.0,0.033378638327121735,0.08726019412279129,,0.0,0.08707371354103088,0.011956252157688141,0.18032832443714142,0.018527468666434288,0.002828917233273387,0.1707741916179657,0,-0.03644942448715205,-3,0,3,-677.53125,0.032816722989082336,0.2660122960805893,-0.21317803859710693,-5,-2,-2,87,6,4,0.007092198581560294
g8272.t1,A0A5N6WKW8,0.932,41.3,1,105,1.2689113732412907,42,29,34,12866.880859375,0.22228989005088806,0.17020253837108612,0.606504499912262,0.36402755975723267,0.24247688055038452,94,11,1,102,-2,14,12,2,0.3523809523809524,0.013671944849193096,0.005636072717607021,0.22845207154750824,0.0944204181432724,0.36402755975723267,0.015299538150429726,0.04448729380965233,0.031094692647457123,0.01902945339679718,0.0,0.0,0.0010030546691268682,0.04145314171910286,0.0599096454679966,0.06749023497104645,0.0,0.014024828560650349,0.0,0.0,,1,107,1.263361497954715,42,27,38,12885.62890625,0.2330445796251297,0.33593741059303284,0.4177660048007965,0.23656894266605377,0.18119704723358154,89,4,3,59,-6,6,10,-4,0.308411214953271,0.05459678918123245,0.0,0.125788614153862,0.005189870949834585,0.07581829279661179,0.2002543956041336,0.040729373693466187,0.0,0.010129342786967754,0.0,0.01063584815710783,0.013252089731395245,0.048724278807640076,0.05905415862798691,0.06802840530872345,0.07163947075605392,0.05540842562913895,0.0,0.0,0.16075065732002258,-2,0.0055498752865756895,0,2,-4,-18.748046875,-0.010754689574241638,-0.16573487222194672,0.18873849511146545,5,7,-2,43,4,6,0.0439697374276814
g8272.t1,A0A5N6X3S9,0.9309,40.0,1,105,1.2689113732412907,42,29,34,12866.880859375,0.22228989005088806,0.17020253837108612,0.606504499912262,0.36402755975723267,0.24247688055038452,94,11,1,102,-2,14,12,2,0.3523809523809524,0.013671944849193096,0.005636072717607021,0.22845207154750824,0.0944204181432724,0.36402755975723267,0.015299538150429726,0.04448729380965233,0.031094692647457123,0.01902945339679718,0.0,0.0,0.0010030546691268682,0.04145314171910286,0.0599096454679966,0.06749023497104645,0.0,0.014024828560650349,0.0,0.0,,1,108,1.2654530348150559,46,24,38,12921.5537109375,0.31399601697921753,0.21129155158996582,0.47471246123313904,0.28156816959381104,0.1931442767381668,89,9,1,76,-4,7,11,-4,0.3333333333333333,0.12309380620718002,0.05318666994571686,0.12599031627178192,0.05976923555135727,0.20214608311653137,0.11335187405347824,0.03463466092944145,0.0,0.0074910796247422695,0.0,0.009516382589936256,,0.015680892392992973,0.06417358666658401,0.029390906915068626,0.01499845553189516,0.0671539306640625,0.0,0.0,0.07942210882902145,-3,0.003458338426234775,-4,5,-4,-54.6728515625,-0.09170612692832947,-0.0410890132188797,0.13179203867912292,5,2,0,26,2,6,0.01904761904761909
g3004.t1,A0A5N6WM28,0.9293,60.0,1,110,1.6000043424900363,10,51,49,17625.23828125,0.15378043055534363,0.27052709460258484,0.5338677167892456,0.525459885597229,0.00840784888714552,75,2,0,59,24,20,2,18,0.3,0.0,0.053826864808797836,0.0055456021800637245,0.027138803154230118,0.3049934506416321,0.05365437641739845,0.0,0.0,0.002363137435168028,0.0,0.002929023699834943,0.041824761778116226,0.06873379647731781,0.026544276624917984,0.06539620459079742,0.060516759753227234,0.0028622462414205074,0.0050840554758906364,0.058120232075452805,0.22046642005443573,1,109,1.496113851634261,9,58,42,16402.01171875,0.11851979047060013,0.15669041872024536,0.6056942939758301,0.47464486956596375,0.13104940950870514,75,1,0,71,15,14,4,10,0.3211009174311927,0.0,0.05820257589221001,0.11074399948120117,0.00039343300159089267,0.15542256832122803,0.03546074405312538,0.0,0.006030939053744078,0.01984681375324726,,0.010425974614918232,0.1190955862402916,0.08142989873886108,0.025769859552383423,0.01809043623507023,0.019362812861800194,0.020305413752794266,0.0,0.00019671650079544634,0.3192223012447357,1,0.1038904908557754,1,-7,7,1223.2265625,0.0352606400847435,0.11383667588233948,-0.07182657718658447,0,1,0,-12,9,8,-0.02110091743119269
g3012.t1,A0A5N6XD04,0.9277,43.2,1,150,1.603613286869384,55,31,64,16971.275390625,0.09639070183038712,0.15950754284858704,0.743911623954773,0.4989701807498932,0.24494150280952454,138,14,1,115,4,20,12,8,0.26666666666666666,0.0041825976222753525,0.0015209446428343654,0.11229568719863892,0.00570354238152504,0.47126710414886475,0.057706039398908615,0.0014884262345731258,0.02528136782348156,0.0,0.0,0.002471535000950098,0.00019011808035429567,0.08208616822957993,0.04277656599879265,0.018669258803129196,0.01401179563254118,0.13264580070972443,0.0,0.0,0.02770300582051277,1,152,1.5812551850795469,54,30,68,16579.578125,0.1484607309103012,0.16135746240615845,0.6901818513870239,0.3131996989250183,0.3769821524620056,130,23,0,111,-4,16,17,-1,0.25,0.08014065027236938,0.0,0.25629594922065735,0.024569012224674225,0.21156802773475647,0.0032425057142972946,0.0,0.013622676953673363,0.0050509776920080185,0.0009854832896962762,0.00019460967450868338,0.0,0.06364002823829651,0.0,0.05201724171638489,0.061759814620018005,0.12068618088960648,0.0024855576921254396,0.0021096488926559687,0.10163162648677826,-2,0.022358101789837104,1,1,-4,391.697265625,-0.05207002907991409,-0.0018499195575714111,0.05372977256774902,8,-9,1,4,8,9,0.016666666666666663
g16310.t1,A0A5N6WVW2,0.9276,48.8,1,435,2.320556812092378,166,89,180,30792.310546875,0.1490073800086975,0.3049319386482239,0.5047375559806824,0.28843241930007935,0.21630510687828064,403,44,11,74,4,24,17,7,0.18620689655172415,0.016748085618019104,0.008592300117015839,0.16144688427448273,0.048811379820108414,0.20450274646282196,0.15040434896945953,0.009568474255502224,0.004381823353469372,0.021323151886463165,0.0,0.013621940277516842,0.04132314398884773,0.02434893697500229,0.041468244045972824,0.04029974713921547,0.021403977647423744,0.05485822260379791,0.014326762408018112,0.03864015266299248,0.08392966538667679,1,419,2.1254013595504135,184,87,148,25984.11328125,0.19842968881130219,0.22222021222114563,0.5656362771987915,0.29980579018592834,0.26583051681518555,407,47,14,31,2,27,21,6,0.1766109785202864,0.02735465206205845,0.0002483476127963513,0.16268588602542877,0.047995034605264664,0.23203253746032715,0.04666298255324364,0.003104344941675663,0.024326739832758904,0.04258713126182556,0.0,0.044073209166526794,0.013713831081986427,0.03519141674041748,0.0583520270884037,0.02921348623931408,0.049783650785684586,0.10314463078975677,0.011756878346204758,0.0,0.0677732527256012,16,0.19515545254196454,-18,2,32,4808.197265625,-0.049422308802604675,0.08271172642707825,-0.06089872121810913,-4,-3,-3,43,2,1,0.00959591803143775
g12824.t1,A0A5N6WZW9,0.9276,34.4,1,371,2.1629910435633306,106,96,169,24156.80859375,0.18226252496242523,0.3183317482471466,0.46378257870674133,0.2555941045284271,0.2081885039806366,378,44,16,389,-10,21,18,3,0.1778975741239892,0.015205292031168938,0.003184285946190357,0.13704811036586761,0.03277131915092468,0.11014549434185028,0.05002506077289581,0.0,0.05507171154022217,0.044702570885419846,0.011902373284101486,0.0065961191430687904,0.035623207688331604,0.13375042378902435,0.08488409221172333,0.0,0.032197464257478714,0.07114037871360779,0.017321044579148293,0.012982543557882309,0.14544859528541565,1,442,2.2625079004966793,129,98,215,28355.09375,0.22763563692569733,0.36086970567703247,0.40156805515289307,0.16480451822280884,0.23676355183124542,421,54,18,364,-27,13,25,-12,0.17647058823529413,0.02237785793840885,0.025602908805012703,0.1142272874712944,0.05858486890792847,0.1344420313835144,0.03443244844675064,0.005575744900852442,0.0,0.006615069694817066,0.011968065984547138,0.04338763281702995,0.00992659479379654,0.12441127747297287,0.05515960231423378,0.054935771971940994,0.0799468457698822,0.12253625690937042,0.02059611864387989,0.04491110518574715,0.030362483114004135,-71,-0.09951685693334866,-23,-2,-46,-4198.28515625,-0.045373111963272095,-0.042537957429885864,0.06221452355384827,-43,-10,-2,25,17,15,0.0014269858886950815
g13230.t1,A0A5N6XEP1,0.927,60.3,1,665,3.177007303403427,254,171,240,46123.33984375,0.17832255363464355,0.23652715981006622,0.5555390119552612,0.29561930894851685,0.2599197030067444,600,88,0,273,-16,46,50,-4,0.18345864661654135,0.02461928315460682,0.014130856841802597,0.20582608878612518,0.03107178583741188,0.21221081912517548,0.04456355422735214,0.01985517330467701,0.011122804135084152,0.05092325806617737,0.0,0.022174056619405746,0.029611261561512947,0.05504898354411125,0.03527291864156723,0.03142022341489792,0.02757701836526394,0.0540936179459095,0.019727235659956932,0.027342576533555984,0.08340846747159958,1,641,3.082803998793536,250,171,220,42052.5390625,0.18379279971122742,0.23583774268627167,0.5790796875953674,0.2970394194126129,0.2820402979850769,595,68,1,231,-19,44,47,-3,0.1981279251170047,0.05751270428299904,0.0016879840986803174,0.19489717483520508,0.04487333446741104,0.19533640146255493,0.022875353693962097,0.0006123533239588141,0.0,0.05563843622803688,0.0,0.01440535020083189,0.0012897603446617723,0.0321272574365139,0.08375318348407745,0.015156231820583344,0.06518621742725372,0.08714310824871063,0.010664990171790123,0.015137149021029472,0.10170300304889679,24,0.0942033046098909,4,0,20,4070.80078125,-0.005470246076583862,0.0006894171237945557,-0.0235406756401062,5,20,-1,42,3,-1,-0.014669278500463345
g13230.t2,A0A5N6X636,0.9259,62.6,1,664,3.112250189716827,257,172,235,43306.078125,0.14197281002998352,0.23163534700870514,0.5955191254615784,0.31732073426246643,0.2781984508037567,610,91,0,275,-16,46,44,2,0.17620481927710843,0.02624952606856823,0.006630999967455864,0.22285126149654388,0.02919507771730423,0.2151007056236267,0.04241646081209183,0.012516943737864494,0.006705505773425102,0.047905333340168,0.0,0.011394263245165348,0.030872728675603867,0.050241317600011826,0.04040049761533737,0.029208898544311523,0.027041207998991013,0.05534714087843895,0.00886616948992014,0.03483595326542854,0.10222001373767853,1,672,3.524387419395074,265,171,236,54332.8515625,0.2668743431568146,0.22094616293907166,0.4917663633823395,0.23718762397766113,0.25457873940467834,611,72,0,279,-30,45,52,-7,0.22470238095238096,0.03049265407025814,0.007007407955825329,0.1629260778427124,0.032012712210416794,0.16748599708080292,0.022164950147271156,0.018144648522138596,0.0496712401509285,0.03880719095468521,0.0,0.06064954400062561,0.020413199439644814,0.07788509130477905,0.04204561188817024,0.04360133782029152,0.028984883800148964,0.09165269136428833,0.015261897817254066,0.021091321483254433,0.06970161199569702,-8,-0.41213722967824706,-8,1,-1,-11026.7734375,-0.12490153312683105,0.010689184069633484,0.10375276207923889,-1,19,0,-4,14,9,-0.04849756167527253
g10268.t3,A0A5N6X7A2,0.9259,58.0,1,692,3.463541666437159,249,173,270,55948.4921875,0.2163972407579422,0.25248050689697266,0.5173553228378296,0.37840908765792847,0.13894623517990112,606,101,6,110,7,61,32,29,0.2153179190751445,0.030981600284576416,0.00668971287086606,0.08485826104879379,0.009236032143235207,0.21072210371494293,0.09516490250825882,0.005154614802449942,0.046412110328674316,0.03056117333471775,0.0,0.023282431066036224,0.013766856864094734,0.029309185221791267,0.04819837957620621,0.04081026837229729,0.05272052437067032,0.05408798158168793,0.014868145808577538,0.03548869118094444,0.16768698394298553,1,667,3.407110158611063,267,172,228,51274.92578125,0.2285252809524536,0.25165480375289917,0.506676435470581,0.3526410758495331,0.15403540432453156,609,88,0,87,-10,54,40,14,0.2128935532233883,0.07317875325679779,6.29263959126547e-05,0.11715858429670334,0.03301692008972168,0.2034732699394226,0.08075395971536636,0.0002517055836506188,0.021961312741041183,0.029468651860952377,,0.05535781756043434,0.013143443502485752,0.04880763590335846,0.026084326207637787,0.04149729013442993,0.04729313403367996,0.03687680885195732,0.010131149552762508,0.012314528226852417,0.14916777610778809,25,0.05643150782609618,-18,1,42,4673.56640625,-0.012128040194511414,0.0008257031440734863,0.010678887367248535,-3,13,6,23,17,15,0.002424365851756205
g3012.t1,A0A5N6WJW0,0.9253,40.4,1,150,1.603613286869384,55,31,64,16971.275390625,0.09639070183038712,0.15950754284858704,0.743911623954773,0.4989701807498932,0.24494150280952454,138,14,1,115,4,20,12,8,0.26666666666666666,0.0041825976222753525,0.0015209446428343654,0.11229568719863892,0.00570354238152504,0.47126710414886475,0.057706039398908615,0.0014884262345731258,0.02528136782348156,0.0,0.0,0.002471535000950098,0.00019011808035429567,0.08208616822957993,0.04277656599879265,0.018669258803129196,0.01401179563254118,0.13264580070972443,0.0,0.0,0.02770300582051277,1,149,1.6024850831884867,52,28,69,16367.1318359375,0.2418922632932663,0.24722665548324585,0.5045726895332336,0.23441648483276367,0.27015629410743713,135,8,0,103,-2,13,12,1,0.28187919463087246,0.06747759878635406,0.0,0.17733338475227356,0.07159700989723206,0.10520708560943604,0.08410420268774033,0.00039427142473869026,0.0,0.0,0.0,0.02483910135924816,0.006308342795819044,0.07861848175525665,0.047509707510471344,0.10167156904935837,0.007320370525121689,0.09282289445400238,0.0,0.005586598534137011,0.12920939922332764,1,0.0011282036808972773,3,3,-5,604.1435546875,-0.14550156146287918,-0.08771911263465881,0.2393389344215393,3,6,1,12,6,7,-0.015212527964205802
g16310.t1,A0A5N6WSQ5,0.9243,45.8,1,435,2.320556812092378,166,89,180,30792.310546875,0.1490073800086975,0.3049319386482239,0.5047375559806824,0.28843241930007935,0.21630510687828064,403,44,11,74,4,24,17,7,0.18620689655172415,0.016748085618019104,0.008592300117015839,0.16144688427448273,0.048811379820108414,0.20450274646282196,0.15040434896945953,0.009568474255502224,0.004381823353469372,0.021323151886463165,0.0,0.013621940277516842,0.04132314398884773,0.02434893697500229,0.041468244045972824,0.04029974713921547,0.021403977647423744,0.05485822260379791,0.014326762408018112,0.03864015266299248,0.08392966538667679,1,421,2.2216554245577433,169,86,166,28673.40625,0.21946601569652557,0.30450907349586487,0.4523167014122009,0.2920387089252472,0.16027800738811493,419,46,9,72,6,25,17,8,0.17577197149643706,0.029342608526349068,0.007759265135973692,0.08991734683513641,0.04207431152462959,0.22800658643245697,0.10146293044090271,0.00011038756201742217,0.000549810123629868,0.030194787308573723,0.0,0.01743149757385254,0.023708172142505646,0.046012505888938904,0.07084286957979202,0.06006023660302162,0.04609823599457741,0.07036066055297852,0.03336935490369797,0.038666289299726486,0.06403211504220963,14,0.09890138753463473,-3,3,14,2118.904296875,-0.07045863568782806,0.0004228651523590088,0.052420854568481445,-16,-2,2,2,-2,-1,0.010434925055287092
g16603.t3,A0A5N6X714,0.9239,66.9,1,727,4.248470445460001,258,135,334,68972.2109375,0.12098310887813568,0.2515506446361542,0.6217643618583679,0.27146828174591064,0.3502960801124573,681,142,5,454,-17,68,75,-7,0.24484181568088034,0.012165806256234646,0.012993215583264828,0.27884796261787415,0.0527428574860096,0.23786909878253937,0.14714916050434113,0.009955148212611675,0.00893398653715849,0.005680397152900696,0.0,0.020737426355481148,0.005701863672584295,0.015451284125447273,0.0175798237323761,0.031237225979566574,0.0159141942858696,0.07144814729690552,0.007380488328635693,0.014612728729844093,0.03359919413924217,1,698,4.088023181303617,270,135,293,58938.1953125,0.17888441681861877,0.16307754814624786,0.6535338759422302,0.22986403107643127,0.4236697852611542,612,97,0,398,-34,47,73,-26,0.22349570200573066,0.048323966562747955,0.009404832497239113,0.34500977396965027,0.055871959775686264,0.21641317009925842,0.02813248336315155,0.010232029482722282,0.024142352864146233,0.00938327331095934,0.0,0.01726291887462139,0.0045042382553219795,0.02529669739305973,0.019543811678886414,0.041165634989738464,0.03559456765651703,0.07865995913743973,0.008808882907032967,0.008798555471003056,0.013450860045850277,29,0.16044726415638344,-12,0,41,10034.015625,-0.05790130794048309,0.08847309648990631,-0.031769514083862305,69,45,5,56,17,19,0.021346113675149686
g3860.t1,A0A5N6WZY6,0.923,44.8,1,528,3.024662746807705,266,79,183,39315.2109375,0.19939731061458588,0.17687927186489105,0.6143938899040222,0.3388661742210388,0.275527685880661,434,48,1,91,-6,41,34,7,0.20643939393939395,0.012177710421383381,0.010392782278358936,0.11190186440944672,0.04934816434979439,0.23444321751594543,0.044134944677352905,0.0,0.0034468830563127995,0.018325144425034523,0.0,0.051201481372117996,0.009329613298177719,0.029454758390784264,0.02650817297399044,0.08680687099695206,0.022500747814774513,0.1636258363723755,0.008863414637744427,0.013115501031279564,0.10442298650741577,1,820,3.8517275172463354,408,112,300,55122.37109375,0.21651223301887512,0.27875661849975586,0.4930218756198883,0.22001779079437256,0.27300408482551575,684,81,4,138,-24,42,51,-9,0.18414634146341463,0.019769711419939995,0.014750629663467407,0.1675369143486023,0.041028134524822235,0.12831994891166687,0.06502743065357208,0.003746191505342722,0.042123302817344666,0.02427721582353115,0.0,0.06239579617977142,0.011709263548254967,0.03511051461100578,0.0409739725291729,0.030762454494833946,0.07350005209445953,0.10546717792749405,0.001990164164453745,0.03981327638030052,0.09169783443212509,-292,-0.8270647704386302,-142,-33,-117,-15807.16015625,-0.017114922404289246,-0.10187734663486481,0.12137201428413391,-250,-33,-3,-47,18,16,0.02229305247597932
g7573.t2,A0A5N6XL13,0.9213,55.7,1,297,2.7195429221342686,128,31,138,34608.01953125,0.16389073431491852,0.3022613823413849,0.5317035913467407,0.35679081082344055,0.17491279542446136,232,32,0,187,34,43,17,26,0.26936026936026936,0.015340633690357208,0.011467433534562588,0.13908034563064575,0.002051085699349642,0.29048821330070496,0.1326453685760498,,0.03658458590507507,0.004455966409295797,0.0,0.013586243614554405,0.0021443169098347425,0.08836228400468826,0.013518519699573517,0.03819870203733444,0.02716919407248497,0.035832442343235016,0.03519462049007416,0.04757744073867798,0.06630261242389679,1,300,2.5729651843594565,134,35,131,32571.748046875,0.17653614282608032,0.15773645043373108,0.6446160674095154,0.2560577988624573,0.3885582685470581,258,35,0,205,2,27,32,-5,0.25,0.05789095535874367,0.021694066002964973,0.290073037147522,0.014951233752071857,0.13398796319961548,0.028746070340275764,0.0,0.03803890943527222,0.00396238686516881,,0.007512414362281561,0.021111350506544113,0.030831117182970047,0.012778696604073048,0.03852201998233795,0.041231486946344376,0.09848525375127792,9.905965998768806e-05,0.03801415115594864,0.1220698282122612,-3,0.1465777377748121,-6,-4,7,2036.271484375,-0.012645408511161804,0.1445249319076538,-0.11291247606277466,-26,-3,0,-18,32,31,0.019360269360269355
g14823.t1,A0A5N6WKB9,0.921,60.7,1,245,2.724753619006677,63,78,104,31516.515625,0.25102001428604126,0.15161371231079102,0.5934125185012817,0.5083645582199097,0.08504798263311386,185,17,3,103,24,38,15,23,0.2857142857142857,0.052505481988191605,0.0,0.06474605947732925,0.04077284038066864,0.3670154809951782,0.023885956034064293,0.006329812575131655,0.03122478909790516,0.019490525126457214,0.0,0.0187578946352005,0.00395374046638608,0.044156529009342194,0.005937829148024321,0.06428726762533188,0.009083166718482971,0.02030191197991371,0.07197694480419159,0.014224683865904808,0.14134906232357025,1,256,2.975400407844142,73,78,105,35865.1953125,0.2563658654689789,0.15065854787826538,0.5786163806915283,0.4568203389644623,0.12179607897996902,203,23,0,41,22,40,17,23,0.3125,0.015117630362510681,0.025995250791311264,0.08992237597703934,0.02896934561431408,0.27671030163764954,0.03708489239215851,0.006477347109466791,0.018070288002490997,0.016129495576024055,0.0,0.05995004624128342,0.014359178952872753,0.039861228317022324,0.009595291689038277,0.054071445018053055,0.027546338737010956,0.03187369927763939,0.0670885443687439,0.0010672516655176878,0.18011003732681274,-11,-0.2506467888374653,-10,0,-1,-4348.6796875,-0.005345851182937622,0.0009551644325256348,0.014796137809753418,-18,-6,3,62,2,0,-0.0267857142857143
g14442.t1,A0A5N6XI98,0.9205,57.0,1,166,2.0664616875148276,88,14,64,21574.732421875,0.17131900787353516,0.15461423993110657,0.6585189700126648,0.2952336370944977,0.3632853925228119,153,19,4,93,-11,17,28,-11,0.3313253012048193,0.015254313126206398,0.0,0.24035130441188812,0.036010898649692535,0.21317221224308014,0.038698695600032806,0.009709510020911694,0.001794625073671341,0.002195547567680478,0.0,0.0067298440262675285,0.015547730028629303,0.04423175007104874,0.048291683197021484,0.08953902870416641,0.033477336168289185,0.12293408811092377,0.0,0.0,0.08206142485141754,1,161,1.9885012942359948,88,14,59,19836.078125,0.20562238991260529,0.1854209303855896,0.6055470108985901,0.16917379200458527,0.436373233795166,154,25,1,36,-17,10,26,-16,0.32298136645962733,0.015778066590428352,0.015940727666020393,0.1967466175556183,0.017892654985189438,0.09266961365938187,0.06593286991119385,0.019838394597172737,0.0017892654286697507,0.024080149829387665,0.0,0.025869926437735558,0.0034096837043762207,0.05614470690488815,0.040332384407520294,0.08168177306652069,0.019581282511353493,0.23962660133838654,0.004391833208501339,0.0017892654286697507,0.0765041708946228,5,0.07796039327883286,0,0,5,1738.654296875,-0.03430338203907013,-0.030806690454483032,0.05297195911407471,-1,-6,3,57,6,5,0.008343934745191961
g7743.t1,A0A5N6XII9,0.9195,42.6,1,503,3.887454739699156,171,99,233,58581.94140625,0.16091705858707428,0.3280367851257324,0.5110461115837097,0.2706053555011749,0.24044078588485718,406,61,2,171,-5,55,51,4,0.32803180914512925,0.026732327416539192,0.008812397718429565,0.1643960028886795,0.1417854130268097,0.2395082712173462,0.09442248195409775,0.01740134507417679,0.0034148043487221003,0.013824592344462872,0.0,0.007604287937283516,0.0,0.059301432222127914,0.06591610610485077,0.02933969534933567,0.015885312110185623,0.07604479789733887,0.0016961010405793786,0.0028175690677016973,0.031097067520022392,1,116,1.3629637529456549,17,47,52,14185.5712890625,0.21646882593631744,0.3069728910923004,0.47477325797080994,0.4065268635749817,0.06824637949466705,94,10,0,74,5,14,6,8,0.28448275862068967,0.04860746115446091,0.00981605239212513,0.022448977455496788,0.016955239698290825,0.33863216638565063,0.039702028036117554,0.0,0.006141222082078457,0.06984925270080566,,0.0025019797030836344,0.0017850178992375731,0.09345478564500809,0.09835217893123627,0.04903915151953697,0.0738978162407875,0.04579739272594452,0.00201077526435256,0.013113759458065033,0.06789470463991165,387,2.5244909867535013,154,52,181,44396.3701171875,-0.055551767349243164,0.021063894033432007,0.03627285361289978,312,51,2,97,-10,-4,0.04354905052443958
g215.t1,A0A5N6WQX6,0.9172,35.6,1,219,2.8489576263516634,81,73,65,27967.03125,0.2796042859554291,0.262187659740448,0.4582080543041229,0.26098212599754333,0.1972259134054184,202,21,1,69,-5,20,21,-1,0.3242009132420091,0.0013844356872141361,0.01565798558294773,0.1498674601316452,0.034421149641275406,0.2121748924255371,0.051248110830783844,0.005191633477807045,0.10217541456222534,0.02115890383720398,0.0,0.08809206634759903,0.0,0.10712172091007233,0.03261278569698334,0.03448997437953949,0.029567372053861618,0.0473584309220314,0.0,0.01867038570344448,0.04880722984671593,1,190,1.924727388865255,64,71,55,20214.515625,0.2052954137325287,0.32315728068351746,0.46646997332572937,0.290452241897583,0.17601771652698517,195,17,7,62,1,16,13,3,0.29473684210526313,0.02598768286406994,0.01420576311647892,0.12264834344387054,0.03452999144792557,0.17111970484256744,0.05975484848022461,0.03574472293257713,0.002814851701259613,0.03624694049358368,0.003394756931811571,0.06416385620832443,0.005077335983514786,0.022411642596125603,0.02600637637078762,0.022148704156279564,0.16244450211524963,0.05336938053369522,0.014223458245396614,0.004374614916741848,0.11933254450559616,29,0.9242302374864084,17,2,10,7752.515625,0.07430887222290039,-0.06096962094306946,-0.008261919021606445,7,4,-6,7,-6,-4,0.029464071136745984
g11087.t1,A0A5N6XDY1,0.915,90.2,1,103,2.274646028889123,49,0,54,22393.53125,0.2290414720773697,0.12820476293563843,0.6029806733131409,0.5717524886131287,0.031228255480527878,71,10,0,20,18,24,4,20,0.42718446601941745,0.04209933802485466,0.0022659229580312967,0.02653590217232704,0.004610683303326368,0.3180809020996094,0.00471204798668623,,0.0037461803294718266,0.061176322400569916,,0.05518411099910736,0.039773084223270416,0.001554237212985754,0.010518120601773262,0.09375931322574615,0.022122763097286224,0.004692354239523411,0.021468494087457657,0.034028712660074234,0.2536715567111969,1,103,2.2808906256765313,49,0,54,22295.45703125,0.1937982439994812,0.1771600991487503,0.5892493724822998,0.557515561580658,0.031733788549900055,70,10,0,18,18,24,4,20,0.4563106796116505,0.010087343864142895,0.010709106922149658,0.02702409401535988,0.005926824640482664,0.3028756380081177,0.006453984882682562,,0.00578870577737689,0.10391480475664139,,0.027726400643587112,0.03979231417179108,0.0,0.010564387775957584,0.12819869816303253,0.029439011588692665,0.004709695931524038,0.0007235882221721113,0.031425464898347855,0.25463995337486267,0,-0.006244596787408518,0,0,0,98.07421875,0.03524322807788849,-0.04895533621311188,0.013731300830841064,1,0,0,2,0,0,-0.029126213592233052
g8731.t1,A0A5N6WWL2,0.9113,26.2,1,204,2.1209919773537687,98,32,74,23047.4296875,0.3188368082046509,0.3746495544910431,0.22069133818149567,0.1613880842924118,0.05930325388908386,174,12,50,214,-4,10,11,-1,0.27450980392156865,0.002930339192971587,0.0001399959292029962,0.029152069240808487,0.040674541145563126,0.08676473051309586,0.1107187569141388,0.00246406439691782,0.1049969419836998,0.006971070077270269,0.019718466326594353,0.09003928303718567,0.08582233637571335,0.1092865988612175,0.03191268444061279,0.06927397102117538,0.08728010207414627,0.030151188373565674,0.01707950234413147,0.0,0.07462335377931595,1,296,2.6248739083984516,122,36,138,33193.1953125,0.3073413372039795,0.17460231482982635,0.479192852973938,0.23402586579322815,0.24516703188419342,217,17,41,40,-12,18,24,-6,0.30067567567567566,0.01433094497770071,0.019732626155018806,0.195105642080307,0.044722579419612885,0.13205093145370483,0.040708672255277634,0.001061861403286457,0.0312623493373394,0.016007564961910248,0.007678887341171503,0.0831410363316536,0.03886351361870766,0.05156084522604942,0.06356072425842285,0.08113574236631393,0.013638818636536598,0.05006137490272522,0.013116033747792244,0.0002849667798727751,0.10197492688894272,-92,-0.5038819310446829,-24,-4,-64,-10145.765625,0.011495471000671387,0.20004723966121674,-0.2585015147924423,-43,-5,9,174,8,5,-0.026165871754107006
g497.t1,A0A5N6X9F9,0.9106,29.8,1,651,3.369440423598083,269,86,296,55085.11328125,0.1725480556488037,0.3158682584762573,0.4591970443725586,0.24977384507656097,0.2094232141971588,538,41,35,114,-5,37,38,-1,0.23195084485407066,0.01866714470088482,0.005459201522171497,0.17635388672351837,0.03279145061969757,0.16791364550590515,0.0735187754034996,0.002575020771473646,0.013237686827778816,0.009824715554714203,0.0,0.07309673726558685,0.052386704832315445,0.10766749083995819,0.03465167060494423,0.01812906749546528,0.08548341691493988,0.03306930884718895,0.00673153530806303,0.006582419853657484,0.08186018466949463,1,381,2.4384034057710693,169,88,124,28504.916015625,0.18399013578891754,0.29210731387138367,0.48915421962738037,0.34593087434768677,0.14322331547737122,340,24,35,218,6,26,14,12,0.2073490813648294,0.005507729947566986,0.024858152493834496,0.08644065260887146,0.05700192227959633,0.1923259049654007,0.10464663058519363,0.00847437884658575,0.014030723832547665,0.006656423211097717,0.0,0.014285142533481121,0.03474834933876991,0.039469633251428604,0.04436599463224411,0.06578966230154037,0.06467954069375992,0.05678267404437065,0.006678365170955658,0.019653161987662315,0.15360498428344727,270,0.9310370178270135,100,-2,172,26580.197265625,-0.01144208014011383,0.023760944604873657,-0.029957175254821777,198,17,0,-104,-11,-13,0.024601763489241257
g1192.t2,A0A5N6WUS6,0.9101,28.2,1,528,3.0033016049495105,275,88,165,35937.41015625,0.2050510048866272,0.22855666279792786,0.5490633249282837,0.34290486574172974,0.20615845918655396,482,72,4,98,1,40,29,11,0.19507575757575757,0.04218226671218872,0.00951693207025528,0.11097133904695511,0.031925685703754425,0.1820213496685028,0.09464650601148605,0.0,0.0020649947691708803,0.02720293402671814,0.0,0.026889681816101074,0.01732899621129036,0.06867659837007523,0.03644755482673645,0.052069373428821564,0.004246100317686796,0.09518713504076004,0.035880204290151596,0.0018588202074170113,0.16088353097438812,1,535,3.128348621292279,272,90,173,39604.59375,0.23148289322853088,0.27430403232574463,0.4812740683555603,0.3360157608985901,0.14525827765464783,477,63,4,25,4,42,28,14,0.18504672897196262,0.03771616891026497,0.01567336544394493,0.09647096693515778,0.04946551471948624,0.16122470796108246,0.08221237361431122,0.0,0.009450403042137623,0.02147015556693077,0.0,0.01636783592402935,0.012938983738422394,0.05763865262269974,0.022808948531746864,0.10017262399196625,0.043589748442173004,0.04878731817007065,0.029293544590473175,0.019927561283111572,0.17479103803634644,-7,-0.12504701634276838,3,-2,-8,-3667.18359375,-0.026431888341903687,-0.04574736952781677,0.06778925657272339,5,9,0,73,-3,-3,0.010029028603794954
g11365.t1,A0A5N6XQJ7,0.9096,46.3,1,120,2.1025773968364163,9,39,72,21296.087890625,0.2499450445175171,0.2351689487695694,0.5148860216140747,0.3345035910606384,0.18038244545459747,67,7,0,30,2,17,11,6,0.4,0.004052743781358004,0.028180649504065514,0.11935973167419434,0.015112890861928463,0.26940178871154785,0.0,0.0,0.007120917085558176,0.025246908888220787,0.0,0.0858394205570221,,0.033577241003513336,0.03469552844762802,0.06990508735179901,0.12218204140663147,0.061022717505693436,0.020150678232312202,0.039049871265888214,0.06510178744792938,1,131,2.365285122188907,6,43,82,23776.544921875,0.33263111114501953,0.2840486466884613,0.33429908752441406,0.2917315661907196,0.04256751760840416,67,7,0,0,4,14,6,8,0.4122137404580153,0.06301704794168472,0.026326362043619156,0.04256751760840416,0.01044869888573885,0.1431593894958496,0.0017244312912225723,0.0004071087168995291,0.0635058581829071,0.03274025022983551,,0.08692635595798492,0.04902121052145958,0.1344767063856125,0.04466748610138893,0.021204790100455284,0.06455757468938828,0.0,0.02657611295580864,0.04010096192359924,0.1485721915960312,-11,-0.26270772535249076,3,-4,-10,-2480.45703125,-0.08268606662750244,-0.04887969791889191,0.18058693408966064,0,0,0,30,-2,-2,-0.012213740458015265
g18654.t1,A0A5N6WJ65,0.9082,36.9,1,303,1.955943044241631,136,56,111,21896.19140625,0.15454931557178497,0.18726448714733124,0.6555562019348145,0.5134763121604919,0.14207985997200012,296,44,0,467,8,32,14,18,0.18811881188118812,0.06857603043317795,0.0011519759427756071,0.06782640516757965,0.034317269921302795,0.466846764087677,0.015305474400520325,0.0,0.0,0.04200773313641548,,0.0,0.002629999304190278,0.0738564059138298,0.021658046171069145,0.06316325068473816,0.020893463864922523,0.07425345480442047,0.0,0.0008841389790177345,0.04662953317165375,1,305,1.9632761468924442,141,57,107,21565.98046875,0.13546332716941833,0.2711935341358185,0.5781180262565613,0.32289111614227295,0.25522688031196594,295,24,0,363,-3,23,21,2,0.20655737704918034,0.027092618867754936,0.0,0.09791617095470428,0.041044123470783234,0.3042367696762085,0.09660288691520691,0.0,0.0,0.027102382853627205,0.0,0.0013158164219930768,0.015225180424749851,0.059708863496780396,0.05849859490990639,0.04646852985024452,0.0302647165954113,0.15731070935726166,0.0020877569913864136,0.01647058129310608,0.018654359504580498,-2,-0.007333102650813217,-5,-1,4,330.2109375,0.019085988402366638,-0.08392904698848724,0.07743817567825317,1,20,0,104,11,16,-0.01843856516799222
g497.t1,A0A5N6XJP9,0.9079,50.7,1,651,3.369440423598083,269,86,296,55085.11328125,0.1725480556488037,0.3158682584762573,0.4591970443725586,0.24977384507656097,0.2094232141971588,538,41,35,114,-5,37,38,-1,0.23195084485407066,0.01866714470088482,0.005459201522171497,0.17635388672351837,0.03279145061969757,0.16791364550590515,0.0735187754034996,0.002575020771473646,0.013237686827778816,0.009824715554714203,0.0,0.07309673726558685,0.052386704832315445,0.10766749083995819,0.03465167060494423,0.01812906749546528,0.08548341691493988,0.03306930884718895,0.00673153530806303,0.006582419853657484,0.08186018466949463,1,1125,4.2103397923282175,570,135,420,66157.71875,0.32403913140296936,0.2494324892759323,0.4176229238510132,0.20425690710544586,0.2133660614490509,915,80,15,438,3,45,39,6,0.16533333333333333,0.06366477161645889,0.013558204285800457,0.11688356101512909,0.03872636333107948,0.11198430508375168,0.06548858433961868,0.01118104811757803,0.02233133651316166,0.012441209517419338,0.0,0.05168183520436287,0.008905528113245964,0.04849716275930405,0.05017470195889473,0.03576776012778282,0.0756906121969223,0.09648249298334122,0.07567945867776871,0.008588558994233608,0.09227259457111359,-474,-0.8408993687301347,-301,-49,-124,-11072.60546875,-0.15149107575416565,0.06643576920032501,0.04157412052154541,-377,-39,20,-324,-8,-7,0.06661751152073733
g8731.t1,A0A5N6X055,0.9072,26.5,1,204,2.1209919773537687,98,32,74,23047.4296875,0.3188368082046509,0.3746495544910431,0.22069133818149567,0.1613880842924118,0.05930325388908386,174,12,50,214,-4,10,11,-1,0.27450980392156865,0.002930339192971587,0.0001399959292029962,0.029152069240808487,0.040674541145563126,0.08676473051309586,0.1107187569141388,0.00246406439691782,0.1049969419836998,0.006971070077270269,0.019718466326594353,0.09003928303718567,0.08582233637571335,0.1092865988612175,0.03191268444061279,0.06927397102117538,0.08728010207414627,0.030151188373565674,0.01707950234413147,0.0,0.07462335377931595,1,245,2.8524350083802847,92,33,120,36083.3125,0.30656903982162476,0.3675510287284851,0.2953502833843231,0.14092935621738434,0.15442092716693878,198,28,41,69,-14,17,27,-10,0.363265306122449,0.018686044961214066,0.02437070943415165,0.0976700559258461,0.040979720652103424,0.11328189074993134,0.05655347928404808,0.013317705132067204,0.04240283742547035,0.004867098294198513,0.03173705190420151,0.1084357276558876,0.030529743060469627,0.0592849925160408,0.02181832306087017,0.057127922773361206,0.059596527367830276,0.056750860065221786,0.020409757271409035,0.11453214287757874,0.02764745242893696,-41,-0.7314430310265161,6,-1,-46,-13035.8828125,0.012267768383026123,0.007098525762557983,-0.07465894520282745,-24,-16,9,145,10,9,-0.08875550220088035
g5810.t1,A0A5N6X8T5,0.9065,48.8,1,286,4.760696534554028,154,64,68,41607.51171875,0.2975045442581177,0.12626266479492188,0.5548347234725952,0.39033520221710205,0.16449955105781555,239,17,0,101,4,35,28,7,0.40559440559440557,0.040086355060338974,0.02512529492378235,0.13538087904453278,0.024569358676671982,0.22763244807720184,0.05405502766370773,0.011399439536035061,0.025668125599622726,0.007824952714145184,,0.12025047838687897,0.021397991105914116,0.02402600646018982,0.024970201775431633,0.04294787719845772,0.00972498208284378,0.029118681326508522,0.007056795991957188,0.0060623399913311005,0.162702739238739,1,310,5.198700907299028,158,64,88,48350.21484375,0.293731153011322,0.17684230208396912,0.5226489305496216,0.39301544427871704,0.12963351607322693,260,15,0,26,12,39,27,12,0.3870967741935484,0.02668704278767109,0.03594139590859413,0.10011819750070572,0.006967180874198675,0.18076731264591217,0.06308118253946304,0.009729774668812752,0.07934358716011047,0.016514871269464493,0.0,0.063016876578331,0.006777559872716665,0.04218829423189163,0.019419251009821892,0.0345684289932251,0.033011294901371,0.029515326023101807,0.02502480521798134,0.015079469420015812,0.21224814653396606,-24,-0.4380043727449996,-4,0,-20,-6742.703125,0.0037733912467956543,-0.05057963728904724,0.03218579292297363,-21,2,0,75,-8,-5,0.018497631400857195
g14003.t1,A0A5N6X3J6,0.905,25.8,1,141,1.4828874839418211,50,44,47,16040.8046875,0.24362069368362427,0.3389342725276947,0.4158359169960022,0.2605290412902832,0.1553068459033966,135,22,1,272,2,11,11,0,0.28368794326241137,0.05085661634802818,0.06311403214931488,0.07479902356863022,0.03266759216785431,0.2001488357782364,0.0725732371211052,0.0,0.0,0.006633237469941378,0.0,0.0,0.001609169295988977,0.1616712063550949,0.013879084028303623,0.10671938210725784,0.06400386244058609,0.08050781488418579,0.009051577188074589,0.0013850938994437456,0.060380224138498306,1,150,1.5339085258208693,54,43,53,16990.51953125,0.20167088508605957,0.16569949686527252,0.6023694276809692,0.3329406678676605,0.2694287598133087,136,18,5,144,-2,15,18,-3,0.28,0.029918042942881584,0.0,0.14772182703018188,0.02176954410970211,0.19697584211826324,0.008545705117285252,0.004167026374489069,0.0,0.050835270434617996,0.0,0.032853174954652786,0.030260151252150536,0.010577674955129623,0.004367763176560402,0.11562234163284302,0.07397131621837616,0.12170693278312683,0.01474254671484232,0.0,0.13596482574939728,-9,-0.05102104187904821,-4,1,-6,-949.71484375,0.0419498085975647,0.17323477566242218,-0.18653351068496704,-1,4,-4,128,4,3,0.0036879432624113417
g18995.t1,A0A5N6X2H8,0.9045,55.0,1,179,1.7417721843661573,61,47,71,19546.92578125,0.3295390009880066,0.14910562336444855,0.48805269598960876,0.29835188388824463,0.18970085680484772,158,29,0,190,-1,14,13,1,0.2569832402234637,0.014030667021870613,0.046867650002241135,0.10837382823228836,0.010369095019996166,0.15329968929290771,0.012942974455654621,0.044648319482803345,0.06156987324357033,0.004734247922897339,0.0,0.01831864006817341,0.033302661031484604,0.05840430036187172,0.04454490914940834,0.09073567390441895,0.05824337154626846,0.08132703602313995,0.008823282085359097,0.004411641042679548,0.14505217969417572,1,184,1.7578621268895043,67,46,71,19952.49609375,0.24055224657058716,0.2660202383995056,0.4751885235309601,0.3347589075565338,0.14042961597442627,159,21,0,139,3,15,10,5,0.2717391304347826,0.02743563987314701,0.02652066946029663,0.106770358979702,0.03844524174928665,0.27510249614715576,0.12424297630786896,0.005013053771108389,0.024741845205426216,0.02208932489156723,,0.025689994916319847,0.01823894865810871,0.057582221925258636,0.007762147579342127,0.10369697213172913,0.019661923870444298,0.03365924581885338,0.01969192363321781,0.003998543601483107,0.05965641885995865,-5,-0.016089942523346945,-6,1,0,-405.5703125,0.08898675441741943,-0.11691461503505707,0.012864172458648682,-1,8,0,51,-4,-4,-0.0147558902113189
g2301.t2,A0A5N6XML4,0.9027,41.1,1,450,3.420828569539247,50,183,217,37762.015625,0.19987498223781586,0.22768187522888184,0.5694558024406433,0.3676396608352661,0.2018161565065384,400,63,4,341,0,35,27,8,0.2111111111111111,0.04879758879542351,0.01350018847733736,0.16987772285938263,0.016364118084311485,0.306112676858902,0.07820405811071396,0.0,0.04058600589632988,0.008602327667176723,0.0,0.016910163685679436,0.002987298183143139,0.0390024334192276,0.018671376630663872,0.039155472069978714,0.07627369463443756,0.03193841129541397,0.02225419320166111,0.009235232137143612,0.06152698025107384,1,621,3.6322426666654475,89,188,344,73049.0859375,0.28919464349746704,0.2363860011100769,0.44937795400619507,0.2096257358789444,0.23975220322608948,488,88,1,350,-17,38,46,-8,0.31239935587761675,0.06548073142766953,0.00711029302328825,0.1786108762025833,0.07057123631238937,0.12806954979896545,0.04340347647666931,0.009275608696043491,0.031129471957683563,0.015109051018953323,0.0,0.021408000960946083,0.02504142001271248,0.03523079678416252,0.08425699174404144,0.039448536932468414,0.07207144796848297,0.06114134564995766,0.031085025519132614,0.0,0.08155617862939835,-171,-0.2114140971262004,-39,-5,-127,-35287.0703125,-0.08931966125965118,-0.008704125881195068,0.12007784843444824,-88,-25,3,-9,17,16,-0.10128824476650564
g6389.t1,A0A5N6X128,0.9023,65.1,1,192,2.149721056718171,79,47,66,23449.904296875,0.20985665917396545,0.22505398094654083,0.5475218892097473,0.3181656301021576,0.22935627400875092,167,35,2,88,-3,17,21,-4,0.2916666666666667,0.018002742901444435,0.012793025933206081,0.12531495094299316,0.02722105383872986,0.08187123388051987,0.06771612167358398,0.0,0.03230302035808563,0.006429235450923443,0.0034837876446545124,0.10284537076950073,0.017567439004778862,0.07763946801424026,0.0026142699643969536,0.028914853930473328,0.03335541859269142,0.10404133051633835,0.012383383698761463,0.00920889899134636,0.23629440367221832,1,213,2.5433778556792714,72,46,95,29848.0546875,0.29081597924232483,0.2502707242965698,0.4469514489173889,0.2169347107410431,0.23001672327518463,167,36,8,102,-8,16,21,-5,0.3474178403755869,0.033756136894226074,0.042583633214235306,0.17063285410404205,0.006891229189932346,0.11668741703033447,0.052774447947740555,,0.036321282386779785,0.017803288996219635,0.037324003875255585,0.0,0.01196199283003807,0.05162195861339569,0.023599756881594658,0.1446346640586853,0.041532307863235474,0.05938387289643288,0.009920467622578144,0.04232349991798401,0.10024730116128922,-21,-0.3936567989611004,7,1,-29,-6398.150390625,-0.08095932006835938,-0.02521674335002899,0.1005704402923584,0,-1,-6,-14,5,1,-0.05575117370892019
g12849.t1,A0A5N6XJC4,0.901,35.2,1,455,2.5761646849027033,143,104,208,31546.583984375,0.2263197898864746,0.33460667729377747,0.4192190170288086,0.2125973105430603,0.2066216915845871,385,42,15,561,-9,26,22,4,0.1912087912087912,0.03220117464661598,0.009370007552206516,0.10596776008605957,0.027938110753893852,0.08911792933940887,0.09759727865457535,0.0,0.02035347744822502,0.014321040362119675,0.020663153380155563,0.056947335600852966,0.01985454000532627,0.03489575907588005,0.022089887410402298,0.06801250576972961,0.11934319138526917,0.10065393149852753,0.01734541915357113,0.019848117604851723,0.12347941100597382,1,421,2.452722574722231,157,89,175,29269.001953125,0.3164161741733551,0.22224581241607666,0.4578103721141815,0.21385414898395538,0.24395626783370972,368,51,17,306,-6,25,24,1,0.19714964370546317,0.023613134399056435,0.042436473071575165,0.12051128596067429,0.01223386637866497,0.07877261191606522,0.08857474476099014,0.011685192584991455,0.010582813993096352,0.018555184826254845,0.014474818482995033,0.09767603874206543,0.0035276052076369524,0.04574158415198326,0.02579560875892639,0.05246222764253616,0.04212699458003044,0.12344498187303543,0.05216468870639801,0.0005386220291256905,0.13508152961730957,34,0.12344211018047213,-14,15,33,2277.58203125,-0.0900963842868805,0.1123608648777008,-0.038591355085372925,17,-9,-2,255,-3,3,-0.005940852496671978
g9582.t1,A0A5N6WLE3,0.899,32.6,1,662,2.455538719520821,225,162,275,30119.490234375,0.21166224777698517,0.25988298654556274,0.48219841718673706,0.3267870843410492,0.15541133284568787,642,84,28,886,-3,28,24,4,0.13897280966767372,0.04066315293312073,0.015077739953994751,0.10934823006391525,0.07792972773313522,0.171965092420578,0.0967920646071434,0.007605865132063627,0.008881594054400921,0.016182510182261467,0.0,0.008884035982191563,0.04625634476542473,0.04229828715324402,0.09702692180871964,0.019952263683080673,0.023203903809189796,0.04606310650706291,0.013570665381848812,0.0034765054006129503,0.1548219472169876,1,690,2.586473009161746,244,167,279,33002.2265625,0.20352791249752045,0.20308132469654083,0.5691466927528381,0.3955543339252472,0.17359229922294617,658,103,1,529,6,42,27,15,0.1318840579710145,0.03657558932900429,0.004204003605991602,0.10935917496681213,0.029305128380656242,0.12627479434013367,0.03574609011411667,0.0,0.0004888377152383327,0.03610335662961006,0.0,0.052906304597854614,0.024244138970971107,0.01014039944857359,0.05457788333296776,0.05477530509233475,0.08709827810525894,0.06423313170671463,0.0,0.0046880776062607765,0.2692795693874359,-28,-0.1309342896409249,-19,-5,-4,-2882.736328125,0.008134335279464722,0.05680166184902191,-0.08694827556610107,-16,-19,27,357,-9,-11,0.0070887516966592345
g12849.t1,A0A5N6WYM4,0.8984,37.3,1,455,2.5761646849027033,143,104,208,31546.583984375,0.2263197898864746,0.33460667729377747,0.4192190170288086,0.2125973105430603,0.2066216915845871,385,42,15,561,-9,26,22,4,0.1912087912087912,0.03220117464661598,0.009370007552206516,0.10596776008605957,0.027938110753893852,0.08911792933940887,0.09759727865457535,0.0,0.02035347744822502,0.014321040362119675,0.020663153380155563,0.056947335600852966,0.01985454000532627,0.03489575907588005,0.022089887410402298,0.06801250576972961,0.11934319138526917,0.10065393149852753,0.01734541915357113,0.019848117604851723,0.12347941100597382,1,405,2.387672597737317,146,91,168,26949.3359375,0.2636217474937439,0.2762596607208252,0.4359721541404724,0.20403225719928741,0.2319398671388626,393,46,13,271,-8,25,21,4,0.17777777777777778,0.0200972780585289,0.022059300914406776,0.11058417707681656,0.03992507979273796,0.08241637796163559,0.05550248920917511,0.0,0.03563874587416649,0.03367747366428375,0.03324754536151886,0.042981766164302826,0.02414640597999096,0.05642816424369812,0.04118587076663971,0.05317779630422592,0.04484327509999275,0.12135570496320724,0.04848099127411842,0.012635653838515282,0.12161586433649063,50,0.18849208716538612,-3,13,40,4597.248046875,-0.03730195760726929,0.05834701657295227,-0.01675313711166382,-8,-4,2,290,-1,0,0.013431013431013411
g18654.t1,A0A5N6XG46,0.898,29.3,1,303,1.955943044241631,136,56,111,21896.19140625,0.15454931557178497,0.18726448714733124,0.6555562019348145,0.5134763121604919,0.14207985997200012,296,44,0,467,8,32,14,18,0.18811881188118812,0.06857603043317795,0.0011519759427756071,0.06782640516757965,0.034317269921302795,0.466846764087677,0.015305474400520325,0.0,0.0,0.04200773313641548,,0.0,0.002629999304190278,0.0738564059138298,0.021658046171069145,0.06316325068473816,0.020893463864922523,0.07425345480442047,0.0,0.0008841389790177345,0.04662953317165375,1,313,1.9742965498551712,140,61,112,21403.83984375,0.26057732105255127,0.24942588806152344,0.4695308804512024,0.20658814907073975,0.26294267177581787,303,37,0,212,-5,21,22,-1,0.19169329073482427,0.034242961555719376,0.0,0.1718667596578598,0.027290981262922287,0.1695573478937149,0.11157223582267761,0.0006001178408041596,0.04778652638196945,0.041288334876298904,0.0,0.014498651027679443,0.02046588435769081,0.028359215706586838,0.10667233169078827,0.05436481907963753,0.039256930351257324,0.09107592701911926,0.0024119382724165916,0.0016582075040787458,0.03703080862760544,-10,-0.01835350561354021,-4,-5,-1,492.3515625,-0.1060280054807663,-0.0621614009141922,0.18602532148361206,-7,7,0,255,13,19,-0.003574478853636154
g7793.t2,A0A5N6XAF5,0.8958,31.6,1,143,1.8519244369640455,109,0,34,18054.861328125,0.5307351350784302,0.08196493983268738,0.3791269063949585,0.30635708570480347,0.07276981323957443,143,6,0,167,8,13,5,8,0.3076923076923077,0.025095956400036812,0.11173205822706223,0.03992239758372307,0.006242553703486919,0.1026616021990776,0.0,0.02785804122686386,0.06401704996824265,0.008443527854979038,0.0,0.10132737457752228,0.00817298423498869,0.021327603608369827,0.09785044193267822,0.10249680280685425,0.026777103543281555,0.03284741938114166,0.00035741578903980553,0.01917414925992489,0.20369552075862885,1,151,1.8761124928276616,118,0,33,18687.484375,0.4737771451473236,0.21323537826538086,0.2942367196083069,0.20197969675064087,0.09225703030824661,139,4,1,196,6,10,5,5,0.2980132450331126,0.01847442053258419,0.011913411319255829,0.049566466361284256,0.016464963555336,0.1924947202205658,0.04602663964033127,0.01640252210199833,0.13038961589336395,0.014043815433979034,0.0,0.08211835473775864,0.018750784918665886,0.022625045850872993,0.06388351321220398,0.1031142920255661,0.04572862386703491,0.04269055277109146,0.0474809855222702,0.0683462992310524,0.00948498398065567,-8,-0.024188055863616054,-9,0,1,-632.623046875,0.05695798993110657,-0.13127043843269348,0.08489018678665161,4,2,-1,-29,2,3,0.009679062659195103
g2677.t1,A0A5N6XIS5,0.8921,57.8,1,146,2.8428864702513956,14,22,110,27516.423828125,0.2018314152956009,0.34910181164741516,0.38815149664878845,0.2517652213573456,0.13638627529144287,59,4,10,0,20,17,9,8,0.4383561643835616,0.029375849291682243,0.02004058286547661,0.12524473667144775,0.05509759113192558,0.059738896787166595,0.18214789032936096,,0.0034005087800323963,0.040187958627939224,0.010085110552608967,0.016064472496509552,0.060915276408195496,0.01986146718263626,0.014188330620527267,0.060601264238357544,0.021151762455701828,0.011141534894704819,0.05816042795777321,0.020570000633597374,0.19202633202075958,1,147,3.1269899854969805,13,26,108,30820.5,0.3221566379070282,0.2066173404455185,0.4061451256275177,0.2950858473777771,0.11105927079916,59,0,10,4,26,22,7,15,0.4489795918367347,0.05680995061993599,0.002198454923927784,0.052173808217048645,0.033442653715610504,0.15690398216247559,0.06332243233919144,,0.023345492780208588,0.041032060980796814,0.005001674871891737,0.02543926052749157,0.06508097052574158,0.021228719502687454,0.04061906412243843,0.141721710562706,0.022076644003391266,0.05888546258211136,0.032022688537836075,0.020513150840997696,0.1381818652153015,-1,-0.28410351524558486,1,-4,2,-3304.076171875,-0.12032522261142731,0.14248447120189667,-0.017993628978729248,0,4,0,-4,-6,-7,-0.010623427453173073
g8749.t1,A0A5N6XFR9,0.8913,55.1,1,172,1.4744341612294183,23,56,93,15771.875,0.20759722590446472,0.13824602961540222,0.6541568040847778,0.49790364503860474,0.1562531292438507,164,21,6,144,4,22,10,12,0.2441860465116279,0.005932702217251062,0.029203053563833237,0.08307071775197983,0.0179047379642725,0.35924601554870605,0.0,0.014320316724479198,0.004091519396752119,0.023813478648662567,0.0,0.0256040021777153,0.0,0.08258930593729019,0.05049761012196541,0.07314082235097885,0.010493364185094833,0.07318239659070969,0.004807214718312025,0.003445143112912774,0.1386576145887375,1,215,2.891956607088141,27,51,137,32379.103515625,0.34336820244789124,0.3395580053329468,0.30555135011672974,0.2483750581741333,0.05717630684375763,167,21,1,173,6,22,9,13,0.3627906976744186,0.008009918965399265,0.0033267273101955652,0.03827832266688347,0.09563014656305313,0.13718199729919434,0.06059208884835243,0.007872273214161396,0.11600447446107864,0.016667714342474937,0.026745634153485298,0.08032722771167755,0.01152249425649643,0.06902290880680084,0.0406610332429409,0.07091948390007019,0.06358259171247482,0.01889798790216446,0.01624702289700508,0.0073169199749827385,0.11119304597377777,-43,-1.4175224458587228,-4,5,-44,-16607.228515625,-0.1357709765434265,-0.20131197571754456,0.3486054539680481,-3,0,5,-29,-2,-1,-0.11860465116279073
g8463.t1,A0A5N6XAF5,0.8904,33.8,1,143,1.8645441077157223,111,0,32,18367.671875,0.568501889705658,0.04660552740097046,0.379294753074646,0.3097875416278839,0.0695071890950203,138,6,0,191,8,12,5,7,0.3076923076923077,0.045780327171087265,0.04366834834218025,0.06676064431667328,0.007681175600737333,0.164634108543396,0.0,0.029140248894691467,0.12412499636411667,0.004634807351976633,0.0,0.07694101333618164,0.005597876850515604,0.017869198694825172,0.08968441188335419,0.13088053464889526,0.003636889159679413,0.002746552461758256,0.02828196994960308,0.012783453799784184,0.1451534628868103,1,151,1.8761124928276616,118,0,33,18687.484375,0.4737771451473236,0.21323537826538086,0.2942367196083069,0.20197969675064087,0.09225703030824661,139,4,1,196,6,10,5,5,0.2980132450331126,0.01847442053258419,0.011913411319255829,0.049566466361284256,0.016464963555336,0.1924947202205658,0.04602663964033127,0.01640252210199833,0.13038961589336395,0.014043815433979034,0.0,0.08211835473775864,0.018750784918665886,0.022625045850872993,0.06388351321220398,0.1031142920255661,0.04572862386703491,0.04269055277109146,0.0474809855222702,0.0683462992310524,0.00948498398065567,-8,-0.01156838511193925,-7,0,-1,-319.8125,0.09472474455833435,-0.1666298508644104,0.08505803346633911,-1,2,-1,-5,2,2,0.009679062659195103
g1275.t1,A0A5N6WIW2,0.8883,21.0,1,349,2.1422740814549726,36,162,151,25549.08203125,0.2141849398612976,0.21629486978054047,0.5693963766098022,0.3353751301765442,0.23402121663093567,340,38,83,265,-2,31,22,9,0.18624641833810887,0.014990860596299171,0.011853810399770737,0.18323104083538055,0.04390062391757965,0.1498187929391861,0.07348886132240295,0.021780606359243393,0.0,0.0,0.00037022691685706377,0.031451109796762466,0.00012388653703965247,0.06028947979211807,0.023472318425774574,0.08827788382768631,0.009806891903281212,0.05079018697142601,0.02235836535692215,0.028438767418265343,0.1855563074350357,1,359,2.6789391858435265,0,166,193,33547.6171875,0.2565934956073761,0.2594059407711029,0.4840005338191986,0.3306010365486145,0.1533994972705841,312,26,1,82,-6,29,12,17,0.2200557103064067,0.028721868991851807,0.002362790983170271,0.11458354443311691,0.03213543817400932,0.16146890819072723,0.10348658263683319,0.0,0.05416112393140793,0.009856638498604298,0.0,0.06536383181810379,0.0,0.034905679523944855,0.011733727529644966,0.08713296055793762,0.07676593214273453,0.03881596401333809,0.007117179688066244,0.0022556493058800697,0.16913212835788727,-10,-0.536665104388554,36,-4,-42,-7998.53515625,-0.04240855574607849,-0.04311107099056244,0.08539584279060364,28,12,82,183,4,-8,-0.03380929196829782
g13126.t1,A0A5N6WTV8,0.888,37.7,1,475,3.5459949687802097,241,60,174,48665.03515625,0.295164555311203,0.2719237804412842,0.43151938915252686,0.3303597569465637,0.10115962475538254,382,47,5,295,19,39,18,21,0.2926315789473684,0.030698515474796295,0.042557552456855774,0.0527583472430706,0.03421700745820999,0.21691060066223145,0.08783549815416336,0.03132764622569084,0.03086911328136921,0.023979907855391502,0.010978101752698421,0.07128839939832687,0.00139232340734452,0.03770270198583603,0.025438467040657997,0.009168194606900215,0.04355432093143463,0.048401277512311935,0.053816650062799454,0.03365621715784073,0.11344917118549347,1,320,2.880735068539477,153,58,109,32713.748046875,0.22236394882202148,0.2542106509208679,0.5212554931640625,0.310780793428421,0.21047468483448029,281,44,0,178,-3,25,25,0,0.28125,0.061366964131593704,0.013368664309382439,0.17972911894321442,0.023166421800851822,0.08017627894878387,0.09510429203510284,,0.014005414210259914,0.013861502520740032,0.0,0.05542987957596779,0.0021698528435081244,0.014779125340282917,0.06022869050502777,0.006424671038985252,0.09700199216604233,0.03074556030333042,0.011539671570062637,0.010297342203557491,0.23060451447963715,155,0.6652599002407329,88,2,65,15951.287109375,0.07280060648918152,0.01771312952041626,-0.08973610401153564,101,3,5,117,22,21,0.01138157894736841
g7156.t1,A0A5N6WSS2,0.8872,31.6,1,210,2.6414763408433584,28,54,128,30694.65234375,0.2810809016227722,0.1914982944726944,0.5135028958320618,0.3704933524131775,0.14300954341888428,154,22,1,179,3,22,16,6,0.3380952380952381,0.01708383299410343,0.029671574011445045,0.07843843847513199,0.054036613553762436,0.3124403953552246,0.0125760892406106,0.0,0.06309415400028229,0.025718918070197105,0.011705323122441769,0.07342682778835297,0.01391783356666565,0.041446808725595474,0.006751158274710178,0.06529957056045532,0.0202911589294672,0.06457110494375229,0.025753794237971306,0.025723392143845558,0.058052971959114075,1,190,1.5849591777496645,32,56,102,17408.984375,0.06988029181957245,0.2152300775051117,0.6511982083320618,0.20792657136917114,0.44327157735824585,158,23,0,131,-6,13,17,-4,0.22631578947368422,0.0,0.0,0.3066475987434387,0.06032125651836395,0.12912586331367493,0.045642219483852386,0.0,0.0011120280250906944,0.028018098324537277,0.0,0.002038717968389392,0.0636914074420929,0.004365705884993076,0.046149156987667084,0.006890728138387203,0.07688277959823608,0.13662400841712952,0.013689658604562283,0.0,0.07880070060491562,20,1.0565171630936938,-4,-2,26,13285.66796875,0.21120060980319977,-0.023731783032417297,-0.1376953125,-4,-1,1,48,9,10,0.1117794486215539
g7761.t1,A0A5N6X8R5,0.8871,54.2,1,590,3.21443410175121,293,95,202,49414.30859375,0.325496643781662,0.19474786520004272,0.4579184353351593,0.2878328859806061,0.17008554935455322,524,68,6,52,0,40,35,5,0.21016949152542372,0.049243293702602386,0.011352774687111378,0.11683914065361023,0.039918314665555954,0.14909742772579193,0.04665030166506767,0.0,0.08167893439531326,0.02675754390656948,0.0003917747235391289,0.06525944918394089,0.02183704823255539,0.025761956349015236,0.00992496032267809,0.09578991681337357,0.026265747845172882,0.05324642360210419,0.012247323989868164,0.029002217575907707,0.13873544335365295,1,588,3.119705612426698,278,92,218,48518.0234375,0.33698025345802307,0.2158132791519165,0.4442138373851776,0.26140904426574707,0.18280477821826935,516,67,0,52,-5,34,35,-1,0.21768707482993196,0.0399138480424881,0.00412312475964427,0.14369823038578033,0.0482843816280365,0.1393928825855255,0.06473162025213242,,0.09225784987211227,0.038716234266757965,0.0,0.04865218326449394,0.002992590656504035,0.0108463941141963,0.032984789460897446,0.10667908936738968,0.032346054911613464,0.03910654038190842,0.012369373813271523,0.020888589322566986,0.12201616913080215,2,0.09472848932451194,15,3,-16,896.28515625,-0.011483609676361084,-0.02106541395187378,0.01370459794998169,8,1,6,0,5,6,-0.007517583304508246
g10396.t1,A0A5N6WZE5,0.885,53.3,1,150,2.492188784509351,48,36,66,25934.296875,0.24991004168987274,0.11692671477794647,0.6326656341552734,0.5782984495162964,0.054367125034332275,105,14,3,51,28,32,6,26,0.35333333333333333,0.04766087979078293,0.0,0.05265938863158226,0.01886529102921486,0.3685007095336914,0.055638376623392105,,0.06619831174612045,0.016424482688307762,0.0,0.035457514226436615,0.0004976493073627353,0.004156675189733505,0.01965714618563652,0.08093617856502533,0.021841896697878838,0.0017077357042580843,0.0,0.0,0.20979779958724976,1,133,2.341723775044046,47,36,50,22687.359375,0.16047680377960205,0.2798653244972229,0.5596578121185303,0.4434572458267212,0.11620056629180908,108,19,0,48,23,25,8,17,0.3007518796992481,0.010666335001587868,0.010097463615238667,0.07623032480478287,0.02256399393081665,0.2722971737384796,0.06356426328420639,,0.009689818136394024,0.0031060948967933655,,0.04366086423397064,0.0,0.1207597479224205,0.027583768591284752,0.0587785579264164,0.008319517597556114,0.03997025266289711,0.0,0.061551693826913834,0.17116010189056396,17,0.15046500946530506,1,0,16,3246.9375,0.08943323791027069,-0.16293860971927643,0.07300782203674316,-3,-5,3,3,5,9,0.05258145363408523
g16495.t1,A0A5N6WYK5,0.8825,46.4,1,293,2.376564677465417,131,44,118,32126.3515625,0.23843830823898315,0.29863980412483215,0.42511677742004395,0.34116047620773315,0.08395633101463318,269,31,4,17,3,24,15,9,0.25597269624573377,0.010935749858617783,0.03914826363325119,0.049564965069293976,0.03214188665151596,0.15753690898418427,0.10564696788787842,0.0,0.015959691256284714,0.01718028448522091,0.005610366351902485,0.0702160969376564,0.03780509904026985,0.045698054134845734,0.014864086173474789,0.050992004573345184,0.044070515781641006,0.0343913659453392,0.03632240742444992,0.048291705548763275,0.1836235672235489,1,292,2.727372658803237,131,46,115,34126.7734375,0.27381348609924316,0.21614854037761688,0.5045830011367798,0.3952842950820923,0.1092987135052681,268,22,3,130,5,28,15,13,0.2773972602739726,0.022913705557584763,0.002821288537234068,0.09996728599071503,0.024358350783586502,0.21808817982673645,0.008174770511686802,0.0,0.06312833726406097,0.0117431515827775,0.006542505230754614,0.08463522046804428,0.0054548936896026134,0.018928637728095055,0.029427185654640198,0.055803537368774414,0.07512600719928741,0.00933142937719822,0.015084232203662395,0.07127512991428375,0.17719611525535583,1,-0.35080798133782,0,-2,3,-2000.421875,-0.03537517786026001,0.08249126374721527,-0.07946622371673584,1,9,1,-113,-2,-4,-0.021424564028238835
g19502.t2,A0A5N6WU22,0.8805,38.0,1,350,2.146238970986476,17,174,159,25342.0859375,0.1676000952720642,0.23029498755931854,0.5847468972206116,0.40470603108406067,0.1800408810377121,311,30,55,330,1,26,17,9,0.19142857142857142,0.021154986694455147,0.014760375022888184,0.06353683769702911,0.029558083042502403,0.31000879406929016,0.06652789562940598,0.05263770744204521,0.011452965438365936,0.0406024307012558,0.0,0.00611134385690093,0.017358053475618362,0.07732167840003967,0.04108941927552223,0.01521961111575365,0.015147740021348,0.11650404334068298,0.005173664074391127,0.0011371690779924393,0.0946972444653511,1,760,2.9648842231118753,147,241,372,43538.78515625,0.211430162191391,0.3572297692298889,0.41812199354171753,0.22076401114463806,0.19735798239707947,611,67,14,651,-7,37,30,7,0.15,0.03548876568675041,0.0023714369162917137,0.13427816331386566,0.0707588866353035,0.11182558536529541,0.08771122246980667,0.015488446690142155,0.03268136456608772,0.01749764196574688,0.0025518510956317186,0.03388543426990509,0.013218133710324764,0.07379001379013062,0.03411766514182091,0.026241762563586235,0.0904095321893692,0.06307980418205261,0.031155288219451904,0.014510606415569782,0.10893840342760086,-410,-0.8186452521253993,-130,-67,-213,-18196.69921875,-0.04383006691932678,-0.12693478167057037,0.16662490367889404,-300,-37,41,-321,8,2,0.041428571428571426
g215.t1,A0A5N6X106,0.8795,18.9,1,219,2.8489576263516634,81,73,65,27967.03125,0.2796042859554291,0.262187659740448,0.4582080543041229,0.26098212599754333,0.1972259134054184,202,21,1,69,-5,20,21,-1,0.3242009132420091,0.0013844356872141361,0.01565798558294773,0.1498674601316452,0.034421149641275406,0.2121748924255371,0.051248110830783844,0.005191633477807045,0.10217541456222534,0.02115890383720398,0.0,0.08809206634759903,0.0,0.10712172091007233,0.03261278569698334,0.03448997437953949,0.029567372053861618,0.0473584309220314,0.0,0.01867038570344448,0.04880722984671593,1,266,2.3934083156496557,91,73,102,28879.5234375,0.23105326294898987,0.09873099625110626,0.630964457988739,0.33348163962364197,0.29748278856277466,224,31,0,129,4,27,24,3,0.2744360902255639,0.01312743779271841,0.0495743490755558,0.13683216273784637,0.0026304416824132204,0.20637476444244385,0.026160147041082382,0.006815185770392418,0.048376645892858505,0.006091760005801916,,0.025137977674603462,0.03925132006406784,0.028352972120046616,0.05631636455655098,0.006166256032884121,0.027619637548923492,0.1606506109237671,0.025539029389619827,0.00787604134529829,0.12710689008235931,-47,0.45554931070200766,-10,0,-37,-912.4921875,0.04855102300643921,0.16345666348934174,-0.1727564036846161,-22,-10,1,-60,-9,-4,0.04976482301644519
g497.t1,A0A5N6XAR4,0.8786,45.8,1,651,3.369440423598083,269,86,296,55085.11328125,0.1725480556488037,0.3158682584762573,0.4591970443725586,0.24977384507656097,0.2094232141971588,538,41,35,114,-5,37,38,-1,0.23195084485407066,0.01866714470088482,0.005459201522171497,0.17635388672351837,0.03279145061969757,0.16791364550590515,0.0735187754034996,0.002575020771473646,0.013237686827778816,0.009824715554714203,0.0,0.07309673726558685,0.052386704832315445,0.10766749083995819,0.03465167060494423,0.01812906749546528,0.08548341691493988,0.03306930884718895,0.00673153530806303,0.006582419853657484,0.08186018466949463,1,1032,4.206512503895981,557,143,332,58348.5625,0.34049272537231445,0.24347850680351257,0.4031616449356079,0.22741110622882843,0.17575053870677948,907,76,9,417,7,38,33,5,0.15988372093023256,0.058205921202898026,0.018069768324494362,0.06933101266622543,0.06255748867988586,0.10712599754333496,0.03820949047803879,0.02096373215317726,0.022948581725358963,0.016593044623732567,0.0029907950665801764,0.06134776026010513,0.012867121957242489,0.03609077259898186,0.08977425843477249,0.0312635637819767,0.061793845146894455,0.10641952604055405,0.03791915252804756,0.02524305321276188,0.12028510123491287,-381,-0.8370720802978981,-288,-57,-36,-3263.44921875,-0.16794466972351074,0.07238975167274475,0.056035399436950684,-369,-35,26,-303,-12,-6,0.0720671239238381
g906.t1,A0A5N6WP43,0.8784,32.5,1,885,3.0482095969791447,255,200,430,38557.953125,0.17850589752197266,0.461465060710907,0.3357546925544739,0.20882365107536316,0.12693101167678833,831,95,50,819,-13,26,22,4,0.14350282485875707,0.022870942950248718,0.012301022186875343,0.04932607710361481,0.07128219306468964,0.12655186653137207,0.12008362263441086,0.01563073694705963,0.011045817285776138,0.033295173197984695,0.0026984973810613155,0.02967984415590763,0.024274324998259544,0.16069786250591278,0.06835711747407913,0.012129584327340126,0.06438387930393219,0.07760494202375412,0.006490825675427914,0.009023870341479778,0.0822717696428299,1,904,2.902210398032084,242,191,471,40961.1875,0.18245819211006165,0.2990468442440033,0.48969966173171997,0.2853791415691376,0.2043205201625824,827,84,58,826,-20,37,34,3,0.13053097345132744,0.012988205999135971,0.00039026240119710565,0.11085832864046097,0.023764701560139656,0.19828061759471893,0.0357733778655529,0.0016541871009394526,0.014413262717425823,0.032649725675582886,0.0,0.02249792218208313,0.02879532240331173,0.09487269073724747,0.05033455044031143,0.05915876105427742,0.11050766706466675,0.09346221387386322,0.021021034568548203,0.0014786870451644063,0.08709850162267685,-19,0.14599919894706082,13,9,-41,-2403.234375,-0.003952294588088989,0.1624182164669037,-0.1539449691772461,4,11,-8,-7,7,1,0.012971851407429624
g2271.t1,A0A5N6WTN2,0.8772,68.5,1,70,1.3746790054506806,0,31,39,14606.509765625,0.1947566419839859,0.1939614862203598,0.606047511100769,0.49379944801330566,0.11224808543920517,38,6,0,0,4,13,6,7,0.38571428571428573,0.008394117467105389,0.002379514742642641,0.09627431631088257,0.0002158616844099015,0.12434215843677521,0.11020271480083466,,0.0,0.03852212429046631,,0.022124342620372772,0.005234335083514452,0.0,0.018113620579242706,0.11842741817235947,0.04502078890800476,0.015973765403032303,0.025317635387182236,,0.3694572448730469,1,68,1.3210823017481232,0,31,37,13967.517578125,0.22852221131324768,0.12332180887460709,0.6481559872627258,0.48432132601737976,0.1638345867395401,49,7,0,0,6,12,6,6,0.38235294117647056,0.027940895408391953,0.013398205861449242,0.052598174661397934,0.0004514740430749953,0.0704890713095665,0.04067809134721756,,0.0,0.0,0.0,0.008284528739750385,,0.0,0.032802507281303406,0.1410139948129654,0.08219224214553833,0.11123640835285187,0.005082078278064728,,0.41383230686187744,2,0.05359670370255731,0,0,2,638.9921875,-0.03376556932926178,0.07063967734575272,-0.04210847616195679,-11,-1,0,0,-2,1,0.0033613445378151696
g8228.t1,A0A5N6WXU3,0.8745,56.6,1,161,3.630897550666757,25,49,87,36981.6953125,0.2729588449001312,0.3226589858531952,0.3992345929145813,0.3055434823036194,0.0936911478638649,79,11,0,0,13,22,7,15,0.515527950310559,0.009420698508620262,0.028850950300693512,0.0796969011425972,0.07763608545064926,0.250274121761322,0.17603686451911926,0.004624097142368555,0.004013367462903261,0.00600478844717145,0.009640666656196117,0.0021811779588460922,0.005147579591721296,0.0005987857584841549,0.13231752812862396,0.05447894334793091,0.05197444558143616,0.013994247652590275,0.037072066217660904,0.0007673220825381577,0.055269330739974976,1,116,2.3873801951580518,24,52,40,21517.458984375,0.2920001447200775,0.22269628942012787,0.46597421169281006,0.3261279761791229,0.13984623551368713,85,14,0,0,8,17,8,9,0.4482758620689655,0.06772913783788681,0.020393220707774162,0.11388964205980301,0.011682437732815742,0.25560957193374634,0.04626629874110222,0.008097308687865734,0.031039685010910034,0.01212600152939558,0.0,0.00404865387827158,0.019329313188791275,0.04742076247930527,0.06795040518045425,0.08755159378051758,0.0973765030503273,0.025956591591238976,0.0051901382394135,0.007824286818504333,0.07051843404769897,45,1.2435173555087053,1,-3,47,15464.236328125,-0.01904129981994629,0.09996269643306732,-0.06673961877822876,-6,-3,0,0,5,6,0.06725208824159346
g16757.t1,A0A5N6X955,0.8738,26.6,1,197,2.4973801951512273,97,10,90,28808.484375,0.15957318246364594,0.19550150632858276,0.6088588833808899,0.4035293757915497,0.2053295075893402,152,15,0,39,19,30,17,13,0.3299492385786802,0.0024639968760311604,0.004367995075881481,0.15148918330669403,0.02678734064102173,0.2507661283016205,0.015460323542356491,0.0,0.024466685950756073,0.011800489388406277,,0.05225507169961929,0.0360664464533329,0.008345458656549454,0.029567964375019073,0.0389733612537384,0.08555056154727936,0.053840335458517075,0.007478105835616589,0.04755733162164688,0.15276320278644562,1,188,2.3447708574596215,103,10,75,24115.150390625,0.20844848453998566,0.23944023251533508,0.5332341194152832,0.331937700510025,0.20129646360874176,160,34,1,69,8,23,14,9,0.3191489361702128,0.0025421520695090294,0.0,0.08150119334459305,0.020300190895795822,0.2383347600698471,0.08853331953287125,0.0,0.06502556800842285,0.005877937655895948,0.0,0.08068819344043732,0.01887710951268673,0.019389024004340172,0.018330253660678864,0.0390525721013546,0.04148164018988609,0.11979526281356812,0.002809746889397502,0.06385811418294907,0.09360291808843613,9,0.15260933769160578,-6,0,15,4693.333984375,-0.04887530207633972,-0.04393872618675232,0.07562476396560669,-8,-19,-1,-30,11,4,0.01080030240846741
g497.t1,A0A5N6XIF5,0.8734,28.6,1,651,3.369440423598083,269,86,296,55085.11328125,0.1725480556488037,0.3158682584762573,0.4591970443725586,0.24977384507656097,0.2094232141971588,538,41,35,114,-5,37,38,-1,0.23195084485407066,0.01866714470088482,0.005459201522171497,0.17635388672351837,0.03279145061969757,0.16791364550590515,0.0735187754034996,0.002575020771473646,0.013237686827778816,0.009824715554714203,0.0,0.07309673726558685,0.052386704832315445,0.10766749083995819,0.03465167060494423,0.01812906749546528,0.08548341691493988,0.03306930884718895,0.00673153530806303,0.006582419853657484,0.08186018466949463,1,393,2.5185580420316818,169,87,137,30100.25,0.2665313184261322,0.211630716919899,0.5106437802314758,0.3402712047100067,0.17037254571914673,334,27,31,252,4,26,19,7,0.20865139949109415,0.029482383280992508,0.03746146336197853,0.14093272387981415,0.018851028755307198,0.11400017142295837,0.0968247503042221,0.003193377051502466,0.008039500564336777,0.011201118119060993,0.0005414461484178901,0.07465232908725739,0.011194146238267422,0.04421385005116463,0.09728933125734329,0.012714938260614872,0.022560913115739822,0.029439829289913177,0.003698002314195037,0.017437627539038658,0.22627103328704834,258,0.8508823815664011,100,-1,159,24984.86328125,-0.09398326277732849,0.10423754155635834,-0.051446735858917236,204,14,4,-138,-9,-8,0.023299445362976512
g11087.t1,A0A5N6XJQ9,0.8733,90.2,1,103,2.274646028889123,49,0,54,22393.53125,0.2290414720773697,0.12820476293563843,0.6029806733131409,0.5717524886131287,0.031228255480527878,71,10,0,20,18,24,4,20,0.42718446601941745,0.04209933802485466,0.0022659229580312967,0.02653590217232704,0.004610683303326368,0.3180809020996094,0.00471204798668623,,0.0037461803294718266,0.061176322400569916,,0.05518411099910736,0.039773084223270416,0.001554237212985754,0.010518120601773262,0.09375931322574615,0.022122763097286224,0.004692354239523411,0.021468494087457657,0.034028712660074234,0.2536715567111969,1,103,2.246323009696587,49,0,54,22208.0078125,0.204310804605484,0.15814368426799774,0.5964535474777222,0.5647400617599487,0.03171346336603165,71,10,0,20,18,24,4,20,0.44660194174757284,0.011728540994226933,0.010751276277005672,0.026559295132756233,0.0126035762950778,0.3078501522541046,0.005898248869925737,,0.006247363053262234,0.08971777558326721,,0.028271442279219627,0.04109197109937668,0.0,0.010605988092720509,0.13568921387195587,0.016080087050795555,0.005154166836291552,0.001017012633383274,0.0338440015912056,0.2568899989128113,0,0.02832301919253588,0,0,0,185.5234375,0.02473066747188568,-0.029938921332359314,0.006527125835418701,0,0,0,0,0,0,-0.019417475728155387
g9728.t1,A0A5N6WL56,0.8725,67.5,1,95,1.8080708015595255,9,22,64,16641.54296875,0.38505157828330994,0.3428803086280823,0.2622095048427582,0.18945060670375824,0.07275888323783875,48,1,21,51,8,10,4,6,0.42105263157894735,0.0011633102549239993,0.07285033166408539,0.06953798234462738,0.055797282606363297,0.17138181626796722,0.0917636901140213,,0.014347492717206478,0.045340146869421005,0.004362109582871199,0.13782572746276855,0.009858640842139721,0.042325422167778015,0.03308803588151932,0.09766332060098648,0.060312893241643906,0.003220900660380721,0.02811332978308201,0.04297877103090286,0.01806880533695221,1,82,1.7833090751192953,6,22,54,15362.0966796875,0.4680171012878418,0.27764415740966797,0.2507961392402649,0.1953418105840683,0.055454321205616,42,2,15,47,7,6,2,4,0.45121951219512196,0.04332771897315979,0.00963757187128067,0.05114419013261795,0.04941454157233238,0.07580575346946716,0.08231224864721298,,0.0705423355102539,0.06644751876592636,0.007417532615363598,0.16453175246715546,0.0035426008980721235,0.03026251122355461,0.038258858025074005,0.07051770389080048,0.041789792478084564,0.004310134332627058,0.07120116055011749,,0.11953606456518173,13,0.024761726440230225,3,0,10,1279.4462890625,-0.08296552300453186,0.0652361512184143,0.011413365602493286,6,-1,6,4,1,2,-0.03016688061617462
g18654.t1,A0A5N6X8Y2,0.8719,28.6,1,303,1.955943044241631,136,56,111,21896.19140625,0.15454931557178497,0.18726448714733124,0.6555562019348145,0.5134763121604919,0.14207985997200012,296,44,0,467,8,32,14,18,0.18811881188118812,0.06857603043317795,0.0011519759427756071,0.06782640516757965,0.034317269921302795,0.466846764087677,0.015305474400520325,0.0,0.0,0.04200773313641548,,0.0,0.002629999304190278,0.0738564059138298,0.021658046171069145,0.06316325068473816,0.020893463864922523,0.07425345480442047,0.0,0.0008841389790177345,0.04662953317165375,1,310,1.9526704136619126,133,59,118,21371.48828125,0.20522448420524597,0.21127301454544067,0.5688826441764832,0.28987300395965576,0.2790096700191498,309,44,0,236,-5,21,21,0,0.2,0.06352780014276505,0.0015097432769834995,0.18249158561229706,0.046008363366127014,0.19445592164993286,0.031391631811857224,0.0,0.0,0.0384436771273613,0.0,0.05077461898326874,0.01461989339441061,0.061636582016944885,0.05901719257235527,0.020128881558775902,0.027280660346150398,0.09651806950569153,0.010266255587339401,0.006512075662612915,0.0954170972108841,-7,0.003272630579718383,3,-3,-7,524.703125,-0.050675168633461,-0.024008527398109436,0.0866735577583313,-13,0,0,231,13,18,-0.011881188118811892
g14428.t1,A0A5N6XF06,0.8695,55.9,1,450,2.439930496781602,170,66,214,32331.359375,0.2069125920534134,0.23861731588840485,0.5281995534896851,0.282654732465744,0.24554480612277985,379,53,25,176,-4,25,31,-6,0.18666666666666668,0.03330172225832939,0.0,0.16056080162525177,0.038225553929805756,0.208530455827713,0.06587044894695282,0.0,0.0026944968849420547,0.006969493813812733,0.0,0.029736988246440887,0.026270601898431778,0.08263600617647171,0.04011806473135948,0.06686792522668839,0.03355560451745987,0.08498400449752808,0.03419337049126625,0.011360212229192257,0.07412424683570862,1,441,2.2632944653784905,162,66,213,29915.525390625,0.21614371240139008,0.15547597408294678,0.599913477897644,0.326333224773407,0.27358031272888184,371,51,18,183,-9,29,31,-2,0.17006802721088435,0.08308474719524384,0.0,0.1935427337884903,0.03541451320052147,0.20302163064479828,0.0016887998208403587,,0.0035592231433838606,0.013062440790235996,0.0005461678374558687,0.03708990663290024,0.028466779738664627,0.0711379423737526,0.014074940234422684,0.05600884184241295,0.03245692327618599,0.08003760129213333,0.0223260335624218,0.0011691951658576727,0.1233115941286087,9,0.17663603140311146,8,0,1,2415.833984375,-0.009231120347976685,0.08314134180545807,-0.07171392440795898,8,2,7,-7,5,-4,0.016598639455782327
g16504.t1,A0A5N6X2V1,0.8689,62.4,1,137,3.0471079050608516,57,0,80,29588.169921875,0.2448669970035553,0.2675378620624542,0.477003812789917,0.37585127353668213,0.10115255415439606,85,3,0,0,13,21,8,13,0.45985401459854014,0.059351544827222824,0.008287686854600906,0.07418233156204224,0.0562918484210968,0.2321590781211853,0.094229556620121,,0.000981436693109572,0.03768236190080643,,0.014168849214911461,0.010591362603008747,0.0018185707740485668,0.0730426162481308,0.07126492261886597,0.02146695740520954,0.02697022631764412,0.017769936472177505,0.056048549711704254,0.14369218051433563,1,138,2.8522893714549915,73,0,65,28362.34375,0.2934989333152771,0.17353703081607819,0.5329640507698059,0.4490421712398529,0.08392184227705002,89,2,0,0,17,23,7,16,0.4492753623188406,0.08056183904409409,0.015230732969939709,0.04992223158478737,0.03301054984331131,0.3564661145210266,0.03767934441566467,,0.04072665795683861,0.027424097061157227,0.0,0.03536948934197426,0.0,0.048387762159109116,0.026392696425318718,0.08202114701271057,0.010129614733159542,0.033999618142843246,0.013196348212659359,0.016905678436160088,0.09257598221302032,-1,0.1948185336058601,-16,0,15,1225.826171875,-0.0486319363117218,0.09400083124637604,-0.055960237979888916,-4,1,0,0,-4,-3,0.010578652279699563
g19137.t1,A0A5N6X9J9,0.8688,45.3,1,547,3.0639668593656313,189,100,258,49588.3984375,0.24886317551136017,0.23377810418605804,0.501091480255127,0.37438535690307617,0.1267060935497284,445,50,14,258,14,44,34,10,0.21937842778793418,0.026195121929049492,0.01007789932191372,0.07386385649442673,0.03320854529738426,0.2001575082540512,0.09430750459432602,0.00038421250064857304,0.06601881235837936,0.007385197561234236,0.0029584679286926985,0.06274323910474777,0.01626734808087349,0.01650989055633545,0.020886365324258804,0.04323422163724899,0.06898657232522964,0.052842237055301666,0.019323281943798065,0.010421904735267162,0.17422786355018616,1,598,2.9125159675973875,200,109,289,50592.546875,0.29180821776390076,0.2328575998544693,0.46391066908836365,0.3447765111923218,0.11913413554430008,494,55,14,197,3,40,27,13,0.22240802675585283,0.056141447275877,0.0,0.10501029342412949,0.06428518891334534,0.1198737844824791,0.011241932399570942,0.00465558422729373,0.0024872301146388054,0.005206537898629904,0.0026011206209659576,0.060040879994630814,0.011423492804169655,0.0499604307115078,0.03810844570398331,0.08562235534191132,0.09918119013309479,0.014123838394880295,0.04475228860974312,0.00038119679084047675,0.22490271925926208,-51,0.15145089176824378,-11,-9,-31,-1004.1484375,-0.04294504225254059,0.0009205043315887451,0.037180811166763306,-49,-5,0,61,11,-3,-0.0030295989679186563
g10223.t1,A0A5N6XFF0,0.8686,60.6,1,207,2.179815486482689,66,47,94,25107.529296875,0.22781571745872498,0.36617252230644226,0.3949277997016907,0.23462040722370148,0.160307377576828,167,18,2,177,-2,15,13,2,0.2898550724637681,0.005502453539520502,0.023388655856251717,0.08712899684906006,0.026043402031064034,0.1388811320066452,0.12592244148254395,0.002955709584057331,0.007952915504574776,0.016992097720503807,0.09580747783184052,0.025824468582868576,0.011084009893238544,0.048347387462854385,0.057974785566329956,0.07170391082763672,0.04696160554885864,0.07317838072776794,0.03251280263066292,0.006098122335970402,0.09573928266763687,1,205,2.106986612498051,68,47,90,24492.29296875,0.29598334431648254,0.25489291548728943,0.4330478310585022,0.24164560437202454,0.19140218198299408,171,25,4,203,-7,17,17,0,0.28780487804878047,0.03610759600996971,0.05295835807919502,0.11078480631113052,0.005796437151730061,0.1484096348285675,0.045496728271245956,0.0,0.06686843931674957,0.0014431023737415671,0.09635574370622635,0.03332951292395592,0.01607591100037098,0.033961135894060135,0.01067071221768856,0.08432410657405853,0.06361239403486252,0.08061739057302475,0.01172461174428463,0.008227362297475338,0.09323599934577942,2,0.07282887398463789,-2,0,4,615.236328125,-0.06816762685775757,0.11127960681915283,-0.03812003135681152,-4,-7,-2,-26,5,2,0.0020501944149876605
g1834.t1,A0A5N6WLT0,0.8655,42.5,1,243,2.863646199693217,119,17,107,34081.64453125,0.2043493390083313,0.19488437473773956,0.5843285322189331,0.5034289360046387,0.08089958876371384,171,14,6,50,32,40,11,29,0.3168724279835391,0.005671632010489702,0.007384344004094601,0.06507990509271622,0.045636750757694244,0.37455418705940247,0.0853864997625351,0.0011342527577653527,0.0009467109339311719,0.001607608050107956,0.0,0.004544212017208338,0.016437815502285957,0.031102029606699944,0.07004983723163605,0.057474903762340546,0.021792588755488396,0.015819676220417023,0.057143453508615494,0.00935889407992363,0.128874734044075,1,262,3.1608145843427384,126,19,117,37171.32421875,0.28407400846481323,0.16284142434597015,0.5432963967323303,0.42618632316589355,0.11711008101701736,191,18,0,41,31,41,15,26,0.3549618320610687,0.04448535665869713,0.07559924572706223,0.10850535333156586,0.0030380708631128073,0.3498610258102417,0.02981855720281601,0.007725380826741457,0.0013888324610888958,0.020198920741677284,0.0,0.03888731077313423,0.009788134135305882,0.048423249274492264,0.07104930281639099,0.022904744371771812,0.019520288333296776,0.008604730479419231,0.02203386276960373,0.04184233397245407,0.07632529735565186,-19,-0.2971683846495212,-7,-2,-10,-3089.6796875,-0.07972466945648193,0.03204295039176941,0.04103213548660278,-20,-4,6,9,1,3,-0.03808940407752959
g3016.t1,A0A5N6X5S1,0.8654,33.1,1,234,4.996792984144962,159,21,54,35438.21875,0.19714266061782837,0.23393212258815765,0.529402494430542,0.379173219203949,0.1502292901277542,219,28,10,11,4,33,26,7,0.452991452991453,0.013222298584878445,0.025766322389245033,0.127893328666687,0.011893670074641705,0.24425102770328522,0.12416601181030273,,0.02894674427807331,0.015123623423278332,0.0,0.032782889902591705,0.039522670209407806,0.06905704736709595,0.03104054182767868,0.055186592042446136,0.007281405385583639,0.022335955873131752,0.010197272524237633,0.0064103733748197556,0.13492220640182495,1,231,5.268616603499731,169,23,39,36778.80078125,0.20841357111930847,0.19803501665592194,0.592945396900177,0.35882067680358887,0.23412466049194336,241,28,0,43,-3,32,31,1,0.43722943722943725,0.03529200330376625,0.029125837609171867,0.14551101624965668,0.03851622715592384,0.21173027157783508,0.09075016528367996,,0.03675821051001549,0.00935666635632515,,0.03826531395316124,0.0006060986779630184,0.008783134631812572,0.005088248755782843,0.05998615920543671,0.03646937385201454,0.08861365914344788,0.0038977768272161484,0.014159453101456165,0.14709043502807617,3,-0.27182361935476873,-10,-2,15,-1340.58203125,-0.011270910501480103,0.03589710593223572,-0.06354290246963501,-22,0,10,-32,7,6,0.015762015762015746
g11518.t1,A0A5N6WRT3,0.8616,47.8,1,504,2.747106705455714,140,150,214,39000.6640625,0.17374926805496216,0.16099058091640472,0.6454048156738281,0.5154024362564087,0.13000236451625824,432,44,12,266,12,41,25,16,0.19246031746031747,0.03726432844996452,0.0004963832907378674,0.11050163954496384,0.03988640755414963,0.4113657474517822,0.032898642122745514,0.0,0.024240046739578247,0.03824875131249428,0.0005865145358256996,0.03680943697690964,0.019855313003063202,0.022455858066678047,0.03959749639034271,0.034762486815452576,0.02609654888510704,0.019500738009810448,0.0005791138391941786,0.0008178747957572341,0.10403674840927124,1,574,3.3064808292098538,129,154,291,48237.4765625,0.22962521016597748,0.26642850041389465,0.3848167359828949,0.2442067265510559,0.1406099796295166,427,46,29,138,-7,29,27,2,0.21080139372822299,0.0092106182128191,0.013107151724398136,0.06303512305021286,0.042927831411361694,0.0657179057598114,0.0351727269589901,0.03983747959136963,0.02407996356487274,0.03798505663871765,0.025742562487721443,0.054581038653850555,0.11912957578897476,0.02425103634595871,0.054254014045000076,0.020508287474513054,0.07105235755443573,0.07757486402988434,0.014046644791960716,0.02929692715406418,0.1784888058900833,-70,-0.5593741237541399,11,-4,-77,-9236.8125,-0.05587594211101532,-0.10543791949748993,0.2605880796909332,5,-2,-17,128,19,14,-0.018341076267905515
g19137.t2,A0A5N6X9J9,0.8612,47.4,1,569,2.893005667893344,202,110,257,42669.1171875,0.22510617971420288,0.23743018507957458,0.5184895396232605,0.38653436303138733,0.13195517659187317,491,60,15,254,15,48,30,18,0.18980667838312829,0.02524428814649582,0.016407346352934837,0.07677000761032104,0.037538252770900726,0.19825173914432526,0.0835021585226059,0.00022196753707248718,0.04249722138047218,0.006485894322395325,0.0,0.05992529168725014,0.018974030390381813,0.019558627158403397,0.017615508288145065,0.04015181586146355,0.06881581246852875,0.05518516153097153,0.023042753338813782,0.02152944728732109,0.18828262388706207,1,598,2.9125159675973875,200,109,289,50592.546875,0.29180821776390076,0.2328575998544693,0.46391066908836365,0.3447765111923218,0.11913413554430008,494,55,14,197,3,40,27,13,0.22240802675585283,0.056141447275877,0.0,0.10501029342412949,0.06428518891334534,0.1198737844824791,0.011241932399570942,0.00465558422729373,0.0024872301146388054,0.005206537898629904,0.0026011206209659576,0.060040879994630814,0.011423492804169655,0.0499604307115078,0.03810844570398331,0.08562235534191132,0.09918119013309479,0.014123838394880295,0.04475228860974312,0.00038119679084047675,0.22490271925926208,-29,-0.01951029970404372,2,1,-32,-7923.4296875,-0.06670203804969788,0.004572585225105286,0.05457887053489685,-3,5,1,57,12,5,-0.03260134837272455
g11348.t1,A0A5N6WPV2,0.8609,51.7,1,1371,4.040746963869525,618,215,538,69696.5625,0.16187533736228943,0.30623045563697815,0.5183209180831909,0.29596632719039917,0.22235460579395294,1261,161,33,793,8,63,57,6,0.1436907366885485,0.017096899449825287,0.00828666053712368,0.18453772366046906,0.06092727929353714,0.2002955675125122,0.08076915144920349,0.006239687092602253,0.0003208930429536849,0.01724994368851185,0.0,0.018090473487973213,0.013573331758379936,0.038034599274396896,0.06974592059850693,0.03747911378741264,0.10401840507984161,0.03781687095761299,0.00461569894105196,0.0052310992032289505,0.09567075967788696,1,633,2.8739537271470406,215,138,280,39698.203125,0.21951912343502045,0.28113704919815063,0.4822189211845398,0.2861875891685486,0.19603131711483002,578,72,1,223,-8,33,32,1,0.1627172195892575,0.06259885430335999,0.031201055273413658,0.13397270441055298,0.07119465619325638,0.2689208388328552,0.06009773910045624,0.007510537747293711,0.007233642041683197,0.05620332062244415,0.0008736628806218505,0.022577788680791855,0.017124954611063004,0.03883519768714905,0.07133094221353531,0.005120443645864725,0.05151824280619621,0.062058620154857635,0.011945848353207111,0.002414217684417963,0.0172667745500803,738,1.1667932367224845,403,77,258,29998.359375,-0.05764378607273102,0.025093406438827515,0.03610199689865112,683,89,32,570,16,5,-0.01902648290070899
g5810.t1,A0A5N6XJT3,0.8608,55.7,1,286,4.760696534554028,154,64,68,41607.51171875,0.2975045442581177,0.12626266479492188,0.5548347234725952,0.39033520221710205,0.16449955105781555,239,17,0,101,4,35,28,7,0.40559440559440557,0.040086355060338974,0.02512529492378235,0.13538087904453278,0.024569358676671982,0.22763244807720184,0.05405502766370773,0.011399439536035061,0.025668125599622726,0.007824952714145184,,0.12025047838687897,0.021397991105914116,0.02402600646018982,0.024970201775431633,0.04294787719845772,0.00972498208284378,0.029118681326508522,0.007056795991957188,0.0060623399913311005,0.162702739238739,1,280,4.607706476122963,154,70,56,40812.0546875,0.2687285840511322,0.216461181640625,0.500383734703064,0.35623520612716675,0.14414851367473602,248,17,0,58,3,32,26,6,0.4107142857142857,0.04090707749128342,0.04008273780345917,0.1269167810678482,0.030384818091988564,0.1583569347858429,0.036504995077848434,0.0037872984539717436,0.020397132262587547,0.014995415695011616,,0.08658495545387268,0.01442651730030775,0.05641146004199982,0.021662071347236633,0.04700616002082825,0.055292777717113495,0.01723174937069416,0.008301159366965294,0.022871699184179306,0.19787827134132385,6,0.15299005843106528,0,-6,12,795.45703125,0.028775960206985474,-0.09019851684570312,0.05445098876953125,-9,0,0,43,1,1,-0.005119880119880127
g3111.t1,A0A5N6XFC0,0.8594,31.0,1,163,1.6772262322248805,59,55,49,17623.921875,0.2125270664691925,0.22585706412792206,0.5616159439086914,0.31399524211883545,0.24762064218521118,153,31,0,321,-8,17,18,-1,0.294478527607362,0.0043896897695958614,0.007335054688155651,0.0808686763048172,0.05070775747299194,0.31399524211883545,0.01327626220881939,0.0,0.0,0.0,,0.0,0.0,0.07432059943675995,0.13546797633171082,0.024215131998062134,0.08394932746887207,0.16675196588039398,0.04111922159790993,0.003603118471801281,0.0,1,173,1.9964710917766444,52,47,74,21542.64453125,0.19910363852977753,0.21695031225681305,0.5839460492134094,0.20506241917610168,0.37888360023498535,142,26,0,95,-11,15,20,-5,0.3352601156069364,0.0600353367626667,0.0010484239319339395,0.20586782693862915,0.020794330164790154,0.18198926746845245,0.03402804955840111,0.0,0.02096506394445896,0.011491217650473118,0.0,0.022166674956679344,0.0,0.11026130616664886,0.03516294062137604,0.009054873138666153,0.017638346180319786,0.1730157732963562,0.05067029595375061,0.0227370522916317,0.023073172196745872,-10,-0.31924485955176385,7,8,-25,-3918.72265625,0.013423427939414978,0.008906751871109009,-0.022330105304718018,11,5,0,226,3,4,-0.04078158799957443
g18969.t1,A0A5N6XGD4,0.8592,29.3,1,126,1.32123851641507,45,42,39,13880.615234375,0.08982028067111969,0.44470158219337463,0.4520623981952667,0.2767864465713501,0.17527595162391663,121,10,6,78,1,11,7,4,0.29365079365079366,0.0,0.01324433833360672,0.09821902215480804,0.05615673214197159,0.23502080142498016,0.22217537462711334,0.006437892094254494,0.0,0.0483526736497879,0.0,0.007527756970375776,0.013415781781077385,0.03094257041811943,0.009530441835522652,0.04371898993849754,0.06901275366544724,0.07705695182085037,0.00936085730791092,0.01806146278977394,0.04176563024520874,1,112,1.334585223949951,46,29,37,13600.130859375,0.30830681324005127,0.14028014242649078,0.45685842633247375,0.17252594232559204,0.28433242440223694,98,9,0,67,-5,8,12,-4,0.3392857142857143,0.12785518169403076,0.002846925286576152,0.16858187317848206,0.011150456964969635,0.04937007650732994,0.04086357727646828,0.0,0.0,0.010783401317894459,,0.0668053850531578,0.0945546105504036,0.04435586929321289,0.028469251468777657,0.046518586575984955,0.01850501447916031,0.11575055122375488,0.03581150248646736,0.014621829614043236,0.12315589189529419,14,-0.013346707534880986,-1,13,2,280.484375,-0.21848653256893158,0.30442143976688385,-0.004796028137207031,23,1,6,11,6,8,-0.04563492063492064
g14424.t1,A0A5N6XHK2,0.858,29.8,1,128,2.1174080204807844,38,46,44,22751.9140625,0.2065204381942749,0.17737969756126404,0.5962307453155518,0.47851720452308655,0.1177135780453682,100,24,0,9,9,22,9,13,0.3515625,0.027695370838046074,0.017285175621509552,0.09511515498161316,0.008367042057216167,0.2949829399585724,0.1194334402680397,0.0,0.02704126201570034,0.017868155613541603,0.0,0.035028126090765,0.019869090989232063,0.0065461499616503716,0.019712185487151146,0.07819835841655731,0.025164904072880745,0.022598421201109886,0.0015599570469930768,,0.18353426456451416,1,96,1.7102374956164546,9,52,35,17290.6953125,0.2955542206764221,0.14139367640018463,0.5369371771812439,0.14740446209907532,0.38953280448913574,73,13,0,0,-13,10,16,-6,0.4270833333333333,0.10156909376382828,0.01694285124540329,0.3244119882583618,0.05855422094464302,0.020386096090078354,0.03762653097510338,,0.01399544533342123,0.011628543958067894,0.0,0.016421321779489517,0.026114868000149727,0.0239064060151577,0.013622232712805271,0.10953405499458313,0.009130926802754402,0.06512079387903214,0.023469217121601105,0.0005470548057928681,0.12701837718486786,32,0.4071705248643298,29,-6,9,5461.21875,-0.08903378248214722,0.03598602116107941,0.05929356813430786,27,11,0,9,22,19,-0.07552083333333331
g7782.t1,A0A5N6XGI6,0.857,23.5,1,142,2.2874228933075225,24,32,86,25373.328125,0.2839159667491913,0.22556370496749878,0.4905204772949219,0.2854354977607727,0.2050849348306656,90,7,3,57,1,16,16,0,0.45774647887323944,0.03721655160188675,0.052113596349954605,0.11110921204090118,0.058277107775211334,0.2134031504392624,0.02251088246703148,0.016276851296424866,0.016785504296422005,0.027098998427391052,0.0,0.056307073682546616,0.0,0.06243070587515831,0.01999896764755249,0.07208234816789627,0.05201223865151405,0.09397570788860321,0.013135070912539959,0.0032337575685232878,0.07203236222267151,1,194,2.687358568101523,93,32,69,27953.865234375,0.22035281360149384,0.19594821333885193,0.5746814608573914,0.3747052848339081,0.19997617602348328,142,15,6,30,0,25,18,7,0.3247422680412371,0.07735928893089294,0.024585306644439697,0.17707405984401703,0.006442328914999962,0.24902020394802094,0.05239664390683174,0.0,0.0,0.009319585748016834,0.0,0.013504605740308762,0.009017523378133774,0.009850919246673584,0.02296936884522438,0.06336940824985504,0.10968909412622452,0.02290213666856289,0.018564840778708458,0.008249640464782715,0.12568506598472595,-52,-0.3999356747940004,-69,0,17,-2580.537109375,0.06356315314769745,0.02961549162864685,-0.08416098356246948,-52,-8,-3,27,1,-7,0.1330042108320023
g7348.t1,A0A5N6WT54,0.8567,25.5,1,211,4.387062326047493,92,25,94,43882.13671875,0.16779989004135132,0.2780662477016449,0.5541338920593262,0.49709048867225647,0.0570434108376503,147,5,1,66,42,45,9,36,0.5355450236966824,0.027609020471572876,0.009839281439781189,0.03413604199886322,0.047930434346199036,0.3794797658920288,0.18564197421073914,0.0,0.02705814130604267,0.0030546309426426888,0.0,0.008014503866434097,,0.015391241759061813,0.04080420732498169,0.04223275184631348,0.01758412830531597,0.02290736325085163,0.01224199216812849,0.008463820442557335,0.11761073023080826,1,149,2.2871214856968582,64,32,53,24526.3515625,0.31542307138442993,0.15864573419094086,0.502269983291626,0.39238157868385315,0.10988838225603104,134,14,0,24,15,24,9,15,0.37583892617449666,0.04280829802155495,0.05038528889417648,0.06360815465450287,0.005079629365354776,0.1880117505788803,0.05636267364025116,0.022842906415462494,0.03946628049015999,0.006443160120397806,,0.02538997307419777,0.023661216720938683,0.03026360645890236,0.05432291328907013,0.07396479696035385,0.06049666553735733,0.04628022387623787,0.006242623087018728,,0.20436981320381165,62,2.099940840350635,28,-7,41,19355.78515625,-0.1476231813430786,0.11942051351070404,0.051863908767700195,13,-9,1,42,27,21,0.15970609752218579
g17346.t1,A0A5N6XB49,0.8564,31.3,1,294,2.3424626950180745,223,2,69,26873.8125,0.4092886447906494,0.24013303220272064,0.31356433033943176,0.23307040333747864,0.08049394190311432,278,10,10,668,7,18,9,9,0.24489795918367346,0.02055189199745655,0.05366808548569679,0.038101084530353546,0.024243729189038277,0.14696663618087769,0.10031802207231522,0.07073661684989929,0.058350544422864914,0.0006003141752444208,0.003161526285111904,0.09548478573560715,0.03701398894190788,0.061180755496025085,0.03596372902393341,0.04883955046534538,0.010619898326694965,0.04239286109805107,0.02569344826042652,0.040008775889873505,0.08610375225543976,1,324,2.3716671411879817,220,2,102,31516.73046875,0.46694937348365784,0.1265697032213211,0.39459529519081116,0.3329460024833679,0.061649322509765625,291,13,4,775,15,25,9,16,0.23765432098765432,0.05572640523314476,0.061220645904541016,0.03689468279480934,0.03662184253334999,0.16053248941898346,0.000301286403555423,0.09664695709943771,0.06023858115077019,0.027732400223612785,0.0,0.04964020848274231,0.011885641142725945,0.03891995921730995,0.03371628001332283,0.05740264430642128,0.009981146082282066,0.024754635989665985,0.052357666194438934,0.013013058342039585,0.17241348326206207,-30,-0.02920444616990725,3,0,-33,-4642.91796875,-0.05766072869300842,0.11356332898139954,-0.0810309648513794,-13,-3,6,-107,-8,-7,0.007243638196019142
g14118.t1,A0A5N6WKR0,0.8548,44.8,1,254,2.6220260721517694,119,25,110,33774.765625,0.266379177570343,0.22675377130508423,0.50486820936203,0.36377838253974915,0.1410898119211197,209,18,0,245,7,26,18,8,0.3425196850393701,0.014043097384274006,0.0042814831249415874,0.09757845848798752,0.06847729533910751,0.23096702992916107,0.019859209656715393,0.000668718887027353,0.022341249510645866,0.008988352492451668,0.009727680124342442,0.11641747504472733,0.001998889958485961,0.05186079442501068,0.038831133395433426,0.06283312290906906,0.03569205105304718,0.043511345982551575,0.0069628930650651455,0.03214838728308678,0.13281136751174927,1,230,3.088333850315708,115,25,90,30687.875,0.2792740762233734,0.2898653447628021,0.43022972345352173,0.29961130023002625,0.1306184083223343,191,10,0,240,1,18,15,3,0.3347826086956522,0.07300278544425964,0.031123729422688484,0.09445022791624069,0.05891106277704239,0.14652886986732483,0.08637172728776932,0.0004205630102660507,0.0023130965419113636,0.019069364294409752,,0.05591263249516487,0.0006308445008471608,0.03957369178533554,0.02816573716700077,0.07866259664297104,0.07408326864242554,0.0361681804060936,0.009672949090600014,0.011856275610625744,0.15308243036270142,24,-0.46630777816393865,4,0,20,3086.890625,-0.012894898653030396,-0.0631115734577179,0.0746384859085083,18,8,0,5,6,5,0.007737076343717897
g7479.t1,A0A5N6WUP3,0.8543,36.0,1,196,1.6664771428489458,104,23,69,17998.828125,0.25062841176986694,0.38030195236206055,0.36745625734329224,0.2674902379512787,0.09996604919433594,190,14,0,354,1,15,12,3,0.23979591836734693,0.0010714984964579344,0.0,0.08292480558156967,0.07247363775968552,0.24302928149700165,0.06923211365938187,0.0,0.06328027695417404,0.026258522644639015,0.0,0.05931730940937996,0.0016133782919496298,0.17541499435901642,0.09076026827096939,0.03566126525402069,0.017123540863394737,0.017041238024830818,0.0005377927445806563,0.019799120724201202,0.024460917338728905,1,210,1.7659476268576046,120,23,67,18627.294921875,0.3486117124557495,0.33720239996910095,0.3074561357498169,0.2072490006685257,0.1002071350812912,204,16,0,289,-1,13,12,1,0.2619047619047619,0.09144800156354904,0.03723355010151863,0.06041700765490532,0.032804422080516815,0.19211606681346893,0.12190533429384232,0.0012125123757869005,0.026155618950724602,0.021571939811110497,0.0,0.014711516909301281,0.006729746703058481,0.13301478326320648,0.0961693599820137,0.07302035391330719,0.009384715929627419,0.03979013115167618,0.008660801686346531,0.018521184101700783,0.015132940374314785,-14,-0.09947048400865888,-16,0,2,-628.466796875,-0.09798330068588257,0.043099552392959595,0.06000012159347534,-14,-2,0,65,2,2,-0.02210884353741499
g17056.t1,A0A5N6WZT5,0.8532,24.1,1,303,1.9716711723186628,137,56,110,22106.390625,0.1592468023300171,0.2542554438114166,0.5650888085365295,0.40231066942214966,0.1627781242132187,286,29,0,224,8,28,16,12,0.20462046204620463,0.04416033625602722,0.0008757321047596633,0.1343781054019928,0.09541546553373337,0.4002934396266937,0.08480876684188843,0.0,0.0011676428839564323,0.014874137006700039,,0.0002919107209891081,0.02140888385474682,0.01847018674015999,0.04145132005214691,0.06692787259817123,0.04054427146911621,0.028400029987096786,0.004372005350887775,0.00014262780314311385,0.00201729079708457,1,308,1.960451897981565,136,55,117,21233.515625,0.17267726361751556,0.27081185579299927,0.556510865688324,0.28691765666007996,0.2695932388305664,300,33,0,244,-8,22,16,6,0.19480519480519481,0.05205044150352478,0.0,0.17022502422332764,0.08725117146968842,0.11291489005088806,0.041883617639541626,0.005926258396357298,0.0,0.024995464831590652,0.0,0.00045240166946314275,0.0,0.06233152747154236,0.06290951371192932,0.00893761683255434,0.05390460789203644,0.09936819225549698,0.042401041835546494,0.0004454729787539691,0.1740027368068695,-5,0.011219274337097795,1,1,-7,872.875,-0.013430461287498474,-0.01655641198158264,0.008577942848205566,-14,-4,0,-20,16,6,0.009815267241009812
g6985.t1,A0A5N6XA78,0.853,30.1,1,433,2.553806595457821,85,143,205,30275.16015625,0.2718857526779175,0.2775956094264984,0.41690123081207275,0.2400437295436859,0.17685748636722565,345,44,18,498,-7,27,25,2,0.20323325635103925,0.029910525307059288,0.012561158277094364,0.10600985586643219,0.07565617561340332,0.0703284814953804,0.05881219357252121,0.0,0.05945373699069023,0.009119203314185143,0.0,0.048832446336746216,0.033617403358221054,0.0576602965593338,0.03398983180522919,0.04674924165010452,0.06811791658401489,0.07084763050079346,0.0403888002038002,0.008229830302298069,0.16971524059772491,1,493,2.53542984211108,131,128,234,36236.0625,0.24405299127101898,0.20977914333343506,0.5293700098991394,0.21411725878715515,0.31525278091430664,389,56,9,447,-24,27,34,-7,0.18255578093306288,0.00506120640784502,0.0456697978079319,0.1851283758878708,0.017955835908651352,0.13119752705097198,0.05878978595137596,0.0,0.048791177570819855,0.021264059469103813,0.0,0.014841662719845772,0.016797831282019615,0.05887645483016968,0.040765181183815,0.0622498095035553,0.02276790887117386,0.13012439012527466,0.026674149557948112,0.03012510947883129,0.08291974663734436,-60,0.018376753346740937,-46,15,-29,-5960.90234375,0.0278327614068985,0.06781646609306335,-0.11246877908706665,-44,-12,9,51,17,9,0.020677475417976376
g7479.t2,A0A5N6WUP3,0.8512,36.0,1,192,1.6386317911069535,104,23,65,17331.380859375,0.19094640016555786,0.40771400928497314,0.3921232223510742,0.276321679353714,0.11580157279968262,194,14,0,339,0,16,14,2,0.2604166666666667,0.0012989308452233672,0.0,0.09775718301534653,0.07742227613925934,0.244684636592865,0.07464759051799774,0.0,0.05789820849895477,0.033391375094652176,0.0,0.0,0.00921634491533041,0.1947356015443802,0.09443321079015732,0.03694372624158859,0.008385459892451763,0.018044382333755493,0.00037233575130812824,0.019131679087877274,0.0316370464861393,1,210,1.7659476268576046,120,23,67,18627.294921875,0.3486117124557495,0.33720239996910095,0.3074561357498169,0.2072490006685257,0.1002071350812912,204,16,0,289,-1,13,12,1,0.2619047619047619,0.09144800156354904,0.03723355010151863,0.06041700765490532,0.032804422080516815,0.19211606681346893,0.12190533429384232,0.0012125123757869005,0.026155618950724602,0.021571939811110497,0.0,0.014711516909301281,0.006729746703058481,0.13301478326320648,0.0961693599820137,0.07302035391330719,0.009384715929627419,0.03979013115167618,0.008660801686346531,0.018521184101700783,0.015132940374314785,-18,-0.1273158357506512,-16,0,-2,-1295.9140625,-0.15766531229019165,0.07051160931587219,0.08466708660125732,-10,-2,0,50,1,1,-0.0014880952380952328
g16504.t1,A0A5N6WLK5,0.8498,54.8,1,137,3.0471079050608516,57,0,80,29588.169921875,0.2448669970035553,0.2675378620624542,0.477003812789917,0.37585127353668213,0.10115255415439606,85,3,0,0,13,21,8,13,0.45985401459854014,0.059351544827222824,0.008287686854600906,0.07418233156204224,0.0562918484210968,0.2321590781211853,0.094229556620121,,0.000981436693109572,0.03768236190080643,,0.014168849214911461,0.010591362603008747,0.0018185707740485668,0.0730426162481308,0.07126492261886597,0.02146695740520954,0.02697022631764412,0.017769936472177505,0.056048549711704254,0.14369218051433563,1,133,2.7358763535606854,60,0,73,27325.517578125,0.23665304481983185,0.3351995646953583,0.3926023244857788,0.32185447216033936,0.07074785232543945,92,0,0,0,13,18,5,13,0.42857142857142855,0.03715655580163002,0.0046050469391047955,0.06763242930173874,0.05429635941982269,0.22969922423362732,0.10611563920974731,,0.0,0.029089171439409256,,0.08732983469963074,0.03554507717490196,0.06215624883770943,0.03884770721197128,0.06505345553159714,0.04967943951487541,0.003115425817668438,0.003660422284156084,0.03386271744966507,0.09215526282787323,4,0.31123155150016624,-3,0,7,2262.65234375,0.00821395218372345,-0.06766170263290405,0.08440148830413818,-7,3,0,0,0,0,0.03128258602711159
g7782.t1,A0A5N6X7T8,0.8488,38.0,1,142,2.2874228933075225,24,32,86,25373.328125,0.2839159667491913,0.22556370496749878,0.4905204772949219,0.2854354977607727,0.2050849348306656,90,7,3,57,1,16,16,0,0.45774647887323944,0.03721655160188675,0.052113596349954605,0.11110921204090118,0.058277107775211334,0.2134031504392624,0.02251088246703148,0.016276851296424866,0.016785504296422005,0.027098998427391052,0.0,0.056307073682546616,0.0,0.06243070587515831,0.01999896764755249,0.07208234816789627,0.05201223865151405,0.09397570788860321,0.013135070912539959,0.0032337575685232878,0.07203236222267151,1,188,3.176452923392926,77,32,79,32414.263671875,0.30724582076072693,0.15760603547096252,0.5339687466621399,0.36877894401550293,0.16518980264663696,133,5,0,32,3,26,19,7,0.3882978723404255,0.03664210066199303,0.010042287409305573,0.07928085327148438,0.025624828413128853,0.2459963858127594,0.02662552520632744,0.004280260298401117,0.03222114220261574,0.009345188736915588,0.0,0.04365762323141098,0.0011793476296588778,0.028866590932011604,0.02797100506722927,0.12222090363502502,0.03942510485649109,0.08590894937515259,0.030210519209504128,0.027718789875507355,0.12278258800506592,-46,-0.8890300300854035,-53,0,7,-7040.935546875,-0.023329854011535645,0.06795766949653625,-0.04344826936721802,-43,2,3,25,-2,-7,0.06944860653281393
g8455.t1,A0A5N6WWK9,0.8479,34.3,1,81,1.473097812659034,27,16,38,15193.8056640625,0.3363012671470642,0.15136954188346863,0.41113877296447754,0.35324063897132874,0.0578981451690197,62,3,0,0,11,12,4,8,0.3950617283950617,0.0029536643996834755,0.04003908112645149,0.05520041286945343,0.019077783450484276,0.21563172340393066,0.0392548032104969,,0.0,0.0,0.0,0.1308874785900116,0.10119032114744186,0.06476611644029617,0.035464007407426834,0.12421087175607681,0.024487106129527092,0.0026977320667356253,0.0027461466379463673,0.0037837359122931957,0.13760890066623688,1,96,2.1952396950470496,37,17,42,18794.853515625,0.24996209144592285,0.18350493907928467,0.5646511316299438,0.4600517749786377,0.10459929704666138,71,12,0,46,10,17,7,10,0.3854166666666667,0.026545431464910507,0.04491930082440376,0.05019093304872513,0.000343343592248857,0.13316240906715393,0.030114363878965378,0.03776779770851135,0.0,0.03986093029379845,,0.004978482145816088,0.0018818603130057454,0.030405104160308838,0.0627770870923996,0.06905685365200043,0.028051337227225304,0.05440836772322655,0.003917140420526266,0.05472983792424202,0.32688936591148376,-15,-0.7221418823880157,-10,-1,-4,-3601.0478515625,0.08633917570114136,-0.03213539719581604,-0.1535123586654663,-9,-9,0,-46,1,-2,0.009645061728395021
g17346.t1,A0A5N6XH05,0.8474,33.5,1,294,2.3424626950180745,223,2,69,26873.8125,0.4092886447906494,0.24013303220272064,0.31356433033943176,0.23307040333747864,0.08049394190311432,278,10,10,668,7,18,9,9,0.24489795918367346,0.02055189199745655,0.05366808548569679,0.038101084530353546,0.024243729189038277,0.14696663618087769,0.10031802207231522,0.07073661684989929,0.058350544422864914,0.0006003141752444208,0.003161526285111904,0.09548478573560715,0.03701398894190788,0.061180755496025085,0.03596372902393341,0.04883955046534538,0.010619898326694965,0.04239286109805107,0.02569344826042652,0.040008775889873505,0.08610375225543976,1,346,2.4509791378405996,229,2,115,33344.625,0.40484216809272766,0.22446410357952118,0.36926618218421936,0.29370585083961487,0.07556029409170151,299,15,3,751,11,20,9,11,0.22254335260115607,0.09287549555301666,0.02138475514948368,0.07527662068605423,0.022444140166044235,0.13348330557346344,0.016412245109677315,0.0860409289598465,0.05254264175891876,0.024693362414836884,0.0,0.03541547805070877,0.00142753217369318,0.10142923146486282,0.03659619763493538,0.050144389271736145,0.043633852154016495,0.00028367264894768596,0.02984229288995266,0.015851279720664024,0.16022257506847382,-52,-0.10851644282252515,-6,0,-46,-6470.8125,0.004446476697921753,0.015668928623199463,-0.0557018518447876,-21,-5,7,-83,-4,-2,0.022354606582517395
g54.t1,A0A5N6WS68,0.8473,28.2,1,558,2.5803796211611187,171,121,266,33739.359375,0.2869706451892853,0.27858683466911316,0.42004841566085815,0.2740670144557953,0.14598140120506287,521,55,12,638,-3,35,20,15,0.17562724014336917,0.01686355285346508,0.017723936587572098,0.08506394922733307,0.07585203647613525,0.2005193829536438,0.08148714900016785,0.0012268422869965434,0.06164932623505592,0.0075963763520121574,0.009923207573592663,0.05783090740442276,0.014394139871001244,0.05521881952881813,0.045852985233068466,0.06254787743091583,0.04316944256424904,0.0609174408018589,0.02327522449195385,0.0053398036397993565,0.0735476166009903,1,594,2.706825829707746,188,133,273,35164.375,0.32666128873825073,0.28569191694259644,0.3468785285949707,0.19416962563991547,0.15270890295505524,552,43,3,541,-8,27,22,5,0.15993265993265993,0.007423877250403166,0.0011928293388336897,0.06979431211948395,0.04256978631019592,0.11610651016235352,0.04768248274922371,0.0,0.061201322823762894,0.016927996650338173,0.0,0.10624939203262329,0.040768202394247055,0.061007704585790634,0.03743648901581764,0.06974474340677261,0.06965198367834091,0.0829145759344101,0.04341261088848114,0.04785197600722313,0.07806310802698135,-36,-0.12644620854662714,-17,-12,-7,-1425.015625,-0.039690643548965454,-0.007105082273483276,0.07316988706588745,-31,12,9,97,5,10,0.01569458021070924
g550.t1,A0A5N6XGX6,0.8468,47.9,1,148,1.9201024065035572,55,21,72,21442.7578125,0.19918181002140045,0.11129968613386154,0.673446536064148,0.41795918345451355,0.2554874122142792,109,17,20,44,0,16,18,-2,0.32432432432432434,0.02372320368885994,0.02795015648007393,0.16899584233760834,0.036943260580301285,0.2089708149433136,0.057961106300354004,0.0,0.0,0.009612618014216423,0.0,0.004650926683098078,0.016071947291493416,0.005753415636718273,0.059384725987911224,0.08302139490842819,0.00029408399132080376,0.08649156242609024,0.00045141763985157013,0.0007352099637500942,0.20898835361003876,1,150,2.269293980295574,57,20,73,23332.859375,0.24572508037090302,0.20515139400959015,0.5435085892677307,0.23825731873512268,0.30525124073028564,99,5,14,21,-8,12,21,-9,0.3933333333333333,0.03967113047838211,0.004685870837420225,0.23456211388111115,0.023319009691476822,0.09236127883195877,0.10158129781484604,0.0,0.0,0.023249221965670586,0.0,0.010226662270724773,0.005614932160824537,0.028993798419833183,0.01770026981830597,0.09420205652713776,0.02773783542215824,0.0706891268491745,0.07923908531665802,0.0002702614292502403,0.1458960324525833,-2,-0.3491915737920166,-2,1,-1,-1890.1015625,-0.046543270349502563,-0.09385170787572861,0.12993794679641724,10,12,6,23,8,7,-0.06900900900900897
g6368.t1,A0A5N6WL34,0.8444,30.0,1,154,2.1758994708884005,45,21,88,25188.38671875,0.2555209994316101,0.22065797448158264,0.5215201377868652,0.32114437222480774,0.2003757357597351,110,10,0,51,-3,16,14,2,0.38311688311688313,0.000512386322952807,0.015755878761410713,0.1590033322572708,0.05873631685972214,0.23577851057052612,0.039414312690496445,0.0007685794844292104,0.01818971522152424,0.0011499489191919565,,0.05731717497110367,0.002300866646692157,0.010801482014358044,0.07047276198863983,0.07034378498792648,0.08942119777202606,0.0413723848760128,0.022160708904266357,0.02113473229110241,0.085365891456604,1,346,4.105248709329261,68,19,259,72906.578125,0.31598541140556335,0.3044806122779846,0.37026306986808777,0.22982989251613617,0.1404331624507904,154,11,0,142,3,28,24,4,0.523121387283237,0.031631454825401306,0.021689150482416153,0.07962379604578018,0.06395340710878372,0.1384069323539734,0.07047466933727264,0.015776632353663445,0.011983259581029415,0.007119003217667341,0.00170321564655751,0.05887015908956528,0.009270858019590378,0.0681595429778099,0.09911088645458221,0.056033194065093994,0.08036716282367706,0.060809358954429626,0.02089066430926323,0.012703638523817062,0.09142296761274338,-192,-1.9293492384408601,-23,2,-171,-47718.19140625,-0.06046441197395325,-0.08382263779640198,0.15125706791877747,-44,-1,0,-91,-6,-2,-0.14000450416635385
g4920.t3,A0A5N6X5J3,0.8434,19.7,1,306,2.604009486701002,189,12,105,27151.58203125,0.2725813686847687,0.2720043957233429,0.365825355052948,0.19576531648635864,0.17006005346775055,289,39,0,370,-3,18,16,2,0.238562091503268,0.03566858917474747,0.06758397817611694,0.10116522759199142,0.05269097909331322,0.14537473022937775,0.10202746093273163,0.030216941609978676,0.0025655936915427446,0.004018700681626797,0.0,0.023113135248422623,0.08958885073661804,0.07191739976406097,0.05768044292926788,0.03250988945364952,0.03564074635505676,0.06889481842517853,0.023242807015776634,0.005709104705601931,0.0503905825316906,1,482,3.1070953019536063,328,19,135,33104.33203125,0.17417633533477783,0.21676956117153168,0.5494439601898193,0.30709555745124817,0.24234837293624878,488,76,10,199,-9,32,32,0,0.18464730290456433,0.043360333889722824,0.023879164829850197,0.13398241996765137,0.01628095656633377,0.20231404900550842,0.08300796896219254,0.022220389917492867,0.024853825569152832,0.027280669659376144,0.0,0.004970765206962824,0.05961024388670921,0.021312043070793152,0.01223849318921566,0.035744376480579376,0.05307430028915405,0.10836595296859741,0.00690897461026907,0.01581362821161747,0.10478150099515915,-176,-0.5030858152526041,-139,-7,-30,-5952.75,0.09840503334999084,0.05523483455181122,-0.18361860513687134,-199,-37,-10,171,6,2,0.05391478859870366
g17056.t1,A0A5N6WXS9,0.8418,25.9,1,303,1.9716711723186628,137,56,110,22106.390625,0.1592468023300171,0.2542554438114166,0.5650888085365295,0.40231066942214966,0.1627781242132187,286,29,0,224,8,28,16,12,0.20462046204620463,0.04416033625602722,0.0008757321047596633,0.1343781054019928,0.09541546553373337,0.4002934396266937,0.08480876684188843,0.0,0.0011676428839564323,0.014874137006700039,,0.0002919107209891081,0.02140888385474682,0.01847018674015999,0.04145132005214691,0.06692787259817123,0.04054427146911621,0.028400029987096786,0.004372005350887775,0.00014262780314311385,0.00201729079708457,1,322,2.023019190850515,149,54,119,22266.09375,0.16162006556987762,0.3122915029525757,0.4496837258338928,0.2315283864736557,0.2181553691625595,322,44,0,177,-4,21,24,-3,0.19875776397515527,0.06424926966428757,0.0,0.07353013753890991,0.02860553190112114,0.11740799993276596,0.15044747292995453,0.0,0.0,0.030267994850873947,,0.004926889203488827,0.07640472799539566,0.02259526588022709,0.07344547659158707,0.00582826416939497,0.07618941366672516,0.1446252167224884,0.013170155696570873,0.004185827914625406,0.11412037909030914,-19,-0.051348018531852224,-12,2,-9,-159.703125,-0.0023732632398605347,-0.05803605914115906,0.11540508270263672,-36,-15,0,47,12,15,0.00586269807104936
g3007.t1,A0A5N6WZP7,0.8357,46.1,1,115,1.944947515605429,33,29,53,19039.46875,0.16629721224308014,0.4783346354961395,0.35536807775497437,0.14364679157733917,0.211721271276474,70,5,0,37,-4,7,11,-4,0.43478260869565216,0.03457110375165939,0.0,0.1273522675037384,0.019993146881461143,0.07800175249576569,0.2736484706401825,,0.0,0.039246827363967896,0.06337358057498932,0.040483102202415466,0.0,0.061475541442632675,0.01626875437796116,0.07497426867485046,0.007202047389000654,0.0843690037727356,0.0,0.01339502539485693,0.06564503908157349,1,92,1.4435922092262112,11,28,53,15540.0419921875,0.3017665147781372,0.33889827132225037,0.3519000709056854,0.15355876088142395,0.19834135472774506,63,10,0,28,-5,8,9,-1,0.4673913043478261,0.05211459845304489,0.013703441247344017,0.1224304661154747,0.05200916528701782,0.05358118191361427,0.0769248828291893,,0.0,0.1374165564775467,0.0,0.015987347811460495,0.007435119245201349,0.054173558950424194,0.05913134664297104,0.1375754326581955,0.018374092876911163,0.07591086626052856,0.02325432375073433,,0.09997756034135818,23,0.5013553063792178,22,1,0,3499.4267578125,-0.13546930253505707,0.13943636417388916,0.0034680068492889404,7,-5,0,9,1,-3,-0.03260869565217395
g12849.t1,A0A5N6WXN2,0.8331,37.1,1,455,2.5761646849027033,143,104,208,31546.583984375,0.2263197898864746,0.33460667729377747,0.4192190170288086,0.2125973105430603,0.2066216915845871,385,42,15,561,-9,26,22,4,0.1912087912087912,0.03220117464661598,0.009370007552206516,0.10596776008605957,0.027938110753893852,0.08911792933940887,0.09759727865457535,0.0,0.02035347744822502,0.014321040362119675,0.020663153380155563,0.056947335600852966,0.01985454000532627,0.03489575907588005,0.022089887410402298,0.06801250576972961,0.11934319138526917,0.10065393149852753,0.01734541915357113,0.019848117604851723,0.12347941100597382,1,449,2.458337301113352,160,91,198,30549.49609375,0.25360578298568726,0.27533024549484253,0.43964964151382446,0.18155401945114136,0.2580956518650055,398,47,15,362,-21,19,29,-10,0.19821826280623608,0.045841604471206665,0.009066206403076649,0.12397131323814392,0.04918348044157028,0.05444955453276634,0.07618243247270584,0.00010561700764810666,0.026721101254224777,0.007035804446786642,0.015227550640702248,0.003158878767862916,0.03141436353325844,0.060639888048172,0.07190077006816864,0.08741167932748795,0.03449242562055588,0.13412432372570038,0.00939991232007742,0.03256865218281746,0.12710446119308472,6,0.11782738378935154,-17,13,10,997.087890625,-0.027285993099212646,0.059276431798934937,-0.02043062448501587,-13,-5,0,199,12,14,-0.0070094715974448885
g9719.t2,A0A5N6WN41,0.8323,27.0,1,470,3.4489790697023754,113,144,213,43901.9375,0.30902260541915894,0.2679043710231781,0.3866540491580963,0.23268093168735504,0.15397310256958008,410,44,1,359,-14,22,26,-4,0.2553191489361702,0.004409663379192352,0.010656686499714851,0.08858612179756165,0.052519313991069794,0.0946594774723053,0.011810528114438057,0.0,0.07862033694982529,0.008524889126420021,0.0,0.07664962112903595,0.036419086158275604,0.043077535927295685,0.0545627661049366,0.03954591974616051,0.09649521112442017,0.06538697332143784,0.04457758367061615,0.055476896464824677,0.13802146911621094,1,457,3.631517083135988,101,144,212,43158.484375,0.31522104144096375,0.21085001528263092,0.4457283616065979,0.24232493340969086,0.20340342819690704,390,39,0,386,-5,33,25,8,0.24507658643326038,0.03187156096100807,0.01629777066409588,0.13329502940177917,0.052869778126478195,0.16861467063426971,0.05285034328699112,0.08253207057714462,0.0336046926677227,0.017925318330526352,0.004542948678135872,0.07876145839691162,0.028200559318065643,0.009746696799993515,0.011956320144236088,0.02947746403515339,0.049198299646377563,0.07010842114686966,0.030719710513949394,0.023716628551483154,0.07371024042367935,13,-0.18253801343361253,12,0,1,743.453125,-0.00619843602180481,0.05705435574054718,-0.05907431244850159,20,5,1,-27,-9,-12,0.010242562502909808
g7479.t1,A0A5N6WKR0,0.8272,33.1,1,196,1.6664771428489458,104,23,69,17998.828125,0.25062841176986694,0.38030195236206055,0.36745625734329224,0.2674902379512787,0.09996604919433594,190,14,0,354,1,15,12,3,0.23979591836734693,0.0010714984964579344,0.0,0.08292480558156967,0.07247363775968552,0.24302928149700165,0.06923211365938187,0.0,0.06328027695417404,0.026258522644639015,0.0,0.05931730940937996,0.0016133782919496298,0.17541499435901642,0.09076026827096939,0.03566126525402069,0.017123540863394737,0.017041238024830818,0.0005377927445806563,0.019799120724201202,0.024460917338728905,1,230,3.088333850315708,115,25,90,30687.875,0.2792740762233734,0.2898653447628021,0.43022972345352173,0.29961130023002625,0.1306184083223343,191,10,0,240,1,18,15,3,0.3347826086956522,0.07300278544425964,0.031123729422688484,0.09445022791624069,0.05891106277704239,0.14652886986732483,0.08637172728776932,0.0004205630102660507,0.0023130965419113636,0.019069364294409752,,0.05591263249516487,0.0006308445008471608,0.03957369178533554,0.02816573716700077,0.07866259664297104,0.07408326864242554,0.0361681804060936,0.009672949090600014,0.011856275610625744,0.15308243036270142,-34,-1.4218567074667623,-11,-2,-21,-12689.046875,-0.02864566445350647,0.09043660759925842,-0.06277346611022949,-1,4,0,114,0,0,-0.09498669032830526
g54.t1,A0A5N6X4P9,0.8272,25.1,1,558,2.5803796211611187,171,121,266,33739.359375,0.2869706451892853,0.27858683466911316,0.42004841566085815,0.2740670144557953,0.14598140120506287,521,55,12,638,-3,35,20,15,0.17562724014336917,0.01686355285346508,0.017723936587572098,0.08506394922733307,0.07585203647613525,0.2005193829536438,0.08148714900016785,0.0012268422869965434,0.06164932623505592,0.0075963763520121574,0.009923207573592663,0.05783090740442276,0.014394139871001244,0.05521881952881813,0.045852985233068466,0.06254787743091583,0.04316944256424904,0.0609174408018589,0.02327522449195385,0.0053398036397993565,0.0735476166009903,1,594,2.5503086503946304,164,139,291,34401.9609375,0.3106107711791992,0.3658164143562317,0.30916306376457214,0.1977740228176117,0.11138904094696045,524,38,3,673,-16,20,19,1,0.16835016835016836,0.07157924026250839,0.005599578842520714,0.05029793083667755,0.08334172517061234,0.13601815700531006,0.06876726448535919,0.0033764257095754147,0.04057241231203079,0.026675758883357048,0.0,0.07545145601034164,0.01440971065312624,0.07067182660102844,0.03038783185184002,0.057830940932035446,0.09027494490146637,0.0610911063849926,0.025812935084104538,0.026084870100021362,0.061755869537591934,-36,0.030070970766488347,7,-18,-25,-662.6015625,-0.02364012598991394,-0.08722957968711853,0.11088535189628601,-3,17,9,-35,13,14,0.007277071793200807
g18654.t1,A0A5N6X120,0.8219,23.1,1,303,1.955943044241631,136,56,111,21896.19140625,0.15454931557178497,0.18726448714733124,0.6555562019348145,0.5134763121604919,0.14207985997200012,296,44,0,467,8,32,14,18,0.18811881188118812,0.06857603043317795,0.0011519759427756071,0.06782640516757965,0.034317269921302795,0.466846764087677,0.015305474400520325,0.0,0.0,0.04200773313641548,,0.0,0.002629999304190278,0.0738564059138298,0.021658046171069145,0.06316325068473816,0.020893463864922523,0.07425345480442047,0.0,0.0008841389790177345,0.04662953317165375,1,306,1.9104122169285327,137,53,116,20660.63671875,0.22091524302959442,0.23298273980617523,0.517408013343811,0.21147972345352173,0.3059283196926117,292,47,0,388,-7,17,24,-7,0.21568627450980393,0.057646170258522034,0.0,0.11990534514188766,0.03888553008437157,0.13218124210834503,0.06847548484802246,0.006104334723204374,0.00015260835061781108,0.06012605503201485,0.009173542261123657,0.02106497995555401,0.02869403176009655,0.009363560937345028,0.05918440595269203,0.051314353942871094,0.0469585545361042,0.18602295219898224,0.0254483874887228,0.0,0.0792984887957573,-3,0.04553082731309832,-1,3,-5,1235.5546875,-0.06636592745780945,-0.045718252658843994,0.13814818859100342,4,-3,0,79,15,25,-0.027567462628615813
g12174.t1,A0A5N6WTH0,0.8183,23.0,1,225,1.6449461221056636,85,51,89,18509.83203125,0.20690254867076874,0.19965696334838867,0.5673162937164307,0.3810279667377472,0.18628837168216705,204,20,5,405,2,19,14,5,0.21333333333333335,0.03040526993572712,0.0,0.06572496145963669,0.040602441877126694,0.3579534590244293,0.06349366903305054,0.0008715762523934245,0.0005229457747191191,0.022846128791570663,0.00017431526794098318,0.09363581240177155,0.02612408436834812,0.05235670506954193,0.03529062122106552,0.046176329255104065,0.020009396597743034,0.12056343257427216,0.0,0.00017431526794098318,0.023074496537446976,1,245,1.6589083512848086,100,52,93,18249.119140625,0.151762455701828,0.3363872468471527,0.49569177627563477,0.28312191367149353,0.21256984770298004,230,19,3,181,-5,14,14,0,0.22040816326530613,0.031607892364263535,0.03445693477988243,0.14519120752811432,0.06875152885913849,0.21072882413864136,0.10212434083223343,0.009349185973405838,0.006365001201629639,0.03251847252249718,0.0,0.001398321008309722,0.01615852117538452,0.09271973371505737,0.03925083950161934,0.00880119577050209,0.03906375542283058,0.06737865507602692,0.020533079281449318,0.0012094228295609355,0.07239309698343277,-20,-0.013962229179145025,-15,-1,-4,260.712890625,0.055140092968940735,-0.13673028349876404,0.0716245174407959,-26,1,2,224,7,5,-0.007074829931972781
g19068.t1,A0A5N6WWC1,0.8169,37.1,1,410,2.6524342760848127,125,95,190,37802.76953125,0.10011668503284454,0.22126884758472443,0.657682478427887,0.5212277173995972,0.1364547610282898,316,43,31,562,14,45,24,21,0.2,0.0011949295876547694,0.0030726760160177946,0.10989656299352646,0.051786258816719055,0.4268331527709961,0.03646710142493248,0.01638760417699814,0.0008535211090929806,0.014082832261919975,0.0,0.012688277289271355,0.020931970328092575,0.10194255411624908,0.004091063514351845,0.050562139600515366,0.006279084365814924,0.026558199897408485,0.011266478337347507,0.010711021721363068,0.09439456462860107,1,1299,5.014065122067748,569,108,622,98116.75,0.2749856114387512,0.21211735904216766,0.5058504343032837,0.27092206478118896,0.23492835462093353,1049,204,19,696,-10,87,82,5,0.2063125481139338,0.03192818537354469,0.02826954983174801,0.17994220554828644,0.06557312607765198,0.12273281067609787,0.027400614693760872,0.0014469297602772713,0.030614113435149193,0.029562801122665405,0.0,0.049293406307697296,0.007046598941087723,0.04061861336231232,0.04925142228603363,0.04691998288035393,0.02415277622640133,0.05498616024851799,0.03726200386881828,0.02480941265821457,0.14818927645683289,-889,-2.3616308459829356,-444,-13,-432,-60313.98046875,-0.17486892640590668,0.009151488542556763,0.15183204412460327,-733,-161,12,-134,24,16,-0.00631254811393378
g17199.t1,A0A5N6WQY4,0.8167,34.0,1,139,1.9818865411945716,52,26,61,21361.36328125,0.14648166298866272,0.14530892670154572,0.6813243627548218,0.6180561780929565,0.06326817721128464,106,9,0,40,27,30,4,26,0.34532374100719426,0.0049845147877931595,0.0015104591147974133,0.015629570931196213,0.020971274003386497,0.4383751153945923,0.05225268378853798,0.0,0.0003020917938556522,0.03801104798913002,,0.023552827537059784,0.026885008439421654,0.007106059696525335,0.04425300285220146,0.0540553517639637,0.026967868208885193,0.047638606280088425,0.017823414877057076,0.0,0.17968103289604187,1,157,2.219500796725172,61,24,72,22765.55078125,0.1796649694442749,0.3017103672027588,0.5186247229576111,0.38617807626724243,0.13244664669036865,124,6,0,52,20,23,7,16,0.3375796178343949,0.0883459597826004,0.0,0.09764763712882996,0.0038973342161625624,0.20388390123844147,0.12197186797857285,0.0,0.0004251879872754216,0.050981223583221436,,0.0257947389036417,0.0,0.09702736139297485,0.015165036544203758,0.04865847900509834,0.027407361194491386,0.03479901701211929,0.0012755639618262649,0.0004251879872754216,0.18229421973228455,-18,-0.23761425553060045,-9,2,-11,-1404.1875,-0.03318330645561218,-0.15640144050121307,0.1626996397972107,-18,3,0,-12,7,10,0.0077441231727993776
g17828.t1,A0A5N6XLK9,0.8166,28.4,1,350,2.0061134840051293,149,57,144,22926.57421875,0.16255256533622742,0.2272518277168274,0.5911124348640442,0.43749895691871643,0.15361353754997253,343,69,18,265,2,32,20,12,0.1657142857142857,0.003364779520779848,0.00014073390047997236,0.08843888342380524,0.011233043856918812,0.3301481604576111,0.05220900475978851,0.003911109641194344,0.003796606557443738,0.025430241599678993,0.0,0.019414860755205154,0.01908307708799839,0.10086952149868011,0.06220117211341858,0.05790165439248085,0.014363600872457027,0.0651746317744255,0.011821647174656391,0.023146413266658783,0.10735081136226654,1,339,1.9541140963939418,137,61,141,22266.4140625,0.340798944234848,0.2812311351299286,0.3459912836551666,0.12677603960037231,0.21921521425247192,321,43,11,164,-9,13,16,-3,0.19469026548672566,0.01598219759762287,0.015360080637037754,0.08524201810359955,0.01514249388128519,0.04374953359365463,0.07694762200117111,0.02985072135925293,0.04926156997680664,0.008638222701847553,0.0026416482869535685,0.07895702868700027,0.03197864815592766,0.09915415942668915,0.0779167041182518,0.06797738373279572,0.05682041123509407,0.13397319614887238,0.005493229255080223,0.021886568516492844,0.08302650600671768,11,0.0519993876111875,12,-4,3,660.16015625,-0.1782463788986206,-0.053979307413101196,0.24512115120887756,22,26,7,101,11,15,-0.028975979772439958
g15399.t1,A0A5N6WLQ8,0.8135,37.7,1,421,7.368758355471609,316,0,105,52203.1796875,0.15330800414085388,0.1562027931213379,0.6853114366531372,0.4384562075138092,0.24685528874397278,388,43,1,359,-13,54,59,-5,0.332541567695962,0.02524241991341114,0.02138538286089897,0.1811811625957489,0.018147438764572144,0.33449965715408325,0.06906154006719589,0.009456542320549488,0.0103218462318182,0.009250023402273655,0.0,0.04572765901684761,0.005177722312510014,0.01890225149691105,0.005686286371201277,0.024865416809916496,0.012855565175414085,0.06567414104938507,0.010622428730130196,0.027985958382487297,0.10395656526088715,1,645,7.469526872357641,449,9,187,61141.66015625,0.19197985529899597,0.19735102355480194,0.5874910354614258,0.2941203713417053,0.29337063431739807,646,74,6,492,-37,45,72,-27,0.26666666666666666,0.06349658221006393,0.009815526194870472,0.18932406604290009,0.0304116141051054,0.09861205518245697,0.044221293181180954,0.006531642749905586,0.012865453958511353,0.029947543516755104,0.0017414643662050366,0.0393148772418499,0.023178132250905037,0.06163782998919487,0.026333052664995193,0.018952202051877975,0.021550294011831284,0.1040465459227562,0.014670518226921558,0.007840989157557487,0.19550834596157074,-224,-0.10076851688603217,-133,-9,-82,-8938.48046875,-0.03867185115814209,-0.04114823043346405,0.09782040119171143,-258,-31,-5,-133,24,22,0.06587490102929533
g17133.t1,A0A5N6X2V1,0.8125,54.3,1,132,2.719183544500486,67,0,65,26825.0,0.2623627781867981,0.2362091839313507,0.4868113696575165,0.39765915274620056,0.08915220946073532,84,1,0,0,9,19,8,11,0.4318181818181818,0.047841042280197144,0.025256333872675896,0.061125803738832474,0.02429058589041233,0.2581024765968323,0.10806509852409363,,0.013351226225495338,0.027099085971713066,,0.020890556275844574,0.014616681262850761,0.002473324304446578,0.005893784575164318,0.1399884819984436,0.040130939334630966,0.028026403859257698,0.009141379036009312,0.03415015712380409,0.13955670595169067,1,138,2.8522893714549915,73,0,65,28362.34375,0.2934989333152771,0.17353703081607819,0.5329640507698059,0.4490421712398529,0.08392184227705002,89,2,0,0,17,23,7,16,0.4492753623188406,0.08056183904409409,0.015230732969939709,0.04992223158478737,0.03301054984331131,0.3564661145210266,0.03767934441566467,,0.04072665795683861,0.027424097061157227,0.0,0.03536948934197426,0.0,0.048387762159109116,0.026392696425318718,0.08202114701271057,0.010129614733159542,0.033999618142843246,0.013196348212659359,0.016905678436160088,0.09257598221302032,-6,-0.13310582695450535,-6,0,0,-1537.34375,-0.031136155128479004,0.06267215311527252,-0.04615268111228943,-5,-1,0,0,-8,-5,-0.017457180500658753
g17828.t1,A0A5N6X2J6,0.8118,27.9,1,350,2.0061134840051293,149,57,144,22926.57421875,0.16255256533622742,0.2272518277168274,0.5911124348640442,0.43749895691871643,0.15361353754997253,343,69,18,265,2,32,20,12,0.1657142857142857,0.003364779520779848,0.00014073390047997236,0.08843888342380524,0.011233043856918812,0.3301481604576111,0.05220900475978851,0.003911109641194344,0.003796606557443738,0.025430241599678993,0.0,0.019414860755205154,0.01908307708799839,0.10086952149868011,0.06220117211341858,0.05790165439248085,0.014363600872457027,0.0651746317744255,0.011821647174656391,0.023146413266658783,0.10735081136226654,1,337,1.9799369233007516,133,61,143,23864.3828125,0.33284416794776917,0.23635776340961456,0.4048159718513489,0.2730909287929535,0.13172505795955658,310,40,7,108,2,20,10,10,0.18100890207715134,0.019874902442097664,0.03393297642469406,0.10931029170751572,0.008714243769645691,0.158355712890625,0.09911142289638519,0.02866312488913536,0.04893747717142105,0.0017576445825397968,0.006473928689956665,0.02991216816008091,0.025982137769460678,0.04100732132792473,0.057055845856666565,0.09015262871980667,0.06632377207279205,0.022414755076169968,0.024315040558576584,0.012969435192644596,0.1147352084517479,13,0.026176560704377794,16,-4,1,-937.80859375,-0.17029160261154175,-0.00910593569278717,0.1862964630126953,33,29,11,157,0,2,-0.015294616362865637
g9706.t1,A0A5N6XIK2,0.8115,36.8,1,152,1.7514890442680935,55,36,61,18925.16015625,0.17782334983348846,0.25823310017585754,0.5308648943901062,0.47266608476638794,0.05819881334900856,116,14,0,234,28,23,4,19,0.28289473684210525,0.03322499990463257,0.00017048977315425873,0.03720685467123985,0.05953484773635864,0.26970377564430237,0.11802010238170624,0.00034097954630851746,0.035792943090200424,0.018433712422847748,,0.0,0.03307880461215973,0.03359103202819824,0.012786732986569405,0.07266157120466232,0.026285985484719276,0.020991960540413857,0.02284562774002552,0.00236742221750319,0.20296227931976318,1,157,1.8195488255589305,42,52,63,21109.3828125,0.16318465769290924,0.16230568289756775,0.6745096445083618,0.5271633863449097,0.14734625816345215,114,9,0,222,21,24,10,14,0.2802547770700637,0.005842627491801977,0.0,0.09813575446605682,0.060109999030828476,0.26309362053871155,0.012145319022238255,0.017126591876149178,0.01268646027892828,0.013228161260485649,,0.0,0.0,0.015418613329529762,0.11115264892578125,0.0017028246074914932,0.021682677790522575,0.04921050742268562,0.01467349473387003,0.03972090035676956,0.2640697956085205,-5,-0.06805978129083701,13,-16,-2,-2184.22265625,0.014638692140579224,0.0959274172782898,-0.14364475011825562,2,5,0,12,7,5,0.002639959772041567
g6110.t1,A0A5N6WM18,0.8103,25.9,1,156,2.0199289067783317,59,12,85,20548.259765625,0.20809006690979004,0.09770672023296356,0.647406816482544,0.5534389019012451,0.09396795183420181,114,24,0,78,20,25,8,17,0.28205128205128205,0.010520529933273792,0.032253630459308624,0.05094306915998459,0.018989024683833122,0.3188423812389374,0.011075207963585854,0.06353987008333206,0.0021482014562934637,0.009182010777294636,0.0,0.025212660431861877,0.046796299517154694,0.05045280233025551,0.010363508015871048,0.04897748678922653,0.001081260503269732,0.043024882674217224,0.015074193477630615,0.00692641269415617,0.23459652066230774,1,119,1.9308713425106288,61,8,50,17584.26953125,0.13670888543128967,0.1872197687625885,0.6074622273445129,0.5028627514839172,0.10459940880537033,95,5,0,19,14,19,6,13,0.36134453781512604,0.015596690587699413,0.00018349049787502736,0.10280634462833405,0.04836561530828476,0.1691361516714096,0.03616504743695259,,0.018532538786530495,0.025458011776208878,0.0,0.04440469667315483,0.06860920041799545,0.05508730188012123,0.003486319212242961,0.04808296635746956,0.01040039211511612,0.0017930717440322042,0.006422167178243399,0.011743391864001751,0.3337266147136688,37,0.08905756426770295,-2,4,35,2963.990234375,0.07138118147850037,-0.08951304852962494,0.039944589138031006,19,19,0,59,6,4,-0.079293255763844
g8504.t1,A0A5N6X8G6,0.8052,64.0,1,669,3.899974050034017,262,101,306,56793.95703125,0.19244912266731262,0.1890450268983841,0.5949262976646423,0.38026270270347595,0.21466363966464996,529,67,0,164,-1,60,44,16,0.22122571001494767,0.01808399148285389,0.0316445492208004,0.19656017422676086,0.04234341159462929,0.2573702335357666,0.03225267305970192,0.0003976800653617829,0.03966715559363365,0.013390335254371166,0.005983894690871239,0.02848919667303562,0.023579519242048264,0.045967165380716324,0.018963363021612167,0.02810930833220482,0.044290415942668915,0.018103471025824547,0.027093874290585518,0.004817137494683266,0.12289243936538696,1,517,2.9130810398766624,186,109,222,41632.546875,0.2770596444606781,0.17382052540779114,0.5461909770965576,0.29762372374534607,0.24856722354888916,448,53,0,131,-14,28,33,-5,0.19922630560928434,0.07535640895366669,0.04151885583996773,0.22424940764904022,0.06495815515518188,0.11381353437900543,0.030071651563048363,,0.04600128158926964,0.01958659291267395,,0.021273786202073097,0.0029288181103765965,0.042918846011161804,0.018987640738487244,0.04754400998353958,0.012042424641549587,0.024317823350429535,0.026377666741609573,0.004242852795869112,0.18381018936634064,152,0.9868930101573548,76,-8,84,15161.41015625,-0.08461052179336548,0.015224501490592957,0.04873532056808472,81,14,0,33,13,21,0.021999404405663336
g12820.t1,A0A5N6WTC0,0.8051,24.6,1,368,2.4443348459447383,61,128,179,31412.25,0.37180671095848083,0.2441805601119995,0.3290277123451233,0.2709738612174988,0.0580538734793663,271,28,2,449,-6,20,10,10,0.22282608695652173,0.013273482210934162,0.09754960983991623,0.03625389561057091,0.048060834407806396,0.09775647521018982,0.04383743554353714,0.0033896337263286114,0.02403324283659458,0.023646850138902664,0.0014550909399986267,0.06245144084095955,0.05498507246375084,0.05788196995854378,0.04107944294810295,0.06004931405186653,0.06929837912321091,0.021799977868795395,0.06998057663440704,0.0,0.17321740090847015,1,425,2.366648882188749,45,151,229,33874.453125,0.28907546401023865,0.2284030318260193,0.48186784982681274,0.26237767934799194,0.2194901555776596,323,17,4,318,-13,21,23,-2,0.2023529411764706,0.0694694072008133,0.002095503034070134,0.07512092590332031,0.0712558701634407,0.20364563167095184,0.016938993707299232,0.0,0.03248029947280884,0.022976089268922806,0.0058845095336437225,0.09929376095533371,0.0006537112640216947,0.06984419375658035,0.013716018758714199,0.04706493020057678,0.038652390241622925,0.1443692147731781,0.02495553530752659,0.0028509891126304865,0.05873207747936249,-57,0.07768596375598946,16,-23,-50,-2462.203125,0.08273124694824219,0.015777528285980225,-0.15284013748168945,-52,11,-2,131,7,12,0.020473145780051133
g15163.t1,A0A5N6X3A2,0.8049,31.6,1,324,2.188264981103039,206,6,112,26601.05859375,0.375009685754776,0.271691232919693,0.32308104634284973,0.2338697612285614,0.08921130746603012,287,11,2,962,5,15,10,5,0.19444444444444445,0.01581483706831932,0.02667359635233879,0.037844181060791016,0.02890351600944996,0.1082172840833664,0.09690205752849579,0.10719285905361176,0.051064733415842056,0.0,0.009213297627866268,0.06734538823366165,0.03021797351539135,0.05089172348380089,0.049231499433517456,0.05283500254154205,0.01746317557990551,0.051367126405239105,0.004851756617426872,0.0683174729347229,0.12565244734287262,1,298,2.2886507039673365,204,8,86,26918.078125,0.46360093355178833,0.2412787526845932,0.27581655979156494,0.20212917029857635,0.0736873671412468,309,22,1,733,-6,14,6,8,0.2080536912751678,0.007140001747757196,0.013185194693505764,0.04568173363804817,0.05924677848815918,0.12152126431465149,0.05854729562997818,0.10717277973890305,0.08919315040111542,0.01117443386465311,0.0,0.11632099002599716,0.019303860142827034,0.06124161556363106,0.028408098965883255,0.06726507097482681,0.01748320274055004,0.028005633503198624,0.034915607422590256,0.033585403114557266,0.08060791343450546,26,-0.10038572286429748,2,-2,26,-317.01953125,-0.08859124779701233,0.030412480235099792,0.04726448655128479,-22,-11,1,229,11,-3,-0.013609246830723343
g11288.t1,A0A5N6XJP3,0.8027,26.6,1,148,1.6435495604508368,46,43,59,18673.5625,0.25120216608047485,0.37346258759498596,0.369633287191391,0.1989503800868988,0.1706829071044922,131,25,0,103,0,13,14,-1,0.30405405405405406,0.015793969854712486,0.0,0.10109744966030121,0.013661438599228859,0.1522035002708435,0.08586383610963821,0.0,0.0046652453020215034,0.013198227621614933,,0.08731590956449509,0.005701966118067503,0.1587366759777069,0.03818589076399803,0.09604458510875702,0.06027233228087425,0.06958544254302979,0.009196554310619831,0.04173007234930992,0.046746861189603806,1,789,4.717268789104837,94,103,592,102211.9375,0.2630370557308197,0.30919918417930603,0.3782948851585388,0.18297317624092102,0.1953217089176178,337,28,0,324,-32,42,57,-15,0.3409378960709759,0.05545094981789589,0.019492706283926964,0.11133459210395813,0.06700298190116882,0.08998574316501617,0.11136622726917267,0.0023287737276405096,0.017763705924153328,0.007047122344374657,0.0,0.04023442417383194,0.04946880787611008,0.050169166177511215,0.08802646398544312,0.01447195466607809,0.05630924925208092,0.08398712426424026,0.02526806853711605,0.017304420471191406,0.09298744052648544,-641,-3.0737192286540003,-48,-60,-533,-83538.375,-0.011834889650344849,0.06426340341567993,-0.008661597967147827,-206,-3,0,-221,32,14,-0.03688384201692185
g15267.t1,A0A5N6XM50,0.8024,22.6,1,79,1.2203159749441836,56,0,23,12230.4736328125,0.403094619512558,0.2867233455181122,0.30679264664649963,0.17142488062381744,0.1353677660226822,72,11,23,20,0,7,4,3,0.3924050632911392,0.017986508086323738,0.02110496163368225,0.05622392147779465,0.008969609625637531,0.13646121323108673,0.07453762739896774,0.06615160405635834,0.1321217119693756,0.03572724759578705,0.09805631637573242,0.09798772633075714,0.0033894216176122427,,0.003957180771976709,0.06378491967916489,0.021397193893790245,0.07914384454488754,0.0,0.04803537204861641,0.034963659942150116,1,141,1.991256818701168,79,2,60,20936.623046875,0.5009169578552246,0.3330119252204895,0.1660711020231247,0.032144494354724884,0.1339266002178192,106,16,75,152,-5,2,9,-7,0.3900709219858156,0.07890088856220245,0.045154277235269547,0.12849809229373932,0.0,0.026400256901979446,0.18980352580547333,0.07186921685934067,0.04885292053222656,0.022658905014395714,0.024421242997050285,0.02696927823126316,0.0,0.0018141536274924874,0.0773422122001648,0.12766101956367493,0.030665988102555275,0.005428507458418608,0.02416718751192093,0.06364811956882477,0.00574423698708415,-62,-0.7709408437569845,-23,-2,-37,-8706.1494140625,-0.09782233834266663,-0.04628857970237732,0.14072154462337494,-34,-5,-52,-132,5,10,0.0023341413053236115
g12174.t1,A0A5N6WSZ2,0.7983,20.5,1,225,1.6449461221056636,85,51,89,18509.83203125,0.20690254867076874,0.19965696334838867,0.5673162937164307,0.3810279667377472,0.18628837168216705,204,20,5,405,2,19,14,5,0.21333333333333335,0.03040526993572712,0.0,0.06572496145963669,0.040602441877126694,0.3579534590244293,0.06349366903305054,0.0008715762523934245,0.0005229457747191191,0.022846128791570663,0.00017431526794098318,0.09363581240177155,0.02612408436834812,0.05235670506954193,0.03529062122106552,0.046176329255104065,0.020009396597743034,0.12056343257427216,0.0,0.00017431526794098318,0.023074496537446976,1,244,1.6519965504496534,94,52,98,18345.03515625,0.10003974288702011,0.30976805090904236,0.5358878374099731,0.2927488684654236,0.2431388944387436,226,21,8,206,-6,14,15,-1,0.21311475409836064,0.006507602985948324,0.018483011052012444,0.2069256454706192,0.006147821433842182,0.2910201847553253,0.14265209436416626,0.0006995148723945022,0.024447482079267502,0.022336356341838837,0.0,0.0024382774718105793,0.05430436506867409,0.08991037309169769,0.045549213886260986,0.0,0.04872144013643265,0.03621327877044678,0.001914643682539463,0.0,0.0017287093214690685,-19,-0.007050428343989834,-9,-1,-9,164.796875,0.10686280578374863,-0.11011108756065369,0.03142845630645752,-22,-1,-3,199,8,6,0.00021857923497270448
g17056.t1,A0A5N6WQQ7,0.7964,22.4,1,303,1.9716711723186628,137,56,110,22106.390625,0.1592468023300171,0.2542554438114166,0.5650888085365295,0.40231066942214966,0.1627781242132187,286,29,0,224,8,28,16,12,0.20462046204620463,0.04416033625602722,0.0008757321047596633,0.1343781054019928,0.09541546553373337,0.4002934396266937,0.08480876684188843,0.0,0.0011676428839564323,0.014874137006700039,,0.0002919107209891081,0.02140888385474682,0.01847018674015999,0.04145132005214691,0.06692787259817123,0.04054427146911621,0.028400029987096786,0.004372005350887775,0.00014262780314311385,0.00201729079708457,1,297,1.9625433096701697,132,59,106,21569.34765625,0.13405117392539978,0.27549633383750916,0.5201274156570435,0.2310531586408615,0.28907424211502075,283,27,0,107,-7,19,21,-2,0.1919191919191919,0.008791672065854073,0.002094252035021782,0.20982131361961365,0.030096760019659996,0.1513962298631668,0.06426860392093658,0.0,0.0,0.031201396137475967,0.0,0.03799230232834816,0.07032510638237,0.05364596098661423,0.0019446624210104346,0.07329107820987701,0.07929228991270065,0.07925289124250412,0.009937231428921223,0.01699133776128292,0.07965695112943649,6,0.00912786264849319,5,-3,4,537.04296875,0.02519562840461731,-0.02124089002609253,0.044961392879486084,3,2,0,117,15,14,0.01270127012701272
g17147.t1,A0A5N6XNY2,0.7942,13.0,1,141,1.4663900310620577,9,69,63,16577.0703125,0.3035757541656494,0.3396572172641754,0.3460448980331421,0.20544981956481934,0.14059512317180634,117,14,1,92,5,14,10,4,0.28368794326241137,0.020998835563659668,0.046908024698495865,0.06583195179700851,0.03194239363074303,0.1926569789648056,0.05599435791373253,0.0,0.021994218230247498,0.025042617693543434,0.0,0.06240816041827202,0.01072212215512991,0.045450739562511444,0.054100800305604935,0.09716569632291794,0.18046627938747406,0.07476316392421722,0.0,0.0007608065498061478,0.012792824767529964,1,151,1.3830777657251465,14,63,74,14216.798828125,0.23614606261253357,0.36633700132369995,0.31862765550613403,0.23469693958759308,0.08393073081970215,128,14,1,141,0,12,9,3,0.31125827814569534,0.046174243092536926,0.02723436988890171,0.019753843545913696,0.055493418127298355,0.14049716293811798,0.04916610196232796,0.00022695308143738657,0.014751950278878212,0.06154754012823105,0.0,0.01997186988592148,0.07888928055763245,0.09969232231378555,0.0739535242319107,0.04205816984176636,0.07825387269258499,0.06417688727378845,0.01177497860044241,0.022183774039149284,0.09419979155063629,-10,0.08331226533691116,-5,6,-11,2360.271484375,0.06742969155311584,-0.026679784059524536,0.027417242527008057,-11,0,0,-49,5,1,-0.027570334883283976
g7070.t1,A0A5N6X315,0.79,20.5,1,202,1.6750418025097786,117,20,65,18242.109375,0.1898135244846344,0.17328138649463654,0.6202923655509949,0.36916986107826233,0.25112250447273254,196,20,0,312,4,19,16,3,0.26732673267326734,0.029873833060264587,0.0,0.10617685317993164,0.04259426146745682,0.34878572821617126,0.024464232847094536,0.0,0.038879916071891785,0.020482489839196205,0.0,0.03219097852706909,0.01661265827715397,0.04385989159345627,0.051686838269233704,0.03700507432222366,0.02701215073466301,0.1449456661939621,0.00017687352374196053,0.014868363738059998,0.02038414031267166,1,206,1.671470577787638,108,22,76,18266.125,0.1678030788898468,0.3289664685726166,0.5004075169563293,0.18383903801441193,0.3165684938430786,199,21,0,340,-6,13,17,-4,0.23300970873786409,0.05119311437010765,0.003882074262946844,0.20773722231388092,0.048929549753665924,0.09651146829128265,0.04445481672883034,0.0,0.0,0.06804317235946655,,0.02755599282681942,0.0028228964656591415,0.07481139153242111,0.035143498331308365,0.014704239554703236,0.07113815099000931,0.10883129388093948,0.03532416746020317,0.021589364856481552,0.08732756972312927,-4,0.0035712247221406646,9,-2,-11,-24.015625,0.022010445594787598,-0.15568508207798004,0.11988484859466553,-3,-1,0,-28,10,7,0.03431702393540326
g3103.t1,A0A5N6WK70,0.7858,30.4,1,69,1.5342732332373246,53,0,16,13706.1640625,0.25274547934532166,0.14386770129203796,0.5288287401199341,0.32111138105392456,0.2077174335718155,64,14,15,92,-3,9,11,-2,0.463768115942029,0.0002300414489582181,0.0009416336542926729,0.15388773381710052,,0.25123170018196106,0.0009219462517648935,0.01812644675374031,0.039548616856336594,0.014546077698469162,0.0004768335784319788,0.04893811419606209,0.0745580717921257,,0.11818502098321915,0.02677561156451702,0.01129960361868143,0.053829699754714966,0.0,0.11662323027849197,0.06987964361906052,1,163,3.383583535773347,81,0,82,37767.21875,0.19105665385723114,0.16498471796512604,0.6237034201622009,0.10776934772729874,0.51593416929245,100,9,14,55,-47,8,49,-41,0.6134969325153374,0.03027561865746975,0.03383125364780426,0.4881977438926697,0.03447471186518669,0.10614611953496933,0.06339386850595474,0.0031473669223487377,0.02126489020884037,0.0017940817633643746,0.0,0.0007688920595683157,0.02025521546602249,0.011149438098073006,0.04750044643878937,0.041298311203718185,0.047722864896059036,0.027736404910683632,0.012969883158802986,0.006449748761951923,0.0016232166672125459,-94,-1.8493103025360222,-28,0,-66,-24061.0546875,0.061688825488090515,-0.021117016673088074,-0.09487468004226685,-36,5,1,37,44,39,-0.14972881657330844
g11756.t1,A0A5N6X202,0.7852,22.3,1,134,1.8975037254834155,58,23,53,19460.09375,0.40138357877731323,0.25209930539131165,0.33398672938346863,0.2036444991827011,0.1303422451019287,108,9,0,106,2,13,8,5,0.3582089552238806,0.0,0.000994819332845509,0.07680653035640717,0.03319036588072777,0.05140890181064606,0.054768018424510956,0.14444735646247864,0.04654534161090851,0.009020895697176456,0.0,0.040455982089042664,0.012530367821455002,0.02376524917781353,0.10953167080879211,0.04946776106953621,0.016112633049488068,0.05353568494319916,0.009940632618963718,0.1152421236038208,0.15223559737205505,1,137,2.345614341253433,35,25,77,22584.87890625,0.39885666966438293,0.1403001993894577,0.4234233498573303,0.354061484336853,0.0693618655204773,83,6,2,18,13,17,7,10,0.36496350364963503,0.0369359590113163,0.019822144880890846,0.04053135961294174,0.008948263712227345,0.17888833582401276,0.02424481511116028,0.05807357281446457,0.007428882643580437,0.03722142428159714,0.0,0.0,0.03741976246237755,0.020993374288082123,0.0887598916888237,0.02831014059484005,0.016253378242254257,0.028830504044890404,0.15952612459659576,0.032638952136039734,0.17517313361167908,-3,-0.44811061577001743,23,-2,-24,-3124.78515625,0.002526909112930298,0.11179910600185394,-0.0894366204738617,25,3,-2,88,-11,-5,-0.006754548425754459
g1259.t1,A0A5N6XHN1,0.7825,17.0,1,191,1.5445783784625133,66,46,79,17340.41796875,0.2100527137517929,0.3317936956882477,0.4260016083717346,0.2959679961204529,0.13003356754779816,170,18,2,69,0,16,10,6,0.2094240837696335,0.00018182871281169355,0.0,0.05137326568365097,0.013815322890877724,0.24300743639469147,0.17854464054107666,0.00037214168696664274,0.006136095616966486,0.031770866364240646,0.0,0.027081498876214027,0.03215193375945091,0.08731868863105774,0.029432548210024834,0.1461212933063507,0.019972046837210655,0.07866029441356659,0.0007273148512467742,0.00037214168696664274,0.05296057462692261,1,230,1.6223877855854876,86,40,104,18068.83203125,0.2630175054073334,0.16062772274017334,0.5388849377632141,0.3153226375579834,0.2235623151063919,234,22,5,103,-4,17,17,0,0.20434782608695654,0.0340457484126091,0.0,0.11484043300151825,0.0,0.22708956897258759,0.019618123769760132,0.003534040180966258,0.04535670578479767,0.008347993716597557,0.0027127759531140327,0.04017818346619606,0.037469714879989624,0.048077698796987534,0.07324966788291931,0.048085976392030716,0.07764245569705963,0.10872188955545425,0.018567178398370743,0.004228677600622177,0.0882330909371376,-39,-0.07780940712297424,-20,6,-25,-728.4140625,-0.052964791655540466,0.17116597294807434,-0.11288332939147949,-64,-4,-3,-34,4,6,0.005076257682676971
g16684.t2,A0A5N6X4X0,0.7813,48.3,1,590,4.090335920518937,186,145,259,64842.49609375,0.19972115755081177,0.2035898119211197,0.5818460583686829,0.34712544083595276,0.2347206175327301,471,59,11,468,-10,59,52,7,0.2745762711864407,0.015327959321439266,0.00900651328265667,0.1457674503326416,0.04229355975985527,0.2738991379737854,0.07576772570610046,0.004279338289052248,0.01604403741657734,0.0018399761756882071,0.0012598911998793483,0.013037053868174553,0.014842919073998928,0.060120537877082825,0.06291951984167099,0.061342503875494,0.01654750481247902,0.0889531597495079,0.017764229327440262,0.005760630592703819,0.07322631776332855,1,562,4.016597203261769,80,142,340,58692.2578125,0.23050856590270996,0.12361738830804825,0.6351854801177979,0.26027125120162964,0.37491416931152344,408,59,2,346,-31,39,59,-20,0.2580071174377224,0.058594752103090286,0.02435346506536007,0.2865440845489502,0.028023499995470047,0.21831277012825012,0.040551017969846725,0.0039480989798903465,0.01604846678674221,0.009258750826120377,0.0,0.016257254406809807,0.010688597336411476,0.011367131024599075,0.04857892170548439,0.033325500786304474,0.031858284026384354,0.08837007731199265,0.029402127489447594,0.002558710053563118,0.04195849224925041,28,0.07373871725716796,106,3,-81,6150.23828125,-0.030787408351898193,0.07997242361307144,-0.05333942174911499,63,0,9,122,21,27,0.016569153748718257
g12528.t1,A0A5N6WID7,0.7791,35.8,1,121,2.6990049196439503,54,0,67,26250.85546875,0.4204479157924652,0.08002988994121552,0.38564398884773254,0.23151186108589172,0.15413214266300201,72,16,0,78,6,14,10,4,0.48760330578512395,0.013643235899508,0.04603877663612366,0.14500097930431366,0.013889061287045479,0.03040912374854088,0.0,0.06962936371564865,0.04031514748930931,0.04076402261853218,,0.05137723311781883,0.11387819051742554,0.0,0.08451584726572037,0.09218961000442505,0.0033630752004683018,0.00913115032017231,0.022738728672266006,0.022013725712895393,0.20110274851322174,1,87,2.523542563188856,44,0,43,19864.875,0.40796446800231934,0.1940174698829651,0.3980180025100708,0.2601863443851471,0.1378316879272461,64,12,0,111,4,9,6,3,0.4942528735632184,0.059893976897001266,0.06237108260393143,0.05595672130584717,0.011369728483259678,0.05634937435388565,0.026608724147081375,0.049865640699863434,0.026637649163603783,0.055132657289505005,,,0.0,0.011028151959180832,0.059328943490982056,0.10877372324466705,0.06645304709672928,0.08187496662139893,0.04109344631433487,0.023425167426466942,0.20383699238300323,34,0.17546235645509434,10,0,24,6385.98046875,0.012483447790145874,-0.11398757994174957,-0.012374013662338257,8,4,0,-33,2,1,-0.006649567778094445
g11483.t1,A0A5N6XK19,0.7775,49.7,1,189,2.7487863981264047,61,25,103,28982.81640625,0.29926812648773193,0.13256078958511353,0.5681711435317993,0.18292416632175446,0.38524696230888367,135,18,0,105,-15,15,30,-15,0.3492063492063492,0.02082018554210663,0.02059534192085266,0.11111834645271301,0.009786550886929035,0.15256404876708984,0.03505813330411911,0.0,0.03862764686346054,0.00454153073951602,0.0,0.0912008211016655,0.0,0.036247774958610535,0.019173135980963707,0.10641955584287643,0.030570155009627342,0.27412861585617065,0.002431409666314721,0.016356637701392174,0.030360126867890358,1,190,2.350686782195011,68,24,98,26494.16796875,0.30855339765548706,0.18658532202243805,0.5048612952232361,0.1893845945596695,0.3154766857624054,150,19,0,139,-15,14,26,-12,0.30526315789473685,0.021798821166157722,0.0,0.22303298115730286,0.014248261228203773,0.09912043064832687,0.021802954375743866,0.0,0.0,0.01946474239230156,0.0,0.06858264654874802,0.0,0.01622314564883709,0.017398348078131676,0.13376136124134064,0.06193426251411438,0.09244367480278015,0.06701219826936722,0.052911967039108276,0.09026417136192322,-1,0.39809961593139365,-7,1,5,2488.6484375,-0.009285271167755127,-0.054024532437324524,0.06330984830856323,-15,-1,0,-34,0,-3,0.04394319131161234
g9054.t1,A0A5N6XJU6,0.7758,29.1,1,291,2.047393218132021,98,70,123,25129.87109375,0.43365606665611267,0.3638971149921417,0.1758783757686615,0.1374237984418869,0.0384545736014843,253,23,12,237,0,11,4,7,0.23024054982817868,0.008853389881551266,0.054529763758182526,0.006191822700202465,0.03263823688030243,0.06372653692960739,0.1094745397567749,0.0002567897317931056,0.07780728489160538,0.008421370759606361,0.010922995395958424,0.08268629014492035,0.026568494737148285,0.0964696928858757,0.06051162630319595,0.07389990985393524,0.09267071634531021,0.03226274996995926,0.07511099427938461,0.013299571350216866,0.07369726151227951,1,330,1.9412267896292357,122,64,144,23727.7265625,0.1914350837469101,0.32535865902900696,0.446788489818573,0.23602451384067535,0.21076399087905884,306,48,10,358,-12,14,20,-6,0.1696969696969697,0.025051282718777657,0.039261624217033386,0.13387098908424377,0.04952988028526306,0.057676855474710464,0.044750653207302094,0.0,0.012646335177123547,0.08929214626550674,0.0,0.04330965876579285,0.03641778603196144,0.07101750373840332,0.02542245388031006,0.04465896263718605,0.028337949886918068,0.07689297944307327,0.0010847568046301603,0.04243048280477524,0.17834769189357758,-39,0.10616642850278524,-24,6,-21,1402.14453125,0.24222098290920258,0.038538455963134766,-0.2709101140499115,-53,-25,2,-121,12,13,0.060543580131208974
g9054.t1,A0A5N6X3W7,0.7747,25.8,1,291,2.047393218132021,98,70,123,25129.87109375,0.43365606665611267,0.3638971149921417,0.1758783757686615,0.1374237984418869,0.0384545736014843,253,23,12,237,0,11,4,7,0.23024054982817868,0.008853389881551266,0.054529763758182526,0.006191822700202465,0.03263823688030243,0.06372653692960739,0.1094745397567749,0.0002567897317931056,0.07780728489160538,0.008421370759606361,0.010922995395958424,0.08268629014492035,0.026568494737148285,0.0964696928858757,0.06051162630319595,0.07389990985393524,0.09267071634531021,0.03226274996995926,0.07511099427938461,0.013299571350216866,0.07369726151227951,1,1033,3.69429887687202,377,167,489,50267.4453125,0.19175133109092712,0.33239734172821045,0.4423571527004242,0.223232701420784,0.21912448108196259,940,120,8,856,-30,40,47,-7,0.13746369796708616,0.027162857353687286,0.026509474962949753,0.07803225517272949,0.057584699243307114,0.15630711615085602,0.04405536875128746,0.0,0.011297016404569149,0.016928372904658318,0.0,0.031355537474155426,0.03349412977695465,0.10682104527950287,0.04784109815955162,0.04164224490523338,0.09571602940559387,0.1410922408103943,0.005943105090409517,0.011291821487247944,0.06692560762166977,-742,-1.6469056587399993,-279,-97,-366,-25137.57421875,0.24190473556518555,0.031499773263931274,-0.2664787769317627,-687,-97,4,-619,30,14,0.09277685186109252
g16684.t1,A0A5N6X4X0,0.7715,46.9,1,575,4.080729058303957,154,145,276,68731.2578125,0.2497273087501526,0.20671933889389038,0.5382852554321289,0.3194403648376465,0.218844935297966,446,58,5,440,-12,63,55,8,0.30782608695652175,0.013012931682169437,0.018871638923883438,0.13533951342105865,0.022548621520400047,0.25339263677597046,0.08118602633476257,0.004892556928098202,0.034763310104608536,0.00224476819857955,0.008653063327074051,0.027133850380778313,0.0052681127563118935,0.05891791731119156,0.06487561762332916,0.06031638756394386,0.026431571692228317,0.08350542932748795,0.025861000642180443,0.006737368181347847,0.06604774296283722,1,562,4.016597203261769,80,142,340,58692.2578125,0.23050856590270996,0.12361738830804825,0.6351854801177979,0.26027125120162964,0.37491416931152344,408,59,2,346,-31,39,59,-20,0.2580071174377224,0.058594752103090286,0.02435346506536007,0.2865440845489502,0.028023499995470047,0.21831277012825012,0.040551017969846725,0.0039480989798903465,0.01604846678674221,0.009258750826120377,0.0,0.016257254406809807,0.010688597336411476,0.011367131024599075,0.04857892170548439,0.033325500786304474,0.031858284026384354,0.08837007731199265,0.029402127489447594,0.002558710053563118,0.04195849224925041,13,0.06413185504218788,74,3,-64,10039.0,0.019218742847442627,0.08310195058584213,-0.09690022468566895,38,-1,3,94,19,28,0.04981896951879933
g9054.t1,A0A5N6X2W1,0.7706,27.0,1,291,2.047393218132021,98,70,123,25129.87109375,0.43365606665611267,0.3638971149921417,0.1758783757686615,0.1374237984418869,0.0384545736014843,253,23,12,237,0,11,4,7,0.23024054982817868,0.008853389881551266,0.054529763758182526,0.006191822700202465,0.03263823688030243,0.06372653692960739,0.1094745397567749,0.0002567897317931056,0.07780728489160538,0.008421370759606361,0.010922995395958424,0.08268629014492035,0.026568494737148285,0.0964696928858757,0.06051162630319595,0.07389990985393524,0.09267071634531021,0.03226274996995926,0.07511099427938461,0.013299571350216866,0.07369726151227951,1,298,2.5544440351148383,89,66,143,28797.75,0.34553173184394836,0.3186267912387848,0.2818651795387268,0.13652637600898743,0.14533878862857819,248,19,7,292,-13,14,24,-10,0.28187919463087246,0.07348106801509857,0.0021287905983626842,0.07795561105012894,0.07977151870727539,0.11861088126897812,0.06268645823001862,0.0,0.03247929364442825,0.03656629100441933,0.014334459789097309,0.0936412438750267,0.05397632718086243,0.07880387455224991,0.042896609753370285,0.0646820068359375,0.04557293280959129,0.06738317757844925,0.03622271865606308,0.0008912240737117827,0.017915481701493263,-7,-0.5070508169828174,9,4,-20,-3667.87890625,0.0881243348121643,0.045270323753356934,-0.10598680377006531,5,4,5,-55,13,17,-0.051638644802693784
g19605.t1,A0A5N6X1V4,0.7689,38.4,1,211,3.1603068729060575,90,10,111,36990.1796875,0.22083789110183716,0.1375708281993866,0.6415911912918091,0.4842310845851898,0.15736012160778046,123,12,0,3,40,47,13,34,0.4028436018957346,0.029732510447502136,0.008984391577541828,0.15335193276405334,0.024712566286325455,0.302545964717865,0.047006502747535706,0.002965721534565091,0.03837992250919342,0.010651377029716969,0.009269202128052711,0.03355061635375023,,0.004448233172297478,0.033383842557668686,0.0559593066573143,0.006339737214148045,0.004008196294307709,0.01788155734539032,0.03514320030808449,0.18168510496616364,1,226,2.986853247099113,103,12,111,35557.046875,0.12710033357143402,0.12942703068256378,0.7060717940330505,0.5496505498886108,0.1564212292432785,158,18,0,22,28,40,19,21,0.33185840707964603,0.059240005910396576,0.016756385564804077,0.13196761906147003,0.009255765937268734,0.3525584638118744,0.03651056066155434,0.0002722284116316587,0.026696719229221344,0.01014842838048935,0.0,0.00018148562230635434,0.03740079700946808,0.036410242319107056,0.0063519966788589954,0.014425511471927166,0.00871102511882782,0.024453623220324516,0.0031759983394294977,0.02839101478457451,0.19709213078022003,-15,0.17345362580694434,-13,-2,0,1433.1328125,0.09373755753040314,0.008143797516822815,-0.06448060274124146,-35,-6,0,-19,12,13,0.07098519481608856
g54.t1,A0A5N6WKL3,0.768,29.9,1,558,2.5803796211611187,171,121,266,33739.359375,0.2869706451892853,0.27858683466911316,0.42004841566085815,0.2740670144557953,0.14598140120506287,521,55,12,638,-3,35,20,15,0.17562724014336917,0.01686355285346508,0.017723936587572098,0.08506394922733307,0.07585203647613525,0.2005193829536438,0.08148714900016785,0.0012268422869965434,0.06164932623505592,0.0075963763520121574,0.009923207573592663,0.05783090740442276,0.014394139871001244,0.05521881952881813,0.045852985233068466,0.06254787743091583,0.04316944256424904,0.0609174408018589,0.02327522449195385,0.0053398036397993565,0.0735476166009903,1,600,2.59108241964855,166,137,297,34857.6796875,0.28838902711868286,0.34036582708358765,0.347172349691391,0.2027645707130432,0.14440777897834778,568,50,5,573,-16,26,23,3,0.17,0.03854982927441597,0.0008330708369612694,0.05763762816786766,0.06064658612012863,0.1183396577835083,0.0741555467247963,0.0,0.05745233967900276,0.025054333731532097,0.0001874926674645394,0.07561587542295456,0.024072790518403053,0.09002648293972015,0.042772453278303146,0.05135425925254822,0.07446758449077606,0.08677016198635101,0.02181120403110981,0.015827765688300133,0.08442491292953491,-42,-0.010702798487431053,5,-16,-31,-1118.3203125,-0.001418381929397583,-0.06177899241447449,0.07287606596946716,-47,5,7,65,13,12,0.0056272401433691555
g11288.t1,A0A5N6X3J6,0.7645,15.0,1,148,1.6435495604508368,46,43,59,18673.5625,0.25120216608047485,0.37346258759498596,0.369633287191391,0.1989503800868988,0.1706829071044922,131,25,0,103,0,13,14,-1,0.30405405405405406,0.015793969854712486,0.0,0.10109744966030121,0.013661438599228859,0.1522035002708435,0.08586383610963821,0.0,0.0046652453020215034,0.013198227621614933,,0.08731590956449509,0.005701966118067503,0.1587366759777069,0.03818589076399803,0.09604458510875702,0.06027233228087425,0.06958544254302979,0.009196554310619831,0.04173007234930992,0.046746861189603806,1,150,1.5339085258208693,54,43,53,16990.51953125,0.20167088508605957,0.16569949686527252,0.6023694276809692,0.3329406678676605,0.2694287598133087,136,18,5,144,-2,15,18,-3,0.28,0.029918042942881584,0.0,0.14772182703018188,0.02176954410970211,0.19697584211826324,0.008545705117285252,0.004167026374489069,0.0,0.050835270434617996,0.0,0.032853174954652786,0.030260151252150536,0.010577674955129623,0.004367763176560402,0.11562234163284302,0.07397131621837616,0.12170693278312683,0.01474254671484232,0.0,0.13596482574939728,-2,0.10964103462996744,-8,0,6,1683.04296875,0.04953128099441528,0.20776309072971344,-0.23273614048957825,-5,7,-5,-41,2,2,0.02405405405405403
g1259.t1,A0A5N6XCU7,0.7642,17.7,1,191,1.5445783784625133,66,46,79,17340.41796875,0.2100527137517929,0.3317936956882477,0.4260016083717346,0.2959679961204529,0.13003356754779816,170,18,2,69,0,16,10,6,0.2094240837696335,0.00018182871281169355,0.0,0.05137326568365097,0.013815322890877724,0.24300743639469147,0.17854464054107666,0.00037214168696664274,0.006136095616966486,0.031770866364240646,0.0,0.027081498876214027,0.03215193375945091,0.08731868863105774,0.029432548210024834,0.1461212933063507,0.019972046837210655,0.07866029441356659,0.0007273148512467742,0.00037214168696664274,0.05296057462692261,1,253,1.7263433326250608,101,50,102,19406.23828125,0.33280330896377563,0.16193918883800507,0.475976824760437,0.2928614318370819,0.18311546742916107,237,36,0,167,-9,22,18,4,0.21739130434782608,0.04588712379336357,0.03856172785162926,0.05741734430193901,0.009302645921707153,0.19563351571559906,0.030010683462023735,0.0,0.009975801222026348,0.023530641570687294,0.0,0.10823743790388107,0.029280634596943855,0.019693216308951378,0.00914448406547308,0.09850622713565826,0.03383329138159752,0.12569813430309296,0.022490518167614937,0.045568715780973434,0.09722787886857986,-62,-0.18176495416254745,-35,-4,-23,-2065.8203125,-0.12275059521198273,0.16985450685024261,-0.04997521638870239,-67,-18,2,-98,9,2,-0.007967220578192574
g989.t1,A0A5N6XJB5,0.7624,56.5,1,140,2.8686087486956064,71,6,63,26767.908203125,0.296612948179245,0.26669663190841675,0.42966118454933167,0.3389461636543274,0.09071499109268188,103,6,0,16,8,19,13,6,0.4785714285714286,0.019715240225195885,0.010125179775059223,0.0828804075717926,0.05948610231280327,0.2189328372478485,0.15773144364356995,0.007179549429565668,0.004942052066326141,0.007982601411640644,0.0,0.01735745184123516,0.007029212545603514,0.01888875663280487,0.0915667861700058,0.10606973618268967,0.010442446917295456,0.007834582589566708,0.039656952023506165,0.01216532289981842,0.12001335620880127,1,141,2.884661373335068,71,6,64,27092.48046875,0.2271035611629486,0.1920810043811798,0.5762898921966553,0.4323582649230957,0.14393162727355957,98,11,0,52,10,23,14,9,0.425531914893617,0.02026963420212269,0.04145240783691406,0.10476595908403397,0.011405851691961288,0.15161193907260895,0.11159483343362808,,0.03394173085689545,0.007646066136658192,0.0,0.027391569688916206,0.004525564145296812,0.0005818931967951357,0.019314542412757874,0.0673731192946434,0.05363687127828598,0.0391656719148159,0.017360541969537735,0.00721547519788146,0.28074634075164795,-1,-0.016052624639461666,0,0,-1,-324.572265625,0.06950938701629639,0.07461562752723694,-0.1466287076473236,5,-5,0,-36,-2,-3,0.05303951367781157
g10208.t1,A0A5N6XJP3,0.7622,14.4,1,144,1.4792408304801195,47,42,55,15679.07421875,0.28581514954566956,0.2108878642320633,0.48706090450286865,0.31847214698791504,0.1685887575149536,141,28,0,51,3,16,10,6,0.2638888888888889,0.05738167464733124,0.07634688913822174,0.016812879592180252,0.004938882309943438,0.2674552798271179,0.035292062908411026,0.0,0.005762029904872179,0.06129373237490654,0.0,0.0,0.01623603142797947,0.06436818838119507,0.05903201177716255,0.0870867371559143,0.04499499499797821,0.15177586674690247,0.00020578678231686354,0.0,0.05101688578724861,1,789,4.717268789104837,94,103,592,102211.9375,0.2630370557308197,0.30919918417930603,0.3782948851585388,0.18297317624092102,0.1953217089176178,337,28,0,324,-32,42,57,-15,0.3409378960709759,0.05545094981789589,0.019492706283926964,0.11133459210395813,0.06700298190116882,0.08998574316501617,0.11136622726917267,0.0023287737276405096,0.017763705924153328,0.007047122344374657,0.0,0.04023442417383194,0.04946880787611008,0.050169166177511215,0.08802646398544312,0.01447195466607809,0.05630924925208092,0.08398712426424026,0.02526806853711605,0.017304420471191406,0.09298744052648544,-645,-3.238027958624718,-47,-61,-537,-86532.86328125,0.022778093814849854,-0.09831131994724274,0.10876601934432983,-196,0,0,-273,35,21,-0.07704900718208701
g9603.t1,A0A5N6X7E5,0.7616,30.9,1,435,3.1203692902726146,154,48,233,48122.3515625,0.1140534058213234,0.37746885418891907,0.4783770442008972,0.29915735125541687,0.17921976745128632,384,63,1,155,11,39,25,14,0.27586206896551724,0.0068571120500564575,0.0025478545576334,0.1112264022231102,0.08344616740942001,0.23206844925880432,0.08226842433214188,0.0,0.0035535870119929314,0.012001901865005493,0.0,0.006906026508659124,0.030100621283054352,0.03147906810045242,0.07270056754350662,0.014440189115703106,0.16827329993247986,0.06799335032701492,0.0070480648428201675,0.0,0.06708887219429016,1,466,3.0972001292908358,165,51,250,49544.80078125,0.24928556382656097,0.25206682085990906,0.49851736426353455,0.29719850420951843,0.20131884515285492,337,41,1,169,2,35,31,4,0.26824034334763946,0.017347969114780426,0.0068927304819226265,0.12422072887420654,0.06252612918615341,0.09508597105741501,0.05577056482434273,0.02020571194589138,0.021551527082920074,0.03143960237503052,0.0,0.040961191058158875,0.0001302476302953437,0.03107793815433979,0.055732619017362595,0.07001395523548126,0.07125257700681686,0.07709810882806778,0.016579845920205116,0.0,0.20211252570152283,-31,0.02316916098177879,-11,-3,-17,-1422.44921875,-0.13523215800523758,0.12540203332901,-0.02014032006263733,47,22,0,-14,9,10,0.007621725617877773
g9379.t1,A0A5N6XFT5,0.7614,13.2,1,408,2.3245226907904093,150,104,154,28408.8671875,0.24426761269569397,0.24389371275901794,0.4886831045150757,0.309919536113739,0.17876358330249786,355,32,12,234,0,24,16,8,0.18382352941176472,0.0006710945744998753,0.005792341195046902,0.1407053917646408,0.019330041483044624,0.11391071230173111,0.09483896195888519,,0.026385368779301643,0.010972431860864162,0.036395300179719925,0.045264411717653275,0.023155508562922478,0.03419986367225647,0.06221338361501694,0.034303002059459686,0.046923309564590454,0.038058191537857056,0.06963802129030228,0.0012337923981249332,0.1960088312625885,1,1125,4.5152220680635,267,199,659,120025.5,0.1968861222267151,0.3355853855609894,0.42213156819343567,0.2827904522418976,0.1393410861492157,780,101,21,280,5,76,61,15,0.2773333333333333,0.015630871057510376,0.03321831300854683,0.06613053381443024,0.05126026272773743,0.04230746626853943,0.0500149168074131,0.032764602452516556,0.01820686087012291,0.018238481134176254,0.0017237359425053,0.030869673937559128,0.04539699852466583,0.0457419790327549,0.035830702632665634,0.02124170958995819,0.11528164148330688,0.07321056723594666,0.009123390540480614,0.053324371576309204,0.24048300087451935,-717,-2.190699377273091,-117,-95,-505,-91616.6328125,0.04738149046897888,-0.09169167280197144,0.06655153632164001,-425,-69,-9,-46,-5,-7,-0.0935098039215686
g15267.t1,A0A5N6XDA3,0.76,24.6,1,79,1.2203159749441836,56,0,23,12230.4736328125,0.403094619512558,0.2867233455181122,0.30679264664649963,0.17142488062381744,0.1353677660226822,72,11,23,20,0,7,4,3,0.3924050632911392,0.017986508086323738,0.02110496163368225,0.05622392147779465,0.008969609625637531,0.13646121323108673,0.07453762739896774,0.06615160405635834,0.1321217119693756,0.03572724759578705,0.09805631637573242,0.09798772633075714,0.0033894216176122427,,0.003957180771976709,0.06378491967916489,0.021397193893790245,0.07914384454488754,0.0,0.04803537204861641,0.034963659942150116,1,157,1.5607556904619526,88,0,69,17123.97265625,0.3613395392894745,0.39179527759552,0.23674766719341278,0.16988806426525116,0.06685958057641983,145,19,67,112,-3,3,7,-4,0.29936305732484075,0.019407544285058975,0.0634726956486702,0.04954305291175842,0.04923788830637932,0.13865017890930176,0.05134548991918564,0.03901277482509613,0.09582556039094925,0.03039129637181759,0.08377566933631897,0.04126458615064621,0.01011749729514122,0.03124171309173107,0.026002340018749237,0.076354019343853,0.04238046333193779,0.017316531389951706,0.0,0.10342278331518173,0.031237881630659103,-78,-0.34043971551776897,-32,0,-46,-4893.4990234375,0.041755080223083496,-0.10507193207740784,0.07004497945308685,-73,-8,-44,-92,3,7,0.09304200596629847
g6827.t1,A0A5N6XDC1,0.7588,16.5,1,176,1.7498201592905276,52,51,73,20316.9375,0.15511298179626465,0.44832873344421387,0.3384191691875458,0.189107283949852,0.14931190013885498,139,9,1,294,-5,11,13,-2,0.3068181818181818,0.004923130385577679,0.0,0.08661463111639023,0.050460465252399445,0.12970435619354248,0.21059846878051758,0.0,0.0058397878892719746,0.025405090302228928,0.014636454172432423,0.021001840010285378,0.05813911557197571,0.13147804141044617,0.014567132107913494,0.08609289675951004,0.015750225633382797,0.06269726157188416,0.02268820069730282,0.0,0.059402916580438614,1,179,1.6422906594639402,59,44,76,18793.35546875,0.2867735028266907,0.272230327129364,0.4365943670272827,0.16177219152450562,0.2748222351074219,144,17,1,140,0,12,12,0,0.2569832402234637,0.06295377016067505,0.004292136523872614,0.2466249167919159,0.004292136989533901,0.09337231516838074,0.14973382651805878,0.0022038440220057964,0.03982320427894592,0.045010220259428024,0.0,0.0,0.004401788581162691,0.04233039915561676,0.0563112236559391,0.08842087537050247,0.030360393226146698,0.02819732576608658,0.03276844322681427,0.0005033139605075121,0.06839987635612488,-3,0.10752949982658744,-7,7,-3,1523.58203125,-0.13166052103042603,0.17609840631484985,-0.09817519783973694,-5,-8,0,154,-5,-2,0.04983494159471813
g12820.t1,A0A5N6XII1,0.7518,27.9,1,368,2.4443348459447383,61,128,179,31412.25,0.37180671095848083,0.2441805601119995,0.3290277123451233,0.2709738612174988,0.0580538734793663,271,28,2,449,-6,20,10,10,0.22282608695652173,0.013273482210934162,0.09754960983991623,0.03625389561057091,0.048060834407806396,0.09775647521018982,0.04383743554353714,0.0033896337263286114,0.02403324283659458,0.023646850138902664,0.0014550909399986267,0.06245144084095955,0.05498507246375084,0.05788196995854378,0.04107944294810295,0.06004931405186653,0.06929837912321091,0.021799977868795395,0.06998057663440704,0.0,0.17321740090847015,1,390,2.2457209595884144,52,159,179,28828.921875,0.25349894165992737,0.2364944964647293,0.48168179392814636,0.2102607935667038,0.27142101526260376,293,27,2,508,-11,25,24,1,0.18974358974358974,0.01819455623626709,0.015556943602859974,0.10183515399694443,0.022035574540495872,0.19325017929077148,0.026336243376135826,0.0,0.028956778347492218,0.01824062690138817,0.0,0.08997894078493118,0.028324751183390617,0.07149101048707962,0.039060238748788834,0.061751484870910645,0.02244647964835167,0.16958585381507874,0.0,0.07594455778598785,0.017010625451803207,-22,0.19861388635632382,9,-31,0,2583.328125,0.11830776929855347,0.007686063647270203,-0.15265408158302307,-22,1,0,-59,5,9,0.033082497212931994
g15154.t1,A0A5N6WN00,0.7511,17.3,1,443,2.5336073591686694,134,114,195,28850.81640625,0.18849119544029236,0.3011382222175598,0.4578763544559479,0.2023358941078186,0.2555404305458069,401,55,16,452,-13,21,29,-8,0.19413092550790068,0.027137786149978638,0.0,0.1157074123620987,0.08938507735729218,0.15483234822750092,0.08649289608001709,0.0045852563343942165,0.026563310995697975,0.010235325433313847,0.0,0.05994858592748642,0.05249420180916786,0.037916116416454315,0.05272737890481949,0.00964974332600832,0.05014000087976456,0.1398330181837082,0.00787913054227829,0.026968808844685555,0.04750355705618858,1,375,2.1442576159133044,155,69,151,25712.1484375,0.2647397220134735,0.2721399664878845,0.4252703785896301,0.25012528896331787,0.17514510452747345,343,38,11,208,-14,24,23,1,0.18133333333333335,0.08085432648658752,0.010917387902736664,0.09962691366672516,0.04232273995876312,0.14160113036632538,0.1449591964483261,0.0,0.006040159612894058,0.017422305420041084,0.0,0.009160567075014114,0.037849877029657364,0.017776217311620712,0.06059602275490761,0.0737137421965599,0.0440186932682991,0.0755181759595871,0.02345753088593483,0.00564081035554409,0.1085241511464119,68,0.389349743255365,-21,45,44,3138.66796875,-0.07624852657318115,0.028998255729675293,0.03260597586631775,58,17,5,244,1,-9,0.01279759217456733
g17056.t1,A0A5N6XJ00,0.7495,24.4,1,303,1.9716711723186628,137,56,110,22106.390625,0.1592468023300171,0.2542554438114166,0.5650888085365295,0.40231066942214966,0.1627781242132187,286,29,0,224,8,28,16,12,0.20462046204620463,0.04416033625602722,0.0008757321047596633,0.1343781054019928,0.09541546553373337,0.4002934396266937,0.08480876684188843,0.0,0.0011676428839564323,0.014874137006700039,,0.0002919107209891081,0.02140888385474682,0.01847018674015999,0.04145132005214691,0.06692787259817123,0.04054427146911621,0.028400029987096786,0.004372005350887775,0.00014262780314311385,0.00201729079708457,1,299,1.9155285651025642,131,55,113,20775.931640625,0.19132579863071442,0.3136668801307678,0.478827565908432,0.29830077290534973,0.18052680790424347,301,30,0,106,-6,19,18,1,0.19732441471571907,0.12883873283863068,0.0,0.12994420528411865,0.036911360919475555,0.26386091113090515,0.05776684731245041,0.0,0.0077651068568229675,0.06087314337491989,0.0,0.0013941784854978323,0.016179727390408516,0.06851668655872345,0.020189274102449417,0.0235563013702631,0.0877387523651123,0.05058259516954422,0.00958221685141325,0.0018600847106426954,0.03443986549973488,4,0.05614260721609865,6,1,-3,1330.458984375,-0.03207899630069733,-0.059411436319351196,0.08626124262809753,-15,-1,0,118,14,11,0.0072960473304855555
g10715.t1,A0A5N6WVR0,0.7486,28.6,1,1163,4.684382814546927,319,117,727,123301.1875,0.05582519993185997,0.16184617578983307,0.7709887623786926,0.5664402842521667,0.20454846322536469,827,226,10,593,46,174,109,65,0.2751504729148753,0.006218790542334318,0.006332657765597105,0.1911335289478302,0.016913749277591705,0.5283849239349365,0.022312484681606293,0.0,0.0,0.004220476374030113,2.6502417313167825e-05,0.003480344545096159,0.011339915916323662,0.013028091751039028,0.028284981846809387,0.0026160806883126497,0.10534487664699554,0.013414932414889336,0.00889234896749258,0.0,0.038055311888456345,1,441,2.5789602820964905,120,94,227,36362.75390625,0.28866976499557495,0.21423836052417755,0.4717309772968292,0.17888161540031433,0.2928493916988373,327,41,3,352,-22,18,30,-12,0.2290249433106576,0.053676340728998184,0.02244924008846283,0.18088150024414062,0.013700333423912525,0.08122000843286514,0.08349752426147461,0.0038137962110340595,0.0,0.017895998433232307,0.001527723972685635,0.04992761090397835,0.025360852479934692,0.03355465084314346,0.07434946298599243,0.07318433374166489,0.06006339192390442,0.11196789145469666,0.011268986389040947,0.003998739179223776,0.09766161441802979,722,2.1054225324504365,199,23,500,86938.43359375,-0.23284456506371498,-0.05239218473434448,0.2992577850818634,500,185,7,241,68,77,0.04612552960421773
g15154.t1,A0A5N6XJ44,0.7469,21.5,1,443,2.5336073591686694,134,114,195,28850.81640625,0.18849119544029236,0.3011382222175598,0.4578763544559479,0.2023358941078186,0.2555404305458069,401,55,16,452,-13,21,29,-8,0.19413092550790068,0.027137786149978638,0.0,0.1157074123620987,0.08938507735729218,0.15483234822750092,0.08649289608001709,0.0045852563343942165,0.026563310995697975,0.010235325433313847,0.0,0.05994858592748642,0.05249420180916786,0.037916116416454315,0.05272737890481949,0.00964974332600832,0.05014000087976456,0.1398330181837082,0.00787913054227829,0.026968808844685555,0.04750355705618858,1,573,2.6699169702639303,218,129,226,30663.060546875,0.17956669628620148,0.22436517477035522,0.5471285581588745,0.3146854341030121,0.23244310915470123,543,82,27,425,-12,39,35,4,0.15706806282722513,0.03752417862415314,0.00042090335045941174,0.13899171352386475,0.02070789970457554,0.15529301762580872,0.04017254710197449,0.007997163571417332,0.00510568730533123,0.022818954661488533,0.0,0.018036140128970146,0.048939552158117294,0.047919534146785736,0.0602145791053772,0.013456466607749462,0.0907757431268692,0.09345140308141708,0.03681159019470215,0.0019705030135810375,0.15939240157604218,-130,-0.13630961109526085,-84,-15,-31,-1812.244140625,0.008924499154090881,0.07677304744720459,-0.08925220370292664,-142,-27,-11,27,-1,-12,0.037062862680675546
g7156.t1,A0A5N6X3U0,0.7443,20.6,1,210,2.6414763408433584,28,54,128,30694.65234375,0.2810809016227722,0.1914982944726944,0.5135028958320618,0.3704933524131775,0.14300954341888428,154,22,1,179,3,22,16,6,0.3380952380952381,0.01708383299410343,0.029671574011445045,0.07843843847513199,0.054036613553762436,0.3124403953552246,0.0125760892406106,0.0,0.06309415400028229,0.025718918070197105,0.011705323122441769,0.07342682778835297,0.01391783356666565,0.041446808725595474,0.006751158274710178,0.06529957056045532,0.0202911589294672,0.06457110494375229,0.025753794237971306,0.025723392143845558,0.058052971959114075,1,174,1.5180051672526094,36,50,88,16436.861328125,0.24744804203510284,0.41553592681884766,0.33212724328041077,0.19532980024814606,0.13679741322994232,136,5,0,193,-3,10,9,1,0.25287356321839083,0.034074924886226654,0.0,0.08210965245962143,0.04468343034386635,0.1571979522705078,0.0780690461397171,0.04024138301610947,0.04711185768246651,0.0312909334897995,,0.0017666948260739446,0.004888819996267557,0.13734221458435059,0.11250132322311401,0.008299021050333977,0.08867055177688599,0.05468776449561119,0.0034528332762420177,0.03547973558306694,0.03813188523054123,36,1.123471173590749,-8,4,40,14257.791015625,0.03363285958766937,-0.22403763234615326,0.181375652551651,18,17,1,-14,6,5,0.08522167487684729
g13714.t1,A0A5N6X2H6,0.744,35.8,1,112,4.715270006503892,105,0,7,28262.30859375,0.2417970597743988,0.17250797152519226,0.5824472308158875,0.3861323595046997,0.19631479680538177,121,12,0,8,0,27,25,2,0.7142857142857143,0.017467135563492775,0.04577988013625145,0.12541335821151733,0.012778591364622116,0.27458062767982483,0.04656980559229851,,0.010046456940472126,0.00011416428606025875,0.010242555290460587,0.07526253908872604,0.0032478035427629948,0.010631154291331768,,0.06070423871278763,0.05410544574260712,0.07090142369270325,0.0325368195772171,0.038066256791353226,0.11155176907777786,1,119,4.896115402661366,107,0,12,29901.1328125,0.2670707702636719,0.22287973761558533,0.5053918957710266,0.3246384263038635,0.1807534396648407,116,8,0,8,-3,22,22,0,0.7058823529411765,0.06424421072006226,0.042731236666440964,0.1652478128671646,0.01985703967511654,0.22729189693927765,0.0968862995505333,,0.019315380603075027,0.0,,0.062036775052547455,0.004657624755054712,0.01969451643526554,0.01347363367676735,0.04499037563800812,0.04363708198070526,0.015505634248256683,0.020279165357351303,0.042804792523384094,0.09734650701284409,-7,-0.18084539615747364,-2,0,-5,-1638.82421875,-0.02527371048927307,-0.050371766090393066,0.07705533504486084,5,4,0,0,3,2,0.008403361344537785
g11568.t1,A0A5N6WJE7,0.7399,56.0,1,180,2.971874915130754,12,36,132,34304.9765625,0.22369249165058136,0.19440197944641113,0.5782535076141357,0.21829354763031006,0.3599599301815033,93,14,1,36,-9,23,28,-5,0.45555555555555555,0.020311539992690086,0.017964458093047142,0.2496352195739746,0.025907058268785477,0.12799963355064392,0.04710710048675537,0.0020692048128694296,0.027758726850152016,0.006671159993857145,0.0,0.06103089079260826,0.0036520378198474646,0.08845112472772598,0.013920103199779987,0.05057220906019211,0.007049523293972015,0.11032471060752869,0.030065355822443962,0.019216012209653854,0.09029390662908554,1,149,2.593696587735016,26,40,83,27603.4140625,0.20564955472946167,0.13134095072746277,0.6523880958557129,0.25578200817108154,0.39660605788230896,111,25,0,32,-7,21,27,-6,0.3959731543624161,0.009345455095171928,0.016011182218790054,0.31938499212265015,0.0,0.1993238627910614,0.018092555925250053,0.0070133632980287075,0.014122297056019306,0.008606810122728348,0.0,0.06911370903253555,0.010621375404298306,0.055170249193906784,0.015896955505013466,0.05837450176477432,0.0,0.0772210881114006,0.015772072598338127,0.049471329897642136,0.056458160281181335,31,0.37817832739573776,-14,-4,49,6701.5625,0.01804293692111969,0.06306102871894836,-0.07413458824157715,-18,-11,1,4,-2,1,0.059582401193139456
g15154.t1,A0A5N6X6Y9,0.7399,14.3,1,443,2.5336073591686694,134,114,195,28850.81640625,0.18849119544029236,0.3011382222175598,0.4578763544559479,0.2023358941078186,0.2555404305458069,401,55,16,452,-13,21,29,-8,0.19413092550790068,0.027137786149978638,0.0,0.1157074123620987,0.08938507735729218,0.15483234822750092,0.08649289608001709,0.0045852563343942165,0.026563310995697975,0.010235325433313847,0.0,0.05994858592748642,0.05249420180916786,0.037916116416454315,0.05272737890481949,0.00964974332600832,0.05014000087976456,0.1398330181837082,0.00787913054227829,0.026968808844685555,0.04750355705618858,1,386,2.287039129895574,114,74,198,30106.865234375,0.251966267824173,0.2896680235862732,0.43270209431648254,0.2661944031715393,0.16650766134262085,337,45,1,58,3,20,21,-1,0.19948186528497408,0.03867818042635918,0.012217354029417038,0.1067158505320549,0.026248930022120476,0.1279546618461609,0.07247381657361984,0.0,0.01143717672675848,0.03570530191063881,0.006186742801219225,0.04639684781432152,0.02566365897655487,0.043878283351659775,0.04499664902687073,0.07757580280303955,0.10108816623687744,0.05979182943701744,0.020664222538471222,0.004086775705218315,0.13823972642421722,57,0.24656822927309552,20,40,-3,-1256.048828125,-0.06347507238388062,0.011470198631286621,0.025174260139465332,64,10,15,394,-16,-7,-0.005350939777073405
g3103.t1,A0A5N6XPF0,0.7393,13.7,1,69,1.5342732332373246,53,0,16,13706.1640625,0.25274547934532166,0.14386770129203796,0.5288287401199341,0.32111138105392456,0.2077174335718155,64,14,15,92,-3,9,11,-2,0.463768115942029,0.0002300414489582181,0.0009416336542926729,0.15388773381710052,,0.25123170018196106,0.0009219462517648935,0.01812644675374031,0.039548616856336594,0.014546077698469162,0.0004768335784319788,0.04893811419606209,0.0745580717921257,,0.11818502098321915,0.02677561156451702,0.01129960361868143,0.053829699754714966,0.0,0.11662323027849197,0.06987964361906052,1,60,1.4991790746102922,39,0,21,13847.283203125,0.3205758035182953,0.14736942946910858,0.504226565361023,0.4586871862411499,0.04553941264748573,49,1,6,14,6,11,4,7,0.45,0.036719124764204025,0.0,0.005009335931390524,0.006211568135768175,0.33228346705436707,,,0.01677667163312435,0.0,0.0,0.005825233645737171,0.027828186750411987,0.0689498707652092,0.04100964218378067,0.1508856564760208,0.02622308023273945,0.04053007811307907,0.06935948878526688,0.045984912663698196,0.12640376389026642,9,0.03509415862703236,14,0,-5,-141.119140625,-0.06783032417297363,-0.0035017281770706177,0.024602174758911133,15,13,9,78,-9,-9,0.01376811594202898
g17147.t1,A0A5N6X1M3,0.7361,13.6,1,141,1.4663900310620577,9,69,63,16577.0703125,0.3035757541656494,0.3396572172641754,0.3460448980331421,0.20544981956481934,0.14059512317180634,117,14,1,92,5,14,10,4,0.28368794326241137,0.020998835563659668,0.046908024698495865,0.06583195179700851,0.03194239363074303,0.1926569789648056,0.05599435791373253,0.0,0.021994218230247498,0.025042617693543434,0.0,0.06240816041827202,0.01072212215512991,0.045450739562511444,0.054100800305604935,0.09716569632291794,0.18046627938747406,0.07476316392421722,0.0,0.0007608065498061478,0.012792824767529964,1,154,1.4125515601650933,17,63,74,15138.6484375,0.1560555249452591,0.3000508248806,0.5255188345909119,0.13195063173770905,0.3935681879520416,133,18,0,137,-9,7,18,-11,0.2662337662337662,0.008345535025000572,0.004398048389703035,0.1292380839586258,0.06714948266744614,0.06541053205728531,0.0,0.0,0.002344463486224413,0.06234746426343918,0.0010413697455078363,0.0,0.01837480627000332,0.09233804792165756,0.04931081086397171,0.07100220769643784,0.053639497607946396,0.264330118894577,0.0206544678658247,0.023534955456852913,0.06654010713100433,-13,0.05383847089696436,-8,6,-11,1438.421875,0.14752022922039032,0.03960639238357544,-0.17947393655776978,-16,-4,1,-45,14,15,0.017454177028645157
g9054.t1,A0A5N6WPE2,0.7345,25.0,1,291,2.047393218132021,98,70,123,25129.87109375,0.43365606665611267,0.3638971149921417,0.1758783757686615,0.1374237984418869,0.0384545736014843,253,23,12,237,0,11,4,7,0.23024054982817868,0.008853389881551266,0.054529763758182526,0.006191822700202465,0.03263823688030243,0.06372653692960739,0.1094745397567749,0.0002567897317931056,0.07780728489160538,0.008421370759606361,0.010922995395958424,0.08268629014492035,0.026568494737148285,0.0964696928858757,0.06051162630319595,0.07389990985393524,0.09267071634531021,0.03226274996995926,0.07511099427938461,0.013299571350216866,0.07369726151227951,1,281,2.0388330448122147,91,69,121,24363.265625,0.33478397130966187,0.4039556086063385,0.23728221654891968,0.03556998819112778,0.2017122507095337,263,25,7,306,-15,3,12,-9,0.2277580071174377,0.03872409090399742,0.042252350598573685,0.06323714554309845,0.0493585467338562,0.034530654549598694,0.15709911286830902,0.005953115876764059,0.021478189155459404,0.009839017875492573,0.007131715305149555,0.04976532235741615,0.023978209123015404,0.056309089064598083,0.04819421470165253,0.11245245486497879,0.10532000660896301,0.13847507536411285,0.015964234247803688,0.01889810711145401,0.001039331080392003,10,0.008560173319806186,7,1,2,766.60546875,0.0988720953464508,-0.04005849361419678,-0.06140384078025818,-10,-2,5,-69,15,16,0.0024825427107409703
g14312.t1,A0A5N6XCW6,0.7327,42.0,1,309,2.905674307403476,95,32,182,40345.015625,0.23261430859565735,0.4831660985946655,0.28295978903770447,0.1173657774925232,0.16559401154518127,198,23,9,130,-5,16,18,-2,0.33980582524271846,0.03168373182415962,0.04477836191654205,0.1344882696866989,0.20841585099697113,0.028082240372896194,0.13929307460784912,0.0,7.815056596882641e-05,0.025679221376776695,0.0,0.07091832160949707,0.0012598104076460004,0.044698383659124374,0.05706486105918884,0.01762891560792923,0.01483452320098877,0.031105749309062958,0.010461987927556038,0.050245024263858795,0.0892835408449173,1,299,2.8695707622475632,102,30,167,44476.23828125,0.43742090463638306,0.22980619966983795,0.32711854577064514,0.08376278728246689,0.24335576593875885,202,19,2,181,-13,13,25,-12,0.35451505016722407,0.13965651392936707,0.019949981942772865,0.19384042918682098,0.043774932622909546,0.03749943524599075,0.06475864350795746,0.10311347991228104,0.046305008232593536,0.013178044930100441,0.0,0.0028852762188762426,0.0056544020771980286,0.03653017804026604,0.07512326538562775,0.01601097732782364,0.05076130852103233,0.04951532557606697,0.0343763642013073,0.02080308087170124,0.04626334831118584,10,0.03610354515591263,-7,2,15,-4131.22265625,-0.2048065960407257,0.2533598989248276,-0.044158756732940674,-4,4,7,-51,8,10,-0.014709224924505604
g15161.t1,A0A5N6WPC0,0.7296,69.7,1,833,3.8714640830682376,327,138,368,69203.5859375,0.21048109233379364,0.2842336595058441,0.5052852630615234,0.25953903794288635,0.24574624001979828,674,89,12,297,-15,59,55,4,0.19447779111644659,0.005993233527988195,0.03321496397256851,0.13160359859466553,0.018935419619083405,0.1379421353340149,0.15584951639175415,0.01053701713681221,0.029283961281180382,0.016382284462451935,0.0,0.022167500108480453,0.0,0.03385915607213974,0.04584807902574539,0.06091863662004471,0.032068248838186264,0.11414264142513275,0.0025176946073770523,0.027139006182551384,0.12159688770771027,1,820,3.5253188073294526,334,138,348,55814.234375,0.23009657859802246,0.24181964993476868,0.5154973268508911,0.22946305572986603,0.2860342860221863,688,80,3,280,-33,45,61,-16,0.174390243902439,0.03803210332989693,0.008065355010330677,0.15022234618663788,0.031092608347535133,0.10964503884315491,0.04087701812386513,0.0,0.027426164597272873,0.032178208231925964,0.0,0.02598622255027294,0.01258644089102745,0.046170320361852646,0.010115197859704494,0.08061009645462036,0.042436156421899796,0.1358119398355484,0.03986143320798874,0.04906534031033516,0.11981804668903351,13,0.34614527573878506,-7,0,20,13389.3515625,-0.01961548626422882,0.04241400957107544,-0.010212063789367676,-14,9,9,17,18,20,0.020087547214007573
g16253.t1,A0A5N6X6N9,0.7294,26.8,1,205,2.471708177828846,138,0,67,25018.41015625,0.29501524567604065,0.3266296982765198,0.3514730930328369,0.2827739119529724,0.06869921088218689,176,7,56,111,0,15,9,6,0.32682926829268294,0.007066715974360704,0.027537165209650993,0.05671492964029312,0.06078041344881058,0.14297352731227875,0.14293183386325836,0.0,0.07970153540372849,0.004367232322692871,0.005616444628685713,0.06680189818143845,0.026881935074925423,0.08468873798847198,0.04010869935154915,0.05071417614817619,0.0277409628033638,0.01198428962379694,0.02308507077395916,0.0005041065160185099,0.13980035483837128,1,111,1.883495855126366,59,0,52,19070.96875,0.45944762229919434,0.19545291364192963,0.34509938955307007,0.10422979295253754,0.24086958169937134,80,2,15,21,-7,6,12,-6,0.36036036036036034,0.022855045273900032,0.022970762103796005,0.1144077256321907,0.012584826909005642,0.06472919881343842,0.061501845717430115,,0.050755880773067474,0.02167406864464283,0.0,0.12029143422842026,,0.0819435715675354,0.05424322560429573,0.09647858142852783,0.004863973241299391,0.12646184861660004,0.09185272455215454,0.012884628027677536,0.03950059786438942,94,0.5882123227024798,79,0,15,5947.44140625,-0.1644323766231537,0.13117678463459015,0.006373703479766846,96,5,41,90,7,12,-0.033531092067677404
g16599.t1,A0A5N6WJC0,0.7281,25.2,1,111,1.370954604937526,55,20,36,14863.111328125,0.23938480019569397,0.23204532265663147,0.5285698771476746,0.47354772686958313,0.05502215027809143,104,7,3,49,11,17,5,12,0.24324324324324326,0.027786774560809135,0.02018882893025875,0.013808570802211761,0.0036904311273247004,0.34518125653266907,0.06962050497531891,,0.010854208841919899,0.001060674898326397,0.0,0.05492229387164116,0.0,0.01138492114841938,0.005210020113736391,0.12042268365621567,0.032275572419166565,0.04121357575058937,0.0,0.11401324719190598,0.12836645543575287,1,126,1.3737618283440787,55,20,51,15313.111328125,0.2991963326931,0.1787409484386444,0.5008015632629395,0.287985622882843,0.21281589567661285,103,6,0,18,0,9,8,1,0.2619047619047619,0.033502064645290375,0.06625954806804657,0.11942260712385178,0.00978783704340458,0.031096838414669037,0.020274877548217773,0.003955307882279158,0.0,0.006244284100830555,0.0,0.03560911491513252,0.021261153742671013,0.06507016718387604,0.046565767377614975,0.11330454051494598,0.07036315649747849,0.09339327365159988,0.0,0.007000635843724012,0.25688883662223816,-15,-0.0028072234065525947,0,0,-15,-450.0,-0.059811532497406006,0.05330437421798706,0.027768313884735107,1,1,3,31,11,11,-0.01866151866151866
g16170.t1,A0A5N6WMB8,0.722,43.8,1,196,4.460623134195305,42,0,154,60238.6953125,0.11340107023715973,0.5999835729598999,0.26112061738967896,0.22668218612670898,0.03443845361471176,70,0,0,10,28,29,6,23,0.7397959183673469,0.024032549932599068,0.0001606880541658029,0.0249145720154047,0.05454722419381142,0.1691937893629074,0.49903061985969543,0.00942295789718628,0.0001071253718691878,0.006675461307168007,0.001835505710914731,0.0,0.025494789704680443,0.016762688755989075,0.04899398237466812,0.02784494310617447,0.013735798187553883,0.009523885324597359,0.0028388220816850662,0.007396199274808168,0.05748838186264038,1,65,2.7144307218360493,29,0,36,20323.359375,0.22464579343795776,0.1530957818031311,0.550377368927002,0.48381778597831726,0.06655959784984589,40,4,0,0,15,18,3,15,0.6615384615384615,0.08195361495018005,0.0004762814496643841,0.0563451312482357,0.006436790339648724,0.35277506709098816,0.05087519437074661,,0.013970920816063881,0.02155061438679695,,0.0,0.07188095152378082,0.05522225797176361,0.017781173810362816,0.09478633105754852,0.013937849551439285,0.010214465670287609,0.015677472576498985,0.005073096137493849,0.1310427188873291,131,1.7461924123592554,13,0,118,39915.3359375,-0.11124472320079803,0.4468877911567688,-0.289256751537323,30,-4,0,10,13,8,0.07825745682888541
g8504.t1,A0A5N6WQI5,0.7194,20.3,1,669,3.899974050034017,262,101,306,56793.95703125,0.19244912266731262,0.1890450268983841,0.5949262976646423,0.38026270270347595,0.21466363966464996,529,67,0,164,-1,60,44,16,0.22122571001494767,0.01808399148285389,0.0316445492208004,0.19656017422676086,0.04234341159462929,0.2573702335357666,0.03225267305970192,0.0003976800653617829,0.03966715559363365,0.013390335254371166,0.005983894690871239,0.02848919667303562,0.023579519242048264,0.045967165380716324,0.018963363021612167,0.02810930833220482,0.044290415942668915,0.018103471025824547,0.027093874290585518,0.004817137494683266,0.12289243936538696,1,556,3.2146307829311693,219,108,229,48345.390625,0.30803972482681274,0.231090247631073,0.4587686359882355,0.3520982563495636,0.10667038708925247,520,68,2,201,8,40,25,15,0.22841726618705036,0.10075516253709793,0.01829076185822487,0.0720209851861,0.039393503218889236,0.15543484687805176,0.04213189706206322,0.0,0.041102178394794464,0.028860963881015778,0.0,0.027076449245214462,0.0021013955119997263,0.02971302717924118,0.045376550406217575,0.03614622727036476,0.07363616675138474,0.03464939445257187,0.03929239884018898,0.017354682087898254,0.19666340947151184,113,0.6853432671028479,43,-7,77,8448.56640625,-0.11559060215950012,-0.042045220732688904,0.13615766167640686,9,-1,-2,-37,-9,1,-0.007191556172102681
g1259.t1,A0A5N6WSS7,0.7118,16.6,1,191,1.5445783784625133,66,46,79,17340.41796875,0.2100527137517929,0.3317936956882477,0.4260016083717346,0.2959679961204529,0.13003356754779816,170,18,2,69,0,16,10,6,0.2094240837696335,0.00018182871281169355,0.0,0.05137326568365097,0.013815322890877724,0.24300743639469147,0.17854464054107666,0.00037214168696664274,0.006136095616966486,0.031770866364240646,0.0,0.027081498876214027,0.03215193375945091,0.08731868863105774,0.029432548210024834,0.1461212933063507,0.019972046837210655,0.07866029441356659,0.0007273148512467742,0.00037214168696664274,0.05296057462692261,1,239,1.6332397612522347,99,45,95,18142.71875,0.1666465401649475,0.15456858277320862,0.6490324139595032,0.36633509397506714,0.2826973497867584,235,23,0,114,-10,16,21,-5,0.20502092050209206,0.059434764087200165,0.0,0.09234626591205597,0.03461385518312454,0.3320833444595337,0.006430826615542173,0.0012448974885046482,0.0012448974885046482,0.02761785313487053,0.0,0.012338944710791111,0.029752403497695923,0.0008723023347556591,0.030511315912008286,0.05955978482961655,0.08433859050273895,0.19035106897354126,0.0023119524121284485,0.0006951518007554114,0.03425174951553345,-48,-0.08866138278972135,-33,1,-16,-802.30078125,0.0434061735868454,0.17722511291503906,-0.22303080558776855,-65,-5,2,-45,10,11,0.004403163267541449
g9054.t1,A0A5N6X665,0.7117,22.1,1,291,2.047393218132021,98,70,123,25129.87109375,0.43365606665611267,0.3638971149921417,0.1758783757686615,0.1374237984418869,0.0384545736014843,253,23,12,237,0,11,4,7,0.23024054982817868,0.008853389881551266,0.054529763758182526,0.006191822700202465,0.03263823688030243,0.06372653692960739,0.1094745397567749,0.0002567897317931056,0.07780728489160538,0.008421370759606361,0.010922995395958424,0.08268629014492035,0.026568494737148285,0.0964696928858757,0.06051162630319595,0.07389990985393524,0.09267071634531021,0.03226274996995926,0.07511099427938461,0.013299571350216866,0.07369726151227951,1,318,1.9406294665275934,106,63,149,22877.25390625,0.2576305568218231,0.2788929343223572,0.4303933084011078,0.2794007360935211,0.15099255740642548,295,25,7,284,-4,19,13,6,0.22012578616352202,0.02331528812646866,0.02805999107658863,0.08393994718790054,0.06791112571954727,0.13189832866191864,0.02119527757167816,0.0032438579946756363,0.036387622356414795,0.0354146733880043,0.003713831538334489,0.03398999199271202,0.033083174377679825,0.033894073218107224,0.09868752956390381,0.007713342551141977,0.08672797679901123,0.06705260276794434,0.02623293735086918,0.030035965144634247,0.1475023776292801,-27,0.10676375160442753,-8,7,-26,2252.6171875,0.17602550983428955,0.08500418066978455,-0.2545149326324463,-42,-2,5,-47,4,1,0.010114763664656662
g19681.t1,A0A5N6WNT1,0.7095,38.8,1,148,3.1939856876203736,76,0,72,30252.01171875,0.26055383682250977,0.18377643823623657,0.4799026846885681,0.27855268120765686,0.20134997367858887,100,9,0,74,1,15,15,0,0.5067567567567568,0.022291017696261406,0.016638271510601044,0.14927653968334198,0.058199573308229446,0.17643558979034424,0.012642563320696354,0.006612646859139204,0.024744097143411636,0.007492304779589176,,0.05556756258010864,0.07576707005500793,0.023108558729290962,0.06132663041353226,0.057588573545217514,0.023494170978665352,0.05207342654466629,0.015785029157996178,0.05883926898241043,0.1021171286702156,1,85,1.4561038278452128,53,0,32,15232.4248046875,0.2773490846157074,0.17557266354560852,0.5017961859703064,0.38795071840286255,0.11384545266628265,54,0,0,18,10,15,5,10,0.3764705882352941,0.021605733782052994,0.0,0.08548758178949356,0.016516538336873055,0.07858997583389282,0.09504014253616333,0.0,0.0,0.00021182092314120382,0.0,0.0381036214530468,0.045282091945409775,0.03720298409461975,0.0828186646103859,0.1119878962635994,0.008534952998161316,0.028357867151498795,0.022833198308944702,0.018066231161355972,0.3093607425689697,63,1.7378818597751609,23,0,40,15019.5869140625,-0.016795247793197632,0.008203774690628052,-0.02189350128173828,46,9,0,56,-9,-10,0.1302861685214627
g14833.t1,A0A5N6WI98,0.7088,25.7,1,167,3.124401727957003,88,0,79,36780.796875,0.23843860626220703,0.39285364747047424,0.3477281630039215,0.2964353859424591,0.051292769610881805,122,8,0,16,14,25,9,16,0.48502994011976047,0.017193838953971863,0.014913023449480534,0.04074075445532799,0.07180069386959076,0.09160204231739044,0.07811571657657623,0.016827596351504326,0.058359961956739426,0.0,0.0,0.025278137996792793,0.020979585126042366,0.015032830648124218,0.06143428757786751,0.04399314522743225,0.21491418778896332,0.010552015155553818,0.00043861829908564687,0.012990277260541916,0.20483334362506866,1,123,1.7748433242894037,78,0,45,18472.744140625,0.36665916442871094,0.379249632358551,0.24723748862743378,0.21988040208816528,0.027357086539268494,124,18,0,117,6,13,4,9,0.36585365853658536,0.002095982898026705,0.05082758143544197,0.01778290420770645,0.08453289419412613,0.04712282493710518,0.08707551658153534,0.010633328929543495,0.07126341015100479,0.01733456552028656,,0.047932837158441544,0.00685374578461051,0.1099599227309227,0.05225222930312157,0.09076674282550812,0.03885313495993614,0.009574184194207191,0.04088704288005829,0.04149357229471207,0.1727575808763504,44,1.3495584036675992,10,0,34,18308.052734375,-0.1282205581665039,0.013604015111923218,0.10049067437648773,-2,-10,0,-101,8,7,0.11917628158317511
g6101.t1,A0A5N6WPG0,0.7078,21.0,1,243,2.092024919895347,205,0,38,23231.287109375,0.5886284112930298,0.19222475588321686,0.17011843621730804,0.1325140744447708,0.03760436549782753,246,11,3,264,5,8,4,4,0.25925925925925924,0.017038891091942787,0.024444283917546272,0.023344101384282112,0.032262735068798065,0.11194080859422684,0.03020056150853634,0.015607180073857307,0.2352346032857895,0.01153359841555357,0.0,0.15925297141075134,0.049028392881155014,0.0,0.027935044839978218,0.05911579355597496,0.07544075697660446,0.014260259456932545,0.0499996691942215,0.04278711602091789,0.020573260262608528,1,271,2.5893790885458388,193,0,78,31249.705078125,0.40413108468055725,0.356607586145401,0.23926126956939697,0.13082310557365417,0.1084381639957428,252,13,0,293,-5,9,10,-1,0.2988929889298893,0.027671121060848236,0.02932312898337841,0.056842390447854996,0.04391107335686684,0.03437044844031334,0.10277248919010162,0.06351900100708008,0.07244383543729782,0.001858508214354515,0.0,0.07310131192207336,0.0,0.07617674767971039,0.0552389957010746,0.07323142886161804,0.033082928508520126,0.0515957809984684,0.009602291509509087,0.09880582988262177,0.09645266830921173,-28,-0.49735416865049187,12,0,-40,-8018.41796875,0.18449732661247253,-0.16438283026218414,-0.06914283335208893,-6,-2,3,-29,10,5,-0.03963372967063006
g3192.t1,A0A5N6WKR8,0.7072,29.3,1,243,2.8515525794392897,75,42,126,37060.5859375,0.12065663188695908,0.3342282772064209,0.545115053653717,0.3448982238769531,0.20021682977676392,176,26,0,462,-3,30,29,1,0.411522633744856,0.0179346464574337,0.008806821890175343,0.17374016344547272,0.054811857640743256,0.31447556614875793,0.13722044229507446,0.0002552295627538115,0.012101532891392708,0.005087000783532858,0.0022925236262381077,0.004574556834995747,0.0,0.05111513286828995,0.0686914399266243,0.0,0.07547444105148315,0.0264766626060009,0.008292392827570438,0.008226892910897732,0.03042266145348549,1,410,2.7599374186306553,183,65,162,32031.95703125,0.211588516831398,0.156813383102417,0.6315981149673462,0.299439400434494,0.33215880393981934,356,30,0,681,-2,33,31,2,0.2097560975609756,0.0916735827922821,0.0025182245299220085,0.2565370500087738,0.02432098053395748,0.2675440311431885,0.04720810055732727,0.0026040207594633102,0.0003960265021305531,0.015101826749742031,0.0,0.008257479406893253,0.0,0.03025602363049984,0.0674264058470726,0.033877789974212646,0.018775980919599533,0.07562174648046494,0.004834991414099932,0.02115047536790371,0.031895339488983154,-167,0.09161516080863441,-108,-23,-36,5028.62890625,-0.09093188494443893,0.1774148941040039,-0.08648306131362915,-180,-4,0,-219,-1,-1,0.20176653618388038
g17346.t1,A0A5N6XQM4,0.7051,20.8,1,294,2.3424626950180745,223,2,69,26873.8125,0.4092886447906494,0.24013303220272064,0.31356433033943176,0.23307040333747864,0.08049394190311432,278,10,10,668,7,18,9,9,0.24489795918367346,0.02055189199745655,0.05366808548569679,0.038101084530353546,0.024243729189038277,0.14696663618087769,0.10031802207231522,0.07073661684989929,0.058350544422864914,0.0006003141752444208,0.003161526285111904,0.09548478573560715,0.03701398894190788,0.061180755496025085,0.03596372902393341,0.04883955046534538,0.010619898326694965,0.04239286109805107,0.02569344826042652,0.040008775889873505,0.08610375225543976,1,331,2.400615897859973,224,14,93,28417.392578125,0.4028659462928772,0.16180379688739777,0.3970954120159149,0.29405108094215393,0.10304433852434158,275,6,8,543,9,19,8,11,0.22054380664652568,0.018620764836668968,0.07277994602918625,0.04078434407711029,0.02772406116127968,0.1597200185060501,0.06669876724481583,0.04631313309073448,0.08941061049699783,0.01511580590158701,0.005289642605930567,0.13436894118785858,0.03823486343026161,0.001447966555133462,0.01873430609703064,0.0037903909105807543,0.025543125346302986,0.062259986996650696,0.01884784735739231,0.019984425976872444,0.13433106243610382,-37,-0.05815320284189873,-1,-12,-24,-1543.580078125,0.006422698497772217,0.07832923531532288,-0.08353108167648315,3,4,2,125,-2,-2,0.02435415253714779
g4920.t3,A0A5N6WNQ5,0.7043,16.3,1,306,2.604009486701002,189,12,105,27151.58203125,0.2725813686847687,0.2720043957233429,0.365825355052948,0.19576531648635864,0.17006005346775055,289,39,0,370,-3,18,16,2,0.238562091503268,0.03566858917474747,0.06758397817611694,0.10116522759199142,0.05269097909331322,0.14537473022937775,0.10202746093273163,0.030216941609978676,0.0025655936915427446,0.004018700681626797,0.0,0.023113135248422623,0.08958885073661804,0.07191739976406097,0.05768044292926788,0.03250988945364952,0.03564074635505676,0.06889481842517853,0.023242807015776634,0.005709104705601931,0.0503905825316906,1,464,3.1261597698324097,306,23,135,33562.5390625,0.24959607422351837,0.2903585433959961,0.43456923961639404,0.2402641624212265,0.19430506229400635,515,81,0,228,-7,34,30,4,0.2025862068965517,0.035220302641391754,0.0015970411477610469,0.15488791465759277,0.06810206919908524,0.1253773272037506,0.07193594425916672,0.0,0.01451643742620945,0.030402015894651413,0.0,0.05792327970266342,0.025476209819316864,0.03329348936676979,0.04304860532283783,0.07871029525995255,0.06593925505876541,0.039417166262865067,0.01858012191951275,0.020685728639364243,0.11488685011863708,-158,-0.5221502831314075,-117,-11,-30,-6410.95703125,0.022985294461250305,-0.018354147672653198,-0.06874388456344604,-226,-42,0,142,4,-2,0.035975884606716274
g6448.t1,A0A5N6WXE9,0.7026,18.7,1,129,2.873380461765209,47,2,80,29817.890625,0.3604658544063568,0.28795358538627625,0.33668777346611023,0.21522262692451477,0.12146514654159546,82,7,0,52,-3,12,13,-1,0.49612403100775193,0.010144452564418316,0.0,0.06915488839149475,0.022994114086031914,0.06671451777219772,0.07070018351078033,0.05787429213523865,0.07929206639528275,0.016185754910111427,0.013794668018817902,0.0896371454000473,0.01489280629903078,0.060293424874544144,0.046836968511343,0.0679209902882576,0.05483440309762955,0.0523102693259716,0.008759946562349796,0.049151040613651276,0.14850811660289764,1,84,1.2259191659658495,51,2,31,12895.2685546875,0.2236451357603073,0.1465526968240738,0.5991184711456299,0.18780037760734558,0.4113181233406067,67,10,0,83,-12,6,15,-9,0.4166666666666667,0.012760793790221214,0.03127645328640938,0.30931299924850464,0.03492695093154907,0.08397360146045685,0.0580664798617363,0.012510580942034721,0.054005783051252365,0.05062518268823624,0.0,0.06692551076412201,0.030683645978569984,0.0,0.008256983943283558,0.03790902718901634,0.0029340863693505526,0.10200513154268265,0.0,0.0,0.10382678359746933,45,1.6474612957993593,-4,0,49,16922.6220703125,0.1368207186460495,0.14140088856220245,-0.26243069767951965,15,-3,0,-31,9,8,0.07945736434108525
g13452.t1,A0A5N6WP22,0.7005,20.1,1,172,1.6560846156531799,26,72,74,17761.3984375,0.1738114207983017,0.25502994656562805,0.558302104473114,0.4428313672542572,0.1154707595705986,136,22,0,77,5,19,10,9,0.2616279069767442,0.041850633919239044,0.05595146119594574,0.1018017902970314,0.021679164841771126,0.38184335827827454,0.04403485357761383,0.0,0.0,0.04327975958585739,0.0,0.0,0.01285644806921482,0.09992978721857071,0.024160858243703842,0.04881405457854271,0.023581605404615402,0.013668964616954327,0.003034389577805996,0.022524775937199593,0.060988035053014755,1,1601,6.70876479079338,804,73,724,114581.109375,0.27871379256248474,0.22912399470806122,0.446664959192276,0.29931241273880005,0.14735254645347595,1337,217,3,1071,-5,84,65,19,0.19237976264834478,0.02686362899839878,0.006842757109552622,0.07823812961578369,0.0335044227540493,0.10466189682483673,0.05625183507800102,0.015801653265953064,0.055294886231422424,0.007405892480164766,0.002253029029816389,0.09121980518102646,0.04549732059240341,0.0401124581694603,0.04639887809753418,0.01954110525548458,0.05328162759542465,0.06911442428827286,0.01675104722380638,0.03631473332643509,0.1946505308151245,-1429,-5.0526801751402,-778,-1,-650,-96819.7109375,-0.10490237176418304,0.025905951857566833,0.11163714528083801,-1201,-195,-3,-994,10,-10,0.06924814432839943
g4988.t1,A0A5N6WJJ7,0.6992,31.8,1,695,11.610843746233094,557,0,138,106676.796875,0.04469902813434601,0.7047445178031921,0.25049588084220886,0.23560406267642975,0.01489180512726307,665,36,5,54,76,80,10,70,0.539568345323741,0.012917034327983856,0.001240086043253541,0.010245145298540592,0.01285711769014597,0.1963556706905365,0.620519757270813,0.0,0.0,0.00352686969563365,0.0,0.0019357440760359168,6.049199873814359e-05,0.04700968787074089,0.016612542793154716,0.0069831302389502525,0.018762096762657166,0.004646661225706339,0.005010492634028196,0.0020689505618065596,0.039248399436473846,1,1528,5.834244101119579,426,11,1091,161872.578125,0.3251705467700958,0.3599528670310974,0.2924794852733612,0.2149398773908615,0.07753961533308029,728,108,3,231,30,81,58,23,0.29712041884816753,0.05920867994427681,0.008670632727444172,0.04151088744401932,0.039357561618089676,0.09018558263778687,0.11414052546024323,0.0033084372989833355,0.03497283160686493,0.02408423088490963,0.0,0.043266188353300095,0.022397059947252274,0.04599176347255707,0.10321582108736038,0.052553609013557434,0.08774255961179733,0.036028727889060974,0.0199743639677763,0.048636239022016525,0.12475429475307465,-833,5.776599645113515,131,-11,-953,-55195.78125,-0.2804715186357498,0.3447916507720947,-0.041983604431152344,-63,-72,2,-177,46,47,0.24244792647557345
g1259.t1,A0A5N6WUD3,0.6978,18.7,1,191,1.5445783784625133,66,46,79,17340.41796875,0.2100527137517929,0.3317936956882477,0.4260016083717346,0.2959679961204529,0.13003356754779816,170,18,2,69,0,16,10,6,0.2094240837696335,0.00018182871281169355,0.0,0.05137326568365097,0.013815322890877724,0.24300743639469147,0.17854464054107666,0.00037214168696664274,0.006136095616966486,0.031770866364240646,0.0,0.027081498876214027,0.03215193375945091,0.08731868863105774,0.029432548210024834,0.1461212933063507,0.019972046837210655,0.07866029441356659,0.0007273148512467742,0.00037214168696664274,0.05296057462692261,1,526,2.9419101518568462,226,74,226,38513.76953125,0.09187088161706924,0.28165140748023987,0.6006860733032227,0.3282664716243744,0.27241960167884827,441,29,11,345,-12,28,37,-9,0.19771863117870722,0.030804894864559174,0.005864350125193596,0.09486247599124908,0.06068911775946617,0.20510333776474,0.08841386437416077,0.004606110509485006,0.0,0.025947557762265205,0.0,0.013320451602339745,0.025791624560952187,0.04260948300361633,0.031817592680454254,0.0014381172368302941,0.060931749641895294,0.17755714058876038,0.0040193586610257626,0.003059618640691042,0.1231631338596344,-335,-1.397331773394333,-160,-28,-147,-21173.3515625,0.11818183213472366,0.05014228820800781,-0.17468446493148804,-271,-11,-9,-276,12,15,0.011705452590926285
g5214.t1,A0A5N6WT17,0.6978,21.9,1,500,2.7138689704375536,150,90,260,33522.421875,0.21622774004936218,0.430347740650177,0.3269341289997101,0.2574458718299866,0.06948825716972351,390,33,39,748,12,28,14,14,0.178,0.01847318932414055,0.0071225292049348354,0.04969919100403786,0.1533178687095642,0.2054489552974701,0.12786869704723358,0.0,0.01087629422545433,0.024595672264695168,0.0,0.017832353711128235,0.026490405201911926,0.0885189101099968,0.06580235064029694,0.09390726685523987,0.026356343179941177,0.019789069890975952,0.0022137591149657965,0.009690267033874989,0.051996901631355286,1,356,2.6704072402503107,81,65,210,35341.0546875,0.2871739864349365,0.28961414098739624,0.3854665160179138,0.2568477988243103,0.12861868739128113,284,24,10,226,7,20,12,8,0.23595505617977527,0.036721792072057724,0.0010042713256552815,0.0521186888217926,0.061978235840797424,0.0476083979010582,0.010834834538400173,0.0,0.017802992835640907,0.02839442528784275,0.011125846765935421,0.06788988411426544,0.03774532675743103,0.03768089413642883,0.055216189473867416,0.0697627067565918,0.13537761569023132,0.07649998366832733,0.038776129484176636,0.004222290124744177,0.2092394381761551,144,0.043461730187242864,69,25,50,-1818.6328125,-0.07094624638557434,0.14073359966278076,-0.058532387018203735,106,9,29,522,5,6,-0.05795505617977528
g5964.t1,A0A5N6XBS4,0.696,21.9,1,257,2.890078713983306,58,49,150,36655.14453125,0.3190099000930786,0.31345880031585693,0.30644720792770386,0.18326003849506378,0.12318716198205948,189,27,4,185,0,20,16,4,0.35019455252918286,0.008846311829984188,0.019421279430389404,0.08826404064893723,0.07365413010120392,0.14771808683872223,0.13569091260433197,0.0,0.15617649257183075,0.013111067935824394,0.050422895699739456,0.04506848007440567,0.06108405068516731,0.02295568957924843,0.030544182285666466,0.046277642250061035,0.0,0.03492312878370285,0.012675510719418526,0.01762411557137966,0.035541944205760956,1,267,2.797266409763994,82,55,130,35394.86328125,0.31809136271476746,0.15339843928813934,0.5228067636489868,0.35790809988975525,0.16489863395690918,223,29,0,113,4,26,18,8,0.3258426966292135,0.02859828993678093,0.03300328552722931,0.10694239288568497,0.021690733730793,0.14725498855113983,0.05099870637059212,0.0,0.033606063574552536,0.013095378875732422,0.0,0.09523995965719223,0.005703554023057222,0.03146219253540039,0.05045406520366669,0.057667747139930725,0.023362765088677406,0.05795624107122421,0.019521916285157204,0.012788650579750538,0.21065309643745422,-10,0.0928123042193123,-24,-6,20,1260.28125,0.0009185373783111572,0.1600603610277176,-0.21635955572128296,-34,-2,4,72,-4,-4,0.024351855899969355
g6022.t1,A0A5N6X790,0.6953,40.8,1,129,2.3961749709967033,80,0,49,24521.66015625,0.22407130897045135,0.24584777653217316,0.5300808548927307,0.20936425030231476,0.32071658968925476,70,2,0,0,-7,16,21,-5,0.5271317829457365,0.07441531866788864,0.01684216782450676,0.24084164202213287,0.008947402238845825,0.20007070899009705,0.03367273136973381,,0.06984768062829971,0.10338427126407623,,0.04534050077199936,,0.04126942157745361,0.015921112149953842,0.0,0.05857396125793457,0.07987494766712189,0.0017045331187546253,0.0,0.009293558076024055,1,109,2.9203775929400844,48,0,61,23427.6171875,0.31438201665878296,0.20810054242610931,0.4775174856185913,0.08563623577356339,0.39188119769096375,63,3,0,0,-15,7,22,-15,0.6055045871559633,0.1523023098707199,0.0002754481101874262,0.23350350558757782,0.02404118701815605,0.06834279745817184,0.04830559715628624,,0.06795404106378555,0.07281217724084854,,0.03619273379445076,0.0,0.0006744831916876137,0.030659081414341927,0.0019298967672511935,0.06226709112524986,0.1583777219057083,0.025068484246730804,0.0,0.017293434590101242,20,-0.5242026219433811,32,0,-12,1094.04296875,-0.0903107076883316,0.03774723410606384,0.052563369274139404,7,-1,0,0,8,10,-0.07837280421022685
g11864.t1,A0A5N6XGI1,0.6917,20.8,1,796,3.315816917735335,86,252,458,52473.43359375,0.3330744504928589,0.34950879216194153,0.27879369258880615,0.16549831628799438,0.11329536139965057,631,99,33,550,-33,22,31,-9,0.17839195979899497,0.01595773734152317,0.04440337419509888,0.09291175752878189,0.06766213476657867,0.08065231889486313,0.05475710704922676,0.006861058063805103,0.03775152564048767,0.02839084155857563,0.003425121307373047,0.08436029404401779,0.03862307593226433,0.12253033369779587,0.0755513533949852,0.023945169523358345,0.04771587252616882,0.020383605733513832,0.0442439466714859,0.02502734400331974,0.08484598249197006,1,1488,4.0550327635009635,132,561,795,75032.5390625,0.21389582753181458,0.20220930874347687,0.5660277605056763,0.27727097272872925,0.28875675797462463,1305,186,50,1122,-53,60,72,-12,0.13978494623655913,0.04017522558569908,0.01500768307596445,0.18522663414478302,0.032409485429525375,0.18518953025341034,0.03711225092411041,0.02157505229115486,0.02949248068034649,0.027905233204364777,0.0023456611670553684,0.055270127952098846,0.01786714419722557,0.03713462874293327,0.019533537328243256,0.015946844592690468,0.0386287122964859,0.10353013873100281,0.01689486764371395,0.026673324406147003,0.0920814573764801,-692,-0.7392158457656284,-46,-309,-337,-22559.10546875,0.11917862296104431,0.14729948341846466,-0.2872340679168701,-674,-87,-17,-572,20,3,0.038607013562435843
g18089.t1,A0A5N6X0I5,0.6913,25.4,1,174,1.647493245579111,6,75,93,17972.796875,0.32502490282058716,0.16811911761760712,0.4487570822238922,0.3633829951286316,0.08537406474351883,119,18,0,80,3,17,7,10,0.23563218390804597,0.05031820759177208,0.052388228476047516,0.02508663386106491,0.014491756446659565,0.3503371775150299,0.0033460878767073154,0.00017610989743843675,0.004606227856129408,0.05146504566073418,0.0,0.016336673870682716,0.058098871260881424,0.07008592784404755,0.06714136898517609,0.08232708275318146,0.012325191870331764,0.06028743460774422,0.051730964332818985,0.016405127942562103,0.013045787811279297,1,1507,4.925885024147808,257,486,764,109831.7109375,0.2925148010253906,0.2262430042028427,0.45234110951423645,0.2818639576435089,0.17047715187072754,1127,146,5,652,-35,84,72,12,0.1930988719309887,0.0313381627202034,0.016794949769973755,0.10498537123203278,0.040172331035137177,0.14597560465335846,0.058368783444166183,0.022084146738052368,0.06358543783426285,0.017607448622584343,0.0015173827996477485,0.05839419364929199,0.028901096433401108,0.03619401901960373,0.028041722252964973,0.032502368092536926,0.07133885473012924,0.06549178063869476,0.0397738441824913,0.0010441835038363934,0.13588838279247284,-1333,-3.2783917785686976,-251,-411,-671,-91858.9140625,0.03251010179519653,-0.058123886585235596,-0.0035840272903442383,-1008,-128,-5,-572,38,-2,0.04253331197705726
g13681.t1,A0A5N6X2H7,0.6872,28.0,1,70,2.8410021659947886,40,0,30,21126.20703125,0.2180406153202057,0.3265664279460907,0.455392986536026,0.35355204343795776,0.10184097290039062,48,3,1,0,2,12,8,4,0.7142857142857143,0.0012218175688758492,0.04901846498250961,0.0489594042301178,0.06848698109388351,0.33260464668273926,0.03583230450749397,,0.03628939762711525,0.007316499017179012,0.04544147849082947,0.03619634360074997,,0.02333737537264824,0.014509082771837711,0.07714005559682846,0.10044396668672562,0.05288156494498253,0.003665452590212226,0.0457078218460083,0.020947353914380074,1,90,3.1689146077939356,48,0,42,24636.640625,0.3417401909828186,0.30167949199676514,0.35658031702041626,0.2629855275154114,0.09359483420848846,63,2,1,0,3,15,9,6,0.6666666666666666,0.010870123282074928,0.009429505094885826,0.046087563037872314,0.010608192533254623,0.12526001036167145,0.07992929965257645,0.0012797954259440303,0.00026193069061264396,0.023588450625538826,0.024401873350143433,0.05225516855716705,,0.052353955805301666,0.04230180382728577,0.18324905633926392,0.04771711304783821,0.047507286071777344,0.04209280014038086,0.06308062374591827,0.13772548735141754,-20,-0.327912441799147,-8,0,-12,-3510.43359375,-0.12369957566261292,0.02488693594932556,0.09881266951560974,-15,1,0,0,-1,-2,0.04761904761904767
g10690.t1,A0A5N6XKI1,0.6864,20.6,1,187,2.1213994932845908,39,81,67,21746.30859375,0.17932699620723724,0.06933891773223877,0.7138857245445251,0.606195330619812,0.10769044607877731,137,20,1,45,20,32,7,25,0.2620320855614973,0.007576662115752697,0.019585121423006058,0.06209946796298027,0.002626724075525999,0.3343316614627838,0.04336528480052948,0.029343824833631516,0.0016320934519171715,0.011864127591252327,0.0,0.014085204340517521,0.03744833916425705,0.007858047261834145,0.036586564034223557,0.05657052993774414,0.0036247367970645428,0.04559096321463585,0.01394698116928339,0.0,0.2718636393547058,1,253,2.7320968451105614,46,73,134,31425.65625,0.2669530510902405,0.2955906093120575,0.4308069050312042,0.3278734087944031,0.10293350368738174,150,9,0,6,13,25,12,13,0.2845849802371542,0.005646979436278343,0.049884721636772156,0.08276451379060745,0.05988446623086929,0.0972110778093338,0.11150846630334854,0.002053447300568223,0.005336621776223183,0.012357814237475395,0.0,0.029772644862532616,0.00664950767531991,0.0010033159051090479,0.09451112151145935,0.043884746730327606,0.07026350498199463,0.020168988034129143,0.0358627587556839,0.04057301953434944,0.23066231608390808,-66,-0.6106973518259706,-7,8,-67,-9679.34765625,-0.08762605488300323,-0.22625169157981873,0.2830788195133209,-13,11,1,39,7,12,-0.022552894675656854
g18246.t1,A0A5N6WWQ9,0.6863,17.6,1,151,2.024442043339488,36,36,79,22806.216796875,0.25544631481170654,0.16739384829998016,0.5771598219871521,0.4468950033187866,0.13026483356952667,100,8,3,38,9,21,10,11,0.304635761589404,0.03732724487781525,0.019757898524403572,0.06955000758171082,0.07055679708719254,0.1916472464799881,0.03285219520330429,,0.0022636258509010077,0.008272933773696423,0.0,0.045976672321558,0.0,0.029125316068530083,0.06391150504350662,0.08620937913656235,0.0004244298324920237,0.060714833438396454,0.0,0.026162164285779,0.2552477717399597,1,235,3.3590452812326994,84,33,118,40116.84375,0.3345191776752472,0.26046934723854065,0.365384042263031,0.3047961890697479,0.06058787927031517,154,8,0,15,18,29,12,17,0.42127659574468085,0.036850765347480774,0.02259496971964836,0.03428761661052704,0.03864486515522003,0.09617039561271667,0.04543781653046608,,0.0675339549779892,0.04304388910531998,0.0003258262004237622,0.08625733852386475,0.039627403020858765,0.08388671278953552,0.028049448505043983,0.07992739230394363,0.02594420313835144,0.02630026265978813,0.01330532506108284,0.02318604849278927,0.20862579345703125,-84,-1.3346032378932113,-48,3,-39,-17310.626953125,-0.07907286286354065,-0.09307549893856049,0.2117757797241211,-54,0,3,23,-9,-6,-0.11664083415527687
g19580.t1,A0A5N6WL44,0.6857,35.7,1,241,2.569825178165303,87,25,129,32494.0,0.22919495403766632,0.2249806523323059,0.543838381767273,0.15659092366695404,0.3872474431991577,188,30,1,164,-23,20,38,-18,0.34024896265560167,0.01618536002933979,0.015986764803528786,0.16390661895275116,0.019260982051491737,0.09965788573026657,0.033970948308706284,0.0,0.0,0.0006950767710804939,0.0,0.06521527469158173,0.0019859333988279104,0.12625263631343842,0.04860103875398636,0.05480765551328659,0.02368343248963356,0.22334083914756775,0.028398850932717323,0.021117566153407097,0.056933045387268066,1,226,2.9961048952749914,61,26,139,37895.546875,0.22099518775939941,0.1630096733570099,0.6159951686859131,0.20122334361076355,0.4147718548774719,158,14,0,184,-28,22,39,-17,0.4026548672566372,0.0100430091843009,0.0004257157852407545,0.23562990128993988,0.022994905710220337,0.12241508066654205,0.03100399114191532,0.015155481174588203,0.07153744995594025,0.014631788246333599,0.0,0.013282330706715584,0.0,0.01965782791376114,0.024892590939998627,0.05372990667819977,0.07192113995552063,0.17914196848869324,0.03192868083715439,0.0028000182937830687,0.0788082703948021,15,-0.42627971710968815,26,-1,-10,-5401.546875,0.008199766278266907,0.06197097897529602,-0.07215678691864014,30,16,1,-20,5,-1,-0.06240590460103551
g11355.t1,A0A5N6X326,0.6813,21.0,1,220,1.9654968528649903,71,52,97,21077.068359375,0.1808115839958191,0.2630024552345276,0.5548344254493713,0.38975587487220764,0.1650785505771637,198,26,3,112,3,21,14,7,0.24545454545454545,0.013777492567896843,0.0,0.05357879400253296,0.05743618682026863,0.3454539477825165,0.06190674751996994,0.0,0.0,0.004129758104681969,0.0071318200789391994,0.0024493320379406214,0.0013515488244593143,0.06796625256538391,0.08545439690351486,0.07759951055049896,0.023420779034495354,0.11149974912405014,0.001530832494609058,0.041010912507772446,0.04430197551846504,1,168,1.4869009770339008,49,38,81,16148.921875,0.25075992941856384,0.14055629074573517,0.5707294940948486,0.22606278955936432,0.3446667492389679,155,15,0,169,-4,14,15,-1,0.2619047619047619,0.03407853841781616,0.04055929556488991,0.25802773237228394,0.001997994724661112,0.2093944251537323,,0.0,0.0442962683737278,0.003341929754242301,0.0044492082670331,0.004100131336599588,0.03795421123504639,0.0907960906624794,0.04206658527255058,0.08426052331924438,0.02543642744421959,0.08663900941610336,0.0013985964469611645,0.014534630812704563,0.016668369993567467,52,0.47859587583108953,22,14,16,4928.146484375,-0.06994834542274475,0.12244616448879242,-0.015895068645477295,43,11,3,-57,7,8,-0.016450216450216465
g17131.t1,A0A5N6WKT2,0.681,57.2,1,139,3.298464949867283,75,0,64,32066.634765625,0.23031750321388245,0.17220044136047363,0.5817344188690186,0.461780309677124,0.11995416134595871,101,11,0,18,16,26,8,18,0.4748201438848921,0.07826277613639832,0.002213641069829464,0.08457023650407791,0.046018801629543304,0.33514347672462463,0.07232513278722763,,0.0,0.008598648943006992,,0.012847251258790493,0.015747595578432083,0.014993134886026382,0.06582322716712952,0.0633566677570343,0.008079110644757748,0.035383932292461395,0.007813953794538975,0.022185616195201874,0.126636803150177,1,141,3.1412188790225963,71,0,70,34202.44140625,0.22427408397197723,0.17046919465065002,0.5903002619743347,0.5082197189331055,0.08208052814006805,101,15,0,18,17,28,8,20,0.5673758865248227,0.07963249832391739,0.0045281630009412766,0.05709382891654968,0.060153089463710785,0.4113060235977173,0.0034169566351920366,,0.0,0.028209563344717026,,0.007334606256335974,0.01495648268610239,0.0017515335930511355,0.06770795583724976,0.0635036751627922,0.05114690586924553,0.02498670294880867,0.0015671617584303021,0.02579115889966488,0.09691376984119415,-2,0.15724607084468678,4,0,-6,-2135.806640625,0.006043419241905212,0.0017312467098236084,-0.008565843105316162,0,-4,0,0,-1,-2,-0.09255574263993066
g15515.t1,A0A5N6X5R3,0.6766,44.1,1,298,3.5824336478394323,119,0,179,51492.42578125,0.09304536879062653,0.35831794142723083,0.547759473323822,0.3056870698928833,0.2420724332332611,219,27,0,223,25,44,38,6,0.4664429530201342,0.01538125704973936,0.0,0.19097328186035156,0.04646603763103485,0.27825403213500977,0.04132148623466492,0.0,0.00012532119581010193,0.0014411937445402145,6.346136069623753e-05,0.0,0.0008772484143264592,0.039567407220602036,0.035333242267370224,0.037819307297468185,0.22945833206176758,0.05109913647174835,0.004386242013424635,0.0,0.027433043345808983,1,104,2.025932372889715,65,0,39,20533.52734375,0.1758774369955063,0.23474453389644623,0.5893779993057251,0.3154853582382202,0.2738925516605377,80,10,0,93,4,18,16,2,0.4423076923076923,0.015545668080449104,0.0,0.2522415816783905,0.07640578597784042,0.20398610830307007,0.04172405228018761,0.0,0.0009428130579181015,0.015066605061292648,,0.0,,0.018893562257289886,0.0695711299777031,0.0898178368806839,0.08265453577041626,0.021650981158018112,0.0,0.0,0.11149928718805313,194,1.5565012749497171,54,0,140,30958.8984375,-0.08283206820487976,0.1235734075307846,-0.041618525981903076,139,17,0,130,21,4,0.02413526071244193
g3978.t1,A0A5N6WZ91,0.6753,56.7,1,173,3.7284815093430272,27,42,104,28789.15234375,0.16279107332229614,0.2874334454536438,0.5475403666496277,0.4161463975906372,0.13139395415782928,108,16,6,40,23,33,13,20,0.4277456647398844,0.04625784233212471,0.007172803860157728,0.07307568937540054,0.06954866647720337,0.3204761743545532,0.09479855000972748,,0.013897309079766273,0.07275652140378952,0.007228315342217684,0.024849653244018555,0.0022351073566824198,0.030062709003686905,0.03113642893731594,0.0034757591784000397,0.010287909768521786,0.058318257331848145,0.0360012948513031,0.0027507739141583443,0.09567023068666458,1,156,3.1718148684377634,33,36,87,28214.072265625,0.23605597019195557,0.2616123855113983,0.49606576561927795,0.394783616065979,0.10128214955329895,112,10,9,3,16,25,10,15,0.46794871794871795,0.01760578341782093,0.030643122270703316,0.04066549986600876,0.039600834250450134,0.2699372172355652,0.07557746022939682,,0.002287189243361354,0.03442337363958359,0.0,0.06640338152647018,0.006265848409384489,0.039580438286066055,0.026406606659293175,0.06983797997236252,0.04195248708128929,0.06061664968729019,0.022871891036629677,0.030477792024612427,0.12484639137983322,17,0.5566666409052639,-6,6,17,575.080078125,-0.07326489686965942,0.025821059942245483,0.05147460103034973,-4,6,-3,37,7,5,-0.04020305320883355
g6827.t1,A0A5N6XM31,0.6749,18.0,1,176,1.7498201592905276,52,51,73,20316.9375,0.15511298179626465,0.44832873344421387,0.3384191691875458,0.189107283949852,0.14931190013885498,139,9,1,294,-5,11,13,-2,0.3068181818181818,0.004923130385577679,0.0,0.08661463111639023,0.050460465252399445,0.12970435619354248,0.21059846878051758,0.0,0.0058397878892719746,0.025405090302228928,0.014636454172432423,0.021001840010285378,0.05813911557197571,0.13147804141044617,0.014567132107913494,0.08609289675951004,0.015750225633382797,0.06269726157188416,0.02268820069730282,0.0,0.059402916580438614,1,183,1.7111961088891643,72,48,63,19180.685546875,0.3384626507759094,0.2100364714860916,0.3973647356033325,0.17008227109909058,0.22728241980075836,157,30,0,207,-4,10,14,-4,0.273224043715847,0.09605569392442703,0.007734215818345547,0.058386776596307755,0.09132520109415054,0.014138623140752316,0.08380012959241867,0.00016501950449310243,0.012952825054526329,0.0026914961636066437,,0.04692146182060242,0.05413620546460152,0.0011506837327033281,0.10634807497262955,0.051490865647792816,0.031068986281752586,0.1688956618309021,0.01679447665810585,0.0,0.15594366192817688,-7,0.0386240504013633,-20,3,10,1136.251953125,-0.18334966897964478,0.23829226195812225,-0.05894556641578674,-18,-21,1,87,-1,2,0.0335941381023348
g14262.t1,A0A5N6X6N9,0.6734,22.7,1,224,2.5894799992532493,138,0,86,27102.359375,0.4332972764968872,0.2935769259929657,0.2655179500579834,0.1845584213733673,0.0809595137834549,173,14,42,121,-1,13,12,1,0.3169642857142857,0.007023971993476152,0.038810428231954575,0.06222667545080185,0.02758168801665306,0.15999341011047363,0.11438049376010895,0.0,0.13662640750408173,0.0,0.00012057177809765562,0.11664766073226929,0.007607904728502035,0.10561583936214447,0.08545646071434021,0.04468464106321335,0.04250454530119896,0.018732843920588493,0.004047713242471218,0.0033737500198185444,0.024565011262893677,1,111,1.883495855126366,59,0,52,19070.96875,0.45944762229919434,0.19545291364192963,0.34509938955307007,0.10422979295253754,0.24086958169937134,80,2,15,21,-7,6,12,-6,0.36036036036036034,0.022855045273900032,0.022970762103796005,0.1144077256321907,0.012584826909005642,0.06472919881343842,0.061501845717430115,,0.050755880773067474,0.02167406864464283,0.0,0.12029143422842026,,0.0819435715675354,0.05424322560429573,0.09647858142852783,0.004863973241299391,0.12646184861660004,0.09185272455215454,0.012884628027677536,0.03950059786438942,113,0.7059841441268833,79,0,34,8031.390625,-0.02615034580230713,0.09812401235103607,-0.07958143949508667,93,12,27,100,6,7,-0.043396074646074645
g3111.t1,A0A5N6WLB4,0.6705,21.3,1,163,1.6772262322248805,59,55,49,17623.921875,0.2125270664691925,0.22585706412792206,0.5616159439086914,0.31399524211883545,0.24762064218521118,153,31,0,321,-8,17,18,-1,0.294478527607362,0.0043896897695958614,0.007335054688155651,0.0808686763048172,0.05070775747299194,0.31399524211883545,0.01327626220881939,0.0,0.0,0.0,,0.0,0.0,0.07432059943675995,0.13546797633171082,0.024215131998062134,0.08394932746887207,0.16675196588039398,0.04111922159790993,0.003603118471801281,0.0,1,133,1.523792931485043,38,45,50,16821.5390625,0.16970522701740265,0.20328401029109955,0.5846658945083618,0.13423451781272888,0.45043137669563293,102,18,0,171,-13,8,22,-14,0.3233082706766917,0.00460344972088933,0.02225000597536564,0.23282848298549652,0.015278637409210205,0.06140458956360817,0.0492544025182724,0.0,0.031421322375535965,0.012541416101157665,0.0,0.011695461347699165,0.04234481230378151,0.09833762049674988,0.042773716151714325,0.055649224668741226,0.027684489265084267,0.2176029235124588,0.0013120620278641582,0.0001874374138424173,0.07282993197441101,30,0.15343330073983763,21,10,-1,802.3828125,0.042821839451789856,0.02257305383682251,-0.02304995059967041,51,13,0,150,5,13,-0.028829743069329727
g3990.t1,A0A5N6WY53,0.6703,26.7,1,259,2.329165429580628,33,64,162,25688.548828125,0.21137242019176483,0.22488658130168915,0.5184397101402283,0.3705098032951355,0.14792987704277039,177,22,3,88,30,28,10,18,0.22393822393822393,0.00600887555629015,0.005643521901220083,0.09100398421287537,0.016447022557258606,0.19354960322380066,0.03141480311751366,0.014444288797676563,0.008289765566587448,0.02053789049386978,0.0,0.051858339458703995,0.04530131816864014,0.044828109443187714,0.040894877165555954,0.07305411994457245,0.0009819116676226258,0.05692589655518532,0.011178622953593731,0.11067686229944229,0.17696021497249603,1,401,3.003444972932643,66,80,255,45168.24609375,0.23343391716480255,0.25510373711586,0.5064741969108582,0.37641677260398865,0.13005737960338593,255,14,6,7,41,40,14,26,0.256857855361596,0.00696469796821475,0.00021430185006465763,0.08265932649374008,0.06392878293991089,0.13793069124221802,0.050849493592977524,0.02029133215546608,0.014833832159638405,0.019276723265647888,0.006200386211276054,0.058536529541015625,0.004988150205463171,0.033692024648189545,0.044360481202602386,0.057628288865089417,0.06783446669578552,0.047398071736097336,0.030604446306824684,0.013321871869266033,0.23848611116409302,-142,-0.6742795433520148,-33,-16,-93,-19479.697265625,-0.02206149697303772,-0.030217155814170837,0.011965513229370117,-78,8,-3,81,-11,-8,-0.032919631423372064
g13229.t2,A0A5N6XDA7,0.666,37.3,1,632,4.107278301411501,124,143,365,74260.390625,0.3105301558971405,0.2924838662147522,0.3544774353504181,0.26220008730888367,0.09227734804153442,400,34,6,157,10,41,28,13,0.314873417721519,0.037120845168828964,0.02317919209599495,0.04799991473555565,0.0735803171992302,0.19057652354240417,0.07175538688898087,4.344909029896371e-05,0.043744828552007675,0.0055304705165326595,0.0,0.03047352470457554,0.04250851273536682,0.06519051641225815,0.10158184915781021,0.03917911648750305,0.05987812951207161,0.044277433305978775,0.0352073535323143,0.01654905080795288,0.0716235414147377,1,820,4.621908797947361,335,114,371,81479.1796875,0.28383198380470276,0.20767167210578918,0.4922737777233124,0.32622018456459045,0.1660536378622055,621,58,0,226,4,59,50,9,0.2597560975609756,0.03669741377234459,0.016906337812542915,0.12325481325387955,0.025605779141187668,0.14216987788677216,0.08193527907133102,0.015423525124788284,0.03611306473612785,0.012708300724625587,0.002594656078144908,0.07794086635112762,0.016222583130002022,0.019070444628596306,0.03725139796733856,0.031716324388980865,0.0461367666721344,0.04279881715774536,0.03178304061293602,0.019620442762970924,0.1840503066778183,-188,-0.5146304965358599,-211,29,-6,-7218.7890625,0.026698172092437744,0.08481219410896301,-0.1377963423728943,-221,-24,6,-69,6,4,0.05511732016054338
g13229.t1,A0A5N6XDA7,0.6654,37.4,1,649,4.151096740708378,121,147,381,77929.09375,0.31086641550064087,0.2900553047657013,0.34999701380729675,0.2705584466457367,0.07943852245807648,429,46,6,183,14,44,32,12,0.31432973805855163,0.027517590671777725,0.03245747461915016,0.044039007276296616,0.07402947545051575,0.17239536345005035,0.08209928125143051,0.0,0.05750073119997978,0.011592353694140911,0.0,0.033519938588142395,0.049081314355134964,0.044806383550167084,0.09901938587427139,0.035443343222141266,0.05694175511598587,0.03539951145648956,0.025407975539565086,0.020586026832461357,0.09816310554742813,1,820,4.621908797947361,335,114,371,81479.1796875,0.28383198380470276,0.20767167210578918,0.4922737777233124,0.32622018456459045,0.1660536378622055,621,58,0,226,4,59,50,9,0.2597560975609756,0.03669741377234459,0.016906337812542915,0.12325481325387955,0.025605779141187668,0.14216987788677216,0.08193527907133102,0.015423525124788284,0.03611306473612785,0.012708300724625587,0.002594656078144908,0.07794086635112762,0.016222583130002022,0.019070444628596306,0.03725139796733856,0.031716324388980865,0.0461367666721344,0.04279881715774536,0.03178304061293602,0.019620442762970924,0.1840503066778183,-171,-0.4708120572389829,-214,33,10,-3550.0859375,0.02703443169593811,0.08238363265991211,-0.14227676391601562,-192,-12,6,-43,10,3,0.054573640497576015
g19220.t1,A0A5N6XAL3,0.6652,33.9,1,507,4.535591066599648,129,66,312,85727.7109375,0.13961051404476166,0.507271409034729,0.35311806201934814,0.17598488926887512,0.17713318765163422,289,24,0,219,-30,34,53,-19,0.4457593688362919,0.027962908148765564,0.0003387343022041023,0.15782244503498077,0.08435437828302383,0.13278205692768097,0.1948622167110443,0.0,0.017697062343358994,0.00591325294226408,0.0,0.005516357254236937,0.0,0.03302454575896263,0.06372104585170746,0.003035020548850298,0.11583339422941208,0.019310729578137398,0.021339401602745056,0.07328362762928009,0.043202824890613556,1,409,3.817997388787362,231,28,150,47359.46875,0.22986789047718048,0.21996624767780304,0.5253831148147583,0.3143099844455719,0.211073100566864,356,51,0,277,-4,43,41,2,0.30317848410757947,0.02766299434006214,0.030109843239188194,0.12776969373226166,0.016873784363269806,0.24389129877090454,0.06981639564037323,0.001073218765668571,0.06306401640176773,0.005662762559950352,0.0,0.034600142389535904,0.024782801046967506,0.0458485409617424,0.046728622168302536,0.011776948347687721,0.05287961661815643,0.08330339938402176,0.014852089807391167,0.028885139152407646,0.07041870802640915,98,0.7175936778122858,-102,38,162,38368.2421875,-0.09025737643241882,0.28730516135692596,-0.17226505279541016,-67,-27,0,-58,-26,-21,0.14258088472871244
g8636.t1,A0A5N6XF01,0.6607,22.4,1,257,1.8492381696623434,110,34,113,21964.2421875,0.27565115690231323,0.1656031757593155,0.518928587436676,0.2598102390766144,0.25911828875541687,247,30,5,101,1,17,20,-3,0.2178988326848249,0.026367852464318275,0.0,0.1818506419658661,0.056615378707647324,0.19603581726551056,0.05829489976167679,0.03091885894536972,0.0,0.0023503992706537247,0.0,0.035815875977277756,0.03981710597872734,0.015845034271478653,0.055087484419345856,0.11909449100494385,0.031322259455919266,0.07726766169071198,0.008366599678993225,0.0011751996353268623,0.06377439945936203,1,239,1.8279008887369348,89,38,112,20344.86328125,0.11867787688970566,0.15005765855312347,0.6918526887893677,0.26504620909690857,0.4268065094947815,225,32,3,69,-10,19,25,-6,0.22594142259414227,0.014114746823906898,0.011562802828848362,0.33042478561401367,0.005510970950126648,0.1461498886346817,0.0024892278015613556,0.0011101487325504422,0.015996165573596954,0.05433923006057739,0.0,0.030546920374035835,0.0394117571413517,0.08660808205604553,0.02774648740887642,0.0003212387964595109,0.0011101487325504422,0.09638173878192902,0.0172793697565794,0.0,0.11889629811048508,18,0.021337280925408653,21,-4,1,1619.37890625,0.15697328001260757,0.015545517206192017,-0.17292410135269165,22,-2,2,32,11,3,-0.00804258990931736
g4551.t1,A0A5N6WLX4,0.6605,24.2,1,142,2.1566445379236145,22,46,74,23968.32421875,0.14541013538837433,0.2878069281578064,0.5667829513549805,0.39894524216651917,0.1678377240896225,80,7,0,22,2,18,15,3,0.352112676056338,0.0,0.03727666288614273,0.11698959767818451,0.00484621524810791,0.24483247101306915,0.1077684685587883,0.0,0.013057857751846313,0.0,,0.010500133037567139,0.0,0.10969148576259613,0.042915232479572296,0.0358993262052536,0.05800251662731171,0.05084813013672829,0.005760913249105215,0.007498238235712051,0.15411272644996643,1,165,2.489663348219503,21,51,93,29513.41015625,0.30331528186798096,0.15091492235660553,0.5350464582443237,0.2873194217681885,0.24772703647613525,95,4,0,119,-2,16,15,1,0.36363636363636365,0.04622907191514969,0.0344323106110096,0.20332929491996765,0.050571806728839874,0.163956418633461,0.03146494925022125,0.033182378858327866,0.042740993201732635,0.007429169025272131,,0.02370353229343891,0.01072335708886385,0.02248692512512207,0.01626446284353733,0.08065634965896606,0.026708420366048813,0.04439772292971611,0.026106184348464012,0.01225365698337555,0.12336301803588867,-23,-0.33301881029588865,1,-5,-19,-5545.0859375,-0.15790514647960663,0.13689200580120087,0.03173649311065674,-15,3,0,-97,4,2,-0.011523687580025643
g297.t1,A0A5N6XKG7,0.6576,15.0,1,371,2.0730140808750215,160,55,156,23958.78125,0.13704881072044373,0.20721741020679474,0.6218618154525757,0.4393329918384552,0.18252883851528168,346,39,10,221,4,29,22,7,0.1725067385444744,0.008349584415555,0.034341033548116684,0.12373329699039459,0.007780198939144611,0.4183045029640198,0.09589928388595581,0.0,0.0,0.01704944297671318,0.0,0.012239684350788593,0.033871959894895554,0.03457609936594963,0.01831521838903427,0.06286059319972992,0.03519299998879433,0.05879553407430649,0.00094269507098943,0.0167193952947855,0.021028490737080574,1,412,2.184758137782221,183,66,163,26424.5703125,0.2678298056125641,0.24964846670627594,0.44137927889823914,0.2681557238101959,0.17322349548339844,406,55,7,272,-1,26,23,3,0.1941747572815534,0.029052020981907845,0.05134973302483559,0.08261211961507797,0.03404917195439339,0.19779349863529205,0.06949066370725632,0.021586870774626732,0.0,0.03831091150641441,0.009285547770559788,0.021123996004462242,0.04114252328872681,0.03402647003531456,0.07214398682117462,0.06659011542797089,0.05242044851183891,0.09061138331890106,0.0059830970130860806,0.012065262533724308,0.07036222517490387,-41,-0.11174405690719968,-23,-11,-7,-2465.7890625,-0.13078099489212036,-0.0424310564994812,0.18048253655433655,-60,-16,3,-51,5,4,-0.021668018737078992
g9379.t2,A0A5N6XFT5,0.6567,15.0,1,495,2.6409849150514453,182,137,176,36173.89453125,0.3522472381591797,0.2384823113679886,0.39554697275161743,0.19335544109344482,0.2021915167570114,479,57,25,277,-6,20,23,-3,0.19393939393939394,0.019180526956915855,0.04067311808466911,0.17025364935398102,0.01510600559413433,0.10374429821968079,0.07739261537790298,0.0,0.038432784378528595,0.006793820299208164,0.0034008254297077656,0.07656572759151459,0.013723519630730152,0.0478607676923275,0.054320015013217926,0.0651860311627388,0.05194436013698578,0.0319378599524498,0.05788903310894966,0.035983916372060776,0.08961115777492523,1,1125,4.5152220680635,267,199,659,120025.5,0.1968861222267151,0.3355853855609894,0.42213156819343567,0.2827904522418976,0.1393410861492157,780,101,21,280,5,76,61,15,0.2773333333333333,0.015630871057510376,0.03321831300854683,0.06613053381443024,0.05126026272773743,0.04230746626853943,0.0500149168074131,0.032764602452516556,0.01820686087012291,0.018238481134176254,0.0017237359425053,0.030869673937559128,0.04539699852466583,0.0457419790327549,0.035830702632665634,0.02124170958995819,0.11528164148330688,0.07321056723594666,0.009123390540480614,0.053324371576309204,0.24048300087451935,-630,-1.874237153012055,-85,-62,-483,-83851.60546875,0.1553611159324646,-0.0971030741930008,-0.026584595441818237,-301,-44,4,-3,-11,-18,-0.08339393939393938
g4551.t1,A0A5N6WVK8,0.6532,20.0,1,142,2.1566445379236145,22,46,74,23968.32421875,0.14541013538837433,0.2878069281578064,0.5667829513549805,0.39894524216651917,0.1678377240896225,80,7,0,22,2,18,15,3,0.352112676056338,0.0,0.03727666288614273,0.11698959767818451,0.00484621524810791,0.24483247101306915,0.1077684685587883,0.0,0.013057857751846313,0.0,,0.010500133037567139,0.0,0.10969148576259613,0.042915232479572296,0.0358993262052536,0.05800251662731171,0.05084813013672829,0.005760913249105215,0.007498238235712051,0.15411272644996643,1,196,3.2629232196116043,19,49,128,38628.0234375,0.2888782322406769,0.2698465883731842,0.42048588395118713,0.16408461332321167,0.25640127062797546,97,4,0,129,-9,16,25,-9,0.4489795918367347,0.031336359679698944,0.014951623976230621,0.14447884261608124,0.054290398955345154,0.10008297860622406,0.07718780636787415,0.02491823025047779,0.06495671719312668,0.0,,0.04124981909990311,0.0207893718034029,0.058866340667009354,0.031002193689346313,0.04811699315905571,0.048719391226768494,0.11192242801189423,0.03234626725316048,0.03078267350792885,0.0640016421675682,-54,-1.1062786816879897,3,-3,-54,-14659.69921875,-0.14346809685230255,0.017960339784622192,0.14629706740379333,-17,3,0,-107,11,12,-0.09686691578039669
g6448.t1,A0A5N6XNE9,0.652,39.2,1,129,2.873380461765209,47,2,80,29817.890625,0.3604658544063568,0.28795358538627625,0.33668777346611023,0.21522262692451477,0.12146514654159546,82,7,0,52,-3,12,13,-1,0.49612403100775193,0.010144452564418316,0.0,0.06915488839149475,0.022994114086031914,0.06671451777219772,0.07070018351078033,0.05787429213523865,0.07929206639528275,0.016185754910111427,0.013794668018817902,0.0896371454000473,0.01489280629903078,0.060293424874544144,0.046836968511343,0.0679209902882576,0.05483440309762955,0.0523102693259716,0.008759946562349796,0.049151040613651276,0.14850811660289764,1,134,3.332702339662262,45,2,87,28467.185546875,0.38616275787353516,0.22424905002117157,0.38446110486984253,0.2520960569381714,0.13236500322818756,74,5,0,6,-4,15,16,-1,0.5149253731343284,0.036508895456790924,0.025610269978642464,0.06397008895874023,0.00983496941626072,0.0803048312664032,0.06186527758836746,,0.12692825496196747,0.002001407090574503,,0.040749091655015945,0.005127116572111845,0.055152151733636856,0.03874509781599045,0.0654580220580101,0.09002713859081268,0.06839491426944733,0.052163105458021164,0.005368094425648451,0.17179124057292938,-5,-0.45932187789705337,2,0,-7,1350.705078125,-0.025696903467178345,0.06370453536510468,-0.0477733314037323,8,2,0,46,1,0,-0.01880134212657647
g10723.t1,A0A5N6WTA0,0.6481,19.8,1,278,2.0752657901712372,11,171,96,23793.189453125,0.33147138357162476,0.220084086060524,0.42898255586624146,0.21054930984973907,0.21843329071998596,233,34,0,151,5,15,10,5,0.19424460431654678,0.01809108629822731,0.01451005320996046,0.1162601038813591,0.03593611344695091,0.045087192207574844,0.011562764644622803,0.05001775920391083,0.0805511325597763,0.024106452241539955,0.003296182956546545,0.06245652958750725,0.01946200430393219,0.07434605807065964,0.013495872728526592,0.055331047624349594,0.05091579258441925,0.10217317938804626,0.037017885595560074,0.019920730963349342,0.16546210646629333,1,284,2.1293378379116623,17,181,86,23157.099609375,0.44096851348876953,0.3645460903644562,0.17526647448539734,0.12980569899082184,0.045460768043994904,274,23,0,144,4,8,4,4,0.2147887323943662,0.048500124365091324,0.06164781004190445,0.03816824406385422,0.029620293527841568,0.08825398981571198,0.11377571523189545,0.02925991266965866,0.03552989289164543,0.005663932301104069,,0.10038553923368454,0.019218938425183296,0.13779354095458984,0.10690559446811676,0.023279644548892975,0.025252893567085266,0.007292523048818111,0.035460006445646286,0.05243968963623047,0.041551701724529266,-6,-0.05407204774042507,-6,-10,10,636.08984375,-0.10949712991714478,-0.1444620043039322,0.2537160813808441,-41,11,0,7,1,1,-0.020544128077819412
g17362.t1,A0A5N6X6G9,0.6464,57.1,1,128,2.5986396276005843,32,34,62,20124.677734375,0.09695469588041306,0.29303666949272156,0.5967532396316528,0.45437753200531006,0.14237570762634277,107,10,6,3,15,22,9,13,0.4375,0.01048660185188055,0.001763606327585876,0.1088002398610115,0.04241957888007164,0.3381252586841583,0.08363863080739975,,0.003206556895747781,0.04940330609679222,0.0,0.06274566799402237,0.013255380094051361,0.046986378729343414,0.01843770034611225,0.0003145578084513545,0.02501795068383217,0.03357545658946037,0.0,0.04557080194354057,0.11625229567289352,1,154,3.952927250368316,21,45,88,27758.71484375,0.11988011002540588,0.21906574070453644,0.6350038647651672,0.44502726197242737,0.1899765431880951,94,16,6,37,16,30,16,14,0.45454545454545453,0.021698562428355217,0.014180721715092659,0.09710796922445297,0.07015403360128403,0.362245112657547,0.03313995525240898,,0.002557179657742381,0.054999690502882004,0.0006815126398578286,0.03495734930038452,0.02605041116476059,0.022304505109786987,0.03127491846680641,0.00011402499512769282,0.033982053399086,0.09286856651306152,0.015097355470061302,0.0038039693608880043,0.08278214186429977,-26,-1.3542876227677318,11,-11,-26,-7634.037109375,-0.02292541414499283,0.07397092878818512,-0.038250625133514404,13,-6,0,-34,-1,-1,-0.01704545454545453
g9206.t1,A0A5N6XNG9,0.646,47.3,1,146,2.9538168233677253,42,0,104,33124.390625,0.33523696660995483,0.16397996246814728,0.5007830858230591,0.25037676095962524,0.25040629506111145,55,3,0,30,-7,15,21,-6,0.5,0.07038113474845886,0.004961092956364155,0.1987120509147644,0.03938524052500725,0.237930566072464,0.018601834774017334,0.0,0.04256240278482437,0.04553573951125145,0.0,0.06674345582723618,0.0,0.007052621804177761,0.08180377632379532,0.0343785360455513,0.03656958043575287,0.051694247871637344,0.03440655767917633,0.016834942623972893,0.012446177192032337,1,108,2.78746009213138,42,0,66,24429.29296875,0.36291542649269104,0.1339653730392456,0.5031191110610962,0.11564255505800247,0.3874765932559967,54,0,0,9,-15,7,22,-15,0.6111111111111112,0.15194621682167053,0.03169846907258034,0.23942607641220093,0.040310151875019073,0.11564255505800247,0.018216755241155624,0.003698154119774699,0.06391880661249161,0.05727892369031906,0.0,0.023209406062960625,,0.00012906578194815665,0.03960501402616501,0.0405098982155323,0.0034189445432275534,0.14805050194263458,0.008329467847943306,0.014611533842980862,,38,0.1663567312363452,0,0,38,8695.09765625,-0.027678459882736206,0.030014589428901672,-0.0023360252380371094,1,3,0,21,8,9,-0.11111111111111116
g10564.t1,A0A5N6XBP6,0.6437,16.8,1,216,1.9539862031752204,89,52,75,21133.625,0.13286033272743225,0.1903979778289795,0.6272935271263123,0.5261198878288269,0.10117363929748535,162,13,2,94,19,31,10,21,0.24537037037037038,0.024045372381806374,0.0,0.06698759645223618,0.004274860490113497,0.43669259548187256,0.10983113944530487,0.0,0.0015267357230186462,0.0051804594695568085,0.00046387393376789987,0.007633678615093231,0.049448173493146896,0.033213190734386444,0.011297845281660557,0.06225648894906044,0.03187601640820503,0.034186046570539474,0.026100222021341324,0.0055584232322871685,0.08942732959985733,1,302,2.973534373998335,81,56,165,44739.08984375,0.25941750407218933,0.2182607501745224,0.5197976231575012,0.3822958171367645,0.1375018209218979,196,15,3,31,13,38,25,13,0.3576158940397351,0.04583071544766426,0.004255031235516071,0.08954101800918579,0.0181735809892416,0.18206313252449036,0.0671323835849762,,0.02069655805826187,0.02038087137043476,0.005770224146544933,0.07775507867336273,0.0025241710245609283,0.04749308526515961,0.02804778330028057,0.07138346135616302,0.032627884298563004,0.0479607917368412,0.01144886203110218,0.026682740077376366,0.20023265480995178,-86,-1.0195481708231144,8,-4,-90,-23605.46484375,-0.12655717134475708,-0.027862772345542908,0.10749590396881104,-34,-2,-1,63,6,8,-0.11224552366936472
g8640.t1,A0A5N6WSK0,0.6436,42.9,1,188,3.4479473025801397,40,19,129,41931.2734375,0.24944724142551422,0.2682850658893585,0.4713219404220581,0.3610803484916687,0.1102416142821312,84,5,0,264,18,30,11,19,0.4521276595744681,0.024546552449464798,0.01115401554852724,0.10159429162740707,0.057569779455661774,0.10865096002817154,0.07693597674369812,0.030081843957304955,0.0306866392493248,0.007369557395577431,0.0,0.02016049437224865,0.010945701971650124,0.007925937883555889,0.07264961302280426,0.008920414373278618,0.0627060979604721,0.008647325448691845,0.05124766752123833,0.055777713656425476,0.25242939591407776,1,154,3.001689192297338,41,19,94,32120.298828125,0.17550361156463623,0.19742679595947266,0.6048628091812134,0.35347217321395874,0.251390665769577,89,6,0,168,8,26,16,10,0.4935064935064935,0.01737818494439125,0.002009038580581546,0.214860737323761,0.007876158691942692,0.10351154953241348,0.05059698969125748,0.023693285882472992,0.021697618067264557,0.03456534817814827,,0.018382703885436058,0.022206760942935944,0.01043705828487873,0.06247194483876228,0.029469037428498268,0.0720333680510521,0.03652992844581604,0.0004018077452201396,0.02191787399351597,0.24996063113212585,34,0.4462581102828018,-1,0,35,9810.974609375,0.07394362986087799,0.07085826992988586,-0.13354086875915527,-5,-1,0,96,10,9,-0.041378833932025405
g19142.t1,A0A5N6WJU1,0.6416,25.0,1,295,4.013460366146698,31,45,219,56446.3671875,0.5756148099899292,0.18652233481407166,0.23373252153396606,0.22075000405311584,0.012982532382011414,98,14,0,15,18,22,6,16,0.49830508474576274,0.0784250944852829,0.01817728579044342,0.008513886481523514,0.036295391619205475,0.06976106017827988,0.025944218039512634,0.0,0.025836896151304245,0.06195303052663803,,0.01170502882450819,0.00413037883117795,0.00011214848927920684,0.3018309772014618,0.09302454441785812,0.06054180487990379,0.004468646366149187,0.04661493003368378,0.001675742561928928,0.15098893642425537,1,118,1.8454521187501833,36,41,41,18131.79296875,0.23398523032665253,0.38339006900787354,0.3770081102848053,0.21979637444019318,0.15721170604228973,105,16,0,31,-1,12,9,3,0.423728813559322,0.06818550080060959,0.03281114622950554,0.061036329716444016,0.044664252549409866,0.0856575295329094,0.1289406269788742,,0.025228280574083328,0.003914892207831144,0.00486149312928319,0.03179618716239929,0.005616555921733379,0.06574005633592606,0.03273867815732956,0.027921749278903008,0.1185750663280487,0.09617538005113602,0.01530366949737072,0.01669369637966156,0.13413885235786438,177,2.1680082473965148,-5,4,178,38314.57421875,0.3416295796632767,-0.19686773419380188,-0.14327558875083923,-7,-2,0,-16,19,13,0.07457627118644072
g19580.t1,A0A5N6XK19,0.6359,18.8,1,241,2.569825178165303,87,25,129,32494.0,0.22919495403766632,0.2249806523323059,0.543838381767273,0.15659092366695404,0.3872474431991577,188,30,1,164,-23,20,38,-18,0.34024896265560167,0.01618536002933979,0.015986764803528786,0.16390661895275116,0.019260982051491737,0.09965788573026657,0.033970948308706284,0.0,0.0,0.0006950767710804939,0.0,0.06521527469158173,0.0019859333988279104,0.12625263631343842,0.04860103875398636,0.05480765551328659,0.02368343248963356,0.22334083914756775,0.028398850932717323,0.021117566153407097,0.056933045387268066,1,190,2.350686782195011,68,24,98,26494.16796875,0.30855339765548706,0.18658532202243805,0.5048612952232361,0.1893845945596695,0.3154766857624054,150,19,0,139,-15,14,26,-12,0.30526315789473685,0.021798821166157722,0.0,0.22303298115730286,0.014248261228203773,0.09912043064832687,0.021802954375743866,0.0,0.0,0.01946474239230156,0.0,0.06858264654874802,0.0,0.01622314564883709,0.017398348078131676,0.13376136124134064,0.06193426251411438,0.09244367480278015,0.06701219826936722,0.052911967039108276,0.09026417136192322,51,0.21913839597029217,19,1,31,5999.83203125,-0.07935844361782074,0.03839533030986786,0.038977086544036865,38,11,1,25,-8,-6,0.034985804760864825
g18427.t1,A0A5N6WZL0,0.6328,26.2,1,192,2.817183379484323,8,59,125,35307.7734375,0.261465460062027,0.13544608652591705,0.5969194769859314,0.2686866223812103,0.32823288440704346,127,40,0,92,-15,25,39,-14,0.453125,0.0022720859851688147,0.017738521099090576,0.1967550814151764,0.0343090295791626,0.2582877278327942,0.011824247427284718,0.011418764479458332,0.0169973224401474,0.013018897734582424,0.0,0.029614202678203583,0.0061688912101089954,0.022524001076817513,0.010415629483759403,0.10941197723150253,0.05180530622601509,0.13147777318954468,0.06359699368476868,0.0019646012224256992,0.010398892685770988,1,210,2.683598485789686,17,61,132,34986.0234375,0.19024287164211273,0.19337591528892517,0.6068215370178223,0.1882970929145813,0.4185243844985962,137,17,0,106,-24,16,36,-20,0.3952380952380952,0.03755933791399002,0.00783061794936657,0.3332598805427551,0.002276160754263401,0.1713791936635971,0.02893855795264244,0.0,0.013280235230922699,0.050723325461149216,,0.04666498675942421,0.009559712372720242,0.011927798390388489,0.023701533675193787,0.05355159193277359,0.09869898110628128,0.08526448905467987,0.007654579821974039,0.0008110916242003441,0.01691790111362934,-18,0.13358489369463689,-9,-2,-7,321.75,0.07122258841991425,-0.05792982876300812,-0.00990206003189087,-10,23,0,-14,9,6,0.05788690476190478
g6869.t1,A0A5N6WQK2,0.6315,29.8,1,69,1.5934609338230776,34,0,35,15469.04296875,0.27748915553092957,0.24326373636722565,0.47924718260765076,0.2622198462486267,0.21702727675437927,41,3,13,0,1,9,10,-1,0.463768115942029,0.029886921867728233,0.0031287127640098333,0.17622414231300354,0.08982571214437485,0.233267679810524,0.049435459077358246,,0.0018772276816889644,0.025976845994591713,0.0019012176198884845,0.031647223979234695,0.0,0.07429008185863495,0.04057340323925018,0.1693565398454666,0.0018344296840950847,0.04080314561724663,0.0010191276669502258,,0.02895216830074787,1,75,2.324058256320752,30,0,45,20311.853515625,0.37235185503959656,0.22731564939022064,0.400332510471344,0.19945186376571655,0.20088064670562744,43,4,11,10,0,8,10,-2,0.5866666666666667,0.011079691350460052,0.0,0.12325897067785263,0.056997332721948624,0.1992960274219513,0.046881359070539474,0.05030781030654907,0.0675077959895134,0.029674561694264412,0.0022279657423496246,0.053965676575899124,,0.02202037163078785,0.10054868459701538,0.0785418450832367,0.0568789504468441,0.07762167602777481,0.010400333441793919,0.012635104358196259,0.00015582956257276237,-6,-0.7305973224976745,4,0,-10,-4842.810546875,-0.09486269950866699,0.015948086977005005,0.07891467213630676,-2,-1,2,-10,1,1,-0.12289855072463768
g8636.t1,A0A5N6WNT9,0.6295,21.9,1,257,1.8492381696623434,110,34,113,21964.2421875,0.27565115690231323,0.1656031757593155,0.518928587436676,0.2598102390766144,0.25911828875541687,247,30,5,101,1,17,20,-3,0.2178988326848249,0.026367852464318275,0.0,0.1818506419658661,0.056615378707647324,0.19603581726551056,0.05829489976167679,0.03091885894536972,0.0,0.0023503992706537247,0.0,0.035815875977277756,0.03981710597872734,0.015845034271478653,0.055087484419345856,0.11909449100494385,0.031322259455919266,0.07726766169071198,0.008366599678993225,0.0011751996353268623,0.06377439945936203,1,234,1.8252667906763034,94,33,107,20101.966796875,0.1285925656557083,0.17039288580417633,0.6624862551689148,0.2342669516801834,0.4282192885875702,232,34,0,157,-12,12,26,-14,0.23504273504273504,0.013001227751374245,0.0,0.28836381435394287,0.021128132939338684,0.22308450937271118,0.048957228660583496,0.0027286529075354338,0.012840718030929565,0.05609045922756195,0.0,0.03948520869016647,0.038528311997652054,0.022042226046323776,0.021161571145057678,0.020770782604813576,0.014901218004524708,0.13985547423362732,0.018604403361678123,0.007273632101714611,0.011182470247149467,23,0.02397137898604007,16,1,6,1862.275390625,0.14705859124660492,-0.00478971004486084,-0.14355766773223877,15,-4,5,-56,13,11,-0.017143902357910135
g6101.t1,A0A5N6XEP0,0.6283,17.9,1,243,2.092024919895347,205,0,38,23231.287109375,0.5886284112930298,0.19222475588321686,0.17011843621730804,0.1325140744447708,0.03760436549782753,246,11,3,264,5,8,4,4,0.25925925925925924,0.017038891091942787,0.024444283917546272,0.023344101384282112,0.032262735068798065,0.11194080859422684,0.03020056150853634,0.015607180073857307,0.2352346032857895,0.01153359841555357,0.0,0.15925297141075134,0.049028392881155014,0.0,0.027935044839978218,0.05911579355597496,0.07544075697660446,0.014260259456932545,0.0499996691942215,0.04278711602091789,0.020573260262608528,1,336,2.7650626473107023,234,2,100,36950.0078125,0.4653477668762207,0.24094504117965698,0.2875179052352905,0.2500731945037842,0.03744471073150635,288,19,0,216,18,18,6,12,0.2708333333333333,0.029903976246714592,0.048630084842443466,0.026964636519551277,0.044336821883916855,0.05033734813332558,0.03127014636993408,0.012264236807823181,0.08621036261320114,0.018274344503879547,,0.11724323034286499,0.006189204286783934,0.06407162547111511,0.06880968064069748,0.08921577036380768,0.031037462875247,0.01048007607460022,0.013070419430732727,0.051954641938209534,0.1997358351945877,-93,-0.6730377274153554,-29,-2,-62,-13718.720703125,0.12328064441680908,-0.048720285296440125,-0.11739946901798248,-42,-8,3,48,-13,-8,-0.01157407407407407
g11483.t1,A0A5N6WL44,0.6274,18.9,1,189,2.7487863981264047,61,25,103,28982.81640625,0.29926812648773193,0.13256078958511353,0.5681711435317993,0.18292416632175446,0.38524696230888367,135,18,0,105,-15,15,30,-15,0.3492063492063492,0.02082018554210663,0.02059534192085266,0.11111834645271301,0.009786550886929035,0.15256404876708984,0.03505813330411911,0.0,0.03862764686346054,0.00454153073951602,0.0,0.0912008211016655,0.0,0.036247774958610535,0.019173135980963707,0.10641955584287643,0.030570155009627342,0.27412861585617065,0.002431409666314721,0.016356637701392174,0.030360126867890358,1,226,2.9961048952749914,61,26,139,37895.546875,0.22099518775939941,0.1630096733570099,0.6159951686859131,0.20122334361076355,0.4147718548774719,158,14,0,184,-28,22,39,-17,0.4026548672566372,0.0100430091843009,0.0004257157852407545,0.23562990128993988,0.022994905710220337,0.12241508066654205,0.03100399114191532,0.015155481174588203,0.07153744995594025,0.014631788246333599,0.0,0.013282330706715584,0.0,0.01965782791376114,0.024892590939998627,0.05372990667819977,0.07192113995552063,0.17914196848869324,0.03192868083715439,0.0028000182937830687,0.0788082703948021,-37,-0.24731849714858667,0,-1,-36,-8912.73046875,0.07827293872833252,-0.030448883771896362,-0.04782402515411377,-23,4,0,-79,13,2,-0.053448518050287996
g10910.t1,A0A5N6WL76,0.626,11.5,1,353,2.0973131337787545,97,98,158,24941.53515625,0.21020451188087463,0.0971151813864708,0.6702383756637573,0.4509773850440979,0.21926099061965942,322,27,18,158,-4,27,24,3,0.19830028328611898,0.0049040489830076694,0.018628470599651337,0.11187265068292618,0.02361469529569149,0.2835428714752197,0.011291055008769035,0.0,0.0023256095591932535,0.007179520092904568,0.0,0.031441036611795425,0.022441957145929337,0.038695402443408966,0.050486691296100616,0.05360740050673485,0.002401886275038123,0.10738832503557205,0.048811253160238266,0.0139326062053442,0.1674344837665558,1,363,2.0239363190820305,126,79,158,23511.46875,0.25447753071784973,0.17501521110534668,0.5680658221244812,0.281339555978775,0.2867262661457062,331,38,11,122,-3,27,26,1,0.19008264462809918,0.0976061224937439,0.0,0.15364086627960205,0.014143511652946472,0.17963257431983948,0.08134689182043076,0.0,0.013997753150761127,0.03214205801486969,0.0,0.016558246687054634,0.0024414844810962677,0.011825097724795341,0.049403831362724304,0.06607016921043396,0.026363063603639603,0.13308538496494293,0.010841396637260914,0.009194601327180862,0.10170698910951614,-10,0.07337681469672397,-29,19,0,1430.06640625,-0.0442730188369751,-0.07790002971887589,0.10217255353927612,-9,-11,7,36,-1,2,0.008217638658019805
g17321.t1,A0A5N6XFR8,0.6237,39.3,1,355,2.950300821102063,153,48,154,31343.37109375,0.1658967137336731,0.25813913345336914,0.5452871322631836,0.3516550362110138,0.19363214075565338,293,51,2,358,4,33,27,6,0.23098591549295774,0.005250037182122469,0.00010294190724380314,0.10366267710924149,0.0554676428437233,0.2656727731227875,0.0,0.029074274003505707,0.03942675143480301,0.023243170231580734,0.00218940619379282,0.02404615841805935,0.03067701868712902,0.11790204048156738,0.014514808543026447,0.05183466896414757,0.04634837806224823,0.08996947109699249,0.0016470705159008503,0.012988487258553505,0.0859823003411293,1,366,2.7761338557768203,164,48,154,31155.771484375,0.1523357331752777,0.2126837521791458,0.6049343347549438,0.38356903195381165,0.2213653326034546,310,33,2,272,-5,37,25,12,0.2103825136612022,0.01936604641377926,0.0007249322952702641,0.17457012832164764,0.0272455345839262,0.298097163438797,0.07463829219341278,0.03159584477543831,0.0,0.02298029139637947,0.0,0.027787279337644577,0.030046207830309868,0.042311083525419235,0.009009872563183308,0.060848455876111984,0.042865533381700516,0.04679518938064575,0.0030032906215637922,0.0026430231519043446,0.08547184616327286,-11,0.1741669653252429,-11,0,0,187.599609375,0.013560980558395386,0.04545538127422333,-0.059647202491760254,-17,18,0,86,9,-6,0.020603401831755547
g836.t1,A0A5N6XLX4,0.6197,23.8,1,438,2.5190672629591004,174,77,187,30274.5,0.16245809197425842,0.3455755412578583,0.4752095937728882,0.24195976555347443,0.23324981331825256,386,38,15,240,-7,23,27,-4,0.18493150684931506,0.013215471059083939,0.012149705551564693,0.14780586957931519,0.04964691027998924,0.18563425540924072,0.06344995647668839,0.012507101520895958,0.008172363042831421,0.006444052793085575,0.001822694088332355,0.01065487414598465,0.016756786033511162,0.10656026005744934,0.04155506566166878,0.037489280104637146,0.08220678567886353,0.08544393628835678,0.026714222505688667,0.03544485941529274,0.056325528770685196,1,614,2.9609196097746784,222,91,301,41563.60546875,0.14317572116851807,0.2082579880952835,0.6333640813827515,0.23549598455429077,0.3978680372238159,525,75,18,224,-19,37,46,-9,0.18241042345276873,0.014627659693360329,0.008772089146077633,0.23750454187393188,0.0697777196764946,0.14036031067371368,0.013016938231885433,7.762912719044834e-05,0.010555790737271309,0.01745135337114334,0.0032809069380164146,0.020778058096766472,0.015202272683382034,0.04032813757658005,0.0346418134868145,0.026362087577581406,0.05263212323188782,0.16036349534988403,0.02736060321331024,0.0117708221077919,0.09513567388057709,-176,-0.44185234681557795,-48,-14,-114,-11289.10546875,0.019282370805740356,0.13731755316257477,-0.15815448760986328,-139,-37,-3,16,12,5,0.002521083396546331
g11348.t1,A0A5N6XDM1,0.6188,21.7,1,1371,4.040746963869525,618,215,538,69696.5625,0.16187533736228943,0.30623045563697815,0.5183209180831909,0.29596632719039917,0.22235460579395294,1261,161,33,793,8,63,57,6,0.1436907366885485,0.017096899449825287,0.00828666053712368,0.18453772366046906,0.06092727929353714,0.2002955675125122,0.08076915144920349,0.006239687092602253,0.0003208930429536849,0.01724994368851185,0.0,0.018090473487973213,0.013573331758379936,0.038034599274396896,0.06974592059850693,0.03747911378741264,0.10401840507984161,0.03781687095761299,0.00461569894105196,0.0052310992032289505,0.09567075967788696,1,931,3.4600742504667386,323,192,416,48987.28125,0.20585420727729797,0.2538057565689087,0.5360143184661865,0.3121413588523865,0.22387290000915527,804,97,4,428,-3,40,37,3,0.14070891514500536,0.011092138476669788,0.01671147719025612,0.15623410046100616,0.04571247473359108,0.2159416526556015,0.04736999794840813,0.0008487366721965373,0.010535393841564655,0.020334329456090927,0.0008671869873069227,0.03496379405260086,0.004325795453041792,0.031735777854919434,0.0635940358042717,0.042291879653930664,0.08126936852931976,0.06763879209756851,0.025816744193434715,0.026516616344451904,0.09619972854852676,440,0.5806727134027865,295,23,122,20709.28125,-0.043978869915008545,0.05242469906806946,-0.017693400382995605,457,64,29,365,11,3,0.0029818215435431505
g1192.t3,A0A5N6WP71,0.6182,33.9,1,226,3.5743644197102347,54,36,136,44405.3046875,0.17274388670921326,0.2937721014022827,0.34300607442855835,0.19408012926578522,0.14892596006393433,118,11,10,16,3,21,16,5,0.43805309734513276,0.0024704833049327135,0.010681207291781902,0.12196216732263565,0.10027691721916199,0.11116687208414078,0.10433311760425568,0.00547694880515337,0.03364217281341553,0.0007266128668561578,0.0,0.03728826344013214,0.19047796726226807,0.041093092411756516,0.04148627445101738,0.03196193277835846,0.03031427040696144,0.026963796466588974,0.009736612439155579,0.01702810637652874,0.08291325718164444,1,194,3.597253320455218,30,26,138,34883.15234375,0.334127813577652,0.16784383356571198,0.44304925203323364,0.3037724494934082,0.13927680253982544,97,7,3,66,-5,18,14,4,0.422680412371134,0.029348302632570267,0.03308820351958275,0.09905033558607101,0.02905547432601452,0.10816193372011185,0.02372618392109871,0.00781641248613596,0.08775746077299118,0.02734990417957306,0.0,0.03440845012664795,0.05497903376817703,0.02476557530462742,0.05392507091164589,0.057476956397295,0.0372258685529232,0.040226470679044724,0.030307000502943993,0.025720829144120216,0.19561050832271576,32,-0.02288890074498351,24,10,-2,9522.15234375,-0.16138392686843872,0.12592826783657074,-0.10004317760467529,21,4,7,-50,8,1,0.01537268497399874
g1834.t1,A0A5N6XKR5,0.6182,21.0,1,243,2.863646199693217,119,17,107,34081.64453125,0.2043493390083313,0.19488437473773956,0.5843285322189331,0.5034289360046387,0.08089958876371384,171,14,6,50,32,40,11,29,0.3168724279835391,0.005671632010489702,0.007384344004094601,0.06507990509271622,0.045636750757694244,0.37455418705940247,0.0853864997625351,0.0011342527577653527,0.0009467109339311719,0.001607608050107956,0.0,0.004544212017208338,0.016437815502285957,0.031102029606699944,0.07004983723163605,0.057474903762340546,0.021792588755488396,0.015819676220417023,0.057143453508615494,0.00935889407992363,0.128874734044075,1,231,2.615473578630034,116,17,98,30349.7734375,0.292380690574646,0.11425188183784485,0.5849518775939941,0.3812290132045746,0.20372283458709717,151,10,1,15,8,31,26,5,0.35064935064935066,0.05045701190829277,0.006424440536648035,0.11324307322502136,0.03241238370537758,0.325023353099823,0.019582858309149742,,0.0003189361304976046,0.0016767551423981786,0.0,0.0569382943212986,0.008415639400482178,0.04615604132413864,0.06378722190856934,0.04993549361824989,0.014423836953938007,0.0904797613620758,0.06451929360628128,0.0,0.05620565265417099,12,0.24817262106318339,3,0,9,3731.87109375,-0.0880313515663147,0.08063249289989471,-0.0006233453750610352,20,4,5,35,24,24,-0.03377692266581156
g9206.t2,A0A5N6XNG9,0.618,45.0,1,176,2.890321776422695,55,0,121,35383.015625,0.3585679829120636,0.19984544813632965,0.4415864944458008,0.24216152727603912,0.19942496716976166,71,2,0,42,-5,16,18,-2,0.5170454545454546,0.07238153368234634,0.012306373566389084,0.17633263766765594,0.039015330374240875,0.22536754608154297,0.01751076430082321,0.0001823782513383776,0.04295007884502411,0.03527108579874039,0.0,0.07249535620212555,0.0,0.027449961751699448,0.08957237750291824,0.021707380190491676,0.0676562637090683,0.02309233695268631,0.04697250574827194,0.012942046858370304,0.016793981194496155,1,108,2.78746009213138,42,0,66,24429.29296875,0.36291542649269104,0.1339653730392456,0.5031191110610962,0.11564255505800247,0.3874765932559967,54,0,0,9,-15,7,22,-15,0.6111111111111112,0.15194621682167053,0.03169846907258034,0.23942607641220093,0.040310151875019073,0.11564255505800247,0.018216755241155624,0.003698154119774699,0.06391880661249161,0.05727892369031906,0.0,0.023209406062960625,,0.00012906578194815665,0.03960501402616501,0.0405098982155323,0.0034189445432275534,0.14805050194263458,0.008329467847943306,0.014611533842980862,,68,0.10286168429131504,13,0,55,10953.72265625,-0.004347443580627441,0.06588007509708405,-0.06153261661529541,17,2,0,33,10,13,-0.09406565656565657
g10723.t1,A0A5N6WT37,0.6164,10.5,1,278,2.0752657901712372,11,171,96,23793.189453125,0.33147138357162476,0.220084086060524,0.42898255586624146,0.21054930984973907,0.21843329071998596,233,34,0,151,5,15,10,5,0.19424460431654678,0.01809108629822731,0.01451005320996046,0.1162601038813591,0.03593611344695091,0.045087192207574844,0.011562764644622803,0.05001775920391083,0.0805511325597763,0.024106452241539955,0.003296182956546545,0.06245652958750725,0.01946200430393219,0.07434605807065964,0.013495872728526592,0.055331047624349594,0.05091579258441925,0.10217317938804626,0.037017885595560074,0.019920730963349342,0.16546210646629333,1,355,2.375644267528773,50,190,115,28953.0703125,0.41584381461143494,0.28881463408470154,0.2932242155075073,0.15937358140945435,0.13385064899921417,305,26,0,250,-2,13,12,1,0.2140845070422535,0.03861004114151001,0.03339659795165062,0.09637893736362457,0.004994499962776899,0.043383680284023285,0.07253150641918182,0.005336431320756674,0.07822872698307037,0.05909618362784386,0.0,0.09037216752767563,0.0021173704881221056,0.04130956903100014,0.026077087968587875,0.11707702279090881,0.06136064976453781,0.037471722811460495,0.026745732873678207,0.049522195011377335,0.11598990112543106,-77,-0.30037847735753553,-39,-19,-19,-5159.880859375,-0.08437243103981018,-0.06873054802417755,0.13575834035873413,-72,8,0,-99,7,4,-0.019839902725706737
g7070.t1,A0A5N6X701,0.6127,19.2,1,202,1.6750418025097786,117,20,65,18242.109375,0.1898135244846344,0.17328138649463654,0.6202923655509949,0.36916986107826233,0.25112250447273254,196,20,0,312,4,19,16,3,0.26732673267326734,0.029873833060264587,0.0,0.10617685317993164,0.04259426146745682,0.34878572821617126,0.024464232847094536,0.0,0.038879916071891785,0.020482489839196205,0.0,0.03219097852706909,0.01661265827715397,0.04385989159345627,0.051686838269233704,0.03700507432222366,0.02701215073466301,0.1449456661939621,0.00017687352374196053,0.014868363738059998,0.02038414031267166,1,219,1.7333470443083914,110,22,87,19146.06640625,0.2651318609714508,0.1626512110233307,0.5629732012748718,0.2628198266029358,0.3001534044742584,203,21,6,311,-2,16,18,-2,0.2054794520547945,0.028775114566087723,0.0,0.18594467639923096,0.055289749056100845,0.19428908824920654,0.045705750584602356,0.0,0.0,0.010980339720845222,0.0,0.07203933596611023,0.009243763983249664,0.024030109867453575,0.1259276419878006,0.03687308728694916,0.01908479630947113,0.11420870572328568,0.0015167039819061756,0.007560467813163996,0.06853072345256805,-17,-0.05830524179861274,7,-2,-22,-903.95703125,-0.0753183364868164,0.010630175471305847,0.05731916427612305,-7,-1,-6,1,6,5,0.06184728061847283
g7743.t1,A0A5N6XIV5,0.6083,28.5,1,503,3.887454739699156,171,99,233,58581.94140625,0.16091705858707428,0.3280367851257324,0.5110461115837097,0.2706053555011749,0.24044078588485718,406,61,2,171,-5,55,51,4,0.32803180914512925,0.026732327416539192,0.008812397718429565,0.1643960028886795,0.1417854130268097,0.2395082712173462,0.09442248195409775,0.01740134507417679,0.0034148043487221003,0.013824592344462872,0.0,0.007604287937283516,0.0,0.059301432222127914,0.06591610610485077,0.02933969534933567,0.015885312110185623,0.07604479789733887,0.0016961010405793786,0.0028175690677016973,0.031097067520022392,1,470,4.165454807887276,36,115,319,74101.40625,0.17024140059947968,0.17926505208015442,0.6451075077056885,0.25256767868995667,0.39253994822502136,257,52,0,115,-53,41,85,-44,0.4085106382978723,0.03266288340091705,0.0003473457763902843,0.22803010046482086,0.028825044631958008,0.21880792081356049,0.053663469851017,0.0,0.0029143565334379673,0.012365799397230148,0.0,0.03904355317354202,0.0053859977051615715,0.04617654159665108,0.06328867375850677,0.009042021818459034,0.022562623023986816,0.1645098328590393,0.022942550480365753,0.015671569854021072,0.03375972807407379,33,-0.2780000681881196,135,-16,-86,-15519.46484375,-0.009324342012405396,0.148771733045578,-0.13406139612197876,149,9,2,56,48,48,-0.08047882915274307
g11821.t1,A0A5N6XD80,0.6068,30.0,1,328,3.8874752872564904,47,69,212,57626.59375,0.16636408865451813,0.41269823908805847,0.41237369179725647,0.3115685284137726,0.10080520063638687,185,23,0,80,20,41,21,20,0.4268292682926829,0.031581081449985504,0.0,0.07704635709524155,0.12581242620944977,0.15771208703517914,0.03191981464624405,0.01865127682685852,0.02976638823747635,0.022343186661601067,0.0,0.00027995285927318037,0.008563986048102379,0.09952711313962936,0.03811025619506836,0.024924878031015396,0.07268652319908142,0.02375885099172592,0.023050246760249138,0.06040917709469795,0.15385642647743225,1,187,3.7349095799699423,68,30,89,39064.6875,0.20740872621536255,0.2667178511619568,0.5222879648208618,0.3254934847354889,0.19679449498653412,117,12,0,47,-1,22,25,-3,0.45989304812834225,0.013545572757720947,0.001978512853384018,0.18129591643810272,0.0,0.042688917368650436,0.07855667173862457,,0.056066397577524185,0.017692117020487785,0.0,0.018914243206381798,0.0035854866728186607,0.04168287292122841,0.0176150631159544,0.07303879410028458,0.02619851380586624,0.0154985710978508,0.02625013329088688,0.10258769243955612,0.28280454874038696,141,0.15256570728654806,-21,39,123,18561.90625,-0.04104463756084442,0.14598038792610168,-0.10991427302360535,68,11,0,33,21,23,-0.033063779835659335
g1192.t1,A0A5N6WP71,0.6023,32.0,1,721,3.7279018970424707,307,123,291,56303.7890625,0.1307472437620163,0.26507917046546936,0.4992351531982422,0.271592378616333,0.2276427298784256,610,88,7,123,-3,50,45,5,0.217753120665742,0.013387219049036503,0.018027879297733307,0.14714361727237701,0.06993542611598969,0.15289077162742615,0.09990665316581726,0.0,0.011633122339844704,0.012670625001192093,0.0,0.027086149901151657,0.10493847727775574,0.053696293383836746,0.03489544615149498,0.010819154791533947,0.017689678817987442,0.08049912750720978,0.014898259192705154,0.01118048932403326,0.11870160698890686,1,194,3.597253320455218,30,26,138,34883.15234375,0.334127813577652,0.16784383356571198,0.44304925203323364,0.3037724494934082,0.13927680253982544,97,7,3,66,-5,18,14,4,0.422680412371134,0.029348302632570267,0.03308820351958275,0.09905033558607101,0.02905547432601452,0.10816193372011185,0.02372618392109871,0.00781641248613596,0.08775746077299118,0.02734990417957306,0.0,0.03440845012664795,0.05497903376817703,0.02476557530462742,0.05392507091164589,0.057476956397295,0.0372258685529232,0.040226470679044724,0.030307000502943993,0.025720829144120216,0.19561050832271576,527,0.13064857658725249,277,97,153,21420.63671875,-0.20338056981563568,0.09723533689975739,0.056185901165008545,513,81,4,57,2,1,-0.204927291705392
g17362.t1,A0A5N6WZ91,0.6011,88.2,1,128,2.5986396276005843,32,34,62,20124.677734375,0.09695469588041306,0.29303666949272156,0.5967532396316528,0.45437753200531006,0.14237570762634277,107,10,6,3,15,22,9,13,0.4375,0.01048660185188055,0.001763606327585876,0.1088002398610115,0.04241957888007164,0.3381252586841583,0.08363863080739975,,0.003206556895747781,0.04940330609679222,0.0,0.06274566799402237,0.013255380094051361,0.046986378729343414,0.01843770034611225,0.0003145578084513545,0.02501795068383217,0.03357545658946037,0.0,0.04557080194354057,0.11625229567289352,1,156,3.1718148684377634,33,36,87,28214.072265625,0.23605597019195557,0.2616123855113983,0.49606576561927795,0.394783616065979,0.10128214955329895,112,10,9,3,16,25,10,15,0.46794871794871795,0.01760578341782093,0.030643122270703316,0.04066549986600876,0.039600834250450134,0.2699372172355652,0.07557746022939682,,0.002287189243361354,0.03442337363958359,0.0,0.06640338152647018,0.006265848409384489,0.039580438286066055,0.026406606659293175,0.06983797997236252,0.04195248708128929,0.06061664968729019,0.022871891036629677,0.030477792024612427,0.12484639137983322,-28,-0.5731752408371791,-1,-2,-25,-8089.39453125,-0.1391012743115425,0.03142428398132324,0.10068747401237488,-5,0,-3,0,-1,-2,-0.03044871794871795
g18063.t1,A0A5N6X4V8,0.6004,15.0,1,808,3.7447149559394513,278,201,329,52332.88671875,0.3313768804073334,0.4566260278224945,0.19735142588615417,0.17042291164398193,0.026928531005978584,673,44,1,1021,16,22,6,16,0.17945544554455445,0.006348984781652689,0.03872150182723999,0.012356596998870373,0.1590997576713562,0.10734595358371735,0.029819415882229805,0.031766705214977264,0.06486713886260986,0.033594559878110886,0.008429694920778275,0.04011725261807442,0.014645579271018505,0.08109504729509354,0.09497793018817902,0.019910981878638268,0.11622676998376846,0.014571933075785637,0.03466637432575226,0.028360825031995773,0.06307695060968399,1,717,3.648456883718899,356,77,284,51281.015625,0.2660398781299591,0.26940304040908813,0.440888375043869,0.29813215136528015,0.14275625348091125,634,70,3,872,13,35,28,7,0.17712691771269176,0.035405054688453674,0.01993812806904316,0.08438988029956818,0.042045868933200836,0.14942623674869537,0.027989720925688744,0.022906778380274773,0.04725067317485809,0.03029627352952957,0.0,0.03678318113088608,0.02366873063147068,0.07716591656208038,0.02535202167928219,0.061071425676345825,0.049381621181964874,0.05836636945605278,0.01733263023197651,0.04252365604043007,0.14870591461658478,91,0.09625807222055238,-78,124,45,1051.87109375,0.06533700227737427,0.18722298741340637,-0.24353694915771484,39,-26,-2,149,3,9,0.0023285278318626867
g15163.t1,A0A5N6XCM3,0.5983,16.3,1,324,2.188264981103039,206,6,112,26601.05859375,0.375009685754776,0.271691232919693,0.32308104634284973,0.2338697612285614,0.08921130746603012,287,11,2,962,5,15,10,5,0.19444444444444445,0.01581483706831932,0.02667359635233879,0.037844181060791016,0.02890351600944996,0.1082172840833664,0.09690205752849579,0.10719285905361176,0.051064733415842056,0.0,0.009213297627866268,0.06734538823366165,0.03021797351539135,0.05089172348380089,0.049231499433517456,0.05283500254154205,0.01746317557990551,0.051367126405239105,0.004851756617426872,0.0683174729347229,0.12565244734287262,1,305,2.239000378314559,191,8,106,25142.509765625,0.3874931037425995,0.2344864159822464,0.35157066583633423,0.27939867973327637,0.07217200100421906,303,15,3,535,3,19,5,14,0.22295081967213115,0.02609161101281643,0.031583480536937714,0.0030389672610908747,0.03959807753562927,0.06269821524620056,0.040209539234638214,0.08638237416744232,0.02643604576587677,0.009157861582934856,0.0,0.07123422622680664,0.02644972875714302,0.05254480615258217,0.09377355128526688,0.0016863339114934206,0.009609743021428585,0.06913303583860397,0.05030548945069313,0.08336640149354935,0.2167004644870758,19,-0.050735397211520095,15,-2,6,1458.548828125,-0.012483417987823486,0.037204816937446594,-0.028489619493484497,-16,-4,-1,427,2,-9,-0.028506375227686703
g771.t1,A0A5N6WIL5,0.5982,32.7,1,1741,5.496519234506544,1145,121,475,122086.640625,0.1571618765592575,0.2140987366437912,0.622509241104126,0.40498116612434387,0.2175280898809433,1754,246,17,665,-1,148,116,32,0.21137277426766227,0.019406815990805626,0.008640860207378864,0.1685316264629364,0.029316209256649017,0.23857903480529785,0.10024856775999069,0.009300051257014275,0.0014535582158714533,0.018532177433371544,0.0,0.04705198481678963,0.006230134516954422,0.036673638969659805,0.04347005859017372,0.006822658237069845,0.025538291782140732,0.0489964559674263,0.02101588062942028,0.003789848880842328,0.16640213131904602,1,1566,5.524967226929472,930,131,505,111822.6171875,0.23560158908367157,0.2354283481836319,0.5085204839706421,0.3433689475059509,0.16515153646469116,1475,161,12,1018,-6,108,86,22,0.2177522349936143,0.0307735875248909,0.026192326098680496,0.11088144034147263,0.03257850930094719,0.15051667392253876,0.07121871411800385,0.01652090810239315,0.03421246260404587,0.015000579878687859,0.0003506746143102646,0.07228678464889526,0.020449545234441757,0.03749527409672737,0.02501373365521431,0.01914415881037712,0.048707783222198486,0.05427010357379913,0.011457637883722782,0.030076801776885986,0.19285230338573456,175,-0.028447992422927726,215,-10,-30,10264.0234375,-0.07843971252441406,-0.021329611539840698,0.11398875713348389,279,85,5,-353,5,10,-0.006379460725952024
g11821.t1,A0A5N6WRF8,0.5975,40.0,1,328,3.8874752872564904,47,69,212,57626.59375,0.16636408865451813,0.41269823908805847,0.41237369179725647,0.3115685284137726,0.10080520063638687,185,23,0,80,20,41,21,20,0.4268292682926829,0.031581081449985504,0.0,0.07704635709524155,0.12581242620944977,0.15771208703517914,0.03191981464624405,0.01865127682685852,0.02976638823747635,0.022343186661601067,0.0,0.00027995285927318037,0.008563986048102379,0.09952711313962936,0.03811025619506836,0.024924878031015396,0.07268652319908142,0.02375885099172592,0.023050246760249138,0.06040917709469795,0.15385642647743225,1,220,3.0469448930525593,42,33,145,36188.1875,0.17258521914482117,0.2538856267929077,0.5688945055007935,0.43064332008361816,0.13825127482414246,120,15,0,60,6,23,18,5,0.39545454545454545,0.009244203567504883,0.00017832042067311704,0.0880899578332901,0.04149293899536133,0.0882691740989685,0.036896318197250366,,0.08102812618017197,0.10188999027013779,,0.0,0.0046346355229616165,0.04542093351483345,0.04277860373258591,0.008954362943768501,0.02381657436490059,0.050161316990852356,0.030401596799492836,0.004368850030004978,0.34237414598464966,108,0.840530394203931,5,36,67,21438.40625,-0.0062211304903030396,0.15881261229515076,-0.156520813703537,65,8,0,20,14,15,0.03137472283813747
g17996.t1,A0A5N6WTB4,0.5974,14.1,1,298,3.657187665186396,59,39,200,46581.91015625,0.13608688116073608,0.38027307391166687,0.4613321125507355,0.38588470220565796,0.0754474475979805,151,13,0,77,49,47,12,35,0.37583892617449666,0.011949650943279266,0.002975282957777381,0.06379424035549164,0.03393319621682167,0.2849787771701813,0.2860261797904968,0.012675692327320576,0.011221105232834816,0.003386403899639845,,0.02916101925075054,0.022307872772216797,0.009561151266098022,0.049509238451719284,0.005374545697122812,0.015988975763320923,0.011653203517198563,0.01322034653276205,0.0313771590590477,0.10090591013431549,1,350,4.18550365020255,147,54,149,46238.06640625,0.3078015148639679,0.22436776757240295,0.4446634352207184,0.3101683259010315,0.1344950646162033,276,54,0,26,6,41,28,13,0.33714285714285713,0.06352413445711136,0.0032733511179685593,0.10932648926973343,0.02646072395145893,0.1595323085784912,0.08128246665000916,0.05388322472572327,0.038588982075452805,0.015259410254657269,0.0,0.05203766003251076,0.02316730096936226,0.055491138249635696,0.058683935552835464,0.028459565714001656,0.018829122185707092,0.02516857162117958,0.009350677020847797,0.02704492397606373,0.15063603222370148,-52,-0.5283159850161541,-88,-15,51,343.84375,-0.1717146337032318,0.15590530633926392,0.01666867733001709,-125,-41,0,51,43,22,0.038696069031639524
g12859.t1,A0A5N6X828,0.596,19.3,1,306,2.6596841160198896,153,0,153,30728.12890625,0.20096924901008606,0.2567608058452606,0.45194587111473083,0.2208007574081421,0.23114512860774994,247,14,1,237,-20,18,25,-7,0.2581699346405229,0.016061466187238693,0.017623420804739,0.1380547285079956,0.024081269279122353,0.1369377076625824,0.09086789190769196,0.0,0.02121060900390148,0.014114901423454285,0.0032966916915029287,0.04292915016412735,0.0903240218758583,0.06508316099643707,0.009345268830657005,0.04483475908637047,0.057777754962444305,0.09309039264917374,0.04896458983421326,0.0015391366323456168,0.08386304974555969,1,367,2.5961457959196506,165,8,194,27431.486328125,0.14026810228824615,0.2863670587539673,0.5615810751914978,0.23320943117141724,0.32837164402008057,320,30,5,136,-17,18,29,-11,0.21525885558583105,0.05103196203708649,0.00564585579559207,0.23685228824615479,0.02302330918610096,0.11673370748758316,0.07520769536495209,0.0,0.005881099496036768,0.03254033252596855,0.0,0.01246793195605278,0.011783716268837452,0.06279833614826202,0.015860198065638542,0.0433957502245903,0.003937471192330122,0.09151937067508698,0.005985313560813665,0.0888599157333374,0.11647573858499527,-61,0.06353832010023908,-12,-8,-41,3296.642578125,0.060701146721839905,-0.029606252908706665,-0.10963520407676697,-73,-16,-4,101,-3,4,0.04291107905469185
g14897.t1,A0A5N6WIL4,0.5931,13.5,1,192,2.1713683709361433,104,3,85,23644.66796875,0.36279749870300293,0.3186495900154114,0.31122565269470215,0.26097410917282104,0.050251543521881104,186,11,2,239,8,14,5,9,0.3125,0.06594612449407578,0.00941572617739439,0.0002666974032763392,0.020753905177116394,,0.08968473225831985,0.004639632534235716,0.0573037751019001,0.021081967279314995,0.0013802926987409592,0.09234904497861862,0.007327308412641287,0.13215720653533936,0.009279265068471432,0.0751633420586586,0.05359147861599922,0.04998484253883362,0.048700589686632156,0.0,0.26097410917282104,1,217,2.877043140898728,108,3,106,27864.359375,0.40576329827308655,0.3622693121433258,0.22900515794754028,0.10665576159954071,0.12234937399625778,190,16,2,230,-2,8,13,-5,0.31336405529953915,0.04686782509088516,0.041609544306993484,0.028541408479213715,0.055329956114292145,0.09109356999397278,0.12875859439373016,0.002431689528748393,0.052965354174375534,0.0,0.0,0.08730923384428024,0.0029622181318700314,0.05821603164076805,0.07571656256914139,0.07151514291763306,0.09146484732627869,0.09380796551704407,0.027347953990101814,0.028499895706772804,0.015562198124825954,-25,-0.7056747699625845,-4,0,-21,-4219.69140625,-0.04296579957008362,-0.04361972212791443,0.08222049474716187,-4,-5,0,9,10,14,-0.000864055299539146
g5964.t1,A0A5N6WM42,0.5884,18.3,1,257,2.890078713983306,58,49,150,36655.14453125,0.3190099000930786,0.31345880031585693,0.30644720792770386,0.18326003849506378,0.12318716198205948,189,27,4,185,0,20,16,4,0.35019455252918286,0.008846311829984188,0.019421279430389404,0.08826404064893723,0.07365413010120392,0.14771808683872223,0.13569091260433197,0.0,0.15617649257183075,0.013111067935824394,0.050422895699739456,0.04506848007440567,0.06108405068516731,0.02295568957924843,0.030544182285666466,0.046277642250061035,0.0,0.03492312878370285,0.012675510719418526,0.01762411557137966,0.035541944205760956,1,207,2.5165478999963895,61,36,110,31848.673828125,0.3210718333721161,0.19456611573696136,0.48436206579208374,0.3346219062805176,0.14974020421504974,163,12,3,82,6,24,16,8,0.3719806763285024,0.02632376365363598,0.08749643713235855,0.11401280760765076,0.04472895711660385,0.19443409144878387,0.04477081075310707,,0.0,0.01976429484784603,0.006274901330471039,0.0549805723130703,,0.02044326439499855,0.06577671319246292,0.06639198213815689,0.05311322212219238,0.03572739660739899,0.0201023630797863,0.0054706670343875885,0.1401877999305725,50,0.3735308139869167,-3,13,40,4806.470703125,-0.0020619332790374756,0.11889268457889557,-0.17791485786437988,26,15,1,103,-6,-4,-0.021786123799319546
g9206.t1,A0A5N6X790,0.5803,26.0,1,146,2.9538168233677253,42,0,104,33124.390625,0.33523696660995483,0.16397996246814728,0.5007830858230591,0.25037676095962524,0.25040629506111145,55,3,0,30,-7,15,21,-6,0.5,0.07038113474845886,0.004961092956364155,0.1987120509147644,0.03938524052500725,0.237930566072464,0.018601834774017334,0.0,0.04256240278482437,0.04553573951125145,0.0,0.06674345582723618,0.0,0.007052621804177761,0.08180377632379532,0.0343785360455513,0.03656958043575287,0.051694247871637344,0.03440655767917633,0.016834942623972893,0.012446177192032337,1,109,2.9203775929400844,48,0,61,23427.6171875,0.31438201665878296,0.20810054242610931,0.4775174856185913,0.08563623577356339,0.39188119769096375,63,3,0,0,-15,7,22,-15,0.6055045871559633,0.1523023098707199,0.0002754481101874262,0.23350350558757782,0.02404118701815605,0.06834279745817184,0.04830559715628624,,0.06795404106378555,0.07281217724084854,,0.03619273379445076,0.0,0.0006744831916876137,0.030659081414341927,0.0019298967672511935,0.06226709112524986,0.1583777219057083,0.025068484246730804,0.0,0.017293434590101242,37,0.033439230427640965,-6,0,43,9696.7734375,0.020854949951171875,-0.044120579957962036,0.023265600204467773,-8,0,0,30,8,9,-0.10550458715596334
g17363.t1,A0A5N6XAB3,0.5769,15.2,1,991,4.270158947623923,352,191,448,66396.9453125,0.26214757561683655,0.38762152194976807,0.33805838227272034,0.1658056229352951,0.17225277423858643,746,45,105,881,-20,29,36,-7,0.1927346115035318,0.019516121596097946,0.05383085086941719,0.13183364272117615,0.05912092700600624,0.1283072680234909,0.12953893840312958,0.012585129588842392,0.039050277322530746,0.008433032780885696,0.002984741237014532,0.06210511550307274,0.012172522023320198,0.11100133508443832,0.03806715086102486,0.0035676255356520414,0.07045313715934753,0.04041912034153938,0.03342531621456146,0.006089403759688139,0.037498362362384796,1,730,3.7737055828935913,355,83,292,56596.98828125,0.32568883895874023,0.27023497223854065,0.34676411747932434,0.23461954295635223,0.11214455217123032,573,20,10,319,8,33,22,11,0.2219178082191781,0.040732476860284805,0.03929862007498741,0.05813093110918999,0.039129164069890976,0.10757249593734741,0.05259297415614128,0.03280646353960037,0.040815774351358414,0.012807205319404602,0.004270561039447784,0.08947819471359253,0.05731212720274925,0.06203368678689003,0.04073425009846687,0.016982663422822952,0.07441738247871399,0.054013628512620926,0.02484039217233658,0.024983998388051987,0.12704701721668243,261,0.4964533647303315,-3,108,156,9799.95703125,-0.06354126334190369,0.11738654971122742,-0.008705735206604004,173,25,95,562,-28,-18,-0.029183196715646287
g15163.t1,A0A5N6XHN3,0.5759,15.5,1,324,2.188264981103039,206,6,112,26601.05859375,0.375009685754776,0.271691232919693,0.32308104634284973,0.2338697612285614,0.08921130746603012,287,11,2,962,5,15,10,5,0.19444444444444445,0.01581483706831932,0.02667359635233879,0.037844181060791016,0.02890351600944996,0.1082172840833664,0.09690205752849579,0.10719285905361176,0.051064733415842056,0.0,0.009213297627866268,0.06734538823366165,0.03021797351539135,0.05089172348380089,0.049231499433517456,0.05283500254154205,0.01746317557990551,0.051367126405239105,0.004851756617426872,0.0683174729347229,0.12565244734287262,1,301,2.3866207238838713,214,4,83,28233.484375,0.4031551778316498,0.20619037747383118,0.3616163432598114,0.20693545043468475,0.15468086302280426,312,25,1,559,1,18,11,7,0.23588039867109634,0.020113427191972733,0.06952039152383804,0.11090410500764847,0.015308422036468983,0.10423793643712997,0.029918460175395012,0.06421750783920288,0.007085411809384823,0.02014397643506527,0.003472238313406706,0.14533063769340515,0.029038170352578163,0.014239019714295864,0.016884904354810715,0.055775366723537445,0.029633423313498497,0.04377675801515579,0.024227537214756012,0.09347482770681381,0.10269752144813538,23,-0.19835574278083223,-8,2,29,-1632.42578125,-0.02814549207687378,0.06550085544586182,-0.03853529691696167,-25,-14,1,403,4,-2,-0.04143595422665189
g18534.t1,A0A5N6WJ98,0.573,37.8,1,157,4.29369656601098,60,14,83,34748.80859375,0.18868927657604218,0.16798490285873413,0.6233195662498474,0.5434595346450806,0.07986006140708923,97,9,1,174,33,41,10,31,0.5222929936305732,0.02911970019340515,0.014573754742741585,0.04579683020710945,0.03722912073135376,0.33121323585510254,0.08053715527057648,0.0003714137419592589,0.0008356809266842902,0.014417103491723537,0.0,0.008445427753031254,0.020006166771054268,0.00218610349111259,0.033408187329769135,0.05341298505663872,0.023760847747325897,0.03406323492527008,0.04852212592959404,0.009854583069682121,0.21224626898765564,1,159,4.28268352353608,65,14,80,36249.80078125,0.1473659723997116,0.21518175303936005,0.6344462633132935,0.5495277643203735,0.0849185511469841,105,9,0,69,32,38,9,29,0.5345911949685535,0.02770373597741127,0.01611056737601757,0.06900307536125183,0.024191811680793762,0.28265196084976196,0.06810953468084335,0.0009790952317416668,0.0,0.046549174934625626,,0.005603487137705088,0.0030059823766350746,0.007684845943003893,0.01734248548746109,0.031349699944257736,0.051537565886974335,0.01591547764837742,0.04827691242098808,0.017108839005231857,0.26687583327293396,-2,0.011013042474900203,-5,0,3,-1500.9921875,0.041323304176330566,-0.047196850180625916,-0.011126697063446045,-8,0,1,105,1,2,-0.012298201337980208
g9832.t2,A0A5N6XFW2,0.5677,33.7,1,257,4.712690463592435,46,29,182,65656.7578125,0.11488189548254013,0.17258808016777039,0.7122843265533447,0.4049258232116699,0.3073584735393524,83,8,0,10,2,55,52,3,0.6147859922178989,0.009368163533508778,0.005651402752846479,0.26265615224838257,0.011045580729842186,0.3493761122226715,0.13020479679107666,,0.0021131334360688925,0.0040205796249210835,,0.008845674805343151,0.0002457131922710687,0.020549187436699867,0.046702004969120026,0.022767923772335052,0.006767931394279003,0.04470231011509895,0.01943359337747097,0.0,0.0555497445166111,1,208,3.418884297961084,66,28,114,42406.83984375,0.16419106721878052,0.188709557056427,0.5905019640922546,0.362566202878952,0.22793573141098022,108,3,0,0,4,31,24,7,0.5144230769230769,0.016181927174329758,0.029445094987750053,0.1717074066400528,0.02934424579143524,0.2258913367986679,0.040008556097745895,0.005091941449791193,0.0012934537371620536,0.008948363363742828,0.0018464712193235755,0.02701035887002945,0.05659741908311844,0.051386862993240356,0.0479995496571064,0.01960684545338154,0.03842277079820633,0.05622834712266922,0.01756187714636326,0.01875227317214012,0.13667485117912292,49,1.2938061656313509,-20,1,68,23249.91796875,-0.04930917173624039,-0.016121476888656616,0.12178236246109009,-25,5,0,10,-2,-4,0.100362915294822
g5965.t1,A0A5N6XG05,0.5663,62.1,1,216,2.243143771032309,178,0,38,23999.44140625,0.12794536352157593,0.35399025678634644,0.5180643200874329,0.2320980578660965,0.28596624732017517,214,30,0,167,-7,17,18,-1,0.25462962962962965,0.003202100982889533,0.00793211068958044,0.20578308403491974,0.04962029680609703,0.14778465032577515,0.1538860946893692,0.0037592784501612186,0.0262162983417511,0.009587911888957024,0.0,0.026075726374983788,0.0,0.05826745927333832,0.010080126114189625,0.02621118351817131,0.02637399733066559,0.08018316328525543,0.024468546733260155,0.05625449866056442,0.08431342244148254,1,229,1.9069261162720499,195,0,34,20880.333984375,0.13427479565143585,0.2500040829181671,0.6033972501754761,0.24561211466789246,0.3577851951122284,251,34,0,198,-12,15,21,-6,0.23580786026200873,0.017910394817590714,0.020706430077552795,0.22363494336605072,0.042535848915576935,0.1842026710510254,0.08715527504682541,0.0,0.0,0.010774517431855202,0.0,0.0258022528141737,0.012323846109211445,0.024831051006913185,0.01149430125951767,0.028057752177119255,0.04717417061328888,0.13415023684501648,0.03030366636812687,0.03753320872783661,0.061409417539834976,-13,0.3362176547602591,-17,0,4,3119.107421875,-0.006329432129859924,0.10398617386817932,-0.08533293008804321,-37,-4,0,-31,5,5,0.018821769367620922
g5965.t1,A0A5N6WXL4,0.5645,58.2,1,216,2.243143771032309,178,0,38,23999.44140625,0.12794536352157593,0.35399025678634644,0.5180643200874329,0.2320980578660965,0.28596624732017517,214,30,0,167,-7,17,18,-1,0.25462962962962965,0.003202100982889533,0.00793211068958044,0.20578308403491974,0.04962029680609703,0.14778465032577515,0.1538860946893692,0.0037592784501612186,0.0262162983417511,0.009587911888957024,0.0,0.026075726374983788,0.0,0.05826745927333832,0.010080126114189625,0.02621118351817131,0.02637399733066559,0.08018316328525543,0.024468546733260155,0.05625449866056442,0.08431342244148254,1,272,2.892736583902978,203,0,69,35062.7265625,0.1734895408153534,0.20984157919883728,0.5997217297554016,0.22672414779663086,0.3729976415634155,272,42,1,247,-18,21,33,-12,0.2977941176470588,0.03193138539791107,0.01699862629175186,0.304863840341568,0.028068555518984795,0.1730087250471115,0.05597938597202301,0.0,0.009846366010606289,0.013211730867624283,0.0,0.008189967833459377,0.01694709248840809,0.020475072786211967,0.05549295246601105,0.050110019743442535,0.08257069438695908,0.06813376396894455,0.000920221209526062,0.009536156430840492,0.05371542274951935,-56,-0.6495928128706692,-25,0,-31,-11063.28515625,-0.045544177293777466,0.14414867758750916,-0.08165740966796875,-58,-12,-1,-80,11,11,-0.04316448801742917
g17363.t1,A0A5N6WW17,0.5586,13.2,1,991,4.270158947623923,352,191,448,66396.9453125,0.26214757561683655,0.38762152194976807,0.33805838227272034,0.1658056229352951,0.17225277423858643,746,45,105,881,-20,29,36,-7,0.1927346115035318,0.019516121596097946,0.05383085086941719,0.13183364272117615,0.05912092700600624,0.1283072680234909,0.12953893840312958,0.012585129588842392,0.039050277322530746,0.008433032780885696,0.002984741237014532,0.06210511550307274,0.012172522023320198,0.11100133508443832,0.03806715086102486,0.0035676255356520414,0.07045313715934753,0.04041912034153938,0.03342531621456146,0.006089403759688139,0.037498362362384796,1,711,3.86607252207849,354,85,272,59554.1328125,0.31952354311943054,0.23088762164115906,0.40587136149406433,0.2748942971229553,0.130977064371109,588,32,10,427,15,41,25,16,0.22362869198312235,0.023547491058707237,0.07042801380157471,0.05608927458524704,0.03342192992568016,0.11730413883924484,0.03354451432824135,0.011260432191193104,0.01996464841067791,0.010411170311272144,0.0051394738256931305,0.08745697885751724,0.0437174029648304,0.046117912977933884,0.038940321654081345,0.020911525934934616,0.05386383831501007,0.07488778233528137,0.04701414331793785,0.04838879778981209,0.15759016573429108,280,0.4040864255454326,-2,106,176,6842.8125,-0.057375967502593994,0.156733900308609,-0.067812979221344,158,13,95,454,-35,-23,-0.030894080479590552
g16060.t1,A0A5N6X6N9,0.5537,20.5,1,288,2.5020704329645396,212,0,76,27745.517578125,0.18434303998947144,0.3235965967178345,0.4668513834476471,0.32774269580841064,0.13910868763923645,241,9,63,80,-2,18,14,4,0.2534722222222222,0.03213564306497574,0.027212027460336685,0.09228850156068802,0.06346219033002853,0.13394232094287872,0.05696837231516838,0.00045631692046299577,0.02953784167766571,0.01402915921062231,0.00494662718847394,0.040236588567495346,0.02520892396569252,0.13687576353549957,0.03848692774772644,0.011221867986023426,0.03651876747608185,0.04682018980383873,0.005055813118815422,0.010795749723911285,0.19380035996437073,1,111,1.883495855126366,59,0,52,19070.96875,0.45944762229919434,0.19545291364192963,0.34509938955307007,0.10422979295253754,0.24086958169937134,80,2,15,21,-7,6,12,-6,0.36036036036036034,0.022855045273900032,0.022970762103796005,0.1144077256321907,0.012584826909005642,0.06472919881343842,0.061501845717430115,,0.050755880773067474,0.02167406864464283,0.0,0.12029143422842026,,0.0819435715675354,0.05424322560429573,0.09647858142852783,0.004863973241299391,0.12646184861660004,0.09185272455215454,0.012884628027677536,0.03950059786438942,177,0.6185745778381735,153,0,24,8674.548828125,-0.2751045823097229,0.12814368307590485,0.12175199389457703,161,7,48,59,5,10,-0.10688813813813813
g9659.t1,A0A5N6WMM8,0.5529,14.7,1,411,5.047028024967083,179,32,200,55979.94921875,0.14776694774627686,0.1657632440328598,0.6598882079124451,0.5649566650390625,0.09493153542280197,289,32,2,87,60,75,17,58,0.3284671532846715,0.018917890265583992,0.0221196748316288,0.059811782091856,0.018380574882030487,0.32015737891197205,0.04609902575612068,0.008159319870173931,0.02098006382584572,0.03661646321415901,0.008264079689979553,0.0242560226470232,0.026581596583127975,0.021589025855064392,0.02134673111140728,0.01919170282781124,0.01624291203916073,0.03511975333094597,0.012795532122254372,0.018571164458990097,0.24479930102825165,1,289,3.5406872793483277,73,34,182,44130.80859375,0.24954275786876678,0.20876072347164154,0.4909003973007202,0.3385181725025177,0.15238220989704132,183,29,0,56,11,35,20,15,0.356401384083045,0.026009976863861084,0.00438512722030282,0.10383657366037369,0.06322013586759567,0.1271129548549652,0.04229039326310158,0.0361507348716259,0.02170606702566147,0.029576970264315605,0.00909383688122034,0.05718575790524483,0.050796110183000565,0.0103843305259943,0.02812192589044571,0.0642850324511528,0.03274857625365257,0.04854564741253853,0.011698117479681969,0.02144649438560009,0.2114052027463913,122,1.506340745618755,106,-2,18,11849.140625,-0.10177581012248993,-0.04299747943878174,0.16898781061172485,106,3,2,31,49,43,-0.027934230798373483
g6022.t1,A0A5N6XNG9,0.551,24.4,1,129,2.3961749709967033,80,0,49,24521.66015625,0.22407130897045135,0.24584777653217316,0.5300808548927307,0.20936425030231476,0.32071658968925476,70,2,0,0,-7,16,21,-5,0.5271317829457365,0.07441531866788864,0.01684216782450676,0.24084164202213287,0.008947402238845825,0.20007070899009705,0.03367273136973381,,0.06984768062829971,0.10338427126407623,,0.04534050077199936,,0.04126942157745361,0.015921112149953842,0.0,0.05857396125793457,0.07987494766712189,0.0017045331187546253,0.0,0.009293558076024055,1,108,2.78746009213138,42,0,66,24429.29296875,0.36291542649269104,0.1339653730392456,0.5031191110610962,0.11564255505800247,0.3874765932559967,54,0,0,9,-15,7,22,-15,0.6111111111111112,0.15194621682167053,0.03169846907258034,0.23942607641220093,0.040310151875019073,0.11564255505800247,0.018216755241155624,0.003698154119774699,0.06391880661249161,0.05727892369031906,0.0,0.023209406062960625,,0.00012906578194815665,0.03960501402616501,0.0405098982155323,0.0034189445432275534,0.14805050194263458,0.008329467847943306,0.014611533842980862,,21,-0.39128512113467684,38,0,-17,92.3671875,-0.13884411752223969,0.11188240349292755,0.02696174383163452,16,2,0,-9,8,10,-0.08397932816537468
g7435.t1,A0A5N6WM70,0.5469,13.9,1,147,1.9100186389879357,9,77,61,20329.58984375,0.3472413122653961,0.4858601689338684,0.1572684496641159,0.11026427149772644,0.04700416326522827,99,2,6,197,-2,7,5,2,0.3469387755102041,0.003809083718806505,0.029011700302362442,0.00853375717997551,0.038468774408102036,0.06137647479772568,0.10026969760656357,0.002672772388905287,0.12244953960180283,0.02061043120920658,0.00046528028906323016,0.05856465548276901,0.009630111046135426,0.25965002179145813,0.04761354625225067,0.07137533277273178,0.013244454748928547,0.03847040981054306,0.011744674295186996,0.05315149948000908,0.048887792974710464,1,197,1.9326623236921134,15,84,98,20302.8203125,0.24855835735797882,0.1840086430311203,0.5572117567062378,0.2119695395231247,0.34524229168891907,162,29,0,156,-8,14,23,-9,0.27918781725888325,0.023003702983260155,0.03050922602415085,0.23284956812858582,0.032639916986227036,0.16357138752937317,0.019644035026431084,0.022489024326205254,0.03162529319524765,0.02223406359553337,0.0,0.006197921931743622,0.010221071541309357,0.08769407123327255,0.09235076606273651,0.02151353470981121,0.02179655432701111,0.11239271610975266,0.02086888998746872,0.0,0.04839816689491272,-50,-0.02264368470417777,-6,-7,-37,26.76953125,0.0986829549074173,0.3018515259027481,-0.3999433070421219,-63,-27,6,41,6,11,0.06775095825132083
g4337.t1,A0A5N6X8A0,0.5439,23.1,1,204,2.2264776515908244,110,21,73,24002.69140625,0.23583896458148956,0.2030280977487564,0.531929075717926,0.5182676911354065,0.013661406002938747,167,13,3,77,33,32,2,30,0.3235294117647059,0.029951272532343864,0.01908825896680355,0.00013135967310518026,0.03814544528722763,0.28946131467819214,0.0436449758708477,0.0,0.007124491035938263,0.004374710377305746,0.0,0.061016395688056946,0.029203837737441063,0.06775073707103729,0.01850765384733677,0.04745655506849289,0.03479096665978432,0.013530046679079533,0.05269434303045273,0.014321270398795605,0.22880634665489197,1,166,1.9865400261554944,60,21,85,22184.02734375,0.23671796917915344,0.24332399666309357,0.5142332315444946,0.40432465076446533,0.10990855097770691,133,14,0,75,15,19,7,12,0.3072289156626506,0.04594162479043007,0.010326564311981201,0.10706597566604614,0.04899732396006584,0.2270541489124298,0.10091598331928253,0.004159808624535799,0.00959934201091528,0.02298310026526451,0.0,0.024434689432382584,0.005724905524402857,0.023821286857128143,0.08202409744262695,0.044378384947776794,0.03275018930435181,0.00284257298335433,0.015853457152843475,0.013856113888323307,0.17727050185203552,38,0.23993762543533004,50,0,-12,1818.6640625,-0.0008790045976638794,-0.04029589891433716,0.017695844173431396,34,-1,3,2,18,18,0.016300496102055306
g9832.t1,A0A5N6XFW2,0.5363,31.1,1,210,3.8465742226041915,28,29,153,59744.3828125,0.13091343641281128,0.20440571010112762,0.6646808385848999,0.36429300904273987,0.30038776993751526,54,2,0,12,-10,40,49,-9,0.6666666666666666,0.005686451215296984,0.004914532881230116,0.24753931164741516,0.009116970002651215,0.3540084958076477,0.14707282185554504,,0.011395234614610672,0.0040946295484900475,,0.0003780409460887313,,0.03840439021587372,0.07838078588247299,0.007822135463356972,0.0057168942876160145,0.05284847691655159,0.022336259484291077,0.0,0.010284468531608582,1,208,3.418884297961084,66,28,114,42406.83984375,0.16419106721878052,0.188709557056427,0.5905019640922546,0.362566202878952,0.22793573141098022,108,3,0,0,4,31,24,7,0.5144230769230769,0.016181927174329758,0.029445094987750053,0.1717074066400528,0.02934424579143524,0.2258913367986679,0.040008556097745895,0.005091941449791193,0.0012934537371620536,0.008948363363742828,0.0018464712193235755,0.02701035887002945,0.05659741908311844,0.051386862993240356,0.0479995496571064,0.01960684545338154,0.03842277079820633,0.05622834712266922,0.01756187714636326,0.01875227317214012,0.13667485117912292,2,0.4276899246431074,-38,1,39,17337.54296875,-0.03327763080596924,0.015696153044700623,0.07417887449264526,-54,-1,0,12,-14,-16,0.15224358974358976
g11756.t1,A0A5N6WLQ4,0.5267,19.4,1,134,1.8975037254834155,58,23,53,19460.09375,0.40138357877731323,0.25209930539131165,0.33398672938346863,0.2036444991827011,0.1303422451019287,108,9,0,106,2,13,8,5,0.3582089552238806,0.0,0.000994819332845509,0.07680653035640717,0.03319036588072777,0.05140890181064606,0.054768018424510956,0.14444735646247864,0.04654534161090851,0.009020895697176456,0.0,0.040455982089042664,0.012530367821455002,0.02376524917781353,0.10953167080879211,0.04946776106953621,0.016112633049488068,0.05353568494319916,0.009940632618963718,0.1152421236038208,0.15223559737205505,1,106,1.422725374486969,39,24,43,14342.70703125,0.2597266733646393,0.3016990125179291,0.4385743737220764,0.40669873356819153,0.03187564015388489,92,17,0,0,7,15,3,12,0.3490566037735849,0.02885068580508232,0.001349764526821673,0.030776480212807655,0.060226526111364365,0.23380737006664276,0.044971879571676254,,0.010573155246675014,0.09018481522798538,0.0,0.048340220004320145,,0.030824117362499237,0.08930943161249161,0.03230300545692444,0.07482192665338516,0.0010991599410772324,0.049000415951013565,0.000669753469992429,0.17289133369922638,28,0.4747783509964465,19,-1,10,5117.38671875,0.14165690541267395,-0.04959970712661743,-0.10458764433860779,16,-8,0,106,-5,-7,0.009152351450295693
g9207.t1,A0A5N6WLQ8,0.5263,25.4,1,870,6.641111418412547,623,14,233,75213.875,0.16789984703063965,0.25097161531448364,0.553777813911438,0.2895544469356537,0.2642233967781067,841,117,1,390,-15,85,85,0,0.25517241379310346,0.0364379808306694,0.012011520564556122,0.1867709457874298,0.0362580232322216,0.19002600014209747,0.10404102504253387,0.003311803098767996,0.0001715931430226192,0.01737734116613865,0.0,0.018914232030510902,0.02735077776014805,0.06283651292324066,0.04916103184223175,0.0398745983839035,0.026756858453154564,0.07745243608951569,0.00801708921790123,0.0037018321454524994,0.09952844679355621,1,645,7.469526872357641,449,9,187,61141.66015625,0.19197985529899597,0.19735102355480194,0.5874910354614258,0.2941203713417053,0.29337063431739807,646,74,6,492,-37,45,72,-27,0.26666666666666666,0.06349658221006393,0.009815526194870472,0.18932406604290009,0.0304116141051054,0.09861205518245697,0.044221293181180954,0.006531642749905586,0.012865453958511353,0.029947543516755104,0.0017414643662050366,0.0393148772418499,0.023178132250905037,0.06163782998919487,0.026333052664995193,0.018952202051877975,0.021550294011831284,0.1040465459227562,0.014670518226921558,0.007840989157557487,0.19550834596157074,225,-0.8284154539450945,174,5,46,14072.21484375,-0.024080008268356323,0.0536205917596817,-0.03371322154998779,195,43,-5,-102,22,27,-0.011494252873563204
g12859.t1,A0A5N6XAL6,0.5251,16.4,1,306,2.6596841160198896,153,0,153,30728.12890625,0.20096924901008606,0.2567608058452606,0.45194587111473083,0.2208007574081421,0.23114512860774994,247,14,1,237,-20,18,25,-7,0.2581699346405229,0.016061466187238693,0.017623420804739,0.1380547285079956,0.024081269279122353,0.1369377076625824,0.09086789190769196,0.0,0.02121060900390148,0.014114901423454285,0.0032966916915029287,0.04292915016412735,0.0903240218758583,0.06508316099643707,0.009345268830657005,0.04483475908637047,0.057777754962444305,0.09309039264917374,0.04896458983421326,0.0015391366323456168,0.08386304974555969,1,167,1.6820048570468118,86,2,79,18886.9140625,0.3743292987346649,0.16322201490402222,0.44161146879196167,0.2547508180141449,0.18686065077781677,125,13,7,20,-1,14,11,3,0.2874251497005988,0.025423258543014526,0.0310647115111351,0.08847832679748535,0.03962539881467819,0.060851406306028366,0.0483923964202404,0.05381302535533905,0.0,0.006813926622271538,0.026101434603333473,0.026137756183743477,0.020837275311350822,0.013742072507739067,0.10505183786153793,0.09645474702119827,0.028546780347824097,0.09838233143091202,0.036383964121341705,0.0,0.19389942288398743,139,0.9776792589730778,67,-2,74,11841.21484375,-0.17336004972457886,0.0935387909412384,0.010334402322769165,122,1,-6,217,-19,-10,-0.02925521506007589
g11568.t1,A0A5N6XH30,0.5175,17.1,1,180,2.971874915130754,12,36,132,34304.9765625,0.22369249165058136,0.19440197944641113,0.5782535076141357,0.21829354763031006,0.3599599301815033,93,14,1,36,-9,23,28,-5,0.45555555555555555,0.020311539992690086,0.017964458093047142,0.2496352195739746,0.025907058268785477,0.12799963355064392,0.04710710048675537,0.0020692048128694296,0.027758726850152016,0.006671159993857145,0.0,0.06103089079260826,0.0036520378198474646,0.08845112472772598,0.013920103199779987,0.05057220906019211,0.007049523293972015,0.11032471060752869,0.030065355822443962,0.019216012209653854,0.09029390662908554,1,138,1.97897206623598,19,32,87,23505.31640625,0.25394710898399353,0.1678697019815445,0.578183114528656,0.24198544025421143,0.3361976742744446,94,9,0,63,-5,14,18,-4,0.39855072463768115,0.06070777401328087,0.0,0.11882278323173523,0.016695858910679817,0.1774684339761734,0.04368766397237778,0.012079653330147266,0.0,0.0058149308897554874,,0.006726170424371958,,0.04933460056781769,0.02725929394364357,0.09344621747732162,0.05233664810657501,0.21737487614154816,0.05372799560427666,0.0,0.06451702117919922,42,0.992902848894774,-7,4,45,10799.66015625,-0.03025461733341217,0.026532277464866638,7.039308547973633e-05,-1,5,1,-27,-4,-1,0.057004830917874394
g9275.t1,A0A5N6WMX0,0.5157,17.8,1,143,2.2094791523677535,33,41,69,20855.189453125,0.2159562110900879,0.23212751746177673,0.527164101600647,0.43795454502105713,0.08920956403017044,102,11,0,42,20,26,7,19,0.3706293706293706,0.014852344058454037,0.022429700940847397,0.060333285480737686,0.035008322447538376,0.22576434910297394,0.047784965485334396,0.0,0.000302369415294379,0.032685570418834686,0.0,0.0652707889676094,0.024752099066972733,0.056135017424821854,0.041669923812150955,0.07143107056617737,0.037645962089300156,0.028876278549432755,0.0,0.02286769077181816,0.2121901959180832,1,160,2.0570759316058878,12,53,95,23572.7578125,0.21540968120098114,0.11712110787630081,0.632533073425293,0.604419469833374,0.02811361476778984,94,5,1,60,24,27,3,24,0.28125,0.012029490433633327,0.002980067627504468,0.01712070219218731,0.021856483072042465,0.38314715027809143,0.004619460087269545,0.005286107305437326,0.09779247641563416,0.011736482381820679,0.0,0.03441161662340164,0.03493615612387657,0.029673321172595024,0.030492154881358147,0.0012318845838308334,0.007692716084420681,0.010992915369570255,0.031185898929834366,0.041542645543813705,0.2212723344564438,-17,0.15240322076186574,21,-12,-26,-2717.568359375,0.0005465298891067505,0.11500640958547592,-0.105368971824646,8,6,-1,-18,-4,-5,0.08937937062937062
g13617.t1,A0A5N6WTH4,0.5153,37.3,1,222,3.363537073019758,55,28,139,43619.8359375,0.2559521496295929,0.2735535204410553,0.47049427032470703,0.22704388201236725,0.2434503734111786,128,15,0,12,-5,23,25,-2,0.4954954954954955,0.025478607043623924,0.011391334235668182,0.1899101436138153,0.06645498424768448,0.19148124754428864,0.0940055102109909,,7.396970613626763e-05,0.013515986502170563,,0.06175795570015907,,0.05896349996328354,0.04702594876289368,0.05814990773797035,0.038009677082300186,0.05354023352265358,0.05207443982362747,0.0026038852520287037,0.03556263446807861,1,202,3.3234773452571695,63,26,113,38394.4453125,0.2665490210056305,0.18599477410316467,0.5047861933708191,0.1913362741470337,0.3134499192237854,121,14,0,8,-15,19,29,-10,0.47029702970297027,0.05082832649350166,0.033495403826236725,0.23629054427146912,0.02135988138616085,0.12256801873445511,0.03541592136025429,0.0003361472045071423,0.0,0.03687012940645218,,0.02376900427043438,0.04267006367444992,0.03857751935720444,0.06124723702669144,0.068124920129776,0.053771331906318665,0.07715940475463867,0.028747985139489174,0.0,0.06876824796199799,20,0.04005972776258826,-8,2,26,5225.390625,-0.010596871376037598,0.08755874633789062,-0.03429192304611206,7,1,0,4,10,8,0.025198465792525215
g18120.t1,A0A5N6WYR0,0.5046,45.6,1,249,4.693673015799436,85,26,138,45441.6953125,0.08667077869176865,0.23210348188877106,0.6793837547302246,0.5395281910896301,0.1398555338382721,138,12,0,59,40,59,22,37,0.4939759036144578,0.010895779356360435,0.008804507553577423,0.10768136382102966,0.08144939690828323,0.3961096704006195,0.08658760040998459,,0.001491085859015584,0.017748737707734108,,0.026686206459999084,0.001842055469751358,0.0027861525304615498,0.03197589889168739,0.0022020339965820312,0.023730657994747162,0.032174184918403625,0.0046152654103934765,0.019800934940576553,0.143418550491333,1,237,3.7754580804101363,74,63,100,35501.234375,0.09964694827795029,0.11373645812273026,0.7717414498329163,0.6018677949905396,0.1698736846446991,178,12,0,68,33,51,21,30,0.3459915611814346,0.008452348411083221,0.002631534356623888,0.1197083443403244,0.027907483279705048,0.2416854202747345,0.03461203724145889,,0.010554861277341843,0.030558129772543907,0.0,0.02626590058207512,0.014875116758048534,0.003742536297068,0.02608412876725197,0.01848236471414566,0.0038604175206273794,0.05016535893082619,0.00717580784112215,0.013055856339633465,0.36018237471580505,12,0.9182149353892997,11,-37,38,9940.4609375,-0.01297616958618164,0.1183670237660408,-0.09235769510269165,-40,0,0,-9,7,7,0.14798434243302322
g18742.t1,A0A5N6X057,0.5025,7.8,1,141,2.234134233405739,65,33,43,22340.64453125,0.24901485443115234,0.4033357799053192,0.34764936566352844,0.27435845136642456,0.07329091429710388,125,22,0,37,7,20,10,10,0.41134751773049644,0.002455224050208926,0.01723221316933632,0.055084846913814545,0.05549074709415436,0.13949638605117798,0.20961855351924896,,0.007221246603876352,0.0,,0.0957537367939949,,0.034425221383571625,0.05540649965405464,0.060173358768224716,0.03439483046531677,0.01820606179535389,0.010772601701319218,0.0694064125418663,0.13486208021640778,1,213,2.783857473600086,87,49,77,27942.064453125,0.18069036304950714,0.22284558415412903,0.5964640974998474,0.35818973183631897,0.23827430605888367,183,36,0,57,12,29,20,9,0.3333333333333333,0.012161131016910076,0.0023041891399770975,0.20306819677352905,0.00534560764208436,0.17932164669036865,0.05158786475658417,0.0001132767865783535,0.0008083090069703758,0.0076124160550534725,0.007483221124857664,0.03417729213833809,0.0,0.045962464064359665,0.06382745504379272,0.06215246766805649,0.08419564366340637,0.03520611673593521,0.0051462529227137566,0.02065836265683174,0.17886808514595032,-72,-0.5497232401943473,-22,-16,-34,-5601.419921875,0.0683244913816452,0.18049019575119019,-0.24881473183631897,-58,-14,0,-20,-5,1,0.07801418439716312
g3978.t1,A0A5N6X6G9,0.5009,76.1,1,173,3.7284815093430272,27,42,104,28789.15234375,0.16279107332229614,0.2874334454536438,0.5475403666496277,0.4161463975906372,0.13139395415782928,108,16,6,40,23,33,13,20,0.4277456647398844,0.04625784233212471,0.007172803860157728,0.07307568937540054,0.06954866647720337,0.3204761743545532,0.09479855000972748,,0.013897309079766273,0.07275652140378952,0.007228315342217684,0.024849653244018555,0.0022351073566824198,0.030062709003686905,0.03113642893731594,0.0034757591784000397,0.010287909768521786,0.058318257331848145,0.0360012948513031,0.0027507739141583443,0.09567023068666458,1,154,3.952927250368316,21,45,88,27758.71484375,0.11988011002540588,0.21906574070453644,0.6350038647651672,0.44502726197242737,0.1899765431880951,94,16,6,37,16,30,16,14,0.45454545454545453,0.021698562428355217,0.014180721715092659,0.09710796922445297,0.07015403360128403,0.362245112657547,0.03313995525240898,,0.002557179657742381,0.054999690502882004,0.0006815126398578286,0.03495734930038452,0.02605041116476059,0.022304505109786987,0.03127491846680641,0.00011402499512769282,0.033982053399086,0.09286856651306152,0.015097355470061302,0.0038039693608880043,0.08278214186429977,19,-0.22444574102528891,6,-3,16,1030.4375,0.04291096329689026,0.06836770474910736,-0.08746349811553955,14,0,0,3,7,6,-0.02679978980557013
