incendi_protein,ortholog_accession,alntmscore,pident,incendi_num_chains,incendi_num_residues,incendi_rg_nm,incendi_helix_num,incendi_strand_num,incendi_coil_num,incendi_total_sasa_A2,incendi_frac_sasa_hydrophobic,incendi_frac_sasa_polar,incendi_frac_sasa_charged,incendi_frac_sasa_pos,incendi_frac_sasa_neg,incendi_num_hbonds,incendi_num_salt_bridges,incendi_num_disulfides,incendi_num_pipi,incendi_net_charge,incendi_num_exposed_pos,incendi_num_exposed_neg,incendi_surface_net_charge,incendi_highly_exposed_frac,incendi_frac_sasa_ASP,incendi_frac_sasa_LEU,incendi_frac_sasa_PRO,incendi_frac_sasa_ILE,incendi_frac_sasa_CYS,incendi_frac_sasa_ALA,incendi_frac_sasa_MET,incendi_frac_sasa_ASN,incendi_frac_sasa_GLN,incendi_frac_sasa_LYS,incendi_frac_sasa_HIS,incendi_frac_sasa_THR,incendi_frac_sasa_PHE,incendi_frac_sasa_GLY,incendi_frac_sasa_TYR,incendi_frac_sasa_ARG,incendi_frac_sasa_VAL,incendi_frac_sasa_SER,incendi_frac_sasa_TRP,incendi_frac_sasa_GLU,ortholog_num_chains,ortholog_num_residues,ortholog_rg_nm,ortholog_helix_num,ortholog_strand_num,ortholog_coil_num,ortholog_total_sasa_A2,ortholog_frac_sasa_hydrophobic,ortholog_frac_sasa_polar,ortholog_frac_sasa_charged,ortholog_frac_sasa_pos,ortholog_frac_sasa_neg,ortholog_num_hbonds,ortholog_num_salt_bridges,ortholog_num_disulfides,ortholog_num_pipi,ortholog_net_charge,ortholog_num_exposed_pos,ortholog_num_exposed_neg,ortholog_surface_net_charge,ortholog_highly_exposed_frac,ortholog_frac_sasa_ASP,ortholog_frac_sasa_LEU,ortholog_frac_sasa_PRO,ortholog_frac_sasa_ILE,ortholog_frac_sasa_CYS,ortholog_frac_sasa_ALA,ortholog_frac_sasa_MET,ortholog_frac_sasa_ASN,ortholog_frac_sasa_GLN,ortholog_frac_sasa_LYS,ortholog_frac_sasa_HIS,ortholog_frac_sasa_THR,ortholog_frac_sasa_PHE,ortholog_frac_sasa_GLY,ortholog_frac_sasa_TYR,ortholog_frac_sasa_ARG,ortholog_frac_sasa_VAL,ortholog_frac_sasa_SER,ortholog_frac_sasa_TRP,ortholog_frac_sasa_GLU,diff_num_residues,diff_rg_nm,diff_helix_num,diff_strand_num,diff_coil_num,diff_total_sasa_A2,diff_frac_sasa_hydrophobic,diff_frac_sasa_polar,diff_frac_sasa_charged,diff_num_hbonds,diff_num_salt_bridges,diff_num_disulfides,diff_num_pipi,diff_net_charge,diff_surface_net_charge,diff_highly_exposed_frac
g16570.t1,G0RZM9,1.003,79.7,1,148,1.9196067995034243,79,0,69,19365.67578125,0.1566627472639084,0.2616055905818939,0.5548286437988281,0.48765087127685547,0.06717776507139206,113,7,0,38,17,20,7,13,0.30405405405405406,0.02907569520175457,0.0009996696608141065,0.021648112684488297,0.05548166483640671,0.0,0.05762325972318649,0.00016281309945043176,0.008008714765310287,0.04064694419503212,0.30876603722572327,0.026903046295046806,0.07076434046030045,0.00333223189227283,0.014116404578089714,0.06242356449365616,0.1788848340511322,0.0003332232008688152,0.06564563512802124,0.017081784084439278,0.03810206428170204,1,151,1.9213110364811763,79,0,72,19166.92578125,0.14853566884994507,0.2866954505443573,0.5573683977127075,0.47237715125083923,0.08499123156070709,116,7,0,67,17,21,7,14,0.304635761589404,0.03915185481309891,0.0014920260291546583,0.025231698527932167,0.030618026852607727,0.0,0.04109344631433487,0.01790476404130459,0.03544355183839798,0.018000038340687752,0.292523056268692,0.00740052480250597,0.09098274260759354,0.0038718031719326973,0.02791883796453476,0.05620401352643967,0.17985409498214722,0.004315414931625128,0.05814627557992935,0.02400849014520645,0.045839373022317886,-3,-0.001704236977752016,0,0,-3,198.75,0.008127078413963318,-0.02508985996246338,-0.0025397539138793945,-3,0,0,-29,0,-1,-0.0005817075353499179
g5966.t1,G0SBQ5,1.001,74.5,1,250,2.0607518638818925,206,0,44,24794.93359375,0.11648157984018326,0.26064392924308777,0.6228744387626648,0.26398032903671265,0.35889410972595215,269,45,0,271,-12,18,25,-7,0.236,0.12145798653364182,0.0051784696988761425,0.010469267144799232,0.013143054209649563,0.0,0.03115091845393181,0.05614948272705078,0.05532991141080856,0.09013631194829941,0.22220511734485626,0.0,0.06675466895103455,0.00026025850092992187,0.00814177468419075,0.026775330305099487,0.04177522659301758,0.00013012925046496093,0.013505926355719566,0.0,0.23743614554405212,1,240,2.5527512682359035,182,0,58,29414.109375,0.17965060472488403,0.18435890972614288,0.6267019510269165,0.2428412139415741,0.3838607370853424,234,40,0,233,-13,19,27,-8,0.3416666666666667,0.06336605548858643,0.014369890093803406,0.0687054991722107,0.0264362134039402,0.0,0.0634898766875267,0.0057715680450201035,0.03192010894417763,0.05451530963182449,0.1979658156633377,0.009288512170314789,0.06570988893508911,0.0,0.010323379188776016,0.010966194793581963,0.04487540200352669,0.0008775506285019219,0.010924023576080799,0.0,0.320494681596756,10,-0.491999404354011,24,0,-14,-4619.17578125,-0.06316902488470078,0.07628501951694489,-0.003827512264251709,35,5,0,38,1,1,-0.10566666666666669
g12123.t1,G0S2B7,1.001,79.5,1,188,2.6794486177425423,61,31,96,30202.45703125,0.36847934126853943,0.23715999722480774,0.3160320222377777,0.16757157444953918,0.14846044778823853,136,13,1,215,-2,14,12,2,0.3829787234042553,0.11045092344284058,0.09930583089590073,0.024563726037740707,0.0,0.0,0.021523425355553627,0.09796126186847687,0.027030061930418015,0.061567701399326324,0.09010542184114456,0.07832864671945572,0.09162453562021255,0.11967670172452927,0.013282856903970242,0.0,0.07746615260839462,0.0054483599960803986,0.04365483671426773,0.0,0.03800952434539795,1,147,1.5824339289622442,54,27,66,15873.6884765625,0.2222585678100586,0.19045834243297577,0.5583748817443848,0.31531909108161926,0.2430557906627655,133,13,3,179,-1,14,12,2,0.2857142857142857,0.20641987025737762,0.020732905715703964,0.019887413829565048,0.0,0.0,0.06693276762962341,0.05079451948404312,0.031859155744314194,0.06453358381986618,0.18207037448883057,0.02890823967754841,0.04804712161421776,0.02520471066236496,0.018930064514279366,0.0,0.1332486867904663,0.03870626166462898,0.02708842232823372,0.0,0.03663590922951698,41,1.097014688780298,7,4,30,14328.7685546875,0.14622077345848083,0.04670165479183197,-0.24234285950660706,3,0,-2,36,-1,0,0.09726443768996962
g10520.t1,G0SE15,1.001,88.0,1,375,2.1760859970077844,166,74,135,25400.98828125,0.22010527551174164,0.28134486079216003,0.4682852625846863,0.15146516263484955,0.31682008504867554,362,42,1,193,-12,17,24,-7,0.184,0.11665509641170502,0.007485753390938044,0.022644702345132828,0.0007621466065756977,0.0,0.04349618777632713,0.0739770159125328,0.007590104825794697,0.0853358656167984,0.09816912561655045,0.030264632776379585,0.094855897128582,0.004064782056957483,0.045027971267700195,0.012580414302647114,0.05329602584242821,0.06754764169454575,0.035954613238573074,0.00012702443927992135,0.20016498863697052,1,375,2.184419059734176,169,74,132,25477.12109375,0.1855679154396057,0.28283870220184326,0.4595089852809906,0.15373465418815613,0.3057743012905121,356,45,1,231,-11,16,23,-7,0.18133333333333335,0.11259955167770386,0.0098580876365304,0.020562265068292618,0.04653889685869217,0.0,0.017706386744976044,0.062433164566755295,0.008687000721693039,0.1183621734380722,0.08819737285375595,0.0720844715833664,0.026767468079924583,0.009751653298735619,0.042556460946798325,0.0028868457302451134,0.06553728133440018,0.018717452883720398,0.08357875049114227,0.0,0.19317477941513062,0,-0.00833306272639156,-3,0,3,-76.1328125,0.034537360072135925,-0.0014938414096832275,0.008776277303695679,6,-3,0,-38,-1,0,0.0026666666666666505
g3990.t1,G0S4P8,1.0,72.5,1,259,2.329165429580628,33,64,162,25688.548828125,0.21137242019176483,0.22488658130168915,0.5184397101402283,0.3705098032951355,0.14792987704277039,177,22,3,88,30,28,10,18,0.22393822393822393,0.05692589655518532,0.051858339458703995,0.040894877165555954,0.005643521901220083,0.0,0.00600887555629015,0.07305411994457245,0.044828109443187714,0.03141480311751366,0.19354960322380066,0.04530131816864014,0.016447022557258606,0.008289765566587448,0.02053789049386978,0.11067686229944229,0.17696021497249603,0.011178622953593731,0.0009819116676226258,0.014444288797676563,0.09100398421287537,1,254,2.298631274592947,24,64,166,24975.63671875,0.14492486417293549,0.2895730137825012,0.5109226107597351,0.3987865149974823,0.1121361181139946,176,19,0,35,32,27,7,20,0.2440944881889764,0.05227067694067955,0.022475318983197212,0.024874331429600716,0.0024221690837293863,,0.021166173741221428,0.05305846035480499,0.055878277868032455,0.021666115149855614,0.217202290892601,0.0545794852077961,0.0402103029191494,0.009559893980622292,0.020351948216557503,0.14611117541790009,0.1815842241048813,0.011368521489202976,0.005355197936296463,0.0,0.05986542999744415,5,0.030534154987681195,9,0,-4,712.912109375,0.06644755601882935,-0.06468643248081207,0.007517099380493164,1,3,3,53,-2,-2,-0.020156264250752454
g4920.t2,G0SE15,0.9985,88.0,1,375,2.1765045700415944,164,74,137,25467.02734375,0.22058700025081635,0.2903071641921997,0.45907530188560486,0.1551227569580078,0.30395254492759705,357,44,1,194,-12,15,24,-9,0.18933333333333333,0.10433798283338547,0.008347430266439915,0.022467952221632004,0.0013936455361545086,0.0,0.045396074652671814,0.07227201014757156,0.008434658870100975,0.10629723966121674,0.09852875769138336,0.030030544847249985,0.08734250068664551,0.002407205756753683,0.04467226564884186,0.011790509335696697,0.05659398436546326,0.06830267608165741,0.03176998347043991,0.0,0.19961456954479218,1,375,2.184419059734176,169,74,132,25477.12109375,0.1855679154396057,0.28283870220184326,0.4595089852809906,0.15373465418815613,0.3057743012905121,356,45,1,231,-11,16,23,-7,0.18133333333333335,0.11259955167770386,0.0098580876365304,0.020562265068292618,0.04653889685869217,0.0,0.017706386744976044,0.062433164566755295,0.008687000721693039,0.1183621734380722,0.08819737285375595,0.0720844715833664,0.026767468079924583,0.009751653298735619,0.042556460946798325,0.0028868457302451134,0.06553728133440018,0.018717452883720398,0.08357875049114227,0.0,0.19317477941513062,0,-0.007914489692581572,-5,0,5,-10.09375,0.03501908481121063,0.007468461990356445,-0.0004336833953857422,1,-1,0,-37,-1,-2,0.00799999999999998
g9632.t1,G0S1E1,0.9954,71.6,1,149,1.610963471187802,53,27,69,16667.53515625,0.21633310616016388,0.19649150967597961,0.5654603242874146,0.32735496759414673,0.2381054013967514,126,8,1,119,1,16,13,3,0.28187919463087246,0.08729271590709686,0.04083270952105522,0.019551850855350494,0.0,0.0058816964738070965,0.05168657377362251,0.09847215563058853,0.03870841860771179,0.08182589709758759,0.19714440405368805,0.021715018898248672,0.0021294094622135162,0.0,0.0005697040469385684,0.009339910000562668,0.1302105337381363,0.005789827089756727,0.05803646892309189,0.0,0.15081267058849335,1,153,1.617784678914496,53,30,70,17108.767578125,0.22458447515964508,0.1561710685491562,0.617735743522644,0.3528492748737335,0.2648864686489105,137,14,0,100,-1,17,13,4,0.26143790849673204,0.0945717841386795,0.029797255992889404,0.028099942952394485,0.0,0.0,0.0948038101196289,0.0709405168890953,0.05093814432621002,0.0908963605761528,0.3067833185195923,0.0015087217325344682,0.002443073783069849,0.0007543608662672341,0.0030174434650689363,0.0,0.046065956354141235,0.00018859021656680852,0.008876048028469086,0.0,0.17031465470790863,-4,-0.006821207726694034,0,-3,-1,-441.232421875,-0.008251368999481201,0.040320441126823425,-0.05227541923522949,-11,-6,1,19,2,-1,0.020441286134140424
g7755.t1,G0S4M7,0.9934,71.0,1,445,2.267878742323239,209,68,168,27515.828125,0.17512159049510956,0.2953236401081085,0.512191653251648,0.29932257533073425,0.2128690630197525,441,46,17,73,-2,32,22,10,0.16404494382022472,0.032234370708465576,0.03176946938037872,0.036950357258319855,0.01538457628339529,0.0,0.006880631670355797,0.07359686493873596,0.05830985680222511,0.0929129496216774,0.21959297358989716,0.017363158985972404,0.042631275951862335,0.0,0.030708031728863716,0.05120289325714111,0.07972957193851471,0.007033014204353094,0.019558602944016457,0.003506694221869111,0.18063469231128693,1,449,2.25872096182311,207,66,176,26824.78515625,0.24278606474399567,0.19499529898166656,0.5277108550071716,0.287733793258667,0.23997709155082703,436,46,26,162,-9,29,21,8,0.16258351893095768,0.07090717554092407,0.028386617079377174,0.03403165936470032,0.04216385632753372,0.0,0.0362316332757473,0.08597154170274734,0.05029343068599701,0.035257738083601,0.2235710471868515,0.03450774401426315,0.024479243904352188,0.005773548968136311,0.02792629599571228,0.039111413061618805,0.0641627162694931,0.004873985890299082,0.01792716607451439,0.0053532300516963005,0.16906991600990295,-4,0.009157780500129054,2,2,-8,691.04296875,-0.06766447424888611,0.10032834112644196,-0.015519201755523682,5,0,-9,-89,7,2,0.0014614248892670378
g12290.t2,G0SFK8,0.9925,56.4,1,173,2.2155522676809487,75,19,79,25286.88671875,0.38806575536727905,0.15232513844966888,0.44641661643981934,0.4092274308204651,0.037189193069934845,113,7,0,64,22,27,4,23,0.31213872832369943,0.01025646273046732,0.07740229368209839,0.10844804346561432,0.0965428501367569,0.0,0.013270151801407337,0.09061604738235474,0.022149011492729187,0.02902390994131565,0.16036896407604218,0.013192502781748772,0.04558063670992851,0.0011483784765005112,0.0046425675973296165,0.01591981016099453,0.24885843694210052,0.0,0.035009197890758514,0.0006379880360327661,0.0269327312707901,1,153,1.717386751395216,77,20,56,19111.6875,0.18321554362773895,0.20390896499156952,0.5867359042167664,0.2952982485294342,0.29143762588500977,123,14,0,81,3,19,13,6,0.2875816993464052,0.020295999944210052,0.02144087851047516,0.04169997572898865,0.025492697954177856,,0.002532387152314186,0.08380024135112762,0.01805206574499607,0.062175650149583817,0.10248833894729614,0.026139650493860245,0.0794394463300705,0.0,0.030049936845898628,0.0,0.19280990958213806,0.0014963385183364153,0.014191855676472187,0.006753032561391592,0.2711416184902191,20,0.4981655162857328,-2,-1,23,6175.19921875,0.2048502117395401,-0.051583826541900635,-0.14031928777694702,-10,-7,0,-17,19,17,0.024557028977294226
g9275.t1,G0RY17,0.9924,75.5,1,143,2.2094791523677535,33,41,69,20855.189453125,0.2159562110900879,0.23212751746177673,0.527164101600647,0.43795454502105713,0.08920956403017044,102,11,0,42,20,26,7,19,0.3706293706293706,0.028876278549432755,0.0652707889676094,0.041669923812150955,0.022429700940847397,0.0,0.014852344058454037,0.07143107056617737,0.056135017424821854,0.047784965485334396,0.22576434910297394,0.024752099066972733,0.035008322447538376,0.000302369415294379,0.032685570418834686,0.02286769077181816,0.2121901959180832,0.0,0.037645962089300156,0.0,0.060333285480737686,1,145,2.264849534989204,32,41,72,21242.66015625,0.22339262068271637,0.2445685714483261,0.5283933281898499,0.4139319062232971,0.1144615113735199,99,9,1,45,21,28,8,20,0.35172413793103446,0.018256530165672302,0.06576833873987198,0.04015040770173073,0.02530675008893013,0.0,0.006941919680684805,0.07565613836050034,0.07174763083457947,0.05062798783183098,0.22378745675086975,0.0036453583743423223,0.0,0.0,0.009361770004034042,0.017501020804047585,0.1901444047689438,0.0,0.09533017873764038,0.009569065645337105,0.096204973757267,-2,-0.05537038262145044,1,0,-3,-387.470703125,-0.007436409592628479,-0.012441053986549377,-0.0012292265892028809,3,2,-1,-3,-1,-1,0.01890523269833616
g16188.t1,G0SA75,0.9918,96.0,1,304,2.5053124964118396,72,108,124,26965.6328125,0.1199176013469696,0.35164782404899597,0.520289957523346,0.3554421067237854,0.16484780609607697,281,35,0,8,0,31,18,13,0.24671052631578946,0.032772038131952286,0.07953567802906036,0.0023930801544338465,0.0,,0.03535644710063934,0.0,0.04880328103899956,0.0786680057644844,0.1705731451511383,0.008144630119204521,0.06848782300949097,0.0026323883794248104,0.13777919113636017,0.0,0.1848689764738083,0.0,0.017909536138176918,,0.13207577168941498,1,305,2.499897817317873,72,108,125,27244.8984375,0.11092350631952286,0.3725984990596771,0.5093395113945007,0.34378087520599365,0.16555866599082947,275,31,0,8,0,32,19,13,0.25573770491803277,0.032070036977529526,0.07297418266534805,0.00011842753883684054,0.0,,0.03546234965324402,0.0,0.05143888667225838,0.13715355098247528,0.1732366979122162,0.007138499058783054,0.06852337718009949,0.0023685507476329803,0.09627389162778854,0.0,0.17054416239261627,0.0,0.019208816811442375,,0.13348864018917084,-1,0.0054146790939664236,0,0,-1,-279.265625,0.008994095027446747,-0.020950675010681152,0.010950446128845215,6,4,0,0,0,0,-0.009027178602243308
g16570.t2,G0RZM9,0.9906,80.7,1,140,1.9359775330655178,79,0,61,19369.275390625,0.14564301073551178,0.228859081864357,0.5979430079460144,0.5170773863792419,0.08086562156677246,114,8,0,29,19,22,6,16,0.32142857142857145,0.025674641132354736,0.001499225734733045,0.020489418879151344,0.06629909574985504,0.0,0.0262807197868824,0.006496644578874111,0.009477942250669003,0.039495501667261124,0.3194054663181305,0.027554867789149284,0.0505683533847332,0.0024987095966935158,0.010797359049320221,0.06007983535528183,0.19767192006111145,0.00033316126791760325,0.058440085500478745,0.021746035665273666,0.055190980434417725,1,151,1.9213110364811763,79,0,72,19166.92578125,0.14853566884994507,0.2866954505443573,0.5573683977127075,0.47237715125083923,0.08499123156070709,116,7,0,67,17,21,7,14,0.304635761589404,0.03915185481309891,0.0014920260291546583,0.025231698527932167,0.030618026852607727,0.0,0.04109344631433487,0.01790476404130459,0.03544355183839798,0.018000038340687752,0.292523056268692,0.00740052480250597,0.09098274260759354,0.0038718031719326973,0.02791883796453476,0.05620401352643967,0.17985409498214722,0.004315414931625128,0.05814627557992935,0.02400849014520645,0.045839373022317886,-11,0.014666496584341493,0,0,-11,202.349609375,-0.0028926581144332886,-0.057836368680000305,0.040574610233306885,-2,1,0,-38,2,2,0.016792809839167477
g8749.t1,G0S9J9,0.9896,71.1,1,172,1.4744341612294183,23,56,93,15771.875,0.20759722590446472,0.13824602961540222,0.6541568040847778,0.49790364503860474,0.1562531292438507,164,21,6,144,4,22,10,12,0.2441860465116279,0.07318239659070969,0.0256040021777153,0.05049761012196541,0.029203053563833237,0.0,0.005932702217251062,0.07314082235097885,0.08258930593729019,0.0,0.35924601554870605,0.0,0.0179047379642725,0.004091519396752119,0.023813478648662567,0.003445143112912774,0.1386576145887375,0.004807214718312025,0.010493364185094833,0.014320316724479198,0.08307071775197983,1,382,2.7346944969750355,166,61,155,30395.96484375,0.257481187582016,0.16562166810035706,0.5702136754989624,0.3278355896472931,0.24237816035747528,373,59,7,222,-9,35,31,4,0.21727748691099477,0.075231172144413,0.05232326313853264,0.05953347682952881,0.020134709775447845,0.0,0.03835030645132065,0.041621364653110504,0.03754729777574539,0.04538097232580185,0.32012781500816345,0.006683443207293749,0.03789505362510681,0.04372156411409378,0.01800619438290596,0.011774776503443718,0.007707773707807064,0.0,0.015017373487353325,0.0017964835278689861,0.16714699566364288,-210,-1.2602603357456172,-143,-5,-62,-14624.08984375,-0.04988396167755127,-0.027375638484954834,0.08394312858581543,-209,-38,-1,-78,13,8,0.026908559600633125
g8493.t1,G0SI21,0.9862,51.1,1,84,1.6795799888167362,16,22,46,16616.44921875,0.17470771074295044,0.22530262172222137,0.5558737516403198,0.26090794801712036,0.29496583342552185,56,3,1,15,0,9,8,1,0.36904761904761907,0.057728540152311325,0.056068092584609985,0.0,0.0007767113856971264,0.0,0.0,0.026214009150862694,0.06331869959831238,0.10984930396080017,0.13497506082057953,0.04411598667502403,0.008495127782225609,0.07378454506397247,0.016667697578668594,0.00893218070268631,0.12593287229537964,0.01786435954272747,0.018039612099528313,,0.23723730444908142,1,98,1.852119241330231,23,23,52,19308.677734375,0.2519366443157196,0.19137398898601532,0.5187601447105408,0.3473659157752991,0.17139418423175812,63,3,3,22,1,12,6,6,0.37755102040816324,0.06312281638383865,0.0640077069401741,0.007686757482588291,0.09358344227075577,0.0,0.022744067013263702,0.030493972823023796,0.04237271845340729,0.08395545929670334,0.1044842079281807,0.03792930021882057,0.013872871175408363,0.026903651654720306,0.026746930554509163,0.024426007643342018,0.24288170039653778,0.006517034024000168,0.0,0.0,0.10827135294675827,-14,-0.17253925251349478,-7,-1,-6,-2692.228515625,-0.07722893357276917,0.033928632736206055,0.03711360692977905,-7,0,-2,-7,-1,-5,-0.008503401360544172
g16485.t1,G0SBZ6,0.9855,65.3,1,104,2.114236623803046,10,32,62,20260.8828125,0.15742559731006622,0.3080880045890808,0.4799848198890686,0.465045303106308,0.014939459972083569,46,4,6,3,26,25,1,24,0.4519230769230769,0.014939459972083569,0.02420600689947605,0.010192002169787884,0.011625251732766628,0.0012631082208827138,0.018313752487301826,0.0003225702967029065,0.047146398574113846,0.04711869731545448,0.2910725176334381,0.054501622915267944,0.0,0.0027072506491094828,0.02024967037141323,0.09016833454370499,0.17397283017635345,0.09005876630544662,0.10214176774024963,,0.0,1,106,2.116635631135586,10,35,61,20743.77734375,0.20803302526474,0.21173429489135742,0.5227818489074707,0.4860974848270416,0.03668440133333206,53,3,6,0,25,26,3,23,0.41509433962264153,0.03546842560172081,0.021153826266527176,0.009177028201520443,0.0,0.0,0.0214613676071167,0.00030516981496475637,0.0,0.05830594152212143,0.4316766560077667,0.057450905442237854,0.016331998631358147,0.12846481800079346,0.04233160242438316,0.08608625829219818,0.054420795291662216,0.027470799162983894,0.008678484708070755,,0.001215973636135459,-2,-0.0023990073325399486,0,-3,1,-482.89453125,-0.05060742795467377,0.09635370969772339,-0.0427970290184021,-7,1,0,3,1,1,0.0368287373004354
g18228.t1,G0RZG2,0.9845,59.2,1,109,1.311509278040779,40,2,67,13364.9365234375,0.1550847440958023,0.39457079768180847,0.450344443321228,0.3810012638568878,0.0693431869149208,86,7,1,85,6,12,6,6,0.3486238532110092,0.01108799409121275,0.0,0.06470022350549698,0.013278030790388584,0.0,0.0,0.07569100707769394,0.1772020310163498,0.09290176630020142,0.30437275767326355,0.0,0.0,0.0014154886594042182,0.0468825027346611,0.0,0.07662849873304367,0.0,0.07758445292711258,0.0,0.058255188167095184,1,108,1.2959436201816221,44,2,62,13351.798828125,0.20503802597522736,0.23921196162700653,0.5526681542396545,0.4115995764732361,0.14106859266757965,85,8,1,89,5,15,6,9,0.35185185185185186,0.041797999292612076,0.0,0.021749066188931465,0.0,0.0,0.08263316750526428,0.08666177093982697,0.03457248583436012,0.1087009608745575,0.39002707600593567,0.0030817894730716944,0.025976916775107384,0.0009445875766687095,0.06027957797050476,0.0,0.021572526544332504,0.013049440458416939,0.009682023897767067,0.0,0.09927059710025787,1,0.015565657859156978,-4,0,5,13.1376953125,-0.04995328187942505,0.15535883605480194,-0.10232371091842651,1,-1,0,-4,1,-3,-0.0032279986408426664
g17440.t1,G0S7A2,0.9842,56.9,1,545,3.0138208508090467,276,105,164,39272.46484375,0.20173035562038422,0.22920948266983032,0.533074676990509,0.300033301115036,0.23304136097431183,481,61,5,54,-1,42,31,11,0.1944954128440367,0.10823741555213928,0.057384833693504333,0.019635755568742752,0.020378410816192627,0.0,0.03197179362177849,0.05633876100182533,0.04281196743249893,0.042449772357940674,0.19683563709259033,0.03598550334572792,0.045046404004096985,0.00041078991489484906,0.023535743355751038,0.043940961360931396,0.10319766402244568,0.010844852775335312,0.031424615532159805,0.004765162710100412,0.12480393797159195,1,566,3.0818681010221347,282,102,182,40955.3125,0.1870696246623993,0.2274300903081894,0.5171509385108948,0.2591739594936371,0.2579770088195801,478,61,9,114,-8,39,37,2,0.196113074204947,0.1136423721909523,0.07131168991327286,0.02533012256026268,0.028180155903100967,0.0,0.026626067236065865,0.01096819806843996,0.07804153114557266,0.06204541027545929,0.14286789298057556,0.06834930181503296,0.023343665525317192,0.016229115426540375,0.026412326842546463,0.0,0.11630605906248093,0.008424298837780952,0.03758714720606804,,0.14433464407920837,-21,-0.068047250213088,-6,3,-18,-1682.84765625,0.014660730957984924,0.0017793923616409302,0.015923738479614258,3,0,-4,-60,7,9,-0.0016176613609102941
g5143.t2,G0S9B5,0.9834,63.9,1,187,2.2903760365856862,60,28,99,25756.947265625,0.17183227837085724,0.1470026671886444,0.6654812097549438,0.5460999608039856,0.11938126385211945,129,7,2,33,40,37,7,30,0.2994652406417112,0.05706731602549553,0.059317514300346375,0.013779587112367153,0.008017214015126228,0.0,0.0,0.07693836092948914,0.03892762213945389,0.00467207795009017,0.21363867819309235,0.015683835372328758,0.026135126128792763,0.007766676135361195,0.03022579848766327,0.025573289021849632,0.33246126770973206,0.006012910511344671,0.021468760445713997,,0.06231394410133362,1,213,3.236945124692031,64,28,121,35838.8125,0.3179962635040283,0.13376101851463318,0.5299243330955505,0.4111553132534027,0.11876902729272842,122,9,0,6,33,35,10,25,0.38028169014084506,0.0364144891500473,0.08682060241699219,0.04006689414381981,0.03298536315560341,0.009672969579696655,0.03363963961601257,0.060462284833192825,0.03640611469745636,0.020833689719438553,0.13133378326892853,0.01831834763288498,0.0031510284170508385,0.03978888317942619,0.014563670381903648,0.01928568445146084,0.27982157468795776,0.01997111365199089,0.02984785847365856,0.004261487629264593,0.08235454559326172,-26,-0.9465690881063447,-4,0,-22,-10081.865234375,-0.14616398513317108,0.01324164867401123,0.1355568766593933,7,-2,2,27,7,5,-0.08081644949913386
g2677.t1,G0S2X4,0.9833,64.1,1,146,2.8428864702513956,14,22,110,27516.423828125,0.2018314152956009,0.34910181164741516,0.38815149664878845,0.2517652213573456,0.13638627529144287,59,4,10,0,20,17,9,8,0.4383561643835616,0.011141534894704819,0.016064472496509552,0.014188330620527267,0.02004058286547661,0.010085110552608967,0.029375849291682243,0.060601264238357544,0.01986146718263626,0.18214789032936096,0.059738896787166595,0.060915276408195496,0.05509759113192558,0.0034005087800323963,0.040187958627939224,0.020570000633597374,0.19202633202075958,0.05816042795777321,0.021151762455701828,,0.12524473667144775,1,119,2.0159644523814446,13,26,80,20754.51171875,0.3161482810974121,0.1591309756040573,0.47795137763023376,0.33506330847740173,0.14288806915283203,63,3,10,6,25,21,6,15,0.37815126050420167,0.06343135982751846,0.00404202239587903,0.011970605701208115,0.002021011197939515,0.008934331126511097,0.12026472389698029,0.07544983178377151,0.014604143798351288,0.009594355709850788,0.2174905240535736,0.04676930606365204,0.03685424476861954,0.03342441841959953,0.050145551562309265,0.026943154633045197,0.11757277697324753,0.06897567957639694,0.012055180966854095,,0.07945670932531357,27,0.826922017869951,1,-4,30,6761.912109375,-0.11431686580181122,0.18997083604335785,-0.08979988098144531,-4,1,0,-6,-5,-7,0.06020490387935995
g1831.t2,G0SA54,0.9823,78.0,1,464,2.340615807481516,228,83,153,32746.9609375,0.16194161772727966,0.3193812072277069,0.5047740340232849,0.2172977477312088,0.2874763011932373,430,54,37,380,-23,24,34,-10,0.17025862068965517,0.09359666705131531,0.018819160759449005,0.021864594891667366,0.005517659708857536,0.0014955726219341159,0.016053592786192894,0.024183576926589012,0.12444239854812622,0.09749510884284973,0.11409833282232285,0.01390314381569624,0.03688766062259674,0.03400364890694618,0.022558551281690598,0.003562482539564371,0.10319939255714417,0.034704580903053284,0.03293941915035248,0.006794797722250223,0.193879634141922,1,447,2.140163704166798,218,83,146,27151.80859375,0.1277005523443222,0.24178817868232727,0.5979856252670288,0.22407302260398865,0.37391260266304016,418,48,8,442,-24,23,32,-9,0.1610738255033557,0.11197908222675323,0.0022578376810997725,0.013068982400000095,0.0,0.0016849306412041187,0.019504588097333908,0.04068714380264282,0.0734727680683136,0.04599864035844803,0.11532678455114365,0.03252556174993515,0.021856874227523804,0.04244217276573181,0.031018422916531563,0.003715979168191552,0.10874621570110321,0.0022578376810997725,0.06404055655002594,0.0074819945730268955,0.2619335353374481,17,0.20045210331471797,10,0,7,5595.15234375,0.03424106538295746,0.07759302854537964,-0.0932115912437439,12,6,29,-62,1,-1,0.009184795186299471
g1275.t1,G0S6L1,0.9819,67.7,1,349,2.1422740814549726,36,162,151,25549.08203125,0.2141849398612976,0.21629486978054047,0.5693963766098022,0.3353751301765442,0.23402121663093567,340,38,83,265,-2,31,22,9,0.18624641833810887,0.05079018697142601,0.031451109796762466,0.023472318425774574,0.011853810399770737,0.00037022691685706377,0.014990860596299171,0.08827788382768631,0.06028947979211807,0.07348886132240295,0.1498187929391861,0.00012388653703965247,0.04390062391757965,0.0,0.0,0.028438767418265343,0.1855563074350357,0.02235836535692215,0.009806891903281212,0.021780606359243393,0.18323104083538055,1,359,2.2356421267044544,36,168,155,27934.212890625,0.2402700036764145,0.1725585162639618,0.5814730525016785,0.34028857946395874,0.24118448793888092,343,31,54,240,-1,29,17,12,0.19498607242339833,0.08554703742265701,0.045605748891830444,0.03831348568201065,0.006699300371110439,0.000225743671762757,0.03047121688723564,0.08235560357570648,0.044206876307725906,0.06365475058555603,0.07913512736558914,0.005698379594832659,0.03103366494178772,0.009009404107928276,0.00034651553141884506,0.004793283995240927,0.2611534297466278,0.009284819476306438,0.028297683224081993,0.018530437722802162,0.1556374579668045,-10,-0.09336804524948183,0,-6,-4,-2385.130859375,-0.026085063815116882,0.043736353516578674,-0.01207667589187622,-3,7,29,25,-1,-3,-0.008739654085289456
g8345.t1,G0S101,0.9812,73.3,1,100,2.8975981520966276,40,9,51,23015.90234375,0.2805209755897522,0.23268592357635498,0.46861183643341064,0.44915905594825745,0.019452810287475586,66,1,10,29,29,25,1,24,0.53,,0.11047805100679398,0.031121665611863136,0.0,0.0,0.015420645475387573,0.0824698731303215,0.055828757584095,0.042623370885849,0.2531505525112152,0.018181215971708298,0.06155981868505478,0.009813138283789158,0.00294394139200449,0.06414492428302765,0.19600850343704224,0.006448633968830109,0.005585134960711002,0.02476898953318596,0.019452810287475586,1,95,2.4154354356007413,15,8,72,21686.3046875,0.21900008618831635,0.23933888971805573,0.5183662176132202,0.4859440326690674,0.03242211416363716,54,0,6,34,25,19,1,18,0.4421052631578947,,0.009670873172581196,0.041659146547317505,,0.0,0.029306791722774506,0.05600667744874954,0.028601860627532005,0.014613011851906776,0.2653281092643738,0.023294944316148758,0.059287793934345245,0.047461673617362976,0.015232564881443977,0.014096575789153576,0.22061587870121002,0.007587915752083063,0.10750707238912582,0.027307014912366867,0.03242211416363716,5,0.4821627164958864,25,1,-21,1329.59765625,0.06152088940143585,-0.006652966141700745,-0.04975438117980957,12,1,4,-5,4,6,0.0878947368421053
g8222.t1,G0SAD3,0.9801,65.7,1,392,2.258954131961477,182,80,130,25874.578125,0.10449530929327011,0.18441170454025269,0.6857633590698242,0.35784879326820374,0.32791462540626526,361,59,7,339,-2,31,31,0,0.18622448979591838,0.14828595519065857,0.027433883398771286,0.014091040939092636,0.014329067431390285,0.0,0.007717152126133442,0.005384807009249926,0.053328439593315125,0.04289480671286583,0.2494867891073227,0.02532966062426567,0.031096933409571648,0.01670973002910614,0.02897600829601288,0.022118965163826942,0.10836198180913925,0.018829621374607086,0.005996556021273136,0.0,0.1796286404132843,1,390,2.2577026108324842,177,75,138,26700.55078125,0.16264663636684418,0.18445870280265808,0.6379474997520447,0.3091234862804413,0.3288240134716034,366,60,4,244,-5,27,27,0,0.19743589743589743,0.11937286704778671,0.026947753503918648,0.021872390061616898,0.00555597385391593,0.0,0.01196335256099701,0.055366549640893936,0.04967450723052025,0.025940092280507088,0.1152665987610817,0.014947174116969109,0.03376335650682449,0.005800412967801094,0.040180619806051254,0.0030840348917990923,0.1938568651676178,0.03514020889997482,0.031816110014915466,0.0,0.20945113897323608,2,0.0012515211289927386,5,5,-8,-825.97265625,-0.058151327073574066,-4.699826240539551e-05,0.04781585931777954,-5,-1,3,95,3,0,-0.011211407639979049
g6110.t1,G0S6J7,0.9801,69.2,1,156,2.0199289067783317,59,12,85,20548.259765625,0.20809006690979004,0.09770672023296356,0.647406816482544,0.5534389019012451,0.09396795183420181,114,24,0,78,20,25,8,17,0.28205128205128205,0.043024882674217224,0.025212660431861877,0.010363508015871048,0.032253630459308624,0.0,0.010520529933273792,0.04897748678922653,0.05045280233025551,0.011075207963585854,0.3188423812389374,0.046796299517154694,0.018989024683833122,0.0021482014562934637,0.009182010777294636,0.00692641269415617,0.23459652066230774,0.015074193477630615,0.001081260503269732,0.06353987008333206,0.05094306915998459,1,156,1.9880773188369285,66,12,78,20396.6015625,0.15790429711341858,0.1426990032196045,0.6516227126121521,0.5366658568382263,0.1149568110704422,115,15,0,65,19,21,8,13,0.2692307692307692,0.026833172887563705,0.033532749861478806,0.00047457116306759417,0.028933919966220856,0.0,0.006309582851827145,0.035936854779720306,0.023859160020947456,0.005267218220978975,0.2702985107898712,0.04777400568127632,0.04344465211033821,0.0,0.030673019587993622,0.032782603055238724,0.26636743545532227,0.01559182908385992,0.006672353018075228,0.03712477907538414,0.0881236344575882,0,0.03185158794140319,-7,0,7,151.658203125,0.05018576979637146,-0.04499228298664093,-0.004215896129608154,-1,9,0,13,1,4,0.01282051282051283
g10348.t1,G0S1Y1,0.9794,67.4,1,457,2.322175997576103,202,80,175,31105.2734375,0.2136250138282776,0.19624723494052887,0.5576193332672119,0.2898883521556854,0.2677309513092041,440,57,62,404,-17,28,33,-5,0.16630196936542668,0.06265775859355927,0.009128228761255741,0.04921020194888115,0.01140555739402771,0.0,0.031146368011832237,0.026599738746881485,0.0805250033736229,0.020630866289138794,0.22965434193611145,0.03250839188694954,0.024873562157154083,0.06541140377521515,0.015075655654072762,0.02709617279469967,0.06023404002189636,0.012343854643404484,0.02804596908390522,0.008379648439586163,0.20507319271564484,1,449,2.196091570432808,199,82,168,28489.529296875,0.10596813261508942,0.2963281273841858,0.5382717847824097,0.26095354557037354,0.2773182690143585,424,51,55,394,-22,20,33,-13,0.16258351893095768,0.03664008900523186,0.020045913755893707,0.021623721346259117,0.0,0.0,0.02615351602435112,0.006360699888318777,0.08717234432697296,0.03974558785557747,0.09925471246242523,0.059431932866573334,0.03638250380754471,0.0021518212743103504,0.028172943741083145,0.08038819581270218,0.16169880330562592,0.02139979787170887,0.024466555565595627,0.008232660591602325,0.24067820608615875,8,0.12608442714329504,3,-2,7,2615.744140625,0.10765688121318817,-0.10008089244365692,0.019347548484802246,16,6,7,10,5,8,0.0037184504344690006
g126.t2,G0SEI1,0.9792,67.9,1,208,2.2003923981262967,51,59,98,24601.044921875,0.2603777050971985,0.06380213052034378,0.6378771066665649,0.5460005402565002,0.0918765738606453,157,21,9,86,27,32,10,22,0.2403846153846154,0.047444865107536316,0.09591658413410187,0.020329002290964127,0.03193898871541023,0.006571150850504637,0.04886312782764435,0.04553479328751564,0.009407195262610912,0.01762552373111248,0.2353934943675995,0.0379430428147316,0.0019673227798193693,0.00813160091638565,0.006946217734366655,0.01858130469918251,0.31060707569122314,0.006253570783883333,0.0027034194208681583,0.0034100261982530355,0.04443170130252838,1,219,2.2725673391796892,60,58,101,24573.5078125,0.1970798224210739,0.09421954303979874,0.673297643661499,0.5696147084236145,0.10368292778730392,172,24,6,109,24,31,11,20,0.2511415525114155,0.03577449172735214,0.039653148502111435,0.0038077528588473797,0.019244492053985596,0.006171185523271561,0.07647505402565002,0.045828573405742645,0.022826962172985077,0.0016744631575420499,0.20646321773529053,0.03540301322937012,0.002091848524287343,0.010235555469989777,0.010860624723136425,0.03672735393047333,0.363151490688324,0.0018352317856624722,0.01386710349470377,0.0,0.06790845096111298,-11,-0.0721749410533925,-9,1,-3,27.537109375,0.06329788267612457,-0.030417412519454956,-0.03542053699493408,-15,-3,3,-23,3,2,-0.01075693712680012
g10564.t1,G0S4Z9,0.9791,60.8,1,216,1.9539862031752204,89,52,75,21133.625,0.13286033272743225,0.1903979778289795,0.6272935271263123,0.5261198878288269,0.10117363929748535,162,13,2,94,19,31,10,21,0.24537037037037038,0.034186046570539474,0.007633678615093231,0.011297845281660557,0.0,0.00046387393376789987,0.024045372381806374,0.06225648894906044,0.033213190734386444,0.10983113944530487,0.43669259548187256,0.049448173493146896,0.004274860490113497,0.0015267357230186462,0.0051804594695568085,0.0055584232322871685,0.08942732959985733,0.026100222021341324,0.03187601640820503,0.0,0.06698759645223618,1,217,1.949819790947641,89,53,75,20725.4921875,0.1287464052438736,0.2502656579017639,0.5643569231033325,0.48523831367492676,0.07911866158246994,177,9,0,23,18,28,11,17,0.22580645161290322,0.04078170284628868,0.007939684204757214,0.016802800819277763,0.0,0.0028380523435771465,0.010119205340743065,0.06751849502325058,0.08469429612159729,0.09601851552724838,0.3488478660583496,0.05663086473941803,0.015879368409514427,0.0010897605679929256,0.007405207026749849,0.003729223506525159,0.13639043271541595,0.02527647092938423,0.03970099240541458,0.0,0.03833696246147156,-1,0.004166412227579519,0,-1,0,408.1328125,0.004113927483558655,-0.059867680072784424,0.06293660402297974,-15,4,2,71,1,4,0.019563918757467158
g19604.t1,G0SBR7,0.9784,62.9,1,146,2.028281823110018,60,31,55,21651.3671875,0.2616809010505676,0.17190800607204437,0.5664110779762268,0.47278282046318054,0.09362825006246567,125,21,0,31,19,24,7,17,0.3424657534246575,0.04228275269269943,0.029573988169431686,0.04023614153265953,0.0002980454883072525,0.0,0.04088226333260536,0.07419469952583313,0.033588483929634094,0.019749173894524574,0.1811002492904663,,0.01723228022456169,0.06899753212928772,0.004666802939027548,0.07961904257535934,0.29168254137039185,0.0074982354417443275,0.017052212730050087,0.0,0.05134548991918564,1,143,1.9729429838133707,61,30,52,20265.9296875,0.28159329295158386,0.1765287071466446,0.4917547106742859,0.41471442580223083,0.07704030722379684,120,19,0,40,17,21,6,15,0.34265734265734266,0.027904372662305832,0.027611861005425453,0.018786823377013206,0.03502265363931656,0.0,0.03722981736063957,0.0821436420083046,0.007349067367613316,0.0928589403629303,0.18222059309482574,0.05012327432632446,0.01183138694614172,0.07176032662391663,0.008949153125286102,0.03800985589623451,0.2324938327074051,0.009038195945322514,0.01753029227256775,,0.04913593456149101,3,0.0553388392966474,-1,1,3,1385.4375,-0.019912391901016235,-0.00462070107460022,0.07465636730194092,5,2,0,-9,2,2,-0.00019158923268514094
g18969.t1,G0S593,0.9768,43.7,1,126,1.32123851641507,45,42,39,13880.615234375,0.08982028067111969,0.44470158219337463,0.4520623981952667,0.2767864465713501,0.17527595162391663,121,10,6,78,1,11,7,4,0.29365079365079366,0.07705695182085037,0.007527756970375776,0.009530441835522652,0.01324433833360672,0.0,0.0,0.04371898993849754,0.03094257041811943,0.22217537462711334,0.23502080142498016,0.013415781781077385,0.05615673214197159,0.0,0.0483526736497879,0.01806146278977394,0.04176563024520874,0.00936085730791092,0.06901275366544724,0.006437892094254494,0.09821902215480804,1,137,1.3802347654182145,52,42,43,14420.4716796875,0.2202732414007187,0.3971215486526489,0.3748803734779358,0.25326189398765564,0.12161847203969955,131,10,1,94,-1,9,8,1,0.29927007299270075,0.07063303142786026,0.0013424857752397656,0.059293121099472046,0.0418408028781414,0.0,0.0670674741268158,0.04233582317829132,0.06972789764404297,0.0624382458627224,0.1740165501832962,0.007724791765213013,0.016744663938879967,0.0,0.0536053329706192,0.047207944095134735,0.07924535125494003,0.0013424857752397656,0.1473974734544754,0.007051059976220131,0.05098545178771019,-11,-0.058996249003144596,-7,0,-4,-539.8564453125,-0.130452960729599,0.04758003354072571,0.07718202471733093,-10,0,5,-16,2,3,-0.005619279341907091
g1192.t2,G0S2Z9,0.9766,59.1,1,528,3.0033016049495105,275,88,165,35937.41015625,0.2050510048866272,0.22855666279792786,0.5490633249282837,0.34290486574172974,0.20615845918655396,482,72,4,98,1,40,29,11,0.19507575757575757,0.09518713504076004,0.026889681816101074,0.03644755482673645,0.00951693207025528,0.0,0.04218226671218872,0.052069373428821564,0.06867659837007523,0.09464650601148605,0.1820213496685028,0.01732899621129036,0.031925685703754425,0.0020649947691708803,0.02720293402671814,0.0018588202074170113,0.16088353097438812,0.035880204290151596,0.004246100317686796,0.0,0.11097133904695511,1,546,3.1166081716633642,280,89,177,41327.859375,0.25461435317993164,0.1919180154800415,0.5481312870979309,0.27578985691070557,0.27234140038490295,463,39,7,149,-2,38,36,2,0.20146520146520147,0.09774965792894363,0.039291299879550934,0.07355905324220657,0.024358443915843964,0.0,0.029609648510813713,0.05523989349603653,0.05143888667225838,0.05825592577457428,0.1300818920135498,0.005336484871804714,0.015289641916751862,0.020689064636826515,0.035761162638664246,0.0013732563238590956,0.14570797979831696,0.011398503556847572,0.029799118638038635,0.0004684316518250853,0.17459173500537872,-18,-0.11330656671385375,-5,-1,-12,-5390.44921875,-0.04956334829330444,0.03663864731788635,0.0009320378303527832,19,33,-3,-51,3,9,-0.006389443889443902
g14037.t1,G0S8C4,0.9765,43.5,1,192,1.8702556126109449,89,44,59,21508.3984375,0.18113695085048676,0.2142724245786667,0.5797368884086609,0.4978347718715668,0.08190210163593292,148,25,0,27,19,28,8,20,0.2552083333333333,0.036151330918073654,0.0,0.016801491379737854,0.0,0.0,0.0013501198263838887,0.06273633986711502,0.011755354702472687,0.03135496750473976,0.34342631697654724,0.02485371194779873,0.020670589059591293,0.02129163034260273,0.07225237786769867,0.01397812832146883,0.15440848469734192,0.07895737141370773,0.06426101922988892,,0.04575077444314957,1,203,1.9561042910908866,96,47,60,22940.2578125,0.16233892738819122,0.2443806529045105,0.563964307308197,0.38240349292755127,0.18156076967716217,162,30,0,18,15,29,10,19,0.2660098522167488,0.1001526415348053,0.0022055068984627724,0.011955245397984982,0.030099090188741684,,0.041491735726594925,0.07122384011745453,0.05862173065543175,0.05706220120191574,0.13282069563865662,0.029316158965229988,0.03613056614995003,0.0,0.016379086300730705,0.06259576976299286,0.24958279728889465,0.005363497417420149,0.013591298833489418,,0.08140814304351807,-11,-0.08584867847994171,-7,-3,-1,-1431.859375,0.018798023462295532,-0.03010822832584381,0.015772581100463867,-14,-5,0,9,4,1,-0.010801518883415462
g9632.t1,G0S2B7,0.9763,53.4,1,149,1.610963471187802,53,27,69,16667.53515625,0.21633310616016388,0.19649150967597961,0.5654603242874146,0.32735496759414673,0.2381054013967514,126,8,1,119,1,16,13,3,0.28187919463087246,0.08729271590709686,0.04083270952105522,0.019551850855350494,0.0,0.0058816964738070965,0.05168657377362251,0.09847215563058853,0.03870841860771179,0.08182589709758759,0.19714440405368805,0.021715018898248672,0.0021294094622135162,0.0,0.0005697040469385684,0.009339910000562668,0.1302105337381363,0.005789827089756727,0.05803646892309189,0.0,0.15081267058849335,1,147,1.5824339289622442,54,27,66,15873.6884765625,0.2222585678100586,0.19045834243297577,0.5583748817443848,0.31531909108161926,0.2430557906627655,133,13,3,179,-1,14,12,2,0.2857142857142857,0.20641987025737762,0.020732905715703964,0.019887413829565048,0.0,0.0,0.06693276762962341,0.05079451948404312,0.031859155744314194,0.06453358381986618,0.18207037448883057,0.02890823967754841,0.04804712161421776,0.02520471066236496,0.018930064514279366,0.0,0.1332486867904663,0.03870626166462898,0.02708842232823372,0.0,0.03663590922951698,2,0.028529542225557813,-1,0,3,793.8466796875,-0.005925461649894714,0.006033167243003845,0.007085442543029785,-7,-5,-2,-60,2,1,-0.0038350910834132335
g4337.t1,G0SH61,0.9762,50.9,1,204,2.2264776515908244,110,21,73,24002.69140625,0.23583896458148956,0.2030280977487564,0.531929075717926,0.5182676911354065,0.013661406002938747,167,13,3,77,33,32,2,30,0.3235294117647059,0.013530046679079533,0.061016395688056946,0.01850765384733677,0.01908825896680355,0.0,0.029951272532343864,0.04745655506849289,0.06775073707103729,0.0436449758708477,0.28946131467819214,0.029203837737441063,0.03814544528722763,0.007124491035938263,0.004374710377305746,0.014321270398795605,0.22880634665489197,0.05269434303045273,0.03479096665978432,0.0,0.00013135967310518026,1,204,2.230280677148825,108,21,75,24097.78125,0.22965660691261292,0.17509691417217255,0.5898305177688599,0.5019322037696838,0.08789832144975662,174,10,1,131,28,30,8,22,0.29901960784313725,0.021607134491205215,0.0245025847107172,0.04548424854874611,0.0,0.0,0.06477592140436172,0.05050215497612953,0.003283691592514515,0.041627589613199234,0.2248654067516327,0.005415808875113726,0.024441534653306007,0.03046676144003868,0.01928946189582348,0.07397240400314331,0.2770668566226959,0.013924967497587204,0.012482239864766598,0.0,0.0662911906838417,0,-0.0038030255580006056,2,0,-2,-95.08984375,0.006182357668876648,0.027931183576583862,-0.05790144205093384,-7,3,2,-54,5,8,0.02450980392156865
g6397.t1,G0SFN0,0.9761,58.1,1,173,5.488487289593995,97,12,64,35389.3203125,0.1429259479045868,0.3427773714065552,0.5122960209846497,0.5017601251602173,0.01053598988801241,127,6,6,13,39,40,3,37,0.5953757225433526,0.0044547137804329395,0.011031919158995152,0.03714212402701378,0.0043762982822954655,0.0013364141341298819,0.021373089402914047,0.04256238415837288,0.006797023117542267,0.270498126745224,0.27425476908683777,0.002000601962208748,0.005283869802951813,0.010758399963378906,0.010975854471325874,0.034266818314790726,0.22750526666641235,0.015681734308600426,0.013619238510727882,,0.006081275176256895,1,119,3.0010587179443022,44,12,63,23455.701171875,0.2314518839120865,0.2166251838207245,0.5519229769706726,0.5048717856407166,0.047051191329956055,76,7,6,0,24,26,6,20,0.5042016806722689,0.009275187738239765,0.019120721146464348,0.07735755294561386,0.016644656658172607,0.007412082515656948,0.033589091151952744,0.06314308196306229,0.02238704450428486,0.06818171590566635,0.2805558443069458,0.0,0.02859932743012905,0.015406624414026737,0.021080706268548965,0.043722838163375854,0.22431592643260956,0.006190161686390638,0.02524145506322384,,0.037776000797748566,54,2.487428571649693,53,0,1,11933.619140625,-0.0885259360074997,0.1261521875858307,-0.03962695598602295,51,-1,0,13,15,17,0.09117404187108369
g4256.t1,G0S1F6,0.9757,56.0,1,319,1.94901360017685,187,38,94,21934.888671875,0.20605206489562988,0.31150567531585693,0.48244231939315796,0.3150503635406494,0.16739197075366974,339,46,6,268,1,25,18,7,0.21316614420062696,0.06544999778270721,0.0073112305253744125,0.061315782368183136,0.004412895999848843,0.0001437429600628093,0.05641569197177887,0.029908625409007072,0.08220966905355453,0.07266916334629059,0.2892073094844818,0.0,0.034166183322668076,0.008304016664624214,0.017995158210396767,0.00784595962613821,0.02584303915500641,0.008090309798717499,0.09647579491138458,0.030293498188257217,0.10194198042154312,1,321,1.944981658022497,189,38,94,21625.3515625,0.2599455714225769,0.24647504091262817,0.4805000126361847,0.23550574481487274,0.24499423801898956,330,41,1,209,-4,20,22,-2,0.19626168224299065,0.11906207352876663,0.001193616189993918,0.05847358703613281,0.004028454422950745,0.0,0.10211800783872604,0.05866602063179016,0.039505936205387115,0.0842403918504715,0.16955861449241638,0.013079400174319744,0.04512610659003258,0.026215335354208946,0.03255520388484001,0.00014580044080503285,0.06594713032245636,0.009250525385141373,0.04490160569548607,0.0,0.12593217194080353,-2,0.0040319421543530964,-2,0,0,309.537109375,-0.05389350652694702,0.06503063440322876,0.0019423067569732666,9,5,5,59,5,9,0.016904461957636313
g16255.t1,G0S6V4,0.9755,53.8,1,133,2.144857704304464,28,12,93,20715.52734375,0.21841119229793549,0.08536121994256973,0.6962275505065918,0.5259143114089966,0.17031319439411163,87,9,1,78,27,28,6,22,0.38345864661654133,0.029658960178494453,0.01012407336384058,0.0048284041695296764,0.06764688342809677,0.010258521884679794,0.0034017523285001516,0.06060704216361046,0.008842556737363338,0.025581154972314835,0.32561030983924866,0.0,0.015525294467806816,0.02538806013762951,0.005437219515442848,0.013953541405498981,0.20030401647090912,0.04641497880220413,0.005762934219092131,0.0,0.14065423607826233,1,131,2.1435903913060126,24,14,93,20415.287109375,0.27764880657196045,0.10438735038042068,0.5870134234428406,0.5198022127151489,0.06721127033233643,86,3,0,17,24,26,5,21,0.3435114503816794,0.0273435115814209,0.015646513551473618,0.030588777735829353,0.0617850199341774,0.02122330293059349,0.0064798700623214245,0.05271586775779724,0.01321269478648901,0.027926627546548843,0.3503943681716919,0.030950399115681648,0.029018640518188477,0.031293030828237534,0.007223255932331085,0.0015444239834323525,0.16940787434577942,0.07913972437381744,0.004238405730575323,0.0,0.03986775875091553,2,0.0012673129984515086,4,-2,0,300.240234375,-0.05923761427402496,-0.019026130437850952,0.10921412706375122,1,6,1,61,3,1,0.039947196234861926
g9582.t1,G0RZW2,0.9754,53.5,1,662,2.455538719520821,225,162,275,30119.490234375,0.21166224777698517,0.25988298654556274,0.48219841718673706,0.3267870843410492,0.15541133284568787,642,84,28,886,-3,28,24,4,0.13897280966767372,0.04606310650706291,0.008884035982191563,0.09702692180871964,0.015077739953994751,0.0,0.04066315293312073,0.019952263683080673,0.04229828715324402,0.0967920646071434,0.171965092420578,0.04625634476542473,0.07792972773313522,0.008881594054400921,0.016182510182261467,0.0034765054006129503,0.1548219472169876,0.013570665381848812,0.023203903809189796,0.007605865132063627,0.10934823006391525,1,1034,4.036156589781941,222,155,657,110401.25,0.37161868810653687,0.2486218810081482,0.3058224320411682,0.24055515229701996,0.06526726484298706,732,109,14,916,17,55,32,23,0.27176015473887816,0.019448773935437202,0.11313775926828384,0.06338327378034592,0.025121958926320076,0.022799765691161156,0.04306731000542641,0.024434106424450874,0.02051558718085289,0.06267523020505905,0.06832940876483917,0.07393708825111389,0.05289585888385773,0.02657068893313408,0.009399534203112125,0.001634545042179525,0.1722257435321808,0.0410345084965229,0.07870132476091385,0.03486908599734306,0.045818496495485306,-372,-1.5806178702611198,3,7,-382,-80281.759765625,-0.1599564403295517,0.01126110553741455,0.17637598514556885,-90,-25,14,-30,-20,-19,-0.13278734507120443
g18246.t1,G0SFL1,0.9747,78.1,1,151,2.024442043339488,36,36,79,22806.216796875,0.25544631481170654,0.16739384829998016,0.5771598219871521,0.4468950033187866,0.13026483356952667,100,8,3,38,9,21,10,11,0.304635761589404,0.060714833438396454,0.045976672321558,0.06391150504350662,0.019757898524403572,0.0,0.03732724487781525,0.08620937913656235,0.029125316068530083,0.03285219520330429,0.1916472464799881,0.0,0.07055679708719254,0.0022636258509010077,0.008272933773696423,0.026162164285779,0.2552477717399597,0.0,0.0004244298324920237,,0.06955000758171082,1,150,2.0452502007701097,31,34,85,22958.0703125,0.219168022274971,0.1566387563943863,0.6241932511329651,0.49546387791633606,0.12872934341430664,108,6,1,20,12,21,7,14,0.2733333333333333,0.04535636305809021,0.05662193149328232,0.058464985340833664,0.02048647776246071,0.0,0.0070238374173641205,0.07474374771118164,0.0019301545107737184,0.034010425209999084,0.10582887381315231,0.0,0.0602751150727272,0.0018270306754857302,0.007790183648467064,0.01714189723134041,0.38963502645492554,0.0,0.035490985959768295,,0.08337298780679703,1,-0.020808157430621588,5,2,-6,-151.853515625,0.036278292536735535,0.010755091905593872,-0.04703342914581299,-8,2,2,18,-3,-3,0.03130242825607066
g10910.t1,G0RXZ8,0.9728,61.8,1,353,2.0973131337787545,97,98,158,24941.53515625,0.21020451188087463,0.0971151813864708,0.6702383756637573,0.4509773850440979,0.21926099061965942,322,27,18,158,-4,27,24,3,0.19830028328611898,0.10738832503557205,0.031441036611795425,0.050486691296100616,0.018628470599651337,0.0,0.0049040489830076694,0.05360740050673485,0.038695402443408966,0.011291055008769035,0.2835428714752197,0.022441957145929337,0.02361469529569149,0.0023256095591932535,0.007179520092904568,0.0139326062053442,0.1674344837665558,0.048811253160238266,0.002401886275038123,0.0,0.11187265068292618,1,338,2.0366090370872563,108,99,131,22518.04296875,0.2182493805885315,0.2546248733997345,0.5271257162094116,0.243172749876976,0.2839529514312744,335,44,3,126,-3,23,24,-1,0.22781065088757396,0.11927869915962219,0.03681781515479088,0.039801158010959625,0.02192293293774128,0.0,0.01949967071413994,0.024295011535286903,0.03933865949511528,0.0919102132320404,0.17132635414600372,0.0,0.023482756689190865,0.002862476510927081,0.02769925631582737,0.02330872230231762,0.07184639573097229,0.034219495952129364,0.04888525605201721,0.038830820471048355,0.16467426717281342,15,0.06070409669149823,-11,-1,27,2423.4921875,-0.00804486870765686,-0.1575096920132637,0.1431126594543457,-13,-17,15,32,-1,4,-0.02951036760145498
g11518.t1,G0S136,0.9715,74.2,1,504,2.747106705455714,140,150,214,39000.6640625,0.17374926805496216,0.16099058091640472,0.6454048156738281,0.5154024362564087,0.13000236451625824,432,44,12,266,12,41,25,16,0.19246031746031747,0.019500738009810448,0.03680943697690964,0.03959749639034271,0.0004963832907378674,0.0005865145358256996,0.03726432844996452,0.034762486815452576,0.022455858066678047,0.032898642122745514,0.4113657474517822,0.019855313003063202,0.03988640755414963,0.024240046739578247,0.03824875131249428,0.0008178747957572341,0.10403674840927124,0.0005791138391941786,0.02609654888510704,0.0,0.11050163954496384,1,460,2.2890988836958286,107,162,191,27707.66796875,0.11223351955413818,0.1893564611673355,0.6888101696968079,0.5339053273200989,0.15490488708019257,413,49,8,196,11,37,24,13,0.15869565217391304,0.06697005778551102,0.0016037452733144164,0.032399166375398636,0.00023289915407076478,0.0,0.02593868598341942,0.03661937266588211,0.05974221229553223,0.020419010892510414,0.4490065276622772,0.009599810466170311,0.04588763788342476,0.0012809453764930367,0.06250572949647903,0.0,0.08489879965782166,0.014158695936203003,0.0008018726366572082,0.0,0.08793483674526215,44,0.4580078217598853,33,-12,23,11292.99609375,0.061515748500823975,-0.028365880250930786,-0.043405354022979736,19,-5,4,70,1,3,0.03376466528640443
g16767.t1,G0SBL1,0.9707,62.1,1,223,1.7528990516506096,70,48,105,20201.171875,0.22680078446865082,0.24234777688980103,0.4808831214904785,0.2900112271308899,0.1908719837665558,186,27,1,217,0,14,12,2,0.2242152466367713,0.038577090948820114,0.01565263420343399,0.034180235117673874,0.03322191163897514,0.0,0.032495640218257904,0.06911008059978485,0.09935421496629715,0.09267158061265945,0.1925048679113388,0.04996822029352188,0.029805874451994896,0.006229108665138483,0.0036735767498612404,0.0007986036944203079,0.0975063145160675,0.03591117635369301,0.016043899580836296,0.0,0.15229490399360657,1,216,1.749689050219476,72,47,97,20791.5,0.34326261281967163,0.2284676730632782,0.4282695949077606,0.22641877830028534,0.20185084640979767,174,24,3,209,-1,12,15,-3,0.22685185185185186,0.07158485800027847,0.08195482939481735,0.05866024270653725,0.012259679846465588,0.0,0.05012502521276474,0.09143027663230896,0.08455227315425873,0.1182793453335762,0.19153517484664917,0.0,0.004034831654280424,0.01722562685608864,0.020825285464525223,0.0007759292493574321,0.03488362208008766,0.028348015621304512,0.0,0.003258902346715331,0.1302659809589386,7,0.003210001431133591,-2,1,8,-590.328125,-0.11646182835102081,0.013880103826522827,0.052613526582717896,12,3,-2,8,1,5,-0.002636605215080551
g7743.t1,G0SH14,0.9695,50.9,1,503,3.887454739699156,171,99,233,58581.94140625,0.16091705858707428,0.3280367851257324,0.5110461115837097,0.2706053555011749,0.24044078588485718,406,61,2,171,-5,55,51,4,0.32803180914512925,0.07604479789733887,0.007604287937283516,0.06591610610485077,0.008812397718429565,0.0,0.026732327416539192,0.02933969534933567,0.059301432222127914,0.09442248195409775,0.2395082712173462,0.0,0.1417854130268097,0.0034148043487221003,0.013824592344462872,0.0028175690677016973,0.031097067520022392,0.0016961010405793786,0.015885312110185623,0.01740134507417679,0.1643960028886795,1,120,1.373256576918762,16,51,53,14091.0146484375,0.08994562178850174,0.434841126203537,0.47383934259414673,0.29338476061820984,0.1804545819759369,109,23,0,52,0,11,5,6,0.31666666666666665,0.07929479330778122,0.0016028528334572911,0.04307865723967552,0.001144894864410162,,0.03032819926738739,0.007624245248734951,0.03214666619896889,0.15705706179141998,0.17869608104228973,0.0013738739071413875,0.1089336946606636,0.0,0.10094338655471802,0.006083245389163494,0.1146886944770813,0.006166771985590458,0.02967708744108677,0.0,0.10115978121757507,383,2.514198162780394,155,48,180,44490.9267578125,0.07097143679857254,-0.10680434107780457,0.03720676898956299,297,38,2,119,-5,-2,0.011365142478462598
g16188.t2,G0SCJ4,0.9693,55.2,1,76,1.1612962467528984,18,26,32,11969.802734375,0.09278129041194916,0.4334450662136078,0.47109857201576233,0.25387972593307495,0.21721884608268738,70,10,0,2,0,9,9,0,0.42105263157894735,0.06764848530292511,0.06439258903265,0.0040433574467897415,0.0,,0.019493307918310165,0.0,0.026923036202788353,0.10811285674571991,0.16026602685451508,0.0026750671677291393,0.0646112933754921,0.004852029494941235,0.1964900642633438,0.0,0.09361370652914047,0.0,0.037307821214199066,,0.14957036077976227,1,77,1.2011608291530043,15,25,37,12474.6142578125,0.2700349986553192,0.15653592348098755,0.5693005323410034,0.30389735102653503,0.2654031813144684,61,10,0,5,-1,11,12,-1,0.44155844155844154,0.11363986134529114,0.06798849254846573,0.013191098347306252,0.0,,0.011380555108189583,0.005168060772120953,,0.0012637608451768756,0.20491795241832733,0.004128546454012394,0.03440031409263611,0.16532328724861145,0.07546330243349075,0.0,0.0989793986082077,0.006983522325754166,0.04540855810046196,,0.15176333487033844,-1,-0.03986458240010582,3,1,-5,-504.8115234375,-0.17725370824337006,0.27690914273262024,-0.09820196032524109,9,0,0,-3,1,1,-0.020505809979494194
g11501.t1,G0RYF5,0.9675,43.8,1,73,1.1535497828751045,15,28,30,12046.9111328125,0.19458751380443573,0.2072584629058838,0.5568488836288452,0.4152238965034485,0.14162495732307434,62,5,0,63,2,11,6,5,0.3561643835616438,0.058894380927085876,0.06111893057823181,0.0,0.0002678318414837122,0.0,0.0,0.04919925704598427,0.04327085614204407,0.0073903934098780155,0.2067050188779831,0.041305165737867355,0.03761773928999901,,0.03300269693136215,0.08597677201032639,0.2085188925266266,0.04114840552210808,,0.04285309091210365,0.08273058384656906,1,236,3.9996017342104278,28,25,183,53559.9140625,0.11113615334033966,0.1329476535320282,0.746542751789093,0.6029819846153259,0.1435607373714447,86,13,0,24,17,64,33,31,0.5042372881355932,0.06348735839128494,0.01731511764228344,0.028050709515810013,0.0005298154428601265,0.0,0.003072332590818405,0.04473423585295677,0.015991833060979843,0.04286196827888489,0.09508629143238068,0.009373437613248825,0.0058982037007808685,0.005223182961344719,0.01700410433113575,0.009549040347337723,0.5078957080841064,0.0029518487863242626,0.04164249449968338,0.009258909150958061,0.08007337898015976,-163,-2.8460519513353235,-13,3,-153,-41513.0029296875,0.08345136046409607,0.07431080937385559,-0.1896938681602478,-24,-8,0,39,-15,-26,-0.1480729045739494
g1082.t1,G0SGY1,0.9663,62.5,1,185,2.5258546201278564,48,43,94,28348.470703125,0.16636575758457184,0.08881130814552307,0.6678089499473572,0.5551813840866089,0.11262751370668411,138,15,8,11,23,31,10,21,0.31891891891891894,0.002452083397656679,0.0,0.045299284160137177,0.021819185465574265,0.0,0.02845432236790657,0.04393208399415016,0.0041277119889855385,0.0037957660388201475,0.3513188362121582,0.07701397687196732,0.01699439249932766,0.021511467173695564,0.02441323734819889,0.02787378802895546,0.20386257767677307,0.005121778231114149,0.011606411077082157,0.00022763459128327668,0.11017542332410812,1,187,2.499279324092844,71,49,67,26096.25,0.18759897351264954,0.22527927160263062,0.5155134797096252,0.41697636246681213,0.09853709489107132,145,11,0,27,20,27,8,19,0.3422459893048128,0.03180139884352684,0.018793314695358276,0.008407535031437874,0.010987067595124245,0.0,0.10002350062131882,0.03393254056572914,0.008967957459390163,0.06536340713500977,0.10858246684074402,0.07160832732915878,0.03609089553356171,0.002720084972679615,0.03870902210474014,0.04052989184856415,0.3083938956260681,0.012734942138195038,0.03561811149120331,0.0,0.06673570722341537,-2,0.026575296035012297,-23,-6,27,2252.220703125,-0.021233215928077698,-0.13646796345710754,0.15229547023773193,-7,4,8,-16,3,2,-0.023327070385893878
g9724.t1,G0SCJ4,0.9659,71.0,1,82,1.2726359941757288,18,25,39,13130.404296875,0.12976957857608795,0.1812882125377655,0.6869857907295227,0.42245781421661377,0.2645280361175537,60,8,0,27,1,12,9,3,0.4024390243902439,0.07109565287828445,0.053021080791950226,0.0039316946640610695,0.008081109263002872,,0.019792158156633377,0.003426213748753071,,0.020194964483380318,0.20495817065238953,0.0019565012771636248,0.06736717373132706,0.027521861717104912,0.07883810251951218,,0.21749961376190186,0.0012174500152468681,0.014887974597513676,0.012778008356690407,0.19343239068984985,1,77,1.2011608291530043,15,25,37,12474.6142578125,0.2700349986553192,0.15653592348098755,0.5693005323410034,0.30389735102653503,0.2654031813144684,61,10,0,5,-1,11,12,-1,0.44155844155844154,0.11363986134529114,0.06798849254846573,0.013191098347306252,0.0,,0.011380555108189583,0.005168060772120953,,0.0012637608451768756,0.20491795241832733,0.004128546454012394,0.03440031409263611,0.16532328724861145,0.07546330243349075,0.0,0.0989793986082077,0.006983522325754166,0.04540855810046196,,0.15176333487033844,5,0.07147516502272455,3,0,2,655.7900390625,-0.14026542007923126,0.024752289056777954,0.11768525838851929,-1,-2,0,22,2,4,-0.03911941716819761
g16310.t1,G0S994,0.9642,47.1,1,435,2.320556812092378,166,89,180,30792.310546875,0.1490073800086975,0.3049319386482239,0.5047375559806824,0.28843241930007935,0.21630510687828064,403,44,11,74,4,24,17,7,0.18620689655172415,0.05485822260379791,0.013621940277516842,0.041468244045972824,0.008592300117015839,0.0,0.016748085618019104,0.04029974713921547,0.02434893697500229,0.15040434896945953,0.20450274646282196,0.04132314398884773,0.048811379820108414,0.004381823353469372,0.021323151886463165,0.03864015266299248,0.08392966538667679,0.014326762408018112,0.021403977647423744,0.009568474255502224,0.16144688427448273,1,419,2.0770442847088875,168,87,164,25288.19921875,0.2285117208957672,0.2520850896835327,0.5072145462036133,0.2635122537612915,0.24370235204696655,408,59,12,70,-2,24,21,3,0.1718377088305489,0.10954070091247559,0.011225097812712193,0.08999157696962357,0.0030621837358921766,0.0,0.022226611152291298,0.06057120859622955,0.08357933908700943,0.07233178615570068,0.21810382604599,0.01218860037624836,0.055636800825595856,0.0022966377437114716,0.02012842707335949,0.0016557738417759538,0.04540840908885002,0.013904509134590626,0.018752964213490486,0.025233900174498558,0.13416165113449097,16,0.2435125273834906,-2,2,16,5504.111328125,-0.0795043408870697,0.05284684896469116,-0.002476990222930908,-5,-15,-1,4,6,4,0.014369187721175236
g9539.t1,G0S1Z0,0.9641,70.7,1,202,1.8343617880113237,107,16,79,21400.287109375,0.2422642707824707,0.2093578577041626,0.5368098616600037,0.4707939624786377,0.06601585447788239,171,16,0,41,17,25,9,16,0.2376237623762376,0.03802243620157242,0.019716648384928703,0.0,0.10553981363773346,0.0,0.04040667414665222,0.06891179084777832,0.063624307513237,0.049073342233896255,0.2071748822927475,0.011568048037588596,0.0010553982574492693,0.003316965652629733,0.037671223282814026,0.007397626992315054,0.263619065284729,0.004372363910079002,0.05053596943616867,0.0,0.027993427589535713,1,212,2.175819348193355,103,16,93,25985.8828125,0.2788473963737488,0.21025419235229492,0.5052434802055359,0.35045695304870605,0.15478649735450745,191,19,2,20,6,22,13,9,0.27358490566037735,0.06451357901096344,0.023873327299952507,0.00558744091540575,0.028558028861880302,0.0,0.04837596043944359,0.0760052502155304,0.027018027380108833,0.04366803914308548,0.12109659612178802,0.005654936656355858,0.023218920454382896,0.0027316375635564327,0.04303891211748123,0.005259848199784756,0.22936037182807922,0.09371575713157654,0.06805043667554855,0.0,0.09027291089296341,-10,-0.34145756018203155,4,0,-14,-4585.595703125,-0.036583125591278076,-0.0008963346481323242,0.03156638145446777,-20,-3,-2,21,11,7,-0.03596114328413974
g17716.t1,G0S464,0.9587,43.9,1,490,2.5769988170073503,158,83,249,33585.7890625,0.33615508675575256,0.25140219926834106,0.39498451352119446,0.270121693611145,0.12486279010772705,485,74,0,701,3,27,25,2,0.17551020408163265,0.05681217089295387,0.0720457062125206,0.0684879869222641,0.003650614060461521,0.0,0.015814118087291718,0.02933381125330925,0.08887247741222382,0.060495421290397644,0.09972955286502838,0.01745818555355072,0.019473189488053322,0.07326982170343399,0.029904361814260483,0.012294313870370388,0.17039214074611664,0.06019948795437813,0.040362417697906494,0.013353561982512474,0.06805063039064407,1,583,2.6694025651598903,193,82,308,34671.203125,0.29844918847084045,0.2359338402748108,0.43683546781539917,0.2985939383506775,0.13824152946472168,541,69,12,731,-4,28,29,-1,0.16295025728987994,0.06706704944372177,0.05408315733075142,0.07653338462114334,0.03322287276387215,9.425053576705977e-05,0.01726696267724037,0.011514821089804173,0.07257847487926483,0.03579431027173996,0.15544073283672333,0.02878139168024063,0.014717658050358295,0.029235800728201866,0.04976386949419975,0.01625148393213749,0.14315320551395416,0.0764060840010643,0.046733807772397995,0.00018612254643812776,0.07117447257041931,-93,-0.09240374815253993,-35,1,-59,-1085.4140625,0.03770589828491211,0.015468358993530273,-0.04185095429420471,-56,5,-12,-30,7,3,0.012559946791752707
g10348.t1,G0SA54,0.9577,39.2,1,457,2.322175997576103,202,80,175,31105.2734375,0.2136250138282776,0.19624723494052887,0.5576193332672119,0.2898883521556854,0.2677309513092041,440,57,62,404,-17,28,33,-5,0.16630196936542668,0.06265775859355927,0.009128228761255741,0.04921020194888115,0.01140555739402771,0.0,0.031146368011832237,0.026599738746881485,0.0805250033736229,0.020630866289138794,0.22965434193611145,0.03250839188694954,0.024873562157154083,0.06541140377521515,0.015075655654072762,0.02709617279469967,0.06023404002189636,0.012343854643404484,0.02804596908390522,0.008379648439586163,0.20507319271564484,1,447,2.140163704166798,218,83,146,27151.80859375,0.1277005523443222,0.24178817868232727,0.5979856252670288,0.22407302260398865,0.37391260266304016,418,48,8,442,-24,23,32,-9,0.1610738255033557,0.11197908222675323,0.0022578376810997725,0.013068982400000095,0.0,0.0016849306412041187,0.019504588097333908,0.04068714380264282,0.0734727680683136,0.04599864035844803,0.11532678455114365,0.03252556174993515,0.021856874227523804,0.04244217276573181,0.031018422916531563,0.003715979168191552,0.10874621570110321,0.0022578376810997725,0.06404055655002594,0.0074819945730268955,0.2619335353374481,10,0.18201229340930514,-16,-3,29,3953.46484375,0.08592446148395538,-0.0455409437417984,-0.040366291999816895,22,9,54,-38,7,4,0.005228143862070989
g10690.t1,G0S0E5,0.9577,41.1,1,187,2.1213994932845908,39,81,67,21746.30859375,0.17932699620723724,0.06933891773223877,0.7138857245445251,0.606195330619812,0.10769044607877731,137,20,1,45,20,32,7,25,0.2620320855614973,0.04559096321463585,0.014085204340517521,0.036586564034223557,0.019585121423006058,0.0,0.007576662115752697,0.05657052993774414,0.007858047261834145,0.04336528480052948,0.3343316614627838,0.03744833916425705,0.002626724075525999,0.0016320934519171715,0.011864127591252327,0.0,0.2718636393547058,0.01394698116928339,0.0036247367970645428,0.029343824833631516,0.06209946796298027,1,229,2.2620310087094593,39,86,104,24421.81640625,0.12416650354862213,0.1443929374217987,0.6931190490722656,0.5650913715362549,0.12802769243717194,159,23,1,18,14,31,12,19,0.27510917030567683,0.035516008734703064,0.0060773990117013454,0.017207562923431396,0.012812372297048569,0.0,0.03764919936656952,0.04026199132204056,0.06930190324783325,0.019270706921815872,0.29361772537231445,0.03832149878144264,0.020525971427559853,0.0031557565089315176,0.005524832755327225,0.006728535983711481,0.27147361636161804,0.007002220489084721,0.02304098755121231,,0.09251169115304947,-42,-0.14063151542486851,0,-5,-37,-2675.5078125,0.05516049265861511,-0.07505401968955994,0.02076667547225952,-22,-3,0,27,6,6,-0.013077084744179512
g16599.t1,G0SEI0,0.955,62.9,1,111,1.370954604937526,55,20,36,14863.111328125,0.23938480019569397,0.23204532265663147,0.5285698771476746,0.47354772686958313,0.05502215027809143,104,7,3,49,11,17,5,12,0.24324324324324326,0.04121357575058937,0.05492229387164116,0.005210020113736391,0.02018882893025875,0.0,0.027786774560809135,0.12042268365621567,0.01138492114841938,0.06962050497531891,0.34518125653266907,0.0,0.0036904311273247004,0.010854208841919899,0.001060674898326397,0.11401324719190598,0.12836645543575287,0.0,0.032275572419166565,,0.013808570802211761,1,108,1.3882175639526557,50,19,39,15184.6806640625,0.37006884813308716,0.15416228771209717,0.475556343793869,0.4101967215538025,0.06535962969064713,84,6,1,24,8,15,4,11,0.28703703703703703,0.0607866495847702,0.1084694042801857,0.04780955985188484,0.022311128675937653,0.0,0.019717684015631676,0.16156171262264252,0.004033210687339306,0.07885723561048508,0.3076789379119873,0.00021248693519737571,0.01508657168596983,0.01019937265664339,0.0016611403552815318,0.0385543629527092,0.10251778364181519,0.0,0.015969764441251755,,0.004572981037199497,3,-0.017262959015129642,5,1,-3,-321.5693359375,-0.1306840479373932,0.0778830349445343,0.05301353335380554,20,1,2,25,3,1,-0.04379379379379378
g2272.t1,G0S4Q2,0.9537,54.0,1,146,1.7195007224562324,71,0,75,18389.125,0.19686245918273926,0.12252200394868851,0.6656394600868225,0.4387543201446533,0.2268851399421692,123,18,37,129,11,20,13,7,0.3013698630136986,0.01200614869594574,0.011931244283914566,0.04281210899353027,0.018247785046696663,0.0,0.014036757871508598,0.0515785738825798,0.037290532141923904,0.03373606503009796,0.2944490313529968,0.014976066537201405,0.009705724194645882,0.050360314548015594,0.03509477898478508,0.0010287555633112788,0.1443052887916565,0.007895676419138908,0.005666156765073538,0.0,0.21487900614738464,1,148,1.7340243111809932,72,0,76,18569.03515625,0.15985159575939178,0.2947964370250702,0.5444831848144531,0.3132810890674591,0.2312021106481552,110,1,36,147,6,16,12,4,0.28378378378378377,0.14375612139701843,0.005386544391512871,0.05212784931063652,0.02391146495938301,0.0,0.034656822681427,0.005609156098216772,0.108318030834198,0.13839566707611084,0.293485164642334,0.0008687974768690765,0.01213885098695755,0.038159746676683426,0.0,0.0013623457634821534,0.01979592628777027,0.0,0.03458155691623688,0.0,0.08744599670171738,-2,-0.014523588724760783,-1,0,-1,-179.91015625,0.03701086342334747,-0.17227443307638168,0.12115627527236938,13,17,1,-18,5,3,0.01758607922991484
g5966.t1,G0SBN0,0.9536,66.0,1,250,2.0607518638818925,206,0,44,24794.93359375,0.11648157984018326,0.26064392924308777,0.6228744387626648,0.26398032903671265,0.35889410972595215,269,45,0,271,-12,18,25,-7,0.236,0.12145798653364182,0.0051784696988761425,0.010469267144799232,0.013143054209649563,0.0,0.03115091845393181,0.05614948272705078,0.05532991141080856,0.09013631194829941,0.22220511734485626,0.0,0.06675466895103455,0.00026025850092992187,0.00814177468419075,0.026775330305099487,0.04177522659301758,0.00013012925046496093,0.013505926355719566,0.0,0.23743614554405212,1,269,2.064320982215933,211,0,58,25002.826171875,0.0996311753988266,0.29609042406082153,0.5772285461425781,0.2595507502555847,0.3176777958869934,273,44,1,234,-16,19,27,-8,0.22304832713754646,0.06887990236282349,0.004258559551090002,0.02116040512919426,0.00825902447104454,0.0,0.035745684057474136,0.02904607728123665,0.06813712418079376,0.12274263799190521,0.20079433917999268,0.027049824595451355,0.011614253744482994,0.0011614253744482994,0.016329756006598473,0.014795495197176933,0.05875641480088234,0.0,0.06247115507721901,0.0,0.24879789352416992,-19,-0.0035691183340404997,-5,0,-14,-207.892578125,0.01685040444135666,-0.035446494817733765,0.04564589262008667,-4,1,-1,37,4,1,0.012951672862453523
g1831.t2,G0S9I5,0.952,34.6,1,464,2.340615807481516,228,83,153,32746.9609375,0.16194161772727966,0.3193812072277069,0.5047740340232849,0.2172977477312088,0.2874763011932373,430,54,37,380,-23,24,34,-10,0.17025862068965517,0.09359666705131531,0.018819160759449005,0.021864594891667366,0.005517659708857536,0.0014955726219341159,0.016053592786192894,0.024183576926589012,0.12444239854812622,0.09749510884284973,0.11409833282232285,0.01390314381569624,0.03688766062259674,0.03400364890694618,0.022558551281690598,0.003562482539564371,0.10319939255714417,0.034704580903053284,0.03293941915035248,0.006794797722250223,0.193879634141922,1,466,2.1881761186020583,214,80,172,27303.4609375,0.11244664341211319,0.18523019552230835,0.6496529579162598,0.31824761629104614,0.33140531182289124,438,54,4,411,-9,27,28,-1,0.1459227467811159,0.14202149212360382,0.028772374615073204,0.021614978089928627,0.0,0.0,0.005282784346491098,0.03280884027481079,0.019214706495404243,0.0582914762198925,0.15059253573417664,0.05267032980918884,0.03023012913763523,0.014535344205796719,0.032971255481243134,0.02707911655306816,0.1676550805568695,0.00943232886493206,0.01744350977241993,0.0,0.18938378989696503,-2,0.1524396888794577,14,3,-19,5443.5,0.04949497431516647,0.13415101170539856,-0.14487892389297485,-8,0,33,-31,-14,-9,0.02433587390853928
g8272.t1,G0S7P1,0.9511,36.7,1,105,1.2689113732412907,42,29,34,12866.880859375,0.22228989005088806,0.17020253837108612,0.606504499912262,0.36402755975723267,0.24247688055038452,94,11,1,102,-2,14,12,2,0.3523809523809524,0.014024828560650349,0.0,0.0599096454679966,0.005636072717607021,0.0,0.013671944849193096,0.06749023497104645,0.04145314171910286,0.015299538150429726,0.36402755975723267,0.0010030546691268682,0.0944204181432724,0.031094692647457123,0.01902945339679718,0.0,,0.0,0.0,0.04448729380965233,0.22845207154750824,1,109,1.2802818128911757,42,28,39,12797.921875,0.23178556561470032,0.23150843381881714,0.5364587306976318,0.23764188587665558,0.29881682991981506,96,4,1,108,-4,10,13,-3,0.3211009174311927,0.06878892332315445,0.002521148417145014,0.11698129028081894,0.0,0.0,0.031823158264160156,0.0245487280189991,0.0030109949875622988,0.1373557299375534,0.11736144870519638,0.00024732042220421135,0.02280450239777565,0.0,0.00958036445081234,0.0017245692433789372,0.120280422270298,0.010404893197119236,0.057032275944948196,0.04550633579492569,0.2300279289484024,-4,-0.011370439649885045,0,1,-5,68.958984375,-0.009495675563812256,-0.06130589544773102,0.07004576921463013,-2,7,0,-6,2,5,0.03128003494975973
g8504.t2,G0RYC9,0.9496,70.2,1,698,4.143144801139897,290,111,297,55399.51953125,0.1499190330505371,0.20841966569423676,0.6033775210380554,0.3727097809314728,0.23066772520542145,603,70,0,205,-1,56,50,6,0.19627507163323782,0.027292149141430855,0.023468632251024246,0.02660437487065792,0.038364432752132416,0.0014156568795442581,0.020565493032336235,0.012950246222317219,0.05527980625629425,0.04603957384824753,0.23320883512496948,0.0382838137447834,0.044258393347263336,0.01729769818484783,0.009747013449668884,0.011336428113281727,0.1395009458065033,0.00996926799416542,0.040342800319194794,0.0006988969398662448,0.20337557792663574,1,524,2.9825987559449434,187,104,233,43460.72265625,0.3425460457801819,0.16849970817565918,0.48410895466804504,0.2849750220775604,0.19913387298583984,449,47,0,134,-11,31,32,-1,0.21183206106870228,0.0712456926703453,0.03501274809241295,0.0252333115786314,0.04776833951473236,0.0,0.09401807934045792,0.0358780138194561,0.023173026740550995,0.05775406211614609,0.10412292182445526,0.004845414776355028,0.026938684284687042,0.07393462210893631,0.019103651866316795,0.003556541632860899,0.18085213005542755,0.030700908973813057,0.037973735481500626,,0.12788817286491394,174,1.1605460451949536,103,7,64,11938.796875,-0.19262701272964478,0.039919957518577576,0.11926856637001038,154,23,0,71,10,7,-0.015556989435464463
g11062.t1,G0RXX3,0.9488,60.3,1,419,2.361187925480142,179,79,161,28696.703125,0.17723339796066284,0.31956005096435547,0.5020822286605835,0.2935865819454193,0.2084956169128418,384,49,4,485,-10,22,26,-4,0.19809069212410502,0.08985062688589096,0.02717622183263302,0.046243518590927124,0.04061472415924072,0.0,0.00966950599104166,0.01243675872683525,0.06624173372983932,0.04978441819548607,0.17177604138851166,0.0011243614135310054,0.05519191175699234,0.0002248722594231367,0.03734462335705757,0.03503473475575447,0.12181055545806885,0.038843944668769836,0.07596263289451599,0.0020238503348082304,0.11864497512578964,1,438,2.371577231175493,186,82,170,29516.365234375,0.22425690293312073,0.2995683252811432,0.4482586681842804,0.32860067486763,0.11965800821781158,398,56,1,479,-2,23,17,6,0.1872146118721461,0.06759101897478104,0.025643883273005486,0.06603765487670898,0.014866677112877369,0.0,0.056029606610536575,0.04418887570500374,0.004059221595525742,0.03501087427139282,0.1078985184431076,0.027916088700294495,0.06802353262901306,0.005684318020939827,0.07983891665935516,0.01673644594848156,0.2207021415233612,0.011805891059339046,0.09589933604001999,0.0,0.05206698924303055,-19,-0.010389305695350792,-7,-3,-9,-819.662109375,-0.047023504972457886,0.01999172568321228,0.0538235604763031,-14,-7,3,6,-8,-10,0.010876080251958908
g8749.t1,G0SCS0,0.9476,64.5,1,172,1.4744341612294183,23,56,93,15771.875,0.20759722590446472,0.13824602961540222,0.6541568040847778,0.49790364503860474,0.1562531292438507,164,21,6,144,4,22,10,12,0.2441860465116279,0.07318239659070969,0.0256040021777153,0.05049761012196541,0.029203053563833237,0.0,0.005932702217251062,0.07314082235097885,0.08258930593729019,0.0,0.35924601554870605,0.0,0.0179047379642725,0.004091519396752119,0.023813478648662567,0.003445143112912774,0.1386576145887375,0.004807214718312025,0.010493364185094833,0.014320316724479198,0.08307071775197983,1,165,1.5488063409016224,23,34,108,16722.87109375,0.22391322255134583,0.16737885773181915,0.5224751830101013,0.34967151284217834,0.17280367016792297,136,16,19,171,1,17,11,6,0.296969696969697,0.06240025907754898,0.027616512030363083,0.0543832890689373,0.0011312600690871477,0.0,0.011878229677677155,0.11069759726524353,0.08719532936811447,0.012870561331510544,0.26134222745895386,0.08623271435499191,0.02911226637661457,0.012927121482789516,0.02717723697423935,0.011023489758372307,0.08832922577857971,0.005279213655740023,0.0,,0.11040342599153519,7,-0.07437217967220411,0,22,-15,-950.99609375,-0.016315996646881104,-0.02913282811641693,0.1316816210746765,28,5,-13,-27,3,6,-0.0527836504580691
g13230.t1,G0S916,0.944,64.6,1,665,3.177007303403427,254,171,240,46123.33984375,0.17832255363464355,0.23652715981006622,0.5555390119552612,0.29561930894851685,0.2599197030067444,600,88,0,273,-16,46,50,-4,0.18345864661654135,0.0540936179459095,0.022174056619405746,0.03527291864156723,0.014130856841802597,0.0,0.02461928315460682,0.03142022341489792,0.05504898354411125,0.04456355422735214,0.21221081912517548,0.029611261561512947,0.03107178583741188,0.011122804135084152,0.05092325806617737,0.027342576533555984,0.08340846747159958,0.019727235659956932,0.02757701836526394,0.01985517330467701,0.20582608878612518,1,664,3.3301827120661622,272,171,221,51452.3828125,0.2312610000371933,0.21782329678535461,0.5405676364898682,0.26221343874931335,0.2783541977405548,611,67,0,261,-23,46,50,-4,0.2213855421686747,0.08160758018493652,0.06721305847167969,0.026096906512975693,0.0070234485901892185,0.0,0.02186841145157814,0.03802403807640076,0.01881827600300312,0.0723821297287941,0.17617715895175934,0.010347999632358551,0.020897354930639267,0.04446094110608101,0.049356866627931595,0.01391231082379818,0.08603629469871521,0.015864040702581406,0.04245636984705925,0.010710183531045914,0.1967465728521347,1,-0.15317540866273527,-18,0,19,-5329.04296875,-0.052938446402549744,0.01870386302471161,0.014971375465393066,-11,21,0,12,7,0,-0.037926895552133355
g14422.t1,G0SHG7,0.9437,62.9,1,377,3.4141311346407037,93,68,216,45103.453125,0.2616634666919708,0.3145035207271576,0.4116315543651581,0.2699763774871826,0.14165516197681427,221,26,18,155,14,31,23,8,0.29973474801061006,0.04272725060582161,0.03905896469950676,0.1117972582578659,0.016954166814684868,0.0,0.015881117433309555,0.035344839096069336,0.08176255971193314,0.11671103537082672,0.14651338756084442,0.012201462872326374,0.05213131755590439,0.019170168787240982,0.018805289641022682,0.004139111377298832,0.12346299737691879,0.013089560903608799,0.04095418378710747,0.010367360897362232,0.09892790764570236,1,330,2.9736406967564935,100,46,184,41134.1328125,0.32610297203063965,0.20449452102184296,0.4163472354412079,0.30497413873672485,0.11137308925390244,218,25,18,85,2,25,18,7,0.29393939393939394,0.04884835332632065,0.1730593591928482,0.0723213404417038,0.003294464433565736,0.0,0.013707264326512814,0.04552256688475609,0.012135826051235199,0.02051989920437336,0.09569741040468216,0.05305531993508339,0.05882158502936363,0.016001684591174126,0.007587235886603594,0.014972290955483913,0.2092767357826233,0.002196309622377157,0.09045769274234772,0.0,0.06252472847700119,47,0.4404904378842103,-7,22,32,3969.3203125,-0.06443950533866882,0.11000899970531464,-0.004715681076049805,3,1,0,70,12,1,0.005795354071216119
g5143.t1,G0S9B5,0.9434,54.3,1,157,2.3393191713766366,52,7,98,24988.287109375,0.18236006796360016,0.1605941653251648,0.6408818364143372,0.5511572360992432,0.08972473442554474,95,3,2,32,37,31,5,26,0.3503184713375796,0.05224675312638283,0.03814367577433586,0.020401330664753914,0.01871979609131813,0.0,0.0,0.08211150020360947,0.051380399614572525,0.0073457565158605576,0.16765981912612915,0.01616382971405983,0.025374876335263252,0.01032978855073452,0.01907440461218357,0.027002613991498947,0.38349735736846924,0.012653988786041737,0.030416131019592285,,0.037477973848581314,1,213,3.236945124692031,64,28,121,35838.8125,0.3179962635040283,0.13376101851463318,0.5299243330955505,0.4111553132534027,0.11876902729272842,122,9,0,6,33,35,10,25,0.38028169014084506,0.0364144891500473,0.08682060241699219,0.04006689414381981,0.03298536315560341,0.009672969579696655,0.03363963961601257,0.060462284833192825,0.03640611469745636,0.020833689719438553,0.13133378326892853,0.01831834763288498,0.0031510284170508385,0.03978888317942619,0.014563670381903648,0.01928568445146084,0.27982157468795776,0.01997111365199089,0.02984785847365856,0.004261487629264593,0.08235454559326172,-56,-0.8976259533153943,-12,-21,-23,-10850.525390625,-0.13563619554042816,0.026833146810531616,0.11095750331878662,-27,-6,2,26,4,1,-0.029963218803265468
g10982.t1,G0SDY5,0.9431,47.9,1,271,2.34154070971633,115,92,64,27625.74609375,0.20187003910541534,0.2526140511035919,0.5339963436126709,0.33857014775276184,0.19542621076107025,257,32,3,146,-8,23,20,3,0.25092250922509224,0.07501146197319031,0.07216023653745651,0.04015614464879036,0.006540514063090086,0.0,0.0330449678003788,0.0345672182738781,0.10365559905767441,0.08374878019094467,0.23240059614181519,0.01151957269757986,0.02322850562632084,0.005138975568115711,0.01614394411444664,0.012475020252168179,0.10616955906152725,0.010261975228786469,0.013362182304263115,0.0,0.12041474878787994,1,286,2.3226737317064807,114,91,81,27515.857421875,0.2953384518623352,0.18384231626987457,0.5169808268547058,0.31149178743362427,0.20548903942108154,273,38,1,139,-13,23,26,-3,0.2517482517482518,0.09579358994960785,0.08247444778680801,0.04868447408080101,0.009002389386296272,0.0,0.06146061420440674,0.08586001396179199,0.020103899762034416,0.03552355617284775,0.0438503623008728,0.0038384050130844116,0.023912925273180008,0.0,0.04857596755027771,0.001718819374218583,0.26764142513275146,0.007856509648263454,0.0540071539580822,0.0,0.1096954271197319,-15,0.018866978009849156,1,1,-17,109.888671875,-0.09346841275691986,0.06877173483371735,0.017015516757965088,-16,-6,2,7,5,6,-0.0008257425231595339
g16267.t1,G0SBN0,0.943,45.4,1,252,2.1023504495445673,194,0,58,25359.919921875,0.17223870754241943,0.18367153406143188,0.6337569952011108,0.34155330061912537,0.29220372438430786,259,32,3,216,-13,21,28,-7,0.23809523809523808,0.18587589263916016,0.022250773385167122,0.029722142964601517,0.021067991852760315,0.00038656816468574107,0.019503522664308548,0.05666562542319298,0.035351116210222244,0.0373777411878109,0.30892449617385864,0.010332709178328514,0.0334872342646122,0.008524419739842415,0.008518218994140625,0.027280369773507118,0.032628804445266724,0.014504236169159412,0.04127028211951256,0.0,0.10632781684398651,1,269,2.064320982215933,211,0,58,25002.826171875,0.0996311753988266,0.29609042406082153,0.5772285461425781,0.2595507502555847,0.3176777958869934,273,44,1,234,-16,19,27,-8,0.22304832713754646,0.06887990236282349,0.004258559551090002,0.02116040512919426,0.00825902447104454,0.0,0.035745684057474136,0.02904607728123665,0.06813712418079376,0.12274263799190521,0.20079433917999268,0.027049824595451355,0.011614253744482994,0.0011614253744482994,0.016329756006598473,0.014795495197176933,0.05875641480088234,0.0,0.06247115507721901,0.0,0.24879789352416992,-17,0.038029467328634325,-17,0,0,357.09375,0.07260753214359283,-0.11241888999938965,0.056528449058532715,-14,-12,2,-18,3,1,0.015046910957691617
g15457.t1,G0S6Y7,0.9427,47.2,1,113,1.4592481058269784,12,59,42,15725.140625,0.2946751117706299,0.23829509317874908,0.45361554622650146,0.31156373023986816,0.1420518457889557,84,12,10,55,6,13,8,5,0.2831858407079646,0.014837447553873062,0.0,0.030572406947612762,0.04558761417865753,0.0012030362850055099,0.011476267129182816,0.09496618062257767,0.025867611169815063,0.12827986478805542,0.1142096146941185,0.013414262793958187,0.0065658860839903355,0.03652273863554001,0.013720009475946426,0.015948213636875153,0.19735410809516907,0.017183994874358177,0.046710483729839325,0.05836592987179756,0.12721438705921173,1,110,1.4073641881250614,12,60,38,14862.751953125,0.18518489599227905,0.3737688362598419,0.4315570890903473,0.2889939844608307,0.1425630897283554,79,9,10,55,2,12,6,6,0.32727272727272727,0.02906319499015808,0.04971348121762276,0.002387983724474907,0.030149323865771294,0.008989295922219753,0.0,0.10293412208557129,0.11210557818412781,0.034255534410476685,0.0998680591583252,0.00948921125382185,0.0660736933350563,0.0,0.018816808238625526,0.07514418661594391,0.1891259253025055,0.0,0.0583837553858757,0.0,0.11349991708993912,3,0.051883917701917026,0,-1,4,862.388671875,0.10949021577835083,-0.13547374308109283,0.022058457136154175,5,3,0,0,4,-1,-0.04408688656476267
g15161.t1,G0S6Y2,0.9427,68.8,1,833,3.8714640830682376,327,138,368,69203.5859375,0.21048109233379364,0.2842336595058441,0.5052852630615234,0.25953903794288635,0.24574624001979828,674,89,12,297,-15,59,55,4,0.19447779111644659,0.11414264142513275,0.022167500108480453,0.04584807902574539,0.03321496397256851,0.0,0.005993233527988195,0.06091863662004471,0.03385915607213974,0.15584951639175415,0.1379421353340149,0.0,0.018935419619083405,0.029283961281180382,0.016382284462451935,0.027139006182551384,0.12159688770771027,0.0025176946073770523,0.032068248838186264,0.01053701713681221,0.13160359859466553,1,819,3.6355702073776306,328,134,357,57772.9296875,0.22886642813682556,0.23046116530895233,0.5348055958747864,0.23465479910373688,0.3001507818698883,672,79,5,277,-28,51,61,-10,0.18192918192918192,0.15908442437648773,0.01646137610077858,0.007700761780142784,0.03598389774560928,0.0,0.04655042663216591,0.0811871662735939,0.06246185302734375,0.032779231667518616,0.12461758404970169,0.005866864696145058,0.04859575256705284,0.02880777046084404,0.023709159344434738,0.025327546522021294,0.11003724485635757,0.012175029143691063,0.037587642669677734,0.0,0.14106635749340057,14,0.23589387569060705,-1,4,11,11430.65625,-0.01838533580303192,0.053772494196891785,-0.02952033281326294,2,10,7,20,13,14,0.012548609187264664
g836.t1,G0SCF8,0.9421,52.4,1,438,2.5190672629591004,174,77,187,30274.5,0.16245809197425842,0.3455755412578583,0.4752095937728882,0.24195976555347443,0.23324981331825256,386,38,15,240,-7,23,27,-4,0.18493150684931506,0.08544393628835678,0.01065487414598465,0.04155506566166878,0.012149705551564693,0.001822694088332355,0.013215471059083939,0.037489280104637146,0.10656026005744934,0.06344995647668839,0.18563425540924072,0.016756786033511162,0.04964691027998924,0.008172363042831421,0.006444052793085575,0.03544485941529274,0.056325528770685196,0.026714222505688667,0.08220678567886353,0.012507101520895958,0.14780586957931519,1,438,2.527943539342995,173,75,190,29690.78515625,0.2015293836593628,0.3150981366634369,0.4830464720726013,0.2433130294084549,0.23973345756530762,379,46,24,253,-7,26,28,-2,0.182648401826484,0.1108202338218689,0.0016275969101116061,0.06084834039211273,0.028516223654150963,0.003159809857606888,0.019150644540786743,0.04559529200196266,0.06395585089921951,0.1096552312374115,0.15344326198101044,0.00032601490966044366,0.03166984021663666,0.010541148483753204,0.01983247511088848,0.042947690933942795,0.08986974507570267,0.01744658313691616,0.04387719929218292,0.017803547903895378,0.12891322374343872,0,-0.008876276383894766,1,2,-3,583.71484375,-0.03907129168510437,0.030477404594421387,-0.007836878299713135,7,-8,-9,-13,0,-2,0.00228310502283105
g11288.t1,G0S0L9,0.9421,37.3,1,148,1.6435495604508368,46,43,59,18673.5625,0.25120216608047485,0.37346258759498596,0.369633287191391,0.1989503800868988,0.1706829071044922,131,25,0,103,0,13,14,-1,0.30405405405405406,0.06958544254302979,0.08731590956449509,0.03818589076399803,0.0,,0.015793969854712486,0.09604458510875702,0.1587366759777069,0.08586383610963821,0.1522035002708435,0.005701966118067503,0.013661438599228859,0.0046652453020215034,0.013198227621614933,0.04173007234930992,0.046746861189603806,0.009196554310619831,0.06027233228087425,0.0,0.10109744966030121,1,336,2.7726359234513476,103,61,172,31765.0703125,0.21592329442501068,0.15912692248821259,0.5441895723342896,0.42808571457862854,0.11610386520624161,214,15,10,106,8,27,16,11,0.2261904761904762,0.03798661381006241,0.019853178411722183,0.04398209974169731,0.016759922727942467,0.0,0.024987205862998962,0.039619337767362595,0.019319750368595123,0.038520216941833496,0.18279929459095,0.08076027035713196,0.05298134312033653,0.02651114948093891,0.02443932183086872,0.012308181263506413,0.24528640508651733,0.04410883039236069,0.011558105237782001,0.00010157529322896153,0.0781172588467598,-188,-1.1290863630005108,-57,-18,-113,-13091.5078125,0.03527887165546417,0.21433566510677338,-0.17455628514289856,-83,10,-10,-3,-8,-12,0.07786357786357787
g11355.t1,G0SAT5,0.9391,52.0,1,220,1.9654968528649903,71,52,97,21077.068359375,0.1808115839958191,0.2630024552345276,0.5548344254493713,0.38975587487220764,0.1650785505771637,198,26,3,112,3,21,14,7,0.24545454545454545,0.11149974912405014,0.0024493320379406214,0.08545439690351486,0.0,0.0071318200789391994,0.013777492567896843,0.07759951055049896,0.06796625256538391,0.06190674751996994,0.3454539477825165,0.0013515488244593143,0.05743618682026863,0.0,0.004129758104681969,0.041010912507772446,0.04430197551846504,0.001530832494609058,0.023420779034495354,0.0,0.05357879400253296,1,225,2.00462464431287,68,53,104,21901.0390625,0.21008515357971191,0.18573378026485443,0.603024959564209,0.3239932656288147,0.2790317237377167,215,28,0,136,-5,21,17,4,0.24,0.15529179573059082,0.0027991540264338255,0.06715571880340576,0.03086412325501442,0.0,0.007771219592541456,0.08415818959474564,0.025063984096050262,0.02292611077427864,0.27204251289367676,0.0011561779538169503,0.0677076056599617,0.0,0.010332362726330757,0.04161020740866661,0.05195072665810585,0.017336733639240265,0.01809350773692131,0.0,0.12373993545770645,-5,-0.03912779144787959,3,-1,-7,-823.970703125,-0.029273569583892822,0.07726867496967316,-0.048190534114837646,-17,-2,3,-24,8,3,0.005454545454545462
g7573.t1,G0SEG2,0.9376,60.6,1,224,2.3156935645587446,90,31,103,28181.84765625,0.2388809472322464,0.19548720121383667,0.5534380078315735,0.35842254757881165,0.19501544535160065,178,23,1,136,17,26,15,11,0.27232142857142855,0.06146948039531708,0.0017926907166838646,0.04024835675954819,0.03788546472787857,0.007536967284977436,0.04516928270459175,0.05808843672275543,0.0638958066701889,0.024010302498936653,0.2237412929534912,0.012193845584988594,0.01507094781845808,0.03246041014790535,0.010480896569788456,0.05140846222639084,0.13468128442764282,0.023236295208334923,0.023083828389644623,,0.13354596495628357,1,304,2.6409868844443793,139,35,130,33251.09765625,0.11276799440383911,0.15198053419589996,0.7203965783119202,0.2554275393486023,0.4649689793586731,251,26,0,202,5,30,35,-5,0.23684210526315788,0.11806884407997131,0.009209549985826015,0.009024328552186489,0.013002796098589897,,0.012014738284051418,0.0485568530857563,0.043975912034511566,0.02777325175702572,0.14261579513549805,0.014854934066534042,0.005795599892735481,0.014652401208877563,0.002037751255556941,0.04863430932164192,0.11281177401542664,0.006307325791567564,0.02376370131969452,0.0,0.3469001054763794,-80,-0.3252933198856347,-49,-4,-27,-5069.25,0.1261129528284073,0.04350666701793671,-0.16695857048034668,-73,-3,1,-66,12,16,0.035479323308270666
g13230.t2,G0S916,0.9355,64.5,1,664,3.112250189716827,257,172,235,43306.078125,0.14197281002998352,0.23163534700870514,0.5955191254615784,0.31732073426246643,0.2781984508037567,610,91,0,275,-16,46,44,2,0.17620481927710843,0.05534714087843895,0.011394263245165348,0.04040049761533737,0.006630999967455864,0.0,0.02624952606856823,0.029208898544311523,0.050241317600011826,0.04241646081209183,0.2151007056236267,0.030872728675603867,0.02919507771730423,0.006705505773425102,0.047905333340168,0.03483595326542854,0.10222001373767853,0.00886616948992014,0.027041207998991013,0.012516943737864494,0.22285126149654388,1,664,3.3301827120661622,272,171,221,51452.3828125,0.2312610000371933,0.21782329678535461,0.5405676364898682,0.26221343874931335,0.2783541977405548,611,67,0,261,-23,46,50,-4,0.2213855421686747,0.08160758018493652,0.06721305847167969,0.026096906512975693,0.0070234485901892185,0.0,0.02186841145157814,0.03802403807640076,0.01881827600300312,0.0723821297287941,0.17617715895175934,0.010347999632358551,0.020897354930639267,0.04446094110608101,0.049356866627931595,0.01391231082379818,0.08603629469871521,0.015864040702581406,0.04245636984705925,0.010710183531045914,0.1967465728521347,0,-0.21793252234933513,-15,1,14,-8146.3046875,-0.08928819000720978,0.013812050223350525,0.054951488971710205,-1,24,0,14,7,6,-0.04518072289156627
g4920.t2,G0SE70,0.934,52.3,1,375,2.1765045700415944,164,74,137,25467.02734375,0.22058700025081635,0.2903071641921997,0.45907530188560486,0.1551227569580078,0.30395254492759705,357,44,1,194,-12,15,24,-9,0.18933333333333333,0.10433798283338547,0.008347430266439915,0.022467952221632004,0.0013936455361545086,0.0,0.045396074652671814,0.07227201014757156,0.008434658870100975,0.10629723966121674,0.09852875769138336,0.030030544847249985,0.08734250068664551,0.002407205756753683,0.04467226564884186,0.011790509335696697,0.05659398436546326,0.06830267608165741,0.03176998347043991,0.0,0.19961456954479218,1,367,2.173999321537859,174,65,128,25863.640625,0.16810238361358643,0.14611783623695374,0.6537216901779175,0.3684365451335907,0.2852851450443268,327,36,1,201,-6,23,23,0,0.17983651226158037,0.133013054728508,0.06000581011176109,0.016716793179512024,0.0007314482936635613,0.0,0.03472868353128433,0.028230346739292145,0.026649076491594315,0.027269024401903152,0.23864705860614777,0.03205809369683266,0.026319481432437897,0.003992070443928242,0.03573121502995491,0.001097172382287681,0.12978950142860413,0.02357247844338417,0.029051868245005608,0.00012475220137275755,0.1522720754146576,8,0.0025052485037355687,-10,9,9,-396.61328125,0.05248461663722992,0.14418932795524597,-0.19464638829231262,30,8,0,-7,-6,-9,0.009496821071752953
g10268.t3,G0S5V3,0.9329,60.2,1,692,3.463541666437159,249,173,270,55948.4921875,0.2163972407579422,0.25248050689697266,0.5173553228378296,0.37840908765792847,0.13894623517990112,606,101,6,110,7,61,32,29,0.2153179190751445,0.05408798158168793,0.023282431066036224,0.04819837957620621,0.00668971287086606,0.0,0.030981600284576416,0.04081026837229729,0.029309185221791267,0.09516490250825882,0.21072210371494293,0.013766856864094734,0.009236032143235207,0.046412110328674316,0.03056117333471775,0.03548869118094444,0.16768698394298553,0.014868145808577538,0.05272052437067032,0.005154614802449942,0.08485826104879379,1,663,3.4670185268002474,263,175,225,52038.84765625,0.2218831479549408,0.19498132169246674,0.569134533405304,0.3677833080291748,0.20135121047496796,595,87,0,98,-7,57,43,14,0.21568627450980393,0.04393415153026581,0.042010728269815445,0.021668415516614914,0.005828248802572489,,0.05240418016910553,0.05812399834394455,0.027798835188150406,0.06088827922940254,0.21702902019023895,0.014001008123159409,0.04508798196911812,0.02269297093153,0.02262151427567005,0.0015147270169109106,0.15075428783893585,0.01915457658469677,0.037069983780384064,0.0,0.15741705894470215,29,-0.003476860363088363,-14,-2,45,3909.64453125,-0.005485907196998596,0.05749918520450592,-0.051779210567474365,11,14,6,12,14,15,-0.0003683554346594342
g9659.t1,G0SFC3,0.9323,58.8,1,411,5.047028024967083,179,32,200,55979.94921875,0.14776694774627686,0.1657632440328598,0.6598882079124451,0.5649566650390625,0.09493153542280197,289,32,2,87,60,75,17,58,0.3284671532846715,0.03511975333094597,0.0242560226470232,0.02134673111140728,0.0221196748316288,0.008264079689979553,0.018917890265583992,0.01919170282781124,0.021589025855064392,0.04609902575612068,0.32015737891197205,0.026581596583127975,0.018380574882030487,0.02098006382584572,0.03661646321415901,0.018571164458990097,0.24479930102825165,0.012795532122254372,0.01624291203916073,0.008159319870173931,0.059811782091856,1,365,4.126704303664166,128,36,201,46009.9375,0.2200753390789032,0.17233724892139435,0.5610930919647217,0.4223894774913788,0.13870367407798767,235,18,0,69,37,47,16,31,0.32602739726027397,0.016929924488067627,0.032110027968883514,0.027553578838706017,0.01454807911068201,7.012716378085315e-05,0.0726134330034256,0.0172578152269125,0.014927414245903492,0.03348180651664734,0.26121750473976135,0.04649430140852928,0.04097692668437958,0.03380128741264343,0.0439726896584034,0.007806277833878994,0.16117192804813385,0.011427529156208038,0.031101999804377556,0.010763575322926044,0.12177374958992004,46,0.9203237213029167,51,-4,-1,9970.01171875,-0.07230839133262634,-0.006574004888534546,0.09879511594772339,54,14,2,18,23,27,0.0024397560243975547
g16310.t1,G0SAJ1,0.9316,51.7,1,435,2.320556812092378,166,89,180,30792.310546875,0.1490073800086975,0.3049319386482239,0.5047375559806824,0.28843241930007935,0.21630510687828064,403,44,11,74,4,24,17,7,0.18620689655172415,0.05485822260379791,0.013621940277516842,0.041468244045972824,0.008592300117015839,0.0,0.016748085618019104,0.04029974713921547,0.02434893697500229,0.15040434896945953,0.20450274646282196,0.04132314398884773,0.048811379820108414,0.004381823353469372,0.021323151886463165,0.03864015266299248,0.08392966538667679,0.014326762408018112,0.021403977647423744,0.009568474255502224,0.16144688427448273,1,419,2.1701266619988657,184,87,148,27206.896484375,0.27630650997161865,0.18804430961608887,0.5223506093025208,0.3354349434375763,0.18691568076610565,396,42,20,28,3,27,21,6,0.18138424821002386,0.0247307401150465,0.046825289726257324,0.05404016375541687,0.04130512475967407,0.0,0.04060978814959526,0.0531589537858963,0.018829241394996643,0.02660590223968029,0.26390188932418823,0.013298580422997475,0.061438146978616714,0.008048098534345627,0.062272220849990845,0.0,0.07153302431106567,0.028405528515577316,0.018898796290159225,0.003913567401468754,0.162184938788414,16,0.15043015009351235,-18,2,32,3585.4140625,-0.12729912996292114,0.11688762903213501,-0.01761305332183838,7,2,-9,46,1,1,0.004822648341700292
g14823.t1,G0S7T8,0.9314,61.3,1,245,2.724753619006677,63,78,104,31516.515625,0.25102001428604126,0.15161371231079102,0.5934125185012817,0.5083645582199097,0.08504798263311386,185,17,3,103,24,38,15,23,0.2857142857142857,0.02030191197991371,0.0187578946352005,0.005937829148024321,0.0,0.0,0.052505481988191605,0.06428726762533188,0.044156529009342194,0.023885956034064293,0.3670154809951782,0.00395374046638608,0.04077284038066864,0.03122478909790516,0.019490525126457214,0.014224683865904808,0.14134906232357025,0.07197694480419159,0.009083166718482971,0.006329812575131655,0.06474605947732925,1,255,3.008325583446696,70,78,107,35998.0546875,0.2626242935657501,0.17394287884235382,0.5508885979652405,0.4346226453781128,0.1162659153342247,200,22,1,63,22,37,16,21,0.32941176470588235,0.02350851707160473,0.062495097517967224,0.006453441455960274,0.024911323562264442,0.0,0.024120427668094635,0.05881257355213165,0.03091289848089218,0.06236518546938896,0.27963489294052124,0.012544241733849049,0.013939262367784977,0.015850404277443886,0.024834737181663513,0.0009777686791494489,0.15498775243759155,0.05897003039717674,0.04091302305459976,0.011010992340743542,0.09275738894939423,-10,-0.2835719644400192,-7,0,-3,-4481.5390625,-0.011604279279708862,-0.022329166531562805,0.04252392053604126,-15,-5,2,40,2,2,-0.04369747899159665
g12290.t1,G0SFK8,0.9303,57.2,1,156,2.478647148409182,61,19,76,28795.35546875,0.46132615208625793,0.18214641511440277,0.3107251226902008,0.270952433347702,0.03977271541953087,98,8,0,84,16,20,5,15,0.391025641025641,0.001991370925679803,0.1173195093870163,0.12069057673215866,0.08208048343658447,0.008965147659182549,0.008515870198607445,0.07929869741201401,0.05270485207438469,0.023854048922657967,0.07494505494832993,0.045802321285009384,0.03657899051904678,0.04446122795343399,0.005826297216117382,0.0012044596951454878,0.1960073560476303,0.0,0.053012605756521225,0.008959812112152576,0.03778134286403656,1,153,1.717386751395216,77,20,56,19111.6875,0.18321554362773895,0.20390896499156952,0.5867359042167664,0.2952982485294342,0.29143762588500977,123,14,0,81,3,19,13,6,0.2875816993464052,0.020295999944210052,0.02144087851047516,0.04169997572898865,0.025492697954177856,,0.002532387152314186,0.08380024135112762,0.01805206574499607,0.062175650149583817,0.10248833894729614,0.026139650493860245,0.0794394463300705,0.0,0.030049936845898628,0.0,0.19280990958213806,0.0014963385183364153,0.014191855676472187,0.006753032561391592,0.2711416184902191,3,0.761260397013966,-16,-1,20,9683.66796875,0.278110608458519,-0.021762549877166748,-0.27601078152656555,-25,-6,0,3,13,9,0.10344394167923582
g3860.t1,G0S6B5,0.9299,47.2,1,528,3.024662746807705,266,79,183,39315.2109375,0.19939731061458588,0.17687927186489105,0.6143938899040222,0.3388661742210388,0.275527685880661,434,48,1,91,-6,41,34,7,0.20643939393939395,0.1636258363723755,0.051201481372117996,0.02650817297399044,0.010392782278358936,0.0,0.012177710421383381,0.08680687099695206,0.029454758390784264,0.044134944677352905,0.23444321751594543,0.009329613298177719,0.04934816434979439,0.0034468830563127995,0.018325144425034523,0.013115501031279564,0.10442298650741577,0.008863414637744427,0.022500747814774513,0.0,0.11190186440944672,1,547,3.0784542971868527,257,95,195,41367.6484375,0.25898128747940063,0.16713038086891174,0.54461270570755,0.28533193469047546,0.2592807710170746,452,54,1,42,-15,39,37,2,0.20292504570383912,0.13274668157100677,0.052970040589571,0.06248767673969269,0.015989353880286217,0.0,0.023505259305238724,0.08361515402793884,0.055317506194114685,0.03261237218976021,0.18410491943359375,0.029275599867105484,0.03363773599267006,0.005147792398929596,0.01650850661098957,0.012306764721870422,0.1012270376086235,0.00514601357281208,0.016747495159506798,0.010120012797415257,0.1265340894460678,-19,-0.05379155037914751,9,-16,-12,-2052.4375,-0.05958397686481476,0.009748890995979309,0.06978118419647217,-18,-6,0,49,9,5,0.003514348235554826
g16310.t1,G0SG18,0.9291,44.9,1,435,2.320556812092378,166,89,180,30792.310546875,0.1490073800086975,0.3049319386482239,0.5047375559806824,0.28843241930007935,0.21630510687828064,403,44,11,74,4,24,17,7,0.18620689655172415,0.05485822260379791,0.013621940277516842,0.041468244045972824,0.008592300117015839,0.0,0.016748085618019104,0.04029974713921547,0.02434893697500229,0.15040434896945953,0.20450274646282196,0.04132314398884773,0.048811379820108414,0.004381823353469372,0.021323151886463165,0.03864015266299248,0.08392966538667679,0.014326762408018112,0.021403977647423744,0.009568474255502224,0.16144688427448273,1,415,2.1679082384305643,168,86,161,27182.33203125,0.2110244184732437,0.28585579991340637,0.47018614411354065,0.33060407638549805,0.1395820528268814,418,48,10,102,3,25,17,8,0.18072289156626506,0.043751366436481476,0.04801401123404503,0.03432561457157135,0.01411448884755373,0.0,0.06087076663970947,0.04117735102772713,0.09482862055301666,0.08964473754167557,0.2416498064994812,0.03293372318148613,0.0323614627122879,0.0007040821947157383,0.020688258111476898,0.03215271607041359,0.08895428478717804,0.004391904454678297,0.01617998629808426,0.007426189258694649,0.09583068639039993,20,0.15264857366181372,-2,3,19,3609.978515625,-0.062017038464546204,0.019076138734817505,0.034551411867141724,-15,-4,1,-28,1,-1,0.00548400498545909
g3004.t1,G0SCL3,0.9288,52.7,1,110,1.6000043424900363,10,51,49,17625.23828125,0.15378043055534363,0.27052709460258484,0.5338677167892456,0.525459885597229,0.00840784888714552,75,2,0,59,24,20,2,18,0.3,0.0028622462414205074,0.002929023699834943,0.026544276624917984,0.053826864808797836,0.0,0.0,0.06539620459079742,0.06873379647731781,0.05365437641739845,0.3049934506416321,0.041824761778116226,0.027138803154230118,0.0,0.002363137435168028,0.058120232075452805,0.22046642005443573,0.0050840554758906364,0.060516759753227234,0.0,0.0055456021800637245,1,109,1.4959737832331979,9,58,42,16287.20703125,0.1842864602804184,0.18148598074913025,0.5649789571762085,0.447691947221756,0.1172870397567749,70,1,0,74,16,16,5,11,0.3119266055045872,0.033464010804891586,0.012282392010092735,0.01267859898507595,0.06412810832262039,,0.06200113520026207,0.029292890802025795,0.0782761499285698,0.04444071650505066,0.1366971880197525,0.0692485123872757,0.011606787331402302,0.003903347998857498,0.022534949705004692,0.0007924124365672469,0.3109947741031647,0.0,0.02383498102426529,0.0,0.08382302522659302,1,0.10403055925683846,1,-7,7,1338.03125,-0.030506029725074768,0.08904111385345459,-0.03111124038696289,5,1,0,-15,8,7,-0.011926605504587184
g3012.t1,G0S1E1,0.9278,41.8,1,150,1.603613286869384,55,31,64,16971.275390625,0.09639070183038712,0.15950754284858704,0.743911623954773,0.4989701807498932,0.24494150280952454,138,14,1,115,4,20,12,8,0.26666666666666666,0.13264580070972443,0.002471535000950098,0.04277656599879265,0.0015209446428343654,0.0,0.0041825976222753525,0.018669258803129196,0.08208616822957993,0.057706039398908615,0.47126710414886475,0.00019011808035429567,0.00570354238152504,0.02528136782348156,0.0,0.0,0.02770300582051277,0.0,0.01401179563254118,0.0014884262345731258,0.11229568719863892,1,153,1.617784678914496,53,30,70,17108.767578125,0.22458447515964508,0.1561710685491562,0.617735743522644,0.3528492748737335,0.2648864686489105,137,14,0,100,-1,17,13,4,0.26143790849673204,0.0945717841386795,0.029797255992889404,0.028099942952394485,0.0,0.0,0.0948038101196289,0.0709405168890953,0.05093814432621002,0.0908963605761528,0.3067833185195923,0.0015087217325344682,0.002443073783069849,0.0007543608662672341,0.0030174434650689363,0.0,0.046065956354141235,0.00018859021656680852,0.008876048028469086,0.0,0.17031465470790863,-3,-0.014171392045112086,2,1,-6,-137.4921875,-0.12819377332925797,0.003336474299430847,0.1261758804321289,1,0,1,15,5,4,0.005228758169934622
g13233.t1,G0S1B9,0.9254,73.9,1,196,1.8827831557396033,69,46,81,22115.73828125,0.2593945264816284,0.21583223342895508,0.5000346302986145,0.317759245634079,0.18227538466453552,156,22,9,95,1,17,10,7,0.2602040816326531,0.042041242122650146,0.11374110728502274,0.03340965136885643,0.037736568599939346,0.009752035140991211,0.023637643083930016,0.046363465487957,0.08011862635612488,0.06583458930253983,0.09676097333431244,0.024738680571317673,0.0206465944647789,0.0008587312768213451,0.025879913941025734,0.00889573059976101,0.22099830210208893,0.0036473418585956097,0.004704727791249752,0.0,0.14023412764072418,1,199,1.844861969811459,70,46,83,22352.21484375,0.3648671507835388,0.22519801557064056,0.38473448157310486,0.256009042263031,0.12872543931007385,167,22,9,105,1,12,9,3,0.2663316582914573,0.04809834808111191,0.15856900811195374,0.049174048006534576,0.011981065385043621,0.004824431147426367,0.05490856245160103,0.08246258646249771,0.03356045112013817,0.09343432635068893,0.16870231926441193,0.025200340896844864,0.04148309305310249,0.0032970174215734005,0.02126235142350197,0.013505935668945312,0.08730673789978027,0.004330505151301622,0.017127402126789093,0.00014435018238145858,0.08062708377838135,-3,0.03792118592814431,-1,0,-2,-236.4765625,-0.1054726243019104,-0.009365782141685486,0.11530014872550964,-11,0,0,-10,0,4,-0.006127576658804201
g10520.t1,G0SE70,0.9254,52.6,1,375,2.1760859970077844,166,74,135,25400.98828125,0.22010527551174164,0.28134486079216003,0.4682852625846863,0.15146516263484955,0.31682008504867554,362,42,1,193,-12,17,24,-7,0.184,0.11665509641170502,0.007485753390938044,0.022644702345132828,0.0007621466065756977,0.0,0.04349618777632713,0.0739770159125328,0.007590104825794697,0.0853358656167984,0.09816912561655045,0.030264632776379585,0.094855897128582,0.004064782056957483,0.045027971267700195,0.012580414302647114,0.05329602584242821,0.06754764169454575,0.035954613238573074,0.00012702443927992135,0.20016498863697052,1,367,2.173999321537859,174,65,128,25863.640625,0.16810238361358643,0.14611783623695374,0.6537216901779175,0.3684365451335907,0.2852851450443268,327,36,1,201,-6,23,23,0,0.17983651226158037,0.133013054728508,0.06000581011176109,0.016716793179512024,0.0007314482936635613,0.0,0.03472868353128433,0.028230346739292145,0.026649076491594315,0.027269024401903152,0.23864705860614777,0.03205809369683266,0.026319481432437897,0.003992070443928242,0.03573121502995491,0.001097172382287681,0.12978950142860413,0.02357247844338417,0.029051868245005608,0.00012475220137275755,0.1522720754146576,8,0.0020866754699255807,-8,9,7,-462.65234375,0.05200289189815521,0.1352270245552063,-0.1854364275932312,35,6,0,-8,-6,-7,0.0041634877384196245
g11214.t1,G0RYN9,0.9248,55.4,1,165,2.3906160910884964,48,35,82,27818.755859375,0.15487708151340485,0.372802734375,0.4588206112384796,0.35240688920021057,0.10641368478536606,117,16,0,28,25,26,6,20,0.4,0.09383290261030197,0.0,0.029894931241869926,0.0,,0.05350746214389801,0.055468834936618805,0.028884615749120712,0.17045968770980835,0.2111058533191681,0.013499611988663673,0.06138839200139046,0.0,0.030185900628566742,0.03554763272404671,0.14130108058452606,0.016005869954824448,0.04633647948503494,0.0,0.012580771930515766,1,138,1.8060500317529675,46,40,52,19359.88671875,0.2379833459854126,0.15082702040672302,0.6034834384918213,0.523203432559967,0.08027998358011246,105,15,0,5,22,26,8,18,0.3333333333333333,0.023751746863126755,0.01944999024271965,0.035165559500455856,0.0,,0.10452017933130264,0.06134816259145737,0.002280695363879204,0.04872570186853409,0.3339955508708954,0.0077063110657036304,0.05434197932481766,0.00033332285238429904,0.019503295421600342,0.007499242201447487,0.18920783698558807,0.017166124656796455,0.018476096913218498,,0.0565282441675663,27,0.5845660593355289,2,-5,30,8458.869140625,-0.08310626447200775,0.22197571396827698,-0.14466282725334167,12,1,0,23,3,2,0.06666666666666671
g13233.t1,G0S1H8,0.9248,54.3,1,196,1.8827831557396033,69,46,81,22115.73828125,0.2593945264816284,0.21583223342895508,0.5000346302986145,0.317759245634079,0.18227538466453552,156,22,9,95,1,17,10,7,0.2602040816326531,0.042041242122650146,0.11374110728502274,0.03340965136885643,0.037736568599939346,0.009752035140991211,0.023637643083930016,0.046363465487957,0.08011862635612488,0.06583458930253983,0.09676097333431244,0.024738680571317673,0.0206465944647789,0.0008587312768213451,0.025879913941025734,0.00889573059976101,0.22099830210208893,0.0036473418585956097,0.004704727791249752,0.0,0.14023412764072418,1,194,1.7618516463773604,71,48,75,20347.23828125,0.32577335834503174,0.16572272777557373,0.4756302833557129,0.3173538148403168,0.1582764983177185,167,25,19,50,-1,17,14,3,0.26288659793814434,0.04351141303777695,0.023151827976107597,0.030287664383649826,0.04492298513650894,0.006905827205628157,0.07369735091924667,0.07654573768377304,0.04475834220647812,0.012582306750118732,0.20850075781345367,0.03287361562252045,0.051423534750938416,0.02023964934051037,0.011917871423065662,0.008843503892421722,0.1088530495762825,0.0558181032538414,0.029291344806551933,0.0011100191622972488,0.11476508527994156,2,0.12093150936224295,-2,-2,6,1768.5,-0.06637883186340332,0.05010950565338135,0.02440434694290161,-11,-3,-10,45,2,4,-0.002682516305491267
g7573.t2,G0SEG2,0.9233,54.0,1,297,2.7195429221342686,128,31,138,34608.01953125,0.16389073431491852,0.3022613823413849,0.5317035913467407,0.35679081082344055,0.17491279542446136,232,32,0,187,34,43,17,26,0.26936026936026936,0.035832442343235016,0.013586243614554405,0.013518519699573517,0.011467433534562588,0.0,0.015340633690357208,0.03819870203733444,0.08836228400468826,0.1326453685760498,0.29048821330070496,0.0021443169098347425,0.002051085699349642,0.03658458590507507,0.004455966409295797,0.04757744073867798,0.06630261242389679,0.03519462049007416,0.02716919407248497,,0.13908034563064575,1,304,2.6409868844443793,139,35,130,33251.09765625,0.11276799440383911,0.15198053419589996,0.7203965783119202,0.2554275393486023,0.4649689793586731,251,26,0,202,5,30,35,-5,0.23684210526315788,0.11806884407997131,0.009209549985826015,0.009024328552186489,0.013002796098589897,,0.012014738284051418,0.0485568530857563,0.043975912034511566,0.02777325175702572,0.14261579513549805,0.014854934066534042,0.005795599892735481,0.014652401208877563,0.002037751255556941,0.04863430932164192,0.11281177401542664,0.006307325791567564,0.02376370131969452,0.0,0.3469001054763794,-7,0.07855603768988928,-11,-4,8,1356.921875,0.05112273991107941,0.15028084814548492,-0.18869298696517944,-19,6,0,-15,29,31,0.032518164097111474
g3012.t1,G0S664,0.9203,34.5,1,150,1.603613286869384,55,31,64,16971.275390625,0.09639070183038712,0.15950754284858704,0.743911623954773,0.4989701807498932,0.24494150280952454,138,14,1,115,4,20,12,8,0.26666666666666666,0.13264580070972443,0.002471535000950098,0.04277656599879265,0.0015209446428343654,0.0,0.0041825976222753525,0.018669258803129196,0.08208616822957993,0.057706039398908615,0.47126710414886475,0.00019011808035429567,0.00570354238152504,0.02528136782348156,0.0,0.0,0.02770300582051277,0.0,0.01401179563254118,0.0014884262345731258,0.11229568719863892,1,151,1.6190657993841782,54,30,67,16506.1171875,0.19958235323429108,0.25371113419532776,0.5451613068580627,0.25679171085357666,0.2883695662021637,137,17,0,116,-2,15,14,1,0.25165562913907286,0.1971375048160553,0.0009684658725745976,0.039543431252241135,0.0015638063196092844,0.0,0.01739734411239624,0.0975719764828682,0.0759478360414505,0.046007391065359116,0.1670791357755661,0.0015452195657417178,0.07705188542604446,0.0011728546814993024,0.0,0.013820233754813671,0.08971258252859116,0.01817924715578556,0.04088379815220833,0.0231852438300848,0.09123203903436661,-1,-0.015452512514794181,1,1,-3,465.158203125,-0.10319165140390396,-0.09420359134674072,0.1987503170967102,1,-3,1,-1,6,7,0.015011037527593807
g16757.t1,G0S0Z4,0.9196,67.7,1,197,2.4973801951512273,97,10,90,28808.484375,0.15957318246364594,0.19550150632858276,0.6088588833808899,0.4035293757915497,0.2053295075893402,152,15,0,39,19,30,17,13,0.3299492385786802,0.053840335458517075,0.05225507169961929,0.029567964375019073,0.004367995075881481,,0.0024639968760311604,0.0389733612537384,0.008345458656549454,0.015460323542356491,0.2507661283016205,0.0360664464533329,0.02678734064102173,0.024466685950756073,0.011800489388406277,0.04755733162164688,0.15276320278644562,0.007478105835616589,0.08555056154727936,0.0,0.15148918330669403,1,190,2.32607512024831,99,10,81,25963.759765625,0.18564848601818085,0.13148531317710876,0.6730025410652161,0.41342398524284363,0.2595784664154053,146,16,0,18,18,30,17,13,0.30526315789473685,0.03865732252597809,0.03368275612592697,0.034174565225839615,0.0012427115580067039,,0.03752988576889038,0.058050740510225296,0.0,0.005465647671371698,0.24200628697872162,0.009863704442977905,0.021230144426226616,0.018482403829693794,0.019978545606136322,0.07375650852918625,0.1714177131652832,0.002485422883182764,0.011054466478526592,0.0,0.22092115879058838,7,0.17130507490291746,-2,0,9,2844.724609375,-0.026075303554534912,0.064016193151474,-0.06414365768432617,6,-1,0,21,1,0,0.024686080683943346
g18995.t1,G0SAD1,0.9186,53.9,1,179,1.7417721843661573,61,47,71,19546.92578125,0.3295390009880066,0.14910562336444855,0.48805269598960876,0.29835188388824463,0.18970085680484772,158,29,0,190,-1,14,13,1,0.2569832402234637,0.08132703602313995,0.01831864006817341,0.04454490914940834,0.046867650002241135,0.0,0.014030667021870613,0.09073567390441895,0.05840430036187172,0.012942974455654621,0.15329968929290771,0.033302661031484604,0.010369095019996166,0.06156987324357033,0.004734247922897339,0.004411641042679548,0.14505217969417572,0.008823282085359097,0.05824337154626846,0.044648319482803345,0.10837382823228836,1,188,1.7933115679795526,66,45,77,20363.98828125,0.34811607003211975,0.21102508902549744,0.41338300704956055,0.28572604060173035,0.1276569813489914,172,24,0,199,2,15,13,2,0.2765957446808511,0.08379994332790375,0.03992420807480812,0.00839751772582531,0.056564413011074066,0.0,0.06599878519773483,0.13573697209358215,0.04395578056573868,0.06225458160042763,0.21869325637817383,0.02747582271695137,0.03617425262928009,0.019488578662276268,0.01508897915482521,0.004835897590965033,0.06703278422355652,0.016618529334664345,0.04871560260653496,0.005387086886912584,0.04385703429579735,-9,-0.05153938361339527,-5,2,-6,-817.0625,-0.01857706904411316,-0.06191946566104889,0.07466968894004822,-14,5,0,-9,-3,-1,-0.01961250445738738
g6389.t1,G0S3W0,0.9157,61.8,1,192,2.149721056718171,79,47,66,23449.904296875,0.20985665917396545,0.22505398094654083,0.5475218892097473,0.3181656301021576,0.22935627400875092,167,35,2,88,-3,17,21,-4,0.2916666666666667,0.10404133051633835,0.10284537076950073,0.0026142699643969536,0.012793025933206081,0.0034837876446545124,0.018002742901444435,0.028914853930473328,0.07763946801424026,0.06771612167358398,0.08187123388051987,0.017567439004778862,0.02722105383872986,0.03230302035808563,0.006429235450923443,0.00920889899134636,0.23629440367221832,0.012383383698761463,0.03335541859269142,0.0,0.12531495094299316,1,214,2.6527008825468683,74,47,93,32359.865234375,0.3580648899078369,0.20473501086235046,0.40814825892448425,0.15740950405597687,0.25073882937431335,167,27,6,74,-8,17,23,-6,0.3598130841121495,0.12142910808324814,0.03144189342856407,0.01968313567340374,0.01554312463849783,0.044347889721393585,0.06852181255817413,0.19046971201896667,0.02394062839448452,0.03559187427163124,0.0991194099187851,0.02905181050300598,0.012166369706392288,0.01874515600502491,0.02982257679104805,0.008839625865221024,0.05829007551074028,0.01366003230214119,0.050026047974824905,,0.12930969893932343,-22,-0.5029798258286973,5,0,-27,-8909.9609375,-0.14820823073387146,0.02031897008419037,0.13937363028526306,0,8,-4,14,5,2,-0.06814641744548283
g8272.t1,G0SFT6,0.9155,35.4,1,105,1.2689113732412907,42,29,34,12866.880859375,0.22228989005088806,0.17020253837108612,0.606504499912262,0.36402755975723267,0.24247688055038452,94,11,1,102,-2,14,12,2,0.3523809523809524,0.014024828560650349,0.0,0.0599096454679966,0.005636072717607021,0.0,0.013671944849193096,0.06749023497104645,0.04145314171910286,0.015299538150429726,0.36402755975723267,0.0010030546691268682,0.0944204181432724,0.031094692647457123,0.01902945339679718,0.0,,0.0,0.0,0.04448729380965233,0.22845207154750824,1,133,1.461304701443713,61,31,41,15331.1953125,0.28863707184791565,0.38418909907341003,0.3145745098590851,0.2312534898519516,0.08332100510597229,116,11,1,142,0,10,9,1,0.3458646616541353,0.03216904401779175,0.00399866933003068,0.02862204983830452,0.0,0.0,0.09853126108646393,0.12310460954904556,0.04900401830673218,0.018039319664239883,0.1282496452331543,0.012599360197782516,0.0832098126411438,0.0,0.07177255302667618,0.0,0.10300382226705551,0.0,0.1621633619070053,0.0343804806470871,0.05115196853876114,-28,-0.1923933282024224,-19,-2,-7,-2464.314453125,-0.06634718179702759,-0.2139865607023239,0.2919299900531769,-22,0,0,-40,-2,1,0.006516290726817087
g18248.t1,G0S7A2,0.9135,28.3,1,550,3.1460266816251785,266,93,191,43479.7578125,0.20037256181240082,0.1448494791984558,0.6263962984085083,0.3509387969970703,0.2754575312137604,480,70,10,97,-2,53,37,16,0.22181818181818183,0.06095419451594353,0.03567036613821983,0.03889322653412819,0.01981353759765625,0.0,0.02453554794192314,0.054390888661146164,0.013418666087090969,0.026840783655643463,0.24503719806671143,0.02838156744837761,0.04576003551483154,0.0,0.02172616496682167,0.001527915126644075,0.10590158402919769,0.023655438795685768,0.03557591885328293,0.0034135684836655855,0.21450333297252655,1,566,3.0818681010221347,282,102,182,40955.3125,0.1870696246623993,0.2274300903081894,0.5171509385108948,0.2591739594936371,0.2579770088195801,478,61,9,114,-8,39,37,2,0.196113074204947,0.1136423721909523,0.07131168991327286,0.02533012256026268,0.028180155903100967,0.0,0.026626067236065865,0.01096819806843996,0.07804153114557266,0.06204541027545929,0.14286789298057556,0.06834930181503296,0.023343665525317192,0.016229115426540375,0.026412326842546463,0.0,0.11630605906248093,0.008424298837780952,0.03758714720606804,,0.14433464407920837,-16,0.0641585806030438,-16,-9,9,2524.4453125,0.013302937150001526,-0.08258061110973358,0.10924535989761353,2,9,1,-17,6,14,0.02570510761323483
g11365.t1,G0S4L1,0.9092,46.0,1,120,2.1025773968364163,9,39,72,21296.087890625,0.2499450445175171,0.2351689487695694,0.5148860216140747,0.3345035910606384,0.18038244545459747,67,7,0,30,2,17,11,6,0.4,0.061022717505693436,0.0858394205570221,0.03469552844762802,0.028180649504065514,0.0,0.004052743781358004,0.06990508735179901,0.033577241003513336,0.0,0.26940178871154785,,0.015112890861928463,0.007120917085558176,0.025246908888220787,0.039049871265888214,0.06510178744792938,0.020150678232312202,0.12218204140663147,0.0,0.11935973167419434,1,105,1.6099141368824548,9,35,61,16530.32421875,0.2515247166156769,0.24804677069187164,0.5004284381866455,0.38231614232063293,0.11811225116252899,61,11,0,1,2,12,6,6,0.3619047619047619,0.02288874052464962,0.048534832894802094,0.034158166497945786,0.036890819668769836,,0.05801456794142723,0.06006789579987526,0.03826083242893219,0.036486607044935226,0.26331424713134766,0.0,0.0005722185014747083,0.0,0.0070929620414972305,0.08399458229541779,0.11900191009044647,0.01385845709592104,0.08163957297801971,,0.09522352367639542,15,0.49266325995396154,0,4,11,4765.763671875,-0.00157967209815979,-0.012877821922302246,0.0144575834274292,6,-4,0,29,0,0,0.038095238095238126
g11348.t1,G0SH49,0.9086,50.7,1,1371,4.040746963869525,618,215,538,69696.5625,0.16187533736228943,0.30623045563697815,0.5183209180831909,0.29596632719039917,0.22235460579395294,1261,161,33,793,8,63,57,6,0.1436907366885485,0.03781687095761299,0.018090473487973213,0.06974592059850693,0.00828666053712368,0.0,0.017096899449825287,0.03747911378741264,0.038034599274396896,0.08076915144920349,0.2002955675125122,0.013573331758379936,0.06092727929353714,0.0003208930429536849,0.01724994368851185,0.0052310992032289505,0.09567075967788696,0.00461569894105196,0.10401840507984161,0.006239687092602253,0.18453772366046906,1,71,1.3054208154588398,22,12,37,12606.27734375,0.3304617702960968,0.16250836849212646,0.5070298314094543,0.21601496636867523,0.2910149097442627,52,7,0,12,-4,6,6,0,0.4084507042253521,0.10759500414133072,0.18340939283370972,0.05004902556538582,0.04703599959611893,0.0010303320595994592,0.02284272015094757,0.0,0.03461943194270134,0.0,0.12155525386333466,0.0,0.05561327934265137,0.0,0.07124532759189606,,0.09445971995592117,0.026874495670199394,0.0,0.0002501123526599258,0.18341989815235138,1300,2.735326148410685,596,203,501,57090.28515625,-0.16858643293380737,0.14372208714485168,0.011291086673736572,1209,154,33,781,12,6,-0.26475996753680364
g9706.t1,G0RZE9,0.9068,42.7,1,152,1.7514890442680935,55,36,61,18925.16015625,0.17782334983348846,0.25823310017585754,0.5308648943901062,0.47266608476638794,0.05819881334900856,116,14,0,234,28,23,4,19,0.28289473684210525,0.020991960540413857,0.0,0.012786732986569405,0.00017048977315425873,,0.03322499990463257,0.07266157120466232,0.03359103202819824,0.11802010238170624,0.26970377564430237,0.03307880461215973,0.05953484773635864,0.035792943090200424,0.018433712422847748,0.00236742221750319,0.20296227931976318,0.02284562774002552,0.026285985484719276,0.00034097954630851746,0.03720685467123985,1,135,1.594451467006916,42,37,56,17261.984375,0.1976500302553177,0.10674446821212769,0.6956053972244263,0.5844404101371765,0.11116497218608856,101,10,0,152,20,21,7,14,0.3037037037037037,0.011694174259901047,0.0,0.04155875742435455,0.0,0.0,0.023738369345664978,0.08115782588720322,0.013731632381677628,0.05180293321609497,0.25916358828544617,0.0,0.0003653097664937377,0.051195092499256134,0.005981321446597576,0.001843594596721232,0.3252768814563751,0.0,0.03301967680454254,0.0,0.09947079420089722,17,0.1570375772611774,13,-1,5,1663.17578125,-0.019826680421829224,0.15148863196372986,-0.16474050283432007,15,4,0,82,8,5,-0.020808966861598444
g14118.t1,G0S339,0.906,46.0,1,254,2.6220260721517694,119,25,110,33774.765625,0.266379177570343,0.22675377130508423,0.50486820936203,0.36377838253974915,0.1410898119211197,209,18,0,245,7,26,18,8,0.3425196850393701,0.043511345982551575,0.11641747504472733,0.038831133395433426,0.0042814831249415874,0.009727680124342442,0.014043097384274006,0.06283312290906906,0.05186079442501068,0.019859209656715393,0.23096702992916107,0.001998889958485961,0.06847729533910751,0.022341249510645866,0.008988352492451668,0.03214838728308678,0.13281136751174927,0.0069628930650651455,0.03569205105304718,0.000668718887027353,0.09757845848798752,1,227,2.738367779895695,116,25,86,28323.091796875,0.27280163764953613,0.2397739142179489,0.45801469683647156,0.282723605632782,0.17529110610485077,195,14,0,246,0,19,19,0,0.30837004405286345,0.07207734137773514,0.055206697434186935,0.01378423348069191,0.001113220932893455,,0.05359848216176033,0.0762244239449501,0.03965548798441887,0.05990508943796158,0.1442139893770218,0.02940971963107586,0.044769205152988434,0.06536109745502472,0.017333198338747025,0.0170634463429451,0.138509601354599,0.007285639643669128,0.06104749068617821,0.0002278385654790327,0.10321375727653503,27,-0.1163417077439255,3,0,24,5451.673828125,-0.006422460079193115,-0.013020142912864685,0.04685351252555847,14,4,0,-1,7,8,0.034149640986506635
g6389.t1,G0SDF9,0.9057,47.1,1,192,2.149721056718171,79,47,66,23449.904296875,0.20985665917396545,0.22505398094654083,0.5475218892097473,0.3181656301021576,0.22935627400875092,167,35,2,88,-3,17,21,-4,0.2916666666666667,0.10404133051633835,0.10284537076950073,0.0026142699643969536,0.012793025933206081,0.0034837876446545124,0.018002742901444435,0.028914853930473328,0.07763946801424026,0.06771612167358398,0.08187123388051987,0.017567439004778862,0.02722105383872986,0.03230302035808563,0.006429235450923443,0.00920889899134636,0.23629440367221832,0.012383383698761463,0.03335541859269142,0.0,0.12531495094299316,1,233,2.584196781326404,83,48,102,30508.33203125,0.3034689426422119,0.31263867020606995,0.3696913719177246,0.2657979130744934,0.10389348864555359,182,31,3,49,7,22,14,8,0.3090128755364807,0.019842883571982384,0.09537479281425476,0.03518415987491608,0.028343548998236656,0.004458042327314615,0.048235319554805756,0.053142987191677094,0.05596420541405678,0.06162819266319275,0.07975681871175766,0.014201106503605843,0.05783499404788017,0.01459481194615364,0.008902424946427345,0.08907687664031982,0.18604107201099396,0.028593314811587334,0.03477393090724945,0.0,0.08405060321092606,-41,-0.4344757246082329,-4,-1,-36,-7058.427734375,-0.09361228346824646,-0.08758468925952911,0.1778305172920227,-15,4,-1,39,-10,-12,-0.017346208869814028
g16603.t3,G0SH15,0.9028,67.3,1,727,4.248470445460001,258,135,334,68972.2109375,0.12098310887813568,0.2515506446361542,0.6217643618583679,0.27146828174591064,0.3502960801124573,681,142,5,454,-17,68,75,-7,0.24484181568088034,0.07144814729690552,0.020737426355481148,0.0175798237323761,0.012993215583264828,0.0,0.012165806256234646,0.031237225979566574,0.015451284125447273,0.14714916050434113,0.23786909878253937,0.005701863672584295,0.0527428574860096,0.00893398653715849,0.005680397152900696,0.014612728729844093,0.03359919413924217,0.007380488328635693,0.0159141942858696,0.009955148212611675,0.27884796261787415,1,709,4.1424952416127105,271,135,303,60366.6171875,0.21173815429210663,0.19405053555965424,0.5894466638565063,0.22109583020210266,0.3683508336544037,623,105,0,353,-29,54,71,-17,0.23554301833568406,0.10378241539001465,0.017146052792668343,0.020203789696097374,0.007215638644993305,0.0,0.07514820992946625,0.04248824343085289,0.04972749203443527,0.047986604273319244,0.21651282906532288,0.0047646863386034966,0.04080786183476448,0.0219141636043787,0.009396972134709358,0.012812511064112186,0.0045829941518604755,0.016402805224061012,0.033319100737571716,0.011219246312975883,0.2645684480667114,18,0.10597520384729009,-13,0,31,8605.59375,-0.09075504541397095,0.05750010907649994,0.03231769800186157,58,37,5,101,12,10,0.009298797345196286
g7761.t1,G0RYB3,0.9023,52.9,1,590,3.21443410175121,293,95,202,49414.30859375,0.325496643781662,0.19474786520004272,0.4579184353351593,0.2878328859806061,0.17008554935455322,524,68,6,52,0,40,35,5,0.21016949152542372,0.05324642360210419,0.06525944918394089,0.00992496032267809,0.011352774687111378,0.0003917747235391289,0.049243293702602386,0.09578991681337357,0.025761956349015236,0.04665030166506767,0.14909742772579193,0.02183704823255539,0.039918314665555954,0.08167893439531326,0.02675754390656948,0.029002217575907707,0.13873544335365295,0.012247323989868164,0.026265747845172882,0.0,0.11683914065361023,1,575,2.9622397833917398,279,92,204,43506.86328125,0.3538978397846222,0.2155134081840515,0.4266807436943054,0.2273034006357193,0.19937735795974731,507,67,0,48,-5,32,32,0,0.20173913043478262,0.06531688570976257,0.047904275357723236,0.04243721440434456,0.005636294838041067,0.0,0.04915795102715492,0.1442413479089737,0.03056563250720501,0.05711543932557106,0.11619804054498672,0.003908008802682161,0.037960220128297806,0.049243420362472534,0.04158768057823181,0.007743027061223984,0.11110536754131317,0.015277327038347721,0.040541425347328186,,0.13406044244766235,15,0.25219431835947015,14,3,-2,5907.4453125,-0.028401196002960205,-0.02076554298400879,0.031237691640853882,17,1,6,4,5,5,0.008430361090641103
g8463.t1,G0SGH6,0.9011,31.7,1,143,1.8645441077157223,111,0,32,18367.671875,0.568501889705658,0.04660552740097046,0.379294753074646,0.3097875416278839,0.0695071890950203,138,6,0,191,8,12,5,7,0.3076923076923077,0.002746552461758256,0.07694101333618164,0.08968441188335419,0.04366834834218025,0.0,0.045780327171087265,0.13088053464889526,0.017869198694825172,0.0,0.164634108543396,0.005597876850515604,0.007681175600737333,0.12412499636411667,0.004634807351976633,0.012783453799784184,0.1451534628868103,0.02828196994960308,0.003636889159679413,0.029140248894691467,0.06676064431667328,1,149,1.8853578574946173,119,0,30,18478.32421875,0.47124120593070984,0.14659249782562256,0.3821662962436676,0.2247433364391327,0.1574229598045349,149,6,1,94,4,10,7,3,0.30201342281879195,0.04702321067452431,0.12075964361429214,0.08398860692977905,0.04400234669446945,0.0,0.024568062275648117,0.09344908595085144,0.018499525263905525,0.0,0.2045627385377884,0.0,0.05831495299935341,0.058844417333602905,0.01760690100491047,0.05164727568626404,0.02018061652779579,0.016588186845183372,0.0005238374578766525,0.029040861874818802,0.11039973050355911,-6,-0.02081374977889494,-8,0,2,-110.65234375,0.09726068377494812,-0.0999869704246521,-0.0028715431690216064,-11,0,-1,97,4,4,0.005678884873515755
g13714.t1,G0S9E2,0.8996,33.3,1,112,4.715270006503892,105,0,7,28262.30859375,0.2417970597743988,0.17250797152519226,0.5824472308158875,0.3861323595046997,0.19631479680538177,121,12,0,8,0,27,25,2,0.7142857142857143,0.07090142369270325,0.07526253908872604,,0.04577988013625145,0.010242555290460587,0.017467135563492775,0.06070423871278763,0.010631154291331768,0.04656980559229851,0.27458062767982483,0.0032478035427629948,0.012778591364622116,0.010046456940472126,0.00011416428606025875,0.038066256791353226,0.11155176907777786,0.0325368195772171,0.05410544574260712,,0.12541335821151733,1,113,4.713873846956666,104,0,9,28717.41796875,0.21597720682621002,0.26272058486938477,0.5162235498428345,0.3601608872413635,0.15606266260147095,114,10,0,8,1,23,19,4,0.6637168141592921,0.013285013847053051,0.033706508576869965,0.010673727840185165,0.051346246153116226,,0.046739690005779266,0.04834349825978279,0.01255087461322546,0.06881190091371536,0.17239701747894287,0.005078592337667942,0.03578675538301468,0.011235502548515797,0.0,0.0642891675233841,0.18776385486125946,0.01393202319741249,0.08128190040588379,,0.14277766644954681,-1,0.0013961595472258281,1,0,-2,-455.109375,0.025819852948188782,-0.0902126133441925,0.06622368097305298,7,2,0,0,-1,-2,0.050568900126422234
g14424.t1,G0S405,0.8992,63.5,1,128,2.1174080204807844,38,46,44,22751.9140625,0.2065204381942749,0.17737969756126404,0.5962307453155518,0.47851720452308655,0.1177135780453682,100,24,0,9,9,22,9,13,0.3515625,0.022598421201109886,0.035028126090765,0.019712185487151146,0.017285175621509552,0.0,0.027695370838046074,0.07819835841655731,0.0065461499616503716,0.1194334402680397,0.2949829399585724,0.019869090989232063,0.008367042057216167,0.02704126201570034,0.017868155613541603,,0.18353426456451416,0.0015599570469930768,0.025164904072880745,0.0,0.09511515498161316,1,592,3.177420223698104,323,90,179,42302.9765625,0.32583487033843994,0.20185567438602448,0.46064186096191406,0.3402960002422333,0.12034587562084198,544,55,8,720,16,35,18,17,0.17567567567567569,0.025837255641818047,0.050008319318294525,0.05946458876132965,0.05564488098025322,0.0,0.02273017168045044,0.040934592485427856,0.0553816594183445,0.0377369187772274,0.21839717030525208,0.011667612940073013,0.01961565762758255,0.02910298854112625,0.014651916921138763,0.036094024777412415,0.12189881503582001,0.017022399231791496,0.038375478237867355,0.050926949828863144,0.09450862556695938,-464,-1.0600122032173198,-285,-44,-135,-19551.0625,-0.11931443214416504,-0.024475976824760437,0.1355888843536377,-444,-31,-8,-711,-7,-4,0.17588682432432431
g17346.t1,G0S7J8,0.8988,35.0,1,294,2.3424626950180745,223,2,69,26873.8125,0.4092886447906494,0.24013303220272064,0.31356433033943176,0.23307040333747864,0.08049394190311432,278,10,10,668,7,18,9,9,0.24489795918367346,0.04239286109805107,0.09548478573560715,0.03596372902393341,0.05366808548569679,0.003161526285111904,0.02055189199745655,0.04883955046534538,0.061180755496025085,0.10031802207231522,0.14696663618087769,0.03701398894190788,0.024243729189038277,0.058350544422864914,0.0006003141752444208,0.040008775889873505,0.08610375225543976,0.02569344826042652,0.010619898326694965,0.07073661684989929,0.038101084530353546,1,349,2.6450992143952177,218,2,129,38552.2265625,0.3878161311149597,0.24325017631053925,0.35396504402160645,0.2814273536205292,0.07253765314817429,290,10,6,833,15,24,11,13,0.2636103151862464,0.012556958943605423,0.05570891126990318,0.03551768511533737,0.027949916198849678,0.0,0.06673120707273483,0.06862176954746246,0.08590643107891083,0.02624266967177391,0.1444249451160431,0.014968568459153175,0.07919668406248093,0.04134427383542061,0.023212403059005737,0.008981586433947086,0.13700245320796967,0.022525949403643608,0.019710397347807884,0.06941644102334976,0.059980690479278564,-55,-0.3026365193771432,5,0,-60,-11678.4140625,0.021472513675689697,-0.0031171441078186035,-0.04040071368217468,-12,0,4,-165,-8,-4,-0.018712356002572927
g13973.t1,G0RYB2,0.8977,34.4,1,139,1.4653399776339953,50,47,42,15485.7666015625,0.24038146436214447,0.34224724769592285,0.41695457696914673,0.2768353819847107,0.14011918008327484,138,20,1,224,2,11,8,3,0.302158273381295,0.054368048906326294,0.008750935085117817,0.010834491811692715,0.06832639127969742,0.0,0.06879813969135284,0.07325372844934464,0.1639871895313263,0.07575986534357071,0.21735695004463196,0.00041671120561659336,0.05815906077623367,0.0,0.0075008017010986805,0.0012263826793059707,0.059478454291820526,0.010417780838906765,0.035613905638456345,0.0,0.08575113862752914,1,155,1.5588783617051958,52,48,55,16531.333984375,0.31711065769195557,0.19665536284446716,0.48216864466667175,0.22610770165920258,0.25606095790863037,150,19,0,148,-2,13,20,-7,0.27741935483870966,0.09182526916265488,0.02946675755083561,0.02634897455573082,0.09634854644536972,0.0,0.04170065000653267,0.1232457384467125,0.04817069694399834,0.006370339076966047,0.19216029345989227,0.004065325018018484,0.06470813602209091,0.0,0.036886733025312424,0.0,0.033947400748729706,0.0,0.04051946476101875,0.0,0.16423571109771729,-16,-0.09353838407120052,-2,-1,-13,-1045.5673828125,-0.0767291933298111,0.1455918848514557,-0.06521406769752502,-12,1,1,76,4,10,0.02473891854258531
g9632.t1,G0SEB3,0.8966,35.0,1,149,1.610963471187802,53,27,69,16667.53515625,0.21633310616016388,0.19649150967597961,0.5654603242874146,0.32735496759414673,0.2381054013967514,126,8,1,119,1,16,13,3,0.28187919463087246,0.08729271590709686,0.04083270952105522,0.019551850855350494,0.0,0.0058816964738070965,0.05168657377362251,0.09847215563058853,0.03870841860771179,0.08182589709758759,0.19714440405368805,0.021715018898248672,0.0021294094622135162,0.0,0.0005697040469385684,0.009339910000562668,0.1302105337381363,0.005789827089756727,0.05803646892309189,0.0,0.15081267058849335,1,157,1.6391369786521053,54,33,70,17077.5703125,0.26926931738853455,0.12346287071704865,0.6072678565979004,0.4074697196483612,0.1997980922460556,135,13,5,113,4,19,15,4,0.27388535031847133,0.08963470160961151,0.018515603616833687,0.07705715298652649,0.0,0.0,0.06480773538351059,0.05277521535754204,0.0656999871134758,0.029654687270522118,0.2549697160720825,0.0,0.011516403406858444,0.02172749489545822,0.0003692546160891652,0.006964740809053183,0.1524999737739563,0.03438612073659897,0.009257801808416843,0.0,0.1101633831858635,-8,-0.02817350746430325,-1,-6,-1,-410.03515625,-0.052936211228370667,0.07302863895893097,-0.04180753231048584,-9,-5,-4,6,-3,-1,0.007993844312401133
g11863.t1,G0SBW8,0.8926,45.9,1,496,2.5830976233896292,203,85,208,33827.1171875,0.3025849461555481,0.24902601540088654,0.41083383560180664,0.21288159489631653,0.19795222580432892,431,59,6,400,-10,26,26,0,0.1935483870967742,0.11011254042387009,0.08288602530956268,0.06177366524934769,0.009156809188425541,0.006955370772629976,0.010492176748812199,0.05773934721946716,0.08306139707565308,0.07619676738977432,0.12929268181324005,0.03755522891879082,0.04282873496413231,0.04060506820678711,0.006485773250460625,0.000858450832311064,0.08358890563249588,0.002148152096197009,0.032639503479003906,0.03778368607163429,0.08783968538045883,1,513,2.4104645019578324,226,81,206,30120.525390625,0.19803090393543243,0.25576460361480713,0.49407443404197693,0.3053128123283386,0.1887616366147995,522,81,0,217,-10,31,31,0,0.16764132553606237,0.08249680697917938,0.05758967623114586,0.0428362637758255,0.0014996965182945132,0.0,0.03839999437332153,0.020251378417015076,0.05351845175027847,0.04424045607447624,0.09606578946113586,0.05213000625371933,0.056191541254520416,0.014222023077309132,0.006809353828430176,0.022776730358600616,0.20924703776836395,0.022916607558727264,0.07222806662321091,0.00031525222584605217,0.10626481473445892,-17,0.17263312143179688,-23,4,2,3706.591796875,0.10455404222011566,-0.006738588213920593,-0.08324059844017029,-91,-22,6,183,0,0,0.02590706156071182
g14003.t1,G0RYB2,0.8922,36.0,1,141,1.4828874839418211,50,44,47,16040.8046875,0.24362069368362427,0.3389342725276947,0.4158359169960022,0.2605290412902832,0.1553068459033966,135,22,1,272,2,11,11,0,0.28368794326241137,0.08050781488418579,0.0,0.013879084028303623,0.06311403214931488,0.0,0.05085661634802818,0.10671938210725784,0.1616712063550949,0.0725732371211052,0.2001488357782364,0.001609169295988977,0.03266759216785431,0.0,0.006633237469941378,0.0013850938994437456,0.060380224138498306,0.009051577188074589,0.06400386244058609,0.0,0.07479902356863022,1,155,1.5588783617051958,52,48,55,16531.333984375,0.31711065769195557,0.19665536284446716,0.48216864466667175,0.22610770165920258,0.25606095790863037,150,19,0,148,-2,13,20,-7,0.27741935483870966,0.09182526916265488,0.02946675755083561,0.02634897455573082,0.09634854644536972,0.0,0.04170065000653267,0.1232457384467125,0.04817069694399834,0.006370339076966047,0.19216029345989227,0.004065325018018484,0.06470813602209091,0.0,0.036886733025312424,0.0,0.033947400748729706,0.0,0.04051946476101875,0.0,0.16423571109771729,-14,-0.07599087776337465,-2,-4,-8,-490.529296875,-0.0734899640083313,0.14227890968322754,-0.06633272767066956,-15,3,1,124,4,7,0.006268588423701704
g18654.t1,G0S375,0.8901,27.8,1,303,1.955943044241631,136,56,111,21896.19140625,0.15454931557178497,0.18726448714733124,0.6555562019348145,0.5134763121604919,0.14207985997200012,296,44,0,467,8,32,14,18,0.18811881188118812,0.07425345480442047,0.0,0.021658046171069145,0.0011519759427756071,,0.06857603043317795,0.06316325068473816,0.0738564059138298,0.015305474400520325,0.466846764087677,0.002629999304190278,0.034317269921302795,0.0,0.04200773313641548,0.0008841389790177345,0.04662953317165375,0.0,0.020893463864922523,0.0,0.06782640516757965,1,327,1.9827447928441158,152,65,110,22344.73828125,0.27294886112213135,0.2807537615299225,0.4371108114719391,0.2235477864742279,0.21356302499771118,332,35,0,357,-6,20,22,-2,0.19877675840978593,0.06250401586294174,0.005723265931010246,0.06318727135658264,0.0,,0.07395326346158981,0.050266072154045105,0.03371840715408325,0.11022298783063889,0.20853427052497864,0.009186581708490849,0.06105661019682884,0.07280930131673813,0.039139602333307266,0.0,0.015013524331152439,0.007009684573858976,0.03661614656448364,0.0,0.15105900168418884,-24,-0.026801748602484743,-16,-9,1,-448.546875,-0.11839954555034637,-0.09348927438259125,0.21844539046287537,-36,9,0,110,14,20,-0.010657946528597806
g5810.t1,G0SCJ5,0.8889,49.2,1,286,4.760696534554028,154,64,68,41607.51171875,0.2975045442581177,0.12626266479492188,0.5548347234725952,0.39033520221710205,0.16449955105781555,239,17,0,101,4,35,28,7,0.40559440559440557,0.029118681326508522,0.12025047838687897,0.024970201775431633,0.02512529492378235,,0.040086355060338974,0.04294787719845772,0.02402600646018982,0.05405502766370773,0.22763244807720184,0.021397991105914116,0.024569358676671982,0.025668125599622726,0.007824952714145184,0.0060623399913311005,0.162702739238739,0.007056795991957188,0.00972498208284378,0.011399439536035061,0.13538087904453278,1,308,4.785199860416393,165,63,80,45306.82421875,0.2895524799823761,0.14433130621910095,0.559446394443512,0.42813840508461,0.1313079595565796,255,19,0,67,10,37,27,10,0.35064935064935066,0.015430131927132607,0.0744670107960701,0.027560383081436157,0.020268358290195465,0.0,0.03389531373977661,0.058111049234867096,0.04377793148159981,0.05878767743706703,0.16068191826343536,0.0066698757000267506,0.014096967875957489,0.05141755938529968,0.017822178080677986,0.002235057298094034,0.2674565315246582,0.010326242074370384,0.007611488923430443,0.013506559655070305,0.11587783694267273,-22,-0.02450332586236481,-11,1,-12,-3699.3125,0.007952064275741577,-0.018068641424179077,-0.004611670970916748,-16,-2,0,34,-6,-3,0.054945054945054916
g1275.t1,G0S9U0,0.8882,23.5,1,349,2.1422740814549726,36,162,151,25549.08203125,0.2141849398612976,0.21629486978054047,0.5693963766098022,0.3353751301765442,0.23402121663093567,340,38,83,265,-2,31,22,9,0.18624641833810887,0.05079018697142601,0.031451109796762466,0.023472318425774574,0.011853810399770737,0.00037022691685706377,0.014990860596299171,0.08827788382768631,0.06028947979211807,0.07348886132240295,0.1498187929391861,0.00012388653703965247,0.04390062391757965,0.0,0.0,0.028438767418265343,0.1855563074350357,0.02235836535692215,0.009806891903281212,0.021780606359243393,0.18323104083538055,1,316,1.8815712644627671,0,173,143,21893.2265625,0.135061576962471,0.3130001425743103,0.5368654727935791,0.389432430267334,0.14743302762508392,287,22,22,146,-1,24,14,10,0.189873417721519,0.04100484773516655,0.012490039691329002,0.004407853819429874,0.01532715279608965,0.0028803301975131035,0.03999139741063118,0.033379927277565,0.06650609523057938,0.09398280829191208,0.27518826723098755,0.01507271733134985,0.09548894315958023,0.0,0.00014737645688001066,0.03400179371237755,0.11424414068460464,0.023128025233745575,0.019992798566818237,0.006337187718600035,0.10642819851636887,33,0.26070281699220543,36,-11,8,3655.85546875,0.0791233628988266,-0.09670527279376984,0.032530903816223145,53,16,61,119,-1,-1,-0.003626999383410129
g11756.t1,G0S1P3,0.8875,33.6,1,134,1.8975037254834155,58,23,53,19460.09375,0.40138357877731323,0.25209930539131165,0.33398672938346863,0.2036444991827011,0.1303422451019287,108,9,0,106,2,13,8,5,0.3582089552238806,0.05353568494319916,0.040455982089042664,0.10953167080879211,0.000994819332845509,0.0,0.0,0.04946776106953621,0.02376524917781353,0.054768018424510956,0.05140890181064606,0.012530367821455002,0.03319036588072777,0.04654534161090851,0.009020895697176456,0.1152421236038208,0.15223559737205505,0.009940632618963718,0.016112633049488068,0.14444735646247864,0.07680653035640717,1,96,1.3008947172566083,33,24,39,13473.9208984375,0.225241020321846,0.33178016543388367,0.4204116463661194,0.34527912735939026,0.07513248920440674,73,13,0,23,5,15,7,8,0.375,0.0,0.0019157282076776028,0.03729664534330368,0.012931164354085922,0.0,0.03648468479514122,0.05346424877643585,0.019984090700745583,0.18154123425483704,0.22104062139987946,0.02256711572408676,0.06423074007034302,0.08314855396747589,0.020315643399953842,0.008506128564476967,0.124238520860672,0.0,0.03720233216881752,,0.07513248920440674,38,0.5966090082268072,25,-1,14,5986.1728515625,0.17614255845546722,-0.07968086004257202,-0.08642491698265076,35,-4,0,83,-3,-3,-0.016791044776119424
g11348.t1,G0SBV6,0.8848,54.4,1,1371,4.040746963869525,618,215,538,69696.5625,0.16187533736228943,0.30623045563697815,0.5183209180831909,0.29596632719039917,0.22235460579395294,1261,161,33,793,8,63,57,6,0.1436907366885485,0.03781687095761299,0.018090473487973213,0.06974592059850693,0.00828666053712368,0.0,0.017096899449825287,0.03747911378741264,0.038034599274396896,0.08076915144920349,0.2002955675125122,0.013573331758379936,0.06092727929353714,0.0003208930429536849,0.01724994368851185,0.0052310992032289505,0.09567075967788696,0.00461569894105196,0.10401840507984161,0.006239687092602253,0.18453772366046906,1,624,2.8240285447033866,206,140,278,39273.984375,0.2745773196220398,0.2250886708498001,0.4891194999217987,0.30388855934143066,0.18523088097572327,574,69,2,207,1,38,27,11,0.1858974358974359,0.058009177446365356,0.03233876824378967,0.09874553978443146,0.014539526775479317,0.0,0.10883986949920654,0.00524040125310421,0.05157233774662018,0.08260907977819443,0.27334433794021606,0.011214586906135082,0.014851288869976997,0.0,0.04960474744439125,0.0018074054969474673,0.030544262379407883,0.010642405599355698,0.0246437918394804,0.004230816848576069,0.1272217035293579,747,1.2167184191661384,412,75,260,30422.578125,-0.11270198225975037,0.08114178478717804,0.029201418161392212,687,92,31,586,7,-5,-0.042206699208887394
g19681.t1,G0SAY0,0.8821,43.3,1,148,3.1939856876203736,76,0,72,30252.01171875,0.26055383682250977,0.18377643823623657,0.4799026846885681,0.27855268120765686,0.20134997367858887,100,9,0,74,1,15,15,0,0.5067567567567568,0.05207342654466629,0.05556756258010864,0.06132663041353226,0.016638271510601044,,0.022291017696261406,0.057588573545217514,0.023108558729290962,0.012642563320696354,0.17643558979034424,0.07576707005500793,0.058199573308229446,0.024744097143411636,0.007492304779589176,0.05883926898241043,0.1021171286702156,0.015785029157996178,0.023494170978665352,0.006612646859139204,0.14927653968334198,1,99,2.167801849328859,53,0,46,20350.0390625,0.3590433597564697,0.15317140519618988,0.45441338419914246,0.38157105445861816,0.07284235209226608,77,7,0,27,9,16,6,10,0.48484848484848486,0.009768296964466572,0.09639982879161835,0.09964628517627716,0.0,0.0,0.00015855234232731164,0.0280582457780838,0.05928746238350868,0.020530905574560165,0.1740553379058838,0.033371880650520325,0.033957622945308685,0.09355685859918594,0.003952964209020138,0.018910111859440804,0.20751570165157318,0.025368371978402138,0.016532322391867638,0.01585523411631584,0.06307405233383179,49,1.0261838382915145,23,0,26,9901.97265625,-0.09848952293395996,0.030605033040046692,0.02548930048942566,23,2,0,47,-8,-10,0.021908271908271937
g10223.t1,G0SGE1,0.882,61.1,1,207,2.179815486482689,66,47,94,25107.529296875,0.22781571745872498,0.36617252230644226,0.3949277997016907,0.23462040722370148,0.160307377576828,167,18,2,177,-2,15,13,2,0.2898550724637681,0.07317838072776794,0.025824468582868576,0.057974785566329956,0.023388655856251717,0.09580747783184052,0.005502453539520502,0.07170391082763672,0.048347387462854385,0.12592244148254395,0.1388811320066452,0.011084009893238544,0.026043402031064034,0.007952915504574776,0.016992097720503807,0.006098122335970402,0.09573928266763687,0.03251280263066292,0.04696160554885864,0.002955709584057331,0.08712899684906006,1,205,2.1142098524013146,69,47,89,24341.84765625,0.26147860288619995,0.24209076166152954,0.4796842634677887,0.2599402368068695,0.2197440266609192,170,29,4,175,-7,16,19,-3,0.3024390243902439,0.07372642308473587,0.0021208226680755615,0.01272493600845337,0.06746866554021835,0.09129703789949417,0.03832205384969711,0.0852188915014267,0.023370936512947083,0.03368120267987251,0.15690340101718903,0.016746319830417633,0.00621782848611474,0.04450705274939537,0.006760122254490852,0.007741962093859911,0.10303683578968048,0.011116186156868935,0.07302166521549225,0.0,0.14601761102676392,2,0.06560563408137421,-3,0,5,765.681640625,-0.033662885427474976,0.12408176064491272,-0.08475646376609802,-3,-11,-2,2,5,5,-0.012583951926475767
g14428.t1,G0S189,0.8818,56.3,1,450,2.439930496781602,170,66,214,32331.359375,0.2069125920534134,0.23861731588840485,0.5281995534896851,0.282654732465744,0.24554480612277985,379,53,25,176,-4,25,31,-6,0.18666666666666668,0.08498400449752808,0.029736988246440887,0.04011806473135948,0.0,0.0,0.03330172225832939,0.06686792522668839,0.08263600617647171,0.06587044894695282,0.208530455827713,0.026270601898431778,0.038225553929805756,0.0026944968849420547,0.006969493813812733,0.011360212229192257,0.07412424683570862,0.03419337049126625,0.03355560451745987,0.0,0.16056080162525177,1,434,2.446060241666405,158,66,210,33327.796875,0.17479217052459717,0.24334542453289032,0.5642451047897339,0.3145388960838318,0.2497061938047409,366,55,19,178,-8,29,33,-4,0.19815668202764977,0.10941006988286972,0.036691926419734955,0.03306130692362785,0.009874871000647545,0.0004902483779005706,0.03987392410635948,0.03883202373981476,0.07979072630405426,0.07951820641756058,0.20588640868663788,0.01761726289987564,0.02477896958589554,0.00029043739777989686,0.00893262680619955,0.002743553137406707,0.1086525171995163,0.01616768166422844,0.04709110036492348,,0.14029614627361298,16,-0.006129744884802779,12,0,4,-996.4375,0.03212042152881622,-0.004728108644485474,-0.03604555130004883,13,-2,6,-2,4,-2,-0.011490015360983097
g2271.t1,G0S9M9,0.8813,67.1,1,70,1.3746790054506806,0,31,39,14606.509765625,0.1947566419839859,0.1939614862203598,0.606047511100769,0.49379944801330566,0.11224808543920517,38,6,0,0,4,13,6,7,0.38571428571428573,0.015973765403032303,0.022124342620372772,0.018113620579242706,0.002379514742642641,,0.008394117467105389,0.11842741817235947,0.0,0.11020271480083466,0.12434215843677521,0.005234335083514452,0.0002158616844099015,0.0,0.03852212429046631,,0.3694572448730469,0.025317635387182236,0.04502078890800476,,0.09627431631088257,1,68,1.3344754507115901,0,31,37,14158.158203125,0.20113889873027802,0.1716645359992981,0.6271965503692627,0.4771386384963989,0.15005797147750854,45,6,0,2,6,12,8,4,0.39705882352941174,0.07945175468921661,0.0031645249109715223,0.030537672340869904,0.015936927869915962,,0.0,0.14261195063591003,0.01657896861433983,0.0,0.07202941179275513,,0.07454486936330795,0.007520471699535847,0.0,,0.4051091969013214,0.0013673584908246994,0.08054069429636002,,0.07060619443655014,2,0.04020355473909043,0,0,2,448.3515625,-0.006382256746292114,0.022296950221061707,-0.021149039268493652,-7,0,0,-2,-2,3,-0.01134453781512601
g11348.t1,G0SAV6,0.8807,37.0,1,1371,4.040746963869525,618,215,538,69696.5625,0.16187533736228943,0.30623045563697815,0.5183209180831909,0.29596632719039917,0.22235460579395294,1261,161,33,793,8,63,57,6,0.1436907366885485,0.03781687095761299,0.018090473487973213,0.06974592059850693,0.00828666053712368,0.0,0.017096899449825287,0.03747911378741264,0.038034599274396896,0.08076915144920349,0.2002955675125122,0.013573331758379936,0.06092727929353714,0.0003208930429536849,0.01724994368851185,0.0052310992032289505,0.09567075967788696,0.00461569894105196,0.10401840507984161,0.006239687092602253,0.18453772366046906,1,541,2.8362767502315798,192,108,241,38452.74609375,0.23291131854057312,0.2334868609905243,0.5300306677818298,0.29491373896598816,0.23511692881584167,490,58,1,180,-2,33,31,2,0.19038817005545286,0.08733788132667542,0.04965905100107193,0.05258031189441681,0.02340688928961754,0.0,0.039591576904058456,0.022871650755405426,0.044802118092775345,0.050881821662187576,0.19768399000167847,0.0035711126402020454,0.08294028043746948,0.014264593832194805,0.014661548659205437,0.002759444760158658,0.09722974896430969,0.018877698108553886,0.037441663444042206,0.011659551411867142,0.14777903258800507,830,1.2044702136379453,426,107,297,31243.81640625,-0.07103598117828369,0.07274359464645386,-0.011709749698638916,771,103,32,613,10,4,-0.04669743336690435
g14442.t1,G0S6W5,0.8792,57.8,1,166,2.0664616875148276,88,14,64,21574.732421875,0.17131900787353516,0.15461423993110657,0.6585189700126648,0.2952336370944977,0.3632853925228119,153,19,4,93,-11,17,28,-11,0.3313253012048193,0.12293408811092377,0.0067298440262675285,0.048291683197021484,0.0,0.0,0.015254313126206398,0.08953902870416641,0.04423175007104874,0.038698695600032806,0.21317221224308014,0.015547730028629303,0.036010898649692535,0.001794625073671341,0.002195547567680478,0.0,0.08206142485141754,0.0,0.033477336168289185,0.009709510020911694,0.24035130441188812,1,168,2.0245448604827554,90,14,64,20015.921875,0.15161307156085968,0.24374891817569733,0.6019006967544556,0.20833836495876312,0.39356234669685364,162,24,1,36,-16,13,26,-13,0.31547619047619047,0.19392026960849762,0.015764424577355385,0.03369058668613434,0.0,0.0,0.012412321753799915,0.07153332978487015,0.11616954207420349,0.049256566911935806,0.12254183739423752,0.0027373172342777252,0.06344206631183624,0.0008059949032031,0.010770426131784916,0.0006447959458455443,0.0857965275645256,0.0,0.0034655253402888775,0.01740642450749874,0.19964206218719482,-2,0.041916827032072224,-2,0,0,1558.810546875,0.019705936312675476,-0.08913467824459076,0.05661827325820923,-9,-5,3,57,5,2,0.015849110728628824
g7793.t2,G0SGH6,0.8791,33.7,1,143,1.8519244369640455,109,0,34,18054.861328125,0.5307351350784302,0.08196493983268738,0.3791269063949585,0.30635708570480347,0.07276981323957443,143,6,0,167,8,13,5,8,0.3076923076923077,0.03284741938114166,0.10132737457752228,0.09785044193267822,0.11173205822706223,0.0,0.025095956400036812,0.10249680280685425,0.021327603608369827,0.0,0.1026616021990776,0.00817298423498869,0.006242553703486919,0.06401704996824265,0.008443527854979038,0.01917414925992489,0.20369552075862885,0.00035741578903980553,0.026777103543281555,0.02785804122686386,0.03992239758372307,1,149,1.8853578574946173,119,0,30,18478.32421875,0.47124120593070984,0.14659249782562256,0.3821662962436676,0.2247433364391327,0.1574229598045349,149,6,1,94,4,10,7,3,0.30201342281879195,0.04702321067452431,0.12075964361429214,0.08398860692977905,0.04400234669446945,0.0,0.024568062275648117,0.09344908595085144,0.018499525263905525,0.0,0.2045627385377884,0.0,0.05831495299935341,0.058844417333602905,0.01760690100491047,0.05164727568626404,0.02018061652779579,0.016588186845183372,0.0005238374578766525,0.029040861874818802,0.11039973050355911,-6,-0.033433420530571745,-10,0,4,-423.462890625,0.05949392914772034,-0.06462755799293518,-0.0030393898487091064,-6,0,-1,73,4,5,0.005678884873515755
g14011.t1,G0RYB2,0.8785,33.9,1,141,1.4855288482726174,50,44,47,15874.400390625,0.16649675369262695,0.39219245314598083,0.4413107633590698,0.2708379030227661,0.1704728752374649,135,20,1,233,1,11,10,1,0.2907801418439716,0.10572250932455063,0.017581211403012276,0.018496178090572357,0.0351584292948246,0.0,0.021743616089224815,0.07331406325101852,0.07668882608413696,0.03882328420877457,0.20225173234939575,,0.09851173311471939,0.0,0.012800412252545357,0.0010070056887343526,0.06858616322278976,0.0002032546908594668,0.1643611639738083,0.0,0.06475038081407547,1,155,1.5588783617051958,52,48,55,16531.333984375,0.31711065769195557,0.19665536284446716,0.48216864466667175,0.22610770165920258,0.25606095790863037,150,19,0,148,-2,13,20,-7,0.27741935483870966,0.09182526916265488,0.02946675755083561,0.02634897455573082,0.09634854644536972,0.0,0.04170065000653267,0.1232457384467125,0.04817069694399834,0.006370339076966047,0.19216029345989227,0.004065325018018484,0.06470813602209091,0.0,0.036886733025312424,0.0,0.033947400748729706,0.0,0.04051946476101875,0.0,0.16423571109771729,-14,-0.07334951343257834,-2,-4,-8,-656.93359375,-0.1506139039993286,0.19553709030151367,-0.04085788130760193,-15,1,1,85,3,8,0.013360787005261943
g3111.t1,G0SHH3,0.8761,43.0,1,163,1.6772262322248805,59,55,49,17623.921875,0.2125270664691925,0.22585706412792206,0.5616159439086914,0.31399524211883545,0.24762064218521118,153,31,0,321,-8,17,18,-1,0.294478527607362,0.16675196588039398,0.0,0.13546797633171082,0.007335054688155651,,0.0043896897695958614,0.024215131998062134,0.07432059943675995,0.01327626220881939,0.31399524211883545,0.0,0.05070775747299194,0.0,0.0,0.003603118471801281,0.0,0.04111922159790993,0.08394932746887207,0.0,0.0808686763048172,1,170,1.7641869354093078,52,46,72,19608.482421875,0.12428165227174759,0.14497368037700653,0.7307447195053101,0.2674044072628021,0.46334031224250793,150,30,1,207,-13,15,25,-10,0.3058823529411765,0.12293573468923569,0.0006581940106116235,0.024667266756296158,0.0016379820881411433,0.0,0.024236882105469704,0.031825702637434006,0.016274724155664444,0.036270804703235626,0.264337420463562,0.0,0.029233358800411224,0.0,0.026517534628510475,0.00016079703345894814,0.0030669665429741144,0.04125562310218811,0.036516450345516205,0.0,0.34040459990501404,-7,-0.08696070318442728,7,9,-23,-1984.560546875,0.08824541419744492,0.08088338375091553,-0.16912877559661865,3,1,-1,114,5,9,-0.01140382533381451
g8228.t1,G0S379,0.876,59.1,1,161,3.630897550666757,25,49,87,36981.6953125,0.2729588449001312,0.3226589858531952,0.3992345929145813,0.3055434823036194,0.0936911478638649,79,11,0,0,13,22,7,15,0.515527950310559,0.013994247652590275,0.0021811779588460922,0.13231752812862396,0.028850950300693512,0.009640666656196117,0.009420698508620262,0.05447894334793091,0.0005987857584841549,0.17603686451911926,0.250274121761322,0.005147579591721296,0.07763608545064926,0.004013367462903261,0.00600478844717145,0.0007673220825381577,0.055269330739974976,0.037072066217660904,0.05197444558143616,0.004624097142368555,0.0796969011425972,1,116,2.368801339747413,23,49,44,21697.2890625,0.23970070481300354,0.2568841874599457,0.5034151077270508,0.3197402358055115,0.1836749017238617,83,15,0,0,8,18,9,9,0.43103448275862066,0.055720847100019455,0.0032715615816414356,0.05803222954273224,0.017844879999756813,0.015564383007586002,0.05691037327051163,0.08275359869003296,0.040623921900987625,0.0908266231417656,0.24599698185920715,0.0,0.016343779861927032,0.004609927535057068,0.012771863490343094,0.03209519386291504,0.07374321669340134,0.005437755957245827,0.048658404499292374,0.010840372182428837,0.12795403599739075,45,1.2620962109193443,2,0,43,15284.40625,0.033258140087127686,0.06577479839324951,-0.10418051481246948,-4,-4,0,0,5,6,0.08449346755193832
g16757.t1,G0SDL4,0.8747,24.3,1,197,2.4973801951512273,97,10,90,28808.484375,0.15957318246364594,0.19550150632858276,0.6088588833808899,0.4035293757915497,0.2053295075893402,152,15,0,39,19,30,17,13,0.3299492385786802,0.053840335458517075,0.05225507169961929,0.029567964375019073,0.004367995075881481,,0.0024639968760311604,0.0389733612537384,0.008345458656549454,0.015460323542356491,0.2507661283016205,0.0360664464533329,0.02678734064102173,0.024466685950756073,0.011800489388406277,0.04755733162164688,0.15276320278644562,0.007478105835616589,0.08555056154727936,0.0,0.15148918330669403,1,183,2.345046185925439,102,10,71,24345.29296875,0.23316168785095215,0.11898162961006165,0.6010697484016418,0.4250788390636444,0.17599089443683624,150,17,0,25,11,24,15,9,0.3114754098360656,0.08649872988462448,0.08778069168329239,0.0229281485080719,0.0,0.0,0.0035693172831088305,0.03605666756629944,0.02040291018784046,0.013001788407564163,0.28224217891693115,0.046786971390247345,0.014446059241890907,0.058175791054964066,0.0,0.06267295032739639,0.14283666014671326,0.024651074782013893,0.008457916788756847,0.0,0.08949217200279236,14,0.15233400922578832,-5,0,19,4463.19140625,-0.07358850538730621,0.07651987671852112,0.007789134979248047,2,-2,0,14,8,4,0.018473828742614606
g14833.t1,G0S4Q3,0.8742,26.5,1,167,3.124401727957003,88,0,79,36780.796875,0.23843860626220703,0.39285364747047424,0.3477281630039215,0.2964353859424591,0.051292769610881805,122,8,0,16,14,25,9,16,0.48502994011976047,0.010552015155553818,0.025278137996792793,0.06143428757786751,0.014913023449480534,0.0,0.017193838953971863,0.04399314522743225,0.015032830648124218,0.07811571657657623,0.09160204231739044,0.020979585126042366,0.07180069386959076,0.058359961956739426,0.0,0.012990277260541916,0.20483334362506866,0.00043861829908564687,0.21491418778896332,0.016827596351504326,0.04074075445532799,1,124,1.819910710562655,71,0,53,18889.05859375,0.38549235463142395,0.3187272548675537,0.28991538286209106,0.2723574638366699,0.017557887360453606,115,23,0,132,8,13,4,9,0.3467741935483871,0.0,0.04055233299732208,0.035746656358242035,0.025963973253965378,,0.02476826310157776,0.09760146588087082,0.08995833247900009,0.12323202192783356,0.09806261956691742,0.005864852573722601,0.03154247626662254,0.11522655934095383,0.016436170786619186,0.020392190665006638,0.1742948442697525,0.028964661061763763,0.03716609999537468,0.016668464988470078,0.017557887360453606,43,1.3044910173943478,17,0,26,17891.73828125,-0.14705374836921692,0.07412639260292053,0.057812780141830444,7,-15,0,-116,6,7,0.13825574657137335
g17199.t1,G0SHJ6,0.8723,23.5,1,139,1.9818865411945716,52,26,61,21361.36328125,0.14648166298866272,0.14530892670154572,0.6813243627548218,0.6180561780929565,0.06326817721128464,106,9,0,40,27,30,4,26,0.34532374100719426,0.047638606280088425,0.023552827537059784,0.04425300285220146,0.0015104591147974133,,0.0049845147877931595,0.0540553517639637,0.007106059696525335,0.05225268378853798,0.4383751153945923,0.026885008439421654,0.020971274003386497,0.0003020917938556522,0.03801104798913002,0.0,0.17968103289604187,0.017823414877057076,0.026967868208885193,0.0,0.015629570931196213,1,147,2.2683102771516697,56,26,65,22375.349609375,0.1451936811208725,0.2431236058473587,0.5940611362457275,0.533280611038208,0.060780588537454605,112,7,0,8,23,24,5,19,0.3333333333333333,0.017139282077550888,0.018598632887005806,0.04297187924385071,0.0,,0.040884021669626236,0.023996325209736824,0.04269221052527428,0.10697756707668304,0.25358912348747253,0.01762155443429947,0.015255258418619633,0.00014420093793887645,0.019389409571886063,0.03965344652533531,0.2796914577484131,0.018598632887005806,0.01915571093559265,0.0,0.043641313910484314,-8,-0.286423735957098,-4,0,-4,-1013.986328125,0.0012879818677902222,-0.09781467914581299,0.08726322650909424,-6,2,0,32,4,7,0.011990407673860948
g10208.t1,G0S0L9,0.8714,26.5,1,144,1.4792408304801195,47,42,55,15679.07421875,0.28581514954566956,0.2108878642320633,0.48706090450286865,0.31847214698791504,0.1685887575149536,141,28,0,51,3,16,10,6,0.2638888888888889,0.15177586674690247,0.0,0.05903201177716255,0.07634688913822174,0.0,0.05738167464733124,0.0870867371559143,0.06436818838119507,0.035292062908411026,0.2674552798271179,0.01623603142797947,0.004938882309943438,0.005762029904872179,0.06129373237490654,0.0,0.05101688578724861,0.00020578678231686354,0.04499499499797821,0.0,0.016812879592180252,1,336,2.7726359234513476,103,61,172,31765.0703125,0.21592329442501068,0.15912692248821259,0.5441895723342896,0.42808571457862854,0.11610386520624161,214,15,10,106,8,27,16,11,0.2261904761904762,0.03798661381006241,0.019853178411722183,0.04398209974169731,0.016759922727942467,0.0,0.024987205862998962,0.039619337767362595,0.019319750368595123,0.038520216941833496,0.18279929459095,0.08076027035713196,0.05298134312033653,0.02651114948093891,0.02443932183086872,0.012308181263506413,0.24528640508651733,0.04410883039236069,0.011558105237782001,0.00010157529322896153,0.0781172588467598,-192,-1.2933950929712281,-56,-19,-117,-16085.99609375,0.06989185512065887,0.05176094174385071,-0.0571286678314209,-73,13,-10,-55,-5,-5,0.0376984126984127
g6985.t1,G0SH87,0.8712,27.5,1,433,2.553806595457821,85,143,205,30275.16015625,0.2718857526779175,0.2775956094264984,0.41690123081207275,0.2400437295436859,0.17685748636722565,345,44,18,498,-7,27,25,2,0.20323325635103925,0.07084763050079346,0.048832446336746216,0.03398983180522919,0.012561158277094364,0.0,0.029910525307059288,0.04674924165010452,0.0576602965593338,0.05881219357252121,0.0703284814953804,0.033617403358221054,0.07565617561340332,0.05945373699069023,0.009119203314185143,0.008229830302298069,0.16971524059772491,0.0403888002038002,0.06811791658401489,0.0,0.10600985586643219,1,512,2.4182929879027926,132,124,256,35348.0546875,0.30100753903388977,0.25720691680908203,0.3986215591430664,0.18496611714363098,0.21365544199943542,413,49,10,537,-21,23,25,-2,0.177734375,0.14588110148906708,0.04417918622493744,0.08851747214794159,0.006754668895155191,0.0,0.03331070765852928,0.07048927247524261,0.07703179121017456,0.020950762555003166,0.10326313227415085,0.04316398873925209,0.06038621813058853,0.018712259829044342,0.0365828275680542,0.001701010507531464,0.08170298486948013,0.03904395550489426,0.060554295778274536,0.0,0.06777433305978775,-79,0.1355136075550285,-47,19,-51,-5072.89453125,-0.02912178635597229,0.020388692617416382,0.018279671669006348,-68,-5,8,-39,14,4,0.025498881351039254
g16495.t1,G0SFG9,0.8711,43.9,1,293,2.376564677465417,131,44,118,32126.3515625,0.23843830823898315,0.29863980412483215,0.42511677742004395,0.34116047620773315,0.08395633101463318,269,31,4,17,3,24,15,9,0.25597269624573377,0.0343913659453392,0.0702160969376564,0.014864086173474789,0.03914826363325119,0.005610366351902485,0.010935749858617783,0.050992004573345184,0.045698054134845734,0.10564696788787842,0.15753690898418427,0.03780509904026985,0.03214188665151596,0.015959691256284714,0.01718028448522091,0.048291705548763275,0.1836235672235489,0.03632240742444992,0.044070515781641006,0.0,0.049564965069293976,1,292,2.7128623088521984,130,46,116,33630.30078125,0.33410167694091797,0.13961578905582428,0.5205461382865906,0.4216194152832031,0.09892671555280685,261,20,3,88,5,28,19,9,0.2876712328767123,0.021192850545048714,0.05521645024418831,0.04170399159193039,0.0037286002188920975,0.0019323196029290557,0.046456728130578995,0.06903393566608429,0.012437062337994576,0.011736341752111912,0.16537335515022278,0.005736428778618574,0.039416100829839706,0.09303246438503265,0.014534707181155682,0.017680495977401733,0.25624608993530273,0.024929514154791832,0.04187875986099243,0.0,0.07773386687040329,1,-0.33629763138678115,1,-2,2,-1503.94921875,-0.09566336870193481,0.15902401506900787,-0.09542936086654663,8,11,1,-71,-2,0,-0.03169853663097855
g9728.t1,G0S1S4,0.868,68.7,1,95,1.8080708015595255,9,22,64,16641.54296875,0.38505157828330994,0.3428803086280823,0.2622095048427582,0.18945060670375824,0.07275888323783875,48,1,21,51,8,10,4,6,0.42105263157894735,0.003220900660380721,0.13782572746276855,0.03308803588151932,0.07285033166408539,0.004362109582871199,0.0011633102549239993,0.09766332060098648,0.042325422167778015,0.0917636901140213,0.17138181626796722,0.009858640842139721,0.055797282606363297,0.014347492717206478,0.045340146869421005,0.04297877103090286,0.01806880533695221,0.02811332978308201,0.060312893241643906,,0.06953798234462738,1,82,1.7895878091837176,6,22,54,15463.69140625,0.461993008852005,0.27470993995666504,0.26102572679519653,0.2061491310596466,0.05487658455967903,47,2,15,46,7,6,2,4,0.4634146341463415,0.0050974017940461636,0.16491611301898956,0.04740164056420326,0.021467478945851326,0.006131153088063002,0.02503836527466774,0.06841285526752472,0.04292895644903183,0.08399029076099396,0.07634700834751129,0.0022713758517056704,0.06874953955411911,0.07257796078920364,0.06393791735172272,,0.1298021525144577,0.0621786043047905,0.008972080424427986,,0.04977918043732643,13,0.01848299237580786,3,0,10,1177.8515625,-0.07694143056869507,0.06817036867141724,0.0011837780475616455,1,-1,6,5,1,2,-0.04236200256739414
g1834.t1,G0SAJ9,0.8678,38.7,1,243,2.863646199693217,119,17,107,34081.64453125,0.2043493390083313,0.19488437473773956,0.5843285322189331,0.5034289360046387,0.08089958876371384,171,14,6,50,32,40,11,29,0.3168724279835391,0.015819676220417023,0.004544212017208338,0.07004983723163605,0.007384344004094601,0.0,0.005671632010489702,0.057474903762340546,0.031102029606699944,0.0853864997625351,0.37455418705940247,0.016437815502285957,0.045636750757694244,0.0009467109339311719,0.001607608050107956,0.00935889407992363,0.128874734044075,0.057143453508615494,0.021792588755488396,0.0011342527577653527,0.06507990509271622,1,262,3.1201463751815686,126,19,117,37493.6328125,0.2763862609863281,0.14303089678287506,0.5805829763412476,0.46480414271354675,0.11577875912189484,190,22,0,41,36,45,14,31,0.3549618320610687,0.009586703963577747,0.04509326070547104,0.07206574827432632,0.04824201390147209,0.0,0.026663577184081078,0.006772938184440136,0.05364547669887543,0.04092059284448624,0.40274450182914734,0.0,0.009035863913595676,0.028484484180808067,0.016411922872066498,0.010261687450110912,0.062059663236141205,0.041233137249946594,0.012755345553159714,0.007831082679331303,0.10619205981492996,-19,-0.25650017548835136,-7,-2,-10,-3411.98828125,-0.07203692197799683,0.0518534779548645,0.003745555877685547,-19,-8,6,9,-4,-2,-0.03808940407752959
g4461.t1,G0SD68,0.8664,48.7,1,123,1.7773531368753184,32,32,59,20167.03515625,0.21221457421779633,0.09973690658807755,0.656088650226593,0.47049060463905334,0.18559804558753967,82,7,0,16,19,23,10,13,0.34146341463414637,0.04721575602889061,0.0,0.051197152584791183,0.0030398310627788305,,0.03162252530455589,0.08060489594936371,0.00925996620208025,0.026984866708517075,0.32562100887298584,0.03195984289050102,0.03376441448926926,0.00799955427646637,0.016434812918305397,0.0,0.1448695957660675,0.03167823702096939,0.013292848132550716,0.006072367075830698,0.13838227093219757,1,120,1.6925909007175188,32,32,56,19107.486328125,0.21547842025756836,0.16172297298908234,0.5878869891166687,0.3986852467060089,0.18920181691646576,90,12,0,12,15,18,7,11,0.325,0.009175816550850868,0.04255346208810806,0.013340171426534653,0.02448512613773346,,0.00016886294179130346,0.1013270914554596,0.01590256206691265,0.07894177734851837,0.3872552514076233,0.03491154685616493,0.015181737020611763,0.02482284978032112,0.015864888206124306,0.0004950393340550363,0.011429966427385807,0.001519766403362155,0.03533696383237839,0.00726110627874732,0.18002599477767944,3,0.08476223615779954,0,0,3,1059.548828125,-0.0032638460397720337,-0.06198606640100479,0.06820166110992432,-8,-5,0,4,4,2,0.016463414634146356
g19137.t1,G0SBH5,0.8656,44.3,1,547,3.0639668593656313,189,100,258,49588.3984375,0.24886317551136017,0.23377810418605804,0.501091480255127,0.37438535690307617,0.1267060935497284,445,50,14,258,14,44,34,10,0.21937842778793418,0.052842237055301666,0.06274323910474777,0.020886365324258804,0.01007789932191372,0.0029584679286926985,0.026195121929049492,0.04323422163724899,0.01650989055633545,0.09430750459432602,0.2001575082540512,0.01626734808087349,0.03320854529738426,0.06601881235837936,0.007385197561234236,0.010421904735267162,0.17422786355018616,0.019323281943798065,0.06898657232522964,0.00038421250064857304,0.07386385649442673,1,589,2.8744933476900765,220,110,259,45192.578125,0.2946808934211731,0.18617163598537445,0.49612581729888916,0.33830371499061584,0.1578221172094345,503,55,6,255,6,34,26,8,0.21222410865874364,0.03883809223771095,0.07922250777482986,0.042837291955947876,0.0037093099672347307,0.0,0.05953503027558327,0.07184597104787827,0.019328048452734947,0.027298660948872566,0.16056153178215027,0.023021599277853966,0.05071409419178963,0.0016420962056145072,0.00991886667907238,0.0022765169851481915,0.17774218320846558,0.03181915357708931,0.0766354352235794,0.004069542977958918,0.11898403614759445,-42,0.18947351167555482,-31,-10,-1,4395.8203125,-0.04581771790981293,0.047606468200683594,0.004965662956237793,-58,-5,8,3,8,2,0.0071543191291905395
g11515.t1,P9WF01,0.8655,27.2,1,319,2.255651972743377,143,88,88,27181.0625,0.22671018540859222,0.31521013379096985,0.3678238093852997,0.28667765855789185,0.08114617317914963,280,24,3,353,1,21,14,7,0.2445141065830721,0.03629463538527489,0.04676192253828049,0.03815789893269539,0.017141958698630333,0.0,0.017457108944654465,0.06079363450407982,0.05663497373461723,0.04984698444604874,0.21713000535964966,0.09025590866804123,0.049871500581502914,0.046397678554058075,0.02977469190955162,0.02326211705803871,0.0695476308465004,0.0,0.10581986606121063,0.0,0.04485153406858444,1,274,2.581158290194848,107,80,87,29044.9453125,0.2046181857585907,0.3017588257789612,0.49362295866012573,0.3256874084472656,0.1679355651140213,236,20,0,202,-1,22,16,6,0.2591240875912409,0.04063264653086662,0.04254637286067009,0.018662791699171066,0.021083589643239975,,0.07108516991138458,0.027093570679426193,0.09368827193975449,0.03779051825404167,0.14048084616661072,0.0,0.04872608929872513,0.0011108805192634463,0.045310188084840775,0.009338297881186008,0.1852065622806549,0.008609149605035782,0.06690549105405807,0.014426657930016518,0.12730291485786438,45,-0.3255063174514712,36,8,1,-1863.8828125,0.022091999650001526,0.013451308012008667,-0.12579914927482605,44,4,3,151,2,1,-0.014609981008168793
g19137.t2,G0SBH5,0.865,46.5,1,569,2.893005667893344,202,110,257,42669.1171875,0.22510617971420288,0.23743018507957458,0.5184895396232605,0.38653436303138733,0.13195517659187317,491,60,15,254,15,48,30,18,0.18980667838312829,0.05518516153097153,0.05992529168725014,0.017615508288145065,0.016407346352934837,0.0,0.02524428814649582,0.04015181586146355,0.019558627158403397,0.0835021585226059,0.19825173914432526,0.018974030390381813,0.037538252770900726,0.04249722138047218,0.006485894322395325,0.02152944728732109,0.18828262388706207,0.023042753338813782,0.06881581246852875,0.00022196753707248718,0.07677000761032104,1,589,2.8744933476900765,220,110,259,45192.578125,0.2946808934211731,0.18617163598537445,0.49612581729888916,0.33830371499061584,0.1578221172094345,503,55,6,255,6,34,26,8,0.21222410865874364,0.03883809223771095,0.07922250777482986,0.042837291955947876,0.0037093099672347307,0.0,0.05953503027558327,0.07184597104787827,0.019328048452734947,0.027298660948872566,0.16056153178215027,0.023021599277853966,0.05071409419178963,0.0016420962056145072,0.00991886667907238,0.0022765169851481915,0.17774218320846558,0.03181915357708931,0.0766354352235794,0.004069542977958918,0.11898403614759445,-20,0.01851232020326732,-18,0,-2,-2523.4609375,-0.06957471370697021,0.051258549094200134,0.022363722324371338,-12,5,9,-1,9,10,-0.022417430275615352
g10396.t1,P0CU28,0.8619,54.4,1,150,2.492188784509351,48,36,66,25934.296875,0.24991004168987274,0.11692671477794647,0.6326656341552734,0.5782984495162964,0.054367125034332275,105,14,3,51,28,32,6,26,0.35333333333333333,0.0017077357042580843,0.035457514226436615,0.01965714618563652,0.0,0.0,0.04766087979078293,0.08093617856502533,0.004156675189733505,0.055638376623392105,0.3685007095336914,0.0004976493073627353,0.01886529102921486,0.06619831174612045,0.016424482688307762,0.0,0.20979779958724976,0.0,0.021841896697878838,,0.05265938863158226,1,136,2.4227783704836745,46,36,54,23454.328125,0.19990240037441254,0.2015160173177719,0.5985815525054932,0.4742882251739502,0.12429339438676834,100,19,0,36,23,25,9,16,0.36764705882352944,0.042211297899484634,0.04003205522894859,0.03356325998902321,0.007841330021619797,,0.022423455491662025,0.06940175592899323,0.009716479107737541,0.07836653292179108,0.3032972812652588,0.0,0.03945312649011612,0.010604788549244404,0.0119365518912673,0.0583353117108345,0.1709909588098526,0.0160357728600502,0.003708041738718748,,0.082082100212574,14,0.06941041402567638,2,0,12,2479.96875,0.050007641315460205,-0.08458930253982544,0.03408408164978027,5,-5,3,15,5,10,-0.014313725490196105
g5810.t1,G0SEE1,0.8597,57.5,1,286,4.760696534554028,154,64,68,41607.51171875,0.2975045442581177,0.12626266479492188,0.5548347234725952,0.39033520221710205,0.16449955105781555,239,17,0,101,4,35,28,7,0.40559440559440557,0.029118681326508522,0.12025047838687897,0.024970201775431633,0.02512529492378235,,0.040086355060338974,0.04294787719845772,0.02402600646018982,0.05405502766370773,0.22763244807720184,0.021397991105914116,0.024569358676671982,0.025668125599622726,0.007824952714145184,0.0060623399913311005,0.162702739238739,0.007056795991957188,0.00972498208284378,0.011399439536035061,0.13538087904453278,1,276,4.426817792017558,152,72,52,39428.7890625,0.30113551020622253,0.22072775661945343,0.46782025694847107,0.3468632996082306,0.1209568977355957,236,20,0,28,4,31,25,6,0.39855072463768115,0.01478474773466587,0.07455052435398102,0.018408523872494698,0.03387854993343353,,0.054382480680942535,0.048445384949445724,0.042543746531009674,0.08731921017169952,0.15079766511917114,0.010316440835595131,0.05135128274559975,0.03117808699607849,0.01013941690325737,0.01338800135999918,0.19606564939022064,0.024222344160079956,0.015986112877726555,0.016069598495960236,0.10617215186357498,10,0.33387874253647,2,-8,16,2178.72265625,-0.0036309659481048584,-0.09446509182453156,0.08701446652412415,3,-3,0,73,0,1,0.0070436809567244185
g19502.t2,G0SBL8,0.8596,41.1,1,350,2.146238970986476,17,174,159,25342.0859375,0.1676000952720642,0.23029498755931854,0.5847468972206116,0.40470603108406067,0.1800408810377121,311,30,55,330,1,26,17,9,0.19142857142857142,0.11650404334068298,0.00611134385690093,0.04108941927552223,0.014760375022888184,0.0,0.021154986694455147,0.01521961111575365,0.07732167840003967,0.06652789562940598,0.31000879406929016,0.017358053475618362,0.029558083042502403,0.011452965438365936,0.0406024307012558,0.0011371690779924393,0.0946972444653511,0.005173664074391127,0.015147740021348,0.05263770744204521,0.06353683769702911,1,357,2.218807285685344,25,167,165,26333.94921875,0.15838050842285156,0.22672393918037415,0.5538668632507324,0.334460586309433,0.21940632164478302,292,35,1,302,-3,25,16,9,0.19887955182072828,0.11239729821681976,0.04349011927843094,0.01580282859504223,0.0,0.0,0.03751995414495468,0.009517163038253784,0.06791093945503235,0.08569527417421341,0.1422308087348938,0.06102864444255829,0.011968264356255531,0.018623679876327515,0.02611224539577961,0.007017015945166349,0.1922297328710556,0.014312985353171825,0.028020191937685013,0.019113777205348015,0.10700902342796326,-7,-0.07256831469886782,-8,7,-6,-991.86328125,0.009219586849212646,0.003571048378944397,0.03088003396987915,19,-5,54,28,4,0,-0.0074509803921568585
g7479.t1,G0S339,0.8591,33.8,1,196,1.6664771428489458,104,23,69,17998.828125,0.25062841176986694,0.38030195236206055,0.36745625734329224,0.2674902379512787,0.09996604919433594,190,14,0,354,1,15,12,3,0.23979591836734693,0.017041238024830818,0.05931730940937996,0.09076026827096939,0.0,0.0,0.0010714984964579344,0.03566126525402069,0.17541499435901642,0.06923211365938187,0.24302928149700165,0.0016133782919496298,0.07247363775968552,0.06328027695417404,0.026258522644639015,0.019799120724201202,0.024460917338728905,0.0005377927445806563,0.017123540863394737,0.0,0.08292480558156967,1,227,2.738367779895695,116,25,86,28323.091796875,0.27280163764953613,0.2397739142179489,0.45801469683647156,0.282723605632782,0.17529110610485077,195,14,0,246,0,19,19,0,0.30837004405286345,0.07207734137773514,0.055206697434186935,0.01378423348069191,0.001113220932893455,,0.05359848216176033,0.0762244239449501,0.03965548798441887,0.05990508943796158,0.1442139893770218,0.02940971963107586,0.044769205152988434,0.06536109745502472,0.017333198338747025,0.0170634463429451,0.138509601354599,0.007285639643669128,0.06104749068617821,0.0002278385654790327,0.10321375727653503,-31,-1.0718906370467491,-12,-2,-17,-10324.263671875,-0.02217322587966919,0.14052803814411163,-0.09055843949317932,-5,0,0,108,1,3,-0.06857412568551652
g8731.t1,G0S8A4,0.859,28.0,1,204,2.1209919773537687,98,32,74,23047.4296875,0.3188368082046509,0.3746495544910431,0.22069133818149567,0.1613880842924118,0.05930325388908386,174,12,50,214,-4,10,11,-1,0.27450980392156865,0.030151188373565674,0.09003928303718567,0.03191268444061279,0.0001399959292029962,0.019718466326594353,0.002930339192971587,0.06927397102117538,0.1092865988612175,0.1107187569141388,0.08676473051309586,0.08582233637571335,0.040674541145563126,0.1049969419836998,0.006971070077270269,0.0,0.07462335377931595,0.01707950234413147,0.08728010207414627,0.00246406439691782,0.029152069240808487,1,211,2.8261272341295847,118,21,72,30432.60546875,0.289045125246048,0.20980240404605865,0.4877138137817383,0.29339998960494995,0.19431383907794952,170,17,29,64,-4,21,20,1,0.33175355450236965,0.07754285633563995,0.08435537666082382,0.04505963996052742,0.015900982543826103,0.019827354699373245,0.008469727821648121,0.08246014267206192,0.0714760422706604,0.008840960450470448,0.12023081630468369,0.013438645750284195,0.014696059748530388,0.0449536107480526,0.005549104418605566,0.05760291591286659,0.17316918075084686,0.007845678366720676,0.0318099744617939,,0.11677099764347076,-7,-0.705135256775816,-20,11,2,-7385.17578125,0.029791682958602905,0.16484715044498444,-0.2670224756002426,4,-5,21,150,0,-2,-0.057243750580801
g1275.t1,G0S9U7,0.8566,19.8,1,349,2.1422740814549726,36,162,151,25549.08203125,0.2141849398612976,0.21629486978054047,0.5693963766098022,0.3353751301765442,0.23402121663093567,340,38,83,265,-2,31,22,9,0.18624641833810887,0.05079018697142601,0.031451109796762466,0.023472318425774574,0.011853810399770737,0.00037022691685706377,0.014990860596299171,0.08827788382768631,0.06028947979211807,0.07348886132240295,0.1498187929391861,0.00012388653703965247,0.04390062391757965,0.0,0.0,0.028438767418265343,0.1855563074350357,0.02235836535692215,0.009806891903281212,0.021780606359243393,0.18323104083538055,1,352,2.656731320273019,0,159,193,34319.6328125,0.23520544171333313,0.2249009907245636,0.5392354726791382,0.33340537548065186,0.20583008229732513,291,23,1,75,-9,28,21,7,0.23295454545454544,0.10660918802022934,0.059293195605278015,0.024400925263762474,0.001786277280189097,0.0,0.031328413635492325,0.06757573783397675,0.05290555953979492,0.06014334782958031,0.16066238284111023,0.0006581021007150412,0.06650970876216888,0.03570839390158653,0.004580994602292776,0.0021130377426743507,0.17274296283721924,0.015112477354705334,0.03864835575222969,0.0,0.09922090172767639,-3,-0.5144572388180464,36,3,-42,-8770.55078125,-0.021020501852035522,-0.008606120944023132,0.030160903930664062,49,15,82,190,7,2,-0.04670812711643657
g13446.t1,G0S7D1,0.8557,31.9,1,172,1.5650754803768199,0,56,116,17165.94140625,0.33659812808036804,0.4949418306350708,0.1675201803445816,0.14370587468147278,0.02381429821252823,127,10,37,394,6,10,3,7,0.29069767441860467,0.02381429821252823,0.06502395123243332,0.03229948505759239,0.04454701766371727,0.003673536702990532,0.004699052311480045,0.1348234862089157,0.08084741979837418,0.02209310792386532,0.04948022961616516,0.0009398104157298803,0.0934515967965126,0.037968337535858154,0.11466185003519058,0.12463070452213287,0.09422565251588821,0.016484955325722694,0.055583588778972626,0.0007518483907915652,,1,205,1.867381195148426,12,58,135,19908.982421875,0.22524675726890564,0.31096914410591125,0.398396760225296,0.14721770584583282,0.251179039478302,156,16,34,306,-3,11,14,-3,0.25365853658536586,0.08282751590013504,0.01847539283335209,0.036932311952114105,0.009399761445820332,0.0,0.04391384869813919,0.02106489986181259,0.1312415450811386,0.02503196895122528,0.12432418018579483,0.06538743525743484,0.038756825029850006,0.0,0.0688021183013916,0.004117620177567005,0.02289353497326374,0.05753302201628685,0.04301905259490013,0.037927497178316116,0.16835151612758636,-33,-0.30230571477160617,-12,-2,-19,-2743.041015625,0.1113513708114624,0.18397268652915955,-0.23087657988071442,-29,-6,3,88,9,10,0.03703913783323881
g1322.t1,G0S7D1,0.8555,32.6,1,181,1.5762143011930458,7,55,119,16610.9609375,0.3085329532623291,0.4863356947898865,0.20299479365348816,0.18230067193508148,0.020694106817245483,137,12,37,470,7,11,3,8,0.281767955801105,0.020694106817245483,0.05731727555394173,0.05224224179983139,0.004079082049429417,0.005884220823645592,0.02039540931582451,0.11001501977443695,0.07723548263311386,0.031584709882736206,0.04072342440485954,0.0021366619039326906,0.0565270259976387,0.03302113711833954,0.1395350992679596,0.0998804122209549,0.14157724380493164,0.03146277368068695,0.07568872720003128,0.0,,1,205,1.867381195148426,12,58,135,19908.982421875,0.22524675726890564,0.31096914410591125,0.398396760225296,0.14721770584583282,0.251179039478302,156,16,34,306,-3,11,14,-3,0.25365853658536586,0.08282751590013504,0.01847539283335209,0.036932311952114105,0.009399761445820332,0.0,0.04391384869813919,0.02106489986181259,0.1312415450811386,0.02503196895122528,0.12432418018579483,0.06538743525743484,0.038756825029850006,0.0,0.0688021183013916,0.004117620177567005,0.02289353497326374,0.05753302201628685,0.04301905259490013,0.037927497178316116,0.16835151612758636,-24,-0.2911668939553802,-5,-3,-16,-3298.021484375,0.08328619599342346,0.17536655068397522,-0.19540196657180786,-19,-4,3,164,10,11,0.028109419215739118
g18654.t1,G0SFV9,0.8549,29.4,1,303,1.955943044241631,136,56,111,21896.19140625,0.15454931557178497,0.18726448714733124,0.6555562019348145,0.5134763121604919,0.14207985997200012,296,44,0,467,8,32,14,18,0.18811881188118812,0.07425345480442047,0.0,0.021658046171069145,0.0011519759427756071,,0.06857603043317795,0.06316325068473816,0.0738564059138298,0.015305474400520325,0.466846764087677,0.002629999304190278,0.034317269921302795,0.0,0.04200773313641548,0.0008841389790177345,0.04662953317165375,0.0,0.020893463864922523,0.0,0.06782640516757965,1,356,2.1209908623910603,161,59,136,25801.990234375,0.22887112200260162,0.28017479181289673,0.49021807312965393,0.20632347464561462,0.2838945984840393,357,59,5,500,-7,21,22,-1,0.1853932584269663,0.0696772038936615,0.0161253921687603,0.07299800217151642,0.0013755530817434192,0.0,0.057567570358514786,0.07747385650873184,0.062291841953992844,0.06836611777544022,0.14257505536079407,0.0007360333693213761,0.04437781125307083,0.0007503016386181116,0.03156242147088051,0.0015006032772362232,0.06374841183423996,0.002580440603196621,0.0720759704709053,0.0,0.21421736478805542,-53,-0.16504781814942926,-25,-3,-25,-3905.798828125,-0.07432180643081665,-0.09291030466556549,0.16533812880516052,-61,-15,-5,-33,15,19,0.0027255534542218185
g17056.t1,G0SAD6,0.8532,27.4,1,303,1.9716711723186628,137,56,110,22106.390625,0.1592468023300171,0.2542554438114166,0.5650888085365295,0.40231066942214966,0.1627781242132187,286,29,0,224,8,28,16,12,0.20462046204620463,0.028400029987096786,0.0002919107209891081,0.04145132005214691,0.0008757321047596633,,0.04416033625602722,0.06692787259817123,0.01847018674015999,0.08480876684188843,0.4002934396266937,0.02140888385474682,0.09541546553373337,0.0011676428839564323,0.014874137006700039,0.00014262780314311385,0.00201729079708457,0.004372005350887775,0.04054427146911621,0.0,0.1343781054019928,1,321,1.9917276663829804,148,52,121,21961.412109375,0.1452178955078125,0.29306575655937195,0.5491231679916382,0.2600713074207306,0.2890518605709076,338,60,0,238,-3,24,21,3,0.19937694704049844,0.011058189906179905,0.0018664016388356686,0.05377231538295746,0.0011753510916605592,0.0,0.022828910499811172,0.06254321336746216,0.055429261177778244,0.06447824090719223,0.16643904149532318,0.01259311381727457,0.06367143988609314,0.0,0.031863272190093994,0.023021798580884933,0.093632273375988,0.003031704109162092,0.05460174009203911,0.0,0.27799367904663086,-18,-0.02005649406431753,-11,4,-11,144.978515625,0.01402890682220459,-0.03881031274795532,0.015965640544891357,-52,-31,0,-14,11,9,0.00524351500570619
g18995.t1,G0SCQ5,0.8467,71.1,1,179,1.7417721843661573,61,47,71,19546.92578125,0.3295390009880066,0.14910562336444855,0.48805269598960876,0.29835188388824463,0.18970085680484772,158,29,0,190,-1,14,13,1,0.2569832402234637,0.08132703602313995,0.01831864006817341,0.04454490914940834,0.046867650002241135,0.0,0.014030667021870613,0.09073567390441895,0.05840430036187172,0.012942974455654621,0.15329968929290771,0.033302661031484604,0.010369095019996166,0.06156987324357033,0.004734247922897339,0.004411641042679548,0.14505217969417572,0.008823282085359097,0.05824337154626846,0.044648319482803345,0.10837382823228836,1,185,1.85338978605302,65,48,72,20898.685546875,0.3613348603248596,0.23051567375659943,0.3922472596168518,0.23552094399929047,0.15672631561756134,162,35,0,160,-1,15,11,4,0.2810810810810811,0.08786974102258682,0.0991143137216568,0.05532742664217949,0.03875186666846275,0.0,0.01729167066514492,0.10132559388875961,0.067987360060215,0.06494871526956558,0.12268248945474625,0.015902161598205566,0.046874210238456726,0.045699410140514374,0.012337197549641132,0.021034779027104378,0.11283844709396362,0.0038245494943112135,0.01733342371881008,0.0,0.06885657459497452,-6,-0.11161760168686263,-4,-1,-1,-1351.759765625,-0.03179585933685303,-0.08141005039215088,0.09580543637275696,-4,-6,0,30,0,-3,-0.024097840857617403
g19569.t1,G0SDS8,0.8461,51.6,1,144,2.7625355572844077,46,32,66,27741.259765625,0.14425019919872284,0.12080865353345871,0.7198118567466736,0.5421422719955444,0.17766962945461273,97,8,0,120,15,30,16,14,0.4513888888888889,0.0667404755949974,0.006048046052455902,0.0032566399313509464,0.00046523427590727806,0.0,0.05100569128990173,0.0730147510766983,0.025983745232224464,0.014147995039820671,0.4402162730693817,0.015129336155951023,0.06982080638408661,0.0,0.006695515476167202,0.004160591866821051,0.10192598402500153,0.006156399380415678,0.0,0.004303417168557644,0.11092915385961533,1,127,1.9185065442130278,33,35,59,20699.95703125,0.21233147382736206,0.13623426854610443,0.650810718536377,0.37475988268852234,0.2760508358478546,83,5,0,126,6,22,13,9,0.3543307086614173,0.13119594752788544,0.0,0.050190821290016174,0.004201440140604973,,0.041418854147195816,0.09516944736242294,0.015590711496770382,0.041674308478832245,0.2948707938194275,0.0006234885076992214,0.013892963528633118,0.0,0.03145250305533409,0.0063445596024394035,0.07988907396793365,0.016986506059765816,0.027279220521450043,0.004364419262856245,0.14485487341880798,17,0.8440290130713799,13,-3,7,7041.302734375,-0.06808127462863922,-0.015425615012645721,0.06900113821029663,14,3,0,-6,9,5,0.09705818022747159
g16504.t1,G0RYR6,0.8445,64.8,1,137,3.0471079050608516,57,0,80,29588.169921875,0.2448669970035553,0.2675378620624542,0.477003812789917,0.37585127353668213,0.10115255415439606,85,3,0,0,13,21,8,13,0.45985401459854014,0.02697022631764412,0.014168849214911461,0.0730426162481308,0.008287686854600906,,0.059351544827222824,0.07126492261886597,0.0018185707740485668,0.094229556620121,0.2321590781211853,0.010591362603008747,0.0562918484210968,0.000981436693109572,0.03768236190080643,0.056048549711704254,0.14369218051433563,0.017769936472177505,0.02146695740520954,,0.07418233156204224,1,143,3.280025459732257,76,0,67,31468.921875,0.19502368569374084,0.2676159143447876,0.5373603701591492,0.46365267038345337,0.07370778173208237,98,1,0,0,16,24,8,16,0.46153846153846156,0.011843888089060783,0.010549025610089302,0.015789804980158806,0.0020506237633526325,0.0,0.041559234261512756,0.08426757156848907,0.024248361587524414,0.060514312237501144,0.34709393978118896,0.0,0.04362090677022934,0.03434795141220093,0.043091241270303726,0.016842203214764595,0.1165587529540062,0.006459465716034174,0.07929886877536774,,0.06186389550566673,-6,-0.2329175546714053,-19,0,13,-1880.751953125,0.04984331130981445,-7.805228233337402e-05,-0.06035655736923218,-13,2,0,0,-3,-3,-0.0016844469399214246
g19137.t1,G0RYG1,0.8417,27.6,1,547,3.0639668593656313,189,100,258,49588.3984375,0.24886317551136017,0.23377810418605804,0.501091480255127,0.37438535690307617,0.1267060935497284,445,50,14,258,14,44,34,10,0.21937842778793418,0.052842237055301666,0.06274323910474777,0.020886365324258804,0.01007789932191372,0.0029584679286926985,0.026195121929049492,0.04323422163724899,0.01650989055633545,0.09430750459432602,0.2001575082540512,0.01626734808087349,0.03320854529738426,0.06601881235837936,0.007385197561234236,0.010421904735267162,0.17422786355018616,0.019323281943798065,0.06898657232522964,0.00038421250064857304,0.07386385649442673,1,590,2.8184155805394107,206,116,268,46661.2265625,0.3243485391139984,0.17649590969085693,0.4637685716152191,0.3298875689506531,0.13388100266456604,476,52,20,291,8,42,33,9,0.2016949152542373,0.04942835494875908,0.07261299341917038,0.041307926177978516,0.04410718381404877,0.004832208622246981,0.033572860062122345,0.05819683521986008,0.03429360315203667,0.02743982896208763,0.18307743966579437,0.035387054085731506,0.0569014735519886,0.045745592564344406,0.008484533987939358,0.012670621275901794,0.1468101292848587,0.010237151756882668,0.031873639672994614,0.01856803521513939,0.08445265144109726,-43,0.24555127882622063,-17,-16,-10,2927.171875,-0.07548536360263824,0.05728219449520111,0.03732290863990784,-31,-2,-6,-33,6,1,0.017683512533696877
g6745.t1,G0S7D1,0.8408,34.8,1,145,1.331286958443735,3,50,92,13658.2978515625,0.20917154848575592,0.6051801443099976,0.16098587214946747,0.13951705396175385,0.021468831226229668,116,9,45,400,4,5,1,4,0.32413793103448274,0.021468831226229668,0.0,0.06181236729025841,0.00803193636238575,0.015005097724497318,0.03401761129498482,0.03207726404070854,0.034281738102436066,0.06641535460948944,0.0,0.024662485346198082,0.016610998660326004,0.019371140748262405,0.2599308490753174,0.0,0.13951705396175385,0.02858424186706543,0.21293602883815765,0.025276973843574524,,1,205,1.867381195148426,12,58,135,19908.982421875,0.22524675726890564,0.31096914410591125,0.398396760225296,0.14721770584583282,0.251179039478302,156,16,34,306,-3,11,14,-3,0.25365853658536586,0.08282751590013504,0.01847539283335209,0.036932311952114105,0.009399761445820332,0.0,0.04391384869813919,0.02106489986181259,0.1312415450811386,0.02503196895122528,0.12432418018579483,0.06538743525743484,0.038756825029850006,0.0,0.0688021183013916,0.004117620177567005,0.02289353497326374,0.05753302201628685,0.04301905259490013,0.037927497178316116,0.16835151612758636,-60,-0.536094236704691,-9,-8,-43,-6250.6845703125,-0.01607520878314972,0.2942110002040863,-0.23741088807582855,-40,-7,11,94,7,7,0.07047939444911688
g19137.t2,G0RYG1,0.8406,28.8,1,569,2.893005667893344,202,110,257,42669.1171875,0.22510617971420288,0.23743018507957458,0.5184895396232605,0.38653436303138733,0.13195517659187317,491,60,15,254,15,48,30,18,0.18980667838312829,0.05518516153097153,0.05992529168725014,0.017615508288145065,0.016407346352934837,0.0,0.02524428814649582,0.04015181586146355,0.019558627158403397,0.0835021585226059,0.19825173914432526,0.018974030390381813,0.037538252770900726,0.04249722138047218,0.006485894322395325,0.02152944728732109,0.18828262388706207,0.023042753338813782,0.06881581246852875,0.00022196753707248718,0.07677000761032104,1,590,2.8184155805394107,206,116,268,46661.2265625,0.3243485391139984,0.17649590969085693,0.4637685716152191,0.3298875689506531,0.13388100266456604,476,52,20,291,8,42,33,9,0.2016949152542373,0.04942835494875908,0.07261299341917038,0.041307926177978516,0.04410718381404877,0.004832208622246981,0.033572860062122345,0.05819683521986008,0.03429360315203667,0.02743982896208763,0.18307743966579437,0.035387054085731506,0.0569014735519886,0.045745592564344406,0.008484533987939358,0.012670621275901794,0.1468101292848587,0.010237151756882668,0.031873639672994614,0.01856803521513939,0.08445265144109726,-21,0.07459008735393313,-4,-6,-11,-3992.109375,-0.09924235939979553,0.06093427538871765,0.05472096800804138,15,8,-5,-37,7,9,-0.011888236871109015
g550.t1,G0SHH9,0.8398,50.3,1,148,1.9201024065035572,55,21,72,21442.7578125,0.19918181002140045,0.11129968613386154,0.673446536064148,0.41795918345451355,0.2554874122142792,109,17,20,44,0,16,18,-2,0.32432432432432434,0.08649156242609024,0.004650926683098078,0.059384725987911224,0.02795015648007393,0.0,0.02372320368885994,0.08302139490842819,0.005753415636718273,0.057961106300354004,0.2089708149433136,0.016071947291493416,0.036943260580301285,0.0,0.009612618014216423,0.0007352099637500942,0.20898835361003876,0.00045141763985157013,0.00029408399132080376,0.0,0.16899584233760834,1,144,2.000620238280172,57,20,67,21166.69140625,0.20760475099086761,0.16771318018436432,0.6183446645736694,0.2882353961467743,0.33010926842689514,96,6,14,21,-6,13,20,-7,0.3263888888888889,0.05587729439139366,0.011882985010743141,0.019511690363287926,0.0,0.0,0.023574352264404297,0.11024884134531021,0.007617701310664415,0.12382394820451736,0.12787574529647827,0.006337346509099007,0.01631055399775505,0.0,0.007438041269779205,0.0038764297496527433,0.16035966575145721,0.04238690063357353,0.008646502159535885,0.0,0.2742319405078888,4,-0.08051783177661487,-2,1,5,276.06640625,-0.008422940969467163,-0.05641349405050278,0.055101871490478516,13,11,6,23,6,5,-0.0020645645645645527
g215.t1,G0SEA8,0.8371,29.8,1,219,2.8489576263516634,81,73,65,27967.03125,0.2796042859554291,0.262187659740448,0.4582080543041229,0.26098212599754333,0.1972259134054184,202,21,1,69,-5,20,21,-1,0.3242009132420091,0.0473584309220314,0.08809206634759903,0.03261278569698334,0.01565798558294773,0.0,0.0013844356872141361,0.03448997437953949,0.10712172091007233,0.051248110830783844,0.2121748924255371,0.0,0.034421149641275406,0.10217541456222534,0.02115890383720398,0.01867038570344448,0.04880722984671593,0.0,0.029567372053861618,0.005191633477807045,0.1498674601316452,1,200,2.1640081439086334,76,75,49,22640.35546875,0.24901796877384186,0.2828702926635742,0.43165773153305054,0.2866254448890686,0.14503227174282074,209,26,2,54,1,19,12,7,0.275,0.03262025862932205,0.027403850108385086,0.03646015375852585,0.030710892751812935,0.0,0.09350964426994324,0.034367967396974564,0.0893448144197464,0.09635031968355179,0.056652698665857315,0.03645399212837219,0.039731450378894806,0.006413087248802185,0.030805286020040512,0.0022282234858721495,0.2299727350473404,0.02015237882733345,0.0244101844727993,0.0,0.11241202056407928,19,0.68494948244303,5,-2,16,5326.67578125,0.03058631718158722,-0.02068263292312622,0.026550322771072388,-7,-5,-1,15,-6,-8,0.04920091324200909
g13452.t1,G0SBP4,0.8345,27.0,1,172,1.6560846156531799,26,72,74,17761.3984375,0.1738114207983017,0.25502994656562805,0.558302104473114,0.4428313672542572,0.1154707595705986,136,22,0,77,5,19,10,9,0.2616279069767442,0.013668964616954327,0.0,0.024160858243703842,0.05595146119594574,0.0,0.041850633919239044,0.04881405457854271,0.09992978721857071,0.04403485357761383,0.38184335827827454,0.01285644806921482,0.021679164841771126,0.0,0.04327975958585739,0.022524775937199593,0.060988035053014755,0.003034389577805996,0.023581605404615402,0.0,0.1018017902970314,1,1201,6.284779270594993,665,71,465,85097.890625,0.23807696998119354,0.24738867580890656,0.49272432923316956,0.30410245060920715,0.1886218637228012,1100,142,1,846,-20,75,69,6,0.19317235636969193,0.058004509657621384,0.0332510881125927,0.08063659071922302,0.003981148358434439,0.0,0.021433372050523758,0.012471672147512436,0.05108719691634178,0.07987809181213379,0.10522158443927765,0.021810125559568405,0.028356265276670456,0.03286513313651085,0.01918981783092022,0.027173761278390884,0.1988808661699295,0.033214036375284195,0.04170352220535278,0.020223911851644516,0.13061736524105072,-1029,-4.628694654941813,-639,1,-391,-67336.4921875,-0.06426554918289185,0.007641270756721497,0.06557777523994446,-964,-120,-1,-769,25,3,0.06845555060705227
g8455.t1,G0S245,0.834,30.8,1,81,1.473097812659034,27,16,38,15193.8056640625,0.3363012671470642,0.15136954188346863,0.41113877296447754,0.35324063897132874,0.0578981451690197,62,3,0,0,11,12,4,8,0.3950617283950617,0.0026977320667356253,0.1308874785900116,0.035464007407426834,0.04003908112645149,0.0,0.0029536643996834755,0.12421087175607681,0.06476611644029617,0.0392548032104969,0.21563172340393066,0.10119032114744186,0.019077783450484276,0.0,0.0,0.0037837359122931957,0.13760890066623688,0.0027461466379463673,0.024487106129527092,,0.05520041286945343,1,104,2.4507271667909087,37,17,50,21065.916015625,0.31540483236312866,0.07940322160720825,0.5760611295700073,0.38458776473999023,0.1914733648300171,78,15,0,33,9,18,11,7,0.41346153846153844,0.04919380694627762,0.09628858417272568,0.07471274584531784,0.026803750544786453,0.0,0.00302138295955956,0.058142874389886856,,0.02206677943468094,0.15201915800571442,0.029130838811397552,0.008577201515436172,0.01026200782507658,0.04244855418801308,0.0052385334856808186,0.23256859183311462,0.02509799413383007,0.0010721501894295216,0.021075505763292313,0.14227956533432007,-23,-0.9776293541318748,-10,-1,-12,-5872.1103515625,0.020896434783935547,0.07196632027626038,-0.16492235660552979,-16,-12,0,-33,2,1,-0.01839981006647673
g989.t1,G0S871,0.8321,57.2,1,140,2.8686087486956064,71,6,63,26767.908203125,0.296612948179245,0.26669663190841675,0.42966118454933167,0.3389461636543274,0.09071499109268188,103,6,0,16,8,19,13,6,0.4785714285714286,0.007834582589566708,0.01735745184123516,0.0915667861700058,0.010125179775059223,0.0,0.019715240225195885,0.10606973618268967,0.01888875663280487,0.15773144364356995,0.2189328372478485,0.007029212545603514,0.05948610231280327,0.004942052066326141,0.007982601411640644,0.01216532289981842,0.12001335620880127,0.039656952023506165,0.010442446917295456,0.007179549429565668,0.0828804075717926,1,143,2.938559971748591,70,6,67,28257.18359375,0.17029857635498047,0.17721420526504517,0.6102652549743652,0.4144742488861084,0.19579096138477325,99,10,0,50,9,23,16,7,0.4125874125874126,0.07027638703584671,0.03669987991452217,0.013971863314509392,0.0,0.0,0.0025120696518570185,0.06573153287172318,0.0025663799606263638,0.06654684245586395,0.12631961703300476,0.04222201555967331,0.02912982925772667,0.015643343329429626,0.009957165457308292,0.026844698935747147,0.288154661655426,0.03573990240693092,0.042169276624917984,,0.12551456689834595,-3,-0.06995122305298462,1,0,-4,-1489.275390625,0.12631437182426453,0.08948242664337158,-0.18060407042503357,4,-4,0,-34,-1,-1,0.06598401598401599
g16504.t1,G0SAY1,0.8249,58.5,1,137,3.0471079050608516,57,0,80,29588.169921875,0.2448669970035553,0.2675378620624542,0.477003812789917,0.37585127353668213,0.10115255415439606,85,3,0,0,13,21,8,13,0.45985401459854014,0.02697022631764412,0.014168849214911461,0.0730426162481308,0.008287686854600906,,0.059351544827222824,0.07126492261886597,0.0018185707740485668,0.094229556620121,0.2321590781211853,0.010591362603008747,0.0562918484210968,0.000981436693109572,0.03768236190080643,0.056048549711704254,0.14369218051433563,0.017769936472177505,0.02146695740520954,,0.07418233156204224,1,133,3.0038927906305193,60,0,73,29572.677734375,0.2006128579378128,0.3174363374710083,0.4548449218273163,0.38573890924453735,0.06910601258277893,88,0,0,0,13,18,6,12,0.42857142857142855,0.00534085975959897,0.08396419137716293,0.009817021898925304,0.00447333138436079,,0.03452679142355919,0.06728598475456238,0.057973187416791916,0.08992590755224228,0.2635570168495178,0.027105897665023804,0.0812937542796135,0.0,0.023152099922299385,0.02908540889620781,0.12218190729618073,0.0005455282516777515,0.03600598871707916,,0.06376514583826065,4,0.043215114430332324,-3,0,7,15.4921875,0.04425413906574249,-0.04989847540855408,0.022158890962600708,-3,3,0,0,0,1,0.03128258602711159
g8748.t1,G0SB85,0.8246,22.7,1,464,2.775585103256398,143,125,196,37558.984375,0.2934924364089966,0.3117101192474365,0.3947974741458893,0.24218976497650146,0.15260770916938782,382,51,4,431,-2,30,29,1,0.23060344827586207,0.0609736330807209,0.02525443769991398,0.13627031445503235,0.03590875118970871,0.0,0.02053716778755188,0.028064623475074768,0.046814173460006714,0.09098677337169647,0.18436212837696075,0.0,0.1250976026058197,0.03878060355782509,0.008227132260799408,0.00042953056981787086,0.05782762169837952,0.008676516823470592,0.04015490040183067,0.0,0.09163407981395721,1,1541,4.728247326338858,395,217,929,126408.2421875,0.23839615285396576,0.27239617705345154,0.44371476769447327,0.28623703122138977,0.15747776627540588,1024,158,8,1161,-21,75,78,-3,0.2154445165476963,0.06824688613414764,0.05129006505012512,0.04081551358103752,0.026284493505954742,0.0007539204671047628,0.05722659453749657,0.015016494318842888,0.021637270227074623,0.08770417422056198,0.10788992047309875,0.04549286141991615,0.06450150161981583,0.018739042803645134,0.011529671028256416,0.003998505882918835,0.17834709584712982,0.025538664311170578,0.08227112144231796,0.0034852768294513226,0.08923087269067764,-1077,-1.9526622230824597,-252,-92,-733,-88849.2578125,0.05509628355503082,0.039313942193984985,-0.048917293548583984,-642,-107,-4,-730,19,4,0.015158931728165764
g8487.t1,G0RY60,0.8224,24.0,1,120,1.341759800025543,86,0,34,14179.6103515625,0.2517235577106476,0.42345601320266724,0.3248203694820404,0.20098039507865906,0.12383996695280075,120,11,0,54,0,8,7,1,0.3,0.06468169391155243,0.044806260615587234,0.05074327439069748,0.025257859379053116,,0.0,0.1054055243730545,0.08623350411653519,0.11150620132684708,0.1817357987165451,,0.11187005788087845,0.016838572919368744,0.04477299749851227,0.059376876801252365,0.019244607537984848,0.008672061376273632,0.009696383960545063,0.0,0.05915827676653862,1,206,2.4663711504407577,124,0,82,26677.798828125,0.38944345712661743,0.2480330765247345,0.3598926067352295,0.17176783084869385,0.18812476098537445,169,18,1,6,-3,11,17,-6,0.3155339805825243,0.04910852760076523,0.06551358103752136,0.12029577791690826,0.05587659031152725,0.0,0.017764749005436897,0.07970170676708221,0.003084770170971751,0.0910005122423172,0.04188907891511917,0.002630889881402254,0.08063609153032303,0.03517293184995651,0.019515125080943108,0.008677329868078232,0.12987875938415527,0.013545839115977287,0.04511924088001251,0.00157228484749794,0.13901622593402863,-86,-1.1246113504152147,-38,0,-48,-12498.1884765625,-0.13771989941596985,0.17542293667793274,-0.03507223725318909,-49,-7,-1,48,3,7,-0.01553398058252431
g7070.t1,G0SD35,0.8206,23.3,1,202,1.6750418025097786,117,20,65,18242.109375,0.1898135244846344,0.17328138649463654,0.6202923655509949,0.36916986107826233,0.25112250447273254,196,20,0,312,4,19,16,3,0.26732673267326734,0.1449456661939621,0.03219097852706909,0.051686838269233704,0.0,0.0,0.029873833060264587,0.03700507432222366,0.04385989159345627,0.024464232847094536,0.34878572821617126,0.01661265827715397,0.04259426146745682,0.038879916071891785,0.020482489839196205,0.014868363738059998,0.02038414031267166,0.00017687352374196053,0.02701215073466301,0.0,0.10617685317993164,1,518,3.2646662670039723,205,76,237,37984.9140625,0.2074597328901291,0.1945125162601471,0.5826676487922668,0.38455191254615784,0.19811572134494781,414,57,2,391,-6,39,30,9,0.19111969111969113,0.0637759193778038,0.06708326935768127,0.08028039336204529,0.01732226088643074,0.0,0.005364688113331795,0.01542023103684187,0.027158750221133232,0.04842143878340721,0.24270187318325043,0.015360115095973015,0.010061720386147499,0.0002548285119701177,0.018310315907001495,0.046656131744384766,0.1418500691652298,0.003992313053458929,0.04390416294336319,0.017741745337843895,0.13433977961540222,-316,-1.5896244644941937,-88,-56,-172,-19742.8046875,-0.01764620840549469,-0.02123112976551056,0.03762471675872803,-218,-37,-2,-79,10,-6,0.07620704155357622
g7156.t1,G0S7V2,0.82,18.8,1,210,2.6414763408433584,28,54,128,30694.65234375,0.2810809016227722,0.1914982944726944,0.5135028958320618,0.3704933524131775,0.14300954341888428,154,22,1,179,3,22,16,6,0.3380952380952381,0.06457110494375229,0.07342682778835297,0.006751158274710178,0.029671574011445045,0.011705323122441769,0.01708383299410343,0.06529957056045532,0.041446808725595474,0.0125760892406106,0.3124403953552246,0.01391783356666565,0.054036613553762436,0.06309415400028229,0.025718918070197105,0.025723392143845558,0.058052971959114075,0.025753794237971306,0.0202911589294672,0.0,0.07843843847513199,1,499,3.688073676417971,163,73,263,57537.5390625,0.24116727709770203,0.28165435791015625,0.46708059310913086,0.30231988430023193,0.16476072371006012,351,56,0,182,26,51,25,26,0.3026052104208417,0.06483282893896103,0.04610426351428032,0.057111844420433044,0.00628065038472414,0.010483081452548504,0.05213596299290657,0.03594741225242615,0.020626826211810112,0.0889543890953064,0.13799497485160828,0.010097725316882133,0.07233628630638123,0.006336727179586887,0.007728079333901405,0.018772033974528313,0.16432487964630127,0.026446720585227013,0.06275365501642227,0.010803711600601673,0.09992790222167969,-289,-1.0465973355746128,-135,-19,-135,-26842.88671875,0.03991362452507019,-0.09015606343746185,0.04642230272293091,-197,-34,1,-3,-23,-20,0.03549002767439641
g17133.t1,G0SAY1,0.8182,63.6,1,132,2.719183544500486,67,0,65,26825.0,0.2623627781867981,0.2362091839313507,0.4868113696575165,0.39765915274620056,0.08915220946073532,84,1,0,0,9,19,8,11,0.4318181818181818,0.028026403859257698,0.020890556275844574,0.005893784575164318,0.025256333872675896,,0.047841042280197144,0.1399884819984436,0.002473324304446578,0.10806509852409363,0.2581024765968323,0.014616681262850761,0.02429058589041233,0.013351226225495338,0.027099085971713066,0.03415015712380409,0.13955670595169067,0.009141379036009312,0.040130939334630966,,0.061125803738832474,1,133,3.0038927906305193,60,0,73,29572.677734375,0.2006128579378128,0.3174363374710083,0.4548449218273163,0.38573890924453735,0.06910601258277893,88,0,0,0,13,18,6,12,0.42857142857142855,0.00534085975959897,0.08396419137716293,0.009817021898925304,0.00447333138436079,,0.03452679142355919,0.06728598475456238,0.057973187416791916,0.08992590755224228,0.2635570168495178,0.027105897665023804,0.0812937542796135,0.0,0.023152099922299385,0.02908540889620781,0.12218190729618073,0.0005455282516777515,0.03600598871707916,,0.06376514583826065,-1,-0.2847092461300331,7,0,-8,-2747.677734375,0.06174992024898529,-0.08122715353965759,0.031966447830200195,-4,1,0,0,-4,-1,0.0032467532467532756
g7435.t1,G0S3R7,0.8163,26.0,1,147,1.9100186389879357,9,77,61,20329.58984375,0.3472413122653961,0.4858601689338684,0.1572684496641159,0.11026427149772644,0.04700416326522827,99,2,6,197,-2,7,5,2,0.3469387755102041,0.03847040981054306,0.05856465548276901,0.04761354625225067,0.029011700302362442,0.00046528028906323016,0.003809083718806505,0.07137533277273178,0.25965002179145813,0.10026969760656357,0.06137647479772568,0.009630111046135426,0.038468774408102036,0.12244953960180283,0.02061043120920658,0.05315149948000908,0.048887792974710464,0.011744674295186996,0.013244454748928547,0.002672772388905287,0.00853375717997551,1,176,2.5485953329551614,11,73,92,28125.783203125,0.4185992479324341,0.16413046419620514,0.3980158865451813,0.23145809769630432,0.16655780375003815,114,11,6,70,-5,15,17,-2,0.39204545454545453,0.08123844861984253,0.19352903962135315,0.03998181223869324,0.06649485230445862,0.00033630913821980357,0.03013136051595211,0.06402977555990219,0.061224132776260376,0.010105324909090996,0.11665218323469162,0.01925433985888958,0.021759171038866043,0.020419882610440254,0.006387617439031601,0.034349072724580765,0.11480593681335449,0.004012530203908682,0.029968848451972008,,0.08531934022903442,-29,-0.6385766939672257,-2,4,-31,-7796.193359375,-0.07135793566703796,0.32172970473766327,-0.24074743688106537,-15,-9,0,127,3,4,-0.04510667903525045
g12849.t1,G0SGG9,0.8151,34.9,1,455,2.5761646849027033,143,104,208,31546.583984375,0.2263197898864746,0.33460667729377747,0.4192190170288086,0.2125973105430603,0.2066216915845871,385,42,15,561,-9,26,22,4,0.1912087912087912,0.10065393149852753,0.056947335600852966,0.022089887410402298,0.009370007552206516,0.020663153380155563,0.03220117464661598,0.06801250576972961,0.03489575907588005,0.09759727865457535,0.08911792933940887,0.01985454000532627,0.027938110753893852,0.02035347744822502,0.014321040362119675,0.019848117604851723,0.12347941100597382,0.01734541915357113,0.11934319138526917,0.0,0.10596776008605957,1,466,2.635845202387535,157,97,212,34756.296875,0.28885993361473083,0.28882843255996704,0.40799498558044434,0.16384752094745636,0.24414747953414917,414,51,22,372,-20,19,33,-14,0.2167381974248927,0.08213484287261963,0.028056278824806213,0.03099578060209751,0.009464777074754238,0.017341330647468567,0.008181748911738396,0.0776250809431076,0.06901659816503525,0.0611925832927227,0.04117313399910927,0.01431680005043745,0.03832211345434189,0.05731814727187157,0.027274934574961662,0.026679256930947304,0.1226743757724762,0.07712523639202118,0.04900160804390907,9.283343388233334e-05,0.16201262176036835,-11,-0.05968051748483161,-14,7,-4,-3209.712890625,-0.06254014372825623,0.045778244733810425,0.011224031448364258,-29,-9,-7,189,11,18,-0.025529406216101502
g12174.t1,G0S3Z9,0.815,20.0,1,225,1.6449461221056636,85,51,89,18509.83203125,0.20690254867076874,0.19965696334838867,0.5673162937164307,0.3810279667377472,0.18628837168216705,204,20,5,405,2,19,14,5,0.21333333333333335,0.12056343257427216,0.09363581240177155,0.03529062122106552,0.0,0.00017431526794098318,0.03040526993572712,0.046176329255104065,0.05235670506954193,0.06349366903305054,0.3579534590244293,0.02612408436834812,0.040602441877126694,0.0005229457747191191,0.022846128791570663,0.00017431526794098318,0.023074496537446976,0.0,0.020009396597743034,0.0008715762523934245,0.06572496145963669,1,286,2.1790341133868583,94,56,136,28546.65625,0.3545587658882141,0.23526544868946075,0.3619932532310486,0.2215682715177536,0.14042501151561737,232,26,0,204,-4,15,19,-4,0.24475524475524477,0.035578224807977676,0.10067109763622284,0.03682107478380203,0.0,0.02163512073457241,0.032659683376550674,0.05966106802225113,0.02734932117164135,0.0402945838868618,0.17488232254981995,0.048182521015405655,0.02179548516869545,0.0935555249452591,0.03163699433207512,0.025668621063232422,0.04668596014380455,0.031190330162644386,0.0668853297829628,0.0,0.1048467829823494,-61,-0.5340879912811947,-9,-5,-47,-10036.82421875,-0.14765621721744537,-0.03560848534107208,0.20532304048538208,-28,-6,5,201,6,9,-0.03142191142191142
g14118.t1,G0SH51,0.8136,43.6,1,254,2.6220260721517694,119,25,110,33774.765625,0.266379177570343,0.22675377130508423,0.50486820936203,0.36377838253974915,0.1410898119211197,209,18,0,245,7,26,18,8,0.3425196850393701,0.043511345982551575,0.11641747504472733,0.038831133395433426,0.0042814831249415874,0.009727680124342442,0.014043097384274006,0.06283312290906906,0.05186079442501068,0.019859209656715393,0.23096702992916107,0.001998889958485961,0.06847729533910751,0.022341249510645866,0.008988352492451668,0.03214838728308678,0.13281136751174927,0.0069628930650651455,0.03569205105304718,0.000668718887027353,0.09757845848798752,1,242,2.4499261167682223,114,28,100,28356.369140625,0.3213874101638794,0.36759713292121887,0.30953624844551086,0.18165309727191925,0.12788313627243042,212,17,0,231,-6,12,15,-3,0.3140495867768595,0.025576630607247353,0.08129703253507614,0.024153318256139755,0.018433263525366783,0.0,0.03545181453227997,0.08280308544635773,0.07872450351715088,0.141338050365448,0.09390208125114441,0.001479212660342455,0.03229659050703049,0.026705889031291008,0.034759894013404846,0.04061896353960037,0.08775101602077484,0.050748374313116074,0.03985913470387459,0.0017946281004697084,0.10230651497840881,12,0.17209995538354717,5,-3,10,5418.396484375,-0.05500823259353638,-0.14084336161613464,0.19533196091651917,-3,1,0,14,13,11,0.028470098262510568
g5964.t1,G0SAT5,0.8126,26.8,1,257,2.890078713983306,58,49,150,36655.14453125,0.3190099000930786,0.31345880031585693,0.30644720792770386,0.18326003849506378,0.12318716198205948,189,27,4,185,0,20,16,4,0.35019455252918286,0.03492312878370285,0.04506848007440567,0.030544182285666466,0.019421279430389404,0.050422895699739456,0.008846311829984188,0.046277642250061035,0.02295568957924843,0.13569091260433197,0.14771808683872223,0.06108405068516731,0.07365413010120392,0.15617649257183075,0.013111067935824394,0.01762411557137966,0.035541944205760956,0.012675510719418526,0.0,0.0,0.08826404064893723,1,225,2.00462464431287,68,53,104,21901.0390625,0.21008515357971191,0.18573378026485443,0.603024959564209,0.3239932656288147,0.2790317237377167,215,28,0,136,-5,21,17,4,0.24,0.15529179573059082,0.0027991540264338255,0.06715571880340576,0.03086412325501442,0.0,0.007771219592541456,0.08415818959474564,0.025063984096050262,0.02292611077427864,0.27204251289367676,0.0011561779538169503,0.0677076056599617,0.0,0.010332362726330757,0.04161020740866661,0.05195072665810585,0.017336733639240265,0.01809350773692131,0.0,0.12373993545770645,32,0.8854540696704363,-10,-4,46,14754.10546875,0.1089247465133667,0.1277250200510025,-0.2965777516365051,-26,-1,4,49,5,0,0.11019455252918287
g54.t1,G0RYW9,0.8113,27.6,1,558,2.5803796211611187,171,121,266,33739.359375,0.2869706451892853,0.27858683466911316,0.42004841566085815,0.2740670144557953,0.14598140120506287,521,55,12,638,-3,35,20,15,0.17562724014336917,0.0609174408018589,0.05783090740442276,0.045852985233068466,0.017723936587572098,0.009923207573592663,0.01686355285346508,0.06254787743091583,0.05521881952881813,0.08148714900016785,0.2005193829536438,0.014394139871001244,0.07585203647613525,0.06164932623505592,0.0075963763520121574,0.0053398036397993565,0.0735476166009903,0.02327522449195385,0.04316944256424904,0.0012268422869965434,0.08506394922733307,1,605,2.544223411831251,171,138,296,34550.6875,0.3383825421333313,0.23964010179042816,0.3907265067100525,0.23699167370796204,0.15373486280441284,539,32,5,561,-4,25,18,7,0.15537190082644628,0.0379038043320179,0.09103632718324661,0.066496841609478,0.02222738228738308,0.0,0.03760624676942825,0.06071043759584427,0.07342002540826797,0.014669775031507015,0.1574040949344635,0.031250856816768646,0.015639273449778557,0.023066312074661255,0.03819365054368973,0.027197832241654396,0.07958755642175674,0.01895917020738125,0.07051955908536911,0.01827980764210224,0.11583103984594345,-47,0.03615620932986774,0,-17,-30,-811.328125,-0.05141189694404602,0.038946732878685,0.029321908950805664,-18,23,7,77,1,8,0.020255339316922888
g6532.t2,G0SDG2,0.811,40.8,1,229,2.5179034593369156,77,30,122,26914.435546875,0.1520087718963623,0.3456436097621918,0.4992307722568512,0.3612622618675232,0.1379685252904892,163,18,3,185,8,26,18,8,0.314410480349345,0.08582104742527008,0.010189937427639961,0.028212424367666245,0.010184095241129398,0.0,0.0600251629948616,0.0,0.08955573290586472,0.09117484092712402,0.19774486124515533,0.0031169219873845577,0.007073015905916691,0.018222006037831306,0.029099861159920692,0.05691145732998848,0.16351740062236786,0.02517514117062092,0.0718287006020546,0.0,0.05214748531579971,1,182,2.0674487547331166,51,29,102,21074.12890625,0.23265798389911652,0.17174263298511505,0.5834208130836487,0.3130658268928528,0.2703549861907959,135,15,1,145,-3,21,22,-1,0.31868131868131866,0.05700644850730896,0.027551846578717232,0.025842782109975815,0.01194215938448906,0.0,0.10199271887540817,0.028736498206853867,0.03177442401647568,0.024159656837582588,0.2296174317598343,0.012178489938378334,0.023570170626044273,0.009645589627325535,0.04640316963195801,0.0,0.08344842493534088,0.026946410536766052,0.0458352155983448,0.0,0.21334855258464813,47,0.450454704603799,26,1,20,5840.306640625,-0.08064921200275421,0.17390097677707672,-0.08419004082679749,28,3,2,40,11,9,-0.00427083833197367
g6110.t1,G0S836,0.8086,23.0,1,156,2.0199289067783317,59,12,85,20548.259765625,0.20809006690979004,0.09770672023296356,0.647406816482544,0.5534389019012451,0.09396795183420181,114,24,0,78,20,25,8,17,0.28205128205128205,0.043024882674217224,0.025212660431861877,0.010363508015871048,0.032253630459308624,0.0,0.010520529933273792,0.04897748678922653,0.05045280233025551,0.011075207963585854,0.3188423812389374,0.046796299517154694,0.018989024683833122,0.0021482014562934637,0.009182010777294636,0.00692641269415617,0.23459652066230774,0.015074193477630615,0.001081260503269732,0.06353987008333206,0.05094306915998459,1,119,1.9337490428064246,61,8,50,17498.9296875,0.1928083300590515,0.30357030034065247,0.4716414511203766,0.39692017436027527,0.0747213140130043,108,12,0,30,14,17,5,12,0.42016806722689076,0.025841640308499336,0.027657799422740936,0.03060796484351158,0.0,0.02538980171084404,0.015228318981826305,0.10235080868005753,0.04702644795179367,0.14814455807209015,0.12218733876943588,0.03197990730404854,0.04990537092089653,0.016779065132141113,0.015349069610238075,0.009030678309500217,0.2747328579425812,0.00018438535335008055,0.008724384941160679,,0.04887967184185982,37,0.08617986397190713,-2,4,35,3049.330078125,0.015281736850738525,-0.2058635801076889,0.17576536536216736,6,12,0,48,6,5,-0.13811678517560871
g54.t1,G0S4Y8,0.8062,24.1,1,558,2.5803796211611187,171,121,266,33739.359375,0.2869706451892853,0.27858683466911316,0.42004841566085815,0.2740670144557953,0.14598140120506287,521,55,12,638,-3,35,20,15,0.17562724014336917,0.0609174408018589,0.05783090740442276,0.045852985233068466,0.017723936587572098,0.009923207573592663,0.01686355285346508,0.06254787743091583,0.05521881952881813,0.08148714900016785,0.2005193829536438,0.014394139871001244,0.07585203647613525,0.06164932623505592,0.0075963763520121574,0.0053398036397993565,0.0735476166009903,0.02327522449195385,0.04316944256424904,0.0012268422869965434,0.08506394922733307,1,660,2.8108934352448993,169,137,354,42163.4296875,0.25071823596954346,0.23939771950244904,0.44215676188468933,0.2787839472293854,0.16337281465530396,527,39,7,388,-3,29,31,-2,0.16363636363636364,0.07412151992321014,0.06255537271499634,0.07847006618976593,0.017524169757962227,0.0,0.018970921635627747,0.036928482353687286,0.03209710121154785,0.037799835205078125,0.14758999645709991,0.06772730499505997,0.09422273933887482,0.03397525101900101,0.007991483435034752,0.01765032857656479,0.13119395077228546,0.001528750522993505,0.04963623732328415,0.0007652476197108626,0.08925128728151321,-102,-0.23051381408378058,2,-16,-88,-8424.0703125,0.03625240921974182,0.039189115166664124,-0.022108346223831177,-6,16,5,250,0,17,0.011990876507005532
g11483.t1,G0SA11,0.8045,51.5,1,189,2.7487863981264047,61,25,103,28982.81640625,0.29926812648773193,0.13256078958511353,0.5681711435317993,0.18292416632175446,0.38524696230888367,135,18,0,105,-15,15,30,-15,0.3492063492063492,0.27412861585617065,0.0912008211016655,0.019173135980963707,0.02059534192085266,0.0,0.02082018554210663,0.10641955584287643,0.036247774958610535,0.03505813330411911,0.15256404876708984,0.0,0.009786550886929035,0.03862764686346054,0.00454153073951602,0.016356637701392174,0.030360126867890358,0.002431409666314721,0.030570155009627342,0.0,0.11111834645271301,1,200,2.8260051769470205,76,29,95,32439.30078125,0.2612918019294739,0.13569645583629608,0.5726601481437683,0.21160033345222473,0.3610597848892212,166,31,0,137,-25,15,39,-24,0.34,0.17228995263576508,0.03502919524908066,0.008228310383856297,0.0,0.0,0.01192826684564352,0.10136344283819199,0.027589138597249985,0.04739845544099808,0.14414198696613312,0.030351683497428894,0.014141732826828957,0.02893044985830784,0.013939914293587208,0.013623692095279694,0.06745833903551102,0.07581214606761932,0.01900351420044899,0.0,0.18876981735229492,-11,-0.07721877882061579,-15,-4,8,-3456.484375,0.03797632455825806,-0.003135666251182556,-0.004489004611968994,-31,-13,0,-32,10,9,0.009206349206349163
g3007.t1,G0SER8,0.8005,42.0,1,115,1.944947515605429,33,29,53,19039.46875,0.16629721224308014,0.4783346354961395,0.35536807775497437,0.14364679157733917,0.211721271276474,70,5,0,37,-4,7,11,-4,0.43478260869565216,0.0843690037727356,0.040483102202415466,0.01626875437796116,0.0,0.06337358057498932,0.03457110375165939,0.07497426867485046,0.061475541442632675,0.2736484706401825,0.07800175249576569,0.0,0.019993146881461143,0.0,0.039246827363967896,0.01339502539485693,0.06564503908157349,0.0,0.007202047389000654,,0.1273522675037384,1,202,3.588156161270805,14,28,160,43969.109375,0.27001553773880005,0.39969316124916077,0.27518439292907715,0.1358349621295929,0.13934944570064545,78,5,0,27,-10,12,19,-7,0.5792079207920792,0.038729842752218246,0.036874398589134216,0.07679236680269241,0.03895419090986252,0.015077951364219189,0.032450269907712936,0.04649209976196289,0.10326943546533585,0.11357347667217255,0.047864701598882675,0.05510682985186577,0.07079929858446121,0.02898593805730343,0.00999678485095501,0.025919467210769653,0.08797026425600052,0.009466292336583138,0.061056703329086304,,0.1006195992231369,-87,-1.6432086456653758,19,1,-107,-24929.640625,-0.10371832549571991,0.07864147424697876,0.08018368482589722,-8,0,0,10,6,3,-0.144425312096427
g1157.t1,G0RYW4,0.8001,17.5,1,571,5.358672474663693,244,71,256,74053.96875,0.32264992594718933,0.263300359249115,0.39541491866111755,0.1940288543701172,0.20138603448867798,492,74,32,334,-28,45,54,-9,0.3450087565674256,0.04587628319859505,0.07134613394737244,0.03937910497188568,0.030490919947624207,0.005295240320265293,0.028423449024558067,0.04974526911973953,0.03693431243300438,0.06564489006996155,0.0822499617934227,0.01863490417599678,0.09800087660551071,0.04622599482536316,0.010957620106637478,0.01391992811113596,0.11177888512611389,0.017872583121061325,0.032547477632761,0.03916645050048828,0.15550974011421204,1,570,3.4304412942125397,107,136,327,53997.546875,0.21825893223285675,0.3457208275794983,0.4183380901813507,0.19859673082828522,0.2197413593530655,304,25,7,157,-11,35,38,-3,0.25263157894736843,0.03989078104496002,0.05221724137663841,0.03614545986056328,0.005796096287667751,0.007016175426542759,0.05570301413536072,0.021936269477009773,0.09374754875898361,0.07573045790195465,0.12455564737319946,0.017682237550616264,0.04585321247577667,0.028294583782553673,0.04514865204691887,0.0,0.07404110580682755,0.018166260793805122,0.07822476327419281,0.0,0.17985059320926666,1,1.928231180451153,137,-65,-71,20056.421875,0.10439099371433258,-0.0824204683303833,-0.022923171520233154,188,49,25,177,-17,-6,0.09237717762005715
g4920.t3,G0S543,0.799,17.7,1,306,2.604009486701002,189,12,105,27151.58203125,0.2725813686847687,0.2720043957233429,0.365825355052948,0.19576531648635864,0.17006005346775055,289,39,0,370,-3,18,16,2,0.238562091503268,0.06889481842517853,0.023113135248422623,0.05768044292926788,0.06758397817611694,0.0,0.03566858917474747,0.03250988945364952,0.07191739976406097,0.10202746093273163,0.14537473022937775,0.08958885073661804,0.05269097909331322,0.0025655936915427446,0.004018700681626797,0.005709104705601931,0.0503905825316906,0.023242807015776634,0.03564074635505676,0.030216941609978676,0.10116522759199142,1,482,3.1027434126488487,323,19,140,33352.42578125,0.18327708542346954,0.2501479387283325,0.5338633060455322,0.3095802664756775,0.22428306937217712,479,73,9,199,-5,28,32,-4,0.17427385892116182,0.08117976784706116,0.007062091026455164,0.0194008257240057,0.01799382083117962,0.0,0.04218287393450737,0.041928406804800034,0.03926359862089157,0.09058599919080734,0.21240603923797607,0.03271171450614929,0.0322207547724247,0.027137896046042442,0.022638684138655663,0.03751694783568382,0.09717421233654022,0.005224012304097414,0.027921944856643677,0.022347165271639824,0.14310328662395477,-176,-0.4987339259478465,-134,-7,-35,-6200.84375,0.08930428326129913,0.021856456995010376,-0.16803795099258423,-190,-34,-9,171,2,6,0.06428823258210617
g17056.t1,G0S2R5,0.7976,23.0,1,303,1.9716711723186628,137,56,110,22106.390625,0.1592468023300171,0.2542554438114166,0.5650888085365295,0.40231066942214966,0.1627781242132187,286,29,0,224,8,28,16,12,0.20462046204620463,0.028400029987096786,0.0002919107209891081,0.04145132005214691,0.0008757321047596633,,0.04416033625602722,0.06692787259817123,0.01847018674015999,0.08480876684188843,0.4002934396266937,0.02140888385474682,0.09541546553373337,0.0011676428839564323,0.014874137006700039,0.00014262780314311385,0.00201729079708457,0.004372005350887775,0.04054427146911621,0.0,0.1343781054019928,1,305,1.9811182681210584,126,54,125,21857.046875,0.17807935178279877,0.23213382065296173,0.5897868275642395,0.35464373230934143,0.23514312505722046,309,28,0,108,-1,26,20,6,0.18688524590163935,0.07943778485059738,0.0020666858181357384,0.03959209844470024,0.0,,0.07759936898946762,0.054476723074913025,0.01948861964046955,0.04416433721780777,0.24867799878120422,0.0,0.05053435266017914,0.0,0.07631651312112808,0.0008756258757784963,0.10596569627523422,0.003606372280046344,0.04075438156723976,0.0007381020113825798,0.15570533275604248,-2,-0.009447095802395555,11,2,-15,249.34375,-0.018832549452781677,0.022121623158454895,-0.02469801902770996,-23,1,0,116,9,6,0.017735216144565275
g906.t1,G0SCJ3,0.7973,23.4,1,885,3.0482095969791447,255,200,430,38557.953125,0.17850589752197266,0.461465060710907,0.3357546925544739,0.20882365107536316,0.12693101167678833,831,95,50,819,-13,26,22,4,0.14350282485875707,0.07760494202375412,0.02967984415590763,0.06835711747407913,0.012301022186875343,0.0026984973810613155,0.022870942950248718,0.012129584327340126,0.16069786250591278,0.12008362263441086,0.12655186653137207,0.024274324998259544,0.07128219306468964,0.011045817285776138,0.033295173197984695,0.009023870341479778,0.0822717696428299,0.006490825675427914,0.06438387930393219,0.01563073694705963,0.04932607710361481,1,882,2.9061860586960107,219,228,435,43163.921875,0.22021661698818207,0.19706498086452484,0.5511917471885681,0.3065390884876251,0.2446526139974594,859,169,5,671,-16,48,45,3,0.1417233560090703,0.06778448075056076,0.023394890129566193,0.06446579843759537,0.03286317363381386,0.004514955449849367,0.03195499628782272,0.0507580004632473,0.044109344482421875,0.049873143434524536,0.14064811170101166,0.03152667358517647,0.03934365138411522,0.007250846363604069,0.030094275251030922,0.009220938198268414,0.16589097678661346,0.009528931230306625,0.01990867592394352,0.0,0.17686812579631805,3,0.14202353828313408,36,-28,-5,-4605.96875,-0.04171071946620941,0.26440007984638214,-0.21543705463409424,-28,-74,45,148,3,1,0.0017794688496867717
g7743.t1,G0SAX2,0.7945,38.2,1,503,3.887454739699156,171,99,233,58581.94140625,0.16091705858707428,0.3280367851257324,0.5110461115837097,0.2706053555011749,0.24044078588485718,406,61,2,171,-5,55,51,4,0.32803180914512925,0.07604479789733887,0.007604287937283516,0.06591610610485077,0.008812397718429565,0.0,0.026732327416539192,0.02933969534933567,0.059301432222127914,0.09442248195409775,0.2395082712173462,0.0,0.1417854130268097,0.0034148043487221003,0.013824592344462872,0.0028175690677016973,0.031097067520022392,0.0016961010405793786,0.015885312110185623,0.01740134507417679,0.1643960028886795,1,144,2.4162477337440884,15,44,85,23413.01953125,0.4282715916633606,0.17612862586975098,0.37852030992507935,0.195312038064003,0.18320824205875397,99,19,1,71,-3,13,11,2,0.4027777777777778,0.05769762396812439,0.11904632300138474,0.027148552238941193,0.009596424177289009,0.0,0.0451321005821228,0.08658188581466675,0.0323021337389946,0.05353119596838951,0.10065741837024689,0.017079507932066917,0.008261879906058311,0.09446218609809875,0.04081200435757637,0.0047416589222848415,0.09465464949607849,0.0463041290640831,0.03647976368665695,0.0,0.12551063299179077,359,1.4712070059550677,156,55,148,35168.921875,-0.2673545330762863,0.15190815925598145,0.13252580165863037,307,42,1,100,-2,2,-0.07474596863264854
g17133.t1,G0RYR6,0.793,52.2,1,132,2.719183544500486,67,0,65,26825.0,0.2623627781867981,0.2362091839313507,0.4868113696575165,0.39765915274620056,0.08915220946073532,84,1,0,0,9,19,8,11,0.4318181818181818,0.028026403859257698,0.020890556275844574,0.005893784575164318,0.025256333872675896,,0.047841042280197144,0.1399884819984436,0.002473324304446578,0.10806509852409363,0.2581024765968323,0.014616681262850761,0.02429058589041233,0.013351226225495338,0.027099085971713066,0.03415015712380409,0.13955670595169067,0.009141379036009312,0.040130939334630966,,0.061125803738832474,1,143,3.280025459732257,76,0,67,31468.921875,0.19502368569374084,0.2676159143447876,0.5373603701591492,0.46365267038345337,0.07370778173208237,98,1,0,0,16,24,8,16,0.46153846153846156,0.011843888089060783,0.010549025610089302,0.015789804980158806,0.0020506237633526325,0.0,0.041559234261512756,0.08426757156848907,0.024248361587524414,0.060514312237501144,0.34709393978118896,0.0,0.04362090677022934,0.03434795141220093,0.043091241270303726,0.016842203214764595,0.1165587529540062,0.006459465716034174,0.07929886877536774,,0.06186389550566673,-11,-0.5608419152317707,-9,0,-2,-4643.921875,0.06733909249305725,-0.03140673041343689,-0.05054900050163269,-14,0,0,0,-7,-5,-0.02972027972027974
g215.t1,G0SFE2,0.7904,19.8,1,219,2.8489576263516634,81,73,65,27967.03125,0.2796042859554291,0.262187659740448,0.4582080543041229,0.26098212599754333,0.1972259134054184,202,21,1,69,-5,20,21,-1,0.3242009132420091,0.0473584309220314,0.08809206634759903,0.03261278569698334,0.01565798558294773,0.0,0.0013844356872141361,0.03448997437953949,0.10712172091007233,0.051248110830783844,0.2121748924255371,0.0,0.034421149641275406,0.10217541456222534,0.02115890383720398,0.01867038570344448,0.04880722984671593,0.0,0.029567372053861618,0.005191633477807045,0.1498674601316452,1,241,2.1863693147163357,105,69,67,23507.16015625,0.3273090720176697,0.241616889834404,0.3996524512767792,0.25727924704551697,0.1423732042312622,230,20,1,88,9,24,12,12,0.2697095435684647,0.021738242357969284,0.03228919580578804,0.031622111797332764,0.002058870391920209,0.004023862536996603,0.17441223561763763,0.004392256494611502,0.03607788681983948,0.05206827074289322,0.0934775099158287,0.03142164647579193,0.0401562824845314,0.05198011174798012,0.04350235313177109,0.008247568272054195,0.16380174458026886,0.007932801730930805,0.05754068121314049,0.02262147329747677,0.12063494324684143,-22,0.6625883116353277,-24,4,-2,4459.87109375,-0.0477047860622406,0.020570769906044006,0.05855560302734375,-28,1,0,-19,-14,-13,0.0544913696735444
g7348.t1,G0S1R0,0.7887,26.4,1,211,4.387062326047493,92,25,94,43882.13671875,0.16779989004135132,0.2780662477016449,0.5541338920593262,0.49709048867225647,0.0570434108376503,147,5,1,66,42,45,9,36,0.5355450236966824,0.02290736325085163,0.008014503866434097,0.04080420732498169,0.009839281439781189,0.0,0.027609020471572876,0.04223275184631348,0.015391241759061813,0.18564197421073914,0.3794797658920288,,0.047930434346199036,0.02705814130604267,0.0030546309426426888,0.008463820442557335,0.11761073023080826,0.01224199216812849,0.01758412830531597,0.0,0.03413604199886322,1,142,2.208266841308098,62,32,48,22434.7109375,0.36378589272499084,0.07512906938791275,0.5336342453956604,0.4357946813106537,0.0978396087884903,126,10,0,21,15,27,8,19,0.36619718309859156,0.024036157876253128,0.008197705261409283,0.0424201600253582,0.035176727920770645,,0.11226223409175873,0.0775967612862587,0.009699314832687378,0.0314532108604908,0.22810626029968262,0.027450818568468094,0.02288978360593319,0.04429636895656586,0.0,0.0,0.2076883763074875,0.020624740049242973,0.01108675729483366,0.023211220279335976,0.07380344718694687,69,2.1787954847393953,30,-7,46,21447.42578125,-0.19598600268363953,0.20293717831373215,0.02049964666366577,21,-5,1,45,27,17,0.16934784059809088
g12174.t1,G0S8P8,0.7815,21.6,1,225,1.6449461221056636,85,51,89,18509.83203125,0.20690254867076874,0.19965696334838867,0.5673162937164307,0.3810279667377472,0.18628837168216705,204,20,5,405,2,19,14,5,0.21333333333333335,0.12056343257427216,0.09363581240177155,0.03529062122106552,0.0,0.00017431526794098318,0.03040526993572712,0.046176329255104065,0.05235670506954193,0.06349366903305054,0.3579534590244293,0.02612408436834812,0.040602441877126694,0.0005229457747191191,0.022846128791570663,0.00017431526794098318,0.023074496537446976,0.0,0.020009396597743034,0.0008715762523934245,0.06572496145963669,1,252,1.6703213502526086,97,52,103,18611.158203125,0.2135167419910431,0.20784565806388855,0.558239758014679,0.3103441596031189,0.24789564311504364,219,18,3,204,-4,15,17,-2,0.20634920634920634,0.0725349634885788,0.03644480183720589,0.033286310732364655,0.005173319485038519,0.0,0.09917569905519485,0.0,0.048432886600494385,0.011727573350071907,0.28177252411842346,0.020397869870066643,0.10108614712953568,0.008668310940265656,0.0338614322245121,0.001355309970676899,0.028571652248501778,0.020019574090838432,0.01138234045356512,0.010748705826699734,0.17536066472530365,-27,-0.02537522814694504,-12,-1,-14,-101.326171875,-0.006614193320274353,-0.008188694715499878,0.009076535701751709,-15,2,2,201,6,7,0.006984126984127009
g9054.t1,G0SG86,0.7809,30.1,1,291,2.047393218132021,98,70,123,25129.87109375,0.43365606665611267,0.3638971149921417,0.1758783757686615,0.1374237984418869,0.0384545736014843,253,23,12,237,0,11,4,7,0.23024054982817868,0.03226274996995926,0.08268629014492035,0.06051162630319595,0.054529763758182526,0.010922995395958424,0.008853389881551266,0.07389990985393524,0.0964696928858757,0.1094745397567749,0.06372653692960739,0.026568494737148285,0.03263823688030243,0.07780728489160538,0.008421370759606361,0.013299571350216866,0.07369726151227951,0.07511099427938461,0.09267071634531021,0.0002567897317931056,0.006191822700202465,1,333,2.2073597034533563,114,57,162,27937.658203125,0.4784468114376068,0.18280266225337982,0.3385195732116699,0.13151636719703674,0.20700319111347198,290,32,8,483,-8,9,17,-8,0.2222222222222222,0.06418527662754059,0.12893754243850708,0.09458708018064499,0.03495916351675987,0.0014671528479084373,0.08112621307373047,0.0713900774717331,0.07424841076135635,0.029780909419059753,0.08410338312387466,0.0002309818664798513,0.011974195018410683,0.027948807924985886,0.015158425085246563,0.0023019195068627596,0.04741298407316208,0.03938240930438042,0.04787163436412811,0.00011549093323992565,0.1428179293870926,-42,-0.1599664853213354,-16,13,-39,-2807.787109375,-0.04479074478149414,0.1810944527387619,-0.16264119744300842,-37,-9,4,-246,8,15,0.008018327605956471
g16684.t1,G0SBH4,0.7792,47.7,1,575,4.080729058303957,154,145,276,68731.2578125,0.2497273087501526,0.20671933889389038,0.5382852554321289,0.3194403648376465,0.218844935297966,446,58,5,440,-12,63,55,8,0.30782608695652175,0.08350542932748795,0.027133850380778313,0.06487561762332916,0.018871638923883438,0.008653063327074051,0.013012931682169437,0.06031638756394386,0.05891791731119156,0.08118602633476257,0.25339263677597046,0.0052681127563118935,0.022548621520400047,0.034763310104608536,0.00224476819857955,0.006737368181347847,0.06604774296283722,0.025861000642180443,0.026431571692228317,0.004892556928098202,0.13533951342105865,1,575,4.1692316880484475,82,143,350,65910.4609375,0.23005224764347076,0.1728110909461975,0.5921822190284729,0.25353744626045227,0.3386448323726654,429,70,2,389,-23,47,67,-20,0.3026086956521739,0.14815354347229004,0.02680864930152893,0.0432431623339653,0.04269605502486229,0.0,0.061527710407972336,0.001615464803762734,0.028098363429307938,0.03130965679883957,0.23691940307617188,0.004954345989972353,0.051760029047727585,0.015370274893939495,0.02200513891875744,0.0021327475551515818,0.016618045046925545,0.0358615443110466,0.037505146116018295,0.002929396228864789,0.19049127399921417,0,-0.08850262974449041,72,2,-74,2820.796875,0.019675061106681824,0.03390824794769287,-0.053896963596343994,17,-12,3,51,11,28,0.00521739130434784
g3103.t1,G0SA26,0.7789,30.7,1,69,1.5342732332373246,53,0,16,13706.1640625,0.25274547934532166,0.14386770129203796,0.5288287401199341,0.32111138105392456,0.2077174335718155,64,14,15,92,-3,9,11,-2,0.463768115942029,0.053829699754714966,0.04893811419606209,0.11818502098321915,0.0009416336542926729,0.0004768335784319788,0.0002300414489582181,0.02677561156451702,,0.0009219462517648935,0.25123170018196106,0.0745580717921257,,0.039548616856336594,0.014546077698469162,0.11662323027849197,0.06987964361906052,0.0,0.01129960361868143,0.01812644675374031,0.15388773381710052,1,137,2.96406180748965,81,0,56,29548.63671875,0.23742443323135376,0.11257953196763992,0.6181765198707581,0.1970863789319992,0.42109009623527527,92,8,14,69,-30,9,36,-27,0.5036496350364964,0.0160057432949543,0.021590620279312134,0.03374107554554939,0.009172330610454082,0.0,0.01889527216553688,0.04443507269024849,0.028558239340782166,0.02260810136795044,0.16642314195632935,0.03181953355669975,0.049953099340200424,0.029373297467827797,0.011460092850029469,,0.030663205310702324,0.01451787818223238,0.0,0.06569886952638626,0.4050843417644501,-68,-1.4297885742523253,-28,0,-40,-15842.47265625,0.015321046113967896,0.03128816932439804,-0.08934777975082397,-28,6,1,23,27,25,-0.03988151909446741
g12528.t1,G0S569,0.775,34.8,1,121,2.6990049196439503,54,0,67,26250.85546875,0.4204479157924652,0.08002988994121552,0.38564398884773254,0.23151186108589172,0.15413214266300201,72,16,0,78,6,14,10,4,0.48760330578512395,0.00913115032017231,0.05137723311781883,0.08451584726572037,0.04603877663612366,,0.013643235899508,0.09218961000442505,0.0,0.0,0.03040912374854088,0.11387819051742554,0.013889061287045479,0.04031514748930931,0.04076402261853218,0.022013725712895393,0.20110274851322174,0.022738728672266006,0.0033630752004683018,0.06962936371564865,0.14500097930431366,1,93,2.644964462744808,50,0,43,21182.6171875,0.41103002429008484,0.22237324714660645,0.2564122676849365,0.18023645877838135,0.07617582380771637,68,7,0,114,5,10,5,5,0.4946236559139785,0.030756408348679543,0.017212213948369026,0.07051395624876022,0.038384757936000824,,0.048263803124427795,0.11600237339735031,0.03329501301050186,0.03868585824966431,0.13750123977661133,0.11018440872430801,0.012947240844368935,0.04508685693144798,0.013446547091007233,0.040740106254816055,0.042735207825899124,0.020563261583447456,0.0832584872841835,0.05500276759266853,0.045419417321681976,28,0.054040456899142164,4,0,24,5068.23828125,0.009417891502380371,-0.14234335720539093,0.12923172116279602,4,9,0,-36,1,-1,-0.007020350128854547
g906.t1,G0SG40,0.7743,23.7,1,885,3.0482095969791447,255,200,430,38557.953125,0.17850589752197266,0.461465060710907,0.3357546925544739,0.20882365107536316,0.12693101167678833,831,95,50,819,-13,26,22,4,0.14350282485875707,0.07760494202375412,0.02967984415590763,0.06835711747407913,0.012301022186875343,0.0026984973810613155,0.022870942950248718,0.012129584327340126,0.16069786250591278,0.12008362263441086,0.12655186653137207,0.024274324998259544,0.07128219306468964,0.011045817285776138,0.033295173197984695,0.009023870341479778,0.0822717696428299,0.006490825675427914,0.06438387930393219,0.01563073694705963,0.04932607710361481,1,734,2.663398514660257,204,162,368,37516.27734375,0.28963184356689453,0.4316643178462982,0.2761348485946655,0.24318745732307434,0.03294740989804268,736,89,11,419,-4,22,10,12,0.14577656675749318,0.022338097915053368,0.0781811997294426,0.040415141731500626,0.004034070763736963,0.0,0.043941840529441833,0.05381326749920845,0.13225585222244263,0.1304536610841751,0.024125805124640465,0.0025690030306577682,0.04108498618006706,0.012282872572541237,0.02790176309645176,0.017872584983706474,0.21906165778636932,0.028859784826636314,0.08209547400474548,0.028103651478886604,0.010609312914311886,151,0.3848110823188877,51,38,62,1041.67578125,-0.11112594604492188,0.029800742864608765,0.05961984395980835,95,6,39,400,-9,-8,-0.002273741898736109
g19605.t1,G0S992,0.7742,46.7,1,211,3.1603068729060575,90,10,111,36990.1796875,0.22083789110183716,0.1375708281993866,0.6415911912918091,0.4842310845851898,0.15736012160778046,123,12,0,3,40,47,13,34,0.4028436018957346,0.004008196294307709,0.03355061635375023,0.033383842557668686,0.008984391577541828,0.009269202128052711,0.029732510447502136,0.0559593066573143,0.004448233172297478,0.047006502747535706,0.302545964717865,,0.024712566286325455,0.03837992250919342,0.010651377029716969,0.03514320030808449,0.18168510496616364,0.01788155734539032,0.006339737214148045,0.002965721534565091,0.15335193276405334,1,213,2.962746994371382,89,10,114,34844.1796875,0.15471376478672028,0.18805338442325592,0.6183648705482483,0.49207839369773865,0.12628646194934845,133,15,0,29,31,38,13,25,0.37089201877934275,0.019514355808496475,0.03876110166311264,0.008794820867478848,0.01395504828542471,0.0,0.049929726868867874,0.012073423713445663,0.07100532203912735,0.04163599759340286,0.31589275598526,0.03886802867054939,0.023806169629096985,0.027866052463650703,0.009224019013345242,0.019169583916664124,0.17618563771247864,0.003333574626594782,0.023212283849716187,0.0,0.10677210241556168,-2,0.19755987853467571,1,0,-3,2146.0,0.06612412631511688,-0.050482556223869324,0.02322632074356079,-10,-3,0,-26,9,9,0.031951583116391846
g16684.t2,G0SBH4,0.7729,47.5,1,590,4.090335920518937,186,145,259,64842.49609375,0.19972115755081177,0.2035898119211197,0.5818460583686829,0.34712544083595276,0.2347206175327301,471,59,11,468,-10,59,52,7,0.2745762711864407,0.0889531597495079,0.013037053868174553,0.06291951984167099,0.00900651328265667,0.0012598911998793483,0.015327959321439266,0.061342503875494,0.060120537877082825,0.07576772570610046,0.2738991379737854,0.014842919073998928,0.04229355975985527,0.01604403741657734,0.0018399761756882071,0.005760630592703819,0.07322631776332855,0.017764229327440262,0.01654750481247902,0.004279338289052248,0.1457674503326416,1,575,4.1692316880484475,82,143,350,65910.4609375,0.23005224764347076,0.1728110909461975,0.5921822190284729,0.25353744626045227,0.3386448323726654,429,70,2,389,-23,47,67,-20,0.3026086956521739,0.14815354347229004,0.02680864930152893,0.0432431623339653,0.04269605502486229,0.0,0.061527710407972336,0.001615464803762734,0.028098363429307938,0.03130965679883957,0.23691940307617188,0.004954345989972353,0.051760029047727585,0.015370274893939495,0.02200513891875744,0.0021327475551515818,0.016618045046925545,0.0358615443110466,0.037505146116018295,0.002929396228864789,0.19049127399921417,15,-0.07889576752951033,104,2,-91,-1067.96484375,-0.030331090092658997,0.03077872097492218,-0.010336160659790039,42,-11,9,79,13,27,-0.02803242446573323
g17056.t1,G0S1P7,0.7728,19.2,1,303,1.9716711723186628,137,56,110,22106.390625,0.1592468023300171,0.2542554438114166,0.5650888085365295,0.40231066942214966,0.1627781242132187,286,29,0,224,8,28,16,12,0.20462046204620463,0.028400029987096786,0.0002919107209891081,0.04145132005214691,0.0008757321047596633,,0.04416033625602722,0.06692787259817123,0.01847018674015999,0.08480876684188843,0.4002934396266937,0.02140888385474682,0.09541546553373337,0.0011676428839564323,0.014874137006700039,0.00014262780314311385,0.00201729079708457,0.004372005350887775,0.04054427146911621,0.0,0.1343781054019928,1,340,2.032257446695181,142,51,147,23689.63671875,0.159976989030838,0.22104375064373016,0.6189792156219482,0.4221171736717224,0.19686207175254822,334,45,1,409,-1,29,23,6,0.19117647058823528,0.04439534991979599,0.0017302425112575293,0.045462679117918015,0.0014640514273196459,0.0,0.03347969055175781,0.07171172648668289,0.0574338436126709,0.015839917585253716,0.3272798955440521,0.0,0.03970808908343315,0.0,0.031154531985521317,0.010564659722149372,0.09483727812767029,0.005995511077344418,0.06634272634983063,0.00013309557107277215,0.15246669948101044,-37,-0.06058627437651798,-5,5,-37,-1583.24609375,-0.0007301867008209229,0.03321169316768646,-0.0538904070854187,-48,-16,-1,-185,9,6,0.013443991457969345
g18654.t1,G0S363,0.7716,29.9,1,303,1.955943044241631,136,56,111,21896.19140625,0.15454931557178497,0.18726448714733124,0.6555562019348145,0.5134763121604919,0.14207985997200012,296,44,0,467,8,32,14,18,0.18811881188118812,0.07425345480442047,0.0,0.021658046171069145,0.0011519759427756071,,0.06857603043317795,0.06316325068473816,0.0738564059138298,0.015305474400520325,0.466846764087677,0.002629999304190278,0.034317269921302795,0.0,0.04200773313641548,0.0008841389790177345,0.04662953317165375,0.0,0.020893463864922523,0.0,0.06782640516757965,1,307,1.9350752568172473,145,46,116,22097.01953125,0.28490450978279114,0.21262332797050476,0.5024720430374146,0.30824530124664307,0.19422678649425507,300,30,0,177,-1,21,20,1,0.1791530944625407,0.11303621530532837,0.003650431288406253,0.040884830057621,0.01022120751440525,,0.10307832062244415,0.03739405795931816,0.1013333648443222,0.040277931839227676,0.2962075471878052,0.0,0.03496712073683739,0.010075191035866737,0.02406197227537632,0.0011681381147354841,0.012037753127515316,0.0,0.010814807377755642,0.07960046827793121,0.0811905488371849,-4,0.020867787424383666,-9,10,-5,-200.828125,-0.13035519421100616,-0.025358840823173523,0.1530841588973999,-4,14,0,290,9,17,0.008965717418647406
g6532.t2,G0S9N7,0.7675,21.1,1,229,2.5179034593369156,77,30,122,26914.435546875,0.1520087718963623,0.3456436097621918,0.4992307722568512,0.3612622618675232,0.1379685252904892,163,18,3,185,8,26,18,8,0.314410480349345,0.08582104742527008,0.010189937427639961,0.028212424367666245,0.010184095241129398,0.0,0.0600251629948616,0.0,0.08955573290586472,0.09117484092712402,0.19774486124515533,0.0031169219873845577,0.007073015905916691,0.018222006037831306,0.029099861159920692,0.05691145732998848,0.16351740062236786,0.02517514117062092,0.0718287006020546,0.0,0.05214748531579971,1,273,2.558865134210173,110,34,129,29137.64453125,0.4065152704715729,0.24216166138648987,0.32582294940948486,0.2198842465877533,0.10593868046998978,224,22,0,201,2,18,13,5,0.2783882783882784,0.00010821004252647981,0.06621931493282318,0.07928600162267685,0.033262960612773895,0.022706888616085052,0.11228683590888977,0.029934696853160858,0.07042303681373596,0.03571629896759987,0.09471887350082397,0.025500120595097542,0.04153672233223915,0.04086107760667801,0.01992739923298359,0.023602759465575218,0.12516538798809052,0.033796437084674835,0.028248554095625877,0.010867966338992119,0.10583046078681946,-44,-0.040961674873257525,-33,-4,-7,-2223.208984375,-0.25450649857521057,0.1034819483757019,0.17340782284736633,-61,-4,3,-16,6,3,0.03602220196106659
g5214.t1,G0SGU7,0.763,22.7,1,500,2.7138689704375536,150,90,260,33522.421875,0.21622774004936218,0.430347740650177,0.3269341289997101,0.2574458718299866,0.06948825716972351,390,33,39,748,12,28,14,14,0.178,0.019789069890975952,0.017832353711128235,0.06580235064029694,0.0071225292049348354,0.0,0.01847318932414055,0.09390726685523987,0.0885189101099968,0.12786869704723358,0.2054489552974701,0.026490405201911926,0.1533178687095642,0.01087629422545433,0.024595672264695168,0.009690267033874989,0.051996901631355286,0.0022137591149657965,0.026356343179941177,0.0,0.04969919100403786,1,344,2.5026500547680977,83,69,192,32835.44921875,0.2847689986228943,0.24710819125175476,0.45046964287757874,0.19947361946105957,0.25099605321884155,263,45,13,83,0,27,21,6,0.23837209302325582,0.05709192901849747,0.05756036192178726,0.10070951282978058,0.029155315831303596,0.0007861129124648869,0.008723102509975433,0.06690435111522675,0.01868332177400589,0.03811648115515709,0.03987562283873558,0.017653128132224083,0.0838683545589447,0.021323312073946,0.032084085047245026,0.016927078366279602,0.15959800779819489,0.00039305645623244345,0.05664277821779251,0.0,0.1939041167497635,156,0.21121891566945594,67,21,68,686.97265625,-0.0685412585735321,0.18323954939842224,-0.12353551387786865,127,-12,26,665,12,8,-0.06037209302325583
g17056.t1,G0SDC1,0.7587,21.0,1,303,1.9716711723186628,137,56,110,22106.390625,0.1592468023300171,0.2542554438114166,0.5650888085365295,0.40231066942214966,0.1627781242132187,286,29,0,224,8,28,16,12,0.20462046204620463,0.028400029987096786,0.0002919107209891081,0.04145132005214691,0.0008757321047596633,,0.04416033625602722,0.06692787259817123,0.01847018674015999,0.08480876684188843,0.4002934396266937,0.02140888385474682,0.09541546553373337,0.0011676428839564323,0.014874137006700039,0.00014262780314311385,0.00201729079708457,0.004372005350887775,0.04054427146911621,0.0,0.1343781054019928,1,317,1.989990873008962,137,56,124,22449.15625,0.1577523797750473,0.34557387232780457,0.49540209770202637,0.3206653594970703,0.17473672330379486,305,31,9,194,-6,18,17,1,0.2082018927444795,0.10430899262428284,0.028581978753209114,0.05814056098461151,0.015953678637742996,0.0,0.028626952320337296,0.02093888446688652,0.0225372351706028,0.14366619288921356,0.17430000007152557,0.0012716756900772452,0.06499877572059631,0.0,0.034482814371585846,0.03502122312784195,0.14636535942554474,0.005222867242991924,0.044867634773254395,0.0002874536730814725,0.07042774558067322,-14,-0.01831970069029909,0,0,-14,-342.765625,0.0014944225549697876,-0.09131842851638794,0.06968671083450317,-19,-2,-9,30,14,11,-0.003581430698274879
g11518.t1,G0SGB5,0.7578,27.8,1,504,2.747106705455714,140,150,214,39000.6640625,0.17374926805496216,0.16099058091640472,0.6454048156738281,0.5154024362564087,0.13000236451625824,432,44,12,266,12,41,25,16,0.19246031746031747,0.019500738009810448,0.03680943697690964,0.03959749639034271,0.0004963832907378674,0.0005865145358256996,0.03726432844996452,0.034762486815452576,0.022455858066678047,0.032898642122745514,0.4113657474517822,0.019855313003063202,0.03988640755414963,0.024240046739578247,0.03824875131249428,0.0008178747957572341,0.10403674840927124,0.0005791138391941786,0.02609654888510704,0.0,0.11050163954496384,1,444,2.823086145470084,96,144,204,39656.5546875,0.24892829358577728,0.17287898063659668,0.5568451881408691,0.30021849274635315,0.2566267251968384,380,54,0,60,-3,28,35,-7,0.22522522522522523,0.06619485467672348,0.05751383304595947,0.02989122085273266,0.013918252661824226,0.0,0.021571358665823936,0.07656504213809967,0.04108087718486786,0.04331466555595398,0.0951632484793663,0.021347474306821823,0.039444826543331146,0.0476786345243454,0.026416290551424026,0.0008136224932968616,0.20505523681640625,0.00178996950853616,0.0218086838722229,0.0,0.1904318928718567,60,-0.07597944001437007,44,6,10,-655.890625,-0.07517902553081512,-0.011888399720191956,0.08855962753295898,52,-10,12,206,15,23,-0.03276490776490776
g15163.t1,G0S586,0.7552,29.3,1,324,2.188264981103039,206,6,112,26601.05859375,0.375009685754776,0.271691232919693,0.32308104634284973,0.2338697612285614,0.08921130746603012,287,11,2,962,5,15,10,5,0.19444444444444445,0.051367126405239105,0.06734538823366165,0.049231499433517456,0.02667359635233879,0.009213297627866268,0.01581483706831932,0.05283500254154205,0.05089172348380089,0.09690205752849579,0.1082172840833664,0.03021797351539135,0.02890351600944996,0.051064733415842056,0.0,0.0683174729347229,0.12565244734287262,0.004851756617426872,0.01746317557990551,0.10719285905361176,0.037844181060791016,1,333,2.649469664139182,215,10,108,34884.453125,0.4983930289745331,0.2684153914451599,0.21813321113586426,0.1922813504934311,0.025851845741271973,313,24,1,778,1,15,7,8,0.22522522522522523,0.0013557554921135306,0.09553984552621841,0.05002783611416817,0.06270983070135117,0.001958887791261077,0.04528512805700302,0.08064752072095871,0.03291148319840431,0.05905718728899956,0.13909673690795898,0.015058369375765324,0.09883255511522293,0.06516285240650177,0.002959756413474679,0.054880641400814056,0.05318460240960121,0.04319576174020767,0.017814891412854195,0.055824216455221176,0.024496089667081833,-9,-0.46120468303614315,-9,-4,4,-8283.39453125,-0.12338334321975708,0.003275841474533081,0.10494783520698547,-26,-13,1,184,4,-3,-0.03078078078078078
g12123.t1,G0S723,0.7546,32.9,1,188,2.6794486177425423,61,31,96,30202.45703125,0.36847934126853943,0.23715999722480774,0.3160320222377777,0.16757157444953918,0.14846044778823853,136,13,1,215,-2,14,12,2,0.3829787234042553,0.11045092344284058,0.09930583089590073,0.024563726037740707,0.0,0.0,0.021523425355553627,0.09796126186847687,0.027030061930418015,0.061567701399326324,0.09010542184114456,0.07832864671945572,0.09162453562021255,0.11967670172452927,0.013282856903970242,0.0,0.07746615260839462,0.0054483599960803986,0.04365483671426773,0.0,0.03800952434539795,1,2235,5.796969361760086,1084,60,1091,118634.859375,0.22102393209934235,0.26729851961135864,0.49357321858406067,0.16660459339618683,0.32696864008903503,1852,289,12,1031,-129,76,140,-64,0.14899328859060404,0.09378482401371002,0.034045252948999405,0.06766331940889359,0.01981194131076336,2.75448510365095e-05,0.02736441232264042,0.009756645187735558,0.067750945687294,0.06969228386878967,0.07022230327129364,0.01810429058969021,0.0515545979142189,0.01332232914865017,0.013205641880631447,0.005792766343802214,0.096382275223732,0.04655839875340462,0.05927473306655884,0.0025016330182552338,0.233183816075325,-2047,-3.1175207440175434,-1023,-29,-995,-88432.40234375,0.14745540916919708,-0.030138522386550903,-0.17754119634628296,-1716,-276,-11,-816,127,66,0.23398543481365128
g11348.t1,G0S3E1,0.7533,20.2,1,1371,4.040746963869525,618,215,538,69696.5625,0.16187533736228943,0.30623045563697815,0.5183209180831909,0.29596632719039917,0.22235460579395294,1261,161,33,793,8,63,57,6,0.1436907366885485,0.03781687095761299,0.018090473487973213,0.06974592059850693,0.00828666053712368,0.0,0.017096899449825287,0.03747911378741264,0.038034599274396896,0.08076915144920349,0.2002955675125122,0.013573331758379936,0.06092727929353714,0.0003208930429536849,0.01724994368851185,0.0052310992032289505,0.09567075967788696,0.00461569894105196,0.10401840507984161,0.006239687092602253,0.18453772366046906,1,570,2.410506450082371,206,118,246,29352.041015625,0.24530895054340363,0.11219561100006104,0.6415249705314636,0.3204476833343506,0.3210771977901459,555,94,4,391,-2,37,31,6,0.14736842105263157,0.12458492070436478,0.003719933796674013,0.03866129741072655,0.010442949831485748,0.0,0.03136540949344635,0.06649015098810196,0.05813099071383476,0.01239444874227047,0.25752028822898865,0.0009705181000754237,0.007145175710320473,0.041209638118743896,0.006313042249530554,0.008226546458899975,0.06292741745710373,0.020392533391714096,0.019985411316156387,0.03302702307701111,0.1964922994375229,801,1.6302405137871538,412,97,292,40344.521484375,-0.0834336131811142,0.19403484463691711,-0.1232040524482727,706,67,29,402,10,0,-0.003677684364083056
g7070.t1,G0S391,0.7499,17.5,1,202,1.6750418025097786,117,20,65,18242.109375,0.1898135244846344,0.17328138649463654,0.6202923655509949,0.36916986107826233,0.25112250447273254,196,20,0,312,4,19,16,3,0.26732673267326734,0.1449456661939621,0.03219097852706909,0.051686838269233704,0.0,0.0,0.029873833060264587,0.03700507432222366,0.04385989159345627,0.024464232847094536,0.34878572821617126,0.01661265827715397,0.04259426146745682,0.038879916071891785,0.020482489839196205,0.014868363738059998,0.02038414031267166,0.00017687352374196053,0.02701215073466301,0.0,0.10617685317993164,1,222,1.7523838811715504,125,14,83,18769.1875,0.3652118444442749,0.15896588563919067,0.4758222997188568,0.24060937762260437,0.23521295189857483,194,27,1,125,-1,14,18,-4,0.24324324324324326,0.0951479971408844,0.02372310310602188,0.15718866884708405,0.0027073936071246862,0.0010446204105392098,0.08684146404266357,0.056814730167388916,0.0010079240892082453,0.08850114792585373,0.18709765374660492,0.0,0.013153962790966034,0.012322403490543365,0.03245790675282478,0.0,0.05351172387599945,0.025614077225327492,0.022800326347351074,0.0,0.14006493985652924,-20,-0.07734207866177178,-8,6,-18,-527.078125,-0.1753983199596405,0.014315500855445862,0.14447006583213806,2,-7,-1,187,5,7,0.024083489430024085
g11756.t1,G0S614,0.7481,17.0,1,134,1.8975037254834155,58,23,53,19460.09375,0.40138357877731323,0.25209930539131165,0.33398672938346863,0.2036444991827011,0.1303422451019287,108,9,0,106,2,13,8,5,0.3582089552238806,0.05353568494319916,0.040455982089042664,0.10953167080879211,0.000994819332845509,0.0,0.0,0.04946776106953621,0.02376524917781353,0.054768018424510956,0.05140890181064606,0.012530367821455002,0.03319036588072777,0.04654534161090851,0.009020895697176456,0.1152421236038208,0.15223559737205505,0.009940632618963718,0.016112633049488068,0.14444735646247864,0.07680653035640717,1,137,2.3629684381311953,31,25,81,23749.5625,0.40854281187057495,0.15498733520507812,0.4289626181125641,0.3772907853126526,0.051671843975782394,88,10,2,9,11,18,8,10,0.39416058394160586,0.008509012870490551,0.02173713408410549,0.06242610886693001,0.006060913670808077,0.0,0.026553653180599213,0.09956786781549454,0.006661106366664171,0.018801957368850708,0.1517295241355896,0.007507236208766699,0.038949865847826004,0.00326056987978518,0.03650315850973129,0.030433380976319313,0.22556130588054657,0.14319925010204315,0.023637855425477028,0.04573732987046242,0.04316283389925957,-3,-0.4654647126477798,27,-2,-28,-4289.46875,-0.007159233093261719,0.09711197018623352,-0.09497588872909546,20,-1,-2,97,-9,-5,-0.03595162871772528
g11288.t1,G0S3W1,0.7441,11.1,1,148,1.6435495604508368,46,43,59,18673.5625,0.25120216608047485,0.37346258759498596,0.369633287191391,0.1989503800868988,0.1706829071044922,131,25,0,103,0,13,14,-1,0.30405405405405406,0.06958544254302979,0.08731590956449509,0.03818589076399803,0.0,,0.015793969854712486,0.09604458510875702,0.1587366759777069,0.08586383610963821,0.1522035002708435,0.005701966118067503,0.013661438599228859,0.0046652453020215034,0.013198227621614933,0.04173007234930992,0.046746861189603806,0.009196554310619831,0.06027233228087425,0.0,0.10109744966030121,1,142,1.4902012200068142,53,33,56,15956.1904296875,0.17157134413719177,0.2611941993236542,0.5384195446968079,0.25405946373939514,0.2843600809574127,121,18,0,78,-5,12,17,-5,0.2887323943661972,0.11448109894990921,0.0,0.03833157196640968,0.0001976026687771082,0.0,0.05314318835735321,0.07969677448272705,0.039366018027067184,0.05941615253686905,0.06215210631489754,0.028814855962991714,0.06185741350054741,0.0,0.014154263772070408,0.0003952053375542164,0.1919073909521103,0.0002022128173848614,0.08600515872240067,,0.1698789894580841,6,0.15334834044402257,-7,10,3,2717.3720703125,0.07963082194328308,0.11226838827133179,-0.16878625750541687,10,7,0,25,5,4,0.01532165968785687
g9582.t1,G0S843,0.7393,17.7,1,662,2.455538719520821,225,162,275,30119.490234375,0.21166224777698517,0.25988298654556274,0.48219841718673706,0.3267870843410492,0.15541133284568787,642,84,28,886,-3,28,24,4,0.13897280966767372,0.04606310650706291,0.008884035982191563,0.09702692180871964,0.015077739953994751,0.0,0.04066315293312073,0.019952263683080673,0.04229828715324402,0.0967920646071434,0.171965092420578,0.04625634476542473,0.07792972773313522,0.008881594054400921,0.016182510182261467,0.0034765054006129503,0.1548219472169876,0.013570665381848812,0.023203903809189796,0.007605865132063627,0.10934823006391525,1,670,2.644575454456153,213,136,321,36184.1640625,0.23008446395397186,0.2944968640804291,0.47121885418891907,0.3489297032356262,0.12228913605213165,588,64,9,779,0,34,31,3,0.14776119402985075,0.03573872148990631,0.03700448200106621,0.08598965406417847,0.01149887964129448,0.0,0.02473045326769352,0.05691211670637131,0.04569651931524277,0.09664180874824524,0.2572217285633087,0.004199791233986616,0.04214641451835632,0.0,0.02946002408862114,0.00017834024038165808,0.09170795232057571,0.013948885723948479,0.08037375658750534,0.0,0.08655041456222534,-8,-0.1890367349353319,12,26,-46,-6064.673828125,-0.018422216176986694,-0.03461387753486633,0.010979562997817993,54,20,19,107,-3,1,-0.00878838436217702
g12820.t1,G0S288,0.7392,29.7,1,368,2.4443348459447383,61,128,179,31412.25,0.37180671095848083,0.2441805601119995,0.3290277123451233,0.2709738612174988,0.0580538734793663,271,28,2,449,-6,20,10,10,0.22282608695652173,0.021799977868795395,0.06245144084095955,0.04107944294810295,0.09754960983991623,0.0014550909399986267,0.013273482210934162,0.06004931405186653,0.05788196995854378,0.04383743554353714,0.09775647521018982,0.05498507246375084,0.048060834407806396,0.02403324283659458,0.023646850138902664,0.0,0.17321740090847015,0.06998057663440704,0.06929837912321091,0.0033896337263286114,0.03625389561057091,1,396,2.222930896834102,69,151,176,28708.68359375,0.3294413983821869,0.2285369485616684,0.41899219155311584,0.25235840678215027,0.166633740067482,340,22,2,412,-9,20,21,-1,0.1994949494949495,0.09083524346351624,0.08056768774986267,0.049300432205200195,0.0013486705720424652,0.0,0.05339954048395157,0.11584574729204178,0.014537176117300987,0.03877042606472969,0.18321669101715088,0.023029465228319168,0.0394069105386734,0.005619460251182318,0.028920544311404228,0.03181719407439232,0.06914170831441879,0.007417688146233559,0.07508469372987747,0.015942169353365898,0.07579850405454636,-28,0.22140394911063632,-8,-23,3,2703.56640625,0.042365312576293945,0.015643611550331116,-0.08996447920799255,-69,6,0,37,3,11,0.023331137461572227
g19068.t1,G0S3X6,0.7352,34.9,1,410,2.6524342760848127,125,95,190,37802.76953125,0.10011668503284454,0.22126884758472443,0.657682478427887,0.5212277173995972,0.1364547610282898,316,43,31,562,14,45,24,21,0.2,0.026558199897408485,0.012688277289271355,0.004091063514351845,0.0030726760160177946,0.0,0.0011949295876547694,0.050562139600515366,0.10194255411624908,0.03646710142493248,0.4268331527709961,0.020931970328092575,0.051786258816719055,0.0008535211090929806,0.014082832261919975,0.010711021721363068,0.09439456462860107,0.011266478337347507,0.006279084365814924,0.01638760417699814,0.10989656299352646,1,503,2.9878098830164594,128,100,275,47213.59375,0.14953334629535675,0.25646713376045227,0.5873594880104065,0.37395521998405457,0.2134043425321579,369,53,24,643,7,35,34,1,0.24055666003976142,0.05668685957789421,0.015513031743466854,0.011201421730220318,6.67813146719709e-05,0.0,0.0483139343559742,0.03220332786440849,0.005826270207762718,0.12418356537818909,0.34073954820632935,0.0066400738433003426,0.03507968410849571,0.0,0.018825745210051537,0.01563972234725952,0.033215682953596115,0.037839531898498535,0.05691216140985489,0.004395316820591688,0.1567174643278122,-93,-0.3353756069316467,-3,-5,-85,-9410.82421875,-0.04941666126251221,-0.035198286175727844,0.07032299041748047,-53,-10,7,-81,7,20,-0.04055666003976141
g9206.t1,G0SEG9,0.7351,46.3,1,146,2.9538168233677253,42,0,104,33124.390625,0.33523696660995483,0.16397996246814728,0.5007830858230591,0.25037676095962524,0.25040629506111145,55,3,0,30,-7,15,21,-6,0.5,0.051694247871637344,0.06674345582723618,0.08180377632379532,0.004961092956364155,0.0,0.07038113474845886,0.0343785360455513,0.007052621804177761,0.018601834774017334,0.237930566072464,0.0,0.03938524052500725,0.04256240278482437,0.04553573951125145,0.016834942623972893,0.012446177192032337,0.03440655767917633,0.03656958043575287,0.0,0.1987120509147644,1,111,2.481980038638301,61,0,50,21003.681640625,0.3718060553073883,0.1540703922510147,0.47412362694740295,0.11965802311897278,0.3544656038284302,70,1,0,9,-14,9,22,-13,0.5585585585585585,0.14232034981250763,0.028709078207612038,0.013211159966886044,0.02181377448141575,,0.17911887168884277,0.04248414188623428,0.0,,0.11965802311897278,,0.03916863724589348,0.07712632417678833,0.08137989789247513,0.01699461229145527,,0.007652888540178537,0.016527235507965088,0.0016897993627935648,0.21214523911476135,35,0.47183678472942425,-19,0,54,12120.708984375,-0.03656908869743347,0.009909570217132568,0.026659458875656128,-15,2,0,21,7,7,-0.058558558558558516
g17346.t1,G0S6H9,0.7324,19.1,1,294,2.3424626950180745,223,2,69,26873.8125,0.4092886447906494,0.24013303220272064,0.31356433033943176,0.23307040333747864,0.08049394190311432,278,10,10,668,7,18,9,9,0.24489795918367346,0.04239286109805107,0.09548478573560715,0.03596372902393341,0.05366808548569679,0.003161526285111904,0.02055189199745655,0.04883955046534538,0.061180755496025085,0.10031802207231522,0.14696663618087769,0.03701398894190788,0.024243729189038277,0.058350544422864914,0.0006003141752444208,0.040008775889873505,0.08610375225543976,0.02569344826042652,0.010619898326694965,0.07073661684989929,0.038101084530353546,1,460,2.7974787491586857,256,31,173,35872.84375,0.35160550475120544,0.2203473001718521,0.4088272154331207,0.3584068715572357,0.050420328974723816,388,25,3,761,12,27,9,18,0.18043478260869567,0.028622770681977272,0.06972680985927582,0.03971775993704796,0.02428487315773964,0.0,0.07033096253871918,0.011788754723966122,0.02850188873708248,0.028009962290525436,0.10269979387521744,0.019219934940338135,0.01132268738001585,0.08310823887586594,0.03264797478914261,0.06839915364980698,0.25570711493492126,0.039889730513095856,0.05146564170718193,0.012758361175656319,0.021797558292746544,-166,-0.4550160541406112,-33,-29,-104,-8999.03125,0.05768314003944397,0.01978573203086853,-0.09526288509368896,-110,-15,7,-93,-5,-9,0.0644631765749778
g1259.t1,G0S7D6,0.7303,19.6,1,191,1.5445783784625133,66,46,79,17340.41796875,0.2100527137517929,0.3317936956882477,0.4260016083717346,0.2959679961204529,0.13003356754779816,170,18,2,69,0,16,10,6,0.2094240837696335,0.07866029441356659,0.027081498876214027,0.029432548210024834,0.0,0.0,0.00018182871281169355,0.1461212933063507,0.08731868863105774,0.17854464054107666,0.24300743639469147,0.03215193375945091,0.013815322890877724,0.006136095616966486,0.031770866364240646,0.00037214168696664274,0.05296057462692261,0.0007273148512467742,0.019972046837210655,0.00037214168696664274,0.05137326568365097,1,236,1.6253297589162474,93,42,101,18758.53515625,0.26150235533714294,0.1934541016817093,0.5404745936393738,0.15115860104560852,0.38931602239608765,215,18,0,183,-15,14,21,-7,0.1864406779661017,0.1702100783586502,0.0027010878548026085,0.036534931510686874,0.0010320249712094665,0.0,0.11913074553012848,0.09498918056488037,0.04360179975628853,0.03025761991739273,0.14010919630527496,0.004568879958242178,0.04773765057325363,0.0,0.02244638465344906,0.0023884510155767202,0.011049431748688221,0.002353158313781023,0.04702218621969223,0.004761216230690479,0.21910594403743744,-45,-0.08075138045373409,-27,4,-22,-1418.1171875,-0.05144964158535004,0.1383395940065384,-0.11447298526763916,-45,0,2,-114,15,13,0.02298340580353181
g7070.t1,G0SH05,0.729,17.0,1,202,1.6750418025097786,117,20,65,18242.109375,0.1898135244846344,0.17328138649463654,0.6202923655509949,0.36916986107826233,0.25112250447273254,196,20,0,312,4,19,16,3,0.26732673267326734,0.1449456661939621,0.03219097852706909,0.051686838269233704,0.0,0.0,0.029873833060264587,0.03700507432222366,0.04385989159345627,0.024464232847094536,0.34878572821617126,0.01661265827715397,0.04259426146745682,0.038879916071891785,0.020482489839196205,0.014868363738059998,0.02038414031267166,0.00017687352374196053,0.02701215073466301,0.0,0.10617685317993164,1,255,1.8764014513978258,148,18,89,21040.62890625,0.21539954841136932,0.13898539543151855,0.6353960633277893,0.36091822385787964,0.27447783946990967,255,41,1,189,-2,22,20,2,0.22745098039215686,0.055386386811733246,0.00046004512114450336,0.06537137180566788,0.003833709517493844,0.0,0.027776071801781654,0.0792469009757042,0.02546880394220352,0.01454128697514534,0.2406228631734848,0.01021893322467804,0.016724981367588043,0.011807824485003948,0.035229746252298355,0.03419572487473488,0.12029535323381424,0.0025474883150309324,0.01282484456896782,0.024356145411729813,0.2190914750099182,-53,-0.20135964888804714,-31,2,-24,-2798.51953125,-0.025586023926734924,0.03429599106311798,-0.015103697776794434,-59,-21,-1,123,6,1,0.03987575228111048
g497.t1,G0SBZ0,0.7285,41.6,1,651,3.369440423598083,269,86,296,55085.11328125,0.1725480556488037,0.3158682584762573,0.4591970443725586,0.24977384507656097,0.2094232141971588,538,41,35,114,-5,37,38,-1,0.23195084485407066,0.03306930884718895,0.07309673726558685,0.03465167060494423,0.005459201522171497,0.0,0.01866714470088482,0.01812906749546528,0.10766749083995819,0.0735187754034996,0.16791364550590515,0.052386704832315445,0.03279145061969757,0.013237686827778816,0.009824715554714203,0.006582419853657484,0.08186018466949463,0.00673153530806303,0.08548341691493988,0.002575020771473646,0.17635388672351837,1,1175,4.5077918957017475,592,138,445,73838.5859375,0.3166317343711853,0.24308206140995026,0.4253011643886566,0.2714865505695343,0.15381461381912231,978,101,10,425,10,61,37,24,0.16170212765957448,0.036077551543712616,0.05068161338567734,0.08124195784330368,0.03302120789885521,0.0026553429197520018,0.04300926998257637,0.02174568921327591,0.02979133464396,0.06742139905691147,0.14331430196762085,0.014984986744821072,0.06906398385763168,0.04197615757584572,0.012711342424154282,0.014541547745466232,0.12817227840423584,0.03180664777755737,0.04689709469676018,0.013149215839803219,0.1177370622754097,-524,-1.1383514721036647,-323,-52,-149,-18753.47265625,-0.1440836787223816,0.07278619706630707,0.03389587998390198,-440,-60,25,-311,-15,-25,0.07024871719449619
g6101.t1,G0SI16,0.7265,18.9,1,243,2.092024919895347,205,0,38,23231.287109375,0.5886284112930298,0.19222475588321686,0.17011843621730804,0.1325140744447708,0.03760436549782753,246,11,3,264,5,8,4,4,0.25925925925925924,0.014260259456932545,0.15925297141075134,0.027935044839978218,0.024444283917546272,0.0,0.017038891091942787,0.05911579355597496,0.0,0.03020056150853634,0.11194080859422684,0.049028392881155014,0.032262735068798065,0.2352346032857895,0.01153359841555357,0.04278711602091789,0.020573260262608528,0.0499996691942215,0.07544075697660446,0.015607180073857307,0.023344101384282112,1,340,2.7004615330145967,231,0,109,37114.44140625,0.31061428785324097,0.3608717620372772,0.31436896324157715,0.29144132137298584,0.022927692160010338,277,17,0,123,18,19,5,14,0.2735294117647059,0.014926248230040073,0.11193840205669403,0.021897725760936737,0.050248462706804276,0.003671930870041251,0.029719354584813118,0.026537982746958733,0.0327419750392437,0.07543773949146271,0.10186402499675751,0.014144929125905037,0.08431177586317062,0.04354257509112358,0.022709110751748085,0.09858541190624237,0.18957728147506714,0.02163862995803356,0.04341382160782814,0.005091144237667322,0.008001445792615414,-97,-0.6084366131192498,-26,0,-71,-13883.154296875,0.2780141234397888,-0.16864700615406036,-0.1442505270242691,-31,-6,3,141,-13,-10,-0.014270152505446665
g19580.t1,G0SH59,0.7265,25.5,1,241,2.569825178165303,87,25,129,32494.0,0.22919495403766632,0.2249806523323059,0.543838381767273,0.15659092366695404,0.3872474431991577,188,30,1,164,-23,20,38,-18,0.34024896265560167,0.22334083914756775,0.06521527469158173,0.04860103875398636,0.015986764803528786,0.0,0.01618536002933979,0.05480765551328659,0.12625263631343842,0.033970948308706284,0.09965788573026657,0.0019859333988279104,0.019260982051491737,0.0,0.0006950767710804939,0.021117566153407097,0.056933045387268066,0.028398850932717323,0.02368343248963356,0.0,0.16390661895275116,1,235,2.5432888269585936,105,31,99,24169.32421875,0.2550034523010254,0.2535395920276642,0.47958940267562866,0.15391786396503448,0.325671523809433,197,26,0,173,-8,17,24,-7,0.28085106382978725,0.1217566505074501,0.03403232991695404,0.034436289221048355,0.006128713954240084,0.0,0.023759527131915092,0.10120290517807007,0.06125994026660919,0.04875389114022255,0.0847020149230957,0.01186753623187542,0.016417156904935837,0.015616172924637794,0.031898580491542816,0.048472754657268524,0.06921585649251938,0.03982751443982124,0.04673728346824646,0.0,0.20391486585140228,6,0.026536351206709607,-18,-6,30,8324.67578125,-0.02580849826335907,-0.028558939695358276,0.06424897909164429,-9,4,1,-9,-15,-11,0.05939789882581442
g16599.t1,G0SGM0,0.7265,19.2,1,111,1.370954604937526,55,20,36,14863.111328125,0.23938480019569397,0.23204532265663147,0.5285698771476746,0.47354772686958313,0.05502215027809143,104,7,3,49,11,17,5,12,0.24324324324324326,0.04121357575058937,0.05492229387164116,0.005210020113736391,0.02018882893025875,0.0,0.027786774560809135,0.12042268365621567,0.01138492114841938,0.06962050497531891,0.34518125653266907,0.0,0.0036904311273247004,0.010854208841919899,0.001060674898326397,0.11401324719190598,0.12836645543575287,0.0,0.032275572419166565,,0.013808570802211761,1,127,1.3578519487994754,61,20,46,14691.6416015625,0.2851720452308655,0.24930638074874878,0.44359320402145386,0.27930501103401184,0.16428814828395844,108,13,3,17,1,10,9,1,0.2677165354330709,0.062312252819538116,0.023499106988310814,0.04919438809156418,0.003953120671212673,0.0,0.0469781830906868,0.15803757309913635,0.07494132965803146,0.03696422651410103,0.04085206612944603,0.021928369998931885,0.0019765603356063366,,0.004726445768028498,0.0062237149104475975,0.2384529709815979,0.0019765603356063366,0.12447410821914673,0.0015331483446061611,0.10197589546442032,-16,0.013102656138050728,-6,0,-10,171.4697265625,-0.04578724503517151,-0.01726105809211731,0.0849766731262207,-4,-6,0,32,10,11,-0.024473292189827633
g5787.t1,G0SFK9,0.7263,20.1,1,433,4.708596670616162,98,127,208,42893.83203125,0.2988559901714325,0.38366422057151794,0.3173322081565857,0.20596660673618317,0.11136560142040253,326,29,13,384,2,19,20,-1,0.2678983833718245,0.04600025713443756,0.06433144956827164,0.12960009276866913,0.025558220222592354,0.012058191932737827,0.009207678958773613,0.021956870332360268,0.07452766597270966,0.03465777263045311,0.13614578545093536,0.0001475823955843225,0.19526390731334686,0.03699706122279167,0.018057405948638916,0.009999103844165802,0.0698208287358284,0.011204601265490055,0.03910014405846596,0.0,0.06536535173654556,1,832,4.387469112598579,56,183,593,101053.5546875,0.3722071051597595,0.30065351724624634,0.29252761602401733,0.20276372134685516,0.08976389467716217,511,50,29,204,10,41,26,15,0.31850961538461536,0.01993253082036972,0.12810054421424866,0.04456176608800888,0.03641926869750023,0.002511806320399046,0.05473003908991814,0.025653555989265442,0.03003682941198349,0.0386463962495327,0.04648453742265701,0.03461182117462158,0.13492703437805176,0.048410095274448395,0.010475002229213715,0.004774502012878656,0.15627916157245636,0.0317470021545887,0.07928191125392914,0.0025847989600151777,0.06983137130737305,-399,0.32112755801758297,42,-56,-385,-58159.72265625,-0.07335111498832703,0.0830107033252716,0.02480459213256836,-185,-21,-16,180,-8,-16,-0.050611232012790885
g8504.t1,G0SHR7,0.7253,20.5,1,669,3.899974050034017,262,101,306,56793.95703125,0.19244912266731262,0.1890450268983841,0.5949262976646423,0.38026270270347595,0.21466363966464996,529,67,0,164,-1,60,44,16,0.22122571001494767,0.018103471025824547,0.02848919667303562,0.018963363021612167,0.0316445492208004,0.005983894690871239,0.01808399148285389,0.02810930833220482,0.045967165380716324,0.03225267305970192,0.2573702335357666,0.023579519242048264,0.04234341159462929,0.03966715559363365,0.013390335254371166,0.004817137494683266,0.12289243936538696,0.027093874290585518,0.044290415942668915,0.0003976800653617829,0.19656017422676086,1,552,3.0913493565910275,221,108,223,48195.5234375,0.2949064075946808,0.2262171506881714,0.4771007299423218,0.3906165063381195,0.08648422360420227,497,62,0,200,10,43,23,20,0.20471014492753623,0.029686162248253822,0.05403747037053108,0.029239056631922722,0.022419406101107597,0.0,0.07298734784126282,0.035809699445962906,0.04578849673271179,0.053917162120342255,0.15721112489700317,0.001775741227902472,0.04370682314038277,0.044530026614665985,0.0234605111181736,0.012883723713457584,0.23340536653995514,0.03588338568806648,0.04646044224500656,0.0,0.0567980632185936,117,0.8086246934429897,41,-7,83,8598.43359375,-0.10245728492736816,-0.03717212378978729,0.11782556772232056,32,5,0,-36,-11,-4,0.01651556508741145
g9603.t1,G0SFC6,0.7249,30.2,1,435,3.1203692902726146,154,48,233,48122.3515625,0.1140534058213234,0.37746885418891907,0.4783770442008972,0.29915735125541687,0.17921976745128632,384,63,1,155,11,39,25,14,0.27586206896551724,0.06799335032701492,0.006906026508659124,0.07270056754350662,0.0025478545576334,0.0,0.0068571120500564575,0.014440189115703106,0.03147906810045242,0.08226842433214188,0.23206844925880432,0.030100621283054352,0.08344616740942001,0.0035535870119929314,0.012001901865005493,0.0,0.06708887219429016,0.0070480648428201675,0.16827329993247986,0.0,0.1112264022231102,1,437,2.96801957879421,141,50,246,48213.19140625,0.2883462607860565,0.2935119867324829,0.4176064729690552,0.2813582122325897,0.13624820113182068,330,68,0,233,9,32,23,9,0.2585812356979405,0.07197955995798111,0.043523598462343216,0.0908164381980896,0.024688290432095528,0.0,0.03817438334226608,0.04073149710893631,0.05874228477478027,0.10974911600351334,0.1376025676727295,0.0005353798042051494,0.044739365577697754,0.03604811802506447,0.0022280665580183268,0.0,0.14375565946102142,0.011443744413554668,0.07805313915014267,0.0029201775323599577,0.06426864117383957,-2,0.1523497114784047,13,-2,-13,-90.83984375,-0.17429285496473312,0.08395686745643616,0.06077057123184204,54,-5,1,-78,2,5,0.017280833267576734
g8504.t1,G0RYC9,0.7247,58.7,1,669,3.899974050034017,262,101,306,56793.95703125,0.19244912266731262,0.1890450268983841,0.5949262976646423,0.38026270270347595,0.21466363966464996,529,67,0,164,-1,60,44,16,0.22122571001494767,0.018103471025824547,0.02848919667303562,0.018963363021612167,0.0316445492208004,0.005983894690871239,0.01808399148285389,0.02810930833220482,0.045967165380716324,0.03225267305970192,0.2573702335357666,0.023579519242048264,0.04234341159462929,0.03966715559363365,0.013390335254371166,0.004817137494683266,0.12289243936538696,0.027093874290585518,0.044290415942668915,0.0003976800653617829,0.19656017422676086,1,524,2.9825987559449434,187,104,233,43460.72265625,0.3425460457801819,0.16849970817565918,0.48410895466804504,0.2849750220775604,0.19913387298583984,449,47,0,134,-11,31,32,-1,0.21183206106870228,0.0712456926703453,0.03501274809241295,0.0252333115786314,0.04776833951473236,0.0,0.09401807934045792,0.0358780138194561,0.023173026740550995,0.05775406211614609,0.10412292182445526,0.004845414776355028,0.026938684284687042,0.07393462210893631,0.019103651866316795,0.003556541632860899,0.18085213005542755,0.030700908973813057,0.037973735481500626,,0.12788817286491394,145,0.9173752940890738,75,-3,73,13333.234375,-0.15009692311286926,0.020545318722724915,0.11081734299659729,80,20,0,30,10,17,0.009393648946245392
g18246.t1,G0SC97,0.7187,20.2,1,151,2.024442043339488,36,36,79,22806.216796875,0.25544631481170654,0.16739384829998016,0.5771598219871521,0.4468950033187866,0.13026483356952667,100,8,3,38,9,21,10,11,0.304635761589404,0.060714833438396454,0.045976672321558,0.06391150504350662,0.019757898524403572,0.0,0.03732724487781525,0.08620937913656235,0.029125316068530083,0.03285219520330429,0.1916472464799881,0.0,0.07055679708719254,0.0022636258509010077,0.008272933773696423,0.026162164285779,0.2552477717399597,0.0,0.0004244298324920237,,0.06955000758171082,1,246,3.447230998125919,69,33,144,46889.1796875,0.3680197596549988,0.28997525572776794,0.3222120404243469,0.23175716400146484,0.09045486897230148,128,10,0,31,14,25,17,8,0.47560975609756095,0.04049305245280266,0.09554536640644073,0.06442680209875107,0.019109388813376427,0.0,0.03324076905846596,0.0585760623216629,0.013110148720443249,0.13939277827739716,0.08094128966331482,0.019793033599853516,0.08875007182359695,0.044729262590408325,0.013440404087305069,0.0008179019787348807,0.15081587433815002,0.044891562312841415,0.034463975578546524,0.007500526495277882,0.04996181279420853,-95,-1.422788954786431,-33,3,-65,-24082.962890625,-0.11257344484329224,-0.12258140742778778,0.2549477815628052,-28,-2,3,7,-5,3,-0.17097399450815698
g17996.t1,G0S0D6,0.7158,38.2,1,298,3.657187665186396,59,39,200,46581.91015625,0.13608688116073608,0.38027307391166687,0.4613321125507355,0.38588470220565796,0.0754474475979805,151,13,0,77,49,47,12,35,0.37583892617449666,0.011653203517198563,0.02916101925075054,0.049509238451719284,0.002975282957777381,,0.011949650943279266,0.005374545697122812,0.009561151266098022,0.2860261797904968,0.2849787771701813,0.022307872772216797,0.03393319621682167,0.011221105232834816,0.003386403899639845,0.0313771590590477,0.10090591013431549,0.01322034653276205,0.015988975763320923,0.012675692327320576,0.06379424035549164,1,200,3.032032941169322,56,44,100,32839.8359375,0.20459958910942078,0.15271441638469696,0.6270450353622437,0.49493587017059326,0.13210922479629517,123,3,0,72,22,32,14,18,0.37,0.03906559199094772,0.009432095102965832,0.030752554535865784,9.601101191947237e-05,0.0,0.03167682886123657,0.0710783302783966,0.0,0.03428838029503822,0.4107658267021179,0.01564096100628376,0.054714687168598175,0.03713887184858322,0.020628662779927254,0.026360776275396347,0.08416999876499176,0.006361674517393112,0.016721902415156364,0.01806323230266571,0.09304363280534744,98,0.6251547240170741,3,-5,100,13742.07421875,-0.06851270794868469,0.2275586575269699,-0.16571292281150818,28,10,0,5,27,17,0.005838926174496661
g11864.t1,G0S0A2,0.7139,19.7,1,796,3.315816917735335,86,252,458,52473.43359375,0.3330744504928589,0.34950879216194153,0.27879369258880615,0.16549831628799438,0.11329536139965057,631,99,33,550,-33,22,31,-9,0.17839195979899497,0.020383605733513832,0.08436029404401779,0.0755513533949852,0.04440337419509888,0.003425121307373047,0.01595773734152317,0.023945169523358345,0.12253033369779587,0.05475710704922676,0.08065231889486313,0.03862307593226433,0.06766213476657867,0.03775152564048767,0.02839084155857563,0.02502734400331974,0.08484598249197006,0.0442439466714859,0.04771587252616882,0.006861058063805103,0.09291175752878189,1,1528,3.943669925262875,159,568,801,70962.0,0.2351704239845276,0.15160363912582397,0.603276789188385,0.40280911326408386,0.20046766102313995,1466,253,52,1337,-28,75,61,14,0.12369109947643979,0.09384696185588837,0.05207597464323044,0.040859583765268326,0.015592635609209538,0.0,0.017364878207445145,0.01977482996881008,0.024079060181975365,0.025725722312927246,0.2633083462715149,0.009949143044650555,0.016354810446500778,0.03449412062764168,0.019191954284906387,0.03349091857671738,0.13950076699256897,0.024323655292391777,0.032761164009571075,0.03068476915359497,0.10662071406841278,-732,-0.6278530075275399,-73,-316,-343,-18488.56640625,0.0979040265083313,0.19790515303611755,-0.32448309659957886,-835,-154,-19,-787,-5,-23,0.05470086032255518
g13229.t2,G0S4X6,0.7136,42.3,1,632,4.107278301411501,124,143,365,74260.390625,0.3105301558971405,0.2924838662147522,0.3544774353504181,0.26220008730888367,0.09227734804153442,400,34,6,157,10,41,28,13,0.314873417721519,0.044277433305978775,0.03047352470457554,0.10158184915781021,0.02317919209599495,0.0,0.037120845168828964,0.03917911648750305,0.06519051641225815,0.07175538688898087,0.19057652354240417,0.04250851273536682,0.0735803171992302,0.043744828552007675,0.0055304705165326595,0.01654905080795288,0.0716235414147377,0.0352073535323143,0.05987812951207161,4.344909029896371e-05,0.04799991473555565,1,459,3.6754563661266326,118,108,233,51045.72265625,0.36184489727020264,0.2054201364517212,0.4184935390949249,0.19347727298736572,0.225016251206398,316,31,0,110,-8,32,35,-3,0.30718954248366015,0.04492110013961792,0.09716328233480453,0.0909084752202034,0.00012641788634937257,0.0,0.0833401009440422,0.028009282425045967,0.012204400263726711,0.056777626276016235,0.12275690585374832,0.014241469092667103,0.06014542281627655,0.015138442628085613,0.025325588881969452,0.0169406458735466,0.070720374584198,0.0211649090051651,0.03402644395828247,0.02599400095641613,0.18009516596794128,173,0.43182193528486845,6,35,132,23214.66796875,-0.051314741373062134,0.087063729763031,-0.06401610374450684,84,3,6,47,18,16,0.00768387523785885
g17321.t1,G0SGB6,0.7135,40.1,1,355,2.950300821102063,153,48,154,31343.37109375,0.1658967137336731,0.25813913345336914,0.5452871322631836,0.3516550362110138,0.19363214075565338,293,51,2,358,4,33,27,6,0.23098591549295774,0.08996947109699249,0.02404615841805935,0.014514808543026447,0.00010294190724380314,0.00218940619379282,0.005250037182122469,0.05183466896414757,0.11790204048156738,0.0,0.2656727731227875,0.03067701868712902,0.0554676428437233,0.03942675143480301,0.023243170231580734,0.012988487258553505,0.0859823003411293,0.0016470705159008503,0.04634837806224823,0.029074274003505707,0.10366267710924149,1,372,2.89782861184591,163,48,161,34808.328125,0.22962738573551178,0.14632977545261383,0.6070970892906189,0.3933894634246826,0.21370767056941986,314,39,6,291,1,36,24,12,0.23118279569892472,0.03994033485651016,0.08911164104938507,0.012977252714335918,0.004634732846170664,0.0,0.010937970131635666,0.05353426933288574,0.0035459932405501604,0.023692572489380836,0.30575674772262573,0.016945794224739075,0.03213641420006752,0.013440725393593311,0.03706596791744232,0.0,0.0876326933503151,0.028141139075160027,0.04988882690668106,0.01684964820742607,0.1737673282623291,-17,0.052472209256153146,-10,0,-7,-3464.95703125,-0.06373067200183868,0.11180935800075531,-0.0618099570274353,-21,12,-4,67,3,-6,-0.00019688020596697609
g14424.t1,G0S8J0,0.7133,19.4,1,128,2.1174080204807844,38,46,44,22751.9140625,0.2065204381942749,0.17737969756126404,0.5962307453155518,0.47851720452308655,0.1177135780453682,100,24,0,9,9,22,9,13,0.3515625,0.022598421201109886,0.035028126090765,0.019712185487151146,0.017285175621509552,0.0,0.027695370838046074,0.07819835841655731,0.0065461499616503716,0.1194334402680397,0.2949829399585724,0.019869090989232063,0.008367042057216167,0.02704126201570034,0.017868155613541603,,0.18353426456451416,0.0015599570469930768,0.025164904072880745,0.0,0.09511515498161316,1,98,1.775125207585493,13,45,40,18111.6640625,0.3529689610004425,0.2570815682411194,0.38994941115379333,0.28118982911109924,0.10875958204269409,64,5,0,17,3,10,5,5,0.42857142857142855,0.022991526871919632,0.038779277354478836,0.07378090173006058,0.005522570107132196,,0.07320011407136917,0.09899451583623886,0.06010261923074722,0.05791850388050079,0.09429454058408737,,0.04168649762868881,0.048083558678627014,0.006050236523151398,0.025113051757216454,0.18689528107643127,0.007482191547751427,0.06621062755584717,0.007125896401703358,0.08576806634664536,30,0.3422828128952913,25,1,4,4640.25,-0.1464485228061676,-0.07970187067985535,0.20628133416175842,36,19,0,-8,6,8,-0.07700892857142855
g4988.t1,G0SFP0,0.7123,30.9,1,695,11.610843746233094,557,0,138,106676.796875,0.04469902813434601,0.7047445178031921,0.25049588084220886,0.23560406267642975,0.01489180512726307,665,36,5,54,76,80,10,70,0.539568345323741,0.004646661225706339,0.0019357440760359168,0.016612542793154716,0.001240086043253541,0.0,0.012917034327983856,0.0069831302389502525,0.04700968787074089,0.620519757270813,0.1963556706905365,6.049199873814359e-05,0.01285711769014597,0.0,0.00352686969563365,0.0020689505618065596,0.039248399436473846,0.005010492634028196,0.018762096762657166,0.0,0.010245145298540592,1,1608,5.8723628952296165,496,13,1099,160123.171875,0.307207852602005,0.32805100083351135,0.3300752639770508,0.24208605289459229,0.08798921853303909,786,126,10,166,28,95,65,30,0.27549751243781095,0.023048002272844315,0.024049127474427223,0.08780433237552643,0.028940318152308464,0.0,0.04670140892267227,0.04145966097712517,0.05311520770192146,0.08940616250038147,0.07440657168626785,0.03466586023569107,0.06505286693572998,0.03311420977115631,0.02270444482564926,0.04183010384440422,0.16767945885658264,0.04513882100582123,0.05594220012426376,0.0,0.06494121998548508,-913,5.7384808510034775,61,-13,-961,-53446.375,-0.262508824467659,0.3766935169696808,-0.07957938313484192,-121,-90,-5,-112,48,40,0.26407083288593003
g6412.t1,G0S7L0,0.7123,31.3,1,152,1.8154133398516852,85,13,54,18219.9296875,0.32221719622612,0.24573446810245514,0.3924204111099243,0.16162802278995514,0.2307923585176468,130,13,1,73,-12,11,20,-9,0.3026315789473684,0.12813591957092285,0.03806602582335472,0.0,0.02142775058746338,0.0,0.04250425100326538,0.07705853879451752,0.1010235995054245,0.05740075930953026,0.1571112722158432,0.039628058671951294,0.07725293189287186,0.0,0.0008854441693983972,0.0,0.004516750108450651,0.1431606262922287,0.009171728976070881,,0.10265642404556274,1,139,1.7735627435332648,73,10,56,17102.00390625,0.21429775655269623,0.2607114017009735,0.5249909162521362,0.31039923429489136,0.21459172666072845,129,14,0,106,-8,13,15,-2,0.302158273381295,0.0596698522567749,0.022828441113233566,0.03791732341051102,0.0012905447511002421,0.0,0.009411733597517014,0.10151120275259018,0.05925862118601799,0.010748815722763538,0.18278329074382782,,0.030335139483213425,0.005848608911037445,0.06791918724775314,0.02415221557021141,0.12761594355106354,0.035489898175001144,0.06829740852117538,,0.15492185950279236,13,0.04185059631842036,12,3,-2,1117.92578125,0.10791943967342377,-0.014976933598518372,-0.13257050514221191,1,-1,1,-33,-4,-7,0.0004733055660734453
g9206.t2,G0SEG9,0.7121,43.6,1,176,2.890321776422695,55,0,121,35383.015625,0.3585679829120636,0.19984544813632965,0.4415864944458008,0.24216152727603912,0.19942496716976166,71,2,0,42,-5,16,18,-2,0.5170454545454546,0.02309233695268631,0.07249535620212555,0.08957237750291824,0.012306373566389084,0.0,0.07238153368234634,0.021707380190491676,0.027449961751699448,0.01751076430082321,0.22536754608154297,0.0,0.039015330374240875,0.04295007884502411,0.03527108579874039,0.012942046858370304,0.016793981194496155,0.04697250574827194,0.0676562637090683,0.0001823782513383776,0.17633263766765594,1,111,2.481980038638301,61,0,50,21003.681640625,0.3718060553073883,0.1540703922510147,0.47412362694740295,0.11965802311897278,0.3544656038284302,70,1,0,9,-14,9,22,-13,0.5585585585585585,0.14232034981250763,0.028709078207612038,0.013211159966886044,0.02181377448141575,,0.17911887168884277,0.04248414188623428,0.0,,0.11965802311897278,,0.03916863724589348,0.07712632417678833,0.08137989789247513,0.01699461229145527,,0.007652888540178537,0.016527235507965088,0.0016897993627935648,0.21214523911476135,65,0.4083417377843941,-6,0,71,14379.333984375,-0.013238072395324707,0.04577505588531494,-0.03253713250160217,1,1,0,33,9,11,-0.04151310401310393
g12820.t1,G0SI60,0.7075,23.3,1,368,2.4443348459447383,61,128,179,31412.25,0.37180671095848083,0.2441805601119995,0.3290277123451233,0.2709738612174988,0.0580538734793663,271,28,2,449,-6,20,10,10,0.22282608695652173,0.021799977868795395,0.06245144084095955,0.04107944294810295,0.09754960983991623,0.0014550909399986267,0.013273482210934162,0.06004931405186653,0.05788196995854378,0.04383743554353714,0.09775647521018982,0.05498507246375084,0.048060834407806396,0.02403324283659458,0.023646850138902664,0.0,0.17321740090847015,0.06998057663440704,0.06929837912321091,0.0033896337263286114,0.03625389561057091,1,419,2.6203417065972396,69,153,197,34450.6640625,0.3707711696624756,0.37935128808021545,0.23334001004695892,0.15524941682815552,0.078090600669384,339,21,1,469,-12,15,12,3,0.2171837708830549,0.02509404718875885,0.05073434114456177,0.07126842439174652,0.036849621683359146,0.0,0.032157931476831436,0.09183035045862198,0.05830702558159828,0.04702610895037651,0.07805758714675903,0.016537368297576904,0.13089296221733093,0.03045104816555977,0.0380430743098259,0.026816168799996376,0.07719182223081589,0.05747948959469795,0.07826597988605499,0.0,0.052996549755334854,-51,-0.17600686065250137,-8,-25,-18,-3038.4140625,0.001035541296005249,-0.13517072796821594,0.09568770229816437,-68,7,1,-20,6,7,0.005642316073466824
g11355.t1,G0S1P8,0.7062,17.0,1,220,1.9654968528649903,71,52,97,21077.068359375,0.1808115839958191,0.2630024552345276,0.5548344254493713,0.38975587487220764,0.1650785505771637,198,26,3,112,3,21,14,7,0.24545454545454545,0.11149974912405014,0.0024493320379406214,0.08545439690351486,0.0,0.0071318200789391994,0.013777492567896843,0.07759951055049896,0.06796625256538391,0.06190674751996994,0.3454539477825165,0.0013515488244593143,0.05743618682026863,0.0,0.004129758104681969,0.041010912507772446,0.04430197551846504,0.001530832494609058,0.023420779034495354,0.0,0.05357879400253296,1,172,1.4926940882220312,54,45,73,16344.873046875,0.22772662341594696,0.2523292303085327,0.5199440717697144,0.31586939096450806,0.2040746957063675,144,3,0,114,-1,12,14,-2,0.25,0.10505209863185883,0.0699634924530983,0.00984770618379116,0.00493510439991951,0.008996710181236267,0.05345090851187706,0.05072630196809769,0.04024937376379967,0.0798204317688942,0.18423226475715637,0.0,0.06042693927884102,0.011758740991353989,0.04274168610572815,0.0,0.13163717091083527,0.027044372633099556,0.02009410411119461,0.0,0.09902258962392807,48,0.4728027646429591,17,7,24,4732.1953125,-0.04691503942012787,0.010673224925994873,0.03489035367965698,54,23,3,-2,4,9,-0.004545454545454547
g14822.t1,G0S7T9,0.6997,27.0,1,165,1.974310514744765,59,26,80,22801.203125,0.24503052234649658,0.18127354979515076,0.5485819578170776,0.40531209111213684,0.14326980710029602,119,21,36,68,4,19,8,11,0.2909090909090909,0.036365266889333725,0.115158811211586,0.04131057485938072,0.02284037135541439,0.00972535740584135,0.008110662922263145,0.047000255435705185,0.0608961246907711,0.07659367471933365,0.08577702939510345,0.025114111602306366,0.013635916635394096,0.0,0.016225621104240417,0.004055331461131573,0.3195350468158722,0.00013828155351802707,0.00014150772767607123,0.010471571236848831,0.1069045439362526,1,160,2.191139725099276,60,19,81,23322.625,0.2537546157836914,0.25522151589393616,0.47088882327079773,0.26227083802223206,0.20861797034740448,128,17,4,123,-2,14,15,-1,0.31875,0.02041369304060936,0.10024265944957733,0.027800844982266426,0.07083214819431305,0.08162654936313629,0.023892516270279884,0.008159668184816837,0.030348479747772217,0.03787636756896973,0.0837453156709671,0.02013508975505829,0.042322516441345215,0.01590956375002861,0.008077139966189861,0.0,0.17852555215358734,0.00691720237955451,0.054970450699329376,0.0,0.18820428848266602,5,-0.21682921035451086,-1,7,-1,-521.421875,-0.008724093437194824,-0.0739479660987854,0.07769313454627991,-9,4,32,-55,6,12,-0.027840909090909083
g11568.t1,G0S174,0.6933,47.1,1,180,2.971874915130754,12,36,132,34304.9765625,0.22369249165058136,0.19440197944641113,0.5782535076141357,0.21829354763031006,0.3599599301815033,93,14,1,36,-9,23,28,-5,0.45555555555555555,0.11032471060752869,0.06103089079260826,0.013920103199779987,0.017964458093047142,0.0,0.020311539992690086,0.05057220906019211,0.08845112472772598,0.04710710048675537,0.12799963355064392,0.0036520378198474646,0.025907058268785477,0.027758726850152016,0.006671159993857145,0.019216012209653854,0.09029390662908554,0.030065355822443962,0.007049523293972015,0.0020692048128694296,0.2496352195739746,1,159,2.9032405414953426,12,39,108,28380.375,0.20363979041576385,0.14080515503883362,0.6555549502372742,0.29639744758605957,0.359157532453537,98,24,0,33,-7,21,27,-6,0.4088050314465409,0.18362101912498474,0.0003410680510569364,0.013870098628103733,0.07773581892251968,0.018142875283956528,0.03724014386534691,0.039095282554626465,0.0206451453268528,0.010148986242711544,0.21234512329101562,,0.022737868130207062,0.03285622224211693,0.02415514551103115,0.039068832993507385,0.08405232429504395,0.002501165494322777,0.005906305741518736,0.0,0.17553646862506866,21,0.06863437363541136,0,-3,24,5924.6015625,0.020052701234817505,0.053596824407577515,-0.07730144262313843,-5,-10,1,3,-2,1,0.046750524109014646
g17131.t1,G0SAY2,0.6816,59.4,1,139,3.298464949867283,75,0,64,32066.634765625,0.23031750321388245,0.17220044136047363,0.5817344188690186,0.461780309677124,0.11995416134595871,101,11,0,18,16,26,8,18,0.4748201438848921,0.035383932292461395,0.012847251258790493,0.06582322716712952,0.002213641069829464,,0.07826277613639832,0.0633566677570343,0.014993134886026382,0.07232513278722763,0.33514347672462463,0.015747595578432083,0.046018801629543304,0.0,0.008598648943006992,0.022185616195201874,0.126636803150177,0.007813953794538975,0.008079110644757748,,0.08457023650407791,1,140,3.1041918558158654,70,0,70,34053.4765625,0.19885918498039246,0.18597346544265747,0.600631833076477,0.5117859840393066,0.08884582668542862,105,15,0,18,17,28,8,20,0.5428571428571428,0.04193458706140518,0.009453337639570236,0.06326853483915329,0.003695226274430752,,0.05750688165426254,0.06298867613077164,0.007243101019412279,0.01982126571238041,0.42243456840515137,0.014535549096763134,0.05711206793785095,9.474939724896103e-05,0.0043141841888427734,0.024609895423054695,0.08935143053531647,0.0018517851131036878,0.07287295162677765,,0.04691123589873314,-1,0.19427309405141768,5,0,-6,-1986.841796875,0.03145831823348999,-0.013773024082183838,-0.018897414207458496,-4,-4,0,0,-1,-2,-0.06803699897225074
g3192.t1,G0SGX0,0.6771,34.2,1,243,2.8515525794392897,75,42,126,37060.5859375,0.12065663188695908,0.3342282772064209,0.545115053653717,0.3448982238769531,0.20021682977676392,176,26,0,462,-3,30,29,1,0.411522633744856,0.0264766626060009,0.004574556834995747,0.0686914399266243,0.008806821890175343,0.0022925236262381077,0.0179346464574337,0.0,0.05111513286828995,0.13722044229507446,0.31447556614875793,0.0,0.054811857640743256,0.012101532891392708,0.005087000783532858,0.008226892910897732,0.03042266145348549,0.008292392827570438,0.07547444105148315,0.0002552295627538115,0.17374016344547272,1,413,2.8261059142871505,182,64,167,34604.35546875,0.1819416582584381,0.11302735656499863,0.6933624148368835,0.3228731155395508,0.37048929929733276,358,36,0,905,-4,31,40,-9,0.22760290556900725,0.08198976516723633,0.009324103593826294,0.06707189977169037,0.0052214981988072395,0.0,0.061678215861320496,0.031093399971723557,0.04378514364361763,0.020745860412716866,0.29703766107559204,0.01166858896613121,0.011578603647649288,0.0075525245629251,0.014703866094350815,0.005882396828383207,0.025835463777184486,0.0,0.01633147895336151,0.0,0.28849953413009644,-170,0.025446665152139225,-107,-22,-41,2456.23046875,-0.061285026371479034,0.22120092064142227,-0.1482473611831665,-182,-10,0,-443,1,10,0.18391972817584873
g8636.t1,G0RZC2,0.6748,19.0,1,257,1.8492381696623434,110,34,113,21964.2421875,0.27565115690231323,0.1656031757593155,0.518928587436676,0.2598102390766144,0.25911828875541687,247,30,5,101,1,17,20,-3,0.2178988326848249,0.07726766169071198,0.035815875977277756,0.055087484419345856,0.0,0.0,0.026367852464318275,0.11909449100494385,0.015845034271478653,0.05829489976167679,0.19603581726551056,0.03981710597872734,0.056615378707647324,0.0,0.0023503992706537247,0.0011751996353268623,0.06377439945936203,0.008366599678993225,0.031322259455919266,0.03091885894536972,0.1818506419658661,1,685,4.410149630493849,183,36,466,98808.5234375,0.21111875772476196,0.38044115900993347,0.35348978638648987,0.18571224808692932,0.16777752339839935,432,65,4,326,-16,42,55,-13,0.38686131386861317,0.06958720833063126,0.04204618185758591,0.047854967415332794,0.014061346650123596,0.00626717135310173,0.028010273352265358,0.00519791292026639,0.0970369204878807,0.08910209685564041,0.09404165297746658,0.05495033413171768,0.08597831428050995,0.024792876094579697,0.023714818060398102,0.01172980759292841,0.09167059510946274,0.049155183136463165,0.06661199778318405,0.0,0.0981903150677681,-428,-2.5609114608315053,-73,-2,-353,-76844.28125,0.06453239917755127,-0.21483798325061798,0.16543880105018616,-185,-35,1,-225,17,10,-0.16896248118378826
g18742.t1,G0S0P2,0.6746,15.7,1,141,2.234134233405739,65,33,43,22340.64453125,0.24901485443115234,0.4033357799053192,0.34764936566352844,0.27435845136642456,0.07329091429710388,125,22,0,37,7,20,10,10,0.41134751773049644,0.01820606179535389,0.0957537367939949,0.05540649965405464,0.01723221316933632,,0.002455224050208926,0.060173358768224716,0.034425221383571625,0.20961855351924896,0.13949638605117798,,0.05549074709415436,0.007221246603876352,0.0,0.0694064125418663,0.13486208021640778,0.010772601701319218,0.03439483046531677,,0.055084846913814545,1,203,2.3308563688904345,44,50,109,27908.62109375,0.29794326424598694,0.19293741881847382,0.4887901544570923,0.2783088684082031,0.21048131585121155,130,19,0,29,8,21,15,6,0.33004926108374383,0.04993809759616852,0.05190937966108322,0.1372932642698288,0.0075147212482988834,0.0,0.018823523074388504,0.0784716084599495,0.036958929151296616,0.04008551314473152,0.0843530148267746,0.020329050719738007,0.04422033950686455,0.00023122219135984778,0.012834742665290833,0.0,0.19395583868026733,0.0036995550617575645,0.058837875723838806,0.0,0.16054321825504303,-62,-0.09672213548469566,21,-17,-66,-5567.9765625,-0.048928409814834595,0.2103983610868454,-0.14114078879356384,-5,3,0,8,-1,4,0.08129825664675261
g12859.t1,G0S2V4,0.6711,19.8,1,306,2.6596841160198896,153,0,153,30728.12890625,0.20096924901008606,0.2567608058452606,0.45194587111473083,0.2208007574081421,0.23114512860774994,247,14,1,237,-20,18,25,-7,0.2581699346405229,0.09309039264917374,0.04292915016412735,0.009345268830657005,0.017623420804739,0.0032966916915029287,0.016061466187238693,0.04483475908637047,0.06508316099643707,0.09086789190769196,0.1369377076625824,0.0903240218758583,0.024081269279122353,0.02121060900390148,0.014114901423454285,0.0015391366323456168,0.08386304974555969,0.04896458983421326,0.057777754962444305,0.0,0.1380547285079956,1,253,2.6761476206417325,115,2,136,33158.765625,0.33714213967323303,0.19727960228919983,0.43449848890304565,0.26662176847457886,0.1678767204284668,218,14,0,42,-1,19,15,4,0.2845849802371542,0.07896542549133301,0.09784512966871262,0.06341466307640076,0.017787029966711998,0.0,0.013869778253138065,0.059596676379442215,0.04232671111822128,0.0207846499979496,0.11772703379392624,0.03107982501387596,0.06223275884985924,0.00923963077366352,0.009614493697881699,0.028082190081477165,0.14889471232891083,0.05169357359409332,0.0342387855052948,0.02369564026594162,0.08891130238771439,53,-0.016463504621842873,38,-2,17,-2430.63671875,-0.13617289066314697,0.05948120355606079,0.01744738221168518,29,0,1,195,-19,-11,-0.02641504559663127
g10690.t1,G0S8U5,0.665,22.8,1,187,2.1213994932845908,39,81,67,21746.30859375,0.17932699620723724,0.06933891773223877,0.7138857245445251,0.606195330619812,0.10769044607877731,137,20,1,45,20,32,7,25,0.2620320855614973,0.04559096321463585,0.014085204340517521,0.036586564034223557,0.019585121423006058,0.0,0.007576662115752697,0.05657052993774414,0.007858047261834145,0.04336528480052948,0.3343316614627838,0.03744833916425705,0.002626724075525999,0.0016320934519171715,0.011864127591252327,0.0,0.2718636393547058,0.01394698116928339,0.0036247367970645428,0.029343824833631516,0.06209946796298027,1,257,2.868441829675196,42,78,137,35256.29296875,0.2797914147377014,0.31109777092933655,0.4023507237434387,0.29643139243125916,0.10591930896043777,141,10,0,26,17,31,11,20,0.3463035019455253,0.04763541370630264,0.07339446246623993,0.07229748368263245,0.033578354865312576,,0.01333822775632143,0.07804790139198303,0.008252518251538277,0.07311699539422989,0.1439821571111679,0.006760066840797663,0.13923101127147675,0.002562473062425852,0.0019218545639887452,0.03258303552865982,0.15244923532009125,0.002728814957663417,0.05599237605929375,0.0038437091279774904,0.05828389525413513,-70,-0.7470423363906051,-3,3,-70,-13509.984375,-0.10046441853046417,-0.24175885319709778,0.3115350008010864,-4,10,1,19,3,5,-0.08427141638402796
g3990.t1,G0S0G9,0.6646,29.3,1,259,2.329165429580628,33,64,162,25688.548828125,0.21137242019176483,0.22488658130168915,0.5184397101402283,0.3705098032951355,0.14792987704277039,177,22,3,88,30,28,10,18,0.22393822393822393,0.05692589655518532,0.051858339458703995,0.040894877165555954,0.005643521901220083,0.0,0.00600887555629015,0.07305411994457245,0.044828109443187714,0.03141480311751366,0.19354960322380066,0.04530131816864014,0.016447022557258606,0.008289765566587448,0.02053789049386978,0.11067686229944229,0.17696021497249603,0.011178622953593731,0.0009819116676226258,0.014444288797676563,0.09100398421287537,1,387,2.9931261923053345,43,90,254,45590.42578125,0.25621291995048523,0.32129234075546265,0.4179161489009857,0.32466062903404236,0.09325552731752396,243,20,6,39,42,39,12,27,0.27906976744186046,0.03807775676250458,0.06147553399205208,0.02560671977698803,0.010532187297940254,0.0,0.030948374420404434,0.06181274354457855,0.07787881791591644,0.04539197310805321,0.1344282329082489,0.0045786756090819836,0.06932339817285538,0.02547808364033699,0.023724019527435303,0.017021169885993004,0.19023236632347107,0.032394200563430786,0.08795294165611267,0.00796501711010933,0.05517776682972908,-128,-0.6639607627247064,-10,-26,-92,-19901.876953125,-0.0448404997587204,-0.0964057594537735,0.10052356123924255,-66,2,-3,49,-12,-9,-0.055131543503636526
g18742.t1,G0S9H6,0.6581,8.6,1,141,2.234134233405739,65,33,43,22340.64453125,0.24901485443115234,0.4033357799053192,0.34764936566352844,0.27435845136642456,0.07329091429710388,125,22,0,37,7,20,10,10,0.41134751773049644,0.01820606179535389,0.0957537367939949,0.05540649965405464,0.01723221316933632,,0.002455224050208926,0.060173358768224716,0.034425221383571625,0.20961855351924896,0.13949638605117798,,0.05549074709415436,0.007221246603876352,0.0,0.0694064125418663,0.13486208021640778,0.010772601701319218,0.03439483046531677,,0.055084846913814545,1,260,3.271090026255045,66,46,148,48475.8984375,0.37710991501808167,0.23061907291412354,0.3788175880908966,0.19055168330669403,0.18826591968536377,147,12,0,64,1,22,24,-2,0.43846153846153846,0.0746157094836235,0.05460572987794876,0.06887684017419815,0.04156345874071121,,0.059512317180633545,0.08947110921144485,0.07371637225151062,0.06614122539758682,0.10513129830360413,0.013453414663672447,0.03620424121618271,0.023828407749533653,0.01669829711318016,0.003988827113062143,0.0854203850030899,0.023279240354895592,0.03387010097503662,0.015972841531038284,0.11365021765232086,-119,-1.036955792849306,-1,-13,-105,-26135.25390625,-0.12809506058692932,0.17271670699119568,-0.031168222427368164,-22,10,0,-27,6,12,-0.02711402073104202
g8504.t2,G0S792,0.6539,17.4,1,698,4.143144801139897,290,111,297,55399.51953125,0.1499190330505371,0.20841966569423676,0.6033775210380554,0.3727097809314728,0.23066772520542145,603,70,0,205,-1,56,50,6,0.19627507163323782,0.027292149141430855,0.023468632251024246,0.02660437487065792,0.038364432752132416,0.0014156568795442581,0.020565493032336235,0.012950246222317219,0.05527980625629425,0.04603957384824753,0.23320883512496948,0.0382838137447834,0.044258393347263336,0.01729769818484783,0.009747013449668884,0.011336428113281727,0.1395009458065033,0.00996926799416542,0.040342800319194794,0.0006988969398662448,0.20337557792663574,1,809,3.463445624801534,226,150,433,71516.03125,0.33629870414733887,0.36767929792404175,0.2631703019142151,0.13772283494472504,0.12544748187065125,643,99,2,303,-10,30,31,-1,0.2521631644004944,0.06210445240139961,0.04484027996659279,0.10993989557027817,0.01224337238818407,0.0,0.06125185638666153,0.013263143599033356,0.022943710908293724,0.08776755630970001,0.07780647277832031,0.032851703464984894,0.0573260635137558,0.03389976546168327,0.029179928824305534,0.009461678564548492,0.059916362166404724,0.04823295399546623,0.16100038588047028,0.012627446092665195,0.06334301829338074,-111,0.6796991763383629,64,-39,-136,-16116.51171875,-0.18637967109680176,-0.159259632229805,0.34020721912384033,-40,-29,-2,-98,9,7,-0.05588809276725659
g17362.t1,G0S2X5,0.65,56.6,1,128,2.5986396276005843,32,34,62,20124.677734375,0.09695469588041306,0.29303666949272156,0.5967532396316528,0.45437753200531006,0.14237570762634277,107,10,6,3,15,22,9,13,0.4375,0.03357545658946037,0.06274566799402237,0.01843770034611225,0.001763606327585876,0.0,0.01048660185188055,0.0003145578084513545,0.046986378729343414,0.08363863080739975,0.3381252586841583,0.013255380094051361,0.04241957888007164,0.003206556895747781,0.04940330609679222,0.04557080194354057,0.11625229567289352,0.0,0.02501795068383217,,0.1088002398610115,1,154,3.8419800414940766,22,44,88,28226.234375,0.10874048620462418,0.28666478395462036,0.581773579120636,0.3837452530860901,0.19802826642990112,98,13,6,30,16,29,14,15,0.43506493506493504,0.0889972448348999,0.03905463218688965,0.005944130010902882,0.017715472728013992,0.0016755614196881652,0.027857450768351555,0.0021653722506016493,0.014448733069002628,0.04569501057267189,0.2808040976524353,0.02282114140689373,0.0727851390838623,0.0020575833041220903,0.03594408929347992,0.005806365050375462,0.10294118523597717,0.01394584309309721,0.1103098914027214,,0.10903101414442062,-26,-1.2433404138934923,10,-10,-26,-8101.556640625,-0.01178579032421112,0.006371885538101196,0.014979660511016846,9,-3,0,-27,-1,-2,0.0024350649350649567
g5965.t1,G0SBQ5,0.642,63.2,1,216,2.243143771032309,178,0,38,23999.44140625,0.12794536352157593,0.35399025678634644,0.5180643200874329,0.2320980578660965,0.28596624732017517,214,30,0,167,-7,17,18,-1,0.25462962962962965,0.08018316328525543,0.026075726374983788,0.010080126114189625,0.00793211068958044,0.0,0.003202100982889533,0.02621118351817131,0.05826745927333832,0.1538860946893692,0.14778465032577515,0.0,0.04962029680609703,0.0262162983417511,0.009587911888957024,0.05625449866056442,0.08431342244148254,0.024468546733260155,0.02637399733066559,0.0037592784501612186,0.20578308403491974,1,240,2.5527512682359035,182,0,58,29414.109375,0.17965060472488403,0.18435890972614288,0.6267019510269165,0.2428412139415741,0.3838607370853424,234,40,0,233,-13,19,27,-8,0.3416666666666667,0.06336605548858643,0.014369890093803406,0.0687054991722107,0.0264362134039402,0.0,0.0634898766875267,0.0057715680450201035,0.03192010894417763,0.05451530963182449,0.1979658156633377,0.009288512170314789,0.06570988893508911,0.0,0.010323379188776016,0.010966194793581963,0.04487540200352669,0.0008775506285019219,0.010924023576080799,0.0,0.320494681596756,-24,-0.3096074972035945,-4,0,-20,-5414.66796875,-0.051705241203308105,0.16963134706020355,-0.10863763093948364,-20,-10,0,-66,6,7,-0.08703703703703702
g14897.t1,G0SER3,0.6416,13.1,1,192,2.1713683709361433,104,3,85,23644.66796875,0.36279749870300293,0.3186495900154114,0.31122565269470215,0.26097410917282104,0.050251543521881104,186,11,2,239,8,14,5,9,0.3125,0.04998484253883362,0.09234904497861862,0.009279265068471432,0.00941572617739439,0.0013802926987409592,0.06594612449407578,0.0751633420586586,0.13215720653533936,0.08968473225831985,,0.007327308412641287,0.020753905177116394,0.0573037751019001,0.021081967279314995,0.0,0.26097410917282104,0.048700589686632156,0.05359147861599922,0.004639632534235716,0.0002666974032763392,1,164,1.5145179993435147,95,3,66,16056.880859375,0.19395498931407928,0.3719530701637268,0.40333741903305054,0.08218685537576675,0.32115060091018677,155,19,2,215,-6,6,13,-7,0.2682926829268293,0.1372993439435959,0.014782869257032871,0.044544972479343414,0.032936617732048035,0.0,0.02576611377298832,0.005626454018056393,0.06540396809577942,0.12487449496984482,0.08159548789262772,0.03075442835688591,0.04529440402984619,0.06547529995441437,0.0726747214794159,0.0033381800167262554,0.0005913703353144228,0.004822674673050642,0.06036732345819473,0.0,0.18385125696659088,28,0.6568503715926286,9,0,19,7587.787109375,0.16884250938892365,-0.05330348014831543,-0.09211176633834839,31,-8,0,24,14,16,0.044207317073170715
g6448.t1,G0SBG9,0.64,32.6,1,129,2.873380461765209,47,2,80,29817.890625,0.3604658544063568,0.28795358538627625,0.33668777346611023,0.21522262692451477,0.12146514654159546,82,7,0,52,-3,12,13,-1,0.49612403100775193,0.0523102693259716,0.0896371454000473,0.046836968511343,0.0,0.013794668018817902,0.010144452564418316,0.0679209902882576,0.060293424874544144,0.07070018351078033,0.06671451777219772,0.01489280629903078,0.022994114086031914,0.07929206639528275,0.016185754910111427,0.049151040613651276,0.14850811660289764,0.008759946562349796,0.05483440309762955,0.05787429213523865,0.06915488839149475,1,141,3.5403446575076534,43,2,96,27877.591796875,0.3184478282928467,0.19695700705051422,0.4788851737976074,0.34999972581863403,0.12888547778129578,74,9,0,0,-4,14,15,-1,0.475177304964539,0.08182749897241592,0.03331458196043968,0.05272192135453224,0.036300066858530045,0.00033930325298570096,0.05838453024625778,0.04586883634328842,0.05716652423143387,0.023409433662891388,0.14835654199123383,0.005709953140467405,0.04320979118347168,0.05662277340888977,0.00275004212744534,0.016350246965885162,0.2016431838274002,0.03419564664363861,0.053731657564640045,0.0010394570417702198,0.04705796763300896,-12,-0.6669641957424446,4,0,-16,1940.298828125,0.04201802611351013,0.09099657833576202,-0.1421974003314972,8,-2,0,52,1,0,0.020946726043212904
g6827.t1,G0SG30,0.6368,15.4,1,176,1.7498201592905276,52,51,73,20316.9375,0.15511298179626465,0.44832873344421387,0.3384191691875458,0.189107283949852,0.14931190013885498,139,9,1,294,-5,11,13,-2,0.3068181818181818,0.06269726157188416,0.021001840010285378,0.014567132107913494,0.0,0.014636454172432423,0.004923130385577679,0.08609289675951004,0.13147804141044617,0.21059846878051758,0.12970435619354248,0.05813911557197571,0.050460465252399445,0.0058397878892719746,0.025405090302228928,0.0,0.059402916580438614,0.02268820069730282,0.015750225633382797,0.0,0.08661463111639023,1,185,1.7377502194702472,61,38,86,19550.298828125,0.3616243600845337,0.10319192707538605,0.516276478767395,0.22165349125862122,0.2946230173110962,145,20,0,141,-3,14,15,-1,0.25405405405405407,0.1468629091978073,0.049833498895168304,0.05499859154224396,0.005116184242069721,0.0,0.04445444419980049,0.11424969881772995,0.006152187939733267,0.03770226612687111,0.11625166982412338,0.018907206133008003,0.028296267613768578,0.0,0.001976695843040943,0.01000284869223833,0.10540181398391724,0.05212898179888725,0.019061652943491936,0.04084298759698868,0.14776009321212769,-9,0.012069939820280373,-9,13,-13,766.638671875,-0.20651137828826904,0.3451368063688278,-0.17785730957984924,-6,-11,1,153,-2,-1,0.052764127764127755
g7397.t1,G0SEF3,0.6345,27.3,1,204,2.2546124618325227,110,0,94,26503.041015625,0.200095072388649,0.2934451997280121,0.49912604689598083,0.3733935058116913,0.12573255598545074,143,26,1,239,17,24,11,13,0.3333333333333333,0.03176417574286461,0.04075320437550545,0.043459296226501465,0.003403238719329238,0.012193200178444386,0.000730454979930073,0.046763770282268524,0.012749260291457176,0.07470263540744781,0.1806931495666504,0.007333685178309679,0.052691150456666946,0.028363224118947983,0.0003652274899650365,0.06864507496356964,0.1927003562450409,0.021670162677764893,0.07209865003824234,0.014951741322875023,0.09396838396787643,1,129,2.080188768776401,78,0,51,21220.955078125,0.23628178238868713,0.12420225143432617,0.4977456331253052,0.35990503430366516,0.13784056901931763,112,18,0,28,5,15,8,7,0.3488372093023256,0.016675500199198723,0.060907766222953796,0.06659583747386932,0.0,0.0,0.016081660985946655,0.016993610188364983,0.024460166692733765,0.056787971407175064,0.17618273198604584,0.1417703628540039,0.002432724693790078,,0.0,0.037024348974227905,0.18372231721878052,0.019157705828547478,0.003497041529044509,0.056545186787843704,0.12116505950689316,75,0.17442369305612182,32,0,43,5282.0859375,-0.03618671000003815,0.1692429482936859,0.0013804137706756592,31,8,1,211,12,6,-0.015503875968992276
g1259.t1,G0S5K2,0.6313,8.6,1,191,1.5445783784625133,66,46,79,17340.41796875,0.2100527137517929,0.3317936956882477,0.4260016083717346,0.2959679961204529,0.13003356754779816,170,18,2,69,0,16,10,6,0.2094240837696335,0.07866029441356659,0.027081498876214027,0.029432548210024834,0.0,0.0,0.00018182871281169355,0.1461212933063507,0.08731868863105774,0.17854464054107666,0.24300743639469147,0.03215193375945091,0.013815322890877724,0.006136095616966486,0.031770866364240646,0.00037214168696664274,0.05296057462692261,0.0007273148512467742,0.019972046837210655,0.00037214168696664274,0.05137326568365097,1,289,1.843133103371187,114,47,128,21891.22265625,0.1499089002609253,0.2618729770183563,0.588218092918396,0.35109150409698486,0.2371266484260559,258,32,1,89,-12,19,23,-4,0.17301038062283736,0.1266424059867859,0.0026362179778516293,0.011643806472420692,0.02458723820745945,0.0,0.019897641614079475,0.039343368262052536,0.009088918566703796,0.08643003553152084,0.15592509508132935,0.0,0.10349857807159424,0.010612077079713345,0.021903054788708687,0.0,0.19516640901565552,0.04118853807449341,0.040952395647764206,0.0,0.11048420518636703,-98,-0.29855472490867374,-48,-1,-49,-4550.8046875,0.060143813490867615,0.06992071866989136,-0.16221648454666138,-88,-14,1,-20,12,10,0.03641370314679615
g11348.t1,G0SCP6,0.6307,23.3,1,1371,4.040746963869525,618,215,538,69696.5625,0.16187533736228943,0.30623045563697815,0.5183209180831909,0.29596632719039917,0.22235460579395294,1261,161,33,793,8,63,57,6,0.1436907366885485,0.03781687095761299,0.018090473487973213,0.06974592059850693,0.00828666053712368,0.0,0.017096899449825287,0.03747911378741264,0.038034599274396896,0.08076915144920349,0.2002955675125122,0.013573331758379936,0.06092727929353714,0.0003208930429536849,0.01724994368851185,0.0052310992032289505,0.09567075967788696,0.00461569894105196,0.10401840507984161,0.006239687092602253,0.18453772366046906,1,649,2.798623715624424,217,145,287,41125.03125,0.30067360401153564,0.14650627970695496,0.5278177857398987,0.31655657291412354,0.21126124262809753,648,99,33,253,-3,43,34,9,0.1633281972265023,0.03938116133213043,0.03272322937846184,0.07317329943180084,0.025491124019026756,0.0,0.04703135043382645,0.07206861674785614,0.06529105454683304,0.015383797697722912,0.16021354496479034,0.025002412497997284,0.020822562277317047,0.012943615205585957,0.005962485913187265,0.005234908312559128,0.1563429981470108,0.015061954036355019,0.033811457455158234,0.022180425003170967,0.1718800663948059,722,1.2421232482451012,401,70,251,28571.53125,-0.13879826664924622,0.1597241759300232,-0.009496867656707764,613,62,0,540,11,-3,-0.019637460537953788
g7341.t1,G0SAR7,0.6304,21.4,1,166,1.9913413172143175,95,10,61,22020.84765625,0.15257887542247772,0.17931847274303436,0.6681026220321655,0.46288248896598816,0.20522016286849976,142,23,0,96,-2,22,15,7,0.29518072289156627,0.05200841650366783,0.01831529289484024,0.006926177069544792,0.0,0.0,0.02830841764807701,0.08891895413398743,0.047134943306446075,0.03820338472723961,0.26253554224967957,0.0,0.04827036336064339,0.0008791341097094119,0.022483352571725845,0.0028937016613781452,0.2003469467163086,0.009230907075107098,0.020332740619778633,0.0,0.15321172773838043,1,177,2.1263422062740918,100,10,67,20952.4765625,0.18822985887527466,0.33846795558929443,0.445024311542511,0.21715031564235687,0.22787393629550934,161,27,0,97,-6,18,18,0,0.3107344632768362,0.1390048861503601,0.010625554248690605,0.019249193370342255,0.013089451007544994,0.0,0.04573257267475128,0.09097615629434586,0.10222552716732025,0.12906967103481293,0.12133404612541199,0.028277955949306488,0.003944148309528828,0.005543767474591732,0.03836304321885109,0.02259347401559353,0.09581625461578369,0.00301316543482244,0.042272090911865234,0.0,0.08886907249689102,-11,-0.13500088905977425,-5,0,-6,1068.37109375,-0.035650983452796936,-0.15914948284626007,0.22307831048965454,-19,-4,0,-1,4,7,-0.01555374038526991
g10723.t1,G0S7S2,0.6285,10.3,1,278,2.0752657901712372,11,171,96,23793.189453125,0.33147138357162476,0.220084086060524,0.42898255586624146,0.21054930984973907,0.21843329071998596,233,34,0,151,5,15,10,5,0.19424460431654678,0.10217317938804626,0.06245652958750725,0.013495872728526592,0.01451005320996046,0.003296182956546545,0.01809108629822731,0.055331047624349594,0.07434605807065964,0.011562764644622803,0.045087192207574844,0.01946200430393219,0.03593611344695091,0.0805511325597763,0.024106452241539955,0.019920730963349342,0.16546210646629333,0.037017885595560074,0.05091579258441925,0.05001775920391083,0.1162601038813591,1,347,2.4194690301232464,35,194,118,30617.10546875,0.5123074054718018,0.24166207015514374,0.2392859160900116,0.11546408385038376,0.12382182478904724,311,29,0,228,-1,12,10,2,0.23919308357348704,0.02905270829796791,0.07235714793205261,0.07196030765771866,0.023711349815130234,0.0,0.05144617334008217,0.17088007926940918,0.019121261313557625,0.0860806480050087,0.06666966527700424,0.00674456125125289,0.05383843928575516,0.08114036917686462,0.025971468538045883,0.035076070576906204,0.048794422298669815,0.028307391330599785,0.02157418429851532,0.012504596263170242,0.09476912021636963,-69,-0.3442032399520092,-24,-23,-22,-6823.916015625,-0.180836021900177,-0.02157798409461975,0.18969663977622986,-78,5,0,-77,6,3,-0.04494847925694026
g10910.t1,G0S1T1,0.6284,13.6,1,353,2.0973131337787545,97,98,158,24941.53515625,0.21020451188087463,0.0971151813864708,0.6702383756637573,0.4509773850440979,0.21926099061965942,322,27,18,158,-4,27,24,3,0.19830028328611898,0.10738832503557205,0.031441036611795425,0.050486691296100616,0.018628470599651337,0.0,0.0049040489830076694,0.05360740050673485,0.038695402443408966,0.011291055008769035,0.2835428714752197,0.022441957145929337,0.02361469529569149,0.0023256095591932535,0.007179520092904568,0.0139326062053442,0.1674344837665558,0.048811253160238266,0.002401886275038123,0.0,0.11187265068292618,1,362,2.009343009429788,122,84,156,22825.36328125,0.2636888027191162,0.20045682787895203,0.5317549705505371,0.29996147751808167,0.23179350793361664,347,37,21,57,-2,25,24,1,0.19337016574585636,0.11147920042276382,0.009856382384896278,0.092730812728405,0.029389560222625732,0.0,0.04249629005789757,0.07268654555082321,0.022023426368832588,0.0695466622710228,0.10196271538734436,0.004099380224943161,0.0235741063952446,0.0,0.021064670756459236,0.019075989723205566,0.1979987770318985,0.016391076147556305,0.045171983540058136,0.00013813519035466015,0.12031430006027222,-9,0.08797012434896656,-25,14,2,2116.171875,-0.05348429083824158,-0.10334164649248123,0.13848340511322021,-25,-10,-3,101,-2,2,0.004930117540262624
g771.t1,G0S7G6,0.621,32.4,1,1741,5.496519234506544,1145,121,475,122086.640625,0.1571618765592575,0.2140987366437912,0.622509241104126,0.40498116612434387,0.2175280898809433,1754,246,17,665,-1,148,116,32,0.21137277426766227,0.0489964559674263,0.04705198481678963,0.04347005859017372,0.008640860207378864,0.0,0.019406815990805626,0.006822658237069845,0.036673638969659805,0.10024856775999069,0.23857903480529785,0.006230134516954422,0.029316209256649017,0.0014535582158714533,0.018532177433371544,0.003789848880842328,0.16640213131904602,0.02101588062942028,0.025538291782140732,0.009300051257014275,0.1685316264629364,1,1597,6.078841303036858,929,131,537,118283.0,0.2323209047317505,0.23474599421024323,0.5161437392234802,0.3507707715034485,0.16537299752235413,1571,189,11,963,0,115,89,26,0.2147777082028804,0.04871996492147446,0.05885612964630127,0.036204744130373,0.022265136241912842,0.0,0.024312561377882957,0.02524578385055065,0.05330377817153931,0.08311781287193298,0.15242323279380798,0.016789253801107407,0.021597230806946754,0.028178367763757706,0.023006506264209747,0.032273367047309875,0.1983475238084793,0.02210324816405773,0.021447300910949707,0.015154937282204628,0.11665303260087967,144,-0.5823220685303143,216,-10,-62,3803.640625,-0.07515902817249298,-0.020647257566452026,0.10636550188064575,183,57,6,-298,-1,6,-0.003404933935218124
g17996.t1,G0S1H9,0.6193,11.2,1,298,3.657187665186396,59,39,200,46581.91015625,0.13608688116073608,0.38027307391166687,0.4613321125507355,0.38588470220565796,0.0754474475979805,151,13,0,77,49,47,12,35,0.37583892617449666,0.011653203517198563,0.02916101925075054,0.049509238451719284,0.002975282957777381,,0.011949650943279266,0.005374545697122812,0.009561151266098022,0.2860261797904968,0.2849787771701813,0.022307872772216797,0.03393319621682167,0.011221105232834816,0.003386403899639845,0.0313771590590477,0.10090591013431549,0.01322034653276205,0.015988975763320923,0.012675692327320576,0.06379424035549164,1,413,4.550281679775691,180,65,168,55673.2265625,0.3073999285697937,0.22597041726112366,0.45769840478897095,0.29558607935905457,0.16211232542991638,317,42,1,79,20,46,36,10,0.33171912832929784,0.04106346517801285,0.054963693022727966,0.07941754907369614,0.04426711052656174,0.0,0.04879366606473923,0.020007610321044922,0.017681268975138664,0.06566109508275986,0.08455447107553482,0.008931237272918224,0.056907787919044495,0.008577351458370686,0.02007683552801609,0.015104953199625015,0.21103161573410034,0.051372941583395004,0.05053846910595894,0.0,0.12104886770248413,-115,-0.8930940145892947,-121,-26,32,-9091.31640625,-0.17131304740905762,0.1543026566505432,0.0036337077617645264,-166,-29,-1,-2,29,25,0.044119797845198816
g6368.t1,G0SA93,0.6184,29.5,1,154,2.1758994708884005,45,21,88,25188.38671875,0.2555209994316101,0.22065797448158264,0.5215201377868652,0.32114437222480774,0.2003757357597351,110,10,0,51,-3,16,14,2,0.38311688311688313,0.0413723848760128,0.05731717497110367,0.07047276198863983,0.015755878761410713,,0.000512386322952807,0.07034378498792648,0.010801482014358044,0.039414312690496445,0.23577851057052612,0.002300866646692157,0.05873631685972214,0.01818971522152424,0.0011499489191919565,0.02113473229110241,0.085365891456604,0.022160708904266357,0.08942119777202606,0.0007685794844292104,0.1590033322572708,1,136,2.8879573567920134,57,23,56,22501.125,0.3905249238014221,0.3236146867275238,0.2811555564403534,0.12499995529651642,0.15615560114383698,108,9,0,51,-9,7,15,-8,0.4264705882352941,0.05330006778240204,0.04387883469462395,0.07369426637887955,0.037856247276067734,,0.0888068750500679,0.08282692730426788,0.054004788398742676,0.10929922014474869,0.12457958608865738,0.004704762250185013,0.01569497585296631,0.016060227528214455,0.024435076862573624,0.08147931098937988,0.0004203770949970931,0.04740159213542938,0.03870129957795143,,0.10285553336143494,18,-0.7120578859036129,-12,-2,32,2687.26171875,-0.135003924369812,-0.10295671224594116,0.24036458134651184,2,1,0,0,6,10,-0.04335370511841097
g3978.t1,G0S2X5,0.6157,77.4,1,173,3.7284815093430272,27,42,104,28789.15234375,0.16279107332229614,0.2874334454536438,0.5475403666496277,0.4161463975906372,0.13139395415782928,108,16,6,40,23,33,13,20,0.4277456647398844,0.058318257331848145,0.024849653244018555,0.03113642893731594,0.007172803860157728,0.007228315342217684,0.04625784233212471,0.0034757591784000397,0.030062709003686905,0.09479855000972748,0.3204761743545532,0.0022351073566824198,0.06954866647720337,0.013897309079766273,0.07275652140378952,0.0027507739141583443,0.09567023068666458,0.0360012948513031,0.010287909768521786,,0.07307568937540054,1,154,3.8419800414940766,22,44,88,28226.234375,0.10874048620462418,0.28666478395462036,0.581773579120636,0.3837452530860901,0.19802826642990112,98,13,6,30,16,29,14,15,0.43506493506493504,0.0889972448348999,0.03905463218688965,0.005944130010902882,0.017715472728013992,0.0016755614196881652,0.027857450768351555,0.0021653722506016493,0.014448733069002628,0.04569501057267189,0.2808040976524353,0.02282114140689373,0.0727851390838623,0.0020575833041220903,0.03594408929347992,0.005806365050375462,0.10294118523597717,0.01394584309309721,0.1103098914027214,,0.10903101414442062,19,-0.11349853215104933,5,-2,16,562.91796875,0.05405058711767197,0.0007686614990234375,-0.0342332124710083,10,3,0,10,7,5,-0.007319270325050642
g11821.t1,G0SHT8,0.6056,28.0,1,328,3.8874752872564904,47,69,212,57626.59375,0.16636408865451813,0.41269823908805847,0.41237369179725647,0.3115685284137726,0.10080520063638687,185,23,0,80,20,41,21,20,0.4268292682926829,0.02375885099172592,0.00027995285927318037,0.03811025619506836,0.0,0.0,0.031581081449985504,0.024924878031015396,0.09952711313962936,0.03191981464624405,0.15771208703517914,0.008563986048102379,0.12581242620944977,0.02976638823747635,0.022343186661601067,0.06040917709469795,0.15385642647743225,0.023050246760249138,0.07268652319908142,0.01865127682685852,0.07704635709524155,1,174,3.2764152131347157,28,36,110,36706.67578125,0.181509867310524,0.1826772838830948,0.6345161199569702,0.3594018518924713,0.2751142382621765,99,10,0,43,-4,17,23,-6,0.45977011494252873,0.16605308651924133,0.01037229411303997,0.04969574511051178,0.009229584597051144,,0.03748900815844536,0.06778908520936966,0.013456248678267002,0.028600206598639488,0.06593399494886398,0.001296781119890511,0.019953206181526184,0.0002637024153955281,0.037617821246385574,0.009792234748601913,0.2934678792953491,0.0066704414784908295,0.07325759530067444,0.0,0.10906115174293518,154,0.6110600741217747,19,33,102,20919.91796875,-0.01514577865600586,0.23002095520496368,-0.22214242815971375,86,13,0,37,24,26,-0.03294084664984581
g19156.t1,G0S7Y6,0.5965,10.6,1,381,2.062407351011316,109,136,136,24245.626953125,0.1352640837430954,0.20558859407901764,0.6202356219291687,0.3969697058200836,0.22326594591140747,374,49,0,518,-7,24,20,4,0.18635170603674542,0.09340459108352661,0.005722330417484045,0.06574025750160217,0.0030607813969254494,0.0,0.025189829990267754,0.004888872150331736,0.05866719037294388,0.06985730677843094,0.30571624636650085,0.03891170024871826,0.013041590340435505,0.00026615490787662566,0.016576619818806648,0.01851775124669075,0.09125346690416336,0.030395852401852608,0.028928134590387344,0.0,0.12986132502555847,1,323,2.00041920454862,55,125,143,23418.408203125,0.2544918954372406,0.15438561141490936,0.5861677527427673,0.2735154330730438,0.3126523196697235,285,45,5,894,-12,21,25,-4,0.17956656346749225,0.10877775400876999,0.003444455098360777,0.11263617128133774,0.0005511128110811114,0.0,0.0024800077080726624,0.04610072076320648,0.03957328945398331,0.03658150136470795,0.18464820086956024,0.004954774864017963,0.03077707625925541,0.011848925612866879,0.012459809891879559,0.006481426302343607,0.08886724710464478,0.07205714285373688,0.028512511402368546,0.005373349878937006,0.20387452840805054,58,0.06198814646269568,54,11,-7,827.21875,-0.1192278116941452,0.051202982664108276,0.03406786918640137,89,4,-5,-376,5,8,0.006785142569253166
g10715.t1,G0S3S2,0.5951,23.0,1,1163,4.684382814546927,319,117,727,123301.1875,0.05582519993185997,0.16184617578983307,0.7709887623786926,0.5664402842521667,0.20454846322536469,827,226,10,593,46,174,109,65,0.2751504729148753,0.013414932414889336,0.003480344545096159,0.028284981846809387,0.006332657765597105,2.6502417313167825e-05,0.006218790542334318,0.0026160806883126497,0.013028091751039028,0.022312484681606293,0.5283849239349365,0.011339915916323662,0.016913749277591705,0.0,0.004220476374030113,0.0,0.038055311888456345,0.00889234896749258,0.10534487664699554,0.0,0.1911335289478302,1,532,2.742933388167022,171,78,283,38370.69140625,0.13324429094791412,0.2356681078672409,0.584895670413971,0.17809005081653595,0.4068056344985962,419,71,3,508,-29,22,40,-18,0.17857142857142858,0.06264743953943253,0.0019244573777541518,0.06820535659790039,0.006138483993709087,0.0,0.030067376792430878,0.010557310655713081,0.09880956262350082,0.01785956509411335,0.12553130090236664,0.046191852539777756,0.04219454526901245,0.0042885299772024155,0.015574812889099121,0.0178416408598423,0.052558768540620804,0.012062780559062958,0.04338798671960831,0.0,0.34415820240974426,631,1.9414494263799051,148,39,444,84930.49609375,-0.07741909101605415,-0.07382193207740784,0.18609309196472168,408,155,7,85,75,83,0.09657904434344675
g15163.t1,G0S343,0.5898,19.8,1,324,2.188264981103039,206,6,112,26601.05859375,0.375009685754776,0.271691232919693,0.32308104634284973,0.2338697612285614,0.08921130746603012,287,11,2,962,5,15,10,5,0.19444444444444445,0.051367126405239105,0.06734538823366165,0.049231499433517456,0.02667359635233879,0.009213297627866268,0.01581483706831932,0.05283500254154205,0.05089172348380089,0.09690205752849579,0.1082172840833664,0.03021797351539135,0.02890351600944996,0.051064733415842056,0.0,0.0683174729347229,0.12565244734287262,0.004851756617426872,0.01746317557990551,0.10719285905361176,0.037844181060791016,1,323,2.5296813453222486,187,10,126,30160.62109375,0.36026352643966675,0.27114662528038025,0.3387832045555115,0.2588095963001251,0.07997363060712814,296,17,1,599,2,18,5,13,0.22291021671826625,0.03232264891266823,0.042256616055965424,0.062215305864810944,0.04548027738928795,0.0,0.0693940669298172,0.0017130274791270494,0.026918932795524597,0.09709255397319794,0.23215371370315552,0.02980673499405384,0.03042520210146904,0.06934873759746552,0.027008192613720894,0.08746248483657837,0.02665587142109871,0.006632684264332056,0.002239237306639552,0.06322276592254639,0.047650981694459915,1,-0.3414163642192096,19,-4,-14,-3559.5625,0.014746159315109253,0.0005446076393127441,-0.015702158212661743,-9,-6,1,363,3,-8,-0.0284657722738218
g17362.t1,G0S8G4,0.5853,89.7,1,128,2.5986396276005843,32,34,62,20124.677734375,0.09695469588041306,0.29303666949272156,0.5967532396316528,0.45437753200531006,0.14237570762634277,107,10,6,3,15,22,9,13,0.4375,0.03357545658946037,0.06274566799402237,0.01843770034611225,0.001763606327585876,0.0,0.01048660185188055,0.0003145578084513545,0.046986378729343414,0.08363863080739975,0.3381252586841583,0.013255380094051361,0.04241957888007164,0.003206556895747781,0.04940330609679222,0.04557080194354057,0.11625229567289352,0.0,0.02501795068383217,,0.1088002398610115,1,720,4.004905099884397,277,52,391,60981.90625,0.17699164152145386,0.21838557720184326,0.570195198059082,0.34385788440704346,0.226337268948555,496,83,15,413,16,67,46,21,0.2263888888888889,0.058774083852767944,0.021053314208984375,0.042116276919841766,0.017407355830073357,0.0,0.014873379841446877,0.022054851055145264,0.0419122613966465,0.049159880727529526,0.12591193616390228,0.03442756086587906,0.04667742922902107,0.0349060520529747,0.0274805910885334,0.004730361979454756,0.21794599294662476,0.00980143342167139,0.048425041139125824,0.014778982847929,0.16756318509578705,-592,-1.4062654722838124,-245,-18,-329,-40857.228515625,-0.0800369456410408,0.0746510922908783,0.0265580415725708,-389,-73,-9,-410,-1,-8,0.2111111111111111
g19580.t1,G0SA11,0.5848,18.9,1,241,2.569825178165303,87,25,129,32494.0,0.22919495403766632,0.2249806523323059,0.543838381767273,0.15659092366695404,0.3872474431991577,188,30,1,164,-23,20,38,-18,0.34024896265560167,0.22334083914756775,0.06521527469158173,0.04860103875398636,0.015986764803528786,0.0,0.01618536002933979,0.05480765551328659,0.12625263631343842,0.033970948308706284,0.09965788573026657,0.0019859333988279104,0.019260982051491737,0.0,0.0006950767710804939,0.021117566153407097,0.056933045387268066,0.028398850932717323,0.02368343248963356,0.0,0.16390661895275116,1,200,2.8260051769470205,76,29,95,32439.30078125,0.2612918019294739,0.13569645583629608,0.5726601481437683,0.21160033345222473,0.3610597848892212,166,31,0,137,-25,15,39,-24,0.34,0.17228995263576508,0.03502919524908066,0.008228310383856297,0.0,0.0,0.01192826684564352,0.10136344283819199,0.027589138597249985,0.04739845544099808,0.14414198696613312,0.030351683497428894,0.014141732826828957,0.02893044985830784,0.013939914293587208,0.013623692095279694,0.06745833903551102,0.07581214606761932,0.01900351420044899,0.0,0.18876981735229492,41,-0.25617999878171727,11,-4,34,54.69921875,-0.032096847891807556,0.08928419649600983,-0.02882176637649536,22,-1,1,27,2,6,0.00024896265560164776
g8731.t1,G0SBX0,0.5839,11.6,1,204,2.1209919773537687,98,32,74,23047.4296875,0.3188368082046509,0.3746495544910431,0.22069133818149567,0.1613880842924118,0.05930325388908386,174,12,50,214,-4,10,11,-1,0.27450980392156865,0.030151188373565674,0.09003928303718567,0.03191268444061279,0.0001399959292029962,0.019718466326594353,0.002930339192971587,0.06927397102117538,0.1092865988612175,0.1107187569141388,0.08676473051309586,0.08582233637571335,0.040674541145563126,0.1049969419836998,0.006971070077270269,0.0,0.07462335377931595,0.01707950234413147,0.08728010207414627,0.00246406439691782,0.029152069240808487,1,227,1.9254669724934408,110,20,97,21650.2421875,0.29881444573402405,0.1593010574579239,0.503360390663147,0.2215552181005478,0.28180524706840515,199,17,0,148,-1,18,15,3,0.2555066079295154,0.08581171184778214,0.09046149998903275,0.07931680232286453,0.0,0.0,0.035645000636577606,0.006855402607470751,0.024268601089715958,0.024414798244833946,0.12516070902347565,0.03852400183677673,0.04667958617210388,0.03740664944052696,0.02138177677989006,0.0,0.09639450162649155,0.040634360164403915,0.04255629703402519,0.008494737558066845,0.1959935426712036,-23,0.19552500486032787,-12,12,-23,1397.1875,0.02002236247062683,0.2153484970331192,-0.2826690524816513,-25,-5,50,66,-3,-4,0.019003195992053246
g19681.t1,G0S4Q3,0.5836,16.1,1,148,3.1939856876203736,76,0,72,30252.01171875,0.26055383682250977,0.18377643823623657,0.4799026846885681,0.27855268120765686,0.20134997367858887,100,9,0,74,1,15,15,0,0.5067567567567568,0.05207342654466629,0.05556756258010864,0.06132663041353226,0.016638271510601044,,0.022291017696261406,0.057588573545217514,0.023108558729290962,0.012642563320696354,0.17643558979034424,0.07576707005500793,0.058199573308229446,0.024744097143411636,0.007492304779589176,0.05883926898241043,0.1021171286702156,0.015785029157996178,0.023494170978665352,0.006612646859139204,0.14927653968334198,1,124,1.819910710562655,71,0,53,18889.05859375,0.38549235463142395,0.3187272548675537,0.28991538286209106,0.2723574638366699,0.017557887360453606,115,23,0,132,8,13,4,9,0.3467741935483871,0.0,0.04055233299732208,0.035746656358242035,0.025963973253965378,,0.02476826310157776,0.09760146588087082,0.08995833247900009,0.12323202192783356,0.09806261956691742,0.005864852573722601,0.03154247626662254,0.11522655934095383,0.016436170786619186,0.020392190665006638,0.1742948442697525,0.028964661061763763,0.03716609999537468,0.016668464988470078,0.017557887360453606,24,1.3740749770577185,5,0,19,11362.953125,-0.12493851780891418,-0.13495081663131714,0.18998730182647705,-15,-14,0,-58,-7,-9,0.15998256320836968
g11568.t1,G0S7P5,0.5831,17.0,1,180,2.971874915130754,12,36,132,34304.9765625,0.22369249165058136,0.19440197944641113,0.5782535076141357,0.21829354763031006,0.3599599301815033,93,14,1,36,-9,23,28,-5,0.45555555555555555,0.11032471060752869,0.06103089079260826,0.013920103199779987,0.017964458093047142,0.0,0.020311539992690086,0.05057220906019211,0.08845112472772598,0.04710710048675537,0.12799963355064392,0.0036520378198474646,0.025907058268785477,0.027758726850152016,0.006671159993857145,0.019216012209653854,0.09029390662908554,0.030065355822443962,0.007049523293972015,0.0020692048128694296,0.2496352195739746,1,136,2.293658783898557,20,35,81,24327.587890625,0.21069978177547455,0.22068054974079132,0.4891524910926819,0.28287777304649353,0.20627470314502716,78,10,5,56,1,14,15,-1,0.375,0.042775820940732956,0.004509389866143465,0.05739816278219223,0.016048122197389603,0.00013432402920443565,0.0,0.08336112648248672,0.07494932413101196,0.06634974479675293,0.14977587759494781,0.07946719974279404,0.008361265994608402,0.013528169132769108,0.0027610210236161947,0.026868034154176712,0.13310188055038452,0.035854801535606384,0.04125683754682541,0.0,0.1634989082813263,44,0.678216131232197,-8,1,51,9977.388671875,0.012992709875106812,-0.026278570294380188,0.08910101652145386,15,4,-4,-20,-10,-4,0.08055555555555555
g5964.t1,G0S2K2,0.5817,16.4,1,257,2.890078713983306,58,49,150,36655.14453125,0.3190099000930786,0.31345880031585693,0.30644720792770386,0.18326003849506378,0.12318716198205948,189,27,4,185,0,20,16,4,0.35019455252918286,0.03492312878370285,0.04506848007440567,0.030544182285666466,0.019421279430389404,0.050422895699739456,0.008846311829984188,0.046277642250061035,0.02295568957924843,0.13569091260433197,0.14771808683872223,0.06108405068516731,0.07365413010120392,0.15617649257183075,0.013111067935824394,0.01762411557137966,0.035541944205760956,0.012675510719418526,0.0,0.0,0.08826404064893723,1,206,3.287399137196327,50,41,115,31097.77734375,0.3706153631210327,0.20808884501457214,0.4044437110424042,0.2836175858974457,0.12082608789205551,154,15,0,46,2,18,12,6,0.3786407766990291,0.05262143909931183,0.017510920763015747,0.08048711717128754,0.020168336108326912,0.0,0.06905988603830338,0.06911509484052658,0.012908641248941422,0.037514835596084595,0.07798121869564056,0.016852034255862236,0.10565534979104996,0.05550413206219673,0.02426820620894432,0.005680498667061329,0.2056363821029663,0.05876988545060158,0.022061292082071304,0.0,0.06820465624332428,51,-0.39732042321302075,8,8,35,5557.3671875,-0.0516054630279541,0.10536995530128479,-0.09799650311470032,35,12,4,139,-2,-2,-0.028446224169846268
g11821.t1,G0S9J4,0.5802,29.4,1,328,3.8874752872564904,47,69,212,57626.59375,0.16636408865451813,0.41269823908805847,0.41237369179725647,0.3115685284137726,0.10080520063638687,185,23,0,80,20,41,21,20,0.4268292682926829,0.02375885099172592,0.00027995285927318037,0.03811025619506836,0.0,0.0,0.031581081449985504,0.024924878031015396,0.09952711313962936,0.03191981464624405,0.15771208703517914,0.008563986048102379,0.12581242620944977,0.02976638823747635,0.022343186661601067,0.06040917709469795,0.15385642647743225,0.023050246760249138,0.07268652319908142,0.01865127682685852,0.07704635709524155,1,211,4.118564749577932,72,30,109,46897.69140625,0.2124551683664322,0.2896709740161896,0.46650177240371704,0.28267428278923035,0.1838274449110031,126,7,0,43,-2,22,27,-5,0.4834123222748815,0.06656220555305481,0.011420747265219688,0.038105614483356476,0.0013728565536439419,0.0,0.0260390043258667,0.06514941900968552,0.013806842267513275,0.0381954051554203,0.03688778355717659,0.031372085213661194,0.01172688603401184,0.04148263856768608,0.021523023024201393,0.15883146226406097,0.24578651785850525,0.028884882107377052,0.045587364584207535,,0.1172652542591095,117,-0.2310894623214419,-25,39,103,10728.90234375,-0.04609107971191406,0.1230272650718689,-0.05412808060646057,59,16,0,37,22,25,-0.056583053982198595
g4920.t3,G0S9W9,0.5781,17.2,1,306,2.604009486701002,189,12,105,27151.58203125,0.2725813686847687,0.2720043957233429,0.365825355052948,0.19576531648635864,0.17006005346775055,289,39,0,370,-3,18,16,2,0.238562091503268,0.06889481842517853,0.023113135248422623,0.05768044292926788,0.06758397817611694,0.0,0.03566858917474747,0.03250988945364952,0.07191739976406097,0.10202746093273163,0.14537473022937775,0.08958885073661804,0.05269097909331322,0.0025655936915427446,0.004018700681626797,0.005709104705601931,0.0503905825316906,0.023242807015776634,0.03564074635505676,0.030216941609978676,0.10116522759199142,1,471,3.121601362487986,310,25,136,34253.703125,0.28084221482276917,0.24706628918647766,0.4502395987510681,0.21644441783428192,0.2337951809167862,474,61,1,190,-12,31,31,0,0.21019108280254778,0.07114697992801666,0.0651145949959755,0.08008680492639542,0.008477599360048771,0.0036251735873520374,0.043978288769721985,0.05230196192860603,0.018193304538726807,0.08999906480312347,0.11755847185850143,0.021851912140846252,0.02353755757212639,0.009695698507130146,0.042546696960926056,0.00046024014591239393,0.09888596087694168,0.021187258884310722,0.06870425492525101,0.0,0.16264818608760834,-165,-0.5175918757869837,-121,-13,-31,-7102.12109375,-0.008260846138000488,0.024938106536865234,-0.08441424369812012,-185,-22,-1,180,9,2,0.028371008700720207
g7743.t1,G0SC91,0.5748,29.4,1,503,3.887454739699156,171,99,233,58581.94140625,0.16091705858707428,0.3280367851257324,0.5110461115837097,0.2706053555011749,0.24044078588485718,406,61,2,171,-5,55,51,4,0.32803180914512925,0.07604479789733887,0.007604287937283516,0.06591610610485077,0.008812397718429565,0.0,0.026732327416539192,0.02933969534933567,0.059301432222127914,0.09442248195409775,0.2395082712173462,0.0,0.1417854130268097,0.0034148043487221003,0.013824592344462872,0.0028175690677016973,0.031097067520022392,0.0016961010405793786,0.015885312110185623,0.01740134507417679,0.1643960028886795,1,483,3.9553795891732912,36,119,328,77753.1953125,0.1616724580526352,0.1547451913356781,0.6744464635848999,0.31815287470817566,0.35629358887672424,224,31,0,101,-45,55,86,-31,0.4078674948240166,0.12274768203496933,0.046250417828559875,0.04094349592924118,0.013383753597736359,0.0,0.01848778873682022,0.013144214637577534,0.026393333449959755,0.03725748509168625,0.28424787521362305,0.009135895408689976,0.019654184579849243,0.010291325859725475,0.012099208310246468,0.024853939190506935,0.03390501067042351,0.019171476364135742,0.0344870425760746,0.0,0.23354589939117432,20,-0.06792484947413513,135,-20,-95,-19171.25390625,-0.0007553994655609131,0.17329159379005432,-0.16340035200119019,182,30,2,70,40,35,-0.07983568567888732
g15161.t1,G0SHE5,0.5692,21.7,1,833,3.8714640830682376,327,138,368,69203.5859375,0.21048109233379364,0.2842336595058441,0.5052852630615234,0.25953903794288635,0.24574624001979828,674,89,12,297,-15,59,55,4,0.19447779111644659,0.11414264142513275,0.022167500108480453,0.04584807902574539,0.03321496397256851,0.0,0.005993233527988195,0.06091863662004471,0.03385915607213974,0.15584951639175415,0.1379421353340149,0.0,0.018935419619083405,0.029283961281180382,0.016382284462451935,0.027139006182551384,0.12159688770771027,0.0025176946073770523,0.032068248838186264,0.01053701713681221,0.13160359859466553,1,1852,5.681196190632646,494,73,1285,136895.78125,0.23057931661605835,0.26371267437934875,0.48607173562049866,0.3065323829650879,0.17953944206237793,1079,140,1,428,-53,107,96,11,0.20356371490280778,0.06694427132606506,0.03563350439071655,0.04533272609114647,0.0189068540930748,0.0005012818146497011,0.03890927881002426,0.03555458411574364,0.028331415727734566,0.10150185972452164,0.06815695017576218,0.019636206328868866,0.0478765070438385,0.01886025071144104,0.012671494856476784,0.0037794739473611116,0.23837541043758392,0.031112050637602806,0.0690506249666214,0.006270076613873243,0.11259516328573227,-1019,-1.809732107564408,-167,65,-917,-67692.1953125,-0.02009822428226471,0.02052098512649536,0.01921352744102478,-405,-51,11,-131,38,-7,-0.009085923786361194
g2045.t1,G0SDA6,0.5671,23.0,1,517,3.4862729815362634,171,49,297,67201.03125,0.10372885316610336,0.38018256425857544,0.4813169538974762,0.35397234559059143,0.12734462320804596,348,55,3,150,0,44,40,4,0.34622823984526113,0.030509203672409058,0.0014382109511643648,0.020543145015835762,0.01010892167687416,0.0,0.04332536458969116,0.008566008880734444,0.06329645216464996,0.02886737510561943,0.2857222855091095,0.03477161005139351,0.1799936294555664,0.0007682135328650475,0.021349407732486725,0.0002815122716128826,0.06825003772974014,0.01869090087711811,0.08639418333768845,0.0002880800748243928,0.0968354269862175,1,484,3.3004423894961334,143,40,301,56322.15625,0.17746667563915253,0.20805199444293976,0.5267322063446045,0.3314208686351776,0.19531136751174927,325,48,3,80,-9,38,45,-7,0.27479338842975204,0.09237468242645264,0.03761034831404686,0.051553018391132355,0.005612852517515421,0.0,0.02044532634317875,0.04181836172938347,0.010218053124845028,0.011698810383677483,0.05930279195308685,0.08774907886981964,0.016853515058755875,0.012717788107693195,0.010438638739287853,0.1296631544828415,0.27211806178092957,0.007708975113928318,0.02917984127998352,0.0,0.10293667018413544,33,0.18583059204012997,28,9,-4,10878.875,-0.07373782247304916,0.17213056981563568,-0.045415252447128296,23,7,0,70,9,11,0.07143485141550909
g10564.t1,G0S5N9,0.5668,17.1,1,216,1.9539862031752204,89,52,75,21133.625,0.13286033272743225,0.1903979778289795,0.6272935271263123,0.5261198878288269,0.10117363929748535,162,13,2,94,19,31,10,21,0.24537037037037038,0.034186046570539474,0.007633678615093231,0.011297845281660557,0.0,0.00046387393376789987,0.024045372381806374,0.06225648894906044,0.033213190734386444,0.10983113944530487,0.43669259548187256,0.049448173493146896,0.004274860490113497,0.0015267357230186462,0.0051804594695568085,0.0055584232322871685,0.08942732959985733,0.026100222021341324,0.03187601640820503,0.0,0.06698759645223618,1,290,3.5245756683231173,72,54,164,43917.6640625,0.34200409054756165,0.2562042474746704,0.36974793672561646,0.297036349773407,0.07271157950162888,180,12,1,50,12,30,13,17,0.3758620689655172,0.037441059947013855,0.09523259103298187,0.04168128967285156,0.03915490582585335,0.009924549609422684,0.06749279052019119,0.05489794909954071,0.07826659083366394,0.05848592892289162,0.15078987181186676,0.03204377740621567,0.044222068041563034,0.024788659065961838,0.014576137065887451,0.02242480404675007,0.1462465077638626,0.018755903467535973,0.02830415777862072,0.0,0.03527051582932472,-74,-1.5705894651478969,17,-2,-89,-22784.0390625,-0.2091437578201294,-0.06580626964569092,0.2575455904006958,-18,1,1,44,7,4,-0.13049169859514684
g5965.t1,G0SBN0,0.5639,57.8,1,216,2.243143771032309,178,0,38,23999.44140625,0.12794536352157593,0.35399025678634644,0.5180643200874329,0.2320980578660965,0.28596624732017517,214,30,0,167,-7,17,18,-1,0.25462962962962965,0.08018316328525543,0.026075726374983788,0.010080126114189625,0.00793211068958044,0.0,0.003202100982889533,0.02621118351817131,0.05826745927333832,0.1538860946893692,0.14778465032577515,0.0,0.04962029680609703,0.0262162983417511,0.009587911888957024,0.05625449866056442,0.08431342244148254,0.024468546733260155,0.02637399733066559,0.0037592784501612186,0.20578308403491974,1,269,2.064320982215933,211,0,58,25002.826171875,0.0996311753988266,0.29609042406082153,0.5772285461425781,0.2595507502555847,0.3176777958869934,273,44,1,234,-16,19,27,-8,0.22304832713754646,0.06887990236282349,0.004258559551090002,0.02116040512919426,0.00825902447104454,0.0,0.035745684057474136,0.02904607728123665,0.06813712418079376,0.12274263799190521,0.20079433917999268,0.027049824595451355,0.011614253744482994,0.0011614253744482994,0.016329756006598473,0.014795495197176933,0.05875641480088234,0.0,0.06247115507721901,0.0,0.24879789352416992,-53,0.17882278881637603,-33,0,-20,-1003.384765625,0.02831418812274933,0.0578998327255249,-0.059164226055145264,-59,-14,-1,-67,9,7,0.031581302492083185
g15161.t1,G0S595,0.5594,26.0,1,833,3.8714640830682376,327,138,368,69203.5859375,0.21048109233379364,0.2842336595058441,0.5052852630615234,0.25953903794288635,0.24574624001979828,674,89,12,297,-15,59,55,4,0.19447779111644659,0.11414264142513275,0.022167500108480453,0.04584807902574539,0.03321496397256851,0.0,0.005993233527988195,0.06091863662004471,0.03385915607213974,0.15584951639175415,0.1379421353340149,0.0,0.018935419619083405,0.029283961281180382,0.016382284462451935,0.027139006182551384,0.12159688770771027,0.0025176946073770523,0.032068248838186264,0.01053701713681221,0.13160359859466553,1,781,3.906964134915828,318,130,333,54494.796875,0.18575654923915863,0.21808113157749176,0.5475316047668457,0.30449187755584717,0.24303972721099854,642,82,7,309,-6,58,54,4,0.19206145966709348,0.09077879041433334,0.026938442140817642,0.06117668375372887,0.020954163745045662,0.0,0.028976617380976677,0.01291791070252657,0.037895865738391876,0.033676259219646454,0.13050352036952972,0.048630692064762115,0.027694467455148697,0.02902134694159031,0.03210406377911568,0.03343851864337921,0.17398834228515625,0.005771370604634285,0.05327196419239044,0.0,0.1522609144449234,52,-0.03550005184759053,9,8,35,14708.7890625,0.02472454309463501,0.06615252792835236,-0.042246341705322266,32,7,5,-12,-9,0,0.002416331449353104
g11756.t1,G0SBP2,0.5509,14.0,1,134,1.8975037254834155,58,23,53,19460.09375,0.40138357877731323,0.25209930539131165,0.33398672938346863,0.2036444991827011,0.1303422451019287,108,9,0,106,2,13,8,5,0.3582089552238806,0.05353568494319916,0.040455982089042664,0.10953167080879211,0.000994819332845509,0.0,0.0,0.04946776106953621,0.02376524917781353,0.054768018424510956,0.05140890181064606,0.012530367821455002,0.03319036588072777,0.04654534161090851,0.009020895697176456,0.1152421236038208,0.15223559737205505,0.009940632618963718,0.016112633049488068,0.14444735646247864,0.07680653035640717,1,98,1.4403201818857199,32,25,41,14291.8291015625,0.2565292418003082,0.23197616636753082,0.5114945769309998,0.38159820437431335,0.1298963725566864,90,12,0,17,3,15,8,7,0.3877551020408163,0.02737164869904518,0.03740951418876648,0.07833927124738693,0.0009030463988892734,0.0,0.10016043484210968,0.011045257560908794,0.049595240503549576,0.09897477924823761,0.21810901165008545,0.0,0.035961590707302094,0.02867172285914421,0.010749056935310364,0.0,0.1634891927242279,0.0,0.03669549152255058,,0.10252472758293152,36,0.45718354359769564,26,-2,12,5168.2646484375,0.144854336977005,0.020123139023780823,-0.17750784754753113,18,-3,0,89,-1,-2,-0.029546146816935737
g18506.t1,G0S7L0,0.5466,38.3,1,143,1.7844504936457461,85,12,46,17722.978515625,0.08173590898513794,0.17097201943397522,0.7472920417785645,0.41799861192703247,0.3292933702468872,144,22,0,62,-11,16,19,-3,0.26573426573426573,0.11223826557397842,0.015110514126718044,0.0,0.0043693059124052525,,0.0041083903051912785,0.049773190170526505,0.030175214633345604,0.03657493367791176,0.4110300838947296,0.0,0.04968783259391785,0.0,0.04776538535952568,,0.006968561094254255,0.008374502882361412,0.006768647115677595,0.0,0.21705512702465057,1,139,1.7735627435332648,73,10,56,17102.00390625,0.21429775655269623,0.2607114017009735,0.5249909162521362,0.31039923429489136,0.21459172666072845,129,14,0,106,-8,13,15,-2,0.302158273381295,0.0596698522567749,0.022828441113233566,0.03791732341051102,0.0012905447511002421,0.0,0.009411733597517014,0.10151120275259018,0.05925862118601799,0.010748815722763538,0.18278329074382782,,0.030335139483213425,0.005848608911037445,0.06791918724775314,0.02415221557021141,0.12761594355106354,0.035489898175001144,0.06829740852117538,,0.15492185950279236,4,0.010887750112481331,12,2,-10,620.974609375,-0.1325618475675583,-0.08973938226699829,0.22230112552642822,15,8,0,-44,-3,-1,-0.036424007647029244
g14312.t1,G0S2Y0,0.5422,17.4,1,309,2.905674307403476,95,32,182,40345.015625,0.23261430859565735,0.4831660985946655,0.28295978903770447,0.1173657774925232,0.16559401154518127,198,23,9,130,-5,16,18,-2,0.33980582524271846,0.031105749309062958,0.07091832160949707,0.05706486105918884,0.04477836191654205,0.0,0.03168373182415962,0.01762891560792923,0.044698383659124374,0.13929307460784912,0.028082240372896194,0.0012598104076460004,0.20841585099697113,7.815056596882641e-05,0.025679221376776695,0.050245024263858795,0.0892835408449173,0.010461987927556038,0.01483452320098877,0.0,0.1344882696866989,1,1118,4.48648218772498,407,138,573,85946.71875,0.20620301365852356,0.27258995175361633,0.4813426733016968,0.2676068842411041,0.21373584866523743,743,85,15,232,-21,55,59,-4,0.18604651162790697,0.05772318318486214,0.05575192719697952,0.03311895951628685,0.00913438480347395,0.0007979610818438232,0.024002021178603172,0.0387674942612648,0.013169988058507442,0.08238628506660461,0.05829920247197151,0.03986431658267975,0.08911287039518356,0.023308971896767616,0.007805657107383013,0.027023766189813614,0.2093076854944229,0.02163122035562992,0.05229344591498375,0.00048803610843606293,0.1560126692056656,-809,-1.5808078803215042,-312,-106,-391,-45601.703125,0.02641129493713379,0.2105761468410492,-0.1983828842639923,-545,-62,-6,-102,16,2,0.1537593136148115
g14307.t1,G0S7M0,0.542,22.9,1,150,2.9945657035262823,29,8,113,31685.4296875,0.33719825744628906,0.20656420290470123,0.4562374949455261,0.2706943452358246,0.18554314970970154,75,9,21,149,7,21,15,6,0.5,0.029207218438386917,0.05182944983243942,0.07220222055912018,0.06256386637687683,0.004683888051658869,0.012761007994413376,0.10058800876140594,0.0600440613925457,0.05873904377222061,0.1858818084001541,0.0,0.024698086082935333,0.012016010470688343,0.007766664959490299,0.00019901803170796484,0.08481251448392868,0.025237733498215675,0.050433456897735596,,0.1563359498977661,1,317,3.1233095743216737,102,50,165,33757.7421875,0.29100823402404785,0.22567705810070038,0.48143401741981506,0.34752529859542847,0.1339087039232254,222,22,30,91,10,33,17,16,0.2870662460567823,0.03743017837405205,0.10140889883041382,0.03936505690217018,0.009557943791151047,0.0009340037941001356,0.06571725755929947,0.034433405846357346,0.02389482595026493,0.06307729333639145,0.24071604013442993,0.00188068940769881,0.05211574584245682,0.03402628004550934,0.003597153816372156,0.005024308804422617,0.10680925101041794,0.00630824314430356,0.07703373581171036,0.00019115889153908938,0.09647853672504425,-167,-0.1287438707953914,-73,-42,-52,-2072.3125,0.04619002342224121,-0.019112855195999146,-0.02519652247428894,-147,-13,-9,58,-3,-10,0.21293375394321767
g7435.t1,G0S7N0,0.5411,11.2,1,147,1.9100186389879357,9,77,61,20329.58984375,0.3472413122653961,0.4858601689338684,0.1572684496641159,0.11026427149772644,0.04700416326522827,99,2,6,197,-2,7,5,2,0.3469387755102041,0.03847040981054306,0.05856465548276901,0.04761354625225067,0.029011700302362442,0.00046528028906323016,0.003809083718806505,0.07137533277273178,0.25965002179145813,0.10026969760656357,0.06137647479772568,0.009630111046135426,0.038468774408102036,0.12244953960180283,0.02061043120920658,0.05315149948000908,0.048887792974710464,0.011744674295186996,0.013244454748928547,0.002672772388905287,0.00853375717997551,1,225,2.4149048065910055,27,90,108,25271.595703125,0.23873703181743622,0.2551155388355255,0.473933607339859,0.27292343974113464,0.20101021230220795,163,24,0,139,-6,17,18,-1,0.28444444444444444,0.05720595642924309,0.0002553496160544455,0.07120469957590103,0.022470764815807343,0.0,0.010597010143101215,0.05585033819079399,0.09695915877819061,0.04278438538312912,0.20426633954048157,0.03221385180950165,0.05309576541185379,0.01672540046274662,0.022225765511393547,0.015345974825322628,0.06865711510181427,0.013785968534648418,0.024704476818442345,0.04784749820828438,0.14380423724651337,-78,-0.5048861676030698,-18,-13,-47,-4942.005859375,0.1085042804479599,0.2307446300983429,-0.3166651576757431,-64,-22,6,58,4,3,0.062494331065759634
g17606.t1,G0S604,0.5305,17.6,1,220,3.2206613397347494,23,66,131,42491.59375,0.2324582040309906,0.5142225623130798,0.25278764963150024,0.21854369342327118,0.034243978559970856,116,14,0,0,12,22,9,13,0.4636363636363636,0.011035649105906487,0.032718315720558167,0.04303468391299248,0.0644838735461235,,0.014503346756100655,0.019581550732254982,0.029839392751455307,0.39679691195487976,0.05519092082977295,0.0005315362941473722,0.005662139505147934,0.02739996463060379,0.025672204792499542,0.00029681032174266875,0.16335275769233704,0.02923944965004921,0.055955126881599426,0.001497014774940908,0.023208335041999817,1,149,2.726315543995172,7,62,80,29963.923828125,0.30911266803741455,0.4001520276069641,0.2907353639602661,0.13834033906459808,0.15239502489566803,80,7,0,36,6,15,11,4,0.44966442953020136,0.00326200807467103,0.02690519019961357,0.03661154955625534,0.016798241063952446,,0.07104569673538208,0.07175739109516144,0.01931215636432171,0.20484092831611633,0.013098524883389473,0.0,0.05563503876328468,0.06167422607541084,0.019892079755663872,0.0,0.12524180114269257,0.02152884006500244,0.10047183930873871,0.0027915157843381166,0.14913301169872284,71,0.4943457957395774,16,4,51,12527.669921875,-0.07665446400642395,0.11407053470611572,-0.03794771432876587,36,7,0,-36,6,9,0.013971934106162265
g9275.t1,G0SF00,0.5261,18.6,1,143,2.2094791523677535,33,41,69,20855.189453125,0.2159562110900879,0.23212751746177673,0.527164101600647,0.43795454502105713,0.08920956403017044,102,11,0,42,20,26,7,19,0.3706293706293706,0.028876278549432755,0.0652707889676094,0.041669923812150955,0.022429700940847397,0.0,0.014852344058454037,0.07143107056617737,0.056135017424821854,0.047784965485334396,0.22576434910297394,0.024752099066972733,0.035008322447538376,0.000302369415294379,0.032685570418834686,0.02286769077181816,0.2121901959180832,0.0,0.037645962089300156,0.0,0.060333285480737686,1,161,2.0454590731636655,8,53,100,23376.98828125,0.20197325944900513,0.13892027735710144,0.6389457583427429,0.6185701489448547,0.020375657826662064,95,4,1,58,26,28,3,25,0.2919254658385093,0.0059439679607748985,0.041438233107328415,0.027114875614643097,0.0029987304005771875,0.0,0.002208357211202383,0.0024985126219689846,0.03722911328077316,0.02192053757607937,0.40345948934555054,0.020160697400569916,0.028554456308484077,0.09544406831264496,0.013083264231681824,0.034726403653621674,0.2151106297969818,0.02741924300789833,0.00340650393627584,0.0028512233402580023,0.01443169079720974,-18,0.164020079204088,25,-12,-31,-2521.798828125,0.013982951641082764,0.09320724010467529,-0.11178165674209595,7,7,-1,-16,-6,-6,0.07870390479086131
g9207.t1,G0SFG4,0.5235,25.5,1,870,6.641111418412547,623,14,233,75213.875,0.16789984703063965,0.25097161531448364,0.553777813911438,0.2895544469356537,0.2642233967781067,841,117,1,390,-15,85,85,0,0.25517241379310346,0.07745243608951569,0.018914232030510902,0.04916103184223175,0.012011520564556122,0.0,0.0364379808306694,0.0398745983839035,0.06283651292324066,0.10404102504253387,0.19002600014209747,0.02735077776014805,0.0362580232322216,0.0001715931430226192,0.01737734116613865,0.0037018321454524994,0.09952844679355621,0.00801708921790123,0.026756858453154564,0.003311803098767996,0.1867709457874298,1,807,7.298419445976475,463,9,335,94210.09375,0.24337106943130493,0.22278104722499847,0.4865102469921112,0.2988125681877136,0.18769767880439758,689,67,12,509,-15,69,62,7,0.30607187112763323,0.07242956757545471,0.07096105068922043,0.036770302802324295,0.014161665923893452,0.006443082820624113,0.029549244791269302,0.03849527984857559,0.026179593056440353,0.04589001461863518,0.1368064135313034,0.047337599098682404,0.049051351845264435,0.020549047738313675,0.02137860469520092,0.01945926807820797,0.16200613975524902,0.02305755764245987,0.05437910929322243,0.009826951660215855,0.11526809632778168,63,-0.6573080275639285,160,5,-102,-18996.21875,-0.07547122240066528,0.02819056808948517,0.06726756691932678,152,50,-11,-119,0,-7,-0.050899457334529774
g9656.t1,G0S2L6,0.5193,11.0,1,440,4.674325594317976,96,127,217,61081.8125,0.22059102356433868,0.12357158213853836,0.6365187764167786,0.272239625453949,0.3642791211605072,368,66,3,410,-32,55,82,-27,0.36818181818181817,0.08597169071435928,0.07560384273529053,0.05445452779531479,0.008557382971048355,0.005506960209459066,0.010128836147487164,0.030824584886431694,0.03768898919224739,0.0037305550649762154,0.25628405809402466,0.019318638369441032,0.034431569278240204,0.025566499680280685,0.004504270851612091,0.011022725142538548,0.015955589711666107,0.012888897210359573,0.02668651193380356,0.0025664502754807472,0.2783074378967285,1,322,2.3564420653077285,17,100,205,30056.78125,0.36721697449684143,0.42502135038375854,0.20681756734848022,0.1679699420928955,0.038847628980875015,239,16,28,460,-6,12,7,5,0.2670807453416149,0.023007579147815704,0.06438454240560532,0.11830735206604004,0.03241920471191406,0.0007514385506510735,0.06233968958258629,0.057488590478897095,0.04720836877822876,0.04873695597052574,0.08011577278375626,0.0009441087604500353,0.21906781196594238,0.007619286421686411,0.007096892222762108,0.004510742612183094,0.08785416185855865,0.021652553230524063,0.09764914959669113,0.00300575396977365,0.01584004797041416,118,2.3178835290102473,79,27,12,31025.03125,-0.14662595093250275,-0.3014497682452202,0.42970120906829834,129,50,-25,-50,-26,-32,0.10110107284020325
g11900.t1,G0S9G6,0.5151,11.8,1,357,1.9132011353182052,162,52,143,22064.43359375,0.18525250256061554,0.27249544858932495,0.5162443518638611,0.34969714283943176,0.1665472388267517,360,52,4,131,1,24,16,8,0.18207282913165265,0.05198569595813751,0.008773974142968655,0.07442254573106766,0.0,0.0,0.03547654673457146,0.06423971056938171,0.0476655550301075,0.09233701229095459,0.285403311252594,0.02600768208503723,0.031187156215310097,0.00014623290917370468,0.06261204928159714,0.015662673860788345,0.06429381668567657,0.0021934935357421637,0.023030994459986687,0.0,0.1145615428686142,1,320,2.0149876660989667,126,36,158,25380.6484375,0.321883887052536,0.14268629252910614,0.5211394429206848,0.33820268511772156,0.18293680250644684,291,38,1,246,-6,21,17,4,0.19375,0.05939295142889023,0.0407872311770916,0.06456233561038971,0.00012712622992694378,0.0,0.015072953887283802,0.0742722675204277,0.011213287711143494,0.029165007174015045,0.13245336711406708,0.014290319755673409,0.010372181423008442,0.09056564420461655,0.028652919456362724,0.013757819309830666,0.20574934780597687,0.009280215948820114,0.04952507093548775,0.027216099202632904,0.12354385107755661,37,-0.1017865307807615,36,16,-15,-3316.21484375,-0.13663138449192047,0.1298091560602188,-0.0048950910568237305,69,14,3,-115,7,4,-0.011677170868347353
g771.t1,G0S1V2,0.5033,31.6,1,1741,5.496519234506544,1145,121,475,122086.640625,0.1571618765592575,0.2140987366437912,0.622509241104126,0.40498116612434387,0.2175280898809433,1754,246,17,665,-1,148,116,32,0.21137277426766227,0.0489964559674263,0.04705198481678963,0.04347005859017372,0.008640860207378864,0.0,0.019406815990805626,0.006822658237069845,0.036673638969659805,0.10024856775999069,0.23857903480529785,0.006230134516954422,0.029316209256649017,0.0014535582158714533,0.018532177433371544,0.003789848880842328,0.16640213131904602,0.02101588062942028,0.025538291782140732,0.009300051257014275,0.1685316264629364,1,2410,6.472620820445977,1489,127,794,169841.390625,0.25123873353004456,0.22885939478874207,0.4949716329574585,0.3210322856903076,0.1739393174648285,2322,337,8,623,-31,183,152,31,0.2091286307053942,0.0426742359995842,0.09936102479696274,0.0308529119938612,0.02194829471409321,0.001231326605193317,0.028079314157366753,0.011757513508200645,0.024414436891674995,0.08950666338205338,0.129291370511055,0.024930231273174286,0.032305214554071426,0.0287792831659317,0.007913967594504356,0.01719554141163826,0.19174091517925262,0.02248123660683632,0.056292254477739334,0.00797912385314703,0.1312650889158249,-669,-0.9761015859394329,-344,-6,-319,-47754.75,-0.09407685697078705,-0.014760658144950867,0.12753760814666748,-568,-91,9,42,30,1,0.0022441435622680694
