incendi_protein,ortholog_accession,alntmscore,pident,incendi_num_chains,incendi_num_residues,incendi_rg_nm,incendi_helix_num,incendi_strand_num,incendi_coil_num,incendi_total_sasa_A2,incendi_frac_sasa_hydrophobic,incendi_frac_sasa_polar,incendi_frac_sasa_charged,incendi_frac_sasa_pos,incendi_frac_sasa_neg,incendi_num_hbonds,incendi_num_salt_bridges,incendi_num_disulfides,incendi_num_pipi,incendi_net_charge,incendi_num_exposed_pos,incendi_num_exposed_neg,incendi_surface_net_charge,incendi_highly_exposed_frac,incendi_frac_sasa_SER,incendi_frac_sasa_CYS,incendi_frac_sasa_LEU,incendi_frac_sasa_ARG,incendi_frac_sasa_GLY,incendi_frac_sasa_GLN,incendi_frac_sasa_LYS,incendi_frac_sasa_TYR,incendi_frac_sasa_ALA,incendi_frac_sasa_ASN,incendi_frac_sasa_GLU,incendi_frac_sasa_ASP,incendi_frac_sasa_HIS,incendi_frac_sasa_ILE,incendi_frac_sasa_PRO,incendi_frac_sasa_VAL,incendi_frac_sasa_TRP,incendi_frac_sasa_THR,incendi_frac_sasa_PHE,incendi_frac_sasa_MET,ortholog_num_chains,ortholog_num_residues,ortholog_rg_nm,ortholog_helix_num,ortholog_strand_num,ortholog_coil_num,ortholog_total_sasa_A2,ortholog_frac_sasa_hydrophobic,ortholog_frac_sasa_polar,ortholog_frac_sasa_charged,ortholog_frac_sasa_pos,ortholog_frac_sasa_neg,ortholog_num_hbonds,ortholog_num_salt_bridges,ortholog_num_disulfides,ortholog_num_pipi,ortholog_net_charge,ortholog_num_exposed_pos,ortholog_num_exposed_neg,ortholog_surface_net_charge,ortholog_highly_exposed_frac,ortholog_frac_sasa_SER,ortholog_frac_sasa_CYS,ortholog_frac_sasa_LEU,ortholog_frac_sasa_ARG,ortholog_frac_sasa_GLY,ortholog_frac_sasa_GLN,ortholog_frac_sasa_LYS,ortholog_frac_sasa_TYR,ortholog_frac_sasa_ALA,ortholog_frac_sasa_ASN,ortholog_frac_sasa_GLU,ortholog_frac_sasa_ASP,ortholog_frac_sasa_HIS,ortholog_frac_sasa_ILE,ortholog_frac_sasa_PRO,ortholog_frac_sasa_VAL,ortholog_frac_sasa_TRP,ortholog_frac_sasa_THR,ortholog_frac_sasa_PHE,ortholog_frac_sasa_MET,diff_num_residues,diff_rg_nm,diff_helix_num,diff_strand_num,diff_coil_num,diff_total_sasa_A2,diff_frac_sasa_hydrophobic,diff_frac_sasa_polar,diff_frac_sasa_charged,diff_num_hbonds,diff_num_salt_bridges,diff_num_disulfides,diff_num_pipi,diff_net_charge,diff_surface_net_charge,diff_highly_exposed_frac
g12123.t1,M1V6U4,1.004,80.2,1,188,2.6794486177425423,61,31,96,30202.45703125,0.36847934126853943,0.23715999722480774,0.3160320222377777,0.16757157444953918,0.14846044778823853,136,13,1,215,-2,14,12,2,0.3829787234042553,0.04365483671426773,0.0,0.09930583089590073,0.07746615260839462,0.013282856903970242,0.061567701399326324,0.09010542184114456,0.0,0.021523425355553627,0.027030061930418015,0.03800952434539795,0.11045092344284058,0.07832864671945572,0.0,0.024563726037740707,0.0054483599960803986,0.0,0.09162453562021255,0.11967670172452927,0.09796126186847687,1,147,1.583028623854914,54,31,62,15835.9306640625,0.21717534959316254,0.17218764126300812,0.5761935114860535,0.30617040395736694,0.2700231373310089,130,17,3,183,-1,14,12,2,0.2925170068027211,0.013164042495191097,0.0,0.01976359821856022,0.08279215544462204,0.023731090128421783,0.03514080122113228,0.2233782410621643,0.002829252276569605,0.04013844579458237,0.045516517013311386,0.04338720813393593,0.2266359180212021,0.034443505108356476,0.008557434193789959,0.031955987215042114,0.015484881587326527,0.0,0.051805928349494934,0.030154768377542496,0.0711202472448349,41,1.0964199938876282,7,0,34,14366.5263671875,0.1513039916753769,0.06497235596179962,-0.26016148924827576,6,-4,-2,32,-1,0,0.09046171660153424
g9275.t1,M1VBZ7,1.004,75.5,1,143,2.2094791523677535,33,41,69,20855.189453125,0.2159562110900879,0.23212751746177673,0.527164101600647,0.43795454502105713,0.08920956403017044,102,11,0,42,20,26,7,19,0.3706293706293706,0.037645962089300156,0.0,0.0652707889676094,0.2121901959180832,0.032685570418834686,0.047784965485334396,0.22576434910297394,0.02286769077181816,0.014852344058454037,0.056135017424821854,0.060333285480737686,0.028876278549432755,0.024752099066972733,0.022429700940847397,0.041669923812150955,0.0,0.0,0.035008322447538376,0.000302369415294379,0.07143107056617737,1,145,2.293578348645524,34,41,70,21700.45703125,0.24057267606258392,0.1730228066444397,0.578375518321991,0.4974287748336792,0.08094672858715057,109,10,1,29,22,26,7,19,0.3448275862068966,0.047319915145635605,0.0,0.009961937554180622,0.2787412106990814,0.022598640993237495,0.034135039895772934,0.21868760883808136,0.0,0.014865173026919365,0.03671352565288544,0.059135403484106064,0.02181132324039936,0.008029024116694927,0.0626877099275589,0.038262587040662766,0.0014868562575429678,0.004754550289362669,0.03225567564368248,0.013205904513597488,0.09534795582294464,-2,-0.08409919627777063,-1,0,-1,-845.267578125,-0.024616464972496033,0.059104710817337036,-0.051211416721343994,-7,1,-1,13,-2,0,0.02580178442247405
g5060.t1,M1V588,1.002,73.1,1,204,2.1731062886063817,82,32,90,25548.6015625,0.2369786500930786,0.19067078828811646,0.523618757724762,0.5033678412437439,0.020250968635082245,162,21,2,125,42,29,1,28,0.27941176470588236,0.027068568393588066,0.0,0.032456666231155396,0.33593225479125977,0.007577431388199329,0.043313346803188324,0.16743551194667816,0.06671684235334396,0.027536695823073387,0.03868703544139862,0.00024682257208041847,0.020004145801067352,0.04873181879520416,0.004672749433666468,0.05556207150220871,0.007758031133562326,0.04827320575714111,0.007307574152946472,0.018059544265270233,0.042659692466259,1,205,2.1586156886927097,80,32,93,25295.83203125,0.23402288556098938,0.21576234698295593,0.5110076069831848,0.4811740219593048,0.029833650216460228,166,18,1,121,44,33,1,32,0.2975609756097561,0.0,0.0,0.0464291051030159,0.30676329135894775,0.0077656651847064495,0.0868334099650383,0.17441068589687347,0.08400193601846695,0.02785838581621647,0.023640772327780724,0.029833650216460228,0.0,0.039207082241773605,0.006363084074109793,0.06796802580356598,0.0005102099385112524,0.0245375819504261,0.013520563952624798,0.01913287304341793,0.04122363403439522,-1,0.014490599913671964,2,0,-3,252.76953125,0.0029557645320892334,-0.025091558694839478,0.012611150741577148,-4,3,1,4,-2,-4,-0.018149210903873725
g11479.t1,M1UQS0,0.9999,67.5,1,281,2.330517654540377,53,86,142,31332.375,0.25071844458580017,0.23203732073307037,0.49085092544555664,0.44757992029190063,0.0432710237801075,199,25,2,61,32,31,6,25,0.26334519572953735,0.03449101001024246,0.0,0.07971608638763428,0.1839355081319809,0.01617160066962242,0.1279108226299286,0.26364439725875854,0.00888865627348423,0.02830422669649124,0.01605161838233471,0.03803824633359909,0.005232775118201971,0.026393229141831398,0.011701932176947594,0.04448650777339935,0.0267739649862051,0.003668042365461588,0.028523623943328857,0.0,0.056067679077386856,1,257,1.984437242512509,42,89,126,24557.59765625,0.3560655117034912,0.09453994035720825,0.5228280425071716,0.4274241626262665,0.09540385007858276,216,32,2,42,23,30,11,19,0.2140077821011673,0.0,0.0,0.1560264676809311,0.27082571387290955,0.03512408211827278,0.021658292040228844,0.15659846365451813,0.007291766349226236,0.031669408082962036,0.013275496661663055,0.08641645312309265,0.00898740254342556,0.02656659670174122,0.03284671902656555,0.04649556800723076,0.0173430684953928,0.002084700157865882,0.017190301790833473,0.0,0.06959956884384155,24,0.346080412027868,11,-3,16,6774.77734375,-0.10534706711769104,0.13749738037586212,-0.03197711706161499,-17,-7,0,19,9,6,0.04933741362837005
g3990.t1,M1VB78,0.9989,66.9,1,259,2.329165429580628,33,64,162,25688.548828125,0.21137242019176483,0.22488658130168915,0.5184397101402283,0.3705098032951355,0.14792987704277039,177,22,3,88,30,28,10,18,0.22393822393822393,0.0009819116676226258,0.0,0.051858339458703995,0.17696021497249603,0.02053789049386978,0.03141480311751366,0.19354960322380066,0.11067686229944229,0.00600887555629015,0.044828109443187714,0.09100398421287537,0.05692589655518532,0.04530131816864014,0.005643521901220083,0.040894877165555954,0.011178622953593731,0.014444288797676563,0.016447022557258606,0.008289765566587448,0.07305411994457245,1,256,2.2831427131333966,24,63,169,24460.630859375,0.22023291885852814,0.2998069226741791,0.43549787998199463,0.31635478138923645,0.11914311349391937,177,30,1,103,30,28,6,22,0.234375,0.0330745205283165,0.0,0.023748992010951042,0.15054009854793549,0.039136260747909546,0.014361321926116943,0.16581468284130096,0.11155589669942856,0.029439067468047142,0.05790048837661743,0.11914311349391937,0.0,0.04446231946349144,0.017240816727280617,0.04069032147526741,0.02901969850063324,0.00013190772733651102,0.043778445571660995,0.020577605813741684,0.059384506195783615,3,0.04602271644723155,9,1,-7,1227.91796875,-0.008860498666763306,-0.07492034137248993,0.08294183015823364,0,-8,2,-15,0,-4,-0.010436776061776065
g10520.t1,P53500,0.9988,83.5,1,375,2.1760859970077844,166,74,135,25400.98828125,0.22010527551174164,0.28134486079216003,0.4682852625846863,0.15146516263484955,0.31682008504867554,362,42,1,193,-12,17,24,-7,0.184,0.035954613238573074,0.0,0.007485753390938044,0.05329602584242821,0.045027971267700195,0.0853358656167984,0.09816912561655045,0.012580414302647114,0.04349618777632713,0.007590104825794697,0.20016498863697052,0.11665509641170502,0.030264632776379585,0.0007621466065756977,0.022644702345132828,0.06754764169454575,0.00012702443927992135,0.094855897128582,0.004064782056957483,0.0739770159125328,1,377,2.193723962459843,171,74,132,25963.744140625,0.20035794377326965,0.2814813554286957,0.4827349781990051,0.16627520322799683,0.3164597749710083,349,42,3,239,-12,18,25,-7,0.19363395225464192,0.08933783322572708,0.0,0.0034795948304235935,0.05444151535630226,0.041386038064956665,0.07566651701927185,0.11183366924524307,0.014208249747753143,0.053871382027864456,0.004871149081736803,0.1900508999824524,0.1264088749885559,0.03542577102780342,0.014514232985675335,0.011475061997771263,0.04477408155798912,0.0,0.056011542677879333,0.006329333409667015,0.06591425836086273,-2,-0.017637965452058424,-5,0,3,-562.755859375,0.019747331738471985,-0.00013649463653564453,-0.014449715614318848,13,0,-2,-46,0,0,-0.00963395225464192
g993.t1,M1V5V3,0.9972,63.1,1,391,2.1962757915272944,128,99,164,25109.80859375,0.23503397405147552,0.2732967436313629,0.46269190311431885,0.3056989908218384,0.15699289739131927,393,57,23,373,-1,25,20,5,0.1867007672634271,0.03782058134675026,0.0,0.01297824177891016,0.05646299198269844,0.03359481319785118,0.07246996462345123,0.24923601746559143,0.00963690597563982,0.034308817237615585,0.09088678658008575,0.06832105666399002,0.08867184072732925,0.028977401554584503,0.04612765461206436,0.07299453765153885,0.003641469171270728,0.0,0.028887681663036346,0.02384405955672264,0.04113921523094177,1,393,2.2053424331353737,127,102,164,25869.3203125,0.1803128719329834,0.1751631498336792,0.5975061058998108,0.3226654529571533,0.2748405933380127,402,64,7,309,-7,25,22,3,0.183206106870229,0.024541571736335754,0.0,0.005862066522240639,0.23725350201129913,0.027829522266983986,0.05832359939813614,0.08541195839643478,0.0,0.019141828641295433,0.0004894117591902614,0.14537101984024048,0.1294696033000946,0.047017909586429596,0.012086932547390461,0.040330830961465836,0.012826750986278057,0.0,0.06397903710603714,0.015590602532029152,0.07447386533021927,-2,-0.009066641608079351,1,-3,0,-759.51171875,0.054721102118492126,0.09813359379768372,-0.13481420278549194,-9,-7,16,64,6,2,0.0034946603931980957
g16570.t1,M1VFI3,0.9969,68.0,1,148,1.9196067995034243,79,0,69,19365.67578125,0.1566627472639084,0.2616055905818939,0.5548286437988281,0.48765087127685547,0.06717776507139206,113,7,0,38,17,20,7,13,0.30405405405405406,0.06564563512802124,0.0,0.0009996696608141065,0.1788848340511322,0.014116404578089714,0.04064694419503212,0.30876603722572327,0.06242356449365616,0.05762325972318649,0.008008714765310287,0.03810206428170204,0.02907569520175457,0.026903046295046806,0.05548166483640671,0.021648112684488297,0.0003332232008688152,0.017081784084439278,0.07076434046030045,0.00333223189227283,0.00016281309945043176,1,151,1.9178271796437594,83,0,68,19301.345703125,0.12641717493534088,0.25836241245269775,0.6058972477912903,0.5435329079627991,0.06236431002616882,111,6,1,67,19,28,7,21,0.2847682119205298,0.0317639522254467,0.0,0.0013373352121561766,0.2871191203594208,0.020784668624401093,0.09798649698495865,0.2564137876033783,0.06141571328043938,0.035601694136857986,0.014555098488926888,0.03332457318902016,0.029039738699793816,0.00932321697473526,0.03289705514907837,0.02256753295660019,0.00033433380303904414,0.01999899558722973,0.031856466084718704,0.0046806735917925835,0.008999546989798546,-3,0.0017796198596649049,-4,0,1,64.330078125,0.030245572328567505,0.003243178129196167,-0.05106860399246216,2,1,-1,-29,-2,-8,0.019285842133524245
g4920.t2,P53500,0.9953,83.5,1,375,2.1765045700415944,164,74,137,25467.02734375,0.22058700025081635,0.2903071641921997,0.45907530188560486,0.1551227569580078,0.30395254492759705,357,44,1,194,-12,15,24,-9,0.18933333333333333,0.03176998347043991,0.0,0.008347430266439915,0.05659398436546326,0.04467226564884186,0.10629723966121674,0.09852875769138336,0.011790509335696697,0.045396074652671814,0.008434658870100975,0.19961456954479218,0.10433798283338547,0.030030544847249985,0.0013936455361545086,0.022467952221632004,0.06830267608165741,0.0,0.08734250068664551,0.002407205756753683,0.07227201014757156,1,377,2.193723962459843,171,74,132,25963.744140625,0.20035794377326965,0.2814813554286957,0.4827349781990051,0.16627520322799683,0.3164597749710083,349,42,3,239,-12,18,25,-7,0.19363395225464192,0.08933783322572708,0.0,0.0034795948304235935,0.05444151535630226,0.041386038064956665,0.07566651701927185,0.11183366924524307,0.014208249747753143,0.053871382027864456,0.004871149081736803,0.1900508999824524,0.1264088749885559,0.03542577102780342,0.014514232985675335,0.011475061997771263,0.04477408155798912,0.0,0.056011542677879333,0.006329333409667015,0.06591425836086273,-2,-0.017219392418248436,-7,0,5,-496.716796875,0.020229056477546692,0.008825808763504028,-0.02365967631340027,8,2,-2,-45,0,-2,-0.004300618921308591
g126.t1,M1V821,0.9947,74.5,1,229,2.4633427843142655,47,57,125,30513.638671875,0.3450966477394104,0.10918689519166946,0.49182918667793274,0.4113706648349762,0.08045853674411774,157,22,8,87,29,31,12,19,0.29694323144104806,0.017766255885362625,0.016063863411545753,0.0662880539894104,0.22543281316757202,0.016747405752539635,0.015970857813954353,0.18593785166740417,0.022838754579424858,0.03999326005578041,0.018862545490264893,0.04148852080106735,0.038970015943050385,0.0538872592151165,0.06486959755420685,0.022099893540143967,0.004085331689566374,0.0024320457596331835,0.0009372056229040027,0.06405742466449738,0.08127105981111526,1,214,2.306825470045113,47,56,111,26383.1015625,0.20818065106868744,0.20187507569789886,0.556878387928009,0.4562409222126007,0.10063746571540833,151,29,3,99,22,30,12,18,0.2897196261682243,0.011620519682765007,0.01659708097577095,0.025682147592306137,0.2962949275970459,0.01525770965963602,0.09596703201532364,0.1599460244178772,0.030822619795799255,0.07602618634700775,0.00011950777843594551,0.06442661583423615,0.03621085733175278,0.03306584805250168,0.013880398124456406,0.03473204746842384,0.015403712168335915,0.0,0.03149062767624855,0.003179694525897503,0.039276447147130966,15,0.1565173142691525,0,1,14,4130.537109375,0.13691599667072296,-0.0926881805062294,-0.0650492012500763,6,-7,5,-12,7,1,0.007223605272823785
g9632.t1,M1UW39,0.994,65.7,1,149,1.610963471187802,53,27,69,16667.53515625,0.21633310616016388,0.19649150967597961,0.5654603242874146,0.32735496759414673,0.2381054013967514,126,8,1,119,1,16,13,3,0.28187919463087246,0.05803646892309189,0.0058816964738070965,0.04083270952105522,0.1302105337381363,0.0005697040469385684,0.08182589709758759,0.19714440405368805,0.009339910000562668,0.05168657377362251,0.03870841860771179,0.15081267058849335,0.08729271590709686,0.021715018898248672,0.0,0.019551850855350494,0.005789827089756727,0.0,0.0021294094622135162,0.0,0.09847215563058853,1,150,1.6189883692386053,52,31,67,16759.82421875,0.2033507376909256,0.07393548637628555,0.7020941376686096,0.39656364917755127,0.30553045868873596,124,17,0,105,0,18,15,3,0.29333333333333333,0.02709037810564041,0.0,0.032504603266716,0.16093796491622925,0.0073156352154910564,0.016230663284659386,0.23562569916248322,0.0,0.04031877964735031,0.019640985876321793,0.23196257650852203,0.07356788218021393,0.02061973325908184,0.009433318860828876,0.014438752084970474,0.0009625835227780044,0.0,0.0036578176077455282,0.0,0.10569269955158234,-1,-0.008024898050803309,1,-4,2,-92.2890625,0.012982368469238281,0.12255602329969406,-0.13663381338119507,2,-9,1,14,1,0,-0.01145413870246087
g11214.t1,M1UQ70,0.9924,53.5,1,165,2.3906160910884964,48,35,82,27818.755859375,0.15487708151340485,0.372802734375,0.4588206112384796,0.35240688920021057,0.10641368478536606,117,16,0,28,25,26,6,20,0.4,0.04633647948503494,,0.0,0.14130108058452606,0.030185900628566742,0.17045968770980835,0.2111058533191681,0.03554763272404671,0.05350746214389801,0.028884615749120712,0.012580771930515766,0.09383290261030197,0.013499611988663673,0.0,0.029894931241869926,0.016005869954824448,0.0,0.06138839200139046,0.0,0.055468834936618805,1,143,1.9089549216448574,49,40,54,21146.927734375,0.2084444910287857,0.061788514256477356,0.7139744162559509,0.472814679145813,0.24115967750549316,108,16,0,0,18,23,11,12,0.3356643356643357,0.051274579018354416,0.0,0.054480135440826416,0.2571350336074829,0.004070894327014685,0.005538011435419321,0.21567967534065247,0.0,0.010666513815522194,0.0,0.12409558892250061,0.11706406623125076,0.01579262502491474,0.0035092835314571857,0.01068042777478695,0.02530004270374775,,0.0009050295921042562,0.021513432264328003,0.08229464292526245,22,0.481661169443639,-1,-5,28,6671.828125,-0.05356740951538086,0.31101422011852264,-0.2551538050174713,9,0,0,28,7,8,0.06433566433566434
g11900.t1,M1VGT6,0.9906,55.0,1,357,1.9132011353182052,162,52,143,22064.43359375,0.18525250256061554,0.27249544858932495,0.5162443518638611,0.34969714283943176,0.1665472388267517,360,52,4,131,1,24,16,8,0.18207282913165265,0.023030994459986687,0.0,0.008773974142968655,0.06429381668567657,0.06261204928159714,0.09233701229095459,0.285403311252594,0.015662673860788345,0.03547654673457146,0.0476655550301075,0.1145615428686142,0.05198569595813751,0.02600768208503723,0.0,0.07442254573106766,0.0021934935357421637,0.0,0.031187156215310097,0.00014623290917370468,0.06423971056938171,1,407,2.470394263383692,180,52,175,34416.76953125,0.2773250639438629,0.22111572325229645,0.48085275292396545,0.33002328872680664,0.15082944929599762,372,51,9,165,5,27,18,9,0.20393120393120392,0.031197793781757355,0.0,0.033562228083610535,0.18285657465457916,0.03275008127093315,0.09432419389486313,0.14716674387454987,0.0065685659646987915,0.03831079602241516,0.03700151666998863,0.11318705976009369,0.03764239698648453,0.020706424489617348,0.011718655936419964,0.035754505544900894,0.04018636792898178,0.007489252835512161,0.019273579120635986,0.0518326461315155,0.05847062170505524,-50,-0.5571931280654867,-18,0,-32,-12352.3359375,-0.09207256138324738,0.0513797253370285,0.03539159893989563,-12,1,-5,-34,-4,-1,-0.021858374799551272
g16255.t1,M1V5B6,0.9901,53.0,1,133,2.144857704304464,28,12,93,20715.52734375,0.21841119229793549,0.08536121994256973,0.6962275505065918,0.5259143114089966,0.17031319439411163,87,9,1,78,27,28,6,22,0.38345864661654133,0.005762934219092131,0.010258521884679794,0.01012407336384058,0.20030401647090912,0.005437219515442848,0.025581154972314835,0.32561030983924866,0.013953541405498981,0.0034017523285001516,0.008842556737363338,0.14065423607826233,0.029658960178494453,0.0,0.06764688342809677,0.0048284041695296764,0.04641497880220413,0.0,0.015525294467806816,0.02538806013762951,0.06060704216361046,1,132,2.1442953800444124,25,13,94,20971.234375,0.19075602293014526,0.14275000989437103,0.6397359371185303,0.5226278901100159,0.11710812151432037,85,3,1,65,22,27,8,19,0.3333333333333333,0.08947309851646423,0.006700345315039158,0.014616303145885468,0.2967769205570221,0.004300947301089764,0.0,0.2258509397506714,0.0004510443832259625,0.01133574079722166,0.04030006006360054,0.09449276328086853,0.022615356370806694,0.026757992804050446,0.056926652789115906,0.007070351857692003,0.026309341192245483,0.0,0.0015245274407789111,0.019693545997142792,0.05480410158634186,1,0.0005623242600516498,3,-1,-1,-255.70703125,0.027655169367790222,-0.0573887899518013,0.05649161338806152,2,6,0,13,5,3,0.05012531328320802
g10348.t1,A0A125YFV3,0.9893,72.4,1,457,2.322175997576103,202,80,175,31105.2734375,0.2136250138282776,0.19624723494052887,0.5576193332672119,0.2898883521556854,0.2677309513092041,440,57,62,404,-17,28,33,-5,0.16630196936542668,0.02804596908390522,0.0,0.009128228761255741,0.06023404002189636,0.015075655654072762,0.020630866289138794,0.22965434193611145,0.02709617279469967,0.031146368011832237,0.0805250033736229,0.20507319271564484,0.06265775859355927,0.03250839188694954,0.01140555739402771,0.04921020194888115,0.012343854643404484,0.008379648439586163,0.024873562157154083,0.06541140377521515,0.026599738746881485,1,448,2.150094330382069,213,83,152,26836.146484375,0.11696760356426239,0.22080612182617188,0.5828334093093872,0.34246712923049927,0.24036625027656555,423,56,25,349,-16,26,30,-4,0.15178571428571427,0.057989995926618576,0.0,0.009498276747763157,0.21221964061260223,0.01089133694767952,0.0420672744512558,0.13024748861789703,0.06437794864177704,0.04748987779021263,0.028980843722820282,0.1720331609249115,0.06833311170339584,0.07939284294843674,0.0014427762944251299,0.021985892206430435,0.020319098606705666,0.009698987007141113,0.016498727723956108,0.0021641645580530167,0.004368534777313471,9,0.17208166719403417,-11,-3,23,4269.126953125,0.0966574102640152,-0.024558886885643005,-0.025214076042175293,17,1,37,55,-1,-1,0.014516255079712409
g10690.t1,M1V6M3,0.9887,48.6,1,187,2.1213994932845908,39,81,67,21746.30859375,0.17932699620723724,0.06933891773223877,0.7138857245445251,0.606195330619812,0.10769044607877731,137,20,1,45,20,32,7,25,0.2620320855614973,0.0036247367970645428,0.0,0.014085204340517521,0.2718636393547058,0.011864127591252327,0.04336528480052948,0.3343316614627838,0.0,0.007576662115752697,0.007858047261834145,0.06209946796298027,0.04559096321463585,0.03744833916425705,0.019585121423006058,0.036586564034223557,0.01394698116928339,0.029343824833631516,0.002626724075525999,0.0016320934519171715,0.05657052993774414,1,200,2.1327598002732553,45,83,72,22478.880859375,0.1320621371269226,0.16153061389923096,0.6693263053894043,0.5749475359916687,0.09437873214483261,155,19,6,32,15,32,10,22,0.265,0.008559398353099823,0.025854453444480896,0.012458248995244503,0.25438347458839417,0.004674538038671017,0.023217981681227684,0.3205640912055969,0.0,0.011097696609795094,0.09041005373001099,0.04889708384871483,0.04548164829611778,0.037080951035022736,0.025513550266623497,0.010787716135382652,0.006172081455588341,0.012057089246809483,0.008814197964966297,0.002727199112996459,0.051248546689748764,-13,-0.011360306988664526,-6,-2,-5,-732.572265625,0.047264859080314636,-0.09219169616699219,0.04455941915512085,-18,1,-5,13,5,3,-0.0029679144385026945
g17440.t1,M1UXI6,0.988,52.7,1,545,3.0138208508090467,276,105,164,39272.46484375,0.20173035562038422,0.22920948266983032,0.533074676990509,0.300033301115036,0.23304136097431183,481,61,5,54,-1,42,31,11,0.1944954128440367,0.031424615532159805,0.0,0.057384833693504333,0.10319766402244568,0.023535743355751038,0.042449772357940674,0.19683563709259033,0.043940961360931396,0.03197179362177849,0.04281196743249893,0.12480393797159195,0.10823741555213928,0.03598550334572792,0.020378410816192627,0.019635755568742752,0.010844852775335312,0.004765162710100412,0.045046404004096985,0.00041078991489484906,0.05633876100182533,1,573,3.0826475844580763,278,102,193,41522.1953125,0.2557389438152313,0.29889971017837524,0.4406670331954956,0.2439844161272049,0.1966826170682907,498,69,6,84,-6,36,34,2,0.193717277486911,0.02923794463276863,0.0,0.045713990926742554,0.16023626923561096,0.04088827595114708,0.05626638978719711,0.08374813944101334,0.05012335255742073,0.04194638505578041,0.05541353300213814,0.11580104380846024,0.08088160306215286,0.0046942890621721745,0.03230771794915199,0.04060332104563713,0.04730379581451416,,0.06697022169828415,0.00178725051227957,0.046076465398073196,-28,-0.06882673364902958,-2,3,-29,-2249.73046875,-0.05400858819484711,-0.06969022750854492,0.09240764379501343,-17,-8,-1,-30,5,9,0.0007781353571257033
g7755.t1,M1UNI2,0.983,51.6,1,445,2.267878742323239,209,68,168,27515.828125,0.17512159049510956,0.2953236401081085,0.512191653251648,0.29932257533073425,0.2128690630197525,441,46,17,73,-2,32,22,10,0.16404494382022472,0.019558602944016457,0.0,0.03176946938037872,0.07972957193851471,0.030708031728863716,0.0929129496216774,0.21959297358989716,0.05120289325714111,0.006880631670355797,0.05830985680222511,0.18063469231128693,0.032234370708465576,0.017363158985972404,0.01538457628339529,0.036950357258319855,0.007033014204353094,0.003506694221869111,0.042631275951862335,0.0,0.07359686493873596,1,514,2.5263262835639053,233,69,212,35419.73828125,0.25779542326927185,0.35631781816482544,0.3781609833240509,0.18955767154693604,0.18860334157943726,509,86,43,133,-11,28,18,10,0.1926070038910506,0.052362844347953796,0.0011961222626268864,0.032783377915620804,0.08163048326969147,0.041248828172683716,0.09945029765367508,0.10792718827724457,0.059667397290468216,0.029966898262500763,0.023852644488215446,0.11292313784360886,0.075680211186409,0.007725716568529606,0.004004008136689663,0.08282073587179184,0.013829476200044155,0.003274208167567849,0.0785396546125412,0.0,0.09111672639846802,-69,-0.2584475412406664,-24,-1,-44,-7903.91015625,-0.08267383277416229,-0.06099417805671692,0.13403066992759705,-68,-40,-26,-60,9,0,-0.028562060070825873
g19604.t1,M1VFE4,0.9827,70.2,1,146,2.028281823110018,60,31,55,21651.3671875,0.2616809010505676,0.17190800607204437,0.5664110779762268,0.47278282046318054,0.09362825006246567,125,21,0,31,19,24,7,17,0.3424657534246575,0.017052212730050087,0.0,0.029573988169431686,0.29168254137039185,0.004666802939027548,0.019749173894524574,0.1811002492904663,0.07961904257535934,0.04088226333260536,0.033588483929634094,0.05134548991918564,0.04228275269269943,,0.0002980454883072525,0.04023614153265953,0.0074982354417443275,0.0,0.01723228022456169,0.06899753212928772,0.07419469952583313,1,141,1.9546600002046126,61,31,49,20199.06640625,0.2744097411632538,0.14760567247867584,0.5779847502708435,0.44738948345184326,0.13059526681900024,120,16,0,43,13,20,8,12,0.3191489361702128,0.02691085822880268,0.0,0.07052017003297806,0.3809680640697479,0.009097247384488583,0.03913702443242073,0.06642138957977295,0.051506273448467255,0.016932163387537003,0.01078569982200861,0.11981324851512909,0.010782022960484028,0.0,0.0025557982735335827,0.02316192351281643,0.026958703994750977,,0.01016856636852026,0.06181837618350983,0.07246257364749908,5,0.07362182290540553,-1,0,6,1452.30078125,-0.012728840112686157,0.02430233359336853,-0.0115736722946167,5,5,0,-12,6,5,0.023316817254444733
g16570.t2,M1VFI3,0.9822,68.5,1,140,1.9359775330655178,79,0,61,19369.275390625,0.14564301073551178,0.228859081864357,0.5979430079460144,0.5170773863792419,0.08086562156677246,114,8,0,29,19,22,6,16,0.32142857142857145,0.058440085500478745,0.0,0.001499225734733045,0.19767192006111145,0.010797359049320221,0.039495501667261124,0.3194054663181305,0.06007983535528183,0.0262807197868824,0.009477942250669003,0.055190980434417725,0.025674641132354736,0.027554867789149284,0.06629909574985504,0.020489418879151344,0.00033316126791760325,0.021746035665273666,0.0505683533847332,0.0024987095966935158,0.006496644578874111,1,151,1.9178271796437594,83,0,68,19301.345703125,0.12641717493534088,0.25836241245269775,0.6058972477912903,0.5435329079627991,0.06236431002616882,111,6,1,67,19,28,7,21,0.2847682119205298,0.0317639522254467,0.0,0.0013373352121561766,0.2871191203594208,0.020784668624401093,0.09798649698495865,0.2564137876033783,0.06141571328043938,0.035601694136857986,0.014555098488926888,0.03332457318902016,0.029039738699793816,0.00932321697473526,0.03289705514907837,0.02256753295660019,0.00033433380303904414,0.01999899558722973,0.031856466084718704,0.0046806735917925835,0.008999546989798546,-11,0.018150353421758414,-4,0,-7,67.9296875,0.0192258358001709,-0.02950333058834076,-0.007954239845275879,3,2,-1,-38,0,-5,0.03666035950804164
g16485.t1,M1VA82,0.9818,55.3,1,104,2.114236623803046,10,32,62,20260.8828125,0.15742559731006622,0.3080880045890808,0.4799848198890686,0.465045303106308,0.014939459972083569,46,4,6,3,26,25,1,24,0.4519230769230769,0.10214176774024963,0.0012631082208827138,0.02420600689947605,0.17397283017635345,0.02024967037141323,0.04711869731545448,0.2910725176334381,0.09016833454370499,0.018313752487301826,0.047146398574113846,0.0,0.014939459972083569,0.054501622915267944,0.011625251732766628,0.010192002169787884,0.09005876630544662,,0.0,0.0027072506491094828,0.0003225702967029065,1,104,2.0820620098371116,10,35,59,20455.92578125,0.18691976368427277,0.21932639181613922,0.560544490814209,0.546923041343689,0.013621466234326363,50,7,11,0,25,26,3,23,0.3942307692307692,0.005983013194054365,0.0013872201088815928,0.00709792273119092,0.14912040531635284,0.032774824649095535,0.034299273043870926,0.3978026509284973,0.13037078082561493,0.04550482705235481,,0.010190928354859352,0.0034305390436202288,0.03320937976241112,0.00015773161430843174,0.024763863533735275,0.017192745581269264,,0.014511308632791042,0.09127428382635117,0.0009283923427574337,0,0.03217461396593446,0,-3,3,-195.04296875,-0.029494166374206543,0.08876161277294159,-0.08055967092514038,-4,-3,-5,3,1,1,0.05769230769230771
g11900.t1,M1V4H1,0.9818,57.1,1,357,1.9132011353182052,162,52,143,22064.43359375,0.18525250256061554,0.27249544858932495,0.5162443518638611,0.34969714283943176,0.1665472388267517,360,52,4,131,1,24,16,8,0.18207282913165265,0.023030994459986687,0.0,0.008773974142968655,0.06429381668567657,0.06261204928159714,0.09233701229095459,0.285403311252594,0.015662673860788345,0.03547654673457146,0.0476655550301075,0.1145615428686142,0.05198569595813751,0.02600768208503723,0.0,0.07442254573106766,0.0021934935357421637,0.0,0.031187156215310097,0.00014623290917370468,0.06423971056938171,1,360,1.913233370203055,159,58,143,22032.6484375,0.25336506962776184,0.22483067214488983,0.5164666175842285,0.2525554299354553,0.2639111280441284,352,36,3,139,-1,20,21,-1,0.16666666666666666,0.016294416040182114,0.0,0.005824367981404066,0.041720762848854065,0.02503141015768051,0.08474113047122955,0.21083466708660126,0.00545469019562006,0.06916018575429916,0.06213364005088806,0.18182840943336487,0.08208273351192474,0.005337660666555166,0.0,0.10512285679578781,0.0,0.0,0.031175391748547554,0.0030753212049603462,0.07018234580755234,-3,-3.22348848498244e-05,3,-6,0,31.78515625,-0.0681125670671463,0.04766477644443512,-0.00022226572036743164,8,16,1,-8,2,9,0.015406162464985995
g8749.t1,M1UUR5,0.981,61.9,1,172,1.4744341612294183,23,56,93,15771.875,0.20759722590446472,0.13824602961540222,0.6541568040847778,0.49790364503860474,0.1562531292438507,164,21,6,144,4,22,10,12,0.2441860465116279,0.010493364185094833,0.0,0.0256040021777153,0.1386576145887375,0.023813478648662567,0.0,0.35924601554870605,0.003445143112912774,0.005932702217251062,0.08258930593729019,0.08307071775197983,0.07318239659070969,0.0,0.029203053563833237,0.05049761012196541,0.004807214718312025,0.014320316724479198,0.0179047379642725,0.004091519396752119,0.07314082235097885,1,168,1.45091122283757,27,51,90,15570.572265625,0.21232080459594727,0.20523113012313843,0.5824480652809143,0.4866611957550049,0.09578684717416763,156,16,6,163,2,17,9,8,0.25595238095238093,0.039252545684576035,0.0,0.03263092413544655,0.20209668576717377,0.019520621746778488,0.0277475006878376,0.2845645248889923,0.022915171459317207,0.03574396297335625,0.027282094582915306,0.05946439504623413,0.0363224558532238,0.0,0.0,0.06109706312417984,0.0032399434130638838,0.009117714129388332,0.06851319968700409,0.0016577662900090218,0.06883343309164047,4,0.02352293839184827,-4,5,3,201.302734375,-0.004723578691482544,-0.0669851005077362,0.07170873880386353,8,5,0,-19,2,4,-0.011766334440753035
g16504.t1,M1UWK2,0.9795,74.5,1,137,3.0471079050608516,57,0,80,29588.169921875,0.2448669970035553,0.2675378620624542,0.477003812789917,0.37585127353668213,0.10115255415439606,85,3,0,0,13,21,8,13,0.45985401459854014,0.02146695740520954,,0.014168849214911461,0.14369218051433563,0.03768236190080643,0.094229556620121,0.2321590781211853,0.056048549711704254,0.059351544827222824,0.0018185707740485668,0.07418233156204224,0.02697022631764412,0.010591362603008747,0.008287686854600906,0.0730426162481308,0.017769936472177505,,0.0562918484210968,0.000981436693109572,0.07126492261886597,1,121,2.518082396092243,63,0,58,25452.12890625,0.1926836222410202,0.229462131857872,0.5373744368553162,0.4024238884449005,0.13495053350925446,88,6,0,0,11,18,7,11,0.4214876033057851,0.01120731607079506,,0.02002953365445137,0.10237131267786026,0.01841435395181179,0.12029964476823807,0.30005255341529846,0.03032515197992325,0.040770553052425385,0.0012435844400897622,0.12974762916564941,0.005202921107411385,0.04047976806759834,0.015298612415790558,0.01888861134648323,0.0039298455230891705,,0.04797208681702614,0.013817843981087208,0.07994863390922546,16,0.5290255089686084,-6,0,22,4136.041015625,0.052183374762535095,0.038075730204582214,-0.06037062406539917,-3,-3,0,0,2,2,0.03836641129275503
g8345.t1,M1VB01,0.9794,64.0,1,100,2.8975981520966276,40,9,51,23015.90234375,0.2805209755897522,0.23268592357635498,0.46861183643341064,0.44915905594825745,0.019452810287475586,66,1,10,29,29,25,1,24,0.53,0.005585134960711002,0.0,0.11047805100679398,0.19600850343704224,0.00294394139200449,0.042623370885849,0.2531505525112152,0.06414492428302765,0.015420645475387573,0.055828757584095,0.019452810287475586,,0.018181215971708298,0.0,0.031121665611863136,0.006448633968830109,0.02476898953318596,0.06155981868505478,0.009813138283789158,0.0824698731303215,1,106,3.305472293665673,18,9,79,27301.212890625,0.23371478915214539,0.30345863103866577,0.4410322308540344,0.347486287355423,0.09354597330093384,49,2,6,42,24,20,4,16,0.5377358490566038,0.10589936375617981,0.0,0.028954897075891495,0.1944940835237503,0.014057678170502186,0.08034422993659973,0.15299217402935028,0.016389010474085808,0.04022504761815071,0.021930351853370667,0.09354597330093384,,0.021794242784380913,0.023873018100857735,0.034036774188280106,0.010400126688182354,0.0222818274050951,0.06483801454305649,0.03226402774453163,0.04167907312512398,-6,-0.40787414156904545,22,0,-28,-4285.310546875,0.04680618643760681,-0.07077270746231079,0.02757960557937622,17,-1,4,-13,5,8,-0.0077358490566037386
g10564.t1,M1V9Z0,0.9789,61.2,1,216,1.9539862031752204,89,52,75,21133.625,0.13286033272743225,0.1903979778289795,0.6272935271263123,0.5261198878288269,0.10117363929748535,162,13,2,94,19,31,10,21,0.24537037037037038,0.03187601640820503,0.00046387393376789987,0.007633678615093231,0.08942732959985733,0.0051804594695568085,0.10983113944530487,0.43669259548187256,0.0055584232322871685,0.024045372381806374,0.033213190734386444,0.06698759645223618,0.034186046570539474,0.049448173493146896,0.0,0.011297845281660557,0.026100222021341324,0.0,0.004274860490113497,0.0015267357230186462,0.06225648894906044,1,218,1.9669651395230383,90,51,77,20889.650390625,0.15529786050319672,0.26484015583992004,0.5798618793487549,0.46863263845443726,0.11122924834489822,167,13,0,102,18,30,10,20,0.24770642201834864,0.025305762887001038,0.0006257222266867757,0.006023811176419258,0.1388798952102661,0.004324787762016058,0.09720424562692642,0.32975277304649353,0.014377590268850327,0.06047210842370987,0.08030911535024643,0.09400501102209091,0.017224231734871864,0.0,0.0,0.015291210263967514,0.014210015535354614,0.0,0.04269294813275337,0.007259464357048273,0.052041251212358475,-2,-0.012978936347817882,-1,1,-2,243.974609375,-0.022437527775764465,-0.07444217801094055,0.04743164777755737,-5,0,2,-8,1,1,-0.00233605164797826
g7573.t2,M1V7H2,0.9765,59.5,1,297,2.7195429221342686,128,31,138,34608.01953125,0.16389073431491852,0.3022613823413849,0.5317035913467407,0.35679081082344055,0.17491279542446136,232,32,0,187,34,43,17,26,0.26936026936026936,0.02716919407248497,0.0,0.013586243614554405,0.06630261242389679,0.004455966409295797,0.1326453685760498,0.29048821330070496,0.04757744073867798,0.015340633690357208,0.08836228400468826,0.13908034563064575,0.035832442343235016,0.0021443169098347425,0.011467433534562588,0.013518519699573517,0.03519462049007416,,0.002051085699349642,0.03658458590507507,0.03819870203733444,1,298,2.7549652237829836,136,31,131,34512.4765625,0.18699730932712555,0.1969529241323471,0.6063694953918457,0.37481266260147095,0.23155680298805237,243,39,0,144,22,37,22,15,0.27181208053691275,0.0437043271958828,0.0,0.011560698971152306,0.2277437001466751,0.01821916550397873,0.051966581493616104,0.14706897735595703,0.025691324844956398,0.029636099934577942,0.01614120602607727,0.19797731935977936,0.03357948735356331,0.009680215269327164,0.005330726969987154,0.006263780873268843,0.05645656958222389,,0.04123031347990036,0.01849382370710373,0.05925562232732773,-1,-0.03542230164871496,-8,0,7,95.54296875,-0.02310657501220703,0.10530845820903778,-0.07466590404510498,-11,-7,0,43,12,11,-0.0024518111766433925
g16757.t1,M1V590,0.9752,66.8,1,197,2.4973801951512273,97,10,90,28808.484375,0.15957318246364594,0.19550150632858276,0.6088588833808899,0.4035293757915497,0.2053295075893402,152,15,0,39,19,30,17,13,0.3299492385786802,0.08555056154727936,,0.05225507169961929,0.15276320278644562,0.011800489388406277,0.015460323542356491,0.2507661283016205,0.04755733162164688,0.0024639968760311604,0.008345458656549454,0.15148918330669403,0.053840335458517075,0.0360664464533329,0.004367995075881481,0.029567964375019073,0.007478105835616589,0.0,0.02678734064102173,0.024466685950756073,0.0389733612537384,1,193,2.2392546520622827,98,10,85,25992.25390625,0.17076975107192993,0.19304220378398895,0.6300662159919739,0.41621676087379456,0.21384947001934052,155,19,0,39,17,27,15,12,0.30569948186528495,0.030295854434370995,0.0,0.020614497363567352,0.20171210169792175,0.03971497714519501,0.02125142700970173,0.214504674077034,0.05162929743528366,0.01815161108970642,0.009025982581079006,0.13089922070503235,0.08295025676488876,0.0061217620968818665,0.006703285034745932,0.0053378017619252205,0.005213666241616011,0.0,0.04112466797232628,0.041759882122278214,0.07298900932073593,4,0.25812554308894464,-1,0,5,2816.23046875,-0.011196568608283997,0.002459302544593811,-0.021207332611083984,-3,-4,0,0,2,1,0.024249756713395243
g9632.t1,M1V6U4,0.9738,52.0,1,149,1.610963471187802,53,27,69,16667.53515625,0.21633310616016388,0.19649150967597961,0.5654603242874146,0.32735496759414673,0.2381054013967514,126,8,1,119,1,16,13,3,0.28187919463087246,0.05803646892309189,0.0058816964738070965,0.04083270952105522,0.1302105337381363,0.0005697040469385684,0.08182589709758759,0.19714440405368805,0.009339910000562668,0.05168657377362251,0.03870841860771179,0.15081267058849335,0.08729271590709686,0.021715018898248672,0.0,0.019551850855350494,0.005789827089756727,0.0,0.0021294094622135162,0.0,0.09847215563058853,1,147,1.583028623854914,54,31,62,15835.9306640625,0.21717534959316254,0.17218764126300812,0.5761935114860535,0.30617040395736694,0.2700231373310089,130,17,3,183,-1,14,12,2,0.2925170068027211,0.013164042495191097,0.0,0.01976359821856022,0.08279215544462204,0.023731090128421783,0.03514080122113228,0.2233782410621643,0.002829252276569605,0.04013844579458237,0.045516517013311386,0.04338720813393593,0.2266359180212021,0.034443505108356476,0.008557434193789959,0.031955987215042114,0.015484881587326527,0.0,0.051805928349494934,0.030154768377542496,0.0711202472448349,2,0.02793484733288798,-1,-4,7,831.6044921875,-0.0008422434329986572,0.024303868412971497,-0.010733187198638916,-4,-9,-2,-64,2,1,-0.010637812171848615
g126.t2,M1V821,0.9731,74.5,1,208,2.2003923981262967,51,59,98,24601.044921875,0.2603777050971985,0.06380213052034378,0.6378771066665649,0.5460005402565002,0.0918765738606453,157,21,9,86,27,32,10,22,0.2403846153846154,0.0027034194208681583,0.006571150850504637,0.09591658413410187,0.31060707569122314,0.006946217734366655,0.01762552373111248,0.2353934943675995,0.01858130469918251,0.04886312782764435,0.009407195262610912,0.04443170130252838,0.047444865107536316,0.0379430428147316,0.03193898871541023,0.020329002290964127,0.006253570783883333,0.0034100261982530355,0.0019673227798193693,0.00813160091638565,0.04553479328751564,1,214,2.306825470045113,47,56,111,26383.1015625,0.20818065106868744,0.20187507569789886,0.556878387928009,0.4562409222126007,0.10063746571540833,151,29,3,99,22,30,12,18,0.2897196261682243,0.011620519682765007,0.01659708097577095,0.025682147592306137,0.2962949275970459,0.01525770965963602,0.09596703201532364,0.1599460244178772,0.030822619795799255,0.07602618634700775,0.00011950777843594551,0.06442661583423615,0.03621085733175278,0.03306584805250168,0.013880398124456406,0.03473204746842384,0.015403712168335915,0.0,0.03149062767624855,0.003179694525897503,0.039276447147130966,-6,-0.10643307191881624,4,3,-13,-1782.056640625,0.05219705402851105,-0.13807294517755508,0.08099871873855591,6,-8,6,-13,5,4,-0.049335010783608885
g5966.t1,M1UVA7,0.9725,66.9,1,250,2.0607518638818925,206,0,44,24794.93359375,0.11648157984018326,0.26064392924308777,0.6228744387626648,0.26398032903671265,0.35889410972595215,269,45,0,271,-12,18,25,-7,0.236,0.013505926355719566,0.0,0.0051784696988761425,0.04177522659301758,0.00814177468419075,0.09013631194829941,0.22220511734485626,0.026775330305099487,0.03115091845393181,0.05532991141080856,0.23743614554405212,0.12145798653364182,0.0,0.013143054209649563,0.010469267144799232,0.00013012925046496093,0.0,0.06675466895103455,0.00026025850092992187,0.05614948272705078,1,261,2.186611240405715,213,0,48,26369.5546875,0.13584494590759277,0.23053786158561707,0.6224183440208435,0.2663154602050781,0.35610291361808777,285,43,0,241,-17,20,30,-10,0.26053639846743293,0.012914237566292286,0.0,0.006587846204638481,0.08251310139894485,0.014331947080790997,0.0478522889316082,0.18380236625671387,0.03056545928120613,0.09639293700456619,0.060311488807201385,0.2724120318889618,0.0836908221244812,0.011198834516108036,0.01615135744214058,0.005506144370883703,0.0,0.0,0.06456243246793747,0.0,0.011206653900444508,-11,-0.1258593765238225,-7,0,-4,-1574.62109375,-0.019363366067409515,0.030106067657470703,0.00045609474182128906,-16,2,0,30,5,3,-0.02453639846743294
g7573.t1,M1V7H2,0.9718,63.3,1,224,2.3156935645587446,90,31,103,28181.84765625,0.2388809472322464,0.19548720121383667,0.5534380078315735,0.35842254757881165,0.19501544535160065,178,23,1,136,17,26,15,11,0.27232142857142855,0.023083828389644623,0.007536967284977436,0.0017926907166838646,0.13468128442764282,0.010480896569788456,0.024010302498936653,0.2237412929534912,0.05140846222639084,0.04516928270459175,0.0638958066701889,0.13354596495628357,0.06146948039531708,0.012193845584988594,0.03788546472787857,0.04024835675954819,0.023236295208334923,,0.01507094781845808,0.03246041014790535,0.05808843672275543,1,298,2.7549652237829836,136,31,131,34512.4765625,0.18699730932712555,0.1969529241323471,0.6063694953918457,0.37481266260147095,0.23155680298805237,243,39,0,144,22,37,22,15,0.27181208053691275,0.0437043271958828,0.0,0.011560698971152306,0.2277437001466751,0.01821916550397873,0.051966581493616104,0.14706897735595703,0.025691324844956398,0.029636099934577942,0.01614120602607727,0.19797731935977936,0.03357948735356331,0.009680215269327164,0.005330726969987154,0.006263780873268843,0.05645656958222389,,0.04123031347990036,0.01849382370710373,0.05925562232732773,-74,-0.43927165922423894,-46,0,-28,-6330.62890625,0.05188363790512085,-0.001465722918510437,-0.05293148756027222,-65,-16,1,-8,-5,-4,0.0005093480345157997
g4461.t1,M1V650,0.9714,51.8,1,123,1.7773531368753184,32,32,59,20167.03515625,0.21221457421779633,0.09973690658807755,0.656088650226593,0.47049060463905334,0.18559804558753967,82,7,0,16,19,23,10,13,0.34146341463414637,0.013292848132550716,,0.0,0.1448695957660675,0.016434812918305397,0.026984866708517075,0.32562100887298584,0.0,0.03162252530455589,0.00925996620208025,0.13838227093219757,0.04721575602889061,0.03195984289050102,0.0030398310627788305,0.051197152584791183,0.03167823702096939,0.006072367075830698,0.03376441448926926,0.00799955427646637,0.08060489594936371,1,117,1.603922317983018,36,32,49,17073.923828125,0.16325198113918304,0.22645123302936554,0.5780158638954163,0.471733421087265,0.10628248006105423,88,6,0,14,15,21,6,15,0.3418803418803419,0.05379892885684967,,0.0007559003424830735,0.21426643431186676,0.00545873586088419,0.054291728883981705,0.25746697187423706,0.0012926672352477908,0.032250113785266876,0.02221221663057804,0.05004468187689781,0.056237779557704926,0.032280903309583664,0.0007559003424830735,0.006803102791309357,0.05064532533288002,0.007936953566968441,0.08939694613218307,0.010393629781901836,0.053711049258708954,6,0.1734308188923004,-4,0,10,3093.111328125,0.04896259307861328,-0.126714326441288,0.07807278633117676,-6,1,0,2,4,-2,-0.0004169272461955198
g18969.t1,M1UV99,0.9687,39.8,1,126,1.32123851641507,45,42,39,13880.615234375,0.08982028067111969,0.44470158219337463,0.4520623981952667,0.2767864465713501,0.17527595162391663,121,10,6,78,1,11,7,4,0.29365079365079366,0.06901275366544724,0.0,0.007527756970375776,0.04176563024520874,0.0483526736497879,0.22217537462711334,0.23502080142498016,0.01806146278977394,0.0,0.03094257041811943,0.09821902215480804,0.07705695182085037,0.013415781781077385,0.01324433833360672,0.009530441835522652,0.00936085730791092,0.006437892094254494,0.05615673214197159,0.0,0.04371898993849754,1,197,2.8136218266087814,44,41,112,32538.34375,0.3218933343887329,0.22896495461463928,0.42758944630622864,0.31666699051856995,0.11092245578765869,130,12,2,98,5,21,15,6,0.41116751269035534,0.057158421725034714,0.024268435314297676,0.055881477892398834,0.16549792885780334,0.03269456326961517,0.03536016494035721,0.151169091463089,0.0023278759326785803,0.01683708466589451,0.017385337501764297,0.04153677076101303,0.06938567757606506,0.021552342921495438,0.017400400713086128,0.049936629831790924,0.056751325726509094,0.0,0.0597701333463192,0.04581254720687866,0.07927387207746506,-71,-1.4923833101937114,1,1,-73,-18657.728515625,-0.23207305371761322,0.21573662757873535,0.024472951889038086,-9,-2,4,-20,-4,-2,-0.11751671903956168
g16310.t1,M1UWH1,0.967,48.5,1,435,2.320556812092378,166,89,180,30792.310546875,0.1490073800086975,0.3049319386482239,0.5047375559806824,0.28843241930007935,0.21630510687828064,403,44,11,74,4,24,17,7,0.18620689655172415,0.021403977647423744,0.0,0.013621940277516842,0.08392966538667679,0.021323151886463165,0.15040434896945953,0.20450274646282196,0.03864015266299248,0.016748085618019104,0.02434893697500229,0.16144688427448273,0.05485822260379791,0.04132314398884773,0.008592300117015839,0.041468244045972824,0.014326762408018112,0.009568474255502224,0.048811379820108414,0.004381823353469372,0.04029974713921547,1,1145,3.548142455661586,555,178,412,49948.09765625,0.18316558003425598,0.24158519506454468,0.5471481084823608,0.3435371220111847,0.20361104607582092,1087,142,32,424,5,52,39,13,0.11528384279475982,0.04411270469427109,0.005381887312978506,0.016604222357273102,0.2295231968164444,0.013489034958183765,0.07550889253616333,0.11401389539241791,0.0017043815460056067,0.06928128749132156,0.05807791277766228,0.1415909379720688,0.062020111829042435,0.02810104936361313,0.0016795473638921976,0.06061479449272156,0.008879176340997219,0.0,0.04331035912036896,0.0,0.02610655128955841,-710,-1.227585643569208,-389,-89,-232,-19155.787109375,-0.03415820002555847,0.0633467435836792,-0.04241055250167847,-684,-98,-21,-350,-1,-6,0.07092305375696432
g17716.t1,M1V7P2,0.9669,45.0,1,490,2.5769988170073503,158,83,249,33585.7890625,0.33615508675575256,0.25140219926834106,0.39498451352119446,0.270121693611145,0.12486279010772705,485,74,0,701,3,27,25,2,0.17551020408163265,0.040362417697906494,0.0,0.0720457062125206,0.17039214074611664,0.029904361814260483,0.060495421290397644,0.09972955286502838,0.012294313870370388,0.015814118087291718,0.08887247741222382,0.06805063039064407,0.05681217089295387,0.01745818555355072,0.003650614060461521,0.0684879869222641,0.06019948795437813,0.013353561982512474,0.019473189488053322,0.07326982170343399,0.02933381125330925,1,496,2.58927811259273,156,79,261,33592.3359375,0.2642471492290497,0.20917871594429016,0.5090270042419434,0.33005276322364807,0.1789742410182953,466,91,3,406,-6,23,30,-7,0.18346774193548387,0.0005631616222672164,0.001880622818134725,0.021032776683568954,0.24828846752643585,0.015402145683765411,0.08885952830314636,0.08176428824663162,0.029588785022497177,0.022475717589259148,0.04509406164288521,0.11778958141803741,0.061184659600257874,0.017547180876135826,0.0001921001385198906,0.10408294200897217,0.04389896243810654,0.0,0.027790416032075882,0.010949707590043545,0.06161493435502052,-6,-0.012279295585379657,2,4,-12,-6.546875,0.07190793752670288,0.0422234833240509,-0.1140424907207489,19,-17,-3,295,9,9,-0.007957537853851226
g13230.t2,M1VK46,0.9667,60.9,1,664,3.112250189716827,257,172,235,43306.078125,0.14197281002998352,0.23163534700870514,0.5955191254615784,0.31732073426246643,0.2781984508037567,610,91,0,275,-16,46,44,2,0.17620481927710843,0.027041207998991013,0.0,0.011394263245165348,0.10222001373767853,0.047905333340168,0.04241646081209183,0.2151007056236267,0.03483595326542854,0.02624952606856823,0.050241317600011826,0.22285126149654388,0.05534714087843895,0.030872728675603867,0.006630999967455864,0.04040049761533737,0.00886616948992014,0.012516943737864494,0.02919507771730423,0.006705505773425102,0.029208898544311523,1,661,3.0367134541528356,260,169,232,40322.0703125,0.24846623837947845,0.2830963134765625,0.468437522649765,0.24816159904003143,0.2202759087085724,608,81,2,256,-14,35,36,-1,0.19818456883509833,0.025405269116163254,0.0,0.0038318075239658356,0.07328584790229797,0.044922903180122375,0.08191373199224472,0.17487575113773346,0.01818893291056156,0.07895960658788681,0.06219742074608803,0.1367560774087906,0.0835198387503624,0.0,0.005521335639059544,0.08001885563135147,0.015443735755980015,8.001935930224136e-05,0.05046806484460831,0.0,0.06461086869239807,3,0.07553673556399154,-3,3,3,2984.0078125,-0.10649342834949493,-0.05146096646785736,0.12708160281181335,2,10,-2,19,-2,3,-0.021979749557989897
g14037.t1,M1V6D3,0.9662,47.1,1,192,1.8702556126109449,89,44,59,21508.3984375,0.18113695085048676,0.2142724245786667,0.5797368884086609,0.4978347718715668,0.08190210163593292,148,25,0,27,19,28,8,20,0.2552083333333333,0.06426101922988892,0.0,0.0,0.15440848469734192,0.07225237786769867,0.03135496750473976,0.34342631697654724,0.01397812832146883,0.0013501198263838887,0.011755354702472687,0.04575077444314957,0.036151330918073654,0.02485371194779873,0.0,0.016801491379737854,0.07895737141370773,,0.020670589059591293,0.02129163034260273,0.06273633986711502,1,200,1.9615423350783316,89,45,66,23256.41796875,0.17924581468105316,0.27282387018203735,0.5381457805633545,0.40544286370277405,0.13270293176174164,147,26,0,22,11,26,11,15,0.255,0.02651028335094452,,0.017342235893011093,0.2741788625717163,0.06422659754753113,0.06080028414726257,0.13126401603221893,0.014024743810296059,0.019562041386961937,0.05402228981256485,0.07215429842472076,0.060548633337020874,0.00978443119674921,0.0,0.00416213646531105,0.06326503306627274,0.0,0.05323968082666397,0.0,0.07491438835859299,-8,-0.09128672246738678,0,-1,-7,-1748.01953125,0.0018911361694335938,-0.058551445603370667,0.041591107845306396,1,-1,0,5,8,5,0.0002083333333333104
g8272.t1,M1URI4,0.9657,49.0,1,105,1.2689113732412907,42,29,34,12866.880859375,0.22228989005088806,0.17020253837108612,0.606504499912262,0.36402755975723267,0.24247688055038452,94,11,1,102,-2,14,12,2,0.3523809523809524,0.0,0.0,0.0,,0.01902945339679718,0.015299538150429726,0.36402755975723267,0.0,0.013671944849193096,0.04145314171910286,0.22845207154750824,0.014024828560650349,0.0010030546691268682,0.005636072717607021,0.0599096454679966,0.0,0.04448729380965233,0.0944204181432724,0.031094692647457123,0.06749023497104645,1,105,1.265526463645931,42,29,34,12897.736328125,0.23465102910995483,0.2162352055311203,0.5491138100624084,0.3409493863582611,0.20816440880298615,100,17,3,52,-2,13,10,3,0.3523809523809524,0.026527198031544685,0.0,0.0,0.15840719640254974,0.028159355744719505,0.1157592386007309,0.18254214525222778,0.0,0.07275616377592087,0.022086577489972115,0.14995431900024414,0.0582100935280323,0.0,0.003666906151920557,0.023765558376908302,0.019262610003352165,0.04169844835996628,0.023702824488282204,0.02976948954164982,0.043731849640607834,0,0.003384909595359753,0,0,0,-30.85546875,-0.012361139059066772,-0.04603266716003418,0.057390689849853516,-6,-6,-2,50,0,-1,0.0
g6397.t1,M1V626,0.9651,54.7,1,173,5.488487289593995,97,12,64,35389.3203125,0.1429259479045868,0.3427773714065552,0.5122960209846497,0.5017601251602173,0.01053598988801241,127,6,6,13,39,40,3,37,0.5953757225433526,0.013619238510727882,0.0013364141341298819,0.011031919158995152,0.22750526666641235,0.010975854471325874,0.270498126745224,0.27425476908683777,0.034266818314790726,0.021373089402914047,0.006797023117542267,0.006081275176256895,0.0044547137804329395,0.002000601962208748,0.0043762982822954655,0.03714212402701378,0.015681734308600426,,0.005283869802951813,0.010758399963378906,0.04256238415837288,1,143,4.0621875852670115,62,12,69,29827.6875,0.22922897338867188,0.18457743525505066,0.5861935615539551,0.5454915761947632,0.040702011436223984,99,9,1,0,33,38,7,31,0.5244755244755245,0.04069136828184128,0.0,0.017091311514377594,0.27237123250961304,0.0192224383354187,0.033195819705724716,0.27312037348747253,0.04131259769201279,0.0594807043671608,0.015810836106538773,0.03277153894305229,0.007930466905236244,0.0,0.015576891601085663,0.048458296805620193,0.02087736316025257,,0.034344375133514404,0.011141804978251457,0.0566025972366333,30,1.4262997043269836,35,0,-5,5561.6328125,-0.08630302548408508,0.15819993615150452,-0.07389754056930542,28,-3,5,13,6,6,0.0709001980678281
g16599.t1,M1VDN9,0.9644,63.8,1,111,1.370954604937526,55,20,36,14863.111328125,0.23938480019569397,0.23204532265663147,0.5285698771476746,0.47354772686958313,0.05502215027809143,104,7,3,49,11,17,5,12,0.24324324324324326,0.032275572419166565,0.0,0.05492229387164116,0.12836645543575287,0.001060674898326397,0.06962050497531891,0.34518125653266907,0.11401324719190598,0.027786774560809135,0.01138492114841938,0.013808570802211761,0.04121357575058937,0.0,0.02018882893025875,0.005210020113736391,0.0,,0.0036904311273247004,0.010854208841919899,0.12042268365621567,1,119,1.4503338272688284,59,20,40,16209.052734375,0.31423595547676086,0.14518895745277405,0.5403760075569153,0.48197460174560547,0.058401402086019516,107,7,3,53,11,17,5,12,0.2605042016806723,0.012110164389014244,0.0,0.04777398705482483,0.23511777818202972,0.00019452004926279187,0.010142916813492775,0.24685683846473694,0.1084137037396431,0.039304621517658234,0.004573801998049021,0.027630925178527832,0.030770475044846535,0.0001990582823054865,0.021498296409845352,0.003777569392696023,0.057257600128650665,,0.009753855876624584,0.008360447362065315,0.13626344501972198,-8,-0.07937922233130235,-4,0,-4,-1345.94140625,-0.0748511552810669,0.08685636520385742,-0.011806130409240723,-3,0,0,-4,0,0,-0.01726095843742903
g9539.t1,M1VIR6,0.9639,69.1,1,202,1.8343617880113237,107,16,79,21400.287109375,0.2422642707824707,0.2093578577041626,0.5368098616600037,0.4707939624786377,0.06601585447788239,171,16,0,41,17,25,9,16,0.2376237623762376,0.05053596943616867,0.0,0.019716648384928703,0.263619065284729,0.037671223282814026,0.049073342233896255,0.2071748822927475,0.007397626992315054,0.04040667414665222,0.063624307513237,0.027993427589535713,0.03802243620157242,0.011568048037588596,0.10553981363773346,0.0,0.004372363910079002,0.0,0.0010553982574492693,0.003316965652629733,0.06891179084777832,1,197,1.8647696215645628,101,16,80,22336.2109375,0.2686917185783386,0.1827029287815094,0.5371589660644531,0.4083351492881775,0.12882380187511444,165,12,2,18,11,22,9,13,0.22842639593908629,0.03882940858602524,0.0,0.023677216842770576,0.3152815103530884,0.032753836363554,0.038653768599033356,0.09305369108915329,0.003581700148060918,0.057915546000003815,0.03496771305799484,0.0704488605260849,0.05837494134902954,0.01144640613347292,0.03466886281967163,0.009100576862692833,0.05416351184248924,0.0,0.03391650319099426,0.0049114227294921875,0.08425458520650864,5,-0.030407833553239172,6,0,-1,-935.923828125,-0.02642744779586792,0.026654928922653198,-0.0003491044044494629,6,4,-2,23,6,3,0.009197366437151328
g4337.t1,M1VGR2,0.9633,53.2,1,204,2.2264776515908244,110,21,73,24002.69140625,0.23583896458148956,0.2030280977487564,0.531929075717926,0.5182676911354065,0.013661406002938747,167,13,3,77,33,32,2,30,0.3235294117647059,0.03479096665978432,0.0,0.061016395688056946,0.22880634665489197,0.004374710377305746,0.0436449758708477,0.28946131467819214,0.014321270398795605,0.029951272532343864,0.06775073707103729,0.00013135967310518026,0.013530046679079533,0.029203837737441063,0.01908825896680355,0.01850765384733677,0.05269434303045273,0.0,0.03814544528722763,0.007124491035938263,0.04745655506849289,1,203,2.2223072985414554,109,21,73,23791.001953125,0.26494815945625305,0.14913156628608704,0.5808647274971008,0.4926343560218811,0.08823040127754211,179,17,1,58,24,29,8,21,0.3251231527093596,0.05282140150666237,0.008160548284649849,0.048000361770391464,0.2474116086959839,0.011008013039827347,0.043619103729724884,0.24522274732589722,0.0017228705110028386,0.07243241369724274,0.00824805162847042,0.05806603655219078,0.030164361000061035,0.005055571440607309,0.03051459789276123,0.04182323440909386,0.011256497353315353,0.0025767881888896227,0.0235515795648098,0.020271949470043182,0.03807227686047554,1,0.00417035304936908,1,0,0,211.689453125,-0.02910919487476349,0.05389653146266937,-0.048935651779174805,-12,-4,2,19,9,9,-0.0015937409446536988
g11518.t1,M1UNT0,0.961,42.9,1,504,2.747106705455714,140,150,214,39000.6640625,0.17374926805496216,0.16099058091640472,0.6454048156738281,0.5154024362564087,0.13000236451625824,432,44,12,266,12,41,25,16,0.19246031746031747,0.02609654888510704,0.0005865145358256996,0.03680943697690964,0.10403674840927124,0.03824875131249428,0.032898642122745514,0.4113657474517822,0.0008178747957572341,0.03726432844996452,0.022455858066678047,0.11050163954496384,0.019500738009810448,0.019855313003063202,0.0004963832907378674,0.03959749639034271,0.0005791138391941786,0.0,0.03988640755414963,0.024240046739578247,0.034762486815452576,1,478,2.6154140560684858,120,159,199,36582.48828125,0.2210160791873932,0.20635786652565002,0.5424513220787048,0.3340632915496826,0.20838800072669983,429,69,6,130,-2,35,30,5,0.1903765690376569,0.06392785906791687,0.0,0.015434859320521355,0.16512855887413025,0.012866753153502941,0.10046786069869995,0.16893474757671356,0.0,0.041429221630096436,0.014316135086119175,0.14831843972206116,0.06006956472992897,0.030174756422638893,0.0031751710921525955,0.02237042225897312,0.06072336062788963,0.0,0.014779260382056236,0.00026459762011654675,0.07761844992637634,26,0.13169264938722813,20,-9,15,2418.17578125,-0.04726681113243103,-0.0453672856092453,0.10295349359512329,3,-25,6,136,14,11,0.0020837484226605696
g10910.t1,A0A125YL44,0.9589,53.3,1,353,2.0973131337787545,97,98,158,24941.53515625,0.21020451188087463,0.0971151813864708,0.6702383756637573,0.4509773850440979,0.21926099061965942,322,27,18,158,-4,27,24,3,0.19830028328611898,0.002401886275038123,0.0,0.031441036611795425,0.1674344837665558,0.007179520092904568,0.011291055008769035,0.2835428714752197,0.0139326062053442,0.0049040489830076694,0.038695402443408966,0.11187265068292618,0.10738832503557205,0.022441957145929337,0.018628470599651337,0.050486691296100616,0.048811253160238266,0.0,0.02361469529569149,0.0023256095591932535,0.05360740050673485,1,340,2.021762335082811,110,92,138,22252.8984375,0.3475395441055298,0.1566413938999176,0.4789787828922272,0.20325063169002533,0.27572816610336304,328,27,1,109,-2,19,22,-3,0.2235294117647059,0.037934284657239914,0.0,0.06520736962556839,0.04449653625488281,0.016785841435194016,0.016187062487006187,0.15875409543514252,0.03061845526099205,0.056753359735012054,0.02430512011051178,0.15270502865314484,0.123023122549057,0.016840266063809395,0.02754894271492958,0.09531708061695099,0.02972385659813881,0.040308449417352676,0.030810633674263954,0.0028998886700719595,0.029780594632029533,13,0.07555079869594339,-13,6,20,2688.63671875,-0.13733503222465515,-0.05952621251344681,0.19125959277153015,-6,0,17,49,-2,6,-0.02522912847858691
g1192.t2,M1V4N4,0.9577,54.2,1,528,3.0033016049495105,275,88,165,35937.41015625,0.2050510048866272,0.22855666279792786,0.5490633249282837,0.34290486574172974,0.20615845918655396,482,72,4,98,1,40,29,11,0.19507575757575757,0.004246100317686796,0.0,0.026889681816101074,0.16088353097438812,0.02720293402671814,0.09464650601148605,0.1820213496685028,0.0018588202074170113,0.04218226671218872,0.06867659837007523,0.11097133904695511,0.09518713504076004,0.01732899621129036,0.00951693207025528,0.03644755482673645,0.035880204290151596,0.0,0.031925685703754425,0.0020649947691708803,0.052069373428821564,1,538,3.0250189107843286,286,85,167,36249.3203125,0.21300865709781647,0.2039259970188141,0.5569891929626465,0.33883967995643616,0.21814954280853271,464,63,17,106,-7,36,31,5,0.18401486988847585,0.044713735580444336,0.0,0.05625421926379204,0.2526652216911316,0.03899450972676277,0.05058237165212631,0.08617445826530457,0.005827696993947029,0.031864963471889496,0.041998524218797684,0.13703088462352753,0.0811186358332634,0.026076141744852066,0.0013351476518437266,0.02500973641872406,0.015319558791816235,,0.021809160709381104,0.050193436443805695,0.03303160145878792,-10,-0.021717305834818124,-11,3,-2,-311.91015625,-0.00795765221118927,0.02463066577911377,-0.007925868034362793,18,9,-13,-8,8,6,0.011060887687281723
g3004.t1,M1UT32,0.9573,56.2,1,110,1.6000043424900363,10,51,49,17625.23828125,0.15378043055534363,0.27052709460258484,0.5338677167892456,0.525459885597229,0.00840784888714552,75,2,0,59,24,20,2,18,0.3,0.060516759753227234,0.0,0.002929023699834943,0.22046642005443573,0.002363137435168028,0.05365437641739845,0.3049934506416321,0.058120232075452805,0.0,0.06873379647731781,0.0055456021800637245,0.0028622462414205074,0.041824761778116226,0.053826864808797836,0.026544276624917984,0.0050840554758906364,0.0,0.027138803154230118,0.0,0.06539620459079742,1,113,1.5833132750490115,7,60,46,17629.54296875,0.21632206439971924,0.25262364745140076,0.5310542583465576,0.4880225956439972,0.04303169995546341,74,0,3,66,22,20,3,17,0.36283185840707965,0.037371765822172165,0.0,0.003111327765509486,0.3888997435569763,0.03243560343980789,0.1067640483379364,0.09912282228469849,0.002325007226318121,0.0063013602048158646,0.007002013735473156,0.010551956482231617,0.03247974440455437,0.0,0.0034356405958533287,0.02068117819726467,0.08243090659379959,0.0,0.06672520935535431,0.0,0.1003616452217102,-3,0.016691067441024776,3,-9,3,-4.3046875,-0.06254163384437561,0.017903447151184082,0.0028134584426879883,1,2,-3,-7,2,1,-0.06283185840707967
g19156.t1,M1UQY3,0.957,56.0,1,381,2.062407351011316,109,136,136,24245.626953125,0.1352640837430954,0.20558859407901764,0.6202356219291687,0.3969697058200836,0.22326594591140747,374,49,0,518,-7,24,20,4,0.18635170603674542,0.028928134590387344,0.0,0.005722330417484045,0.09125346690416336,0.016576619818806648,0.06985730677843094,0.30571624636650085,0.01851775124669075,0.025189829990267754,0.05866719037294388,0.12986132502555847,0.09340459108352661,0.03891170024871826,0.0030607813969254494,0.06574025750160217,0.030395852401852608,0.0,0.013041590340435505,0.00026615490787662566,0.004888872150331736,1,390,2.1184727264386956,117,127,146,26088.013671875,0.24559924006462097,0.1960706114768982,0.49314799904823303,0.25296953320503235,0.24017848074436188,396,41,4,431,-11,22,22,0,0.18717948717948718,0.017162058502435684,0.016889525577425957,0.04984273761510849,0.16673074662685394,0.03160995990037918,0.06980548053979874,0.0862388014793396,0.009325924329459667,0.02372949756681919,0.004965999163687229,0.1713888794183731,0.06878960132598877,0.06518211960792542,0.0,0.05712290108203888,0.036892686039209366,0.0,0.04631165787577629,0.006802359130233526,0.07120905071496964,-9,-0.05606537542737966,-8,9,-10,-1842.38671875,-0.11033515632152557,0.009517982602119446,0.12708762288093567,-22,8,-4,87,4,4,-0.0008277811427417625
g10910.t1,M1VDU4,0.9558,54.4,1,353,2.0973131337787545,97,98,158,24941.53515625,0.21020451188087463,0.0971151813864708,0.6702383756637573,0.4509773850440979,0.21926099061965942,322,27,18,158,-4,27,24,3,0.19830028328611898,0.002401886275038123,0.0,0.031441036611795425,0.1674344837665558,0.007179520092904568,0.011291055008769035,0.2835428714752197,0.0139326062053442,0.0049040489830076694,0.038695402443408966,0.11187265068292618,0.10738832503557205,0.022441957145929337,0.018628470599651337,0.050486691296100616,0.048811253160238266,0.0,0.02361469529569149,0.0023256095591932535,0.05360740050673485,1,340,2.021053231856659,105,92,143,22213.3671875,0.32873719930648804,0.1750803291797638,0.4961824417114258,0.23685456812381744,0.25932788848876953,320,33,1,108,-1,22,21,1,0.21470588235294116,0.025837469846010208,0.0,0.03821418806910515,0.04396156221628189,0.021938834339380264,0.022494778037071228,0.19289298355579376,0.03167977184057236,0.04663746431469917,0.041732680052518845,0.16107074916362762,0.0982571467757225,0.0,0.0319555401802063,0.11278830468654633,0.027888469398021698,0.038782406598329544,0.03139680251479149,0.011497669853270054,0.020973166450858116,13,0.07625990192209553,-8,6,15,2728.16796875,-0.1185326874256134,-0.077965147793293,0.17405593395233154,2,-6,17,50,-3,2,-0.01640559906682218
g2271.t1,M1V9D7,0.9545,72.3,1,70,1.3746790054506806,0,31,39,14606.509765625,0.1947566419839859,0.1939614862203598,0.606047511100769,0.49379944801330566,0.11224808543920517,38,6,0,0,4,13,6,7,0.38571428571428573,0.04502078890800476,,0.022124342620372772,0.3694572448730469,0.03852212429046631,0.11020271480083466,0.12434215843677521,,0.008394117467105389,0.0,0.09627431631088257,0.015973765403032303,0.005234335083514452,0.002379514742642641,0.018113620579242706,0.025317635387182236,,0.0002158616844099015,0.0,0.11842741817235947,1,65,1.2310345248344547,0,31,34,13010.244140625,0.20485743880271912,0.16869574785232544,0.6264469027519226,0.4704371988773346,0.15600965917110443,39,8,0,0,5,10,7,3,0.38461538461538464,0.037637971341609955,,0.036765482276678085,0.42069876194000244,0.0004960008664056659,0.054900649935007095,0.049738459289073944,,0.0,0.064231276512146,0.06349475681781769,0.09251490980386734,,0.015838103368878365,0.03422406315803528,0.0009920017328113317,,0.011429859325289726,0.0,0.1170378029346466,5,0.1436444806162258,0,0,5,1596.265625,-0.010100796818733215,0.025265738368034363,-0.020399391651153564,-1,-2,0,0,-1,4,0.001098901098901095
g12109.t2,M1VL63,0.9536,46.9,1,160,2.622392035098308,33,34,93,30858.55078125,0.3216227889060974,0.17495572566986084,0.477888822555542,0.4443657398223877,0.033523079007864,87,6,0,34,25,26,7,19,0.4125,0.009262535721063614,0.0,0.13359373807907104,0.2691367566585541,0.027645133435726166,0.03177165240049362,0.17522898316383362,0.047682471573352814,0.01738034188747406,0.02681606635451317,0.033420905470848083,0.00010217543604085222,0.025532672181725502,0.005646198056638241,0.09525346010923386,0.003709305077791214,0.002091184491291642,0.03177787363529205,0.010246804915368557,0.05370178818702698,1,162,2.6113707911587696,31,34,97,30387.986328125,0.39201247692108154,0.14930248260498047,0.41983357071876526,0.35346463322639465,0.06636891514062881,92,10,0,40,20,25,7,18,0.4382716049382716,0.005839808844029903,0.04047534242272377,0.03173280134797096,0.24436470866203308,0.026673974469304085,0.0291220061480999,0.10909990966320038,0.027357369661331177,0.1119023859500885,0.016484683379530907,0.05344729125499725,0.012921624816954136,0.03885151073336601,0.031862854957580566,0.07687311619520187,0.05045616999268532,,0.0033492932561784983,0.040917061269283295,0.04826805740594864,-2,0.011021243939538294,2,0,-4,470.564453125,-0.07038968801498413,0.02565324306488037,0.05805525183677673,-5,-4,0,-6,5,1,-0.02577160493827163
g13233.t1,M1V7K5,0.9525,58.9,1,196,1.8827831557396033,69,46,81,22115.73828125,0.2593945264816284,0.21583223342895508,0.5000346302986145,0.317759245634079,0.18227538466453552,156,22,9,95,1,17,10,7,0.2602040816326531,0.004704727791249752,0.009752035140991211,0.11374110728502274,0.22099830210208893,0.025879913941025734,0.06583458930253983,0.09676097333431244,0.00889573059976101,0.023637643083930016,0.08011862635612488,0.14023412764072418,0.042041242122650146,0.024738680571317673,0.037736568599939346,0.03340965136885643,0.0036473418585956097,0.0,0.0206465944647789,0.0008587312768213451,0.046363465487957,1,250,1.9783903315599198,83,47,120,24901.783203125,0.23459388315677643,0.14462266862392426,0.48342475295066833,0.28395846486091614,0.1994662880897522,170,19,7,98,-5,15,18,-3,0.248,0.031673163175582886,0.0,0.00958824623376131,0.1812082678079605,0.013566135428845882,0.008753728121519089,0.10275020450353622,0.04165226221084595,0.06498938798904419,0.003925122786313295,0.12259507179260254,0.07687120884656906,0.13735872507095337,0.000259141786955297,0.06426716595888138,0.03511075675487518,0.0,0.045052267611026764,0.0,0.06037919595837593,-54,-0.09560717582031653,-14,-1,-39,-2786.044921875,0.02480064332485199,0.07120956480503082,0.016609877347946167,-14,3,2,-3,6,10,0.012204081632653074
g1831.t2,A0A125YTB7,0.9523,76.6,1,464,2.340615807481516,228,83,153,32746.9609375,0.16194161772727966,0.3193812072277069,0.5047740340232849,0.2172977477312088,0.2874763011932373,430,54,37,380,-23,24,34,-10,0.17025862068965517,0.03293941915035248,0.0014955726219341159,0.018819160759449005,0.10319939255714417,0.022558551281690598,0.09749510884284973,0.11409833282232285,0.003562482539564371,0.016053592786192894,0.12444239854812622,0.193879634141922,0.09359666705131531,0.01390314381569624,0.005517659708857536,0.021864594891667366,0.034704580903053284,0.006794797722250223,0.03688766062259674,0.03400364890694618,0.024183576926589012,1,461,2.562408742065485,214,81,166,33429.04296875,0.14935722947120667,0.3342567980289459,0.47247058153152466,0.1992483139038086,0.27322226762771606,413,41,31,485,-25,24,34,-10,0.18655097613882862,0.1030334085226059,0.0017595489043742418,0.0,0.1163363978266716,0.013687525875866413,0.07218094170093536,0.082911916077137,0.0562610998749733,0.03159419819712639,0.028298398479819298,0.17494399845600128,0.09827824681997299,0.04391544312238693,0.023818250745534897,0.012246941216289997,0.006563309580087662,0.006080713123083115,0.05903586745262146,0.013995292596518993,0.05505852401256561,3,-0.2217929345839691,14,2,-13,-682.08203125,0.012584388256072998,-0.014875590801239014,0.032303452491760254,17,13,6,-105,2,0,-0.016292355449173457
g8346.t1,A0A125YW81,0.9511,57.8,1,231,2.7802152612774296,62,51,118,30962.802734375,0.10334102809429169,0.3642672896385193,0.5208820700645447,0.4743519425392151,0.04653015732765198,165,10,1,132,36,42,4,38,0.341991341991342,0.01390133984386921,0.00010553888569120318,0.04474698752164841,0.1970432549715042,0.014552715234458447,0.09124457836151123,0.2773086726665497,0.0010254414519295096,0.023201834410429,0.013773642480373383,0.02942247875034809,0.017107678577303886,0.01150957215577364,0.0,0.012504860758781433,0.0,0.0,0.22966405749320984,0.005835601594299078,0.01705174520611763,1,209,2.4112816219625115,62,51,96,25438.716796875,0.1973484754562378,0.17473530769348145,0.5954957604408264,0.5461886525154114,0.04930712655186653,167,9,3,155,29,33,5,28,0.291866028708134,0.0466480478644371,0.017204202711582184,0.04583657532930374,0.2206588238477707,0.013524793088436127,0.006837565451860428,0.3255298137664795,0.0006197218899615109,0.07516670227050781,0.005224849563091993,0.01423086691647768,0.035076260566711426,0.03242037817835808,0.002283048816025257,0.019913258031010628,0.01420274656265974,0.0,0.08467612415552139,0.016996029764413834,0.022950097918510437,22,0.36893363931491807,0,0,22,5524.0859375,-0.0940074473619461,0.18953198194503784,-0.07461369037628174,-2,1,-2,-23,7,10,0.05012531328320802
g11355.t1,M1VEP0,0.9497,46.8,1,220,1.9654968528649903,71,52,97,21077.068359375,0.1808115839958191,0.2630024552345276,0.5548344254493713,0.38975587487220764,0.1650785505771637,198,26,3,112,3,21,14,7,0.24545454545454545,0.023420779034495354,0.0071318200789391994,0.0024493320379406214,0.04430197551846504,0.004129758104681969,0.06190674751996994,0.3454539477825165,0.041010912507772446,0.013777492567896843,0.06796625256538391,0.05357879400253296,0.11149974912405014,0.0013515488244593143,0.0,0.08545439690351486,0.001530832494609058,0.0,0.05743618682026863,0.0,0.07759951055049896,1,222,1.987557291987673,67,49,106,21240.177734375,0.29311731457710266,0.15672241151332855,0.5495642423629761,0.32162535190582275,0.22793886065483093,198,32,1,94,-2,18,18,0,0.23873873873873874,0.03802601620554924,0.0,0.016077496111392975,0.09553329646587372,0.0038664815947413445,0.047412361949682236,0.22609205543994904,0.01526947133243084,0.06311000883579254,0.050663646310567856,0.11066727340221405,0.11727156490087509,0.0005960754933767021,0.019292276352643967,0.12255092710256577,0.011538058519363403,0.0,0.0014844442484900355,0.0033177260775119066,0.05723082646727562,-2,-0.02206043912268263,4,3,-9,-163.109375,-0.11230573058128357,0.10628004372119904,0.005270183086395264,0,-6,2,18,5,7,0.00671580671580671
g18248.t1,M1V3Q7,0.9495,49.9,1,550,3.1460266816251785,266,93,191,43479.7578125,0.20037256181240082,0.1448494791984558,0.6263962984085083,0.3509387969970703,0.2754575312137604,480,70,10,97,-2,53,37,16,0.22181818181818183,0.03557591885328293,0.0,0.03567036613821983,0.10590158402919769,0.02172616496682167,0.026840783655643463,0.24503719806671143,0.001527915126644075,0.02453554794192314,0.013418666087090969,0.21450333297252655,0.06095419451594353,0.02838156744837761,0.01981353759765625,0.03889322653412819,0.023655438795685768,0.0034135684836655855,0.04576003551483154,0.0,0.054390888661146164,1,559,3.1517962776418043,265,83,211,45326.7265625,0.24443942308425903,0.252517431974411,0.5012180805206299,0.21975500881671906,0.281463086605072,469,70,10,68,-8,36,37,-1,0.20214669051878353,0.015649892389774323,0.0,0.045910559594631195,0.17448696494102478,0.02507600001990795,0.08432071655988693,0.04526805505156517,0.008103190921247005,0.0855344608426094,0.03078564442694187,0.17401987314224243,0.10744320601224899,0.001825068611651659,0.018175864592194557,0.010748812928795815,0.03512117266654968,0.008895316161215305,0.08858196437358856,0.0,0.04005322605371475,-9,-0.005769596016625744,1,10,-20,-1846.96875,-0.044066861271858215,-0.1076679527759552,0.12517821788787842,11,0,0,29,6,17,0.019671491299398297
g12290.t2,M1VGS3,0.9484,46.0,1,173,2.2155522676809487,75,19,79,25286.88671875,0.38806575536727905,0.15232513844966888,0.44641661643981934,0.4092274308204651,0.037189193069934845,113,7,0,64,22,27,4,23,0.31213872832369943,0.035009197890758514,0.0,0.07740229368209839,0.24885843694210052,0.0046425675973296165,0.02902390994131565,0.16036896407604218,0.01591981016099453,0.013270151801407337,0.022149011492729187,0.0269327312707901,0.01025646273046732,0.013192502781748772,0.0965428501367569,0.10844804346561432,0.0,0.0006379880360327661,0.04558063670992851,0.0011483784765005112,0.09061604738235474,1,151,1.7013411013084212,78,19,54,18645.32421875,0.2626176178455353,0.13730065524578094,0.5820946097373962,0.4262242317199707,0.15587037801742554,122,15,0,26,11,21,6,15,0.26490066225165565,0.02922779507935047,0.0,0.0,0.36590293049812317,0.02139381133019924,0.07718770205974579,0.060321275144815445,0.0,0.10583429783582687,0.0013580615632236004,0.152614027261734,0.0032563605345785618,0.017987174913287163,0.0,0.08304303139448166,0.019208386540412903,0.0013843884225934744,0.008133281953632832,0.0,0.05314752086997032,22,0.5142111663725275,-3,0,25,6641.5625,0.12544813752174377,0.01502448320388794,-0.1356779932975769,-9,-8,0,38,11,8,0.04723806607204378
g13230.t1,M1VD13,0.9475,67.8,1,665,3.177007303403427,254,171,240,46123.33984375,0.17832255363464355,0.23652715981006622,0.5555390119552612,0.29561930894851685,0.2599197030067444,600,88,0,273,-16,46,50,-4,0.18345864661654135,0.02757701836526394,0.0,0.022174056619405746,0.08340846747159958,0.05092325806617737,0.04456355422735214,0.21221081912517548,0.027342576533555984,0.02461928315460682,0.05504898354411125,0.20582608878612518,0.0540936179459095,0.029611261561512947,0.014130856841802597,0.03527291864156723,0.019727235659956932,0.01985517330467701,0.03107178583741188,0.011122804135084152,0.03142022341489792,1,687,3.3803473046387733,283,169,235,55242.421875,0.17207655310630798,0.17327408492565155,0.6314795613288879,0.3617192208766937,0.2697604298591614,594,83,3,166,-11,58,56,2,0.21688500727802038,0.03749703988432884,0.002602751599624753,0.04447099193930626,0.17133909463882446,0.03362252563238144,0.031091604381799698,0.19038011133670807,0.018732914701104164,0.015875432640314102,0.014779447577893734,0.13227176666259766,0.13748863339424133,0.023169763386249542,0.011155744083225727,0.009383559226989746,0.021610604599118233,0.02475791797041893,0.034947797656059265,0.011330965906381607,0.033491350710392,-22,-0.20334000123534635,-29,2,5,-9119.08203125,0.006246000528335571,0.06325307488441467,-0.07594054937362671,6,5,-3,107,-5,-6,-0.033426360661479027
g14210.t1,M1V658,0.9474,39.1,1,118,1.8469997613887725,98,0,20,17653.09375,0.30991774797439575,0.19816656410694122,0.4142962694168091,0.2650167942047119,0.14927944540977478,121,14,2,49,-6,12,13,-1,0.3813559322033898,0.019647466018795967,0.03294973447918892,0.031254544854164124,0.13787534832954407,0.005292144138365984,0.06024277210235596,0.12714144587516785,0.026392905041575432,0.04313492774963379,0.013244648464024067,0.11689721047878265,0.03238224238157272,0.07761948555707932,0.06068133935332298,0.025040190666913986,0.0,0.027233490720391273,0.04039689525961876,0.008773205801844597,0.11380001157522202,1,272,3.2641395262723765,132,4,136,44932.0859375,0.24155022203922272,0.20795828104019165,0.5098905563354492,0.31987181305885315,0.19001874327659607,221,31,0,293,-5,28,26,2,0.38235294117647056,0.06346303969621658,0.006397428456693888,0.046741146594285965,0.24580839276313782,0.01256073173135519,0.05867767706513405,0.07406344264745712,0.009778500534594059,0.020602526143193245,0.027063600718975067,0.14847348630428314,0.04154525324702263,0.04060093313455582,0.01769435591995716,0.029921600595116615,0.021288100630044937,0.0033750419970601797,0.030017290264368057,0.04179307445883751,0.06013438105583191,-154,-1.417139764883604,-34,-4,-116,-27278.9921875,0.06836752593517303,-0.009791716933250427,-0.09559428691864014,-100,-17,2,-244,-1,-3,-0.0009970089730807485
g7479.t2,M1VE55,0.9457,40.2,1,192,1.6386317911069535,104,23,65,17331.380859375,0.19094640016555786,0.40771400928497314,0.3921232223510742,0.276321679353714,0.11580157279968262,194,14,0,339,0,16,14,2,0.2604166666666667,0.008385459892451763,0.0,0.0,0.0316370464861393,0.033391375094652176,0.07464759051799774,0.244684636592865,0.019131679087877274,0.0012989308452233672,0.1947356015443802,0.09775718301534653,0.018044382333755493,0.00921634491533041,0.0,0.09443321079015732,0.00037233575130812824,0.0,0.07742227613925934,0.05789820849895477,0.03694372624158859,1,224,1.6757419549654693,110,25,89,17991.2734375,0.16358570754528046,0.4039703905582428,0.42729416489601135,0.17284166812896729,0.25445252656936646,207,9,1,307,-2,11,13,-2,0.23214285714285715,0.08901684731245041,0.0,0.04262091591954231,0.016291195526719093,0.07254792004823685,0.10200530290603638,0.15655045211315155,0.02114049717783928,0.014273565262556076,0.09260012209415436,0.17240650951862335,0.0820460245013237,0.005149688571691513,0.0010760370641946793,0.021520741283893585,0.0028694323264062405,0.0007173580816015601,0.02665969729423523,0.04555223509669304,0.034955430775880814,-32,-0.03711016385851584,-6,-2,-24,-659.892578125,0.027360692620277405,0.0037436187267303467,-0.035170942544937134,-13,5,-1,32,2,4,0.028273809523809534
g14822.t1,M1V7K5,0.9448,53.4,1,165,1.974310514744765,59,26,80,22801.203125,0.24503052234649658,0.18127354979515076,0.5485819578170776,0.40531209111213684,0.14326980710029602,119,21,36,68,4,19,8,11,0.2909090909090909,0.00014150772767607123,0.00972535740584135,0.115158811211586,0.3195350468158722,0.016225621104240417,0.07659367471933365,0.08577702939510345,0.004055331461131573,0.008110662922263145,0.0608961246907711,0.1069045439362526,0.036365266889333725,0.025114111602306366,0.02284037135541439,0.04131057485938072,0.00013828155351802707,0.010471571236848831,0.013635916635394096,0.0,0.047000255435705185,1,250,1.9783903315599198,83,47,120,24901.783203125,0.23459388315677643,0.14462266862392426,0.48342475295066833,0.28395846486091614,0.1994662880897522,170,19,7,98,-5,15,18,-3,0.248,0.031673163175582886,0.0,0.00958824623376131,0.1812082678079605,0.013566135428845882,0.008753728121519089,0.10275020450353622,0.04165226221084595,0.06498938798904419,0.003925122786313295,0.12259507179260254,0.07687120884656906,0.13735872507095337,0.000259141786955297,0.06426716595888138,0.03511075675487518,0.0,0.045052267611026764,0.0,0.06037919595837593,-85,-0.004079816815154791,-24,-21,-40,-2100.580078125,0.010436639189720154,0.0366508811712265,0.0651572048664093,-51,2,29,-30,9,14,0.0429090909090909
g18248.t1,M1VA25,0.9426,49.5,1,550,3.1460266816251785,266,93,191,43479.7578125,0.20037256181240082,0.1448494791984558,0.6263962984085083,0.3509387969970703,0.2754575312137604,480,70,10,97,-2,53,37,16,0.22181818181818183,0.03557591885328293,0.0,0.03567036613821983,0.10590158402919769,0.02172616496682167,0.026840783655643463,0.24503719806671143,0.001527915126644075,0.02453554794192314,0.013418666087090969,0.21450333297252655,0.06095419451594353,0.02838156744837761,0.01981353759765625,0.03889322653412819,0.023655438795685768,0.0034135684836655855,0.04576003551483154,0.0,0.054390888661146164,1,559,3.1080705031199725,266,83,210,45758.4609375,0.25633352994918823,0.2402600198984146,0.5016691088676453,0.21338653564453125,0.2882825434207916,480,74,11,70,-8,35,35,0,0.2039355992844365,0.014297311194241047,0.0,0.043716177344322205,0.17276103794574738,0.01619820110499859,0.08919510245323181,0.040625497698783875,0.006701466627418995,0.10031347721815109,0.026977339759469032,0.17605377733707428,0.11222875118255615,0.0017373363953083754,0.01828642562031746,0.018474290147423744,0.028233736753463745,0.008104921318590641,0.08689060062170029,0.0,0.03920450434088707,-9,0.03795617850520605,0,10,-19,-2278.703125,-0.055960968136787415,-0.0954105406999588,0.12472718954086304,0,-4,-1,27,6,16,0.017882582533745334
g3860.t1,M1VMK1,0.9423,42.8,1,528,3.024662746807705,266,79,183,39315.2109375,0.19939731061458588,0.17687927186489105,0.6143938899040222,0.3388661742210388,0.275527685880661,434,48,1,91,-6,41,34,7,0.20643939393939395,0.022500747814774513,0.0,0.051201481372117996,0.10442298650741577,0.018325144425034523,0.044134944677352905,0.23444321751594543,0.013115501031279564,0.012177710421383381,0.029454758390784264,0.11190186440944672,0.1636258363723755,0.009329613298177719,0.010392782278358936,0.02650817297399044,0.008863414637744427,0.0,0.04934816434979439,0.0034468830563127995,0.08680687099695206,1,574,3.0178045607043105,263,96,215,39304.0390625,0.2024003565311432,0.2678711712360382,0.47318142652511597,0.2512798011302948,0.22190164029598236,496,62,9,49,-10,37,35,2,0.20034843205574912,0.03872928023338318,0.0,0.07096464186906815,0.096091128885746,0.06915535777807236,0.04447061941027641,0.155188649892807,0.0019477487076073885,0.02710319496691227,0.02318856306374073,0.1670699268579483,0.05483170971274376,0.056547146290540695,0.008451730012893677,0.002134391339495778,0.010981609113514423,0.0,0.09037959575653076,0.012477979995310307,0.07028679549694061,-46,0.0068581861033947256,3,-17,-32,11.171875,-0.003003045916557312,-0.09099189937114716,0.14121246337890625,-62,-14,-8,42,4,5,0.00609096188364483
g5143.t2,M1V6E4,0.9415,52.3,1,187,2.2903760365856862,60,28,99,25756.947265625,0.17183227837085724,0.1470026671886444,0.6654812097549438,0.5460999608039856,0.11938126385211945,129,7,2,33,40,37,7,30,0.2994652406417112,0.021468760445713997,0.0,0.059317514300346375,0.33246126770973206,0.03022579848766327,0.00467207795009017,0.21363867819309235,0.025573289021849632,0.0,0.03892762213945389,0.06231394410133362,0.05706731602549553,0.015683835372328758,0.008017214015126228,0.013779587112367153,0.006012910511344671,,0.026135126128792763,0.007766676135361195,0.07693836092948914,1,189,2.2618751216257342,76,30,83,25446.625,0.22859680652618408,0.1580391675233841,0.6021828055381775,0.4987812936306,0.10340148210525513,131,12,1,43,30,31,10,21,0.31746031746031744,0.02934664487838745,0.0,0.08206015080213547,0.38248172402381897,0.03666764125227928,0.041489578783512115,0.11629961431026459,0.02854788675904274,0.023538004606962204,0.016027970239520073,0.05043008178472519,0.05297140032052994,0.011181214824318886,0.012806459330022335,0.019526680931448936,0.007184046320617199,0.0,0.005959441419690847,0.006086237728595734,0.07739522308111191,-2,0.028500914959951995,-16,-2,16,310.322265625,-0.05676452815532684,-0.011036500334739685,0.06329840421676636,-2,-5,1,-10,10,9,-0.017995076818606237
g5413.t1,M1VDW0,0.9396,39.1,1,1013,3.620591762044736,336,214,463,44092.56640625,0.10782301425933838,0.34103190898895264,0.5391998291015625,0.3492456078529358,0.18995420634746552,897,88,18,780,-1,55,31,24,0.13228035538005922,0.05383213236927986,0.00028603331884369254,0.007750051096081734,0.13283833861351013,0.01965741254389286,0.12262961268424988,0.21640725433826447,0.013309349305927753,0.012336824089288712,0.1187693253159523,0.1258310079574585,0.06412319093942642,0.011945306323468685,0.01103442907333374,0.03827949985861778,0.007242819294333458,0.02137705497443676,0.012548011727631092,0.008634844794869423,0.00116748979780823,1,554,2.726196296924337,188,81,285,37691.3984375,0.17994901537895203,0.3704060912132263,0.4494756758213043,0.3284849524497986,0.12099067121744156,434,43,9,224,8,35,20,15,0.18411552346570398,0.06572635471820831,0.020184414461255074,0.016008006408810616,0.26792430877685547,0.008993059396743774,0.17327651381492615,0.0605606734752655,0.0052121044136583805,0.03246079385280609,0.05243216082453728,0.07929067313671112,0.04170001298189163,0.00016925696399994195,0.025578124448657036,0.04751039296388626,0.002054503420367837,0.013867898844182491,0.04458147659897804,0.024381617084145546,0.01808767020702362,459,0.8943954651203989,148,133,178,6401.16796875,-0.07212600111961365,-0.02937418222427368,0.08972415328025818,463,45,9,556,-9,9,-0.051835168085644756
g18246.t1,M1V4Y0,0.9393,70.8,1,151,2.024442043339488,36,36,79,22806.216796875,0.25544631481170654,0.16739384829998016,0.5771598219871521,0.4468950033187866,0.13026483356952667,100,8,3,38,9,21,10,11,0.304635761589404,0.0004244298324920237,0.0,0.045976672321558,0.2552477717399597,0.008272933773696423,0.03285219520330429,0.1916472464799881,0.026162164285779,0.03732724487781525,0.029125316068530083,0.06955000758171082,0.060714833438396454,0.0,0.019757898524403572,0.06391150504350662,0.0,,0.07055679708719254,0.0022636258509010077,0.08620937913656235,1,150,2.0831129232322563,35,36,79,23681.41796875,0.1895044893026352,0.1348668336868286,0.6431374549865723,0.506654679775238,0.13648274540901184,104,7,3,22,10,23,10,13,0.28,0.008490437641739845,0.0,0.04926330968737602,0.37370729446411133,0.011072936467826366,0.06662734597921371,0.13294737040996552,0.01766168884932995,0.020694168284535408,0.0,0.08548323065042496,0.050999511033296585,0.03249124065041542,0.008097224868834019,0.005449920892715454,0.016349760815501213,,0.031014420092105865,0.0019074721494689584,0.08774261921644211,1,-0.0586708798927682,1,0,0,-875.201171875,0.06594182550907135,0.03252701461315155,-0.06597763299942017,-4,1,0,16,-1,-2,0.02463576158940395
g10396.t1,M1VEB3,0.9387,59.6,1,150,2.492188784509351,48,36,66,25934.296875,0.24991004168987274,0.11692671477794647,0.6326656341552734,0.5782984495162964,0.054367125034332275,105,14,3,51,28,32,6,26,0.35333333333333333,0.021841896697878838,0.0,0.035457514226436615,0.20979779958724976,0.016424482688307762,0.055638376623392105,0.3685007095336914,0.0,0.04766087979078293,0.004156675189733505,0.05265938863158226,0.0017077357042580843,0.0004976493073627353,0.0,0.01965714618563652,0.0,,0.01886529102921486,0.06619831174612045,0.08093617856502533,1,129,2.160131691304069,52,36,41,20525.1875,0.2570996880531311,0.15965361893177032,0.5832467675209045,0.48903700709342957,0.09420976787805557,102,16,0,61,20,20,7,13,0.3643410852713178,0.01513315923511982,0.003341364674270153,0.05879255756735802,0.25965264439582825,0.020760081708431244,0.04316987842321396,0.2293843775987625,0.027419302612543106,0.012890346348285675,0.048140060156583786,0.01892695389688015,0.07528281211853027,0.0,0.005816376302391291,0.016505932435393333,0.010846755467355251,,0.0016897700261324644,0.07811325043439865,0.0741344764828682,21,0.332057093205282,-4,0,25,5409.109375,-0.007189646363258362,-0.04272690415382385,0.049418866634368896,3,-2,3,-10,8,13,-0.011007751937984478
g14011.t1,M1UTX1,0.9381,32.4,1,141,1.4855288482726174,50,44,47,15874.400390625,0.16649675369262695,0.39219245314598083,0.4413107633590698,0.2708379030227661,0.1704728752374649,135,20,1,233,1,11,10,1,0.2907801418439716,0.1643611639738083,0.0,0.017581211403012276,0.06858616322278976,0.012800412252545357,0.03882328420877457,0.20225173234939575,0.0010070056887343526,0.021743616089224815,0.07668882608413696,0.06475038081407547,0.10572250932455063,,0.0351584292948246,0.018496178090572357,0.0002032546908594668,0.0,0.09851173311471939,0.0,0.07331406325101852,1,154,1.5261410724851705,58,46,50,16626.837890625,0.3079287111759186,0.18065422773361206,0.5114170908927917,0.3240117132663727,0.18740540742874146,129,20,1,162,-2,13,14,-1,0.2987012987012987,0.047787342220544815,0.03561955690383911,0.02018187753856182,0.2600603699684143,0.02131463959813118,0.025674480944871902,0.06395132839679718,0.0058786021545529366,0.09329955279827118,0.014032791368663311,0.10622064769268036,0.0811847597360611,,0.054851025342941284,0.05278337374329567,0.0054335822351276875,0.0015303101390600204,0.030346812680363655,0.0,0.07984901964664459,-13,-0.04061222421255306,-8,-2,-3,-752.4375,-0.14143195748329163,0.21153822541236877,-0.07010632753372192,6,0,0,71,3,2,-0.007921156857327083
g7479.t1,M1VE55,0.938,40.7,1,196,1.6664771428489458,104,23,69,17998.828125,0.25062841176986694,0.38030195236206055,0.36745625734329224,0.2674902379512787,0.09996604919433594,190,14,0,354,1,15,12,3,0.23979591836734693,0.017123540863394737,0.0,0.05931730940937996,0.024460917338728905,0.026258522644639015,0.06923211365938187,0.24302928149700165,0.019799120724201202,0.0010714984964579344,0.17541499435901642,0.08292480558156967,0.017041238024830818,0.0016133782919496298,0.0,0.09076026827096939,0.0005377927445806563,0.0,0.07247363775968552,0.06328027695417404,0.03566126525402069,1,224,1.6757419549654693,110,25,89,17991.2734375,0.16358570754528046,0.4039703905582428,0.42729416489601135,0.17284166812896729,0.25445252656936646,207,9,1,307,-2,11,13,-2,0.23214285714285715,0.08901684731245041,0.0,0.04262091591954231,0.016291195526719093,0.07254792004823685,0.10200530290603638,0.15655045211315155,0.02114049717783928,0.014273565262556076,0.09260012209415436,0.17240650951862335,0.0820460245013237,0.005149688571691513,0.0010760370641946793,0.021520741283893585,0.0028694323264062405,0.0007173580816015601,0.02665969729423523,0.04555223509669304,0.034955430775880814,-28,-0.009264812116523524,-6,-2,-20,7.5546875,0.08704270422458649,-0.02366843819618225,-0.059837907552719116,-17,5,-1,47,3,5,0.007653061224489777
g9724.t1,M1V5H3,0.9373,67.9,1,82,1.2726359941757288,18,25,39,13130.404296875,0.12976957857608795,0.1812882125377655,0.6869857907295227,0.42245781421661377,0.2645280361175537,60,8,0,27,1,12,9,3,0.4024390243902439,0.014887974597513676,,0.053021080791950226,0.21749961376190186,0.07883810251951218,0.020194964483380318,0.20495817065238953,,0.019792158156633377,,0.19343239068984985,0.07109565287828445,0.0019565012771636248,0.008081109263002872,0.0039316946640610695,0.0012174500152468681,0.012778008356690407,0.06736717373132706,0.027521861717104912,0.003426213748753071,1,108,1.6596624172131327,16,28,64,18037.5390625,0.35872209072113037,0.27724963426589966,0.333749383687973,0.23372983932495117,0.10001954436302185,70,10,0,4,0,12,7,5,0.4166666666666667,0.020134778693318367,0.0965140163898468,0.138752281665802,0.14816249907016754,0.06996763497591019,0.05756048485636711,0.08556734770536423,0.0,0.02343321405351162,0.01332017406821251,0.08495808392763138,0.015061462298035622,0.03027884103357792,0.0,0.03362935036420822,0.0035775902215391397,,0.01975254900753498,0.05581040307879448,0.1035192683339119,-26,-0.38702642303740387,2,-3,-25,-4907.134765625,-0.22895251214504242,-0.09596142172813416,0.3532364070415497,-10,-2,0,23,1,-2,-0.014227642276422758
g3012.t1,M1V4T0,0.9324,28.6,1,150,1.603613286869384,55,31,64,16971.275390625,0.09639070183038712,0.15950754284858704,0.743911623954773,0.4989701807498932,0.24494150280952454,138,14,1,115,4,20,12,8,0.26666666666666666,0.01401179563254118,0.0,0.002471535000950098,0.02770300582051277,0.0,0.057706039398908615,0.47126710414886475,0.0,0.0041825976222753525,0.08208616822957993,0.11229568719863892,0.13264580070972443,0.00019011808035429567,0.0015209446428343654,0.04277656599879265,0.0,0.0014884262345731258,0.00570354238152504,0.02528136782348156,0.018669258803129196,1,146,1.5752418194044966,49,28,69,15857.3896484375,0.1965114176273346,0.22044533491134644,0.49311381578445435,0.1439775973558426,0.34913626313209534,135,13,1,118,-7,11,15,-4,0.2945205479452055,0.0821196585893631,0.0,0.023375529795885086,0.09603796899318695,0.0003976676962338388,0.020354151725769043,0.04793962091207504,0.021493250504136086,0.0244167260825634,0.09429109841585159,0.2509806454181671,0.09815561771392822,0.08992942422628403,0.0038659817073494196,0.016481291502714157,0.0,0.0001988338481169194,0.0017895045457407832,0.04374663904309273,0.0844264104962349,4,0.02837146746488739,6,3,-5,1113.8857421875,-0.10012071579694748,-0.0609377920627594,0.2507978081703186,3,1,0,-3,11,12,-0.027853881278538828
g17133.t1,M1UWK2,0.9304,60.6,1,132,2.719183544500486,67,0,65,26825.0,0.2623627781867981,0.2362091839313507,0.4868113696575165,0.39765915274620056,0.08915220946073532,84,1,0,0,9,19,8,11,0.4318181818181818,0.040130939334630966,,0.020890556275844574,0.13955670595169067,0.027099085971713066,0.10806509852409363,0.2581024765968323,0.03415015712380409,0.047841042280197144,0.002473324304446578,0.061125803738832474,0.028026403859257698,0.014616681262850761,0.025256333872675896,0.005893784575164318,0.009141379036009312,,0.02429058589041233,0.013351226225495338,0.1399884819984436,1,121,2.518082396092243,63,0,58,25452.12890625,0.1926836222410202,0.229462131857872,0.5373744368553162,0.4024238884449005,0.13495053350925446,88,6,0,0,11,18,7,11,0.4214876033057851,0.01120731607079506,,0.02002953365445137,0.10237131267786026,0.01841435395181179,0.12029964476823807,0.30005255341529846,0.03032515197992325,0.040770553052425385,0.0012435844400897622,0.12974762916564941,0.005202921107411385,0.04047976806759834,0.015298612415790558,0.01888861134648323,0.0039298455230891705,,0.04797208681702614,0.013817843981087208,0.07994863390922546,11,0.201101148408243,4,0,7,1372.87109375,0.0696791559457779,0.006747052073478699,-0.05056306719779968,-4,-5,0,0,-2,0,0.010330578512396715
g18742.t1,M1UT67,0.9294,28.9,1,141,2.234134233405739,65,33,43,22340.64453125,0.24901485443115234,0.4033357799053192,0.34764936566352844,0.27435845136642456,0.07329091429710388,125,22,0,37,7,20,10,10,0.41134751773049644,0.03439483046531677,,0.0957537367939949,0.13486208021640778,0.0,0.20961855351924896,0.13949638605117798,0.0694064125418663,0.002455224050208926,0.034425221383571625,0.055084846913814545,0.01820606179535389,,0.01723221316933632,0.05540649965405464,0.010772601701319218,,0.05549074709415436,0.007221246603876352,0.060173358768224716,1,208,2.5528771156462944,75,36,97,32298.97265625,0.24514524638652802,0.243011012673378,0.4825403690338135,0.26648956537246704,0.21605083346366882,135,9,1,20,0,23,17,6,0.34134615384615385,0.06404969841241837,0.0,0.014151105657219887,0.20891310274600983,0.01514374278485775,0.0432865135371685,0.05757645517587662,0.003221419407054782,0.06598658114671707,0.04640674963593483,0.16763192415237427,0.048418909311294556,0.029303329065442085,0.0,0.04664243757724762,0.046746887266635895,0.0,0.07090288400650024,0.002097821095958352,0.06952040642499924,-67,-0.3187428822405556,-10,-3,-54,-9958.328125,0.0038696080446243286,0.16032476723194122,-0.13489100337028503,-10,13,-1,17,7,4,0.07000136388434258
g89.t2,M1UXQ7,0.9284,57.3,1,544,3.149346655683506,273,93,178,41669.0,0.17832554876804352,0.1901097446680069,0.5864114761352539,0.34060660004615784,0.24580487608909607,492,81,5,72,-6,48,42,6,0.20036764705882354,0.025965245440602303,0.0,0.017422374337911606,0.172975093126297,0.02429930865764618,0.05725620687007904,0.16763150691986084,0.01885908469557762,0.01787790097296238,0.03801187500357628,0.1760992705821991,0.06970558315515518,0.04515322670340538,0.014768476597964764,0.021371446549892426,0.020426364615559578,0.0,0.02571803145110607,0.04238196462392807,0.04407702758908272,1,537,3.061950912986898,267,94,176,38094.67578125,0.3088322579860687,0.22109639644622803,0.41277366876602173,0.25428539514541626,0.1584881991147995,472,66,14,76,-10,32,34,-2,0.21042830540037244,0.03876836225390434,0.0,0.046420078724622726,0.18459846079349518,0.045515093952417374,0.06008395925164223,0.06968696415424347,0.009407015517354012,0.05004225671291351,0.026076722890138626,0.10244882106781006,0.05603938549757004,0.05729769915342331,0.05317302048206329,0.0488721989095211,0.027282172814011574,,0.0412452407181263,0.005081885494291782,0.07796065509319305,7,0.0873957426966081,6,-1,2,3574.32421875,-0.1305067092180252,-0.03098665177822113,0.17363780736923218,20,15,-9,-4,4,8,-0.0100606583415489
g3012.t1,M1UW39,0.9279,36.3,1,150,1.603613286869384,55,31,64,16971.275390625,0.09639070183038712,0.15950754284858704,0.743911623954773,0.4989701807498932,0.24494150280952454,138,14,1,115,4,20,12,8,0.26666666666666666,0.01401179563254118,0.0,0.002471535000950098,0.02770300582051277,0.0,0.057706039398908615,0.47126710414886475,0.0,0.0041825976222753525,0.08208616822957993,0.11229568719863892,0.13264580070972443,0.00019011808035429567,0.0015209446428343654,0.04277656599879265,0.0,0.0014884262345731258,0.00570354238152504,0.02528136782348156,0.018669258803129196,1,150,1.6189883692386053,52,31,67,16759.82421875,0.2033507376909256,0.07393548637628555,0.7020941376686096,0.39656364917755127,0.30553045868873596,124,17,0,105,0,18,15,3,0.29333333333333333,0.02709037810564041,0.0,0.032504603266716,0.16093796491622925,0.0073156352154910564,0.016230663284659386,0.23562569916248322,0.0,0.04031877964735031,0.019640985876321793,0.23196257650852203,0.07356788218021393,0.02061973325908184,0.009433318860828876,0.014438752084970474,0.0009625835227780044,0.0,0.0036578176077455282,0.0,0.10569269955158234,0,-0.01537508236922136,3,0,-3,211.451171875,-0.10696003586053848,0.08557205647230148,0.04181748628616333,14,-3,1,10,4,5,-0.026666666666666672
g16767.t1,M1VMH6,0.9264,64.8,1,223,1.7528990516506096,70,48,105,20201.171875,0.22680078446865082,0.24234777688980103,0.4808831214904785,0.2900112271308899,0.1908719837665558,186,27,1,217,0,14,12,2,0.2242152466367713,0.016043899580836296,0.0,0.01565263420343399,0.0975063145160675,0.0036735767498612404,0.09267158061265945,0.1925048679113388,0.0007986036944203079,0.032495640218257904,0.09935421496629715,0.15229490399360657,0.038577090948820114,0.04996822029352188,0.03322191163897514,0.034180235117673874,0.03591117635369301,0.0,0.029805874451994896,0.006229108665138483,0.06911008059978485,1,228,1.919535570238375,75,47,106,23896.5546875,0.31653350591659546,0.2946288287639618,0.38883766531944275,0.20957539975643158,0.17926228046417236,195,28,0,157,-1,14,17,-3,0.25,0.025790898129343987,0.0,0.035768356174230576,0.12275290489196777,0.03221343457698822,0.13785597681999207,0.0868224948644638,0.0034705386497080326,0.04716779664158821,0.07700894773006439,0.10192514955997467,0.07733713090419769,0.0,0.014312267303466797,0.06413516402244568,0.029719676822423935,0.0028354492969810963,0.018289031460881233,0.001755278091877699,0.12083952873945236,-5,-0.1666365185877654,-5,1,-1,-3695.3828125,-0.08973272144794464,-0.05228105187416077,0.09204545617103577,-9,-1,1,60,1,5,-0.02578475336322869
g5413.t1,M1VGZ0,0.9223,37.6,1,1013,3.620591762044736,336,214,463,44092.56640625,0.10782301425933838,0.34103190898895264,0.5391998291015625,0.3492456078529358,0.18995420634746552,897,88,18,780,-1,55,31,24,0.13228035538005922,0.05383213236927986,0.00028603331884369254,0.007750051096081734,0.13283833861351013,0.01965741254389286,0.12262961268424988,0.21640725433826447,0.013309349305927753,0.012336824089288712,0.1187693253159523,0.1258310079574585,0.06412319093942642,0.011945306323468685,0.01103442907333374,0.03827949985861778,0.007242819294333458,0.02137705497443676,0.012548011727631092,0.008634844794869423,0.00116748979780823,1,475,2.516520702729211,174,78,223,30435.228515625,0.16729940474033356,0.1710837334394455,0.5994549989700317,0.32422173023223877,0.27523329854011536,406,41,10,175,0,32,25,7,0.1726315789473684,0.04078904911875725,0.0,0.05509495362639427,0.17281298339366913,0.03128965198993683,0.0009343737619929016,0.15140879154205322,0.04031182453036308,0.017588244751095772,0.018936466425657272,0.21643118560314178,0.058802105486392975,0.062161754816770554,0.0037104736547917128,0.030637910589575768,0.02385304495692253,0.01030263677239418,0.03882237523794174,0.0036020432598888874,0.022510096430778503,538,1.1040710593155247,162,136,240,13657.337890625,-0.05947639048099518,0.16994817554950714,-0.06025516986846924,491,47,8,605,-1,17,-0.04035122356730919
g6110.t1,M1V9Y9,0.9218,64.7,1,156,2.0199289067783317,59,12,85,20548.259765625,0.20809006690979004,0.09770672023296356,0.647406816482544,0.5534389019012451,0.09396795183420181,114,24,0,78,20,25,8,17,0.28205128205128205,0.001081260503269732,0.0,0.025212660431861877,0.23459652066230774,0.009182010777294636,0.011075207963585854,0.3188423812389374,0.00692641269415617,0.010520529933273792,0.05045280233025551,0.05094306915998459,0.043024882674217224,0.046796299517154694,0.032253630459308624,0.010363508015871048,0.015074193477630615,0.06353987008333206,0.018989024683833122,0.0021482014562934637,0.04897748678922653,1,154,2.12707049074518,62,12,80,21920.359375,0.22714383900165558,0.11495121568441391,0.6029366254806519,0.4882908761501312,0.11464578658342361,117,28,0,84,18,26,8,18,0.3181818181818182,0.0004415821167640388,0.0,0.00735970214009285,0.2296178936958313,0.01788674108684063,0.029310597106814384,0.25867295265197754,0.010871762409806252,0.08262678235769272,0.03171955794095993,0.08803235739469528,0.026613431051373482,0.05496826395392418,0.016880331560969353,0.0,0.03187398985028267,0.021375562995672226,0.024720964953303337,0.014425015076994896,0.05260245501995087,2,-0.10714158396684814,-3,0,5,-1372.099609375,-0.01905377209186554,-0.017244495451450348,0.04447019100189209,-3,-4,0,-6,2,-1,-0.03613053613053613
g16603.t3,A0A125YJF5,0.9184,68.6,1,727,4.248470445460001,258,135,334,68972.2109375,0.12098310887813568,0.2515506446361542,0.6217643618583679,0.27146828174591064,0.3502960801124573,681,142,5,454,-17,68,75,-7,0.24484181568088034,0.0159141942858696,0.0,0.020737426355481148,0.03359919413924217,0.005680397152900696,0.14714916050434113,0.23786909878253937,0.014612728729844093,0.012165806256234646,0.015451284125447273,0.27884796261787415,0.07144814729690552,0.005701863672584295,0.012993215583264828,0.0175798237323761,0.007380488328635693,0.009955148212611675,0.0527428574860096,0.00893398653715849,0.031237225979566574,1,706,3.9311257325578293,261,138,307,58925.5859375,0.1907508671283722,0.17117325961589813,0.6355377435684204,0.21221646666526794,0.42332127690315247,600,102,7,450,-32,52,72,-20,0.21529745042492918,0.03249872475862503,0.0,0.014574986882507801,0.03893137723207474,0.01125073991715908,0.043952297419309616,0.1732850968837738,0.01746390014886856,0.040158141404390335,0.02426704205572605,0.30883505940437317,0.11448625475168228,0.002538141328841448,0.01023568119853735,0.02555728144943714,0.023759234696626663,0.008206154219806194,0.04174056276679039,0.017029205337166786,0.051230184733867645,21,0.31734471290217137,-3,-3,27,10046.625,-0.06976775825023651,0.08037738502025604,-0.01377338171005249,81,40,-2,4,15,13,0.029544365255951166
g14003.t1,M1UTX1,0.9181,27.1,1,141,1.4828874839418211,50,44,47,16040.8046875,0.24362069368362427,0.3389342725276947,0.4158359169960022,0.2605290412902832,0.1553068459033966,135,22,1,272,2,11,11,0,0.28368794326241137,0.06400386244058609,0.0,0.0,0.060380224138498306,0.006633237469941378,0.0725732371211052,0.2001488357782364,0.0013850938994437456,0.05085661634802818,0.1616712063550949,0.07479902356863022,0.08050781488418579,0.001609169295988977,0.06311403214931488,0.013879084028303623,0.009051577188074589,0.0,0.03266759216785431,0.0,0.10671938210725784,1,154,1.5261410724851705,58,46,50,16626.837890625,0.3079287111759186,0.18065422773361206,0.5114170908927917,0.3240117132663727,0.18740540742874146,129,20,1,162,-2,13,14,-1,0.2987012987012987,0.047787342220544815,0.03561955690383911,0.02018187753856182,0.2600603699684143,0.02131463959813118,0.025674480944871902,0.06395132839679718,0.0058786021545529366,0.09329955279827118,0.014032791368663311,0.10622064769268036,0.0811847597360611,,0.054851025342941284,0.05278337374329567,0.0054335822351276875,0.0015303101390600204,0.030346812680363655,0.0,0.07984901964664459,-13,-0.043253588543349375,-8,-2,-3,-586.033203125,-0.06430801749229431,0.15828004479408264,-0.09558117389678955,6,2,0,110,4,1,-0.015013355438887321
g7761.t1,M1UN99,0.9167,40.1,1,590,3.21443410175121,293,95,202,49414.30859375,0.325496643781662,0.19474786520004272,0.4579184353351593,0.2878328859806061,0.17008554935455322,524,68,6,52,0,40,35,5,0.21016949152542372,0.026265747845172882,0.0003917747235391289,0.06525944918394089,0.13873544335365295,0.02675754390656948,0.04665030166506767,0.14909742772579193,0.029002217575907707,0.049243293702602386,0.025761956349015236,0.11683914065361023,0.05324642360210419,0.02183704823255539,0.011352774687111378,0.00992496032267809,0.012247323989868164,0.0,0.039918314665555954,0.08167893439531326,0.09578991681337357,1,594,2.942815329149373,290,98,206,39952.734375,0.2274647057056427,0.19697412848472595,0.5655722618103027,0.3269750773906708,0.23859716951847076,546,118,3,137,-17,41,40,1,0.20033670033670034,0.032500457018613815,0.00031567158293910325,0.0166966263204813,0.15314969420433044,0.03833846002817154,0.051088158041238785,0.17382539808750153,0.02121627889573574,0.03137795254588127,0.02113674022257328,0.16497734189033508,0.07361984997987747,0.009988917037844658,0.028023403137922287,0.04661957547068596,0.023822087794542313,,0.032378364354372025,0.012598416768014431,0.06832664459943771,-4,0.27161877260183687,3,-3,-4,9461.57421875,0.09803193807601929,-0.0022262632846832275,-0.10765382647514343,-22,-50,3,-85,17,4,0.009832791188723378
g13973.t1,M1UTX1,0.9158,26.3,1,139,1.4653399776339953,50,47,42,15485.7666015625,0.24038146436214447,0.34224724769592285,0.41695457696914673,0.2768353819847107,0.14011918008327484,138,20,1,224,2,11,8,3,0.302158273381295,0.035613905638456345,0.0,0.008750935085117817,0.059478454291820526,0.0075008017010986805,0.07575986534357071,0.21735695004463196,0.0012263826793059707,0.06879813969135284,0.1639871895313263,0.08575113862752914,0.054368048906326294,0.00041671120561659336,0.06832639127969742,0.010834491811692715,0.010417780838906765,0.0,0.05815906077623367,0.0,0.07325372844934464,1,154,1.5261410724851705,58,46,50,16626.837890625,0.3079287111759186,0.18065422773361206,0.5114170908927917,0.3240117132663727,0.18740540742874146,129,20,1,162,-2,13,14,-1,0.2987012987012987,0.047787342220544815,0.03561955690383911,0.02018187753856182,0.2600603699684143,0.02131463959813118,0.025674480944871902,0.06395132839679718,0.0058786021545529366,0.09329955279827118,0.014032791368663311,0.10622064769268036,0.0811847597360611,,0.054851025342941284,0.05278337374329567,0.0054335822351276875,0.0015303101390600204,0.030346812680363655,0.0,0.07984901964664459,-15,-0.06080109485117524,-8,1,-8,-1141.0712890625,-0.06754724681377411,0.1615930199623108,-0.09446251392364502,9,0,0,62,4,4,0.003456974679996283
g13230.t2,M1VD13,0.9155,66.3,1,664,3.112250189716827,257,172,235,43306.078125,0.14197281002998352,0.23163534700870514,0.5955191254615784,0.31732073426246643,0.2781984508037567,610,91,0,275,-16,46,44,2,0.17620481927710843,0.027041207998991013,0.0,0.011394263245165348,0.10222001373767853,0.047905333340168,0.04241646081209183,0.2151007056236267,0.03483595326542854,0.02624952606856823,0.050241317600011826,0.22285126149654388,0.05534714087843895,0.030872728675603867,0.006630999967455864,0.04040049761533737,0.00886616948992014,0.012516943737864494,0.02919507771730423,0.006705505773425102,0.029208898544311523,1,687,3.3803473046387733,283,169,235,55242.421875,0.17207655310630798,0.17327408492565155,0.6314795613288879,0.3617192208766937,0.2697604298591614,594,83,3,166,-11,58,56,2,0.21688500727802038,0.03749703988432884,0.002602751599624753,0.04447099193930626,0.17133909463882446,0.03362252563238144,0.031091604381799698,0.19038011133670807,0.018732914701104164,0.015875432640314102,0.014779447577893734,0.13227176666259766,0.13748863339424133,0.023169763386249542,0.011155744083225727,0.009383559226989746,0.021610604599118233,0.02475791797041893,0.034947797656059265,0.011330965906381607,0.033491350710392,-23,-0.2680971149219462,-26,3,0,-11936.34375,-0.030103743076324463,0.05836126208305359,-0.03596043586730957,16,8,-3,109,-5,0,-0.04068018800091194
g11518.t1,M1V8R2,0.9137,41.2,1,504,2.747106705455714,140,150,214,39000.6640625,0.17374926805496216,0.16099058091640472,0.6454048156738281,0.5154024362564087,0.13000236451625824,432,44,12,266,12,41,25,16,0.19246031746031747,0.02609654888510704,0.0005865145358256996,0.03680943697690964,0.10403674840927124,0.03824875131249428,0.032898642122745514,0.4113657474517822,0.0008178747957572341,0.03726432844996452,0.022455858066678047,0.11050163954496384,0.019500738009810448,0.019855313003063202,0.0004963832907378674,0.03959749639034271,0.0005791138391941786,0.0,0.03988640755414963,0.024240046739578247,0.034762486815452576,1,478,2.615223478299585,99,160,219,38222.7109375,0.2539951801300049,0.18635617196559906,0.5282893776893616,0.3227185904979706,0.2055707573890686,397,62,6,128,-2,36,28,8,0.19246861924686193,0.040297314524650574,0.0,0.023382779210805893,0.1853293925523758,0.014591875486075878,0.08404529094696045,0.13738921284675598,0.0,0.041593290865421295,0.019912496209144592,0.13427449762821198,0.07129625976085663,0.03135935217142105,0.003292160341516137,0.08247868716716766,0.022519126534461975,0.0,0.02750919945538044,0.0001688287447905168,0.08056028187274933,26,0.13188322715612877,41,-10,-5,777.953125,-0.08024591207504272,-0.025365591049194336,0.11711543798446655,35,-18,6,138,14,8,-8.30178654445679e-06
g89.t2,M1UY14,0.9125,34.5,1,544,3.149346655683506,273,93,178,41669.0,0.17832554876804352,0.1901097446680069,0.5864114761352539,0.34060660004615784,0.24580487608909607,492,81,5,72,-6,48,42,6,0.20036764705882354,0.025965245440602303,0.0,0.017422374337911606,0.172975093126297,0.02429930865764618,0.05725620687007904,0.16763150691986084,0.01885908469557762,0.01787790097296238,0.03801187500357628,0.1760992705821991,0.06970558315515518,0.04515322670340538,0.014768476597964764,0.021371446549892426,0.020426364615559578,0.0,0.02571803145110607,0.04238196462392807,0.04407702758908272,1,553,3.0310393026174323,282,87,184,39203.34375,0.1733684539794922,0.30920299887657166,0.4999513626098633,0.2362922728061676,0.2636590600013733,492,72,8,315,-15,31,43,-12,0.19529837251356238,0.026715490967035294,0.0,0.011432589031755924,0.1694069802761078,0.025029381737113,0.15526627004146576,0.06688529998064041,0.046150289475917816,0.04773913323879242,0.016948742792010307,0.1531212329864502,0.11053784191608429,0.01747729629278183,0.028695542365312576,0.01234542578458786,0.011655104346573353,0.007654163986444473,0.039092812687158585,0.010781670920550823,0.04306482896208763,-9,0.11830735306607387,-9,6,-6,2465.65625,0.004957094788551331,-0.11909325420856476,0.08646011352539062,0,9,-3,-243,9,18,0.005069274545261154
g18995.t1,M1VI26,0.9124,49.7,1,179,1.7417721843661573,61,47,71,19546.92578125,0.3295390009880066,0.14910562336444855,0.48805269598960876,0.29835188388824463,0.18970085680484772,158,29,0,190,-1,14,13,1,0.2569832402234637,0.05824337154626846,0.0,0.01831864006817341,0.14505217969417572,0.004734247922897339,0.012942974455654621,0.15329968929290771,0.004411641042679548,0.014030667021870613,0.05840430036187172,0.10837382823228836,0.08132703602313995,0.033302661031484604,0.046867650002241135,0.04454490914940834,0.008823282085359097,0.044648319482803345,0.010369095019996166,0.06156987324357033,0.09073567390441895,1,178,1.6938887683832509,68,44,66,18616.78515625,0.3427494466304779,0.24290427565574646,0.4026663899421692,0.18394769728183746,0.21871869266033173,153,20,0,119,-2,13,12,1,0.2752808988764045,0.040609125047922134,0.0,0.09269128739833832,0.10793639719486237,0.025392824783921242,0.10297517478466034,0.0760112926363945,0.032143864780664444,0.010126733221113682,0.0057701230980455875,0.10648611187934875,0.11223258078098297,0.011679871007800102,0.0,0.043848395347595215,0.030676547437906265,0.0006932553369551897,0.0360131673514843,0.09965544939041138,0.06505781412124634,1,0.04788341598290646,-7,3,5,930.140625,-0.013210445642471313,-0.09379865229129791,0.08538630604743958,5,9,0,71,1,0,-0.018297658652940807
g10223.t1,M1UP83,0.9122,39.2,1,207,2.179815486482689,66,47,94,25107.529296875,0.22781571745872498,0.36617252230644226,0.3949277997016907,0.23462040722370148,0.160307377576828,167,18,2,177,-2,15,13,2,0.2898550724637681,0.04696160554885864,0.09580747783184052,0.025824468582868576,0.09573928266763687,0.016992097720503807,0.12592244148254395,0.1388811320066452,0.006098122335970402,0.005502453539520502,0.048347387462854385,0.08712899684906006,0.07317838072776794,0.011084009893238544,0.023388655856251717,0.057974785566329956,0.03251280263066292,0.002955709584057331,0.026043402031064034,0.007952915504574776,0.07170391082763672,1,249,2.125905191754789,98,49,102,25772.75390625,0.2512289583683014,0.39963221549987793,0.3393557667732239,0.1533707082271576,0.18598507344722748,197,27,12,157,-8,13,16,-3,0.28112449799196787,0.09627247601747513,0.08367541432380676,0.057682182639837265,0.12187857180833817,0.019475825130939484,0.049973584711551666,0.03149212896823883,0.014134903438389301,0.08945579826831818,0.06659995019435883,0.17827779054641724,0.007707290817052126,0.009783044457435608,0.016900939866900444,0.024096043780446053,0.019979365170001984,0.0025038428138941526,0.06950005143880844,0.018627939745783806,0.02198283188045025,-42,0.05391029472789999,-32,-2,-8,-665.224609375,-0.023413240909576416,-0.03345969319343567,0.0555720329284668,-30,-9,-10,20,6,5,0.008730574471800256
g18995.t1,M1UVH6,0.9095,72.3,1,179,1.7417721843661573,61,47,71,19546.92578125,0.3295390009880066,0.14910562336444855,0.48805269598960876,0.29835188388824463,0.18970085680484772,158,29,0,190,-1,14,13,1,0.2569832402234637,0.05824337154626846,0.0,0.01831864006817341,0.14505217969417572,0.004734247922897339,0.012942974455654621,0.15329968929290771,0.004411641042679548,0.014030667021870613,0.05840430036187172,0.10837382823228836,0.08132703602313995,0.033302661031484604,0.046867650002241135,0.04454490914940834,0.008823282085359097,0.044648319482803345,0.010369095019996166,0.06156987324357033,0.09073567390441895,1,181,1.6947922435937564,66,39,76,19092.060546875,0.3281002342700958,0.18346725404262543,0.46723824739456177,0.2308328002691269,0.23640546202659607,161,25,1,182,-3,14,13,1,0.27071823204419887,0.017690462991595268,0.0,0.08717284351587296,0.16815611720085144,0.008050322532653809,0.05615272372961044,0.06267669796943665,0.03094841167330742,0.005899566691368818,0.03391061723232269,0.19130893051624298,0.045096538960933685,0.02119429223239422,0.081126868724823,0.04398168995976448,0.0033029289916157722,0.0,0.036714714020490646,0.015486293472349644,0.09113001078367233,-2,0.046979940772400974,-5,8,-5,454.865234375,0.0014387667179107666,-0.03436163067817688,0.020814448595046997,-3,4,-1,8,2,0,-0.013734991820735176
g14428.t1,M1UPG6,0.9064,56.6,1,450,2.439930496781602,170,66,214,32331.359375,0.2069125920534134,0.23861731588840485,0.5281995534896851,0.282654732465744,0.24554480612277985,379,53,25,176,-4,25,31,-6,0.18666666666666668,0.03355560451745987,0.0,0.029736988246440887,0.07412424683570862,0.006969493813812733,0.06587044894695282,0.208530455827713,0.011360212229192257,0.03330172225832939,0.08263600617647171,0.16056080162525177,0.08498400449752808,0.026270601898431778,0.0,0.04011806473135948,0.03419337049126625,0.0,0.038225553929805756,0.0026944968849420547,0.06686792522668839,1,455,2.4962880263871017,164,66,225,35821.0078125,0.21102897822856903,0.2454746514558792,0.5011386871337891,0.18634392321109772,0.31479474902153015,373,51,2,190,-21,20,38,-18,0.2087912087912088,0.047293104231357574,0.0,0.04287322983145714,0.07917677611112595,0.0,0.07810638099908829,0.10716713964939117,0.0004401029145810753,0.05011294409632683,0.08141544461250305,0.2543020248413086,0.06049272418022156,0.04235769435763359,0.0,0.04107380658388138,0.01698293909430504,,0.03821961581707001,0.006661378778517246,0.05332467332482338,-5,-0.05635752960549967,6,0,-11,-3489.6484375,-0.00411638617515564,-0.006857335567474365,0.027060866355895996,6,2,23,-14,17,12,-0.022124542124542124
g1834.t1,M1UT37,0.9059,45.4,1,243,2.863646199693217,119,17,107,34081.64453125,0.2043493390083313,0.19488437473773956,0.5843285322189331,0.5034289360046387,0.08089958876371384,171,14,6,50,32,40,11,29,0.3168724279835391,0.021792588755488396,0.0,0.004544212017208338,0.128874734044075,0.001607608050107956,0.0853864997625351,0.37455418705940247,0.00935889407992363,0.005671632010489702,0.031102029606699944,0.06507990509271622,0.015819676220417023,0.016437815502285957,0.007384344004094601,0.07004983723163605,0.057143453508615494,0.0011342527577653527,0.045636750757694244,0.0009467109339311719,0.057474903762340546,1,248,3.0827091596646223,126,19,103,36040.2734375,0.2368297576904297,0.15400594472885132,0.6082689762115479,0.47634026408195496,0.13192860782146454,195,32,3,43,27,41,20,21,0.3185483870967742,0.00463698897510767,0.0,0.02551494725048542,0.2698310911655426,0.012549425475299358,0.06301860511302948,0.20650923252105713,0.010411004535853863,0.06289584189653397,0.028800731524825096,0.09274902194738388,0.039179589599370956,0.0008952612988650799,0.04610595107078552,0.014592758379876614,0.003849623491987586,0.009400243870913982,0.03458917886018753,0.01468228455632925,0.05978810787200928,-5,-0.21906295997140512,-7,-2,4,-1958.62890625,-0.03248041868209839,0.040878430008888245,-0.023940443992614746,-24,-18,3,7,5,8,-0.0016759591132350926
g1082.t1,M1UW23,0.9036,54.8,1,185,2.5258546201278564,48,43,94,28348.470703125,0.16636575758457184,0.08881130814552307,0.6678089499473572,0.5551813840866089,0.11262751370668411,138,15,8,11,23,31,10,21,0.31891891891891894,0.011606411077082157,0.0,0.0,0.20386257767677307,0.02441323734819889,0.0037957660388201475,0.3513188362121582,0.02787378802895546,0.02845432236790657,0.0041277119889855385,0.11017542332410812,0.002452083397656679,0.07701397687196732,0.021819185465574265,0.045299284160137177,0.005121778231114149,0.00022763459128327668,0.01699439249932766,0.021511467173695564,0.04393208399415016,1,197,2.7411443865649128,49,44,104,30719.658203125,0.18451550602912903,0.21281199157238007,0.5570738315582275,0.4638499617576599,0.09322383254766464,136,12,3,22,24,34,11,23,0.3604060913705584,0.022304102778434753,0.0,0.05019809678196907,0.34042438864707947,0.0405149981379509,0.03685133159160614,0.12342560291290283,0.04014690965414047,0.06847234815359116,0.0004109468136448413,0.04292159155011177,0.050302233546972275,0.04559863731265068,0.009123413823544979,0.010713261552155018,0.0038861827924847603,0.0,0.07258370518684387,0.0,0.04212220385670662,-12,-0.21528976643705633,-1,-1,-10,-2371.1875,-0.01814974844455719,-0.124000683426857,0.11073511838912964,2,3,5,-11,-1,-2,-0.041487172451639465
g5143.t1,M1V6E4,0.9008,45.5,1,157,2.3393191713766366,52,7,98,24988.287109375,0.18236006796360016,0.1605941653251648,0.6408818364143372,0.5511572360992432,0.08972473442554474,95,3,2,32,37,31,5,26,0.3503184713375796,0.030416131019592285,0.0,0.03814367577433586,0.38349735736846924,0.01907440461218357,0.0073457565158605576,0.16765981912612915,0.027002613991498947,0.0,0.051380399614572525,0.037477973848581314,0.05224675312638283,0.01616382971405983,0.01871979609131813,0.020401330664753914,0.012653988786041737,,0.025374876335263252,0.01032978855073452,0.08211150020360947,1,189,2.2618751216257342,76,30,83,25446.625,0.22859680652618408,0.1580391675233841,0.6021828055381775,0.4987812936306,0.10340148210525513,131,12,1,43,30,31,10,21,0.31746031746031744,0.02934664487838745,0.0,0.08206015080213547,0.38248172402381897,0.03666764125227928,0.041489578783512115,0.11629961431026459,0.02854788675904274,0.023538004606962204,0.016027970239520073,0.05043008178472519,0.05297140032052994,0.011181214824318886,0.012806459330022335,0.019526680931448936,0.007184046320617199,0.0,0.005959441419690847,0.006086237728595734,0.07739522308111191,-32,0.07744404975090236,-24,-23,15,-458.337890625,-0.04623673856258392,0.0025549978017807007,0.03869903087615967,-36,-9,1,-11,7,5,0.03285815387726215
g1275.t1,M1V413,0.8958,19.5,1,349,2.1422740814549726,36,162,151,25549.08203125,0.2141849398612976,0.21629486978054047,0.5693963766098022,0.3353751301765442,0.23402121663093567,340,38,83,265,-2,31,22,9,0.18624641833810887,0.009806891903281212,0.00037022691685706377,0.031451109796762466,0.1855563074350357,0.0,0.07348886132240295,0.1498187929391861,0.028438767418265343,0.014990860596299171,0.06028947979211807,0.18323104083538055,0.05079018697142601,0.00012388653703965247,0.011853810399770737,0.023472318425774574,0.02235836535692215,0.021780606359243393,0.04390062391757965,0.0,0.08827788382768631,1,368,2.3490486101255255,12,169,187,33452.875,0.2143283486366272,0.2226964384317398,0.5397742986679077,0.3554638624191284,0.1843104213476181,329,26,24,225,-3,28,20,8,0.23097826086956522,0.07174307852983475,0.04549463465809822,0.007963611744344234,0.3341403603553772,0.02374904975295067,0.03650931641459465,0.021323518827557564,0.00830073468387127,0.03737630695104599,0.01502575445920229,0.1660887897014618,0.018221639096736908,0.02320089004933834,0.0,0.03484471142292023,0.030617043375968933,0.0,0.021873869001865387,0.024787776172161102,0.07873889058828354,-19,-0.2067745286705529,24,-7,-36,-7903.79296875,-0.00014340877532958984,-0.006401568651199341,0.02962207794189453,11,12,59,40,1,1,-0.044731842531456345
g7761.t1,M1VGA8,0.8954,57.8,1,590,3.21443410175121,293,95,202,49414.30859375,0.325496643781662,0.19474786520004272,0.4579184353351593,0.2878328859806061,0.17008554935455322,524,68,6,52,0,40,35,5,0.21016949152542372,0.026265747845172882,0.0003917747235391289,0.06525944918394089,0.13873544335365295,0.02675754390656948,0.04665030166506767,0.14909742772579193,0.029002217575907707,0.049243293702602386,0.025761956349015236,0.11683914065361023,0.05324642360210419,0.02183704823255539,0.011352774687111378,0.00992496032267809,0.012247323989868164,0.0,0.039918314665555954,0.08167893439531326,0.09578991681337357,1,586,3.010070041038992,287,95,204,45429.7109375,0.2916175127029419,0.3139761984348297,0.37977486848831177,0.22996746003627777,0.1498074233531952,533,86,2,30,-7,38,36,2,0.19795221843003413,0.04984423518180847,0.017291104421019554,0.04700900986790657,0.10695824027061462,0.05344511941075325,0.08217649161815643,0.12300921231508255,0.020728278905153275,0.048959072679281235,0.0349602997303009,0.10579098016023636,0.04401646554470062,0.014631491154432297,0.015807325020432472,0.003409095574170351,0.032002147287130356,0.002769890008494258,0.05553063377737999,0.03095623478293419,0.11070471256971359,4,0.2043640607122179,6,0,-2,3984.59765625,0.03387913107872009,-0.11922833323478699,0.07814356684684753,-9,-18,4,22,7,3,0.012217273095389586
g3012.t1,M1UN94,0.8953,37.0,1,150,1.603613286869384,55,31,64,16971.275390625,0.09639070183038712,0.15950754284858704,0.743911623954773,0.4989701807498932,0.24494150280952454,138,14,1,115,4,20,12,8,0.26666666666666666,0.01401179563254118,0.0,0.002471535000950098,0.02770300582051277,0.0,0.057706039398908615,0.47126710414886475,0.0,0.0041825976222753525,0.08208616822957993,0.11229568719863892,0.13264580070972443,0.00019011808035429567,0.0015209446428343654,0.04277656599879265,0.0,0.0014884262345731258,0.00570354238152504,0.02528136782348156,0.018669258803129196,1,158,1.6380339878630594,59,34,65,16905.857421875,0.2557383179664612,0.19496870040893555,0.5093103051185608,0.330575555562973,0.17873473465442657,129,18,0,97,-1,15,8,7,0.25949367088607594,0.01505944225937128,0.0,0.05436721071600914,0.3011558949947357,0.0005725612281821668,0.1293400228023529,0.02941961959004402,0.008765621110796928,0.030536601319909096,0.013480150140821934,0.06714092940092087,0.1115938127040863,0.03998275473713875,0.0026719525922089815,0.1224839985370636,0.010878663510084152,0.0009542686748318374,0.02775091864168644,0.013932323083281517,0.019913312047719955,-8,-0.034420700993675446,-4,-3,-1,65.41796875,-0.15934761613607407,-0.03546115756034851,0.23460131883621216,9,-4,1,18,5,1,0.0071729957805907185
g8272.t1,O22022,0.8939,31.4,1,105,1.2689113732412907,42,29,34,12866.880859375,0.22228989005088806,0.17020253837108612,0.606504499912262,0.36402755975723267,0.24247688055038452,94,11,1,102,-2,14,12,2,0.3523809523809524,0.0,0.0,0.0,,0.01902945339679718,0.015299538150429726,0.36402755975723267,0.0,0.013671944849193096,0.04145314171910286,0.22845207154750824,0.014024828560650349,0.0010030546691268682,0.005636072717607021,0.0599096454679966,0.0,0.04448729380965233,0.0944204181432724,0.031094692647457123,0.06749023497104645,1,102,1.2660112633351177,37,28,37,12841.197265625,0.29635462164878845,0.21288113296031952,0.44494983553886414,0.2602367103099823,0.18471315503120422,88,6,1,73,-2,7,9,-2,0.35294117647058826,0.027233239263296127,0.0,0.09201878309249878,0.126295268535614,0.00025126521359197795,0.0645187646150589,0.1339414119720459,0.006167061161249876,0.0034375146497040987,0.09164594858884811,0.16845619678497314,0.01625698246061802,0.04581429809331894,0.029323561117053032,0.06784160435199738,0.0012334121856838465,0.04188777506351471,0.02306484617292881,0.026634113863110542,0.033977873623371124,3,0.002900109906172954,5,1,-3,25.68359375,-0.07406473159790039,-0.0426785945892334,0.16155466437339783,6,5,0,29,0,4,-0.0005602240896358524
g989.t1,M1VCT9,0.8928,55.9,1,140,2.8686087486956064,71,6,63,26767.908203125,0.296612948179245,0.26669663190841675,0.42966118454933167,0.3389461636543274,0.09071499109268188,103,6,0,16,8,19,13,6,0.4785714285714286,0.010442446917295456,0.0,0.01735745184123516,0.12001335620880127,0.007982601411640644,0.15773144364356995,0.2189328372478485,0.01216532289981842,0.019715240225195885,0.01888875663280487,0.0828804075717926,0.007834582589566708,0.007029212545603514,0.010125179775059223,0.0915667861700058,0.039656952023506165,0.007179549429565668,0.05948610231280327,0.004942052066326141,0.10606973618268967,1,133,2.80114440150362,66,6,61,25185.74609375,0.21687057614326477,0.15505562722682953,0.607753574848175,0.45393016934394836,0.1538233906030655,84,6,0,16,13,21,12,9,0.39849624060150374,0.07404769957065582,0.0,0.012939111329615116,0.2802186906337738,0.009127537719905376,0.03326382115483284,0.17371149361133575,0.004172137007117271,0.00640550022944808,0.02036402001976967,0.10226837545633316,0.051555026322603226,0.02032025344669819,0.04965078830718994,0.028829792514443398,0.022160112857818604,,0.014080419205129147,0.00640550022944808,0.0904797837138176,7,0.06746434719198646,5,0,2,1582.162109375,0.07974237203598022,0.11164100468158722,-0.17809239029884338,19,0,0,0,-5,-3,0.08007518796992485
g12290.t1,M1VGS3,0.8919,45.1,1,156,2.478647148409182,61,19,76,28795.35546875,0.46132615208625793,0.18214641511440277,0.3107251226902008,0.270952433347702,0.03977271541953087,98,8,0,84,16,20,5,15,0.391025641025641,0.053012605756521225,0.008965147659182549,0.1173195093870163,0.1960073560476303,0.005826297216117382,0.023854048922657967,0.07494505494832993,0.0012044596951454878,0.008515870198607445,0.05270485207438469,0.03778134286403656,0.001991370925679803,0.045802321285009384,0.08208048343658447,0.12069057673215866,0.0,0.008959812112152576,0.03657899051904678,0.04446122795343399,0.07929869741201401,1,151,1.7013411013084212,78,19,54,18645.32421875,0.2626176178455353,0.13730065524578094,0.5820946097373962,0.4262242317199707,0.15587037801742554,122,15,0,26,11,21,6,15,0.26490066225165565,0.02922779507935047,0.0,0.0,0.36590293049812317,0.02139381133019924,0.07718770205974579,0.060321275144815445,0.0,0.10583429783582687,0.0013580615632236004,0.152614027261734,0.0032563605345785618,0.017987174913287163,0.0,0.08304303139448166,0.019208386540412903,0.0013843884225934744,0.008133281953632832,0.0,0.05314752086997032,5,0.7773060471007607,-17,0,22,10150.03125,0.19870853424072266,0.044845759868621826,-0.27136948704719543,-24,-7,0,58,5,0,0.12612497877398537
g6448.t1,Q85FZ0,0.8916,39.2,1,129,2.873380461765209,47,2,80,29817.890625,0.3604658544063568,0.28795358538627625,0.33668777346611023,0.21522262692451477,0.12146514654159546,82,7,0,52,-3,12,13,-1,0.49612403100775193,0.05483440309762955,0.013794668018817902,0.0896371454000473,0.14850811660289764,0.016185754910111427,0.07070018351078033,0.06671451777219772,0.049151040613651276,0.010144452564418316,0.060293424874544144,0.06915488839149475,0.0523102693259716,0.01489280629903078,0.0,0.046836968511343,0.008759946562349796,0.05787429213523865,0.022994114086031914,0.07929206639528275,0.0679209902882576,1,91,1.401176146340873,58,2,31,14453.31640625,0.09349223971366882,0.5292075872421265,0.3208944797515869,0.04821685329079628,0.27267760038375854,84,2,0,0,-12,3,14,-11,0.3956043956043956,0.07648679614067078,,0.07206553220748901,0.02146988920867443,0.0242458488792181,0.192325159907341,0.026746967807412148,0.0,0.0,0.21516534686088562,0.1835707128047943,0.08910684287548065,0.0564056932926178,0.0,0.0033485873136669397,0.0,,0.020984482020139694,0.0,0.01807812601327896,38,1.4722043154243358,-11,0,49,15364.57421875,0.266973614692688,-0.24125400185585022,0.015793293714523315,-2,5,0,52,9,10,0.10051963540335634
g12109.t1,M1VL63,0.8907,44.1,1,109,2.721759771145236,29,25,55,27430.169921875,0.2697376608848572,0.1524025797843933,0.5504588484764099,0.49540975689888,0.0550491027534008,58,6,0,27,17,23,9,14,0.5137614678899083,0.0,0.0,0.12316965311765671,0.2814917266368866,0.028251832351088524,0.03804691508412361,0.2139180302619934,0.032210465520620346,0.01662803441286087,0.0340069904923439,0.054589323699474335,0.0004597836232278496,0.02740090899169445,0.007998679764568806,0.07569588720798492,0.01003552507609129,0.00882438663393259,0.019886378198862076,0.0007057658513076603,0.026679717004299164,1,162,2.6113707911587696,31,34,97,30387.986328125,0.39201247692108154,0.14930248260498047,0.41983357071876526,0.35346463322639465,0.06636891514062881,92,10,0,40,20,25,7,18,0.4382716049382716,0.005839808844029903,0.04047534242272377,0.03173280134797096,0.24436470866203308,0.026673974469304085,0.0291220061480999,0.10909990966320038,0.027357369661331177,0.1119023859500885,0.016484683379530907,0.05344729125499725,0.012921624816954136,0.03885151073336601,0.031862854957580566,0.07687311619520187,0.05045616999268532,,0.0033492932561784983,0.040917061269283295,0.04826805740594864,-53,0.11038897998646657,-2,-9,-42,-2957.81640625,-0.12227481603622437,0.003100097179412842,0.13062527775764465,-34,-4,0,-13,-3,-4,0.07548986295163668
g1275.t1,M1V567,0.8897,25.1,1,349,2.1422740814549726,36,162,151,25549.08203125,0.2141849398612976,0.21629486978054047,0.5693963766098022,0.3353751301765442,0.23402121663093567,340,38,83,265,-2,31,22,9,0.18624641833810887,0.009806891903281212,0.00037022691685706377,0.031451109796762466,0.1855563074350357,0.0,0.07348886132240295,0.1498187929391861,0.028438767418265343,0.014990860596299171,0.06028947979211807,0.18323104083538055,0.05079018697142601,0.00012388653703965247,0.011853810399770737,0.023472318425774574,0.02235836535692215,0.021780606359243393,0.04390062391757965,0.0,0.08827788382768631,1,313,1.861353329520578,3,172,138,21498.42578125,0.22632193565368652,0.23740768432617188,0.5090425610542297,0.2920822501182556,0.2169603556394577,289,20,68,253,-6,20,16,4,0.18210862619808307,0.014134694822132587,0.0007333062239922583,0.026250820606946945,0.16459044814109802,0.01857217215001583,0.11946693807840347,0.1274917721748352,0.018223632127046585,0.03965563699603081,0.02191789261996746,0.16881734132766724,0.048142991960048676,0.02722771279513836,0.0019271261990070343,0.04945845529437065,0.023334236815571785,0.008254560641944408,0.044359058141708374,0.010768330655992031,0.06667279452085495,36,0.2809207519343946,33,-10,13,4050.65625,-0.012136995792388916,-0.02111281454563141,0.06035381555557251,51,18,15,12,4,5,0.004137792140025798
g12859.t1,M1V790,0.8894,27.4,1,306,2.6596841160198896,153,0,153,30728.12890625,0.20096924901008606,0.2567608058452606,0.45194587111473083,0.2208007574081421,0.23114512860774994,247,14,1,237,-20,18,25,-7,0.2581699346405229,0.057777754962444305,0.0032966916915029287,0.04292915016412735,0.08386304974555969,0.014114901423454285,0.09086789190769196,0.1369377076625824,0.0015391366323456168,0.016061466187238693,0.06508316099643707,0.1380547285079956,0.09309039264917374,0.0903240218758583,0.017623420804739,0.009345268830657005,0.04896458983421326,0.0,0.024081269279122353,0.02121060900390148,0.04483475908637047,1,251,2.168589501488592,139,4,108,22505.396484375,0.3103330731391907,0.2230624556541443,0.4471539556980133,0.2703700065612793,0.1767839938402176,241,30,0,17,-8,14,20,-6,0.2350597609561753,0.06364882737398148,0.0,0.04988214373588562,0.16671082377433777,0.014215829782187939,0.0783330574631691,0.10365919023752213,0.010468659922480583,0.033573731780052185,0.026260340586304665,0.15828436613082886,0.018499618396162987,0.01945052109658718,0.008028590120375156,0.10117283463478088,0.0,0.022786738350987434,0.030135730281472206,0.0,0.0948890820145607,55,0.49109461453129777,14,-4,45,8222.732421875,-0.10936382412910461,0.03369835019111633,0.004791915416717529,6,-16,1,220,-12,-1,0.02311017368434759
g14442.t1,M1UV30,0.8854,49.3,1,166,2.0664616875148276,88,14,64,21574.732421875,0.17131900787353516,0.15461423993110657,0.6585189700126648,0.2952336370944977,0.3632853925228119,153,19,4,93,-11,17,28,-11,0.3313253012048193,0.033477336168289185,0.0,0.0067298440262675285,0.08206142485141754,0.002195547567680478,0.038698695600032806,0.21317221224308014,0.0,0.015254313126206398,0.04423175007104874,0.24035130441188812,0.12293408811092377,0.015547730028629303,0.0,0.048291683197021484,0.0,0.009709510020911694,0.036010898649692535,0.001794625073671341,0.08953902870416641,1,170,2.160231629203418,89,14,67,23129.63671875,0.23403555154800415,0.18147294223308563,0.5046562552452087,0.16671667993068695,0.3379395604133606,137,13,3,104,-14,10,24,-14,0.34705882352941175,0.02382110245525837,0.0005651242681778967,0.020227260887622833,0.1050194650888443,0.023127665743231773,0.03473189100623131,0.06169721484184265,0.0029989962931722403,0.03708704188466072,0.05245749279856682,0.2349681705236435,0.10297141224145889,0.07983528822660446,0.0008369901333935559,0.07807455211877823,0.0,0.01896381750702858,0.0437706783413887,0.003766455687582493,0.07507942616939545,-4,-0.09376994168859021,-1,0,-3,-1554.904296875,-0.062716543674469,-0.026858702301979065,0.15386271476745605,16,6,1,-11,3,3,-0.015733522324592464
g3111.t1,M1VAB6,0.8851,34.1,1,163,1.6772262322248805,59,55,49,17623.921875,0.2125270664691925,0.22585706412792206,0.5616159439086914,0.31399524211883545,0.24762064218521118,153,31,0,321,-8,17,18,-1,0.294478527607362,0.08394932746887207,,0.0,0.0,0.0,0.01327626220881939,0.31399524211883545,0.003603118471801281,0.0043896897695958614,0.07432059943675995,0.0808686763048172,0.16675196588039398,0.0,0.007335054688155651,0.13546797633171082,0.04111922159790993,0.0,0.05070775747299194,0.0,0.024215131998062134,1,169,1.6878216626777713,56,48,65,18215.62109375,0.22478163242340088,0.21369569003582,0.5585113763809204,0.23386619985103607,0.3246452212333679,142,27,1,141,-12,14,21,-7,0.30177514792899407,0.03925326094031334,0.00871935486793518,0.0008856536005623639,0.0071714106015861034,0.047373123466968536,0.032751765102148056,0.22669477760791779,0.012165483087301254,0.0843534916639328,0.07204797118902206,0.19612987339496613,0.1285153478384018,0.0030112224631011486,0.015438087284564972,0.03672204166650772,0.008103592321276665,0.0,0.0013847392983734608,0.05036696419119835,0.028911791741847992,-6,-0.010595430452890797,3,7,-16,-591.69921875,-0.012254565954208374,0.01216137409210205,0.003104567527770996,11,4,-1,180,4,6,-0.007296620321632086
g3016.t1,M1VFY5,0.8842,34.3,1,234,4.996792984144962,159,21,54,35438.21875,0.19714266061782837,0.23393212258815765,0.529402494430542,0.379173219203949,0.1502292901277542,219,28,10,11,4,33,26,7,0.452991452991453,0.007281405385583639,0.0,0.032782889902591705,0.13492220640182495,0.015123623423278332,0.12416601181030273,0.24425102770328522,0.0064103733748197556,0.013222298584878445,0.06905704736709595,0.127893328666687,0.022335955873131752,0.039522670209407806,0.025766322389245033,0.03104054182767868,0.010197272524237633,,0.011893670074641705,0.02894674427807331,0.055186592042446136,1,241,5.005123400483831,176,22,43,35201.8359375,0.24615757167339325,0.26723960041999817,0.48193004727363586,0.2603491246700287,0.22158095240592957,237,24,1,28,-6,28,30,-2,0.43983402489626555,0.02708796225488186,0.0031562133226543665,0.07948346436023712,0.21574512124061584,0.0009977947920560837,0.1262601763010025,0.044603992253541946,0.008084177039563656,0.035561393946409225,0.06208847835659981,0.16255301237106323,0.05902792513370514,0.004672838840633631,0.018515007570385933,0.025481052696704865,0.007149359676986933,,0.0395648218691349,0.030155634507536888,0.04981166124343872,-7,-0.008330416338869107,-17,-1,11,236.3828125,-0.04901491105556488,-0.033307477831840515,0.04747244715690613,-18,4,9,-17,10,9,0.01315742809518744
g19569.t1,M1UWQ6,0.8815,50.7,1,144,2.7625355572844077,46,32,66,27741.259765625,0.14425019919872284,0.12080865353345871,0.7198118567466736,0.5421422719955444,0.17766962945461273,97,8,0,120,15,30,16,14,0.4513888888888889,0.0,0.0,0.006048046052455902,0.10192598402500153,0.006695515476167202,0.014147995039820671,0.4402162730693817,0.004160591866821051,0.05100569128990173,0.025983745232224464,0.11092915385961533,0.0667404755949974,0.015129336155951023,0.00046523427590727806,0.0032566399313509464,0.006156399380415678,0.004303417168557644,0.06982080638408661,0.0,0.0730147510766983,1,131,1.934546633816497,30,33,68,20872.697265625,0.2013840526342392,0.12994258105754852,0.6233551502227783,0.3810441493988037,0.24231097102165222,83,12,0,94,4,17,13,4,0.3435114503816794,0.013121377676725388,0.0,0.0,0.13086101412773132,0.016388259828090668,0.040279027074575424,0.2501831352710724,0.0,0.022589653730392456,0.02290811948478222,0.16374675929546356,0.07856420427560806,0.045318301767110825,0.015149048529565334,0.052403345704078674,0.015612795948982239,,0.037245798856019974,0.010202421806752682,0.08542677760124207,13,0.8279889234679108,16,-1,-2,6868.5625,-0.05713385343551636,-0.009133927524089813,0.09645670652389526,14,-4,0,26,11,10,0.10787743850720949
g11756.t1,M1VC63,0.8811,36.2,1,134,1.8975037254834155,58,23,53,19460.09375,0.40138357877731323,0.25209930539131165,0.33398672938346863,0.2036444991827011,0.1303422451019287,108,9,0,106,2,13,8,5,0.3582089552238806,0.016112633049488068,0.0,0.040455982089042664,0.15223559737205505,0.009020895697176456,0.054768018424510956,0.05140890181064606,0.1152421236038208,0.0,0.02376524917781353,0.07680653035640717,0.05353568494319916,0.012530367821455002,0.000994819332845509,0.10953167080879211,0.009940632618963718,0.14444735646247864,0.03319036588072777,0.04654534161090851,0.04946776106953621,1,110,1.4024597643502388,51,21,38,14459.9326171875,0.29973557591438293,0.1187618300318718,0.5797175765037537,0.42545896768569946,0.154258593916893,90,7,0,55,4,15,10,5,0.33636363636363636,0.02007145807147026,,0.034809377044439316,0.40376725792884827,0.011455596424639225,0.034321580082178116,0.021691687405109406,0.01834741048514843,0.052214063704013824,0.03020479343831539,0.0913126990199089,0.06294587254524231,0.0017850961303338408,0.0019624484702944756,0.02453998290002346,0.12932001054286957,0.0,0.004360996652394533,0.042842306196689606,0.014047383330762386,24,0.4950439611331767,7,2,15,5000.1611328125,0.1016480028629303,0.13333747535943985,-0.24573084712028503,18,2,0,51,-2,0,0.02184531886024421
g10268.t3,M1VIC6,0.8802,62.4,1,692,3.463541666437159,249,173,270,55948.4921875,0.2163972407579422,0.25248050689697266,0.5173553228378296,0.37840908765792847,0.13894623517990112,606,101,6,110,7,61,32,29,0.2153179190751445,0.05272052437067032,0.0,0.023282431066036224,0.16768698394298553,0.03056117333471775,0.09516490250825882,0.21072210371494293,0.03548869118094444,0.030981600284576416,0.029309185221791267,0.08485826104879379,0.05408798158168793,0.013766856864094734,0.00668971287086606,0.04819837957620621,0.014868145808577538,0.005154614802449942,0.009236032143235207,0.046412110328674316,0.04081026837229729,1,691,3.5300111298194787,258,179,254,56538.9375,0.2077932208776474,0.29050278663635254,0.4901522994041443,0.3342905044555664,0.1558617502450943,636,100,0,114,-4,54,41,13,0.22141823444283648,0.07543841749429703,0.0,0.0317247174680233,0.16757598519325256,0.04242740198969841,0.11027048528194427,0.16671450436115265,0.011281950399279594,0.042111337184906006,0.01839621737599373,0.10376644134521484,0.05209531635046005,0.011551731266081333,0.0,0.03699139133095741,0.017623325809836388,0.0,0.03268830105662346,0.027317672967910767,0.05202479287981987,1,-0.06646946338231974,-9,-6,16,-590.4453125,0.0086040198802948,-0.03802227973937988,0.027203023433685303,-30,1,6,-4,11,16,-0.006100315367691983
g9659.t1,M1UVU1,0.877,48.2,1,411,5.047028024967083,179,32,200,55979.94921875,0.14776694774627686,0.1657632440328598,0.6598882079124451,0.5649566650390625,0.09493153542280197,289,32,2,87,60,75,17,58,0.3284671532846715,0.01624291203916073,0.008264079689979553,0.0242560226470232,0.24479930102825165,0.03661646321415901,0.04609902575612068,0.32015737891197205,0.018571164458990097,0.018917890265583992,0.021589025855064392,0.059811782091856,0.03511975333094597,0.026581596583127975,0.0221196748316288,0.02134673111140728,0.012795532122254372,0.008159319870173931,0.018380574882030487,0.02098006382584572,0.01919170282781124,1,382,4.444405663269354,145,38,199,49479.9375,0.2541172504425049,0.1884341537952423,0.5231600999832153,0.429241418838501,0.09391868114471436,268,25,3,68,40,54,17,37,0.32460732984293195,0.0380660705268383,0.0,0.04947721213102341,0.3078903257846832,0.03684936463832855,0.025517752394080162,0.12135104835033417,0.014469674788415432,0.04236643388867378,0.03151359781622887,0.062009844928979874,0.031908828765153885,0.03428856283426285,0.017715878784656525,0.04193355515599251,0.03912873938679695,0.01822732202708721,0.042017679661512375,0.02070232480764389,0.024565793573856354,29,0.6026223616977289,34,-6,1,6500.01171875,-0.10635030269622803,-0.022670909762382507,0.13672810792922974,21,7,-1,19,20,21,0.003859823441739574
g11863.t1,M1UT95,0.877,44.0,1,496,2.5830976233896292,203,85,208,33827.1171875,0.3025849461555481,0.24902601540088654,0.41083383560180664,0.21288159489631653,0.19795222580432892,431,59,6,400,-10,26,26,0,0.1935483870967742,0.032639503479003906,0.006955370772629976,0.08288602530956268,0.08358890563249588,0.006485773250460625,0.07619676738977432,0.12929268181324005,0.000858450832311064,0.010492176748812199,0.08306139707565308,0.08783968538045883,0.11011254042387009,0.03755522891879082,0.009156809188425541,0.06177366524934769,0.002148152096197009,0.03778368607163429,0.04282873496413231,0.04060506820678711,0.05773934721946716,1,531,2.5303606984519202,223,83,225,34505.11328125,0.3097538650035858,0.25046205520629883,0.42549750208854675,0.21983520686626434,0.205662339925766,492,70,3,234,-12,23,27,-4,0.17890772128060264,0.08097033202648163,0.0,0.06787490099668503,0.2062511295080185,0.008443252183496952,0.086117684841156,0.013584033586084843,0.009218745864927769,0.05119343474507332,0.0137473801150918,0.11548325419425964,0.09017907083034515,0.01428669411689043,0.0,0.056883156299591064,0.013125106692314148,0.02578365057706833,0.051964666694402695,0.022068174555897713,0.07282541692256927,-35,0.052736924937708984,-20,2,-17,-677.99609375,-0.00716891884803772,-0.0014360398054122925,-0.014663666486740112,-61,-11,3,166,2,4,0.014640665816171544
g5964.t1,M1VEP0,0.8733,28.0,1,257,2.890078713983306,58,49,150,36655.14453125,0.3190099000930786,0.31345880031585693,0.30644720792770386,0.18326003849506378,0.12318716198205948,189,27,4,185,0,20,16,4,0.35019455252918286,0.0,0.050422895699739456,0.04506848007440567,0.035541944205760956,0.013111067935824394,0.13569091260433197,0.14771808683872223,0.01762411557137966,0.008846311829984188,0.02295568957924843,0.08826404064893723,0.03492312878370285,0.06108405068516731,0.019421279430389404,0.030544182285666466,0.012675510719418526,0.0,0.07365413010120392,0.15617649257183075,0.046277642250061035,1,222,1.987557291987673,67,49,106,21240.177734375,0.29311731457710266,0.15672241151332855,0.5495642423629761,0.32162535190582275,0.22793886065483093,198,32,1,94,-2,18,18,0,0.23873873873873874,0.03802601620554924,0.0,0.016077496111392975,0.09553329646587372,0.0038664815947413445,0.047412361949682236,0.22609205543994904,0.01526947133243084,0.06311000883579254,0.050663646310567856,0.11066727340221405,0.11727156490087509,0.0005960754933767021,0.019292276352643967,0.12255092710256577,0.011538058519363403,0.0,0.0014844442484900355,0.0033177260775119066,0.05723082646727562,35,0.9025214219956332,-9,0,44,15414.966796875,0.025892585515975952,0.15673638880252838,-0.24311703443527222,-9,-5,3,91,2,4,0.11145581379044411
g9728.t1,M1VI49,0.8712,71.9,1,95,1.8080708015595255,9,22,64,16641.54296875,0.38505157828330994,0.3428803086280823,0.2622095048427582,0.18945060670375824,0.07275888323783875,48,1,21,51,8,10,4,6,0.42105263157894735,0.060312893241643906,0.004362109582871199,0.13782572746276855,0.01806880533695221,0.045340146869421005,0.0917636901140213,0.17138181626796722,0.04297877103090286,0.0011633102549239993,0.042325422167778015,0.06953798234462738,0.003220900660380721,0.009858640842139721,0.07285033166408539,0.03308803588151932,0.02811332978308201,,0.055797282606363297,0.014347492717206478,0.09766332060098648,1,85,1.8178108906797952,6,22,57,15713.611328125,0.3488772213459015,0.32606568932533264,0.2822960913181305,0.1661132276058197,0.11618286371231079,48,4,15,44,6,8,4,4,0.4588235294117647,0.035278793424367905,0.012851166538894176,0.19830630719661713,0.08921626210212708,0.0686541274189949,0.14561448991298676,0.07689698785543442,0.0,0.027276717126369476,0.0,0.07685484737157822,0.03932802006602287,0.04276099428534508,0.011022523045539856,0.006533253006637096,0.04249955713748932,,0.06366708874702454,0.02110263891518116,0.042136214673519135,10,-0.00974008912026969,3,0,7,927.931640625,0.03617435693740845,0.016814619302749634,-0.020086586475372314,0,-3,6,7,2,2,-0.03777089783281734
g19605.t1,M1UUV8,0.8697,39.4,1,211,3.1603068729060575,90,10,111,36990.1796875,0.22083789110183716,0.1375708281993866,0.6415911912918091,0.4842310845851898,0.15736012160778046,123,12,0,3,40,47,13,34,0.4028436018957346,0.006339737214148045,0.009269202128052711,0.03355061635375023,0.18168510496616364,0.010651377029716969,0.047006502747535706,0.302545964717865,0.03514320030808449,0.029732510447502136,0.004448233172297478,0.15335193276405334,0.004008196294307709,,0.008984391577541828,0.033383842557668686,0.01788155734539032,0.002965721534565091,0.024712566286325455,0.03837992250919342,0.0559593066573143,1,212,2.9851508663055175,91,10,111,35085.8828125,0.11296553909778595,0.19770558178424835,0.6431393027305603,0.5425593256950378,0.10057996958494186,153,24,3,45,34,45,12,33,0.3584905660377358,0.004315895028412342,0.0,0.01606179215013981,0.2853491008281708,0.004228475037962198,0.07083544880151749,0.2572101950645447,0.01939040794968605,0.019464366137981415,0.05312325805425644,0.07124000787734985,0.029339954257011414,0.04618969187140465,0.019863657653331757,0.011290283873677254,0.0013794207479804754,0.002758841495960951,0.04581210017204285,0.024645648896694183,0.017501525580883026,-1,0.17515600660053998,-1,0,0,1904.296875,0.10787235200405121,-0.060134753584861755,-0.0015481114387512207,-30,-12,-3,-42,6,1,0.04435303585799877
g6532.t2,M1VBX6,0.8682,26.6,1,229,2.5179034593369156,77,30,122,26914.435546875,0.1520087718963623,0.3456436097621918,0.4992307722568512,0.3612622618675232,0.1379685252904892,163,18,3,185,8,26,18,8,0.314410480349345,0.0718287006020546,0.0,0.010189937427639961,0.16351740062236786,0.029099861159920692,0.09117484092712402,0.19774486124515533,0.05691145732998848,0.0600251629948616,0.08955573290586472,0.05214748531579971,0.08582104742527008,0.0031169219873845577,0.010184095241129398,0.028212424367666245,0.02517514117062092,0.0,0.007073015905916691,0.018222006037831306,0.0,1,223,2.456506254464391,71,24,128,30464.7265625,0.26290756464004517,0.26796290278434753,0.4275015592575073,0.24767538905143738,0.17982615530490875,149,10,1,101,0,18,17,1,0.33183856502242154,0.05785299837589264,0.0,0.04362770915031433,0.14679588377475739,0.019578030332922935,0.0783754363656044,0.10087950527667999,0.017722342163324356,0.0524207279086113,0.03302678093314171,0.136011004447937,0.043815143406391144,0.04162788763642311,0.005825099069625139,0.05017036944627762,0.007096029352396727,0.022132961079478264,0.061407335102558136,0.020442884415388107,0.06119177117943764,6,0.06139720487252465,6,6,-6,-3550.291015625,-0.11089879274368286,0.07768070697784424,0.07172921299934387,14,8,2,84,8,7,-0.01742808467307655
g11087.t1,M1V5U4,0.8671,92.2,1,103,2.274646028889123,49,0,54,22393.53125,0.2290414720773697,0.12820476293563843,0.6029806733131409,0.5717524886131287,0.031228255480527878,71,10,0,20,18,24,4,20,0.42718446601941745,0.022122763097286224,,0.05518411099910736,0.2536715567111969,0.061176322400569916,0.00471204798668623,0.3180809020996094,0.034028712660074234,0.04209933802485466,0.001554237212985754,0.02653590217232704,0.004692354239523411,0.039773084223270416,0.0022659229580312967,0.010518120601773262,0.021468494087457657,,0.004610683303326368,0.0037461803294718266,0.09375931322574615,1,103,2.2923073823980515,49,0,54,22752.037109375,0.20007500052452087,0.17630092799663544,0.5893101096153259,0.5613390803337097,0.027971047908067703,71,12,0,20,18,24,4,20,0.44660194174757284,0.022461112588644028,,0.06685514748096466,0.3088875114917755,0.10267450660467148,0.005910351872444153,0.2524515986442566,0.033601999282836914,0.0018435755046084523,0.005564666353166103,0.021802380681037903,0.006168665364384651,0.034313932061195374,0.01701761968433857,0.010068759322166443,0.008225183002650738,,0.006088281981647015,0.003687151474878192,0.09237756580114365,0,-0.017661353508928723,0,0,0,-358.505859375,0.028966471552848816,-0.04809616506099701,0.013670563697814941,0,-2,0,0,0,0,-0.019417475728155387
g14424.t1,M1VI86,0.8621,22.0,1,128,2.1174080204807844,38,46,44,22751.9140625,0.2065204381942749,0.17737969756126404,0.5962307453155518,0.47851720452308655,0.1177135780453682,100,24,0,9,9,22,9,13,0.3515625,0.025164904072880745,0.0,0.035028126090765,0.18353426456451416,0.017868155613541603,0.1194334402680397,0.2949829399585724,,0.027695370838046074,0.0065461499616503716,0.09511515498161316,0.022598421201109886,0.019869090989232063,0.017285175621509552,0.019712185487151146,0.0015599570469930768,0.0,0.008367042057216167,0.02704126201570034,0.07819835841655731,1,102,1.7270832256835822,10,56,36,18070.85546875,0.2659434676170349,0.2711983025074005,0.442780464887619,0.23665966093540192,0.2061208337545395,78,17,0,0,-5,11,11,0,0.35294117647058826,0.002791664795950055,,0.13809645175933838,0.10845999419689178,0.008391836658120155,0.13618254661560059,0.12819965183734894,0.06808571517467499,0.007462451700121164,0.0,0.1772829294204712,0.028837891295552254,0.020077668130397797,0.003928093705326319,0.0035709943622350693,0.0028445834759622812,,0.05574654042720795,0.039321087300777435,0.07071984559297562,26,0.39032479479720217,28,-10,8,4681.05859375,-0.05942302942276001,-0.09381860494613647,0.15345028042793274,22,7,0,9,14,13,-0.0013786764705882582
g18246.t1,Q85FU4,0.861,28.5,1,151,2.024442043339488,36,36,79,22806.216796875,0.25544631481170654,0.16739384829998016,0.5771598219871521,0.4468950033187866,0.13026483356952667,100,8,3,38,9,21,10,11,0.304635761589404,0.0004244298324920237,0.0,0.045976672321558,0.2552477717399597,0.008272933773696423,0.03285219520330429,0.1916472464799881,0.026162164285779,0.03732724487781525,0.029125316068530083,0.06955000758171082,0.060714833438396454,0.0,0.019757898524403572,0.06391150504350662,0.0,,0.07055679708719254,0.0022636258509010077,0.08620937913656235,1,121,1.6656445079966682,37,36,48,17595.51171875,0.24178284406661987,0.2329029142856598,0.4804762005805969,0.43531134724617004,0.04516490176320076,88,8,1,4,12,19,4,15,0.30578512396694213,0.011873274110257626,0.03711286932229996,0.004584331531077623,0.21871724724769592,0.009647712111473083,0.10940360277891159,0.21659409999847412,,0.02612982876598835,0.04350750520825386,0.03368821367621422,0.011476689018309116,0.04483792185783386,0.017461691051721573,0.01503660622984171,0.05494999885559082,0.011735888198018074,0.021357940509915352,0.021271297708153725,0.0906132236123085,30,0.3587975353428199,-1,0,31,5210.705078125,0.01366347074508667,-0.06550906598567963,0.09668362140655518,12,0,2,34,-3,-4,-0.0011493623775381545
g16757.t1,M1V6I3,0.8608,21.2,1,197,2.4973801951512273,97,10,90,28808.484375,0.15957318246364594,0.19550150632858276,0.6088588833808899,0.4035293757915497,0.2053295075893402,152,15,0,39,19,30,17,13,0.3299492385786802,0.08555056154727936,,0.05225507169961929,0.15276320278644562,0.011800489388406277,0.015460323542356491,0.2507661283016205,0.04755733162164688,0.0024639968760311604,0.008345458656549454,0.15148918330669403,0.053840335458517075,0.0360664464533329,0.004367995075881481,0.029567964375019073,0.007478105835616589,0.0,0.02678734064102173,0.024466685950756073,0.0389733612537384,1,174,2.272478861186158,102,10,62,23291.28515625,0.18696747720241547,0.12130077928304672,0.6226347088813782,0.42366284132003784,0.19897186756134033,149,21,1,57,11,25,16,9,0.3218390804597701,0.016783827915787697,0.0,0.04529936984181404,0.23710203170776367,0.0,0.008288070559501648,0.18656083941459656,0.047038089483976364,0.013355312868952751,0.04808254539966583,0.1419171541929245,0.05705474317073822,0.06909693777561188,0.004017375409603119,0.03777768462896347,0.057058218866586685,0.009835644625127316,0.0011082416167482734,0.005679737776517868,0.013944129459559917,23,0.2249013339650694,-5,0,28,5517.19921875,-0.02739429473876953,0.07420072704553604,-0.013775825500488281,3,-6,-1,-18,8,4,0.008110158118910082
g18089.t1,M1V733,0.8607,26.3,1,174,1.647493245579111,6,75,93,17972.796875,0.32502490282058716,0.16811911761760712,0.4487570822238922,0.3633829951286316,0.08537406474351883,119,18,0,80,3,17,7,10,0.23563218390804597,0.012325191870331764,0.0,0.016336673870682716,0.013045787811279297,0.05146504566073418,0.0033460878767073154,0.3503371775150299,0.016405127942562103,0.05031820759177208,0.07008592784404755,0.02508663386106491,0.06028743460774422,0.058098871260881424,0.052388228476047516,0.06714136898517609,0.051730964332818985,0.00017610989743843675,0.014491756446659565,0.004606227856129408,0.08232708275318146,1,810,4.209980538249771,198,151,461,83385.0546875,0.2685549557209015,0.2489846795797348,0.43715664744377136,0.28224977850914,0.15490689873695374,478,44,2,144,25,57,37,20,0.26296296296296295,0.03770330548286438,0.009355807676911354,0.04493558779358864,0.2376379519701004,0.008304232731461525,0.10678374022245407,0.04461177811026573,0.016517948359251022,0.020841993391513824,0.02882520854473114,0.07830245792865753,0.0766044333577156,0.04530372470617294,0.005396062973886728,0.04220162704586983,0.0723978728055954,0.013260751031339169,0.041494451463222504,0.03142513707280159,0.03809589520096779,-636,-2.56248729267066,-192,-76,-368,-65412.2578125,0.05646994709968567,-0.08086556196212769,0.01160043478012085,-359,-26,-2,-64,-22,-10,-0.027330779054916987
g9706.t1,M1VDL3,0.8599,42.5,1,152,1.7514890442680935,55,36,61,18925.16015625,0.17782334983348846,0.25823310017585754,0.5308648943901062,0.47266608476638794,0.05819881334900856,116,14,0,234,28,23,4,19,0.28289473684210525,0.026285985484719276,,0.0,0.20296227931976318,0.018433712422847748,0.11802010238170624,0.26970377564430237,0.00236742221750319,0.03322499990463257,0.03359103202819824,0.03720685467123985,0.020991960540413857,0.03307880461215973,0.00017048977315425873,0.012786732986569405,0.02284562774002552,0.00034097954630851746,0.05953484773635864,0.035792943090200424,0.07266157120466232,1,145,1.6303495986808676,42,39,64,17973.671875,0.23020270466804504,0.111073337495327,0.6490471959114075,0.4364837408065796,0.21256347000598907,103,11,1,182,17,21,9,12,0.2827586206896552,0.013422146439552307,0.0,0.026364170014858246,0.2527600824832916,0.020373428240418434,0.03430517390370369,0.18372362852096558,0.009664606302976608,0.02351648360490799,0.00545914052054286,0.17078427970409393,0.04177919402718544,0.00967674795538187,0.0008975756936706603,0.007360121235251427,0.04039090499281883,0.0005385454278439283,0.02784884162247181,0.05968625470995903,0.07144863903522491,7,0.12113944558722589,13,-3,-3,951.48828125,-0.05237935483455658,0.14715976268053055,-0.11818230152130127,13,3,-1,52,11,7,0.00013611615245007203
g9582.t1,M1VII3,0.8583,18.3,1,662,2.455538719520821,225,162,275,30119.490234375,0.21166224777698517,0.25988298654556274,0.48219841718673706,0.3267870843410492,0.15541133284568787,642,84,28,886,-3,28,24,4,0.13897280966767372,0.023203903809189796,0.0,0.008884035982191563,0.1548219472169876,0.016182510182261467,0.0967920646071434,0.171965092420578,0.0034765054006129503,0.04066315293312073,0.04229828715324402,0.10934823006391525,0.04606310650706291,0.04625634476542473,0.015077739953994751,0.09702692180871964,0.013570665381848812,0.007605865132063627,0.07792972773313522,0.008881594054400921,0.019952263683080673,1,782,2.766739756166958,247,160,375,42411.171875,0.146766796708107,0.2936331629753113,0.4942642152309418,0.1417241394519806,0.3525400459766388,662,112,34,634,-15,27,43,-16,0.14705882352941177,0.04289655014872551,0.001849199179559946,0.012772388756275177,0.11267787963151932,0.03282228857278824,0.06887916475534439,0.02904626727104187,0.000376919808331877,0.023319441825151443,0.0665363222360611,0.20540204644203186,0.14713798463344574,0.06533587723970413,0.00547759747132659,0.05272187665104866,0.019323745742440224,0.0072273858822882175,0.08027272671461105,0.0,0.025924362242221832,-120,-0.3112010366461373,-22,2,-100,-12291.681640625,0.06489545106887817,-0.033750176429748535,-0.012065798044204712,-20,-28,-6,252,12,20,-0.008086013861738045
g11365.t1,M1VB71,0.8558,48.0,1,120,2.1025773968364163,9,39,72,21296.087890625,0.2499450445175171,0.2351689487695694,0.5148860216140747,0.3345035910606384,0.18038244545459747,67,7,0,30,2,17,11,6,0.4,0.12218204140663147,0.0,0.0858394205570221,0.06510178744792938,0.025246908888220787,0.0,0.26940178871154785,0.039049871265888214,0.004052743781358004,0.033577241003513336,0.11935973167419434,0.061022717505693436,,0.028180649504065514,0.03469552844762802,0.020150678232312202,0.0,0.015112890861928463,0.007120917085558176,0.06990508735179901,1,101,1.5787385324482248,10,37,54,15871.1142578125,0.35588333010673523,0.13512669503688812,0.5089899897575378,0.3322080373764038,0.17678192257881165,59,10,0,0,1,12,6,6,0.3465346534653465,0.019137069582939148,0.0,0.11523619294166565,0.19703635573387146,0.04017267003655434,0.03969167172908783,0.13517166674137115,0.01594393700361252,0.05281880870461464,0.0,0.16003407537937164,0.01674785278737545,,0.00020329677499830723,0.057684022933244705,0.033118836581707,,0.020181361585855484,0.04492858424782753,0.051893603056669235,19,0.5238388643881915,-1,2,18,5424.9736328125,-0.10593828558921814,0.10004225373268127,0.005896031856536865,8,-3,0,30,1,0,0.05346534653465351
g6985.t1,M1VER4,0.8534,32.9,1,433,2.553806595457821,85,143,205,30275.16015625,0.2718857526779175,0.2775956094264984,0.41690123081207275,0.2400437295436859,0.17685748636722565,345,44,18,498,-7,27,25,2,0.20323325635103925,0.06811791658401489,0.0,0.048832446336746216,0.16971524059772491,0.009119203314185143,0.05881219357252121,0.0703284814953804,0.008229830302298069,0.029910525307059288,0.0576602965593338,0.10600985586643219,0.07084763050079346,0.033617403358221054,0.012561158277094364,0.03398983180522919,0.0403888002038002,0.0,0.07565617561340332,0.05945373699069023,0.04674924165010452,1,443,2.3281375369676724,91,131,221,34265.30859375,0.31097903847694397,0.34140971302986145,0.3194480836391449,0.1058959811925888,0.2135521024465561,362,52,42,283,-18,12,20,-8,0.2076749435665914,0.07316805422306061,0.018119730055332184,0.02113100327551365,0.06892278045415878,0.08145996183156967,0.08547767251729965,0.03697320073843002,0.029670214280486107,0.03383421152830124,0.033134832978248596,0.06367781013250351,0.1498742699623108,0.028163116425275803,0.05655955523252487,0.07305596023797989,0.03331460803747177,0.03229812905192375,0.02037924900650978,0.0,0.06078557297587395,-10,0.22566905849014862,-6,12,-16,-3990.1484375,-0.03909328579902649,-0.06381410360336304,0.09745314717292786,-17,-8,-24,215,11,10,-0.004441687215552159
g16310.t1,M1V6A3,0.853,30.6,1,435,2.320556812092378,166,89,180,30792.310546875,0.1490073800086975,0.3049319386482239,0.5047375559806824,0.28843241930007935,0.21630510687828064,403,44,11,74,4,24,17,7,0.18620689655172415,0.021403977647423744,0.0,0.013621940277516842,0.08392966538667679,0.021323151886463165,0.15040434896945953,0.20450274646282196,0.03864015266299248,0.016748085618019104,0.02434893697500229,0.16144688427448273,0.05485822260379791,0.04132314398884773,0.008592300117015839,0.041468244045972824,0.014326762408018112,0.009568474255502224,0.048811379820108414,0.004381823353469372,0.04029974713921547,1,438,2.1623996615357015,167,95,176,26541.71875,0.23795916140079498,0.20201176404953003,0.53584223985672,0.27662643790245056,0.2592158019542694,407,46,32,85,-4,23,20,3,0.1598173515981735,0.02564077451825142,0.0052940999157726765,0.07037471979856491,0.25946688652038574,0.04614533111453056,0.042027298361063004,0.017159562557935715,0.0020305768121033907,0.0899435505270958,0.02892257086932659,0.11817657202482224,0.14103923738002777,0.024186812341213226,0.02102760598063469,0.016897546127438545,0.02090088091790676,0.0032545423600822687,0.05195110663771629,0.009725206531584263,0.0058351242914795876,-3,0.15815715055667656,-1,-6,4,4250.591796875,-0.08895178139209747,0.10292017459869385,-0.031104683876037598,-4,-2,-21,-11,8,4,0.026389544953550642
g8493.t1,M1VKF9,0.8529,47.1,1,84,1.6795799888167362,16,22,46,16616.44921875,0.17470771074295044,0.22530262172222137,0.5558737516403198,0.26090794801712036,0.29496583342552185,56,3,1,15,0,9,8,1,0.36904761904761907,0.018039612099528313,0.0,0.056068092584609985,0.12593287229537964,0.016667697578668594,0.10984930396080017,0.13497506082057953,0.00893218070268631,0.0,0.06331869959831238,0.23723730444908142,0.057728540152311325,0.04411598667502403,0.0007767113856971264,0.0,0.01786435954272747,,0.008495127782225609,0.07378454506397247,0.026214009150862694,1,104,1.7194652287233056,19,23,62,17230.607421875,0.3157581686973572,0.20733723044395447,0.43778499960899353,0.2892284095287323,0.14855656027793884,59,3,0,0,2,11,5,6,0.38461538461538464,0.021146023645997047,0.0,0.10752256959676743,0.237588569521904,0.10466601699590683,0.029720451682806015,0.05163984000682831,0.0014980534324422479,0.06265296787023544,0.019350722432136536,0.015370950102806091,0.13318559527397156,0.03911954537034035,0.0,0.02611347660422325,0.0644162967801094,,0.030955947935581207,0.00018725667905528098,0.054865602403879166,-20,-0.03988523990656945,-3,-1,-16,-614.158203125,-0.14105045795440674,0.017965391278266907,0.1180887520313263,-3,0,1,15,-2,-5,-0.015567765567765568
g9603.t1,M1VJN8,0.8474,31.8,1,435,3.1203692902726146,154,48,233,48122.3515625,0.1140534058213234,0.37746885418891907,0.4783770442008972,0.29915735125541687,0.17921976745128632,384,63,1,155,11,39,25,14,0.27586206896551724,0.16827329993247986,0.0,0.006906026508659124,0.06708887219429016,0.012001901865005493,0.08226842433214188,0.23206844925880432,0.0,0.0068571120500564575,0.03147906810045242,0.1112264022231102,0.06799335032701492,0.030100621283054352,0.0025478545576334,0.07270056754350662,0.0070480648428201675,0.0,0.08344616740942001,0.0035535870119929314,0.014440189115703106,1,453,2.3436605883315025,143,67,243,31870.38671875,0.2962462604045868,0.3007481098175049,0.3810425400733948,0.26743847131729126,0.11360403150320053,329,49,10,187,0,27,16,11,0.17439293598233996,0.10033723711967468,0.009535607881844044,0.01822313293814659,0.2239922285079956,0.013793344609439373,0.0579272024333477,0.04344624653458595,0.0,0.10445336252450943,0.0619034469127655,0.08045735210180283,0.03314667567610741,0.021963167935609818,0.014376027509570122,0.08813554048538208,0.02647169679403305,0.0,0.057251255959272385,0.0019235530635342002,0.042662933468818665,-18,0.7767087019411121,11,-19,-10,16251.96484375,-0.1821928545832634,0.07672074437141418,0.09733450412750244,55,14,-9,-32,11,3,0.10146913298317728
g16603.t3,M1UN02,0.8471,39.6,1,727,4.248470445460001,258,135,334,68972.2109375,0.12098310887813568,0.2515506446361542,0.6217643618583679,0.27146828174591064,0.3502960801124573,681,142,5,454,-17,68,75,-7,0.24484181568088034,0.0159141942858696,0.0,0.020737426355481148,0.03359919413924217,0.005680397152900696,0.14714916050434113,0.23786909878253937,0.014612728729844093,0.012165806256234646,0.015451284125447273,0.27884796261787415,0.07144814729690552,0.005701863672584295,0.012993215583264828,0.0175798237323761,0.007380488328635693,0.009955148212611675,0.0527428574860096,0.00893398653715849,0.031237225979566574,1,789,3.9929027624598357,268,140,381,67399.34375,0.16342858970165253,0.2659950852394104,0.5629018545150757,0.32498931884765625,0.23791256546974182,659,105,1,521,-11,47,58,-11,0.21673003802281368,0.07351946830749512,0.0031999340280890465,0.03007006086409092,0.13653630018234253,0.017024576663970947,0.0412076860666275,0.18845300376415253,0.004824015311896801,0.0380394421517849,0.0761069655418396,0.1614924520254135,0.07642010599374771,0.007674474269151688,0.004738243762403727,0.013787156902253628,0.024497253820300102,0.0,0.05011242628097534,0.014164675027132034,0.03813175484538078,-62,0.25556768300016497,-10,-5,-47,1572.8671875,-0.042445480823516846,-0.014444440603256226,0.058862507343292236,22,37,4,-67,-6,4,0.02811177765806666
g7348.t1,M1UQG7,0.8436,33.5,1,211,4.387062326047493,92,25,94,43882.13671875,0.16779989004135132,0.2780662477016449,0.5541338920593262,0.49709048867225647,0.0570434108376503,147,5,1,66,42,45,9,36,0.5355450236966824,0.01758412830531597,0.0,0.008014503866434097,0.11761073023080826,0.0030546309426426888,0.18564197421073914,0.3794797658920288,0.008463820442557335,0.027609020471572876,0.015391241759061813,0.03413604199886322,0.02290736325085163,,0.009839281439781189,0.04080420732498169,0.01224199216812849,0.0,0.047930434346199036,0.02705814130604267,0.04223275184631348,1,140,2.2016614747841605,68,28,44,21424.626953125,0.20626933872699738,0.2402651309967041,0.5302067995071411,0.4295847713947296,0.10062205791473389,139,17,3,21,15,23,8,15,0.37857142857142856,0.07609332352876663,0.0,0.015059988014400005,0.19407819211483002,0.0061539942398667336,0.09488946944475174,0.23550660908222198,0.015936119481921196,0.06533786654472351,0.0,0.059928108006715775,0.040693942457437515,0.023258736357092857,0.0,0.017168385908007622,0.00256019807420671,0.0,0.047192223370075226,0.05090275779366493,0.05524015054106712,71,2.1854008512633327,24,-3,50,22457.509765625,-0.03846944868564606,0.037801116704940796,0.02392709255218506,8,-12,-2,45,27,21,0.15697359512525388
g1259.t1,M1V6Z6,0.8431,22.2,1,191,1.5445783784625133,66,46,79,17340.41796875,0.2100527137517929,0.3317936956882477,0.4260016083717346,0.2959679961204529,0.13003356754779816,170,18,2,69,0,16,10,6,0.2094240837696335,0.019972046837210655,0.0,0.027081498876214027,0.05296057462692261,0.031770866364240646,0.17854464054107666,0.24300743639469147,0.00037214168696664274,0.00018182871281169355,0.08731868863105774,0.05137326568365097,0.07866029441356659,0.03215193375945091,0.0,0.029432548210024834,0.0007273148512467742,0.00037214168696664274,0.013815322890877724,0.006136095616966486,0.1461212933063507,1,284,2.8095486606622067,78,41,165,38589.86328125,0.33123862743377686,0.259491503238678,0.35070177912712097,0.2912297248840332,0.05947199463844299,185,13,2,7,8,21,10,11,0.31690140845070425,0.07723913341760635,0.02449159510433674,0.14423023164272308,0.23026612401008606,0.013422760181128979,0.04745582118630409,0.06096361577510834,0.0008170502842403948,0.04828128591179848,0.02409842610359192,0.03949212282896042,0.019979869946837425,0.05856809392571449,0.02315078116953373,0.025322766974568367,0.0154108926653862,0.004515006672590971,0.0719667375087738,0.021488089114427567,0.04883955419063568,-93,-1.2649702821996933,-12,5,-86,-21249.4453125,-0.12118591368198395,0.0723021924495697,0.07529982924461365,-15,5,0,62,-8,-5,-0.10747732468107074
g8228.t1,M1VBC1,0.842,50.3,1,161,3.630897550666757,25,49,87,36981.6953125,0.2729588449001312,0.3226589858531952,0.3992345929145813,0.3055434823036194,0.0936911478638649,79,11,0,0,13,22,7,15,0.515527950310559,0.05197444558143616,0.009640666656196117,0.0021811779588460922,0.055269330739974976,0.00600478844717145,0.17603686451911926,0.250274121761322,0.0007673220825381577,0.009420698508620262,0.0005987857584841549,0.0796969011425972,0.013994247652590275,0.005147579591721296,0.028850950300693512,0.13231752812862396,0.037072066217660904,0.004624097142368555,0.07763608545064926,0.004013367462903261,0.05447894334793091,1,154,2.770432690024787,33,49,72,27120.2578125,0.42544078826904297,0.16541488468647003,0.4091443121433258,0.2712896764278412,0.13785460591316223,97,9,0,0,9,20,10,10,0.4090909090909091,0.04115280508995056,0.018194323405623436,0.046709805727005005,0.1607341766357422,0.017897358164191246,0.021810248494148254,0.1105555072426796,0.0009517745347693563,0.05821444094181061,0.016571376472711563,0.11851755529642105,0.019337039440870285,0.0,0.02341303415596485,0.11643506586551666,0.04871568828821182,0.008922886103391647,0.04883699491620064,0.04728025943040848,0.07574960589408875,7,0.86046486064197,-8,0,15,9861.4375,-0.15248194336891174,0.15724410116672516,-0.009909719228744507,-18,2,0,0,4,5,0.10643704121964986
g6389.t1,M1UXT7,0.8407,29.3,1,192,2.149721056718171,79,47,66,23449.904296875,0.20985665917396545,0.22505398094654083,0.5475218892097473,0.3181656301021576,0.22935627400875092,167,35,2,88,-3,17,21,-4,0.2916666666666667,0.03335541859269142,0.0034837876446545124,0.10284537076950073,0.23629440367221832,0.006429235450923443,0.06771612167358398,0.08187123388051987,0.00920889899134636,0.018002742901444435,0.07763946801424026,0.12531495094299316,0.10404133051633835,0.017567439004778862,0.012793025933206081,0.0026142699643969536,0.012383383698761463,0.0,0.02722105383872986,0.03230302035808563,0.028914853930473328,1,329,3.12638401338274,75,47,207,48733.125,0.25667864084243774,0.35689255595207214,0.38623014092445374,0.2111128270626068,0.17511732876300812,205,27,4,94,-16,21,22,-1,0.364741641337386,0.08865265548229218,0.01376993115991354,0.07364626973867416,0.16450902819633484,0.031462255865335464,0.07336391508579254,0.04660378396511078,0.06875023245811462,0.05791909620165825,0.026033440604805946,0.11751706898212433,0.057600248605012894,0.00019862545013893396,0.021383624523878098,0.040489401668310165,0.017149297520518303,0.0013798120198771358,0.05486013740301132,0.01052714791148901,0.03418397158384323,-137,-0.976662956664569,4,0,-141,-25283.220703125,-0.04682198166847229,-0.1318385750055313,0.16129174828529358,-38,8,-2,-6,13,-3,-0.07307497467071933
g14118.t1,M1VL65,0.8387,46.1,1,254,2.6220260721517694,119,25,110,33774.765625,0.266379177570343,0.22675377130508423,0.50486820936203,0.36377838253974915,0.1410898119211197,209,18,0,245,7,26,18,8,0.3425196850393701,0.03569205105304718,0.009727680124342442,0.11641747504472733,0.13281136751174927,0.008988352492451668,0.019859209656715393,0.23096702992916107,0.03214838728308678,0.014043097384274006,0.05186079442501068,0.09757845848798752,0.043511345982551575,0.001998889958485961,0.0042814831249415874,0.038831133395433426,0.0069628930650651455,0.000668718887027353,0.06847729533910751,0.022341249510645866,0.06283312290906906,1,269,2.7437521574095407,106,32,131,33177.51171875,0.31784769892692566,0.2571004331111908,0.3939412832260132,0.2779734134674072,0.11596786975860596,208,7,0,143,4,19,15,4,0.2936802973977695,0.03366919234395027,0.003735307836905122,0.038608647882938385,0.16968952119350433,0.010747996158897877,0.08239071071147919,0.1082838773727417,0.012869475409388542,0.08521918207406998,0.043188970535993576,0.03184298053383827,0.08412488549947739,0.031110616400837898,0.010114103555679321,0.04014027491211891,0.04686611518263817,0.043865736573934555,0.07049879431724548,0.0004862550413236022,0.052547387778759,-15,-0.12172608525777129,13,-7,-21,597.25390625,-0.05146852135658264,-0.030346661806106567,0.11092692613601685,1,11,0,102,3,4,0.04883938764160056
g12812.t1,M1UXT7,0.8362,30.8,1,189,2.231169214945797,66,47,76,23759.908203125,0.16742905974388123,0.29752790927886963,0.5250223278999329,0.3811783492565155,0.14384399354457855,161,13,1,85,2,18,14,4,0.31216931216931215,0.01862865872681141,0.0039680167101323605,0.013443994335830212,0.20220628380775452,0.023069314658641815,0.07374408841133118,0.1789720207452774,0.003919563721865416,0.013706302270293236,0.12745410203933716,0.057037487626075745,0.08680649846792221,0.01002063974738121,0.035430874675512314,0.018468517810106277,0.018178345635533333,0.0,0.046744171530008316,0.05034388229250908,0.017857156693935394,1,329,3.12638401338274,75,47,207,48733.125,0.25667864084243774,0.35689255595207214,0.38623014092445374,0.2111128270626068,0.17511732876300812,205,27,4,94,-16,21,22,-1,0.364741641337386,0.08865265548229218,0.01376993115991354,0.07364626973867416,0.16450902819633484,0.031462255865335464,0.07336391508579254,0.04660378396511078,0.06875023245811462,0.05791909620165825,0.026033440604805946,0.11751706898212433,0.057600248605012894,0.00019862545013893396,0.021383624523878098,0.040489401668310165,0.017149297520518303,0.0013798120198771358,0.05486013740301132,0.01052714791148901,0.03418397158384323,-140,-0.895214798436943,-9,0,-131,-24973.216796875,-0.08924958109855652,-0.059364646673202515,0.13879218697547913,-44,-14,-3,-9,18,5,-0.05257232916807386
g550.t1,M1V5D9,0.836,50.3,1,148,1.9201024065035572,55,21,72,21442.7578125,0.19918181002140045,0.11129968613386154,0.673446536064148,0.41795918345451355,0.2554874122142792,109,17,20,44,0,16,18,-2,0.32432432432432434,0.00029408399132080376,0.0,0.004650926683098078,0.20898835361003876,0.009612618014216423,0.057961106300354004,0.2089708149433136,0.0007352099637500942,0.02372320368885994,0.005753415636718273,0.16899584233760834,0.08649156242609024,0.016071947291493416,0.02795015648007393,0.059384725987911224,0.00045141763985157013,0.0,0.036943260580301285,0.0,0.08302139490842819,1,147,2.080557939761329,57,21,69,22210.98046875,0.2939482033252716,0.11049798130989075,0.5870160460472107,0.2737222909927368,0.3132937550544739,95,6,20,5,-4,14,17,-3,0.3741496598639456,0.044670287519693375,0.0,0.03034115582704544,0.14037898182868958,0.0027435338124632835,0.013508908450603485,0.13334332406520844,0.0001419561740476638,0.03527935966849327,0.005411364603787661,0.23566319048404694,0.07763061672449112,0.00853772833943367,0.0,0.08716084808111191,0.04100443050265312,0.0,0.04402193799614906,0.0,0.10016243159770966,1,-0.16045553325777173,-2,0,3,-768.22265625,-0.09476639330387115,0.0008017048239707947,0.08643049001693726,14,11,0,39,4,1,-0.04982533553962126
g3103.t1,M1VBJ6,0.8335,45.0,1,69,1.5342732332373246,53,0,16,13706.1640625,0.25274547934532166,0.14386770129203796,0.5288287401199341,0.32111138105392456,0.2077174335718155,64,14,15,92,-3,9,11,-2,0.463768115942029,0.01129960361868143,0.0004768335784319788,0.04893811419606209,0.06987964361906052,0.014546077698469162,0.0009219462517648935,0.25123170018196106,0.11662323027849197,0.0002300414489582181,,0.15388773381710052,0.053829699754714966,0.0745580717921257,0.0009416336542926729,0.11818502098321915,0.0,0.01812644675374031,,0.039548616856336594,0.02677561156451702,1,67,1.5546107405018041,49,0,18,14226.208984375,0.3761274218559265,0.14200031757354736,0.46461978554725647,0.2382853925228119,0.22633442282676697,60,10,11,68,-4,8,10,-2,0.4626865671641791,0.035953082144260406,0.0,0.029030779376626015,0.11220065504312515,0.012736450880765915,0.026528198271989822,0.12608473002910614,0.017065679654479027,0.019143810495734215,0.04022736847400665,0.2026197761297226,0.023714646697044373,0.01725248619914055,0.0326596274971962,0.08950301259756088,0.045133788138628006,0.0,0.009489528834819794,0.033540982753038406,0.1271153837442398,2,-0.020337507264479582,4,0,-2,-520.044921875,-0.12338194251060486,0.0018673837184906006,0.06420895457267761,4,4,4,24,1,0,0.0010815487778498833
g8455.t1,M1V5J0,0.8328,31.8,1,81,1.473097812659034,27,16,38,15193.8056640625,0.3363012671470642,0.15136954188346863,0.41113877296447754,0.35324063897132874,0.0578981451690197,62,3,0,0,11,12,4,8,0.3950617283950617,0.024487106129527092,0.0,0.1308874785900116,0.13760890066623688,0.0,0.0392548032104969,0.21563172340393066,0.0037837359122931957,0.0029536643996834755,0.06476611644029617,0.05520041286945343,0.0026977320667356253,0.10119032114744186,0.04003908112645149,0.035464007407426834,0.0027461466379463673,,0.019077783450484276,0.0,0.12421087175607681,1,85,1.3817590010441012,26,19,40,14402.7412109375,0.3169997036457062,0.07502160221338272,0.5924264192581177,0.49730977416038513,0.09511665999889374,70,10,0,0,9,14,5,9,0.36470588235294116,0.006348554976284504,,0.13271959125995636,0.49137619137763977,0.02585318125784397,0.042163122445344925,0.005933596286922693,,0.024830808863043785,0.0006567470263689756,0.06991582363843918,0.02520083822309971,0.015552211552858353,0.016353683546185493,0.07706393301486969,0.006720691919326782,0.0,0.0,,0.05931098014116287,-4,0.09133881161493274,1,-3,-2,791.064453125,0.019301563501358032,0.07634793967008591,-0.18128764629364014,-8,-7,0,0,2,-1,0.03035584604212055
g6110.t1,P59758,0.831,23.3,1,156,2.0199289067783317,59,12,85,20548.259765625,0.20809006690979004,0.09770672023296356,0.647406816482544,0.5534389019012451,0.09396795183420181,114,24,0,78,20,25,8,17,0.28205128205128205,0.001081260503269732,0.0,0.025212660431861877,0.23459652066230774,0.009182010777294636,0.011075207963585854,0.3188423812389374,0.00692641269415617,0.010520529933273792,0.05045280233025551,0.05094306915998459,0.043024882674217224,0.046796299517154694,0.032253630459308624,0.010363508015871048,0.015074193477630615,0.06353987008333206,0.018989024683833122,0.0021482014562934637,0.04897748678922653,1,123,2.1815114153819706,61,6,56,20143.486328125,0.13702410459518433,0.1962205022573471,0.6667553782463074,0.5386292338371277,0.12812617421150208,87,10,0,5,16,25,9,16,0.3983739837398374,0.01151406578719616,0.0019221378024667501,0.025308143347501755,0.27327120304107666,0.014361359179019928,0.09910770505666733,0.265358030796051,0.014492219313979149,0.053713954985141754,0.03313789889216423,0.05808587372303009,0.07004030048847198,0.0,0.02317785657942295,0.0001601781405042857,0.009130153805017471,,0.021685125306248665,,0.025533828884363174,33,-0.16158250860363887,-2,6,29,404.7734375,0.07106596231460571,-0.09851378202438354,-0.019348561763763428,27,14,0,73,4,1,-0.11632270168855535
g3007.t1,M1V6V9,0.8291,54.6,1,115,1.944947515605429,33,29,53,19039.46875,0.16629721224308014,0.4783346354961395,0.35536807775497437,0.14364679157733917,0.211721271276474,70,5,0,37,-4,7,11,-4,0.43478260869565216,0.007202047389000654,0.06337358057498932,0.040483102202415466,0.06564503908157349,0.039246827363967896,0.2736484706401825,0.07800175249576569,0.01339502539485693,0.03457110375165939,0.061475541442632675,0.1273522675037384,0.0843690037727356,0.0,0.0,0.01626875437796116,0.0,,0.019993146881461143,0.0,0.07497426867485046,1,99,1.570570142986476,18,28,53,17313.5,0.27465111017227173,0.23683534562587738,0.4554511606693268,0.25577208399772644,0.19967907667160034,66,5,0,34,-3,13,9,4,0.40404040404040403,0.08703284710645676,0.0,0.0,0.10310830920934677,0.04683350399136543,0.036910537630319595,0.15266379714012146,0.0,0.004188562277704477,0.03479244187474251,0.10348600894212723,0.09619306772947311,0.03306230530142784,0.0,0.0005590803921222687,0.0003727202711161226,0.12415621429681778,0.03126601502299309,0.0007454405422322452,0.1446290910243988,16,0.374377372618953,15,1,0,1725.96875,-0.10835389792919159,0.24149928987026215,-0.10008308291435242,4,0,0,3,-1,-8,0.03074220465524813
g17828.t1,M1VFN2,0.8248,25.2,1,350,2.0061134840051293,149,57,144,22926.57421875,0.16255256533622742,0.2272518277168274,0.5911124348640442,0.43749895691871643,0.15361353754997253,343,69,18,265,2,32,20,12,0.1657142857142857,0.014363600872457027,0.0,0.019414860755205154,0.10735081136226654,0.025430241599678993,0.05220900475978851,0.3301481604576111,0.023146413266658783,0.003364779520779848,0.10086952149868011,0.08843888342380524,0.0651746317744255,0.01908307708799839,0.00014073390047997236,0.06220117211341858,0.011821647174656391,0.003911109641194344,0.011233043856918812,0.003796606557443738,0.05790165439248085,1,349,2.029973435441506,135,60,154,22968.51953125,0.3889108896255493,0.12036222219467163,0.44232067465782166,0.2582533657550812,0.1840672791004181,340,61,5,163,-2,18,15,3,0.1833810888252149,0.01169437076896429,0.0,0.02017422765493393,0.2080243080854416,0.016348885372281075,0.018586207181215286,0.05022908002138138,0.02464939095079899,0.020945750176906586,0.026400212198495865,0.13870593905448914,0.045361343771219254,0.048406314104795456,0.08404593914747238,0.1468747854232788,0.013440944254398346,0.026875391602516174,0.02268315479159355,0.0006863711751066148,0.07586745172739029,1,-0.023859951436376647,14,-3,-10,-41.9453125,-0.2263583242893219,0.10688960552215576,0.14879176020622253,3,8,13,102,4,9,-0.01766680311092919
g17346.t1,M1UTA5,0.8243,24.3,1,294,2.3424626950180745,223,2,69,26873.8125,0.4092886447906494,0.24013303220272064,0.31356433033943176,0.23307040333747864,0.08049394190311432,278,10,10,668,7,18,9,9,0.24489795918367346,0.010619898326694965,0.003161526285111904,0.09548478573560715,0.08610375225543976,0.0006003141752444208,0.10031802207231522,0.14696663618087769,0.040008775889873505,0.02055189199745655,0.061180755496025085,0.038101084530353546,0.04239286109805107,0.03701398894190788,0.05366808548569679,0.03596372902393341,0.02569344826042652,0.07073661684989929,0.024243729189038277,0.058350544422864914,0.04883955046534538,1,289,2.082160093540146,216,0,73,25117.09765625,0.4226187765598297,0.2018936425447464,0.35021859407424927,0.26823151111602783,0.08198709040880203,264,5,3,850,13,17,5,12,0.23183391003460208,0.04697047173976898,0.0,0.10537498444318771,0.18714269995689392,0.019218429923057556,0.05913570523262024,0.0810888260602951,0.021647056564688683,0.01515829935669899,0.03536129370331764,0.0038914750330150127,0.07809561491012573,0.02526899427175522,0.040929000824689865,0.05813387781381607,0.019782863557338715,0.12437182664871216,0.019560687243938446,0.04611719399690628,0.012750714085996151,5,0.2603026014779286,7,2,-4,1756.71484375,-0.013330131769180298,0.03823938965797424,-0.036654263734817505,14,5,7,-182,-6,-3,0.013064049149071388
g16485.t1,Q85FR9,0.8165,43.7,1,104,2.114236623803046,10,32,62,20260.8828125,0.15742559731006622,0.3080880045890808,0.4799848198890686,0.465045303106308,0.014939459972083569,46,4,6,3,26,25,1,24,0.4519230769230769,0.10214176774024963,0.0012631082208827138,0.02420600689947605,0.17397283017635345,0.02024967037141323,0.04711869731545448,0.2910725176334381,0.09016833454370499,0.018313752487301826,0.047146398574113846,0.0,0.014939459972083569,0.054501622915267944,0.011625251732766628,0.010192002169787884,0.09005876630544662,,0.0,0.0027072506491094828,0.0003225702967029065,1,62,1.4170805650905187,5,29,28,13336.8583984375,0.3310762941837311,0.2165745347738266,0.3972929120063782,0.3935103118419647,0.0037825829349458218,42,8,6,6,11,13,1,12,0.41935483870967744,0.0028645151760429144,0.00449181767180562,0.005806248169392347,0.13574150204658508,0.02446068823337555,0.0011866315035149455,0.257768839597702,0.01740695722401142,0.07585952430963516,0.16398659348487854,0.0037825829349458218,,0.05505623668432236,0.004838539753109217,0.0847880020737648,0.0,,0.0021773430053144693,0.022499211132526398,0.1372847557067871,42,0.6971560587125274,5,3,34,6924.0244140625,-0.17365069687366486,0.09151346981525421,0.08269190788269043,4,-4,0,-3,15,12,0.03256823821339949
g5787.t1,M1VMH8,0.8124,41.3,1,433,4.708596670616162,98,127,208,42893.83203125,0.2988559901714325,0.38366422057151794,0.3173322081565857,0.20596660673618317,0.11136560142040253,326,29,13,384,2,19,20,-1,0.2678983833718245,0.03910014405846596,0.012058191932737827,0.06433144956827164,0.0698208287358284,0.018057405948638916,0.03465777263045311,0.13614578545093536,0.009999103844165802,0.009207678958773613,0.07452766597270966,0.06536535173654556,0.04600025713443756,0.0001475823955843225,0.025558220222592354,0.12960009276866913,0.011204601265490055,0.0,0.19526390731334686,0.03699706122279167,0.021956870332360268,1,114,1.6026604396771338,15,42,57,17692.96875,0.3175245225429535,0.1782066822052002,0.4929620921611786,0.34550657868385315,0.1474555879831314,91,14,3,51,2,15,8,7,0.32456140350877194,0.01426476240158081,0.067664235830307,0.06637547165155411,0.19371727108955383,0.007567786145955324,0.01908661611378193,0.15178929269313812,0.005454265512526035,0.0,0.05323611944913864,0.0859372466802597,0.061518345028162,0.011306517757475376,0.0,0.035431936383247375,0.10001833736896515,,0.010932904668152332,0.05998501554131508,0.055713772773742676,319,3.1059362309390277,83,85,151,25200.86328125,-0.018668532371520996,0.20545753836631775,-0.1756298840045929,235,15,10,333,0,-8,-0.05666302013694746
g9275.t1,Q85FT9,0.8098,31.9,1,143,2.2094791523677535,33,41,69,20855.189453125,0.2159562110900879,0.23212751746177673,0.527164101600647,0.43795454502105713,0.08920956403017044,102,11,0,42,20,26,7,19,0.3706293706293706,0.037645962089300156,0.0,0.0652707889676094,0.2121901959180832,0.032685570418834686,0.047784965485334396,0.22576434910297394,0.02286769077181816,0.014852344058454037,0.056135017424821854,0.060333285480737686,0.028876278549432755,0.024752099066972733,0.022429700940847397,0.041669923812150955,0.0,0.0,0.035008322447538376,0.000302369415294379,0.07143107056617737,1,122,2.063384298769052,13,34,75,20224.6328125,0.2995920777320862,0.1973467767238617,0.4797520637512207,0.45605558156967163,0.023696541786193848,74,2,1,5,23,20,3,17,0.38524590163934425,0.025926901027560234,0.004685652907937765,0.05695416033267975,0.20268607139587402,0.003629306796938181,0.10255766659975052,0.2533694803714752,0.010231592692434788,0.03482401371002197,0.026425844058394432,0.01527803298085928,0.008418508805334568,0.023309122771024704,0.032117050141096115,0.04805605113506317,0.01690712384879589,,0.0238898117095232,0.025206604972481728,0.08552706241607666,21,0.14609485359870167,20,7,-6,630.556640625,-0.08363586664199829,0.03478074073791504,0.04741203784942627,28,9,-1,37,-3,2,-0.014616531009973621
g16684.t1,M1V556,0.8094,40.4,1,575,4.080729058303957,154,145,276,68731.2578125,0.2497273087501526,0.20671933889389038,0.5382852554321289,0.3194403648376465,0.218844935297966,446,58,5,440,-12,63,55,8,0.30782608695652175,0.026431571692228317,0.008653063327074051,0.027133850380778313,0.06604774296283722,0.00224476819857955,0.08118602633476257,0.25339263677597046,0.006737368181347847,0.013012931682169437,0.05891791731119156,0.13533951342105865,0.08350542932748795,0.0052681127563118935,0.018871638923883438,0.06487561762332916,0.025861000642180443,0.004892556928098202,0.022548621520400047,0.034763310104608536,0.06031638756394386,1,660,3.8773647349890124,134,148,378,65988.0625,0.19798675179481506,0.22429731488227844,0.5710999369621277,0.27386173605918884,0.29723817110061646,465,49,2,251,-17,48,58,-10,0.2545454545454545,0.0717775896191597,0.00029712458490394056,0.026054831221699715,0.1357397735118866,0.01547797117382288,0.0513838492333889,0.13812196254730225,9.779181709745899e-05,0.08452088385820389,0.027948342263698578,0.16807545721530914,0.1291627287864685,0.006615982856601477,0.0031293381471186876,0.04566482454538345,0.031993377953767776,0.0017546790186315775,0.05731462314724922,0.0010757099371403456,0.0037931036204099655,-85,0.2033643233149447,20,-3,-102,2743.1953125,0.051740556955337524,-0.01757797598838806,-0.03281468152999878,-19,9,3,189,5,18,0.05328063241106723
g17131.t1,M1V980,0.8079,65.5,1,139,3.298464949867283,75,0,64,32066.634765625,0.23031750321388245,0.17220044136047363,0.5817344188690186,0.461780309677124,0.11995416134595871,101,11,0,18,16,26,8,18,0.4748201438848921,0.008079110644757748,,0.012847251258790493,0.126636803150177,0.008598648943006992,0.07232513278722763,0.33514347672462463,0.022185616195201874,0.07826277613639832,0.014993134886026382,0.08457023650407791,0.035383932292461395,0.015747595578432083,0.002213641069829464,0.06582322716712952,0.007813953794538975,,0.046018801629543304,0.0,0.0633566677570343,1,118,2.751057383116707,70,0,48,25869.59765625,0.21579019725322723,0.2036624252796173,0.5602434873580933,0.4674775004386902,0.09276604652404785,87,7,0,18,14,22,5,17,0.4576271186440678,0.05251114442944527,,0.012798178941011429,0.05861591547727585,0.014510265551507473,0.05547759681940079,0.40886160731315613,0.029056163504719734,0.028428422287106514,0.0013406797079369426,0.032211218029260635,0.060554832220077515,0.020303836092352867,0.006726537365466356,0.038913726806640625,0.009422114118933678,,0.05076657608151436,0.0,0.11950124055147171,21,0.547407566750576,5,0,16,6197.037109375,0.014527305960655212,-0.03146198391914368,0.021490931510925293,14,4,0,0,2,1,0.017193025240824278
g19068.t1,M1V8K6,0.8079,38.1,1,410,2.6524342760848127,125,95,190,37802.76953125,0.10011668503284454,0.22126884758472443,0.657682478427887,0.5212277173995972,0.1364547610282898,316,43,31,562,14,45,24,21,0.2,0.006279084365814924,0.0,0.012688277289271355,0.09439456462860107,0.014082832261919975,0.03646710142493248,0.4268331527709961,0.010711021721363068,0.0011949295876547694,0.10194255411624908,0.10989656299352646,0.026558199897408485,0.020931970328092575,0.0030726760160177946,0.004091063514351845,0.011266478337347507,0.01638760417699814,0.051786258816719055,0.0008535211090929806,0.050562139600515366,1,603,3.2491829519174664,169,104,330,55595.8671875,0.2056053876876831,0.2939809262752533,0.46494221687316895,0.25903424620628357,0.2059079259634018,403,53,18,602,-1,37,43,-6,0.23880597014925373,0.09576170891523361,0.0,0.05649220943450928,0.19832651317119598,0.009710125625133514,0.05957263335585594,0.06070774793624878,0.021960046142339706,0.045723482966423035,0.029873138293623924,0.1473158597946167,0.0585920549929142,0.03547148406505585,0.0009866072796285152,0.025254620239138603,0.029743215069174767,0.0,0.07710329443216324,0.01085267961025238,0.03655257076025009,-193,-0.5967486758326537,-44,-9,-140,-17793.09765625,-0.10548870265483856,-0.07271207869052887,0.19274026155471802,-87,-10,13,-40,15,27,-0.038805970149253716
g11355.t1,M1VGW4,0.8077,16.4,1,220,1.9654968528649903,71,52,97,21077.068359375,0.1808115839958191,0.2630024552345276,0.5548344254493713,0.38975587487220764,0.1650785505771637,198,26,3,112,3,21,14,7,0.24545454545454545,0.023420779034495354,0.0071318200789391994,0.0024493320379406214,0.04430197551846504,0.004129758104681969,0.06190674751996994,0.3454539477825165,0.041010912507772446,0.013777492567896843,0.06796625256538391,0.05357879400253296,0.11149974912405014,0.0013515488244593143,0.0,0.08545439690351486,0.001530832494609058,0.0,0.05743618682026863,0.0,0.07759951055049896,1,159,1.4860478816408202,52,37,70,16370.5234375,0.32413047552108765,0.33765357732772827,0.3382158875465393,0.2680095136165619,0.07020638883113861,152,13,1,160,2,14,5,9,0.25157232704402516,0.05303402245044708,0.0,0.07824666053056717,0.15768928825855255,0.019905347377061844,0.12788182497024536,0.11032020300626755,0.0,0.04800841584801674,0.025295736268162727,0.03486983850598335,0.03533654287457466,0.0,0.0,0.00216804351657629,0.01675306260585785,0.0,0.1115366667509079,0.07904341071844101,0.09991086274385452,61,0.4794489712241701,19,15,27,4706.544921875,-0.14331889152526855,-0.07465112209320068,0.21661853790283203,46,13,2,-48,1,-2,-0.006117781589479704
g4920.t3,M1UVP8,0.8066,20.9,1,306,2.604009486701002,189,12,105,27151.58203125,0.2725813686847687,0.2720043957233429,0.365825355052948,0.19576531648635864,0.17006005346775055,289,39,0,370,-3,18,16,2,0.238562091503268,0.03564074635505676,0.0,0.023113135248422623,0.0503905825316906,0.004018700681626797,0.10202746093273163,0.14537473022937775,0.005709104705601931,0.03566858917474747,0.07191739976406097,0.10116522759199142,0.06889481842517853,0.08958885073661804,0.06758397817611694,0.05768044292926788,0.023242807015776634,0.030216941609978676,0.05269097909331322,0.0025655936915427446,0.03250988945364952,1,550,3.3340498932225846,370,19,161,45110.69921875,0.3083273470401764,0.1841621696949005,0.4517354965209961,0.2746577858924866,0.17707769572734833,557,86,6,247,2,40,31,9,0.21272727272727274,0.047803785651922226,0.0007154481718316674,0.07415194809436798,0.21435204148292542,0.011456060223281384,0.061967883259058,0.060305751860141754,0.014353487640619278,0.06097099184989929,0.02102004736661911,0.09707237780094147,0.08000531792640686,0.055775053799152374,0.004148454405367374,0.045886263251304626,0.009298260323703289,0.017300907522439957,0.02684546820819378,0.03827908635139465,0.05829146131873131,-244,-0.7300404065215824,-181,-7,-56,-17959.1171875,-0.035745978355407715,0.08784222602844238,-0.0859101414680481,-268,-47,-6,123,-5,-7,0.02583481877599525
g10223.t1,M1VG69,0.8054,29.2,1,207,2.179815486482689,66,47,94,25107.529296875,0.22781571745872498,0.36617252230644226,0.3949277997016907,0.23462040722370148,0.160307377576828,167,18,2,177,-2,15,13,2,0.2898550724637681,0.04696160554885864,0.09580747783184052,0.025824468582868576,0.09573928266763687,0.016992097720503807,0.12592244148254395,0.1388811320066452,0.006098122335970402,0.005502453539520502,0.048347387462854385,0.08712899684906006,0.07317838072776794,0.011084009893238544,0.023388655856251717,0.057974785566329956,0.03251280263066292,0.002955709584057331,0.026043402031064034,0.007952915504574776,0.07170391082763672,1,200,1.6335986193079624,61,50,89,18033.4921875,0.2947591543197632,0.24137482047080994,0.4287344515323639,0.2288259118795395,0.19990859925746918,161,21,6,83,-3,12,11,1,0.255,0.019533755257725716,0.03919108957052231,0.014313572086393833,0.15311188995838165,0.004562171176075935,0.1062844917178154,0.07571402192115784,0.0029967641457915306,0.03909718245267868,0.021958166733384132,0.16720932722091675,0.03269926458597183,0.035131487995386124,0.0,0.13078971207141876,0.02681347355246544,0.0,0.046848397701978683,0.00811608973890543,0.07562915235757828,7,0.5462168671747265,5,-3,5,7074.037109375,-0.06694343686103821,0.12479770183563232,-0.03380665183067322,6,-3,-4,94,1,1,0.03485507246376812
g6101.t1,M1UXV9,0.8054,26.0,1,243,2.092024919895347,205,0,38,23231.287109375,0.5886284112930298,0.19222475588321686,0.17011843621730804,0.1325140744447708,0.03760436549782753,246,11,3,264,5,8,4,4,0.25925925925925924,0.07544075697660446,0.0,0.15925297141075134,0.020573260262608528,0.01153359841555357,0.03020056150853634,0.11194080859422684,0.04278711602091789,0.017038891091942787,0.0,0.023344101384282112,0.014260259456932545,0.049028392881155014,0.024444283917546272,0.027935044839978218,0.0499996691942215,0.015607180073857307,0.032262735068798065,0.2352346032857895,0.05911579355597496,1,245,2.0626003538992546,206,0,39,24469.2578125,0.4175014793872833,0.22091156244277954,0.33025312423706055,0.2383524477481842,0.09190065413713455,242,15,1,128,4,17,8,9,0.24897959183673468,0.0351606123149395,0.0,0.07080045342445374,0.16171561181545258,0.04584096372127533,0.04006621614098549,0.07663681358098984,0.056370168924331665,0.020359914749860764,0.025412442162632942,0.05336400121450424,0.03853666037321091,0.03133397176861763,0.02407006546854973,0.05826762318611145,0.0013186123687773943,0.09005515277385712,0.018061155453324318,0.09019307047128677,0.062436543405056,-2,0.029424565996092333,-1,0,-1,-1237.970703125,0.17112693190574646,-0.028686806559562683,-0.1601346880197525,4,-4,2,136,1,-5,0.010279667422524563
g11485.t1,M1VL86,0.8053,30.2,1,151,2.793273528452796,89,8,54,26936.9765625,0.425224244594574,0.2177477478981018,0.3266327381134033,0.22184795141220093,0.10478474199771881,117,6,1,114,3,8,6,2,0.44370860927152317,0.026971513405442238,0.0,0.09846023470163345,0.14101189374923706,0.010409675538539886,0.02029913105070591,0.08083606511354446,0.06144443154335022,0.07978970557451248,0.04504204913973808,0.08570551872253418,0.01907922700047493,0.03039526380598545,0.09001273661851883,0.030541501939296722,0.02335735410451889,,0.05358095094561577,0.04228006675839424,0.060782644897699356,1,159,2.5184749299439675,87,8,64,25349.673828125,0.4200532138347626,0.10679129511117935,0.4325715899467468,0.30137959122657776,0.13119199872016907,119,4,1,57,8,15,4,11,0.3584905660377358,0.009334283880889416,0.002578163053840399,0.06885933130979538,0.2580503821372986,0.021238693967461586,0.02134113572537899,0.043329209089279175,0.01554496493190527,0.0238016527146101,0.0006243053358048201,0.016915643587708473,0.11427636444568634,0.040583863854408264,0.08531808853149414,0.04200541973114014,0.06594596058130264,,0.03612975403666496,0.10145752131938934,0.032665275037288666,-8,0.2747985985088284,2,0,-10,1587.302734375,0.005171030759811401,0.11095645278692245,-0.1059388518333435,-2,2,0,57,-5,-9,0.08521804323378734
g16310.t1,M1VAW0,0.8012,25.0,1,435,2.320556812092378,166,89,180,30792.310546875,0.1490073800086975,0.3049319386482239,0.5047375559806824,0.28843241930007935,0.21630510687828064,403,44,11,74,4,24,17,7,0.18620689655172415,0.021403977647423744,0.0,0.013621940277516842,0.08392966538667679,0.021323151886463165,0.15040434896945953,0.20450274646282196,0.03864015266299248,0.016748085618019104,0.02434893697500229,0.16144688427448273,0.05485822260379791,0.04132314398884773,0.008592300117015839,0.041468244045972824,0.014326762408018112,0.009568474255502224,0.048811379820108414,0.004381823353469372,0.04029974713921547,1,584,2.8518304974004627,214,87,283,47214.265625,0.27204859256744385,0.2816055119037628,0.41056784987449646,0.2745656669139862,0.13600221276283264,440,50,14,147,0,29,22,7,0.20376712328767124,0.10172265768051147,0.0024363850243389606,0.11021535098552704,0.2300713211297989,0.0263964906334877,0.03012893721461296,0.04449434578418732,0.014437022618949413,0.028117375448346138,0.017404263839125633,0.08892049640417099,0.04708171635866165,0.035778045654296875,0.015991179272532463,0.039294566959142685,0.01440537441521883,0.0,0.08907973021268845,0.021935058757662773,0.04208967089653015,-149,-0.5312736853080846,-48,2,-103,-16421.955078125,-0.12304121255874634,0.02332642674446106,0.09416970610618591,-37,-6,-3,-73,4,0,-0.017560226735947093
g13617.t1,M1VFV4,0.7983,28.9,1,222,3.363537073019758,55,28,139,43619.8359375,0.2559521496295929,0.2735535204410553,0.47049427032470703,0.22704388201236725,0.2434503734111786,128,15,0,12,-5,23,25,-2,0.4954954954954955,0.038009677082300186,,0.06175795570015907,0.03556263446807861,0.013515986502170563,0.0940055102109909,0.19148124754428864,0.0026038852520287037,0.025478607043623924,0.05896349996328354,0.1899101436138153,0.05354023352265358,,0.011391334235668182,0.04702594876289368,0.05207443982362747,,0.06645498424768448,7.396970613626763e-05,0.05814990773797035,1,149,3.642445564260027,102,0,47,32229.46875,0.2301335632801056,0.22365903854370117,0.5462074279785156,0.33653414249420166,0.20967327058315277,125,8,0,0,-4,20,23,-3,0.5234899328859061,0.050262998789548874,,0.05884740874171257,0.22333800792694092,0.02099473401904106,0.036323655396699905,0.11319612711668015,0.03245515748858452,0.03002665564417839,0.020139556378126144,0.151071235537529,0.05860202759504318,,0.008809827268123627,0.06631012260913849,0.0005005583516322076,0.0003935995337087661,0.06348293274641037,,0.06524538993835449,73,-0.2789084912402693,-47,28,92,11390.3671875,0.025818586349487305,0.049894481897354126,-0.0757131576538086,3,7,0,12,-1,1,-0.027994437390410576
g2272.t1,M1V770,0.7971,27.0,1,146,1.7195007224562324,71,0,75,18389.125,0.19686245918273926,0.12252200394868851,0.6656394600868225,0.4387543201446533,0.2268851399421692,123,18,37,129,11,20,13,7,0.3013698630136986,0.005666156765073538,0.0,0.011931244283914566,0.1443052887916565,0.03509477898478508,0.03373606503009796,0.2944490313529968,0.0010287555633112788,0.014036757871508598,0.037290532141923904,0.21487900614738464,0.01200614869594574,0.014976066537201405,0.018247785046696663,0.04281210899353027,0.007895676419138908,0.0,0.009705724194645882,0.050360314548015594,0.0515785738825798,1,234,2.233670190601407,105,7,122,27387.3046875,0.19520670175552368,0.22384975850582123,0.566712498664856,0.4669429659843445,0.09976954013109207,203,21,19,155,17,27,11,16,0.29914529914529914,0.07270495593547821,0.00895913690328598,0.017784202471375465,0.4406590163707733,0.01788729801774025,0.02991025522351265,0.026283981278538704,0.03579912707209587,0.10071181505918503,0.0015024272724986076,0.025665368884801865,0.07410416007041931,0.01423104852437973,0.0,0.03357023745775223,0.01781337894499302,0.0016493645962327719,0.05708656087517738,0.011309928260743618,0.012367759831249714,-88,-0.5141694681451747,-34,-7,-47,-8998.1796875,0.0016557574272155762,-0.10132775455713272,0.09892696142196655,-80,-3,18,-26,-6,-9,0.002224563868399476
g9582.t1,M1US56,0.7965,48.2,1,662,2.455538719520821,225,162,275,30119.490234375,0.21166224777698517,0.25988298654556274,0.48219841718673706,0.3267870843410492,0.15541133284568787,642,84,28,886,-3,28,24,4,0.13897280966767372,0.023203903809189796,0.0,0.008884035982191563,0.1548219472169876,0.016182510182261467,0.0967920646071434,0.171965092420578,0.0034765054006129503,0.04066315293312073,0.04229828715324402,0.10934823006391525,0.04606310650706291,0.04625634476542473,0.015077739953994751,0.09702692180871964,0.013570665381848812,0.007605865132063627,0.07792972773313522,0.008881594054400921,0.019952263683080673,1,766,3.076301198747372,262,162,342,46290.30859375,0.2435143142938614,0.2290465384721756,0.5190873146057129,0.3754149079322815,0.14367248117923737,708,108,32,895,4,42,33,9,0.15796344647519583,0.0467231422662735,0.004659149330109358,0.01428899448364973,0.3195784389972687,0.020076818764209747,0.0549338273704052,0.05583644658327103,0.011039122939109802,0.022653065621852875,0.05738826468586922,0.06970259547233582,0.07396990060806274,0.008351809345185757,0.008224884048104286,0.07860163599252701,0.03408130258321762,0.0032063110265880823,0.0342261865735054,0.03337791934609413,0.04908019304275513,-104,-0.6207624792265509,-37,0,-67,-16170.818359375,-0.03185206651687622,0.030836448073387146,-0.03688889741897583,-66,-24,-4,-9,-7,-5,-0.01899063680752211
g9054.t1,M1V9X1,0.7924,27.6,1,291,2.047393218132021,98,70,123,25129.87109375,0.43365606665611267,0.3638971149921417,0.1758783757686615,0.1374237984418869,0.0384545736014843,253,23,12,237,0,11,4,7,0.23024054982817868,0.09267071634531021,0.010922995395958424,0.08268629014492035,0.07369726151227951,0.008421370759606361,0.1094745397567749,0.06372653692960739,0.013299571350216866,0.008853389881551266,0.0964696928858757,0.006191822700202465,0.03226274996995926,0.026568494737148285,0.054529763758182526,0.06051162630319595,0.07511099427938461,0.0002567897317931056,0.03263823688030243,0.07780728489160538,0.07389990985393524,1,778,3.9401632263542,379,97,302,58480.546875,0.2107064127922058,0.25502002239227295,0.5142397284507751,0.32462364435195923,0.18961606919765472,728,110,1,521,-2,59,45,14,0.2095115681233933,0.07731796056032181,0.004187481477856636,0.047347962856292725,0.2255297601222992,0.014385960064828396,0.05337096378207207,0.09909386932849884,0.01723180152475834,0.015381941571831703,0.042278263717889786,0.1238180547952652,0.06579800695180893,0.02003384754061699,0.013679126277565956,0.049260497093200684,0.017307793721556664,0.015397023409605026,0.046247586607933044,0.038427893072366714,0.013904200866818428,-487,-1.892770008222179,-281,-27,-179,-33350.67578125,0.22294965386390686,0.10887709259986877,-0.33836135268211365,-475,-87,11,-284,2,-7,0.020728981704785376
g8504.t2,M1V7K8,0.7902,57.5,1,698,4.143144801139897,290,111,297,55399.51953125,0.1499190330505371,0.20841966569423676,0.6033775210380554,0.3727097809314728,0.23066772520542145,603,70,0,205,-1,56,50,6,0.19627507163323782,0.040342800319194794,0.0014156568795442581,0.023468632251024246,0.1395009458065033,0.009747013449668884,0.04603957384824753,0.23320883512496948,0.011336428113281727,0.020565493032336235,0.05527980625629425,0.20337557792663574,0.027292149141430855,0.0382838137447834,0.038364432752132416,0.02660437487065792,0.00996926799416542,0.0006988969398662448,0.044258393347263336,0.01729769818484783,0.012950246222317219,1,596,3.08913269343843,191,98,307,54556.58203125,0.28870341181755066,0.2813630998134613,0.4123416543006897,0.262835830450058,0.1495058536529541,457,55,0,178,-6,30,29,1,0.24328859060402686,0.10290287435054779,0.018848681822419167,0.040933672338724136,0.1382954865694046,0.022228144109249115,0.01221529021859169,0.12454032152891159,0.015135196037590504,0.10077646374702454,0.008983633480966091,0.1172758936882019,0.0322299599647522,0.017591901123523712,0.04444420710206032,0.01401648297905922,0.04173487052321434,0.01159169152379036,0.1010492593050003,0.023890381678938866,0.011315622366964817,102,1.054012107701467,99,13,-10,842.9375,-0.13878437876701355,-0.07294343411922455,0.19103586673736572,146,15,0,27,5,5,-0.04701351897078904
g12849.t1,M1V3I8,0.7894,30.5,1,455,2.5761646849027033,143,104,208,31546.583984375,0.2263197898864746,0.33460667729377747,0.4192190170288086,0.2125973105430603,0.2066216915845871,385,42,15,561,-9,26,22,4,0.1912087912087912,0.11934319138526917,0.020663153380155563,0.056947335600852966,0.12347941100597382,0.014321040362119675,0.09759727865457535,0.08911792933940887,0.019848117604851723,0.03220117464661598,0.03489575907588005,0.10596776008605957,0.10065393149852753,0.01985454000532627,0.009370007552206516,0.022089887410402298,0.01734541915357113,0.0,0.027938110753893852,0.02035347744822502,0.06801250576972961,1,836,3.5996054439820666,267,101,468,64797.8671875,0.25312966108322144,0.3320479691028595,0.36835160851478577,0.1882753223180771,0.18007627129554749,552,41,30,505,-12,36,39,-3,0.2117224880382775,0.1381402164697647,0.011057961732149124,0.0663742944598198,0.13270260393619537,0.013905901461839676,0.07051004469394684,0.05557271093130112,0.012049528770148754,0.055539004504680634,0.009420144371688366,0.13277992606163025,0.04729634150862694,0.046470772475004196,0.0072133224457502365,0.06782011687755585,0.03560257330536842,0.00741930864751339,0.07696413993835449,0.0,0.013161038979887962,-381,-1.0234407590793633,-124,3,-260,-33251.283203125,-0.026809871196746826,0.0025587081909179688,0.05086740851402283,-167,1,-15,56,3,7,-0.02051369682948631
g13452.t1,M1V733,0.7873,21.0,1,172,1.6560846156531799,26,72,74,17761.3984375,0.1738114207983017,0.25502994656562805,0.558302104473114,0.4428313672542572,0.1154707595705986,136,22,0,77,5,19,10,9,0.2616279069767442,0.023581605404615402,0.0,0.0,0.060988035053014755,0.04327975958585739,0.04403485357761383,0.38184335827827454,0.022524775937199593,0.041850633919239044,0.09992978721857071,0.1018017902970314,0.013668964616954327,0.01285644806921482,0.05595146119594574,0.024160858243703842,0.003034389577805996,0.0,0.021679164841771126,0.0,0.04881405457854271,1,810,4.209980538249771,198,151,461,83385.0546875,0.2685549557209015,0.2489846795797348,0.43715664744377136,0.28224977850914,0.15490689873695374,478,44,2,144,25,57,37,20,0.26296296296296295,0.03770330548286438,0.009355807676911354,0.04493558779358864,0.2376379519701004,0.008304232731461525,0.10678374022245407,0.04461177811026573,0.016517948359251022,0.020841993391513824,0.02882520854473114,0.07830245792865753,0.0766044333577156,0.04530372470617294,0.005396062973886728,0.04220162704586983,0.0723978728055954,0.013260751031339169,0.041494451463222504,0.03142513707280159,0.03809589520096779,-638,-2.553895922596591,-172,-79,-387,-65623.65625,-0.09474353492259979,0.0060452669858932495,0.12114545702934265,-342,-22,-2,-67,-20,-11,-0.0013350559862187472
g11365.t1,M1UWX1,0.7852,35.6,1,120,2.1025773968364163,9,39,72,21296.087890625,0.2499450445175171,0.2351689487695694,0.5148860216140747,0.3345035910606384,0.18038244545459747,67,7,0,30,2,17,11,6,0.4,0.12218204140663147,0.0,0.0858394205570221,0.06510178744792938,0.025246908888220787,0.0,0.26940178871154785,0.039049871265888214,0.004052743781358004,0.033577241003513336,0.11935973167419434,0.061022717505693436,,0.028180649504065514,0.03469552844762802,0.020150678232312202,0.0,0.015112890861928463,0.007120917085558176,0.06990508735179901,1,273,2.9744303726871366,12,90,171,41425.48828125,0.38404226303100586,0.3103638291358948,0.2888539433479309,0.2207317352294922,0.06812221556901932,147,18,0,75,6,20,12,8,0.38095238095238093,0.07266958802938461,0.0036957862321287394,0.06788075715303421,0.1767297238111496,0.030971303582191467,0.046312637627124786,0.044002022594213486,0.03729241341352463,0.06734497100114822,0.03670552372932434,0.038969457149505615,0.029152758419513702,0.016739947721362114,0.036216117441654205,0.035528846085071564,0.07257775962352753,0.009406667202711105,0.08271657675504684,0.04665108397603035,0.04843606427311897,-153,-0.8718529758507203,-3,-51,-99,-20129.400390625,-0.13409721851348877,-0.07519488036632538,0.2260320782661438,-80,-11,0,-45,-4,-2,0.01904761904761909
g11483.t1,M1VGP0,0.7806,55.4,1,189,2.7487863981264047,61,25,103,28982.81640625,0.29926812648773193,0.13256078958511353,0.5681711435317993,0.18292416632175446,0.38524696230888367,135,18,0,105,-15,15,30,-15,0.3492063492063492,0.030570155009627342,0.0,0.0912008211016655,0.030360126867890358,0.00454153073951602,0.03505813330411911,0.15256404876708984,0.016356637701392174,0.02082018554210663,0.036247774958610535,0.11111834645271301,0.27412861585617065,0.0,0.02059534192085266,0.019173135980963707,0.002431409666314721,0.0,0.009786550886929035,0.03862764686346054,0.10641955584287643,1,243,3.0677755739125496,73,24,146,40874.16015625,0.2012883722782135,0.3131735920906067,0.45692262053489685,0.2285638451576233,0.22835874557495117,180,27,0,150,-10,19,25,-6,0.40329218106995884,0.13902661204338074,0.0,0.0713619813323021,0.18357683718204498,0.007010884582996368,0.0526922270655632,0.044987019151449203,0.0006942496402189136,0.05832546576857567,0.08501725643873215,0.1087341383099556,0.11962459981441498,0.02861546166241169,0.0,0.008525361306965351,0.009472623467445374,0.0,0.028732331469655037,0.0,0.05360294505953789,-54,-0.31898917578614494,-12,1,-43,-11891.34375,0.09797975420951843,-0.18061280250549316,0.11124852299690247,-45,-9,0,-45,-5,-9,-0.05408583186360966
g5810.t1,M1V582,0.7801,55.7,1,286,4.760696534554028,154,64,68,41607.51171875,0.2975045442581177,0.12626266479492188,0.5548347234725952,0.39033520221710205,0.16449955105781555,239,17,0,101,4,35,28,7,0.40559440559440557,0.00972498208284378,,0.12025047838687897,0.162702739238739,0.007824952714145184,0.05405502766370773,0.22763244807720184,0.0060623399913311005,0.040086355060338974,0.02402600646018982,0.13538087904453278,0.029118681326508522,0.021397991105914116,0.02512529492378235,0.024970201775431633,0.007056795991957188,0.011399439536035061,0.024569358676671982,0.025668125599622726,0.04294787719845772,1,284,4.9023906507398705,160,70,54,41580.109375,0.27097728848457336,0.24096716940402985,0.449874609708786,0.3015204071998596,0.14835423231124878,248,13,0,23,5,32,23,9,0.36619718309859156,0.026616530492901802,,0.0852540135383606,0.21125218272209167,0.011178089305758476,0.10337810218334198,0.09026823192834854,0.023166822269558907,0.027081811800599098,0.01598459482192993,0.1412808895111084,0.0070733437314629555,0.03818103298544884,0.05601591616868973,0.015283328481018543,0.006906250026077032,0.014973522163927555,0.060643021017313004,0.01988060213625431,0.04558183625340462,2,-0.1416941161858425,-6,-6,14,27.40234375,0.02652725577354431,-0.11470450460910797,0.1049601137638092,-9,4,0,78,-1,-2,0.03939722249581401
g3990.t1,Q85FW0,0.7778,33.0,1,259,2.329165429580628,33,64,162,25688.548828125,0.21137242019176483,0.22488658130168915,0.5184397101402283,0.3705098032951355,0.14792987704277039,177,22,3,88,30,28,10,18,0.22393822393822393,0.0009819116676226258,0.0,0.051858339458703995,0.17696021497249603,0.02053789049386978,0.03141480311751366,0.19354960322380066,0.11067686229944229,0.00600887555629015,0.044828109443187714,0.09100398421287537,0.05692589655518532,0.04530131816864014,0.005643521901220083,0.040894877165555954,0.011178622953593731,0.014444288797676563,0.016447022557258606,0.008289765566587448,0.07305411994457245,1,245,2.182462985314159,17,70,158,23065.955078125,0.22120492160320282,0.17738646268844604,0.5512670874595642,0.41578933596611023,0.13547773659229279,156,14,1,18,30,29,7,22,0.23673469387755103,0.04892876371741295,0.0,0.03273548558354378,0.19661584496498108,0.039014995098114014,0.029065459966659546,0.21917349100112915,0.0039673252031207085,0.01829284429550171,0.05235330015420914,0.09163305908441544,0.04384468495845795,0.05014155060052872,0.013009163551032543,0.04923580214381218,0.07036413997411728,0.008772756904363632,0.004056620877236128,0.0,0.02879471518099308,14,0.14670244426646928,16,-6,4,2622.59375,-0.009832501411437988,0.0475001186132431,-0.03282737731933594,21,8,2,70,0,-4,-0.012796469939327093
g4988.t1,M1VAN8,0.7724,31.0,1,695,11.610843746233094,557,0,138,106676.796875,0.04469902813434601,0.7047445178031921,0.25049588084220886,0.23560406267642975,0.01489180512726307,665,36,5,54,76,80,10,70,0.539568345323741,0.018762096762657166,0.0,0.0019357440760359168,0.039248399436473846,0.00352686969563365,0.620519757270813,0.1963556706905365,0.0020689505618065596,0.012917034327983856,0.04700968787074089,0.010245145298540592,0.004646661225706339,6.049199873814359e-05,0.001240086043253541,0.016612542793154716,0.005010492634028196,0.0,0.01285711769014597,0.0,0.0069831302389502525,1,1691,5.5434166953110875,454,14,1223,162786.78125,0.32252517342567444,0.27890267968177795,0.3723752498626709,0.2016531080007553,0.1707221418619156,779,102,12,256,-31,70,93,-23,0.2820816085156712,0.08405274152755737,0.000697277020663023,0.05176275223493576,0.17003180086612701,0.03207259997725487,0.04057934507727623,0.031621288508176804,0.01466597430408001,0.07596958428621292,0.03778186812996864,0.11181607097387314,0.05890608951449394,0.026196861639618874,0.02788812294602394,0.062007077038288116,0.061301928013563156,0.005996854044497013,0.06905286014080048,0.0017410574946552515,0.035857804119586945,-996,6.0674270509220065,103,-14,-1085,-56109.984375,-0.27782614529132843,0.4258418381214142,-0.12187936902046204,-114,-66,-7,-202,107,93,0.25748673680806977
g18654.t1,Q85FP2,0.7687,16.5,1,303,1.955943044241631,136,56,111,21896.19140625,0.15454931557178497,0.18726448714733124,0.6555562019348145,0.5134763121604919,0.14207985997200012,296,44,0,467,8,32,14,18,0.18811881188118812,0.020893463864922523,,0.0,0.04662953317165375,0.04200773313641548,0.015305474400520325,0.466846764087677,0.0008841389790177345,0.06857603043317795,0.0738564059138298,0.06782640516757965,0.07425345480442047,0.002629999304190278,0.0011519759427756071,0.021658046171069145,0.0,0.0,0.034317269921302795,0.0,0.06316325068473816,1,294,2.021349812969664,153,52,89,23149.263671875,0.2515305280685425,0.275726318359375,0.46724098920822144,0.3055274188518524,0.1617135852575302,266,36,4,256,3,17,15,2,0.1870748299319728,0.005964744370430708,0.0,0.041632894426584244,0.08164501190185547,0.03530633822083473,0.13398274779319763,0.22388240694999695,0.0011086852755397558,0.004593187477439642,0.07697805762290955,0.14385199546813965,0.017861584201455116,0.005502101965248585,0.01389034278690815,0.02139144577085972,0.0,0.12199890613555908,0.0223857369273901,0.03874766081571579,0.009276102297008038,9,-0.06540676872803286,-17,4,22,-1253.072265625,-0.09698121249675751,-0.08846183121204376,0.18831521272659302,30,8,-4,211,5,16,0.0010439819492153168
g6828.t1,M1UXT7,0.7673,30.3,1,215,2.1107961844719565,70,49,96,23851.064453125,0.2324720174074173,0.23320326209068298,0.5310781002044678,0.4260903000831604,0.1049877405166626,170,13,10,112,5,25,15,10,0.2651162790697674,0.03336285054683685,0.011362530291080475,0.08834384381771088,0.12104734033346176,0.015919310972094536,0.100519560277462,0.30504298210144043,0.0013527891132980585,0.011363429017364979,0.038705743849277496,0.08912437409162521,0.015863370150327682,0.003246694104745984,0.04890928789973259,0.012986776418983936,0.006087551359087229,0.0,0.031980495899915695,0.04149053245782852,0.023290572687983513,1,329,3.12638401338274,75,47,207,48733.125,0.25667864084243774,0.35689255595207214,0.38623014092445374,0.2111128270626068,0.17511732876300812,205,27,4,94,-16,21,22,-1,0.364741641337386,0.08865265548229218,0.01376993115991354,0.07364626973867416,0.16450902819633484,0.031462255865335464,0.07336391508579254,0.04660378396511078,0.06875023245811462,0.05791909620165825,0.026033440604805946,0.11751706898212433,0.057600248605012894,0.00019862545013893396,0.021383624523878098,0.040489401668310165,0.017149297520518303,0.0013798120198771358,0.05486013740301132,0.01052714791148901,0.03418397158384323,-114,-1.0155878289107836,-5,2,-111,-24882.060546875,-0.024206623435020447,-0.12368929386138916,0.14484795928001404,-35,-14,6,18,21,11,-0.09962536226761859
g11355.t1,M1UW27,0.7642,21.0,1,220,1.9654968528649903,71,52,97,21077.068359375,0.1808115839958191,0.2630024552345276,0.5548344254493713,0.38975587487220764,0.1650785505771637,198,26,3,112,3,21,14,7,0.24545454545454545,0.023420779034495354,0.0071318200789391994,0.0024493320379406214,0.04430197551846504,0.004129758104681969,0.06190674751996994,0.3454539477825165,0.041010912507772446,0.013777492567896843,0.06796625256538391,0.05357879400253296,0.11149974912405014,0.0013515488244593143,0.0,0.08545439690351486,0.001530832494609058,0.0,0.05743618682026863,0.0,0.07759951055049896,1,186,2.4289213127248876,49,33,104,28082.92578125,0.32542577385902405,0.14186440408229828,0.5081300735473633,0.41875162720680237,0.08937842398881912,151,21,3,137,12,26,14,12,0.3333333333333333,0.04448186978697777,0.0,0.026333831250667572,0.12524615228176117,0.014274965040385723,0.03916829451918602,0.29350546002388,0.0,0.10188648849725723,0.01734982617199421,0.059304311871528625,0.030074113979935646,0.02457975223660469,0.00168411189224571,0.1003357395529747,0.016419295221567154,0.0,0.026589451357722282,0.0,0.07876631617546082,34,-0.46342445985989733,22,19,-7,-7005.857421875,-0.14461418986320496,0.12113805115222931,0.04670435190200806,47,5,0,-25,-9,-5,-0.08787878787878786
g12528.t1,M1V6R0,0.7619,43.2,1,121,2.6990049196439503,54,0,67,26250.85546875,0.4204479157924652,0.08002988994121552,0.38564398884773254,0.23151186108589172,0.15413214266300201,72,16,0,78,6,14,10,4,0.48760330578512395,0.0033630752004683018,,0.05137723311781883,0.20110274851322174,0.04076402261853218,0.0,0.03040912374854088,0.022013725712895393,0.013643235899508,0.0,0.14500097930431366,0.00913115032017231,0.11387819051742554,0.04603877663612366,0.08451584726572037,0.022738728672266006,0.06962936371564865,0.013889061287045479,0.04031514748930931,0.09218961000442505,1,85,2.621294857777167,33,4,48,21536.19921875,0.4340693950653076,0.13690859079360962,0.3313676118850708,0.2086908221244812,0.1226767748594284,43,6,0,71,4,9,5,4,0.5176470588235295,0.004684928338974714,,0.022173311561346054,0.20516353845596313,0.01239699125289917,0.03245456516742706,0.0035272936802357435,0.036060258746147156,0.019023682922124863,0.002198326401412487,0.08242546021938324,0.04025132581591606,0.09765443950891495,0.019776197150349617,0.14637334644794464,0.028915196657180786,0.07321511209011078,0.04911353066563606,0.024120965972542763,0.10047157853841782,36,0.07771006186678342,21,-4,19,4714.65625,-0.013621479272842407,-0.056878700852394104,0.05427637696266174,29,10,0,7,2,0,-0.030043753038405507
g7782.t1,M1V7Q5,0.7565,42.9,1,142,2.2874228933075225,24,32,86,25373.328125,0.2839159667491913,0.22556370496749878,0.4905204772949219,0.2854354977607727,0.2050849348306656,90,7,3,57,1,16,16,0,0.45774647887323944,0.05201223865151405,0.0,0.056307073682546616,0.07203236222267151,0.027098998427391052,0.02251088246703148,0.2134031504392624,0.0032337575685232878,0.03721655160188675,0.06243070587515831,0.11110921204090118,0.09397570788860321,0.0,0.052113596349954605,0.01999896764755249,0.013135070912539959,0.016276851296424866,0.058277107775211334,0.016785504296422005,0.07208234816789627,1,113,2.2940698627579446,30,33,50,21475.26953125,0.27675920724868774,0.13397099077701569,0.5761568546295166,0.3701893389225006,0.205967515707016,74,10,1,34,0,16,16,0,0.4247787610619469,0.04513632506132126,0.026130253449082375,0.05771748349070549,0.12290652096271515,0.009503178298473358,0.0,0.24728284776210785,,0.0009014684474095702,0.011762027628719807,0.09469849616289139,0.111269012093544,0.013112962245941162,0.0014681938337162137,0.024172276258468628,0.015570647083222866,,0.041439201682806015,0.053487129509449005,0.12344202399253845,29,-0.006646969450422091,-6,-1,36,3898.05859375,0.00715675950050354,0.0915927141904831,-0.08563637733459473,16,-3,2,23,1,0,0.03296771781129254
g12123.t1,M1V5F9,0.7554,30.3,1,188,2.6794486177425423,61,31,96,30202.45703125,0.36847934126853943,0.23715999722480774,0.3160320222377777,0.16757157444953918,0.14846044778823853,136,13,1,215,-2,14,12,2,0.3829787234042553,0.04365483671426773,0.0,0.09930583089590073,0.07746615260839462,0.013282856903970242,0.061567701399326324,0.09010542184114456,0.0,0.021523425355553627,0.027030061930418015,0.03800952434539795,0.11045092344284058,0.07832864671945572,0.0,0.024563726037740707,0.0054483599960803986,0.0,0.09162453562021255,0.11967670172452927,0.09796126186847687,1,250,2.6296113183087124,79,26,145,33612.234375,0.29446253180503845,0.18469645082950592,0.4076831638813019,0.31756874918937683,0.09011439979076385,178,20,4,151,10,23,12,11,0.3,0.033872853964567184,0.0,0.06466161459684372,0.21605581045150757,0.01801767200231552,0.051175784319639206,0.10151292383670807,0.006819593720138073,0.0689181387424469,0.056864820420742035,0.0802689716219902,0.009845418855547905,0.11315791308879852,0.002399830147624016,0.017078036442399025,0.023788807913661003,0.0,0.017945751547813416,0.0054716127924621105,0.11214449256658554,-62,0.04983729943382986,-18,5,-49,-3409.77734375,0.07401680946350098,0.05246354639530182,-0.09165114164352417,-42,-7,-3,64,-12,-9,0.08297872340425533
g16684.t2,M1V556,0.7499,36.8,1,590,4.090335920518937,186,145,259,64842.49609375,0.19972115755081177,0.2035898119211197,0.5818460583686829,0.34712544083595276,0.2347206175327301,471,59,11,468,-10,59,52,7,0.2745762711864407,0.01654750481247902,0.0012598911998793483,0.013037053868174553,0.07322631776332855,0.0018399761756882071,0.07576772570610046,0.2738991379737854,0.005760630592703819,0.015327959321439266,0.060120537877082825,0.1457674503326416,0.0889531597495079,0.014842919073998928,0.00900651328265667,0.06291951984167099,0.017764229327440262,0.004279338289052248,0.04229355975985527,0.01604403741657734,0.061342503875494,1,660,3.8773647349890124,134,148,378,65988.0625,0.19798675179481506,0.22429731488227844,0.5710999369621277,0.27386173605918884,0.29723817110061646,465,49,2,251,-17,48,58,-10,0.2545454545454545,0.0717775896191597,0.00029712458490394056,0.026054831221699715,0.1357397735118866,0.01547797117382288,0.0513838492333889,0.13812196254730225,9.779181709745899e-05,0.08452088385820389,0.027948342263698578,0.16807545721530914,0.1291627287864685,0.006615982856601477,0.0031293381471186876,0.04566482454538345,0.031993377953767776,0.0017546790186315775,0.05731462314724922,0.0010757099371403456,0.0037931036204099655,-70,0.21297118552992478,52,-3,-119,-1145.56640625,0.001734405755996704,-0.020707502961158752,0.010746121406555176,6,10,9,217,7,17,0.02003081664098616
g17056.t1,Q85FP2,0.7439,16.7,1,303,1.9716711723186628,137,56,110,22106.390625,0.1592468023300171,0.2542554438114166,0.5650888085365295,0.40231066942214966,0.1627781242132187,286,29,0,224,8,28,16,12,0.20462046204620463,0.04054427146911621,,0.0002919107209891081,0.00201729079708457,0.014874137006700039,0.08480876684188843,0.4002934396266937,0.00014262780314311385,0.04416033625602722,0.01847018674015999,0.1343781054019928,0.028400029987096786,0.02140888385474682,0.0008757321047596633,0.04145132005214691,0.004372005350887775,0.0,0.09541546553373337,0.0011676428839564323,0.06692787259817123,1,294,2.021349812969664,153,52,89,23149.263671875,0.2515305280685425,0.275726318359375,0.46724098920822144,0.3055274188518524,0.1617135852575302,266,36,4,256,3,17,15,2,0.1870748299319728,0.005964744370430708,0.0,0.041632894426584244,0.08164501190185547,0.03530633822083473,0.13398274779319763,0.22388240694999695,0.0011086852755397558,0.004593187477439642,0.07697805762290955,0.14385199546813965,0.017861584201455116,0.005502101965248585,0.01389034278690815,0.02139144577085972,0.0,0.12199890613555908,0.0223857369273901,0.03874766081571579,0.009276102297008038,9,-0.04967864065100103,-16,4,21,-1042.873046875,-0.09228372573852539,-0.021470874547958374,0.0978478193283081,20,-7,-4,-32,5,10,0.017545632114231824
g19681.t1,M1V5M4,0.7399,33.0,1,148,3.1939856876203736,76,0,72,30252.01171875,0.26055383682250977,0.18377643823623657,0.4799026846885681,0.27855268120765686,0.20134997367858887,100,9,0,74,1,15,15,0,0.5067567567567568,0.023494170978665352,,0.05556756258010864,0.1021171286702156,0.007492304779589176,0.012642563320696354,0.17643558979034424,0.05883926898241043,0.022291017696261406,0.023108558729290962,0.14927653968334198,0.05207342654466629,0.07576707005500793,0.016638271510601044,0.06132663041353226,0.015785029157996178,0.006612646859139204,0.058199573308229446,0.024744097143411636,0.057588573545217514,1,122,2.1993295287133665,69,0,53,21370.060546875,0.28776824474334717,0.21095027029514313,0.4898439645767212,0.32054027915000916,0.16930367052555084,94,5,0,58,5,11,10,1,0.39344262295081966,0.03288612142205238,0.0073916614055633545,0.029290977865457535,0.30276668071746826,0.030211877077817917,0.05921990051865578,0.0177735798060894,0.022025568410754204,0.03060508891940117,0.04487163573503494,0.13197548687458038,0.03732817620038986,0.011437489651143551,0.03985988721251488,0.07698828727006912,0.023251600563526154,0.01298466045409441,0.014343519695103168,0.0012078754371032119,0.07357987016439438,26,0.9946561589070071,7,0,19,8881.951171875,-0.027214407920837402,-0.027173832058906555,-0.009941279888153076,6,4,0,16,-4,-1,0.11331413380593713
g10715.t1,M1UNM3,0.738,25.7,1,1163,4.684382814546927,319,117,727,123301.1875,0.05582519993185997,0.16184617578983307,0.7709887623786926,0.5664402842521667,0.20454846322536469,827,226,10,593,46,174,109,65,0.2751504729148753,0.10534487664699554,2.6502417313167825e-05,0.003480344545096159,0.038055311888456345,0.004220476374030113,0.022312484681606293,0.5283849239349365,0.0,0.006218790542334318,0.013028091751039028,0.1911335289478302,0.013414932414889336,0.011339915916323662,0.006332657765597105,0.028284981846809387,0.00889234896749258,0.0,0.016913749277591705,0.0,0.0026160806883126497,1,259,1.819944611349195,110,51,98,20786.5703125,0.257055401802063,0.3020329177379608,0.43785449862480164,0.2682594358921051,0.16959504783153534,222,17,26,87,7,20,12,8,0.22007722007722008,0.11800777912139893,0.0,0.08253243565559387,0.22209951281547546,0.0676453486084938,0.056067854166030884,0.046159934252500534,0.0009171803831122816,0.04023048281669617,0.024346301332116127,0.10729499161243439,0.06230005621910095,0.0030572230461984873,0.0,0.03476987034082413,0.002949229907244444,0.0,0.0350484624505043,0.02483562007546425,0.07173775881528854,904,2.8644382031977322,209,66,629,102514.6171875,-0.20123020187020302,-0.14018674194812775,0.333134263753891,605,209,-16,506,39,57,0.05507325283765524
g7070.t1,M1VMB6,0.7276,17.3,1,202,1.6750418025097786,117,20,65,18242.109375,0.1898135244846344,0.17328138649463654,0.6202923655509949,0.36916986107826233,0.25112250447273254,196,20,0,312,4,19,16,3,0.26732673267326734,0.02701215073466301,0.0,0.03219097852706909,0.02038414031267166,0.020482489839196205,0.024464232847094536,0.34878572821617126,0.014868363738059998,0.029873833060264587,0.04385989159345627,0.10617685317993164,0.1449456661939621,0.01661265827715397,0.0,0.051686838269233704,0.00017687352374196053,0.0,0.04259426146745682,0.038879916071891785,0.03700507432222366,1,306,1.9809588408835592,147,30,129,23117.017578125,0.15687738358974457,0.184901624917984,0.6303638815879822,0.34758248925209045,0.2827814221382141,282,29,11,163,-1,20,17,3,0.16339869281045752,0.0002791490114759654,0.007292149122804403,0.007397448178380728,0.20703363418579102,0.02111986093223095,0.0567476712167263,0.14054884016513824,0.02333264984190464,0.012701279483735561,0.028187397867441177,0.1663750410079956,0.11640637367963791,0.02785712480545044,0.007118299137800932,0.0631667897105217,0.003038818249478936,0.0,0.04794275388121605,0.026379581540822983,0.03707516938447952,-104,-0.3059170383737806,-30,-10,-64,-4874.908203125,0.03293614089488983,-0.011620238423347473,-0.010071516036987305,-86,-9,-11,149,5,0,0.10392803986280982
g11568.t1,M1VG33,0.7236,56.6,1,180,2.971874915130754,12,36,132,34304.9765625,0.22369249165058136,0.19440197944641113,0.5782535076141357,0.21829354763031006,0.3599599301815033,93,14,1,36,-9,23,28,-5,0.45555555555555555,0.007049523293972015,0.0,0.06103089079260826,0.09029390662908554,0.006671159993857145,0.04710710048675537,0.12799963355064392,0.019216012209653854,0.020311539992690086,0.08845112472772598,0.2496352195739746,0.11032471060752869,0.0036520378198474646,0.017964458093047142,0.013920103199779987,0.030065355822443962,0.0020692048128694296,0.025907058268785477,0.027758726850152016,0.05057220906019211,1,156,2.512920955521266,12,36,108,27939.6640625,0.25715121626853943,0.10159273445606232,0.6410250067710876,0.2786165475845337,0.36240851879119873,91,22,3,27,-5,20,24,-4,0.4166666666666667,0.001034078188240528,0.0,0.015077839605510235,0.11268843710422516,0.02379060722887516,0.026055900380015373,0.16592811048030853,0.0,0.02355846017599106,0.045323941856622696,0.19286559522151947,0.16954289376735687,0.0002309652918484062,0.08264163136482239,0.030602900311350822,0.014067819342017174,0.0012703090906143188,0.005388191901147366,0.030437031760811806,0.0594952218234539,24,0.45895395960948804,0,0,24,6365.3125,-0.03345872461795807,0.09280924499034882,-0.0627714991569519,2,-8,-2,9,-4,-1,0.03888888888888886
g6532.t2,M1VFP1,0.7223,30.7,1,229,2.5179034593369156,77,30,122,26914.435546875,0.1520087718963623,0.3456436097621918,0.4992307722568512,0.3612622618675232,0.1379685252904892,163,18,3,185,8,26,18,8,0.314410480349345,0.0718287006020546,0.0,0.010189937427639961,0.16351740062236786,0.029099861159920692,0.09117484092712402,0.19774486124515533,0.05691145732998848,0.0600251629948616,0.08955573290586472,0.05214748531579971,0.08582104742527008,0.0031169219873845577,0.010184095241129398,0.028212424367666245,0.02517514117062092,0.0,0.007073015905916691,0.018222006037831306,0.0,1,204,2.24349079480567,84,21,99,24234.75,0.30230656266212463,0.2993945777416229,0.36090201139450073,0.13841788470745087,0.22248411178588867,159,15,2,138,-12,11,20,-9,0.3431372549019608,0.05661984160542488,0.0,0.036213312298059464,0.11971349269151688,0.0002662743499968201,0.12534470856189728,0.018704410642385483,0.02802957035601139,0.06122185289859772,0.030500857159495354,0.1540505290031433,0.06843357533216476,0.037396784871816635,0.0,0.10870074480772018,0.09031516313552856,0.0021301947999745607,0.05863332748413086,0.0017307832604274154,0.0019945260137319565,25,0.27441266453124546,-7,9,23,2679.685546875,-0.15029779076576233,0.04624903202056885,0.13832876086235046,4,3,1,47,20,17,-0.028726774552615797
g836.t1,M1V5R1,0.7174,34.7,1,438,2.5190672629591004,174,77,187,30274.5,0.16245809197425842,0.3455755412578583,0.4752095937728882,0.24195976555347443,0.23324981331825256,386,38,15,240,-7,23,27,-4,0.18493150684931506,0.08220678567886353,0.001822694088332355,0.01065487414598465,0.056325528770685196,0.006444052793085575,0.06344995647668839,0.18563425540924072,0.03544485941529274,0.013215471059083939,0.10656026005744934,0.14780586957931519,0.08544393628835678,0.016756786033511162,0.012149705551564693,0.04155506566166878,0.026714222505688667,0.012507101520895958,0.04964691027998924,0.008172363042831421,0.037489280104637146,1,444,2.711555526575989,154,90,200,38167.6015625,0.319058895111084,0.2044415920972824,0.3940547704696655,0.16733042895793915,0.22672437131404877,362,27,41,166,-3,17,25,-8,0.22297297297297297,0.04363041743636131,0.01131462398916483,0.07169777899980545,0.10622099786996841,0.017934264615178108,0.029395872727036476,0.061109431087970734,0.017079384997487068,0.08254849910736084,0.02631445787847042,0.10294093191623688,0.12378343194723129,0.0824447050690651,0.00235545146279037,0.08570986241102219,0.005438965279608965,0.010397959500551224,0.05877257511019707,0.006737845949828625,0.05417252704501152,-6,-0.19248826361688876,20,-13,-13,-7893.1015625,-0.15660080313682556,0.14113394916057587,0.08115482330322266,24,11,-26,74,-4,4,-0.03804146612365791
g10564.t1,Q85G11,0.7167,19.1,1,216,1.9539862031752204,89,52,75,21133.625,0.13286033272743225,0.1903979778289795,0.6272935271263123,0.5261198878288269,0.10117363929748535,162,13,2,94,19,31,10,21,0.24537037037037038,0.03187601640820503,0.00046387393376789987,0.007633678615093231,0.08942732959985733,0.0051804594695568085,0.10983113944530487,0.43669259548187256,0.0055584232322871685,0.024045372381806374,0.033213190734386444,0.06698759645223618,0.034186046570539474,0.049448173493146896,0.0,0.011297845281660557,0.026100222021341324,0.0,0.004274860490113497,0.0015267357230186462,0.06225648894906044,1,224,1.9652928689877742,71,51,102,20934.3671875,0.13585717976093292,0.3327125608921051,0.4880334138870239,0.3439561426639557,0.14407730102539062,180,15,1,43,8,20,13,7,0.24107142857142858,0.1128305047750473,0.0,0.026047423481941223,0.04204414039850235,0.007685821037739515,0.10873914510011673,0.30191197991371155,0.030049756169319153,0.01152436900883913,0.030067555606365204,0.0899229347705841,0.05415436625480652,0.04339682683348656,0.010018238797783852,0.04474195837974548,0.0018495211843401194,0.0006024516187608242,0.0433398000895977,0.0018495211843401194,0.03922368213534355,-8,-0.011306665812553796,18,1,-27,199.2578125,-0.0029968470335006714,-0.1423145830631256,0.13926011323928833,-18,-2,1,51,11,14,0.004298941798941802
g14833.t1,M1UR96,0.7156,28.6,1,167,3.124401727957003,88,0,79,36780.796875,0.23843860626220703,0.39285364747047424,0.3477281630039215,0.2964353859424591,0.051292769610881805,122,8,0,16,14,25,9,16,0.48502994011976047,0.21491418778896332,0.0,0.025278137996792793,0.20483334362506866,0.0,0.07811571657657623,0.09160204231739044,0.012990277260541916,0.017193838953971863,0.015032830648124218,0.04074075445532799,0.010552015155553818,0.020979585126042366,0.014913023449480534,0.06143428757786751,0.00043861829908564687,0.016827596351504326,0.07180069386959076,0.058359961956739426,0.04399314522743225,1,264,3.2975006777957194,148,0,116,37478.8984375,0.30144795775413513,0.2534765303134918,0.40592309832572937,0.3088246285915375,0.09709849208593369,218,15,0,87,8,23,12,11,0.375,0.04948316514492035,0.018733954057097435,0.04840371385216713,0.25442370772361755,0.025314904749393463,0.08846704661846161,0.05440091714262962,0.020331785082817078,0.0712503045797348,0.018699951469898224,0.04425077885389328,0.05284770205616951,0.039152391254901886,0.01652725599706173,0.02888857014477253,0.032082006335258484,0.017730537801980972,0.03244572505354881,0.008264608681201935,0.07830094546079636,-97,-0.17309894983871654,-60,0,-37,-698.1015625,-0.0630093514919281,0.13937711715698242,-0.05819493532180786,-96,-7,0,-71,6,5,0.11002994011976047
g13714.t1,M1VBT7,0.7156,20.9,1,112,4.715270006503892,105,0,7,28262.30859375,0.2417970597743988,0.17250797152519226,0.5824472308158875,0.3861323595046997,0.19631479680538177,121,12,0,8,0,27,25,2,0.7142857142857143,0.05410544574260712,0.010242555290460587,0.07526253908872604,0.11155176907777786,0.00011416428606025875,0.04656980559229851,0.27458062767982483,0.038066256791353226,0.017467135563492775,0.010631154291331768,0.12541335821151733,0.07090142369270325,0.0032478035427629948,0.04577988013625145,,0.0325368195772171,,0.012778591364622116,0.010046456940472126,0.06070423871278763,1,127,5.504396030014523,105,0,22,33514.57421875,0.34420332312583923,0.11092136800289154,0.5448752641677856,0.3471229672431946,0.19775229692459106,117,12,0,0,-2,22,23,-1,0.6771653543307087,0.006778727285563946,0.0024375810753554106,0.1179688423871994,0.21918003261089325,0.0009462625021114945,0.057679902762174606,0.12794290482997894,0.011223820969462395,0.02752966806292534,0.011892061680555344,0.1465606689453125,0.051191627979278564,,0.010782567784190178,0.07172780483961105,0.02435705065727234,,0.019963013008236885,0.008953382261097431,0.08288401365280151,-15,-0.7891260235106312,0,0,-15,-5252.265625,-0.10240626335144043,0.06158660352230072,0.03757196664810181,4,0,0,8,2,3,0.03712035995500562
g4920.t1,M1UVP8,0.7141,17.7,1,691,3.2956773349744206,356,91,244,41215.2421875,0.24952644109725952,0.30071085691452026,0.39141762256622314,0.16602657735347748,0.22539103031158447,648,78,1,542,-17,28,34,-6,0.16931982633863965,0.034502699971199036,0.004122856538742781,0.01040837075561285,0.03990154340863228,0.02486160583794117,0.12335844337940216,0.1261250376701355,0.008359969593584538,0.0365510992705822,0.030961602926254272,0.13657550513744354,0.08881552517414093,0.058345068246126175,0.029292721301317215,0.05118047073483467,0.06613831222057343,0.0149033572524786,0.07454370707273483,0.0017612959491088986,0.03929081931710243,1,550,3.3340498932225846,370,19,161,45110.69921875,0.3083273470401764,0.1841621696949005,0.4517354965209961,0.2746577858924866,0.17707769572734833,557,86,6,247,2,40,31,9,0.21272727272727274,0.047803785651922226,0.0007154481718316674,0.07415194809436798,0.21435204148292542,0.011456060223281384,0.061967883259058,0.060305751860141754,0.014353487640619278,0.06097099184989929,0.02102004736661911,0.09707237780094147,0.08000531792640686,0.055775053799152374,0.004148454405367374,0.045886263251304626,0.009298260323703289,0.017300907522439957,0.02684546820819378,0.03827908635139465,0.05829146131873131,141,-0.03837255824816399,-14,72,83,-3895.45703125,-0.05880090594291687,0.11654868721961975,-0.06031787395477295,91,-8,-5,295,-19,-15,-0.043407446388633086
g6827.t1,Q85FT0,0.7137,17.3,1,176,1.7498201592905276,52,51,73,20316.9375,0.15511298179626465,0.44832873344421387,0.3384191691875458,0.189107283949852,0.14931190013885498,139,9,1,294,-5,11,13,-2,0.3068181818181818,0.015750225633382797,0.014636454172432423,0.021001840010285378,0.059402916580438614,0.025405090302228928,0.21059846878051758,0.12970435619354248,0.0,0.004923130385577679,0.13147804141044617,0.08661463111639023,0.06269726157188416,0.05813911557197571,0.0,0.014567132107913494,0.02268820069730282,0.0,0.050460465252399445,0.0058397878892719746,0.08609289675951004,1,149,1.6601595318748779,55,35,59,18730.298828125,0.2432933896780014,0.33882200717926025,0.37503767013549805,0.2661471962928772,0.10889044404029846,111,13,1,127,7,15,7,8,0.2684563758389262,0.021528465673327446,0.0034452693071216345,0.0,0.15592990815639496,0.0874539315700531,0.18764591217041016,0.11021728068590164,0.023688802495598793,0.0,0.0048960791900753975,0.07020009309053421,0.03869035840034485,0.04284699261188507,0.031160052865743637,0.004134323447942734,0.0,0.07582403719425201,0.010163544677197933,0.012575234286487103,0.11959971487522125,27,0.08966062741564973,-3,16,14,1586.638671875,-0.08818040788173676,0.10950672626495361,-0.03661850094795227,28,-4,0,167,-12,-10,0.03836180597925565
g7070.t1,M1VB05,0.7114,22.6,1,202,1.6750418025097786,117,20,65,18242.109375,0.1898135244846344,0.17328138649463654,0.6202923655509949,0.36916986107826233,0.25112250447273254,196,20,0,312,4,19,16,3,0.26732673267326734,0.02701215073466301,0.0,0.03219097852706909,0.02038414031267166,0.020482489839196205,0.024464232847094536,0.34878572821617126,0.014868363738059998,0.029873833060264587,0.04385989159345627,0.10617685317993164,0.1449456661939621,0.01661265827715397,0.0,0.051686838269233704,0.00017687352374196053,0.0,0.04259426146745682,0.038879916071891785,0.03700507432222366,1,220,2.2647946837979225,115,20,85,26049.32421875,0.32926231622695923,0.1773325353860855,0.46015769243240356,0.33998167514801025,0.12017600983381271,182,13,0,230,4,18,11,7,0.2863636363636364,0.022342173382639885,0.001881687669083476,0.02749757282435894,0.1537531465291977,0.02866726741194725,0.06352220475673676,0.18622851371765137,0.00814671628177166,0.05292180925607681,0.012014276348054409,0.1075766533613205,0.012599358335137367,0.03324749320745468,0.0,0.08741822838783264,0.01124611310660839,0.0,0.040758222341537476,0.05745546519756317,0.09272312372922897,-18,-0.5897528812881438,2,0,-20,-7807.21484375,-0.13944879174232483,-0.004051148891448975,0.1601346731185913,14,7,0,82,0,-4,-0.019036903690369034
g14424.t1,M1V9C1,0.71,28.1,1,128,2.1174080204807844,38,46,44,22751.9140625,0.2065204381942749,0.17737969756126404,0.5962307453155518,0.47851720452308655,0.1177135780453682,100,24,0,9,9,22,9,13,0.3515625,0.025164904072880745,0.0,0.035028126090765,0.18353426456451416,0.017868155613541603,0.1194334402680397,0.2949829399585724,,0.027695370838046074,0.0065461499616503716,0.09511515498161316,0.022598421201109886,0.019869090989232063,0.017285175621509552,0.019712185487151146,0.0015599570469930768,0.0,0.008367042057216167,0.02704126201570034,0.07819835841655731,1,332,4.051902696442545,77,44,211,64445.3515625,0.30390822887420654,0.37551647424697876,0.2934724986553192,0.15617750585079193,0.13729499280452728,163,20,6,15,-2,23,24,-1,0.5,0.08519931882619858,0.0,0.06032397970557213,0.14188483357429504,0.008585995063185692,0.14882206916809082,0.014292651787400246,0.012072221376001835,0.08562281727790833,0.027188125997781754,0.07974326610565186,0.05755172669887543,0.027102820575237274,0.016553713008761406,0.07788556069135666,0.019455280154943466,0.00639688316732645,0.09364873170852661,0.005836080759763718,0.03183389827609062,-204,-1.9344946759617603,-39,2,-167,-41693.4375,-0.09738779067993164,-0.19813677668571472,0.30275824666023254,-63,4,-6,-6,11,14,-0.1484375
g9719.t2,M1US59,0.7085,26.7,1,470,3.4489790697023754,113,144,213,43901.9375,0.30902260541915894,0.2679043710231781,0.3866540491580963,0.23268093168735504,0.15397310256958008,410,44,1,359,-14,22,26,-4,0.2553191489361702,0.09649521112442017,0.0,0.07664962112903595,0.13802146911621094,0.008524889126420021,0.011810528114438057,0.0946594774723053,0.055476896464824677,0.004409663379192352,0.043077535927295685,0.08858612179756165,0.06538697332143784,0.036419086158275604,0.010656686499714851,0.0545627661049366,0.04457758367061615,0.0,0.052519313991069794,0.07862033694982529,0.03954591974616051,1,520,4.032984998278363,122,135,263,53850.70703125,0.29131534695625305,0.24518845975399017,0.42830467224121094,0.2648874819278717,0.16341719031333923,365,64,2,494,-1,33,29,4,0.2826923076923077,0.05504539608955383,0.004293310455977917,0.049707476049661636,0.1641639620065689,0.008925319649279118,0.08327768743038177,0.1007235199213028,0.023148126900196075,0.05463491752743721,0.024840274825692177,0.0903434306383133,0.07307375222444534,0.03519143909215927,0.030970003455877304,0.023961137980222702,0.04788130149245262,0.03399064019322395,0.045658357441425323,0.010605220682919025,0.03956465795636177,-50,-0.5840059285759875,-9,9,-50,-9948.76953125,0.017707258462905884,0.022715911269187927,-0.041650623083114624,45,-20,-1,-135,-13,-8,-0.027373158756137494
g126.t1,Q85FV6,0.7011,20.4,1,229,2.4633427843142655,47,57,125,30513.638671875,0.3450966477394104,0.10918689519166946,0.49182918667793274,0.4113706648349762,0.08045853674411774,157,22,8,87,29,31,12,19,0.29694323144104806,0.017766255885362625,0.016063863411545753,0.0662880539894104,0.22543281316757202,0.016747405752539635,0.015970857813954353,0.18593785166740417,0.022838754579424858,0.03999326005578041,0.018862545490264893,0.04148852080106735,0.038970015943050385,0.0538872592151165,0.06486959755420685,0.022099893540143967,0.004085331689566374,0.0024320457596331835,0.0009372056229040027,0.06405742466449738,0.08127105981111526,1,143,1.8084122020941142,29,38,76,20267.236328125,0.15526022017002106,0.23868601024150848,0.5898045301437378,0.5204988121986389,0.06930574029684067,95,7,1,71,19,21,4,17,0.32167832167832167,0.05335782468318939,0.0,0.0,0.3055438995361328,0.019220862537622452,0.028996851295232773,0.21495488286018372,0.045796822756528854,0.002380742458626628,0.08908485621213913,0.06930574029684067,0.0,0.016249265521764755,0.0,0.025562256574630737,0.08179320394992828,0.0,0.002228801604360342,0.015760811045765877,0.029763204976916313,86,0.6549305822201512,18,19,49,10246.40234375,0.18983642756938934,-0.12949911504983902,-0.09797534346580505,62,15,7,16,10,2,-0.024735090237273605
g6022.t1,M1VBF0,0.7005,34.0,1,129,2.3961749709967033,80,0,49,24521.66015625,0.22407130897045135,0.24584777653217316,0.5300808548927307,0.20936425030231476,0.32071658968925476,70,2,0,0,-7,16,21,-5,0.5271317829457365,0.05857396125793457,,0.04534050077199936,0.009293558076024055,0.10338427126407623,0.03367273136973381,0.20007070899009705,0.0,0.07441531866788864,0.04126942157745361,0.24084164202213287,0.07987494766712189,,0.01684216782450676,0.015921112149953842,0.0017045331187546253,,0.008947402238845825,0.06984768062829971,0.0,1,117,2.8334439930024815,48,0,69,24708.6484375,0.3634975552558899,0.1496816873550415,0.48682069778442383,0.1324092298746109,0.3544115126132965,68,6,0,5,-11,9,19,-10,0.5897435897435898,0.05692228302359581,,0.06849648058414459,0.051503803580999374,0.052464984357357025,0.022903798148036003,0.08090542256832123,0.0,0.20929434895515442,0.010080918669700623,0.1563388705253601,0.198072612285614,,0.0,0.005938375368714333,0.020632220432162285,,0.007309709209948778,0.04895060881972313,0.010185526683926582,12,-0.4372690220057782,32,0,-20,-186.98828125,-0.13942624628543854,0.09616608917713165,0.043260157108306885,2,-4,0,-5,4,5,-0.06261180679785328
g15161.t1,M1VI15,0.6995,70.1,1,833,3.8714640830682376,327,138,368,69203.5859375,0.21048109233379364,0.2842336595058441,0.5052852630615234,0.25953903794288635,0.24574624001979828,674,89,12,297,-15,59,55,4,0.19447779111644659,0.032068248838186264,0.0,0.022167500108480453,0.12159688770771027,0.016382284462451935,0.15584951639175415,0.1379421353340149,0.027139006182551384,0.005993233527988195,0.03385915607213974,0.13160359859466553,0.11414264142513275,0.0,0.03321496397256851,0.04584807902574539,0.0025176946073770523,0.01053701713681221,0.018935419619083405,0.029283961281180382,0.06091863662004471,1,859,3.6635336565808996,329,130,400,70875.4921875,0.26112228631973267,0.2913013994693756,0.43081900477409363,0.1894608736038208,0.24135814607143402,702,101,13,316,-31,46,60,-14,0.2060535506402794,0.09000412374734879,0.0,0.06399836391210556,0.12579017877578735,0.05360960587859154,0.022443754598498344,0.06367070227861404,0.022568456828594208,0.04936261475086212,0.03977319598197937,0.14628535509109497,0.09507276862859726,0.016757361590862274,0.003323262557387352,0.052254170179367065,0.006953634787350893,0.0,0.06290227919816971,0.0397796593606472,0.04545058310031891,-26,0.20793042648733806,-2,8,-32,-1671.90625,-0.050641193985939026,-0.007067739963531494,0.07446625828742981,-28,-12,-1,-19,16,18,-0.011575759523832801
g6869.t1,M1VC33,0.6994,51.4,1,69,1.5934609338230776,34,0,35,15469.04296875,0.27748915553092957,0.24326373636722565,0.47924718260765076,0.2622198462486267,0.21702727675437927,41,3,13,0,1,9,10,-1,0.463768115942029,0.0018344296840950847,0.0019012176198884845,0.031647223979234695,0.02895216830074787,0.025976845994591713,0.049435459077358246,0.233267679810524,,0.029886921867728233,0.07429008185863495,0.17622414231300354,0.04080314561724663,0.0,0.0031287127640098333,0.04057340323925018,0.0010191276669502258,,0.08982571214437485,0.0018772276816889644,0.1693565398454666,1,78,2.2062859919643523,34,0,44,18589.4921875,0.3128521144390106,0.1742399036884308,0.4461573660373688,0.2636438012123108,0.1825135052204132,38,3,13,0,-2,9,12,-3,0.5256410256410257,0.02954992838203907,0.0,0.077323317527771,0.07780242711305618,0.011143441312015057,0.0,0.1858413964509964,0.021407710388302803,0.0644470602273941,0.10823775827884674,0.1319575160741806,0.0505560077726841,0.06675055623054504,0.006595594342797995,0.05552998185157776,0.0,,0.0039010574109852314,0.0013885463122278452,0.10756763815879822,-9,-0.6128250581412746,0,0,-9,-3120.44921875,-0.035362958908081055,0.06902383267879486,0.03308981657028198,3,0,0,0,3,2,-0.06187290969899667
g17606.t1,M1V543,0.6982,26.6,1,220,3.2206613397347494,23,66,131,42491.59375,0.2324582040309906,0.5142225623130798,0.25278764963150024,0.21854369342327118,0.034243978559970856,116,14,0,0,12,22,9,13,0.4636363636363636,0.055955126881599426,,0.032718315720558167,0.16335275769233704,0.025672204792499542,0.39679691195487976,0.05519092082977295,0.00029681032174266875,0.014503346756100655,0.029839392751455307,0.023208335041999817,0.011035649105906487,0.0005315362941473722,0.0644838735461235,0.04303468391299248,0.02923944965004921,0.001497014774940908,0.005662139505147934,0.02739996463060379,0.019581550732254982,1,238,3.351141353024936,10,64,164,42300.375,0.3229612708091736,0.26836684346199036,0.3202337622642517,0.22958116233348846,0.09065261483192444,111,7,0,0,7,19,14,5,0.453781512605042,0.06425470113754272,0.0,0.05266568064689636,0.13378570973873138,0.016038084402680397,0.09365847706794739,0.09579545259475708,0.00030336904455907643,0.09952465444803238,0.04957631975412369,0.052734892815351486,0.037917718291282654,0.08843822777271271,0.029723690822720528,0.020783627405762672,0.01929808408021927,7.62770141591318e-05,0.044535886496305466,0.03726816177368164,0.06362108886241913,-18,-0.13048001329018666,13,2,-33,191.21875,-0.09050306677818298,0.24585571885108948,-0.06744611263275146,5,7,0,0,5,8,0.00985485103132161
g9054.t1,M1V7J8,0.6981,20.4,1,291,2.047393218132021,98,70,123,25129.87109375,0.43365606665611267,0.3638971149921417,0.1758783757686615,0.1374237984418869,0.0384545736014843,253,23,12,237,0,11,4,7,0.23024054982817868,0.09267071634531021,0.010922995395958424,0.08268629014492035,0.07369726151227951,0.008421370759606361,0.1094745397567749,0.06372653692960739,0.013299571350216866,0.008853389881551266,0.0964696928858757,0.006191822700202465,0.03226274996995926,0.026568494737148285,0.054529763758182526,0.06051162630319595,0.07511099427938461,0.0002567897317931056,0.03263823688030243,0.07780728489160538,0.07389990985393524,1,547,2.7580934180781473,264,65,218,37297.37109375,0.22355593740940094,0.24071629345417023,0.49125927686691284,0.3079601228237152,0.18329915404319763,455,58,2,273,-6,30,28,2,0.17184643510054845,0.06838297098875046,0.0,0.0336710587143898,0.24027220904827118,0.016347626224160194,0.08020473271608353,0.0676879733800888,0.0006900971638970077,0.020634155720472336,0.057577215135097504,0.15485349297523499,0.02844565361738205,0.04446841776371002,0.008477850817143917,0.06462197750806808,0.002335734199732542,0.04527558013796806,0.017513655126094818,0.01245724968612194,0.036082327365875244,-256,-0.7107001999461264,-166,5,-95,-12167.5,0.21010012924671173,0.1231808215379715,-0.31538090109825134,-202,-35,10,-36,6,5,0.05839411472763023
g16170.t1,M1UPC6,0.6974,51.3,1,196,4.460623134195305,42,0,154,60238.6953125,0.11340107023715973,0.5999835729598999,0.26112061738967896,0.22668218612670898,0.03443845361471176,70,0,0,10,28,29,6,23,0.7397959183673469,0.013735798187553883,0.001835505710914731,0.0,0.05748838186264038,0.006675461307168007,0.49903061985969543,0.1691937893629074,0.007396199274808168,0.024032549932599068,0.016762688755989075,0.0249145720154047,0.009523885324597359,0.025494789704680443,0.0001606880541658029,0.04899398237466812,0.0028388220816850662,0.00942295789718628,0.05454722419381142,0.0001071253718691878,0.02784494310617447,1,72,2.995313101129957,41,0,31,22392.07421875,0.22646689414978027,0.18305625021457672,0.5350607633590698,0.49873223900794983,0.03632849454879761,46,0,0,12,19,20,2,18,0.6527777777777778,0.024632016196846962,,0.016426628455519676,0.28396373987197876,0.012869386002421379,0.03107597678899765,0.21476848423480988,0.027249593287706375,0.03314144164323807,0.06358575075864792,0.03632849454879761,,0.05541610345244408,0.0,0.0017291187541559339,0.04688388854265213,,0.023643527179956436,0.02204626239836216,0.10623954981565475,124,1.4653100330653475,1,0,123,37846.62109375,-0.11306582391262054,0.4169273227453232,-0.27394014596939087,24,0,0,-2,9,5,0.08701814058956914
g8857.t1,M1V7D4,0.6954,15.4,1,218,2.7280355018496336,180,0,38,26133.720703125,0.33456310629844666,0.3817925751209259,0.23959679901599884,0.15873117744922638,0.08086562901735306,216,6,24,105,1,10,9,1,0.3119266055045872,0.042730316519737244,0.020881803706288338,0.10469658672809601,0.11605406552553177,0.0008642406901344657,0.08619413524866104,0.04267711192369461,0.07916607707738876,0.024285608902573586,0.06016583740711212,0.06045318767428398,0.020412446931004524,0.044047534465789795,0.04123662784695625,0.06192861497402191,0.020741775631904602,0.0,0.09179014712572098,0.05801350995898247,0.02366042509675026,1,246,2.465476944823518,180,0,66,24130.7734375,0.4449367821216583,0.34566378593444824,0.1979246288537979,0.17571201920509338,0.022212617099285126,226,4,55,222,4,9,3,6,0.25203252032520324,0.05087772011756897,0.04072079434990883,0.1506829708814621,0.09956778585910797,0.027108510956168175,0.05015495419502258,0.07614421844482422,0.01794080249965191,0.013103663921356201,0.11770676076412201,0.021689964458346367,0.0005226497887633741,0.011474745348095894,0.04782538861036301,0.00251002237200737,0.03128834068775177,0.03616952523589134,0.041154250502586365,0.0723375678062439,0.09101929515600204,-28,0.26255855702611575,0,0,-28,2002.947265625,-0.11037367582321167,0.03612878918647766,0.04167217016220093,-10,2,-31,-117,-3,-5,0.05989408517938394
g4337.t1,Q85FU2,0.6919,30.1,1,204,2.2264776515908244,110,21,73,24002.69140625,0.23583896458148956,0.2030280977487564,0.531929075717926,0.5182676911354065,0.013661406002938747,167,13,3,77,33,32,2,30,0.3235294117647059,0.03479096665978432,0.0,0.061016395688056946,0.22880634665489197,0.004374710377305746,0.0436449758708477,0.28946131467819214,0.014321270398795605,0.029951272532343864,0.06775073707103729,0.00013135967310518026,0.013530046679079533,0.029203837737441063,0.01908825896680355,0.01850765384733677,0.05269434303045273,0.0,0.03814544528722763,0.007124491035938263,0.04745655506849289,1,98,1.469553562361224,45,22,31,14911.49609375,0.16209690272808075,0.3261707127094269,0.5093685984611511,0.465874046087265,0.04349455609917641,78,7,0,97,16,16,4,12,0.3979591836734694,0.0363793708384037,0.0,0.03306663781404495,0.2693806290626526,0.0515621192753315,0.08298739045858383,0.19649341702461243,0.03656121715903282,0.0047307563945651054,0.06408029794692993,0.026681743562221527,0.01681281439960003,0.0023637181147933006,0.0023801776114851236,0.06895115971565247,0.030942309647798538,0.0,0.054600346833467484,0.0,0.022025875747203827,106,0.7569240892296005,65,-1,42,9091.1953125,0.07374206185340881,-0.12314261496067047,0.022560477256774902,89,6,3,-20,17,18,-0.07442977190876349
g11348.t1,M1UY25,0.6914,23.9,1,1371,4.040746963869525,618,215,538,69696.5625,0.16187533736228943,0.30623045563697815,0.5183209180831909,0.29596632719039917,0.22235460579395294,1261,161,33,793,8,63,57,6,0.1436907366885485,0.10401840507984161,0.0,0.018090473487973213,0.09567075967788696,0.01724994368851185,0.08076915144920349,0.2002955675125122,0.0052310992032289505,0.017096899449825287,0.038034599274396896,0.18453772366046906,0.03781687095761299,0.013573331758379936,0.00828666053712368,0.06974592059850693,0.00461569894105196,0.006239687092602253,0.06092727929353714,0.0003208930429536849,0.03747911378741264,1,691,2.8597889344587215,220,131,340,44964.9453125,0.23525027930736542,0.18193183839321136,0.5433402061462402,0.3578336834907532,0.1855064034461975,623,98,38,214,0,45,32,13,0.16353111432706222,0.05815521627664566,0.0,0.027425644919276237,0.26120588183403015,0.005370092578232288,0.06004270911216736,0.0966278538107872,0.0009816937381401658,0.04462417587637901,0.022809064015746117,0.14916880428791046,0.03633761405944824,0.03947772458195686,0.01948189176619053,0.06479278206825256,0.02160002291202545,0.0002152707747882232,0.03457307815551758,0.02812216803431511,0.028988324105739594,680,1.1809580294108035,398,84,198,24731.6171875,-0.07337494194507599,0.12429861724376678,-0.025019288063049316,638,63,-5,579,8,-7,-0.019840377638513707
g6101.t1,M1VAG9,0.6905,17.7,1,243,2.092024919895347,205,0,38,23231.287109375,0.5886284112930298,0.19222475588321686,0.17011843621730804,0.1325140744447708,0.03760436549782753,246,11,3,264,5,8,4,4,0.25925925925925924,0.07544075697660446,0.0,0.15925297141075134,0.020573260262608528,0.01153359841555357,0.03020056150853634,0.11194080859422684,0.04278711602091789,0.017038891091942787,0.0,0.023344101384282112,0.014260259456932545,0.049028392881155014,0.024444283917546272,0.027935044839978218,0.0499996691942215,0.015607180073857307,0.032262735068798065,0.2352346032857895,0.05911579355597496,1,272,2.1806632036033813,229,0,43,24656.630859375,0.42132627964019775,0.23146064579486847,0.30027297139167786,0.16763000190258026,0.1326429843902588,254,1,14,208,-3,10,9,1,0.22794117647058823,0.09250952303409576,0.0,0.061503808945417404,0.12233901023864746,0.032031722366809845,0.023049691691994667,0.045290980488061905,0.019803255796432495,0.03930724039673805,0.05029084533452988,0.09577895700931549,0.036864023655653,0.04694008082151413,0.030448419973254204,0.002878901781514287,0.041482359170913696,0.07860354334115982,0.013775603845715523,0.07771244645118713,0.08938956260681152,-29,-0.0886382837080344,-24,0,-5,-1425.34375,0.16730213165283203,-0.03923588991165161,-0.1301545351743698,-8,10,-11,56,8,3,0.031318082788671014
g9206.t2,M1V544,0.6901,34.1,1,176,2.890321776422695,55,0,121,35383.015625,0.3585679829120636,0.19984544813632965,0.4415864944458008,0.24216152727603912,0.19942496716976166,71,2,0,42,-5,16,18,-2,0.5170454545454546,0.0676562637090683,0.0,0.07249535620212555,0.016793981194496155,0.03527108579874039,0.01751076430082321,0.22536754608154297,0.012942046858370304,0.07238153368234634,0.027449961751699448,0.17633263766765594,0.02309233695268631,0.0,0.012306373566389084,0.08957237750291824,0.04697250574827194,0.0001823782513383776,0.039015330374240875,0.04295007884502411,0.021707380190491676,1,117,2.625952907282577,63,0,54,23058.767578125,0.3565496504306793,0.20795464515686035,0.4354957044124603,0.11100521683692932,0.32449042797088623,73,0,0,58,-14,5,20,-15,0.5299145299145299,0.059697505086660385,,0.030504105612635612,0.0374736487865448,0.044880375266075134,0.032605838030576706,0.07353157550096512,0.00727258063852787,0.12460041791200638,0.01419704221189022,0.16221514344215393,0.1622753143310547,0.0,0.00013992709864396602,0.02644621767103672,0.033120810985565186,0.0,0.049301307648420334,0.10190388560295105,0.03983432799577713,59,0.26436886914011826,-8,0,67,12324.248046875,0.0020183324813842773,-0.0081091970205307,0.006090790033340454,-2,2,0,-16,9,13,-0.012869075369075333
g14312.t1,M1VCU1,0.6864,43.6,1,309,2.905674307403476,95,32,182,40345.015625,0.23261430859565735,0.4831660985946655,0.28295978903770447,0.1173657774925232,0.16559401154518127,198,23,9,130,-5,16,18,-2,0.33980582524271846,0.01483452320098877,0.0,0.07091832160949707,0.0892835408449173,0.025679221376776695,0.13929307460784912,0.028082240372896194,0.050245024263858795,0.03168373182415962,0.044698383659124374,0.1344882696866989,0.031105749309062958,0.0012598104076460004,0.04477836191654205,0.05706486105918884,0.010461987927556038,0.0,0.20841585099697113,7.815056596882641e-05,0.01762891560792923,1,298,3.1556241235740696,112,30,156,39276.7578125,0.4293993413448334,0.24108539521694183,0.31178018450737,0.11347541213035583,0.19830474257469177,204,19,14,183,-8,15,20,-5,0.3691275167785235,0.03283532336354256,0.010329741053283215,0.03025866486132145,0.06258857995271683,0.021364180371165276,0.04563678056001663,0.050886835902929306,0.046908505260944366,0.1127261221408844,0.041309136897325516,0.14463910460472107,0.053665656596422195,0.01773507334291935,0.0011500860564410686,0.038313012570142746,0.022723432630300522,0.025548337027430534,0.04270172491669655,0.08880151808261871,0.10987813025712967,11,-0.24994981617059375,-17,2,26,1068.2578125,-0.19678503274917603,0.2420807033777237,-0.028820395469665527,-6,4,-5,-53,3,3,-0.02932169153580505
g14118.t1,M1VM85,0.6853,32.9,1,254,2.6220260721517694,119,25,110,33774.765625,0.266379177570343,0.22675377130508423,0.50486820936203,0.36377838253974915,0.1410898119211197,209,18,0,245,7,26,18,8,0.3425196850393701,0.03569205105304718,0.009727680124342442,0.11641747504472733,0.13281136751174927,0.008988352492451668,0.019859209656715393,0.23096702992916107,0.03214838728308678,0.014043097384274006,0.05186079442501068,0.09757845848798752,0.043511345982551575,0.001998889958485961,0.0042814831249415874,0.038831133395433426,0.0069628930650651455,0.000668718887027353,0.06847729533910751,0.022341249510645866,0.06283312290906906,1,315,3.0512494789518456,114,23,178,48986.21875,0.334028422832489,0.30125781893730164,0.3637930750846863,0.3088734447956085,0.05491965264081955,219,18,0,315,17,31,16,15,0.38095238095238093,0.03242284804582596,0.016926325857639313,0.056076135486364365,0.23703810572624207,0.01468588225543499,0.06653057783842087,0.07183533161878586,0.05795162543654442,0.08473920822143555,0.011689161881804466,0.03205815330147743,0.022861499339342117,0.0009206280810758471,0.0,0.04928438365459442,0.02041107788681984,0.019876135513186455,0.10105139762163162,0.05233955755829811,0.05130194500088692,-61,-0.4292234068000762,5,2,-68,-15211.453125,-0.067649245262146,-0.07450404763221741,0.14107513427734375,-10,0,0,-70,-10,-7,-0.03843269591301085
g4551.t1,M1URI8,0.6828,27.9,1,142,2.1566445379236145,22,46,74,23968.32421875,0.14541013538837433,0.2878069281578064,0.5667829513549805,0.39894524216651917,0.1678377240896225,80,7,0,22,2,18,15,3,0.352112676056338,0.05800251662731171,,0.010500133037567139,0.15411272644996643,0.0,0.1077684685587883,0.24483247101306915,0.007498238235712051,0.0,0.10969148576259613,0.11698959767818451,0.05084813013672829,0.0,0.03727666288614273,0.042915232479572296,0.005760913249105215,0.0,0.00484621524810791,0.013057857751846313,0.0358993262052536,1,239,3.6280276661704316,44,48,147,45699.72265625,0.29516369104385376,0.27352458238601685,0.42227262258529663,0.31437936425209045,0.10789324343204498,115,13,0,114,8,29,14,15,0.4686192468619247,0.07662144303321838,0.0,0.061280351132154465,0.21837210655212402,0.00792482029646635,0.08197414875030518,0.09600723534822464,0.04039224982261658,0.02424725703895092,0.03951520100235939,0.06451701372861862,0.04337623715400696,0.009039076045155525,0.008892782963812351,0.027870554476976395,0.052016403526067734,0.018282199278473854,0.027096696197986603,0.025654489174485207,0.07691968232393265,-97,-1.471383128246817,-22,-2,-73,-21731.3984375,-0.14975355565547943,0.01428234577178955,0.14451032876968384,-35,-6,0,-92,-6,-12,-0.11650657080558668
g297.t1,M1VA05,0.6712,16.4,1,371,2.0730140808750215,160,55,156,23958.78125,0.13704881072044373,0.20721741020679474,0.6218618154525757,0.4393329918384552,0.18252883851528168,346,39,10,221,4,29,22,7,0.1725067385444744,0.03519299998879433,0.0,0.012239684350788593,0.021028490737080574,0.01704944297671318,0.09589928388595581,0.4183045029640198,0.0167193952947855,0.008349584415555,0.03457609936594963,0.12373329699039459,0.05879553407430649,0.033871959894895554,0.034341033548116684,0.01831521838903427,0.00094269507098943,0.0,0.007780198939144611,0.0,0.06286059319972992,1,413,2.893319668626434,176,57,180,39982.8046875,0.2928585112094879,0.277224600315094,0.4083264172077179,0.3271121084690094,0.08121427148580551,373,60,3,382,12,35,16,19,0.24455205811138014,0.04415728896856308,0.0,0.06223079934716225,0.19166989624500275,0.0225641131401062,0.052742473781108856,0.13544221222400665,0.01743903011083603,0.05688132345676422,0.03031207248568535,0.0545416884124279,0.026672590523958206,0.0215905848890543,0.006617264356464148,0.053889431059360504,0.044706884771585464,0.0012104753404855728,0.11000963300466537,0.0004841900954488665,0.06683813780546188,-42,-0.8203055877514127,-16,-2,-24,-16024.0234375,-0.1558097004890442,-0.07000719010829926,0.2135353982448578,-27,-21,7,-161,-8,-12,-0.07204531956690574
g10723.t1,M1UUF3,0.6672,16.4,1,278,2.0752657901712372,11,171,96,23793.189453125,0.33147138357162476,0.220084086060524,0.42898255586624146,0.21054930984973907,0.21843329071998596,233,34,0,151,5,15,10,5,0.19424460431654678,0.05091579258441925,0.003296182956546545,0.06245652958750725,0.16546210646629333,0.024106452241539955,0.011562764644622803,0.045087192207574844,0.019920730963349342,0.01809108629822731,0.07434605807065964,0.1162601038813591,0.10217317938804626,0.01946200430393219,0.01451005320996046,0.013495872728526592,0.037017885595560074,0.05001775920391083,0.03593611344695091,0.0805511325597763,0.055331047624349594,1,305,2.1810256161821537,22,185,98,24691.5,0.30191096663475037,0.3796344995498657,0.2994878888130188,0.15969318151474,0.13979469239711761,283,20,4,53,0,7,10,-3,0.21639344262295082,0.09461093693971634,0.0,0.08645579218864441,0.08987119793891907,0.03289927542209625,0.058264944702386856,0.06982197612524033,0.04412335902452469,0.07082941383123398,0.10240031778812408,0.05299350619316101,0.0868011862039566,0.018966631963849068,0.08121392130851746,0.012669455260038376,0.026654591783881187,,0.0473356693983078,0.014896878041327,0.009190903976559639,-27,-0.10575982601091649,-11,-14,-2,-898.310546875,0.02956041693687439,-0.15955041348934174,0.12949466705322266,-50,14,-4,98,5,8,-0.022148838306404045
g10054.t1,M1VGZ3,0.6666,15.8,1,180,2.3793951291404336,60,39,81,24416.072265625,0.2286033034324646,0.22613604366779327,0.5452607274055481,0.37328383326530457,0.17197680473327637,166,32,0,19,4,22,15,7,0.3611111111111111,0.00929215643554926,,0.05428589507937431,0.04816235974431038,0.0,0.09249933809041977,0.3251214623451233,0.03545287996530533,0.008853945881128311,0.04543110355734825,0.12365899235010147,0.04831783100962639,,0.008061056025326252,0.10050169378519058,0.023786721751093864,0.0,0.04346053674817085,0.013082697056233883,0.0200312752276659,1,206,3.0757074413894268,26,44,136,37832.37890625,0.43167176842689514,0.23893925547599792,0.30772265791893005,0.2339073270559311,0.07381532341241837,129,21,1,153,4,16,11,5,0.4368932038834951,0.05628547817468643,0.015928925946354866,0.0457901656627655,0.21620893478393555,0.025426523759961128,0.0714789479970932,0.01769839972257614,0.03126920387148857,0.04080958664417267,0.0063561643473804,0.04886722192168236,0.024948105216026306,0.021666357293725014,0.03957238048315048,0.046645231544971466,0.03985881805419922,0.04374104365706444,0.03219400346279144,0.11560215055942535,0.05965236946940422,-26,-0.6963123122489931,34,-5,-55,-13416.306640625,-0.20306846499443054,-0.012803211808204651,0.23753806948661804,37,11,-1,-134,0,2,-0.07578209277238401
g17147.t1,M1V8S6,0.6643,17.5,1,141,1.4663900310620577,9,69,63,16577.0703125,0.3035757541656494,0.3396572172641754,0.3460448980331421,0.20544981956481934,0.14059512317180634,117,14,1,92,5,14,10,4,0.28368794326241137,0.18046627938747406,0.0,0.06240816041827202,0.012792824767529964,0.025042617693543434,0.05599435791373253,0.1926569789648056,0.0007608065498061478,0.020998835563659668,0.045450739562511444,0.06583195179700851,0.07476316392421722,0.01072212215512991,0.046908024698495865,0.054100800305604935,0.0,0.0,0.03194239363074303,0.021994218230247498,0.09716569632291794,1,271,3.114368635913046,27,93,151,33340.6953125,0.2170073688030243,0.22668443620204926,0.5005781650543213,0.3364369571208954,0.16414126753807068,199,27,12,102,5,24,15,9,0.3025830258302583,0.0697377473115921,0.027837542816996574,0.06910336762666702,0.18697071075439453,0.011630348861217499,0.07539142668247223,0.14946624636650085,0.0,0.033871255815029144,0.0010424513602629304,0.13410121202468872,0.03004005178809166,0.05572991073131561,0.0,0.01576770842075348,0.013348332606256008,0.01287107728421688,0.041044931858778,0.029806705191731453,0.04223891720175743,-130,-1.6479786048509883,-18,-24,-88,-16763.625,0.08656838536262512,0.11297278106212616,-0.1545332670211792,-82,-13,-11,-10,0,-5,-0.018895082567846944
g5964.t1,M1UW27,0.6643,14.9,1,257,2.890078713983306,58,49,150,36655.14453125,0.3190099000930786,0.31345880031585693,0.30644720792770386,0.18326003849506378,0.12318716198205948,189,27,4,185,0,20,16,4,0.35019455252918286,0.0,0.050422895699739456,0.04506848007440567,0.035541944205760956,0.013111067935824394,0.13569091260433197,0.14771808683872223,0.01762411557137966,0.008846311829984188,0.02295568957924843,0.08826404064893723,0.03492312878370285,0.06108405068516731,0.019421279430389404,0.030544182285666466,0.012675510719418526,0.0,0.07365413010120392,0.15617649257183075,0.046277642250061035,1,186,2.4289213127248876,49,33,104,28082.92578125,0.32542577385902405,0.14186440408229828,0.5081300735473633,0.41875162720680237,0.08937842398881912,151,21,3,137,12,26,14,12,0.3333333333333333,0.04448186978697777,0.0,0.026333831250667572,0.12524615228176117,0.014274965040385723,0.03916829451918602,0.29350546002388,0.0,0.10188648849725723,0.01734982617199421,0.059304311871528625,0.030074113979935646,0.02457975223660469,0.00168411189224571,0.1003357395529747,0.016419295221567154,0.0,0.026589451357722282,0.0,0.07876631617546082,71,0.46115740125841853,9,16,46,8572.21875,-0.006415873765945435,0.17159439623355865,-0.20168286561965942,38,6,1,48,-12,-8,0.01686121919584954
g14312.t1,M1UXR0,0.6557,18.9,1,309,2.905674307403476,95,32,182,40345.015625,0.23261430859565735,0.4831660985946655,0.28295978903770447,0.1173657774925232,0.16559401154518127,198,23,9,130,-5,16,18,-2,0.33980582524271846,0.01483452320098877,0.0,0.07091832160949707,0.0892835408449173,0.025679221376776695,0.13929307460784912,0.028082240372896194,0.050245024263858795,0.03168373182415962,0.044698383659124374,0.1344882696866989,0.031105749309062958,0.0012598104076460004,0.04477836191654205,0.05706486105918884,0.010461987927556038,0.0,0.20841585099697113,7.815056596882641e-05,0.01762891560792923,1,224,2.636126516455611,95,32,97,29322.08203125,0.23486874997615814,0.17978894710540771,0.5305412411689758,0.325895220041275,0.2046460062265396,192,17,6,43,3,26,13,13,0.3169642857142857,0.038176823407411575,0.0,0.05802485719323158,0.2467597872018814,0.013249038718640804,0.05037360265851021,0.079135462641716,0.016354503110051155,0.0325135737657547,0.047470495104789734,0.08688375353813171,0.1177622526884079,0.054801031947135925,0.009990888647735119,0.037192877382040024,0.044087301939725876,0.0,0.01416446641087532,0.016395676881074905,0.036663562059402466,85,0.26954779094786474,0,0,85,11022.93359375,-0.0022544413805007935,0.3033771514892578,-0.24758145213127136,6,6,3,87,-8,-15,0.022841539528432764
g7782.t1,M1VBK2,0.6556,21.0,1,142,2.2874228933075225,24,32,86,25373.328125,0.2839159667491913,0.22556370496749878,0.4905204772949219,0.2854354977607727,0.2050849348306656,90,7,3,57,1,16,16,0,0.45774647887323944,0.05201223865151405,0.0,0.056307073682546616,0.07203236222267151,0.027098998427391052,0.02251088246703148,0.2134031504392624,0.0032337575685232878,0.03721655160188675,0.06243070587515831,0.11110921204090118,0.09397570788860321,0.0,0.052113596349954605,0.01999896764755249,0.013135070912539959,0.016276851296424866,0.058277107775211334,0.016785504296422005,0.07208234816789627,1,259,3.4078511256764767,66,38,155,43572.43359375,0.22244152426719666,0.22133564949035645,0.5315103530883789,0.2685955762863159,0.2629148066043854,124,8,4,134,-5,29,34,-5,0.42857142857142855,0.0298309288918972,0.00021708582062274218,0.047940611839294434,0.10920373350381851,0.012890787795186043,0.07266157865524292,0.1593918353319168,0.006968925707042217,0.050331469625234604,0.025845196098089218,0.19794197380542755,0.06497281789779663,0.0247124582529068,0.008204375393688679,0.05377853289246559,0.011846339330077171,0.0022060151677578688,0.07292114943265915,0.0013883827487006783,0.04674579203128815,-117,-1.1204282323689543,-42,-6,-69,-18199.10546875,0.06147444248199463,0.004228055477142334,-0.04098987579345703,-34,-1,-1,-77,6,5,0.02917505030181089
g8504.t1,M1VIH8,0.6555,20.9,1,669,3.899974050034017,262,101,306,56793.95703125,0.19244912266731262,0.1890450268983841,0.5949262976646423,0.38026270270347595,0.21466363966464996,529,67,0,164,-1,60,44,16,0.22122571001494767,0.044290415942668915,0.005983894690871239,0.02848919667303562,0.12289243936538696,0.013390335254371166,0.03225267305970192,0.2573702335357666,0.004817137494683266,0.01808399148285389,0.045967165380716324,0.19656017422676086,0.018103471025824547,0.023579519242048264,0.0316445492208004,0.018963363021612167,0.027093874290585518,0.0003976800653617829,0.04234341159462929,0.03966715559363365,0.02810930833220482,1,564,3.007281478802338,215,103,246,44766.6953125,0.27425968647003174,0.23566627502441406,0.4718252718448639,0.33308252692222595,0.13874275982379913,510,78,3,150,8,41,26,15,0.21099290780141844,0.04575083777308464,0.0,0.047194141894578934,0.2363915592432022,0.01914796233177185,0.08181165903806686,0.09669102728366852,0.012335825711488724,0.056444860994815826,0.04335479438304901,0.06993542611598969,0.06880733370780945,0.01824866607785225,0.032441604882478714,0.024461030960083008,0.023216042667627335,0.023100068792700768,0.03326519578695297,0.023636989295482635,0.04376492276787758,105,0.8926925712316791,47,-2,60,12027.26171875,-0.08181056380271912,-0.04662124812602997,0.12310102581977844,19,-11,-3,14,-9,1,0.010232802213529235
g3192.t1,M1V8T1,0.6549,34.9,1,243,2.8515525794392897,75,42,126,37060.5859375,0.12065663188695908,0.3342282772064209,0.545115053653717,0.3448982238769531,0.20021682977676392,176,26,0,462,-3,30,29,1,0.411522633744856,0.07547444105148315,0.0022925236262381077,0.004574556834995747,0.03042266145348549,0.005087000783532858,0.13722044229507446,0.31447556614875793,0.008226892910897732,0.0179346464574337,0.05111513286828995,0.17374016344547272,0.0264766626060009,0.0,0.008806821890175343,0.0686914399266243,0.008292392827570438,0.0002552295627538115,0.054811857640743256,0.012101532891392708,0.0,1,426,2.68805588306357,189,53,184,31132.275390625,0.15785913169384003,0.18777498602867126,0.5692169666290283,0.2214980125427246,0.3477189242839813,367,27,2,712,-11,24,34,-10,0.2112676056338028,0.04309367761015892,0.0012153249699622393,0.01261335238814354,0.11107585579156876,0.020913347601890564,0.0495443195104599,0.11042216420173645,0.0063287983648478985,0.03022945113480091,0.040548741817474365,0.16740018129348755,0.18031874299049377,0.08514892309904099,0.0,0.06776868551969528,0.015743816271424294,0.0,0.026130786165595055,0.018461432307958603,0.01304240245372057,-183,0.16349669637571962,-114,-11,-58,5928.310546875,-0.03720249980688095,0.14645329117774963,-0.02410191297531128,-191,-1,-2,-250,8,11,0.20025502811105317
g297.t1,M1V3Y8,0.6547,16.7,1,371,2.0730140808750215,160,55,156,23958.78125,0.13704881072044373,0.20721741020679474,0.6218618154525757,0.4393329918384552,0.18252883851528168,346,39,10,221,4,29,22,7,0.1725067385444744,0.03519299998879433,0.0,0.012239684350788593,0.021028490737080574,0.01704944297671318,0.09589928388595581,0.4183045029640198,0.0167193952947855,0.008349584415555,0.03457609936594963,0.12373329699039459,0.05879553407430649,0.033871959894895554,0.034341033548116684,0.01831521838903427,0.00094269507098943,0.0,0.007780198939144611,0.0,0.06286059319972992,1,362,2.0779410063458954,163,60,139,24197.4453125,0.29728075861930847,0.26204943656921387,0.3952042758464813,0.22738610208034515,0.16781820356845856,341,39,0,122,3,25,17,8,0.19613259668508287,0.08124695718288422,0.0,0.03466903418302536,0.20030905306339264,0.0,0.11810553073883057,0.02707703970372677,0.0,0.0425749234855175,0.004709040280431509,0.14058195054531097,0.027236249297857285,0.04546559974551201,0.021728739142417908,0.041469499468803406,0.05773727223277092,,0.05798792093992233,0.025071000680327415,0.07403026521205902,9,-0.004926925470873922,-3,-5,17,-238.6640625,-0.16023194789886475,-0.05483202636241913,0.22665753960609436,5,0,10,99,1,-1,-0.02362585814060847
g4920.t3,M1USC8,0.6536,16.2,1,306,2.604009486701002,189,12,105,27151.58203125,0.2725813686847687,0.2720043957233429,0.365825355052948,0.19576531648635864,0.17006005346775055,289,39,0,370,-3,18,16,2,0.238562091503268,0.03564074635505676,0.0,0.023113135248422623,0.0503905825316906,0.004018700681626797,0.10202746093273163,0.14537473022937775,0.005709104705601931,0.03566858917474747,0.07191739976406097,0.10116522759199142,0.06889481842517853,0.08958885073661804,0.06758397817611694,0.05768044292926788,0.023242807015776634,0.030216941609978676,0.05269097909331322,0.0025655936915427446,0.03250988945364952,1,479,3.2585273955158143,304,23,152,38516.6640625,0.2952723801136017,0.2583663761615753,0.42169812321662903,0.23988424241542816,0.18181391060352325,495,65,9,256,-9,29,27,2,0.2150313152400835,0.03331029415130615,0.0,0.0825515165925026,0.182417094707489,0.033430349081754684,0.06108817085623741,0.05746714398264885,0.0005863909609615803,0.04852365702390671,0.030601361766457558,0.12702834606170654,0.054785553365945816,0.024663103744387627,0.01197913009673357,0.0659039169549942,0.0038496064953505993,0.0,0.09934980422258377,0.02411980740725994,0.05834474787116051,-173,-0.6545179088148121,-115,-11,-47,-11365.08203125,-0.022691011428833008,0.013638019561767578,-0.05587276816368103,-206,-26,-9,114,6,0,0.023530776263184477
g9206.t1,M1V544,0.647,32.2,1,146,2.9538168233677253,42,0,104,33124.390625,0.33523696660995483,0.16397996246814728,0.5007830858230591,0.25037676095962524,0.25040629506111145,55,3,0,30,-7,15,21,-6,0.5,0.03656958043575287,0.0,0.06674345582723618,0.012446177192032337,0.04553573951125145,0.018601834774017334,0.237930566072464,0.016834942623972893,0.07038113474845886,0.007052621804177761,0.1987120509147644,0.051694247871637344,0.0,0.004961092956364155,0.08180377632379532,0.03440655767917633,0.0,0.03938524052500725,0.04256240278482437,0.0343785360455513,1,117,2.625952907282577,63,0,54,23058.767578125,0.3565496504306793,0.20795464515686035,0.4354957044124603,0.11100521683692932,0.32449042797088623,73,0,0,58,-14,5,20,-15,0.5299145299145299,0.059697505086660385,,0.030504105612635612,0.0374736487865448,0.044880375266075134,0.032605838030576706,0.07353157550096512,0.00727258063852787,0.12460041791200638,0.01419704221189022,0.16221514344215393,0.1622753143310547,0.0,0.00013992709864396602,0.02644621767103672,0.033120810985565186,0.0,0.049301307648420334,0.10190388560295105,0.03983432799577713,29,0.3278639160851484,-21,0,50,10065.623046875,-0.021312683820724487,-0.043974682688713074,0.06528738141059875,-18,3,0,-28,7,9,-0.02991452991452992
g8504.t1,M1V7K8,0.644,53.6,1,669,3.899974050034017,262,101,306,56793.95703125,0.19244912266731262,0.1890450268983841,0.5949262976646423,0.38026270270347595,0.21466363966464996,529,67,0,164,-1,60,44,16,0.22122571001494767,0.044290415942668915,0.005983894690871239,0.02848919667303562,0.12289243936538696,0.013390335254371166,0.03225267305970192,0.2573702335357666,0.004817137494683266,0.01808399148285389,0.045967165380716324,0.19656017422676086,0.018103471025824547,0.023579519242048264,0.0316445492208004,0.018963363021612167,0.027093874290585518,0.0003976800653617829,0.04234341159462929,0.03966715559363365,0.02810930833220482,1,596,3.08913269343843,191,98,307,54556.58203125,0.28870341181755066,0.2813630998134613,0.4123416543006897,0.262835830450058,0.1495058536529541,457,55,0,178,-6,30,29,1,0.24328859060402686,0.10290287435054779,0.018848681822419167,0.040933672338724136,0.1382954865694046,0.022228144109249115,0.01221529021859169,0.12454032152891159,0.015135196037590504,0.10077646374702454,0.008983633480966091,0.1172758936882019,0.0322299599647522,0.017591901123523712,0.04444420710206032,0.01401648297905922,0.04173487052321434,0.01159169152379036,0.1010492593050003,0.023890381678938866,0.011315622366964817,73,0.8108413565955872,71,3,-1,2237.375,-0.09625428915023804,-0.09231807291507721,0.18258464336395264,72,12,0,-14,5,15,-0.02206288058907918
g12824.t1,M1UQ07,0.6429,13.4,1,371,2.1629910435633306,106,96,169,24156.80859375,0.18226252496242523,0.3183317482471466,0.46378257870674133,0.2555941045284271,0.2081885039806366,378,44,16,389,-10,21,18,3,0.1778975741239892,0.032197464257478714,0.011902373284101486,0.0065961191430687904,0.14544859528541565,0.044702570885419846,0.05002506077289581,0.11014549434185028,0.012982543557882309,0.015205292031168938,0.13375042378902435,0.13704811036586761,0.07114037871360779,0.035623207688331604,0.003184285946190357,0.08488409221172333,0.017321044579148293,0.0,0.03277131915092468,0.05507171154022217,0.0,1,1102,3.771593337873857,242,255,605,78952.0859375,0.31339210271835327,0.3423962891101837,0.33321234583854675,0.18434306979179382,0.14886926114559174,933,161,10,823,-21,35,46,-11,0.20689655172413793,0.08072137087583542,0.0,0.06514251977205276,0.11586786806583405,0.03461005166172981,0.09616001695394516,0.06847520917654037,0.006291292142122984,0.04801635816693306,0.04400418698787689,0.10249339044094086,0.04637587442994118,0.010999157093465328,0.023871874436736107,0.04380334913730621,0.05065344646573067,0.014795915223658085,0.08060938864946365,0.02276206947863102,0.04434660077095032,-731,-1.6086022943105265,-136,-159,-436,-54795.27734375,-0.13112957775592804,-0.02406454086303711,0.13057023286819458,-555,-117,6,-434,11,14,-0.028998977600148718
g17362.t1,M1VEP4,0.6424,88.2,1,128,2.5986396276005843,32,34,62,20124.677734375,0.09695469588041306,0.29303666949272156,0.5967532396316528,0.45437753200531006,0.14237570762634277,107,10,6,3,15,22,9,13,0.4375,0.02501795068383217,0.0,0.06274566799402237,0.11625229567289352,0.04940330609679222,0.08363863080739975,0.3381252586841583,0.04557080194354057,0.01048660185188055,0.046986378729343414,0.1088002398610115,0.03357545658946037,0.013255380094051361,0.001763606327585876,0.01843770034611225,0.0,,0.04241957888007164,0.003206556895747781,0.0003145578084513545,1,128,2.6275299313803755,32,36,60,20291.896484375,0.10954731702804565,0.2687205374240875,0.5806885361671448,0.41852355003356934,0.16216494143009186,105,11,9,2,13,20,10,10,0.4375,0.04091033712029457,0.0,0.0571838915348053,0.21497401595115662,0.04660870507359505,0.04206424951553345,0.2035495638847351,0.04705984517931938,0.01245277188718319,0.04953761771321297,0.12265453487634659,0.03951040655374527,0.04104362800717354,0.009540398605167866,0.026713114231824875,0.0,,0.04253978282213211,0.0036571526434272528,0.0,0,-0.028890303779791182,0,-2,2,-167.21875,-0.012592621147632599,0.024316132068634033,0.016064703464508057,2,-1,-3,1,2,3,0.0
g15267.t1,M1URM1,0.6393,15.2,1,79,1.2203159749441836,56,0,23,12230.4736328125,0.403094619512558,0.2867233455181122,0.30679264664649963,0.17142488062381744,0.1353677660226822,72,11,23,20,0,7,4,3,0.3924050632911392,0.021397193893790245,0.09805631637573242,0.09798772633075714,0.034963659942150116,0.03572724759578705,0.07453762739896774,0.13646121323108673,0.04803537204861641,0.017986508086323738,,0.05622392147779465,0.07914384454488754,0.0033894216176122427,0.02110496163368225,0.003957180771976709,0.0,0.06615160405635834,0.008969609625637531,0.1321217119693756,0.06378491967916489,1,117,1.339836761698446,74,0,43,13757.328125,0.5219396352767944,0.26425760984420776,0.2138027399778366,0.09965747594833374,0.11414527893066406,102,14,44,115,-6,3,7,-4,0.3418803418803419,0.025072898715734482,0.03230353444814682,0.192588210105896,0.05433311685919762,0.06057606264948845,0.04361893609166145,0.04532434418797493,0.08456718921661377,0.0,0.006201323587447405,0.0976438969373703,0.01650138571858406,0.0,0.02391701191663742,0.053238969296216965,0.07070595026016235,0.0,0.011917667463421822,0.14679086208343506,0.03469863533973694,-38,-0.11952078675426225,-18,0,-20,-1526.8544921875,-0.11884501576423645,0.02246573567390442,0.09298990666866302,-30,-3,-21,-95,6,7,0.050524721410797335
g6827.t1,M1UWM8,0.6381,15.6,1,176,1.7498201592905276,52,51,73,20316.9375,0.15511298179626465,0.44832873344421387,0.3384191691875458,0.189107283949852,0.14931190013885498,139,9,1,294,-5,11,13,-2,0.3068181818181818,0.015750225633382797,0.014636454172432423,0.021001840010285378,0.059402916580438614,0.025405090302228928,0.21059846878051758,0.12970435619354248,0.0,0.004923130385577679,0.13147804141044617,0.08661463111639023,0.06269726157188416,0.05813911557197571,0.0,0.014567132107913494,0.02268820069730282,0.0,0.050460465252399445,0.0058397878892719746,0.08609289675951004,1,153,1.6492337385675384,52,37,64,17942.43359375,0.24900980293750763,0.22237716615200043,0.5236735939979553,0.32569271326065063,0.1979808509349823,124,23,4,79,2,16,13,3,0.3006535947712418,0.05319337919354439,0.019439196214079857,0.009530867449939251,0.23132020235061646,0.0005394830368459225,0.04890960827469826,0.09437251091003418,0.0017900773091241717,0.03738253563642502,0.0037045662757009268,0.1740039736032486,0.0239768885076046,0.00493942154571414,0.03154605254530907,0.039202433079481125,0.008811556734144688,0.0,0.09480085968971252,0.06741078943014145,0.055125605314970016,23,0.10058642072298918,0,14,9,2374.50390625,-0.09389682114124298,0.22595156729221344,-0.18525442481040955,15,-14,-3,215,-7,-5,0.006164587046940007
g15163.t1,M1VA88,0.6377,18.8,1,324,2.188264981103039,206,6,112,26601.05859375,0.375009685754776,0.271691232919693,0.32308104634284973,0.2338697612285614,0.08921130746603012,287,11,2,962,5,15,10,5,0.19444444444444445,0.01746317557990551,0.009213297627866268,0.06734538823366165,0.12565244734287262,0.0,0.09690205752849579,0.1082172840833664,0.0683174729347229,0.01581483706831932,0.05089172348380089,0.037844181060791016,0.051367126405239105,0.03021797351539135,0.02667359635233879,0.049231499433517456,0.004851756617426872,0.10719285905361176,0.02890351600944996,0.051064733415842056,0.05283500254154205,1,333,2.400344958369786,199,6,128,30973.640625,0.42998629808425903,0.19130297005176544,0.3672732710838318,0.3385430872440338,0.028730159625411034,310,19,0,601,11,24,4,20,0.21021021021021022,0.039980269968509674,0.0013715253444388509,0.10954926162958145,0.19326694309711456,0.007549838628619909,0.07852756977081299,0.14527617394924164,0.05526486784219742,0.05709848925471306,0.007051090244203806,0.02374216541647911,0.004987993277609348,0.01143738068640232,0.03218875080347061,0.03208458051085472,0.026821095496416092,0.03909885510802269,0.0015578109305351973,0.06839504092931747,0.06475027650594711,-9,-0.21207997726674677,7,0,-16,-4372.58203125,-0.05497661232948303,0.08038826286792755,-0.044192224740982056,-23,-8,2,361,-6,-15,-0.01576576576576577
g19604.t1,Q85FU1,0.6367,23.4,1,146,2.028281823110018,60,31,55,21651.3671875,0.2616809010505676,0.17190800607204437,0.5664110779762268,0.47278282046318054,0.09362825006246567,125,21,0,31,19,24,7,17,0.3424657534246575,0.017052212730050087,0.0,0.029573988169431686,0.29168254137039185,0.004666802939027548,0.019749173894524574,0.1811002492904663,0.07961904257535934,0.04088226333260536,0.033588483929634094,0.05134548991918564,0.04228275269269943,,0.0002980454883072525,0.04023614153265953,0.0074982354417443275,0.0,0.01723228022456169,0.06899753212928772,0.07419469952583313,1,121,1.917478262732696,33,30,58,19199.71484375,0.038703709840774536,0.25516849756240845,0.6845418214797974,0.532305121421814,0.1522367149591446,89,13,0,56,14,23,7,16,0.33884297520661155,0.05126465484499931,0.0,0.005018565338104963,0.22284716367721558,0.004007058683782816,0.052673228085041046,0.3094579577445984,0.08004312217235565,0.009074795991182327,0.05422179400920868,0.10429148375988007,0.04794523864984512,0.021585999056696892,0.004537398461252451,0.004873501602560282,0.0046058353036642075,0.005465812981128693,0.012958616949617863,0.0013329202774912119,0.0037948829121887684,25,0.11080356037732209,27,1,-3,2451.65234375,0.2229771912097931,-0.08326049149036407,-0.11813074350357056,36,8,0,-25,5,1,0.0036227782180459633
g9659.t1,Q85FW2,0.6361,12.7,1,411,5.047028024967083,179,32,200,55979.94921875,0.14776694774627686,0.1657632440328598,0.6598882079124451,0.5649566650390625,0.09493153542280197,289,32,2,87,60,75,17,58,0.3284671532846715,0.01624291203916073,0.008264079689979553,0.0242560226470232,0.24479930102825165,0.03661646321415901,0.04609902575612068,0.32015737891197205,0.018571164458990097,0.018917890265583992,0.021589025855064392,0.059811782091856,0.03511975333094597,0.026581596583127975,0.0221196748316288,0.02134673111140728,0.012795532122254372,0.008159319870173931,0.018380574882030487,0.02098006382584572,0.01919170282781124,1,200,2.7155537239681338,70,23,107,26186.37890625,0.1264600157737732,0.190933957695961,0.6561084389686584,0.5466846227645874,0.10942376405000687,124,11,2,41,23,32,10,22,0.305,0.012021664530038834,0.006489042658358812,0.015239292755723,0.33180364966392517,0.04907925799489021,0.08000468462705612,0.214881032705307,0.0,0.016953060403466225,0.039847537875175476,0.10942376405000687,,0.02649763599038124,0.009610745124518871,0.022663075476884842,0.008871456608176231,0.0032035817857831717,0.0034917613957077265,0.034836042672395706,0.015082765370607376,211,2.331474300998949,109,9,93,29793.5703125,0.021306931972503662,-0.025170713663101196,0.003779768943786621,165,21,0,46,37,36,0.023467153284671527
g18427.t1,M1VKN0,0.6313,28.5,1,192,2.817183379484323,8,59,125,35307.7734375,0.261465460062027,0.13544608652591705,0.5969194769859314,0.2686866223812103,0.32823288440704346,127,40,0,92,-15,25,39,-14,0.453125,0.05180530622601509,0.0,0.029614202678203583,0.010398892685770988,0.013018897734582424,0.011824247427284718,0.2582877278327942,0.0019646012224256992,0.0022720859851688147,0.022524001076817513,0.1967550814151764,0.13147777318954468,0.0061688912101089954,0.017738521099090576,0.010415629483759403,0.06359699368476868,0.011418764479458332,0.0343090295791626,0.0169973224401474,0.10941197723150253,1,236,3.554445676615631,7,53,176,50148.1328125,0.24097280204296112,0.19978193938732147,0.5279204845428467,0.119272381067276,0.4086481034755707,108,7,0,105,-39,13,52,-39,0.5508474576271186,0.06924087554216385,0.0,0.05024518072605133,0.056309930980205536,0.021965237334370613,0.04560357332229614,0.06296243518590927,0.0005658609443344176,0.03630739822983742,0.02916252799332142,0.21477852761745453,0.19386957585811615,0.03132487088441849,0.012272863648831844,0.03810099512338638,0.04359949007630348,0.00437220698222518,0.03324386104941368,0.03815946727991104,0.01791519857943058,-44,-0.7372622971313079,1,6,-51,-14840.359375,0.020492658019065857,-0.06433585286140442,0.06899899244308472,19,33,0,-13,24,25,-0.09772245762711862
g7070.t1,M1VFB0,0.6285,19.6,1,202,1.6750418025097786,117,20,65,18242.109375,0.1898135244846344,0.17328138649463654,0.6202923655509949,0.36916986107826233,0.25112250447273254,196,20,0,312,4,19,16,3,0.26732673267326734,0.02701215073466301,0.0,0.03219097852706909,0.02038414031267166,0.020482489839196205,0.024464232847094536,0.34878572821617126,0.014868363738059998,0.029873833060264587,0.04385989159345627,0.10617685317993164,0.1449456661939621,0.01661265827715397,0.0,0.051686838269233704,0.00017687352374196053,0.0,0.04259426146745682,0.038879916071891785,0.03700507432222366,1,221,1.856888773032491,129,22,70,19801.208984375,0.3334710896015167,0.1669379472732544,0.4820980429649353,0.2860792279243469,0.19601880013942719,232,27,0,280,2,18,14,4,0.2398190045248869,0.005413887556642294,,0.06925244629383087,0.17933440208435059,0.05964294448494911,0.07194449007511139,0.10674481093883514,0.004006804432719946,0.03081131912767887,0.0,0.10514513403177261,0.09087368100881577,0.017492910847067833,0.034055911004543304,0.09206501394510269,0.00910273939371109,0.05731574818491936,0.025929830968379974,0.022975515574216843,0.01789240352809429,-19,-0.18184697052271237,-12,-2,-5,-1559.099609375,-0.14365756511688232,0.006343439221382141,0.13819432258605957,-36,-7,0,32,2,-1,0.027507728148380456
g8636.t1,M1V507,0.6234,19.7,1,257,1.8492381696623434,110,34,113,21964.2421875,0.27565115690231323,0.1656031757593155,0.518928587436676,0.2598102390766144,0.25911828875541687,247,30,5,101,1,17,20,-3,0.2178988326848249,0.031322259455919266,0.0,0.035815875977277756,0.06377439945936203,0.0023503992706537247,0.05829489976167679,0.19603581726551056,0.0011751996353268623,0.026367852464318275,0.015845034271478653,0.1818506419658661,0.07726766169071198,0.03981710597872734,0.0,0.055087484419345856,0.008366599678993225,0.03091885894536972,0.056615378707647324,0.0,0.11909449100494385,1,261,1.8663246901512602,105,52,104,20833.8671875,0.2102271169424057,0.25064006447792053,0.5322284698486328,0.25948911905288696,0.27273935079574585,260,52,1,79,-5,17,14,3,0.210727969348659,0.04796546697616577,0.0,0.08401638269424438,0.24094125628471375,0.033774249255657196,0.12579335272312164,0.018547864630818367,0.004402967169880867,0.038537491112947464,0.028711602091789246,0.19447216391563416,0.07826720178127289,0.0069043682888150215,0.00030620969482697546,0.04073087498545647,0.003850571345537901,0.014692057855427265,0.009992419742047787,0.0,0.028093509376049042,-4,-0.01708652048891679,5,-18,9,1130.375,0.06542403995990753,-0.08503688871860504,-0.013299882411956787,-13,-22,4,22,6,-6,0.0071708633361659
g836.t1,M1VFN5,0.6172,18.8,1,438,2.5190672629591004,174,77,187,30274.5,0.16245809197425842,0.3455755412578583,0.4752095937728882,0.24195976555347443,0.23324981331825256,386,38,15,240,-7,23,27,-4,0.18493150684931506,0.08220678567886353,0.001822694088332355,0.01065487414598465,0.056325528770685196,0.006444052793085575,0.06344995647668839,0.18563425540924072,0.03544485941529274,0.013215471059083939,0.10656026005744934,0.14780586957931519,0.08544393628835678,0.016756786033511162,0.012149705551564693,0.04155506566166878,0.026714222505688667,0.012507101520895958,0.04964691027998924,0.008172363042831421,0.037489280104637146,1,689,3.1167513920260936,247,114,328,44828.8125,0.15084803104400635,0.33494943380355835,0.48970091342926025,0.22850187122821808,0.26119905710220337,554,55,51,209,-29,31,43,-12,0.17561683599419448,0.055145684629678726,0.00014578925038222224,0.0036493847146630287,0.17189928889274597,0.023966103792190552,0.1581869274377823,0.056602586060762405,0.004925014916807413,0.040130555629730225,0.043440286070108414,0.1853087693452835,0.07589029520750046,0.024501508101820946,0.011982056312263012,0.042422037571668625,0.006117860786616802,0.0,0.049139637500047684,0.0,0.046546146273612976,-251,-0.5976841290669932,-73,-37,-141,-14554.3125,0.011610060930252075,0.010626107454299927,-0.01449131965637207,-168,-17,-36,31,22,8,0.009314670855120583
g6373.t1,M1V733,0.6011,19.5,1,239,2.9706958746035705,3,88,148,35406.88671875,0.3794080317020416,0.453254759311676,0.16733725368976593,0.15308299660682678,0.014254244975745678,118,19,0,39,4,13,2,11,0.3389121338912134,0.02869575470685959,0.0002671502297744155,0.020777102559804916,0.08840587735176086,0.028047800064086914,0.11736370623111725,0.06467713415622711,0.21171070635318756,0.06012590974569321,0.023309621959924698,0.0061444551683962345,0.008109789341688156,0.0,0.0,0.19047312438488007,0.041491881012916565,0.00027338293148204684,0.0438600555062294,0.036549925804138184,0.02971671149134636,1,810,4.209980538249771,198,151,461,83385.0546875,0.2685549557209015,0.2489846795797348,0.43715664744377136,0.28224977850914,0.15490689873695374,478,44,2,144,25,57,37,20,0.26296296296296295,0.03770330548286438,0.009355807676911354,0.04493558779358864,0.2376379519701004,0.008304232731461525,0.10678374022245407,0.04461177811026573,0.016517948359251022,0.020841993391513824,0.02882520854473114,0.07830245792865753,0.0766044333577156,0.04530372470617294,0.005396062973886728,0.04220162704586983,0.0723978728055954,0.013260751031339169,0.041494451463222504,0.03142513707280159,0.03809589520096779,-571,-1.2392846636462003,-195,-63,-313,-47978.16796875,0.11085307598114014,0.20427007973194122,-0.26981939375400543,-360,-25,-2,-105,-21,-9,0.07594917092825043
g6923.t1,M1UQ07,0.5955,13.2,1,378,2.5140022726314215,84,94,200,31217.490234375,0.33657169342041016,0.3102339804172516,0.33456286787986755,0.29566583037376404,0.03889701887965202,358,33,14,350,1,23,9,14,0.20105820105820105,0.07176455110311508,0.015067004598677158,0.09438583254814148,0.11297176033258438,0.03250619396567345,0.07192322611808777,0.18269407749176025,0.012909552082419395,0.0,0.07035884261131287,0.024543151259422302,0.014353870414197445,0.018631374463438988,0.006304777227342129,0.06365816295146942,0.032164908945560455,0.020238317549228668,0.03570464253425598,0.053160522133111954,0.06665921956300735,1,1102,3.771593337873857,242,255,605,78952.0859375,0.31339210271835327,0.3423962891101837,0.33321234583854675,0.18434306979179382,0.14886926114559174,933,161,10,823,-21,35,46,-11,0.20689655172413793,0.08072137087583542,0.0,0.06514251977205276,0.11586786806583405,0.03461005166172981,0.09616001695394516,0.06847520917654037,0.006291292142122984,0.04801635816693306,0.04400418698787689,0.10249339044094086,0.04637587442994118,0.010999157093465328,0.023871874436736107,0.04380334913730621,0.05065344646573067,0.014795915223658085,0.08060938864946365,0.02276206947863102,0.04434660077095032,-724,-1.2575910652424356,-158,-161,-405,-47734.595703125,0.023179590702056885,-0.03216230869293213,0.0013505220413208008,-575,-128,4,-473,22,25,-0.005838350665936881
g5965.t1,M1UVA7,0.5888,60.9,1,216,2.243143771032309,178,0,38,23999.44140625,0.12794536352157593,0.35399025678634644,0.5180643200874329,0.2320980578660965,0.28596624732017517,214,30,0,167,-7,17,18,-1,0.25462962962962965,0.02637399733066559,0.0,0.026075726374983788,0.08431342244148254,0.009587911888957024,0.1538860946893692,0.14778465032577515,0.05625449866056442,0.003202100982889533,0.05826745927333832,0.20578308403491974,0.08018316328525543,0.0,0.00793211068958044,0.010080126114189625,0.024468546733260155,0.0037592784501612186,0.04962029680609703,0.0262162983417511,0.02621118351817131,1,261,2.186611240405715,213,0,48,26369.5546875,0.13584494590759277,0.23053786158561707,0.6224183440208435,0.2663154602050781,0.35610291361808777,285,43,0,241,-17,20,30,-10,0.26053639846743293,0.012914237566292286,0.0,0.006587846204638481,0.08251310139894485,0.014331947080790997,0.0478522889316082,0.18380236625671387,0.03056545928120613,0.09639293700456619,0.060311488807201385,0.2724120318889618,0.0836908221244812,0.011198834516108036,0.01615135744214058,0.005506144370883703,0.0,0.0,0.06456243246793747,0.0,0.011206653900444508,-45,0.056532530626594024,-35,0,-10,-2370.11328125,-0.007899582386016846,0.12345239520072937,-0.10435402393341064,-71,-13,0,-74,10,9,-0.005906768837803278
g10723.t1,M1V736,0.5864,8.0,1,278,2.0752657901712372,11,171,96,23793.189453125,0.33147138357162476,0.220084086060524,0.42898255586624146,0.21054930984973907,0.21843329071998596,233,34,0,151,5,15,10,5,0.19424460431654678,0.05091579258441925,0.003296182956546545,0.06245652958750725,0.16546210646629333,0.024106452241539955,0.011562764644622803,0.045087192207574844,0.019920730963349342,0.01809108629822731,0.07434605807065964,0.1162601038813591,0.10217317938804626,0.01946200430393219,0.01451005320996046,0.013495872728526592,0.037017885595560074,0.05001775920391083,0.03593611344695091,0.0805511325597763,0.055331047624349594,1,357,2.5902935981179316,29,184,144,32690.55078125,0.37232768535614014,0.24271538853645325,0.3582513928413391,0.22542248666286469,0.13282890617847443,293,24,0,305,-1,14,12,2,0.23249299719887956,0.041045643389225006,,0.11911861598491669,0.19413185119628906,0.030086098238825798,0.047543469816446304,0.03129063546657562,0.060611382126808167,0.05407104268670082,0.005914503708481789,0.07542572170495987,0.05740318074822426,0.026705576106905937,0.010363464243710041,0.04961442947387695,0.017537036910653114,0.0646636113524437,0.05751428380608559,0.025464512407779694,0.03149496763944626,-79,-0.5150278079466943,-18,-13,-48,-8897.361328125,-0.04085630178451538,-0.02263130247592926,0.07073116302490234,-60,10,0,-154,6,3,-0.03824839288233278
g17996.t1,M1VAA0,0.5844,31.6,1,298,3.657187665186396,59,39,200,46581.91015625,0.13608688116073608,0.38027307391166687,0.4613321125507355,0.38588470220565796,0.0754474475979805,151,13,0,77,49,47,12,35,0.37583892617449666,0.015988975763320923,,0.02916101925075054,0.10090591013431549,0.003386403899639845,0.2860261797904968,0.2849787771701813,0.0313771590590477,0.011949650943279266,0.009561151266098022,0.06379424035549164,0.011653203517198563,0.022307872772216797,0.002975282957777381,0.049509238451719284,0.01322034653276205,0.012675692327320576,0.03393319621682167,0.011221105232834816,0.005374545697122812,1,231,3.3994152612811797,81,32,118,36973.9375,0.22939392924308777,0.22258906066417694,0.5317935943603516,0.40752047300338745,0.1242731362581253,151,7,0,59,25,34,16,18,0.39826839826839827,0.07979141175746918,0.0003535224823281169,0.04513384774327278,0.20971930027008057,0.026011958718299866,0.02249489165842533,0.19780117273330688,0.022529300302267075,0.018888847902417183,0.0296874288469553,0.07846802473068237,0.04580509662628174,0.01622343808412552,0.0229883324354887,0.02731407806277275,0.038769446313381195,0.0,0.04172055795788765,0.022165415808558464,0.05413393676280975,67,0.2577724039052165,-22,7,82,9607.97265625,-0.09330704808235168,0.15768401324748993,-0.07046148180961609,0,6,0,18,24,17,-0.022429472093901615
g1192.t3,M1USN1,0.5819,24.7,1,226,3.5743644197102347,54,36,136,44405.3046875,0.17274388670921326,0.2937721014022827,0.34300607442855835,0.19408012926578522,0.14892596006393433,118,11,10,16,3,21,16,5,0.43805309734513276,0.03031427040696144,0.0,0.03728826344013214,0.08291325718164444,0.0007266128668561578,0.10433311760425568,0.11116687208414078,0.01702810637652874,0.0024704833049327135,0.041093092411756516,0.12196216732263565,0.026963796466588974,0.19047796726226807,0.010681207291781902,0.04148627445101738,0.009736612439155579,0.00547694880515337,0.10027691721916199,0.03364217281341553,0.03196193277835846,1,209,2.9706660086661913,20,31,158,36740.203125,0.3214770257472992,0.2695070207118988,0.4000413715839386,0.2556484639644623,0.14439289271831512,79,9,7,112,0,19,15,4,0.4688995215311005,0.07259318977594376,0.026890724897384644,0.07131031900644302,0.18078427016735077,0.016695097088813782,0.040084369480609894,0.0748642086982727,0.0187287125736475,0.03627735748887062,0.030479347333312035,0.0559576116502285,0.08843528479337692,0.008974684402346611,0.025328094139695168,0.09408333152532578,0.014552189037203789,0.03176965191960335,0.0640355721116066,0.018001217395067215,0.03015485219657421,17,0.6036984110440433,34,5,-22,7665.1015625,-0.14873313903808594,0.02426508069038391,-0.05703529715538025,39,2,3,-96,3,1,-0.030846424185967725
g6532.t2,M1VA78,0.578,19.7,1,229,2.5179034593369156,77,30,122,26914.435546875,0.1520087718963623,0.3456436097621918,0.4992307722568512,0.3612622618675232,0.1379685252904892,163,18,3,185,8,26,18,8,0.314410480349345,0.0718287006020546,0.0,0.010189937427639961,0.16351740062236786,0.029099861159920692,0.09117484092712402,0.19774486124515533,0.05691145732998848,0.0600251629948616,0.08955573290586472,0.05214748531579971,0.08582104742527008,0.0031169219873845577,0.010184095241129398,0.028212424367666245,0.02517514117062092,0.0,0.007073015905916691,0.018222006037831306,0.0,1,208,2.5842253587693254,43,30,135,33575.578125,0.3106367588043213,0.21265096962451935,0.4519668519496918,0.32251623272895813,0.12945063412189484,145,18,1,182,3,18,13,5,0.3605769230769231,0.06510543823242188,0.0,0.034942127764225006,0.28532496094703674,0.022900791838765144,0.051214177161455154,0.03719129413366318,0.0,0.04968894273042679,0.013855992816388607,0.10032627731561661,0.02912435308098793,0.024745386093854904,0.030419249087572098,0.05472297966480255,0.07483822852373123,0.0,0.05957458168268204,0.0,0.06602521240711212,21,-0.06632189943240974,34,0,-13,-6661.142578125,-0.15862798690795898,0.13299264013767242,0.047263920307159424,18,0,2,3,5,3,-0.04616644272757808
g11862.t1,M1VGC8,0.576,16.1,1,486,3.1297090390967366,187,99,200,48766.015625,0.19347813725471497,0.35388895869255066,0.44506585597991943,0.29070714116096497,0.15435869991779327,390,44,15,208,2,38,28,10,0.2654320987654321,0.13797511160373688,0.0,0.02982308529317379,0.03254639729857445,0.04628652706742287,0.031676121056079865,0.2581607401371002,0.021416641771793365,0.03559250012040138,0.03631287068128586,0.08480113744735718,0.0695575475692749,0.0075670755468308926,0.008136642165482044,0.08815674483776093,0.010446342639625072,0.0,0.08022167533636093,0.0025142254307866096,0.01880861632525921,1,641,2.872980364750018,241,104,296,42312.4609375,0.11077789962291718,0.2941092550754547,0.586394190788269,0.2917250096797943,0.29466912150382996,513,70,32,449,-11,33,43,-10,0.1747269890795632,0.10237320512533188,0.0020079726818948984,0.0186062753200531,0.17508313059806824,0.008228371851146221,0.08708172291517258,0.11664186418056488,7.451671990565956e-05,0.023053178563714027,0.03284992650151253,0.18253666162490845,0.1121324896812439,0.008718595840036869,0.007167991250753403,0.01797189563512802,0.0012963388580828905,0.0,0.06149354949593544,0.002135146176442504,0.040547072887420654,-155,0.25672867434671875,-54,-5,-96,6453.5546875,0.08270023763179779,0.05977970361709595,-0.1413283348083496,-123,-26,-17,-241,13,20,0.09070510968586892
g9832.t1,M1UT34,0.5687,43.2,1,210,3.8465742226041915,28,29,153,59744.3828125,0.13091343641281128,0.20440571010112762,0.6646808385848999,0.36429300904273987,0.30038776993751526,54,2,0,12,-10,40,49,-9,0.6666666666666666,0.0057168942876160145,,0.0003780409460887313,0.010284468531608582,0.0040946295484900475,0.14707282185554504,0.3540084958076477,0.0,0.005686451215296984,0.03840439021587372,0.24753931164741516,0.05284847691655159,,0.004914532881230116,0.07838078588247299,0.022336259484291077,,0.009116970002651215,0.011395234614610672,0.007822135463356972,1,185,4.69550111315013,65,28,92,42274.484375,0.318292498588562,0.27433767914772034,0.4073699116706848,0.23425054550170898,0.17311935126781464,101,2,0,0,-2,20,20,0,0.5513513513513514,0.06680997461080551,,0.02121799625456333,0.1393127292394638,0.07079234719276428,0.0955670103430748,0.09493780881166458,0.0,0.09162436425685883,0.01976686902344227,0.06586433947086334,0.10725503414869308,0.0,0.0183176938444376,0.04548546299338341,0.048144370317459106,,0.021401485428214073,0.006640163715928793,0.08686244487762451,25,-0.8489268905459388,-37,1,61,17469.8984375,-0.18737906217575073,-0.06993196904659271,0.2573109269142151,-47,0,0,12,-8,-9,0.11531531531531525
g9832.t2,M1UT34,0.5639,45.6,1,257,4.712690463592435,46,29,182,65656.7578125,0.11488189548254013,0.17258808016777039,0.7122843265533447,0.4049258232116699,0.3073584735393524,83,8,0,10,2,55,52,3,0.6147859922178989,0.006767931394279003,,0.008845674805343151,0.0555497445166111,0.0040205796249210835,0.13020479679107666,0.3493761122226715,0.0,0.009368163533508778,0.020549187436699867,0.26265615224838257,0.04470231011509895,0.0002457131922710687,0.005651402752846479,0.046702004969120026,0.01943359337747097,,0.011045580729842186,0.0021131334360688925,0.022767923772335052,1,185,4.69550111315013,65,28,92,42274.484375,0.318292498588562,0.27433767914772034,0.4073699116706848,0.23425054550170898,0.17311935126781464,101,2,0,0,-2,20,20,0,0.5513513513513514,0.06680997461080551,,0.02121799625456333,0.1393127292394638,0.07079234719276428,0.0955670103430748,0.09493780881166458,0.0,0.09162436425685883,0.01976686902344227,0.06586433947086334,0.10725503414869308,0.0,0.0183176938444376,0.04548546299338341,0.048144370317459106,,0.021401485428214073,0.006640163715928793,0.08686244487762451,72,0.01718935044230463,-19,1,90,23382.2734375,-0.20341060310602188,-0.10174959897994995,0.3049144148826599,-18,6,0,10,4,3,0.06343464086654749
g18120.t1,M1VCD4,0.5631,45.1,1,249,4.693673015799436,85,26,138,45441.6953125,0.08667077869176865,0.23210348188877106,0.6793837547302246,0.5395281910896301,0.1398555338382721,138,12,0,59,40,59,22,37,0.4939759036144578,0.023730657994747162,,0.026686206459999084,0.143418550491333,0.017748737707734108,0.08658760040998459,0.3961096704006195,0.019800934940576553,0.010895779356360435,0.0027861525304615498,0.10768136382102966,0.032174184918403625,0.001842055469751358,0.008804507553577423,0.03197589889168739,0.0046152654103934765,,0.08144939690828323,0.001491085859015584,0.0022020339965820312,1,246,3.8998415751521605,78,60,108,35752.859375,0.13524863123893738,0.15520906448364258,0.7007057666778564,0.5383971929550171,0.16230857372283936,198,21,1,28,31,49,24,25,0.3780487804878049,0.027046434581279755,0.0,0.031101888045668602,0.3551177382469177,0.014703613705933094,0.04292015731334686,0.18327943980693817,0.029564522206783295,0.057043951004743576,0.026574373245239258,0.10305161029100418,0.05925696715712547,0.008836513385176659,0.0035195869859308004,0.004331799689680338,0.03826281428337097,,0.014399957843124866,0.0009004007442854345,8.818835340207443e-05,3,0.7938314406472755,7,-34,30,9688.8359375,-0.04857785254716873,0.07689441740512848,-0.021322011947631836,-60,-9,-1,31,9,12,0.11592712312665293
g6368.t1,M1VFN1,0.5621,28.5,1,154,2.1758994708884005,45,21,88,25188.38671875,0.2555209994316101,0.22065797448158264,0.5215201377868652,0.32114437222480774,0.2003757357597351,110,10,0,51,-3,16,14,2,0.38311688311688313,0.08942119777202606,,0.05731717497110367,0.085365891456604,0.0011499489191919565,0.039414312690496445,0.23577851057052612,0.02113473229110241,0.000512386322952807,0.010801482014358044,0.1590033322572708,0.0413723848760128,0.002300866646692157,0.015755878761410713,0.07047276198863983,0.022160708904266357,0.0007685794844292104,0.05873631685972214,0.01818971522152424,0.07034378498792648,1,167,2.521771412400445,83,20,64,27533.734375,0.3373335301876068,0.21042492985725403,0.44872602820396423,0.2581670880317688,0.19055894017219543,118,15,0,58,-4,13,16,-3,0.38323353293413176,0.0229461919516325,0.0,0.0687900185585022,0.15977917611598969,0.07045061886310577,0.03306367248296738,0.09838788211345673,0.032554276287555695,0.07961513847112656,0.026088209822773933,0.1305084228515625,0.06005052849650383,0.003515555988997221,0.007499853149056435,0.025793366134166718,0.047707367688417435,0.00011718520545400679,0.02532195672392845,0.050155267119407654,0.057655349373817444,-13,-0.3458719415120446,-38,1,24,-2345.34765625,-0.0818125307559967,0.010233044624328613,0.072794109582901,-8,-5,0,-7,1,5,-0.00011664981724862633
g18228.t1,Q85FS3,0.5617,20.5,1,109,1.311509278040779,40,2,67,13364.9365234375,0.1550847440958023,0.39457079768180847,0.450344443321228,0.3810012638568878,0.0693431869149208,86,7,1,85,6,12,6,6,0.3486238532110092,0.07758445292711258,0.0,0.0,0.07662849873304367,0.0468825027346611,0.09290176630020142,0.30437275767326355,0.0,0.0,0.1772020310163498,0.058255188167095184,0.01108799409121275,0.0,0.013278030790388584,0.06470022350549698,0.0,0.0,0.0,0.0014154886594042182,0.07569100707769394,1,150,2.2170638689478728,59,10,81,21623.822265625,0.427812397480011,0.20041175186634064,0.3717758357524872,0.20099015533924103,0.17078568041324615,121,7,1,25,-2,12,12,0,0.3466666666666667,0.04933987185359001,0.0,0.06087873503565788,0.07932400703430176,0.0017531310440972447,0.04591379314661026,0.12166614085435867,0.0326518714427948,0.004713569767773151,0.036119695752859116,0.0930306687951088,0.07775502651929855,0.0,0.103217214345932,0.015965744853019714,0.04973834753036499,0.05519162863492966,0.034633390605449677,0.0001492125738877803,0.13795797526836395,-41,-0.9055545909070937,-19,-8,-14,-8258.8857421875,-0.2727276533842087,0.19415904581546783,0.07856860756874084,-35,0,0,60,8,6,0.001957186544342515
g12859.t1,M1VIE5,0.5552,23.0,1,306,2.6596841160198896,153,0,153,30728.12890625,0.20096924901008606,0.2567608058452606,0.45194587111473083,0.2208007574081421,0.23114512860774994,247,14,1,237,-20,18,25,-7,0.2581699346405229,0.057777754962444305,0.0032966916915029287,0.04292915016412735,0.08386304974555969,0.014114901423454285,0.09086789190769196,0.1369377076625824,0.0015391366323456168,0.016061466187238693,0.06508316099643707,0.1380547285079956,0.09309039264917374,0.0903240218758583,0.017623420804739,0.009345268830657005,0.04896458983421326,0.0,0.024081269279122353,0.02121060900390148,0.04483475908637047,1,181,1.9939096179965943,113,0,68,21258.28125,0.17168430984020233,0.3031039237976074,0.489530086517334,0.23175585269927979,0.2577741742134094,178,12,1,64,-12,12,22,-10,0.30939226519337015,0.07104670256376266,0.023923752829432487,0.029706552624702454,0.1842498481273651,0.0008899080567061901,0.1507101207971573,0.04750601947307587,0.0034147745463997126,0.034153107553720474,0.012781176716089249,0.17886900901794434,0.07890517264604568,0.035681694746017456,0.0,0.03366364538669586,0.004925637040287256,0.0018213398288935423,0.04033747687935829,0.006678245961666107,0.060735784471035004,125,0.6657744980232954,40,0,85,9469.84765625,0.029284939169883728,-0.0463431179523468,-0.03758421540260315,69,2,0,173,-8,3,-0.05122233055284725
g7573.t1,M1VGY9,0.5549,11.8,1,224,2.3156935645587446,90,31,103,28181.84765625,0.2388809472322464,0.19548720121383667,0.5534380078315735,0.35842254757881165,0.19501544535160065,178,23,1,136,17,26,15,11,0.27232142857142855,0.023083828389644623,0.007536967284977436,0.0017926907166838646,0.13468128442764282,0.010480896569788456,0.024010302498936653,0.2237412929534912,0.05140846222639084,0.04516928270459175,0.0638958066701889,0.13354596495628357,0.06146948039531708,0.012193845584988594,0.03788546472787857,0.04024835675954819,0.023236295208334923,,0.01507094781845808,0.03246041014790535,0.05808843672275543,1,148,2.2836085783768247,49,29,70,22472.72265625,0.2226947546005249,0.2646234333515167,0.4850109815597534,0.3554820716381073,0.1295289397239685,103,6,1,57,11,17,6,11,0.35135135135135137,0.07648081332445145,0.0008724655490368605,0.019803684204816818,0.27270761132240295,0.013854420743882656,0.04952232167124748,0.08277441561222076,0.05553506687283516,0.02811710350215435,0.009999504312872887,0.1291080266237259,0.00042090838542208076,0.027670832350850105,0.0008614567341282964,0.02122262865304947,0.016361132264137268,0.029246974736452103,0.058358848094940186,0.01392360869795084,0.09315817803144455,76,0.032084986181919906,41,2,33,5709.125,0.016186192631721497,-0.06913623213768005,0.06842702627182007,75,17,0,79,6,0,-0.07902992277992282
g15161.t1,M1VAI9,0.549,21.4,1,833,3.8714640830682376,327,138,368,69203.5859375,0.21048109233379364,0.2842336595058441,0.5052852630615234,0.25953903794288635,0.24574624001979828,674,89,12,297,-15,59,55,4,0.19447779111644659,0.032068248838186264,0.0,0.022167500108480453,0.12159688770771027,0.016382284462451935,0.15584951639175415,0.1379421353340149,0.027139006182551384,0.005993233527988195,0.03385915607213974,0.13160359859466553,0.11414264142513275,0.0,0.03321496397256851,0.04584807902574539,0.0025176946073770523,0.01053701713681221,0.018935419619083405,0.029283961281180382,0.06091863662004471,1,737,4.061723213602737,290,163,284,50662.38671875,0.19693568348884583,0.21386131644248962,0.5887571573257446,0.36084654927253723,0.2279106080532074,607,64,0,204,-2,46,45,1,0.1723202170963365,0.0075132399797439575,0.0,0.05210735648870468,0.23502269387245178,0.019641239196062088,0.08243653178215027,0.12582385540008545,0.027555041015148163,0.03689317777752876,0.029133008792996407,0.1291356086730957,0.0987749919295311,0.00044581052497960627,0.02267119660973549,0.0319475494325161,0.038995251059532166,0.0,0.04758226126432419,0.004267043899744749,0.010054102167487144,96,-0.1902591305344994,37,-25,84,18541.19921875,0.013545408844947815,0.07037234306335449,-0.08347189426422119,67,25,12,93,-13,3,0.022157574020110093
g1834.t1,M1V968,0.5321,15.6,1,243,2.863646199693217,119,17,107,34081.64453125,0.2043493390083313,0.19488437473773956,0.5843285322189331,0.5034289360046387,0.08089958876371384,171,14,6,50,32,40,11,29,0.3168724279835391,0.021792588755488396,0.0,0.004544212017208338,0.128874734044075,0.001607608050107956,0.0853864997625351,0.37455418705940247,0.00935889407992363,0.005671632010489702,0.031102029606699944,0.06507990509271622,0.015819676220417023,0.016437815502285957,0.007384344004094601,0.07004983723163605,0.057143453508615494,0.0011342527577653527,0.045636750757694244,0.0009467109339311719,0.057474903762340546,1,187,2.0744329816903653,83,18,86,24776.3359375,0.2162916511297226,0.10631567239761353,0.6476050019264221,0.34845635294914246,0.29914864897727966,139,17,16,13,4,23,20,3,0.32085561497326204,0.014836146496236324,0.005054060369729996,0.036374472081661224,0.14773482084274292,0.004377243109047413,0.03914797306060791,0.20072154700756073,0.0,0.04244804009795189,0.0013998375507071614,0.11341950297355652,0.18572916090488434,0.029787732288241386,0.004167261999100447,0.03763557970523834,0.022748146206140518,0.0,0.04150041565299034,0.001692950027063489,0.07122518122196198,56,0.7892132180028519,36,-1,21,9305.30859375,-0.011942312121391296,0.08856870234012604,-0.06327646970748901,32,-3,-10,37,28,26,-0.003983186989722942
g9095.t1,M1V733,0.5268,13.1,1,227,3.175433447336742,3,79,145,38521.76953125,0.538021445274353,0.28794553875923157,0.16230255365371704,0.15606480836868286,0.00623774528503418,113,10,1,76,4,12,4,8,0.44052863436123346,0.04725656658411026,0.0,0.05786004662513733,0.0167619027197361,0.017904814332723618,0.11168541759252548,0.13930290937423706,0.04217478632926941,0.05520240589976311,0.034001052379608154,0.0025373331736773252,0.003700411878526211,0.011730381287634373,0.014909109100699425,0.21668408811092377,0.13249124586582184,0.0006547956145368516,0.03492291271686554,0.0,0.06021980941295624,1,810,4.209980538249771,198,151,461,83385.0546875,0.2685549557209015,0.2489846795797348,0.43715664744377136,0.28224977850914,0.15490689873695374,478,44,2,144,25,57,37,20,0.26296296296296295,0.03770330548286438,0.009355807676911354,0.04493558779358864,0.2376379519701004,0.008304232731461525,0.10678374022245407,0.04461177811026573,0.016517948359251022,0.020841993391513824,0.02882520854473114,0.07830245792865753,0.0766044333577156,0.04530372470617294,0.005396062973886728,0.04220162704586983,0.0723978728055954,0.013260751031339169,0.041494451463222504,0.03142513707280159,0.03809589520096779,-583,-1.034547090913029,-195,-72,-316,-44863.28515625,0.26946648955345154,0.038960859179496765,-0.2748540937900543,-365,-34,-1,-68,-21,-12,0.1775656713982705
g2045.t1,M1UX32,0.5257,33.2,1,517,3.4862729815362634,171,49,297,67201.03125,0.10372885316610336,0.38018256425857544,0.4813169538974762,0.35397234559059143,0.12734462320804596,348,55,3,150,0,44,40,4,0.34622823984526113,0.08639418333768845,0.0,0.0014382109511643648,0.06825003772974014,0.021349407732486725,0.02886737510561943,0.2857222855091095,0.0002815122716128826,0.04332536458969116,0.06329645216464996,0.0968354269862175,0.030509203672409058,0.03477161005139351,0.01010892167687416,0.020543145015835762,0.01869090087711811,0.0002880800748243928,0.1799936294555664,0.0007682135328650475,0.008566008880734444,1,551,3.0889265861099373,203,51,297,54330.9765625,0.31209030747413635,0.35500314831733704,0.3001941442489624,0.1663963496685028,0.1337977796792984,403,37,9,178,-11,23,24,-1,0.2595281306715064,0.11679646372795105,0.0009021868463605642,0.031236134469509125,0.11446326971054077,0.02402600832283497,0.05736229568719864,0.05193307623267174,0.016156356781721115,0.07625973969697952,0.05453228950500488,0.08551809191703796,0.048279713839292526,0.0327124185860157,0.0032473222818225622,0.06278759986162186,0.022619064897298813,0.004038306884467602,0.0852275863289833,0.04047746956348419,0.07142464816570282,-34,0.3973463954263261,-32,-2,0,12870.0546875,-0.208361454308033,0.025179415941238403,0.1811228096485138,-55,18,-6,-28,11,5,0.08670010917375476
g13229.t2,M1V566,0.5092,25.8,1,632,4.107278301411501,124,143,365,74260.390625,0.3105301558971405,0.2924838662147522,0.3544774353504181,0.26220008730888367,0.09227734804153442,400,34,6,157,10,41,28,13,0.314873417721519,0.05987812951207161,0.0,0.03047352470457554,0.0716235414147377,0.0055304705165326595,0.07175538688898087,0.19057652354240417,0.01654905080795288,0.037120845168828964,0.06519051641225815,0.04799991473555565,0.044277433305978775,0.04250851273536682,0.02317919209599495,0.10158184915781021,0.0352073535323143,4.344909029896371e-05,0.0735803171992302,0.043744828552007675,0.03917911648750305,1,677,4.424304098110235,169,91,417,98951.96875,0.2679222822189331,0.2638514041900635,0.44350090622901917,0.31729498505592346,0.12620596587657928,410,37,0,65,15,58,40,18,0.3604135893648449,0.07772041857242584,0.0041271536611020565,0.04000679776072502,0.29310688376426697,0.017351748421788216,0.07732999324798584,0.0241880901157856,0.003257541451603174,0.05085740610957146,0.009352827444672585,0.09043832123279572,0.03576764091849327,0.024725323542952538,0.014253206551074982,0.055288009345531464,0.03726837411522865,0.024597853422164917,0.07471172511577606,0.025497136637568474,0.02015351504087448,-45,-0.31702579669873376,-45,52,-52,-24691.578125,0.0426078736782074,0.02863246202468872,-0.08902347087860107,-10,-3,6,92,-5,-5,-0.04554017164332591
g8857.t1,M1VG99,0.5041,15.2,1,218,2.7280355018496336,180,0,38,26133.720703125,0.33456310629844666,0.3817925751209259,0.23959679901599884,0.15873117744922638,0.08086562901735306,216,6,24,105,1,10,9,1,0.3119266055045872,0.042730316519737244,0.020881803706288338,0.10469658672809601,0.11605406552553177,0.0008642406901344657,0.08619413524866104,0.04267711192369461,0.07916607707738876,0.024285608902573586,0.06016583740711212,0.06045318767428398,0.020412446931004524,0.044047534465789795,0.04123662784695625,0.06192861497402191,0.020741775631904602,0.0,0.09179014712572098,0.05801350995898247,0.02366042509675026,1,241,2.5504498424508966,177,0,64,23781.35546875,0.377244234085083,0.31989142298698425,0.29933932423591614,0.2539837956428528,0.045355502516031265,204,5,28,321,5,14,5,9,0.2863070539419087,0.09762949496507645,0.0355699397623539,0.05481288209557533,0.2238423228263855,0.025579331442713737,0.017026102170348167,0.030141469091176987,0.04814634472131729,0.023492654785513878,0.08220338076353073,0.0,0.045355502516031265,0.0035249816719442606,0.023878877982497215,0.017637809738516808,0.08811619877815247,0.0327756293118,0.013736819848418236,0.07842041552066803,0.05810976028442383,-23,0.17758565939873705,3,0,-26,2352.365234375,-0.04268112778663635,0.06190115213394165,-0.0597425252199173,12,1,-4,-216,-4,-8,0.025619551562678478
