incendi_protein,ortholog_accession,alntmscore,pident,incendi_num_chains,incendi_num_residues,incendi_rg_nm,incendi_helix_num,incendi_strand_num,incendi_coil_num,incendi_total_sasa_A2,incendi_frac_sasa_hydrophobic,incendi_frac_sasa_polar,incendi_frac_sasa_charged,incendi_frac_sasa_pos,incendi_frac_sasa_neg,incendi_num_hbonds,incendi_num_salt_bridges,incendi_num_disulfides,incendi_num_pipi,incendi_net_charge,incendi_num_exposed_pos,incendi_num_exposed_neg,incendi_surface_net_charge,incendi_highly_exposed_frac,incendi_frac_sasa_VAL,incendi_frac_sasa_LYS,incendi_frac_sasa_PRO,incendi_frac_sasa_CYS,incendi_frac_sasa_TRP,incendi_frac_sasa_GLY,incendi_frac_sasa_HIS,incendi_frac_sasa_THR,incendi_frac_sasa_MET,incendi_frac_sasa_ILE,incendi_frac_sasa_ARG,incendi_frac_sasa_GLN,incendi_frac_sasa_SER,incendi_frac_sasa_PHE,incendi_frac_sasa_TYR,incendi_frac_sasa_ASP,incendi_frac_sasa_GLU,incendi_frac_sasa_ALA,incendi_frac_sasa_LEU,incendi_frac_sasa_ASN,ortholog_num_chains,ortholog_num_residues,ortholog_rg_nm,ortholog_helix_num,ortholog_strand_num,ortholog_coil_num,ortholog_total_sasa_A2,ortholog_frac_sasa_hydrophobic,ortholog_frac_sasa_polar,ortholog_frac_sasa_charged,ortholog_frac_sasa_pos,ortholog_frac_sasa_neg,ortholog_num_hbonds,ortholog_num_salt_bridges,ortholog_num_disulfides,ortholog_num_pipi,ortholog_net_charge,ortholog_num_exposed_pos,ortholog_num_exposed_neg,ortholog_surface_net_charge,ortholog_highly_exposed_frac,ortholog_frac_sasa_LYS,ortholog_frac_sasa_VAL,ortholog_frac_sasa_PRO,ortholog_frac_sasa_CYS,ortholog_frac_sasa_HIS,ortholog_frac_sasa_GLY,ortholog_frac_sasa_TRP,ortholog_frac_sasa_THR,ortholog_frac_sasa_MET,ortholog_frac_sasa_ILE,ortholog_frac_sasa_ARG,ortholog_frac_sasa_GLN,ortholog_frac_sasa_SER,ortholog_frac_sasa_PHE,ortholog_frac_sasa_TYR,ortholog_frac_sasa_ASP,ortholog_frac_sasa_GLU,ortholog_frac_sasa_ALA,ortholog_frac_sasa_LEU,ortholog_frac_sasa_ASN,diff_num_residues,diff_rg_nm,diff_helix_num,diff_strand_num,diff_coil_num,diff_total_sasa_A2,diff_frac_sasa_hydrophobic,diff_frac_sasa_polar,diff_frac_sasa_charged,diff_num_hbonds,diff_num_salt_bridges,diff_num_disulfides,diff_num_pipi,diff_net_charge,diff_surface_net_charge,diff_highly_exposed_frac
g17716.t1,A0ABP9WTI5,0.9925,57.0,1,490,2.5769988170073503,158,83,249,33585.7890625,0.33615508675575256,0.25140219926834106,0.39498451352119446,0.270121693611145,0.12486279010772705,485,74,0,701,3,27,25,2,0.17551020408163265,0.06019948795437813,0.09972955286502838,0.0684879869222641,0.0,0.013353561982512474,0.029904361814260483,0.01745818555355072,0.019473189488053322,0.02933381125330925,0.003650614060461521,0.17039214074611664,0.060495421290397644,0.040362417697906494,0.07326982170343399,0.012294313870370388,0.05681217089295387,0.06805063039064407,0.015814118087291718,0.0720457062125206,0.08887247741222382,1,485,2.547136044524894,159,81,245,33230.7578125,0.3241380751132965,0.25450026988983154,0.3982078731060028,0.19821494817733765,0.19999291002750397,447,59,1,548,-14,18,29,-11,0.18969072164948453,0.059234533458948135,0.026532938703894615,0.07068498432636261,0.0,0.023153793066740036,0.0571671687066555,0.00048547584447078407,0.01843228191137314,0.07692663371562958,0.0032436817418783903,0.1389804184436798,0.08370082080364227,0.036004990339279175,0.03700844943523407,0.030082792043685913,0.10792902857065201,0.09206388145685196,0.09906090795993805,0.010194993577897549,0.029112201184034348,5,0.02986277248245628,-1,2,4,355.03125,0.012017011642456055,-0.0030980706214904785,-0.0032233595848083496,38,15,-1,153,17,13,-0.01418051756785188
g7743.t1,A0ABP9X6H2,0.9768,50.0,1,503,3.887454739699156,171,99,233,58581.94140625,0.16091705858707428,0.3280367851257324,0.5110461115837097,0.2706053555011749,0.24044078588485718,406,61,2,171,-5,55,51,4,0.32803180914512925,0.0016961010405793786,0.2395082712173462,0.06591610610485077,0.0,0.01740134507417679,0.013824592344462872,0.0,0.1417854130268097,0.02933969534933567,0.008812397718429565,0.031097067520022392,0.09442248195409775,0.015885312110185623,0.0034148043487221003,0.0028175690677016973,0.07604479789733887,0.1643960028886795,0.026732327416539192,0.007604287937283516,0.059301432222127914,1,112,1.3222542640509338,18,44,50,13467.31640625,0.27416354417800903,0.3223372995853424,0.4032640755176544,0.26465874910354614,0.1386052817106247,101,16,0,63,-2,9,5,4,0.3392857142857143,0.10654211789369583,0.06852482259273529,0.10784382373094559,,0.00023502732801716775,0.07891842722892761,0.0,0.10498220473527908,0.04574594274163246,0.031107613816857338,0.1581166386604309,0.05929901823401451,0.0,0.0,0.013110794126987457,0.028100019320845604,0.11050526052713394,0.02094132825732231,0.0,0.06602686643600464,391,2.565200475648222,153,55,183,45114.625,-0.11324648559093475,0.005699485540390015,0.1077820360660553,305,45,2,108,-3,0,-0.011253905140585052
g7479.t2,A0ABP9WWK6,0.9577,41.5,1,192,1.6386317911069535,104,23,65,17331.380859375,0.19094640016555786,0.40771400928497314,0.3921232223510742,0.276321679353714,0.11580157279968262,194,14,0,339,0,16,14,2,0.2604166666666667,0.00037233575130812824,0.244684636592865,0.09443321079015732,0.0,0.0,0.033391375094652176,0.00921634491533041,0.07742227613925934,0.03694372624158859,0.0,0.0316370464861393,0.07464759051799774,0.008385459892451763,0.05789820849895477,0.019131679087877274,0.018044382333755493,0.09775718301534653,0.0012989308452233672,0.0,0.1947356015443802,1,200,1.6727461759820885,110,23,67,17621.1328125,0.16362828016281128,0.26103606820106506,0.573504626750946,0.23246611654758453,0.3410384953022003,201,15,0,256,-8,13,20,-7,0.23,0.19957737624645233,0.0,0.03318764641880989,,0.0018310662126168609,0.031356003135442734,0.0010986397974193096,0.026067359372973442,0.0376228503882885,0.00018310663290321827,0.03288876265287399,0.04138009622693062,0.03035281039774418,0.0483359731733799,0.028292715549468994,0.0883178785443306,0.2527206242084503,0.04137735068798065,0.0018227172549813986,0.1035870611667633,-8,-0.03411438487513507,-6,0,-2,-289.751953125,0.027318120002746582,0.14667794108390808,-0.18138140439987183,-7,-1,0,83,8,9,0.030416666666666675
g7479.t1,A0ABP9WWK6,0.9548,41.5,1,196,1.6664771428489458,104,23,69,17998.828125,0.25062841176986694,0.38030195236206055,0.36745625734329224,0.2674902379512787,0.09996604919433594,190,14,0,354,1,15,12,3,0.23979591836734693,0.0005377927445806563,0.24302928149700165,0.09076026827096939,0.0,0.0,0.026258522644639015,0.0016133782919496298,0.07247363775968552,0.03566126525402069,0.0,0.024460917338728905,0.06923211365938187,0.017123540863394737,0.06328027695417404,0.019799120724201202,0.017041238024830818,0.08292480558156967,0.0010714984964579344,0.05931730940937996,0.17541499435901642,1,200,1.6727461759820885,110,23,67,17621.1328125,0.16362828016281128,0.26103606820106506,0.573504626750946,0.23246611654758453,0.3410384953022003,201,15,0,256,-8,13,20,-7,0.23,0.19957737624645233,0.0,0.03318764641880989,,0.0018310662126168609,0.031356003135442734,0.0010986397974193096,0.026067359372973442,0.0376228503882885,0.00018310663290321827,0.03288876265287399,0.04138009622693062,0.03035281039774418,0.0483359731733799,0.028292715549468994,0.0883178785443306,0.2527206242084503,0.04137735068798065,0.0018227172549813986,0.1035870611667633,-4,-0.006269033133142754,-6,0,2,377.6953125,0.08700013160705566,0.11926588416099548,-0.2060483694076538,-11,-1,0,98,9,10,0.009795918367346917
g16495.t1,A0ABP9WZX0,0.9515,39.8,1,293,2.376564677465417,131,44,118,32126.3515625,0.23843830823898315,0.29863980412483215,0.42511677742004395,0.34116047620773315,0.08395633101463318,269,31,4,17,3,24,15,9,0.25597269624573377,0.03632240742444992,0.15753690898418427,0.014864086173474789,0.005610366351902485,0.0,0.01718028448522091,0.03780509904026985,0.03214188665151596,0.050992004573345184,0.03914826363325119,0.1836235672235489,0.10564696788787842,0.044070515781641006,0.015959691256284714,0.048291705548763275,0.0343913659453392,0.049564965069293976,0.010935749858617783,0.0702160969376564,0.045698054134845734,1,261,1.9335927090390506,137,46,78,21816.578125,0.16836422681808472,0.24211570620536804,0.5695054531097412,0.34793180227279663,0.2215736359357834,248,23,0,12,-4,18,16,2,0.21455938697318008,0.23349356651306152,0.02126305364072323,0.0038452500011771917,0.0011944938451051712,0.02001463621854782,0.031870052218437195,0.0,0.013289786875247955,0.022625254467129707,0.00838276743888855,0.11443821340799332,0.06778478622436523,0.07575906813144684,0.020557299256324768,0.01829121820628643,0.02356390655040741,0.19800974428653717,0.004130923189222813,0.08755967020988464,0.03392631188035011,32,0.44297196842636666,-6,-2,40,10309.7734375,0.07007408142089844,0.05652409791946411,-0.14438867568969727,21,8,4,5,7,7,0.04141330927255368
g10910.t1,A0ABP9WXD1,0.9504,36.4,1,353,2.0973131337787545,97,98,158,24941.53515625,0.21020451188087463,0.0971151813864708,0.6702383756637573,0.4509773850440979,0.21926099061965942,322,27,18,158,-4,27,24,3,0.19830028328611898,0.048811253160238266,0.2835428714752197,0.050486691296100616,0.0,0.0,0.007179520092904568,0.022441957145929337,0.02361469529569149,0.05360740050673485,0.018628470599651337,0.1674344837665558,0.011291055008769035,0.002401886275038123,0.0023256095591932535,0.0139326062053442,0.10738832503557205,0.11187265068292618,0.0049040489830076694,0.031441036611795425,0.038695402443408966,1,337,2.039164934072607,104,96,137,22629.025390625,0.2901572287082672,0.29397621750831604,0.3843728303909302,0.2238316833972931,0.1605411022901535,328,31,5,109,-2,19,16,3,0.20178041543026706,0.0579189658164978,0.014968113042414188,0.07711216807365417,0.0,0.03149376064538956,0.03688206523656845,0.0,0.03004630096256733,0.032492734491825104,0.023241257295012474,0.16591273248195648,0.17319631576538086,0.009484889917075634,0.0004277532279957086,0.0,0.04042302817106247,0.12011808902025223,0.0687694102525711,0.073145791888237,0.04436662793159485,16,0.05814819970614771,-7,2,21,2312.509765625,-0.07995271682739258,-0.19686103612184525,0.28586554527282715,-6,-4,13,49,-2,0,-0.0034801321441480793
g7479.t1,A0ABP9WVI4,0.9494,36.5,1,196,1.6664771428489458,104,23,69,17998.828125,0.25062841176986694,0.38030195236206055,0.36745625734329224,0.2674902379512787,0.09996604919433594,190,14,0,354,1,15,12,3,0.23979591836734693,0.0005377927445806563,0.24302928149700165,0.09076026827096939,0.0,0.0,0.026258522644639015,0.0016133782919496298,0.07247363775968552,0.03566126525402069,0.0,0.024460917338728905,0.06923211365938187,0.017123540863394737,0.06328027695417404,0.019799120724201202,0.017041238024830818,0.08292480558156967,0.0010714984964579344,0.05931730940937996,0.17541499435901642,1,255,1.9869728554420216,118,25,112,25199.732421875,0.29095420241355896,0.25081321597099304,0.45491090416908264,0.3955194056034088,0.05939144268631935,218,14,0,317,6,18,7,11,0.2235294117647059,0.24774481356143951,0.01955200545489788,0.025863859802484512,,0.003321706783026457,0.04218442738056183,0.02341652475297451,0.026416080072522163,0.0766153559088707,0.030286841094493866,0.1477746218442917,0.025911929085850716,0.0748816430568695,0.021382499486207962,0.010239792987704277,0.027057992294430733,0.032333455979824066,0.03997069224715233,0.0538664385676384,0.0711793527007103,-59,-0.32049571259307585,-14,-2,-43,-7200.904296875,-0.04032579064369202,0.1294887363910675,-0.0874546468257904,-28,0,0,37,-5,-8,0.016266506602641034
g12824.t1,A0ABP9WVJ1,0.9475,40.1,1,371,2.1629910435633306,106,96,169,24156.80859375,0.18226252496242523,0.3183317482471466,0.46378257870674133,0.2555941045284271,0.2081885039806366,378,44,16,389,-10,21,18,3,0.1778975741239892,0.017321044579148293,0.11014549434185028,0.08488409221172333,0.011902373284101486,0.0,0.044702570885419846,0.035623207688331604,0.03277131915092468,0.0,0.003184285946190357,0.14544859528541565,0.05002506077289581,0.032197464257478714,0.05507171154022217,0.012982543557882309,0.07114037871360779,0.13704811036586761,0.015205292031168938,0.0065961191430687904,0.13375042378902435,1,387,2.104454392439529,115,97,175,24256.119140625,0.2816444933414459,0.29226067662239075,0.4111020565032959,0.2176923304796219,0.19340971112251282,383,54,13,236,-12,18,19,-1,0.18604651162790697,0.11559627205133438,0.027074985206127167,0.04200354218482971,0.0,0.014992783777415752,0.05426798760890961,0.008214347995817661,0.04870222136378288,0.0719166025519371,0.03502020984888077,0.10209604352712631,0.054819270968437195,0.06026501953601837,0.0050547560676932335,0.029193371534347534,0.0821315348148346,0.11127817630767822,0.04439748451113701,0.04796255752444267,0.04501282051205635,-16,0.058536651123801686,-9,-1,-6,-99.310546875,-0.09938196837902069,0.02607107162475586,0.052680522203445435,-5,-10,3,153,2,4,-0.008148937503917764
g16310.t1,A0ABP9X2J4,0.9457,44.8,1,435,2.320556812092378,166,89,180,30792.310546875,0.1490073800086975,0.3049319386482239,0.5047375559806824,0.28843241930007935,0.21630510687828064,403,44,11,74,4,24,17,7,0.18620689655172415,0.014326762408018112,0.20450274646282196,0.041468244045972824,0.0,0.009568474255502224,0.021323151886463165,0.04132314398884773,0.048811379820108414,0.04029974713921547,0.008592300117015839,0.08392966538667679,0.15040434896945953,0.021403977647423744,0.004381823353469372,0.03864015266299248,0.05485822260379791,0.16144688427448273,0.016748085618019104,0.013621940277516842,0.02434893697500229,1,392,2.0369612526472625,153,92,147,24796.4453125,0.22818276286125183,0.25238215923309326,0.5032307505607605,0.3448328971862793,0.1583978831768036,378,40,6,27,-3,29,21,8,0.16581632653061223,0.17264099419116974,0.0008900833199732006,0.03294401615858078,0.0,0.01620429940521717,0.07020628452301025,0.02891312539577484,0.0037319862749427557,0.02410801127552986,0.03083578683435917,0.17219190299510956,0.06300953030586243,0.02932947315275669,0.00554775120690465,0.00929713062942028,0.045661237090826035,0.11273664981126785,0.07425907999277115,0.030684897676110268,0.07680775970220566,43,0.2835955594451156,13,-3,33,5995.865234375,-0.07917538285255432,0.052549779415130615,0.001506805419921875,25,4,5,47,7,-1,0.020390570021111915
g11365.t1,A0ABP9X2U9,0.945,38.9,1,120,2.1025773968364163,9,39,72,21296.087890625,0.2499450445175171,0.2351689487695694,0.5148860216140747,0.3345035910606384,0.18038244545459747,67,7,0,30,2,17,11,6,0.4,0.020150678232312202,0.26940178871154785,0.03469552844762802,0.0,0.0,0.025246908888220787,,0.015112890861928463,0.06990508735179901,0.028180649504065514,0.06510178744792938,0.0,0.12218204140663147,0.007120917085558176,0.039049871265888214,0.061022717505693436,0.11935973167419434,0.004052743781358004,0.0858394205570221,0.033577241003513336,1,100,1.5716401001991789,3,39,58,15794.1533203125,0.20413918793201447,0.2968091368675232,0.49905169010162354,0.27576300501823425,0.22328871488571167,63,19,0,13,-2,12,9,3,0.33,0.196833074092865,0.002836736151948571,0.01736442558467388,,,0.06520511209964752,,0.043712202459573746,0.053222693502902985,0.0016342990566045046,0.07892989367246628,0.055943507701158524,0.03127331659197807,0.022675899788737297,0.042318809777498245,0.18476015329360962,0.03852858021855354,0.005924333818256855,0.10048080235719681,0.05835616961121559,20,0.5309372966372374,6,0,14,5501.9345703125,0.045805856585502625,-0.061640188097953796,0.015834331512451172,4,-12,0,17,4,3,0.07
g19156.t1,A0ABP9WZN1,0.9416,48.3,1,381,2.062407351011316,109,136,136,24245.626953125,0.1352640837430954,0.20558859407901764,0.6202356219291687,0.3969697058200836,0.22326594591140747,374,49,0,518,-7,24,20,4,0.18635170603674542,0.030395852401852608,0.30571624636650085,0.06574025750160217,0.0,0.0,0.016576619818806648,0.03891170024871826,0.013041590340435505,0.004888872150331736,0.0030607813969254494,0.09125346690416336,0.06985730677843094,0.028928134590387344,0.00026615490787662566,0.01851775124669075,0.09340459108352661,0.12986132502555847,0.025189829990267754,0.005722330417484045,0.05866719037294388,1,373,2.085124312479725,97,125,151,25952.744140625,0.16530105471611023,0.250333309173584,0.5427724719047546,0.2878741919994354,0.25489822030067444,349,50,0,416,-8,25,26,-1,0.18230563002680966,0.1460230052471161,0.006563656963407993,0.016625389456748962,,0.041593145579099655,0.04367014020681381,0.010070235468447208,0.07284979522228241,0.08747547119855881,0.0,0.14185120165348053,0.05936101824045181,0.011363714933395386,0.0,0.00899872649461031,0.13291028141975403,0.1219879612326622,0.03378981351852417,0.010776497423648834,0.054089900106191635,8,-0.02271696146840929,12,11,-15,-1707.1171875,-0.03003697097301483,-0.044744715094566345,0.07746315002441406,25,-1,0,102,1,5,0.004046076009935756
g8455.t1,A0ABP9WSR2,0.94,36.0,1,81,1.473097812659034,27,16,38,15193.8056640625,0.3363012671470642,0.15136954188346863,0.41113877296447754,0.35324063897132874,0.0578981451690197,62,3,0,0,11,12,4,8,0.3950617283950617,0.0027461466379463673,0.21563172340393066,0.035464007407426834,0.0,,0.0,0.10119032114744186,0.019077783450484276,0.12421087175607681,0.04003908112645149,0.13760890066623688,0.0392548032104969,0.024487106129527092,0.0,0.0037837359122931957,0.0026977320667356253,0.05520041286945343,0.0029536643996834755,0.1308874785900116,0.06476611644029617,1,64,1.236248692819693,18,17,29,12452.9765625,0.2523798942565918,0.19356298446655273,0.552502453327179,0.4357576370239258,0.11674484610557556,54,3,0,0,5,11,5,6,0.46875,0.31680554151535034,0.03494283929467201,0.054151568561792374,,0.001554590417072177,0.03367525711655617,,0.060080479830503464,0.04229835420846939,0.04430582374334335,0.11895210295915604,0.03914667293429375,0.02722224034368992,0.04223303496837616,0.004922869615256786,0.01038084551692009,0.10636399686336517,0.023825237527489662,0.010623034089803696,0.02851545810699463,17,0.23684911983934098,9,-1,9,2740.8291015625,0.08392137289047241,-0.042193442583084106,-0.14136368036270142,8,0,0,0,6,2,-0.0736882716049383
g1259.t1,A0ABP9WWV4,0.9393,33.6,1,191,1.5445783784625133,66,46,79,17340.41796875,0.2100527137517929,0.3317936956882477,0.4260016083717346,0.2959679961204529,0.13003356754779816,170,18,2,69,0,16,10,6,0.2094240837696335,0.0007273148512467742,0.24300743639469147,0.029432548210024834,0.0,0.00037214168696664274,0.031770866364240646,0.03215193375945091,0.013815322890877724,0.1461212933063507,0.0,0.05296057462692261,0.17854464054107666,0.019972046837210655,0.006136095616966486,0.00037214168696664274,0.07866029441356659,0.05137326568365097,0.00018182871281169355,0.027081498876214027,0.08731868863105774,1,186,1.5047400297737246,70,47,69,16484.423828125,0.12177573144435883,0.34180137515068054,0.5227022767066956,0.32284560799598694,0.1998567283153534,179,14,0,27,-4,14,17,-3,0.24731182795698925,0.2134856879711151,0.003131728619337082,0.007633588742464781,0.0,0.0137206194922328,0.0419468879699707,0.013541256077587605,0.039990782737731934,0.05953710526227951,0.0,0.10935990512371063,0.1341545283794403,0.026717253029346466,0.0,0.010733465664088726,0.06847934424877167,0.13137736916542053,0.023265456780791283,0.01466658990830183,0.08825846016407013,5,0.03983834868878877,-4,-1,10,855.994140625,0.08827698230743408,-0.010007679462432861,-0.09670066833496094,-9,4,2,42,4,9,-0.03788774418735574
g7761.t1,A0ABP9X589,0.9334,48.4,1,590,3.21443410175121,293,95,202,49414.30859375,0.325496643781662,0.19474786520004272,0.4579184353351593,0.2878328859806061,0.17008554935455322,524,68,6,52,0,40,35,5,0.21016949152542372,0.012247323989868164,0.14909742772579193,0.00992496032267809,0.0003917747235391289,0.0,0.02675754390656948,0.02183704823255539,0.039918314665555954,0.09578991681337357,0.011352774687111378,0.13873544335365295,0.04665030166506767,0.026265747845172882,0.08167893439531326,0.029002217575907707,0.05324642360210419,0.11683914065361023,0.049243293702602386,0.06525944918394089,0.025761956349015236,1,547,2.7112953641328637,290,97,160,36466.90625,0.31372734904289246,0.19571439921855927,0.4905582666397095,0.23232699930667877,0.2582312822341919,512,100,0,53,-18,34,37,-3,0.19195612431444242,0.12305086106061935,0.025481881573796272,0.028401680290699005,,0.0,0.04602488875389099,,0.047622647136449814,0.08138579875230789,0.009800693020224571,0.10927613079547882,0.058692220598459244,0.020787639543414116,0.096371591091156,0.0008666329085826874,0.1033218577504158,0.1549094170331955,0.05308586359024048,0.019199887290596962,0.021720370277762413,43,0.5031387376183463,3,-2,42,12947.40234375,0.011769294738769531,-0.0009665340185165405,-0.03263983130455017,12,-32,6,-1,18,8,0.018213367210981296
g11355.t1,A0ABP9X4E6,0.9283,26.1,1,220,1.9654968528649903,71,52,97,21077.068359375,0.1808115839958191,0.2630024552345276,0.5548344254493713,0.38975587487220764,0.1650785505771637,198,26,3,112,3,21,14,7,0.24545454545454545,0.001530832494609058,0.3454539477825165,0.08545439690351486,0.0071318200789391994,0.0,0.004129758104681969,0.0013515488244593143,0.05743618682026863,0.07759951055049896,0.0,0.04430197551846504,0.06190674751996994,0.023420779034495354,0.0,0.041010912507772446,0.11149974912405014,0.05357879400253296,0.013777492567896843,0.0024493320379406214,0.06796625256538391,1,151,1.4079701296899807,43,40,68,14725.9228515625,0.29559388756752014,0.3204631209373474,0.3439815640449524,0.1240379735827446,0.2199435830116272,148,16,0,94,-7,9,14,-5,0.26490066225165565,0.059336915612220764,0.005228585563600063,0.060626886785030365,0.0,0.03996143490076065,0.04012441262602806,0.04991879314184189,0.033935852348804474,0.07643264532089233,0.0028483853675425053,0.06470105797052383,0.18453291058540344,0.002783446339890361,0.011950953863561153,0.028566710650920868,0.08380742371082306,0.13613617420196533,0.03956837207078934,0.049019232392311096,0.030519798398017883,69,0.5575267231750096,28,12,29,6351.1455078125,-0.11478230357170105,-0.057460665702819824,0.21085286140441895,50,10,3,18,10,12,-0.019446116797110197
g9539.t1,A0ABP9X1Z8,0.9246,30.1,1,202,1.8343617880113237,107,16,79,21400.287109375,0.2422642707824707,0.2093578577041626,0.5368098616600037,0.4707939624786377,0.06601585447788239,171,16,0,41,17,25,9,16,0.2376237623762376,0.004372363910079002,0.2071748822927475,0.0,0.0,0.0,0.037671223282814026,0.011568048037588596,0.0010553982574492693,0.06891179084777832,0.10553981363773346,0.263619065284729,0.049073342233896255,0.05053596943616867,0.003316965652629733,0.007397626992315054,0.03802243620157242,0.027993427589535713,0.04040667414665222,0.019716648384928703,0.063624307513237,1,157,1.8065839595274673,96,16,45,18935.4765625,0.15453481674194336,0.28529518842697144,0.511088490486145,0.44131994247436523,0.06976857036352158,141,15,0,32,15,21,7,14,0.29936305732484075,0.08584658056497574,0.000851984485052526,0.032126784324645996,,0.049081481993198395,0.0695536881685257,0.0,0.02604352869093418,0.04096275568008423,0.03245256841182709,0.3554733097553253,0.023873144760727882,0.07008376717567444,0.024877944961190224,0.010989799164235592,0.0039962902665138245,0.06577228754758835,0.023262793198227882,0.0,0.08475124090909958,45,0.02777782848385635,11,0,34,2464.810546875,0.08772945404052734,-0.07593733072280884,0.025721371173858643,30,1,0,9,2,2,-0.06173929494860314
g10910.t1,A0ABP9X180,0.9211,44.2,1,353,2.0973131337787545,97,98,158,24941.53515625,0.21020451188087463,0.0971151813864708,0.6702383756637573,0.4509773850440979,0.21926099061965942,322,27,18,158,-4,27,24,3,0.19830028328611898,0.048811253160238266,0.2835428714752197,0.050486691296100616,0.0,0.0,0.007179520092904568,0.022441957145929337,0.02361469529569149,0.05360740050673485,0.018628470599651337,0.1674344837665558,0.011291055008769035,0.002401886275038123,0.0023256095591932535,0.0139326062053442,0.10738832503557205,0.11187265068292618,0.0049040489830076694,0.031441036611795425,0.038695402443408966,1,341,2.0298227876472845,98,100,143,22944.19921875,0.16507843136787415,0.14682698249816895,0.6778396368026733,0.22383789718151093,0.4540017545223236,347,36,3,84,-20,17,29,-12,0.187683284457478,0.14518414437770844,0.010968811810016632,0.02629702351987362,0.0,0.010254986584186554,0.016896001994609833,0.0,0.027332259342074394,0.05806991457939148,0.0,0.07865376025438309,0.03389248624444008,0.01664702408015728,0.0005625031772069633,0.012962340377271175,0.14691220223903656,0.30708953738212585,0.014940720051527023,0.054239436984062195,0.03909686952829361,12,0.06749034613146998,-1,-2,15,1997.3359375,0.04512608051300049,-0.04971180111169815,-0.007601261138916016,-25,-9,15,74,16,15,0.010616998828640978
g14210.t1,A0ABP9WU48,0.9211,27.7,1,118,1.8469997613887725,98,0,20,17653.09375,0.30991774797439575,0.19816656410694122,0.4142962694168091,0.2650167942047119,0.14927944540977478,121,14,2,49,-6,12,13,-1,0.3813559322033898,0.0,0.12714144587516785,0.025040190666913986,0.03294973447918892,0.027233490720391273,0.005292144138365984,0.07761948555707932,0.04039689525961876,0.11380001157522202,0.06068133935332298,0.13787534832954407,0.06024277210235596,0.019647466018795967,0.008773205801844597,0.026392905041575432,0.03238224238157272,0.11689721047878265,0.04313492774963379,0.031254544854164124,0.013244648464024067,1,164,1.72786379475342,127,0,37,16805.498046875,0.3021129369735718,0.25842294096946716,0.3401475250720978,0.1558469980955124,0.1843005269765854,185,15,0,162,-14,6,13,-7,0.2621951219512195,0.07354138046503067,0.015359479002654552,0.043198537081480026,,0.09931667149066925,0.007059987634420395,0.002495915163308382,0.006025608628988266,0.08673124760389328,0.0341748408973217,0.08230561017990112,0.0817728340625763,0.042520079761743546,0.024959152564406395,0.01782792992889881,0.08951050788164139,0.0947900116443634,0.06505515426397324,0.03013860061764717,0.1032165139913559,-46,0.11913596663535264,-29,0,-17,847.595703125,0.007804811000823975,-0.06025637686252594,0.0741487443447113,-64,-1,2,-113,8,6,0.11916081025217029
g13230.t2,A0ABP9X0C3,0.9082,46.6,1,664,3.112250189716827,257,172,235,43306.078125,0.14197281002998352,0.23163534700870514,0.5955191254615784,0.31732073426246643,0.2781984508037567,610,91,0,275,-16,46,44,2,0.17620481927710843,0.00886616948992014,0.2151007056236267,0.04040049761533737,0.0,0.012516943737864494,0.047905333340168,0.030872728675603867,0.02919507771730423,0.029208898544311523,0.006630999967455864,0.10222001373767853,0.04241646081209183,0.027041207998991013,0.006705505773425102,0.03483595326542854,0.05534714087843895,0.22285126149654388,0.02624952606856823,0.011394263245165348,0.050241317600011826,1,626,3.0527431840615606,255,174,197,41018.2421875,0.23558996617794037,0.24960176646709442,0.5117688775062561,0.2646542191505432,0.2471146434545517,586,71,0,62,-21,39,42,-3,0.20607028753993611,0.1926385909318924,0.03198464214801788,0.048399243503808975,,0.0030393667984753847,0.03837037459015846,0.0,0.033666275441646576,0.03121437132358551,0.0030677886679768562,0.0720156580209732,0.05590525269508362,0.05407213419675827,0.023834358900785446,0.005788405425846577,0.1436091959476471,0.10350543260574341,0.09129374474287033,0.005795825272798538,0.061799317598342896,38,0.059507005655266454,2,-2,38,2287.8359375,-0.09361715614795685,-0.017966419458389282,0.08375024795532227,24,20,0,213,5,5,-0.029865468262827682
g11863.t1,A0ABP9WW76,0.9053,25.6,1,496,2.5830976233896292,203,85,208,33827.1171875,0.3025849461555481,0.24902601540088654,0.41083383560180664,0.21288159489631653,0.19795222580432892,431,59,6,400,-10,26,26,0,0.1935483870967742,0.002148152096197009,0.12929268181324005,0.06177366524934769,0.006955370772629976,0.03778368607163429,0.006485773250460625,0.03755522891879082,0.04282873496413231,0.05773934721946716,0.009156809188425541,0.08358890563249588,0.07619676738977432,0.032639503479003906,0.04060506820678711,0.000858450832311064,0.11011254042387009,0.08783968538045883,0.010492176748812199,0.08288602530956268,0.08306139707565308,1,422,2.2723686771648333,209,83,130,24913.48046875,0.19030548632144928,0.23481649160385132,0.48762235045433044,0.15549229085445404,0.3321300446987152,440,67,1,250,-19,18,31,-13,0.1966824644549763,0.10945432633161545,0.010684376582503319,0.054770536720752716,0.0,0.08725564181804657,0.02278074063360691,0.0008893302292563021,0.0647365003824234,0.03279542177915573,0.01758679375052452,0.04603799059987068,0.04715725779533386,0.030642874538898468,0.005050892010331154,0.019987620413303375,0.05963217094540596,0.27249789237976074,0.04438947141170502,0.02413865737617016,0.04951150342822075,74,0.31072894622479597,-6,2,78,8913.63671875,0.11227945983409882,0.014209523797035217,-0.0767885148525238,-9,-8,5,150,9,13,-0.0031340773582021197
g8272.t1,A0ABP9WVE7,0.9011,28.5,1,105,1.2689113732412907,42,29,34,12866.880859375,0.22228989005088806,0.17020253837108612,0.606504499912262,0.36402755975723267,0.24247688055038452,94,11,1,102,-2,14,12,2,0.3523809523809524,0.0,0.36402755975723267,0.0599096454679966,0.0,0.04448729380965233,0.01902945339679718,0.0010030546691268682,0.0944204181432724,0.06749023497104645,0.005636072717607021,,0.015299538150429726,0.0,0.031094692647457123,0.0,0.014024828560650349,0.22845207154750824,0.013671944849193096,0.0,0.04145314171910286,1,238,1.9773151694780398,76,56,106,19649.732421875,0.2200324684381485,0.4007631242275238,0.3783833980560303,0.29503175616264343,0.08335166424512863,195,16,1,58,3,17,10,7,0.24369747899159663,0.1683647334575653,0.00786625873297453,0.10459734499454498,0.0,0.0008210153901018202,0.008388816379010677,0.027194691821932793,0.061205532401800156,0.01955695077776909,0.01428566686809063,0.12666699290275574,0.2048598825931549,0.06306637823581696,0.0001642030692892149,0.0,0.007571544498205185,0.07578011602163315,0.03684358298778534,0.009523777291178703,0.06324251741170883,-133,-0.7084037962367491,-34,-27,-72,-6782.8515625,0.002257421612739563,-0.23056058585643768,0.2281211018562317,-101,-5,0,44,-5,-5,0.10868347338935577
g8272.t1,A0ABP9WX61,0.898,21.9,1,105,1.2689113732412907,42,29,34,12866.880859375,0.22228989005088806,0.17020253837108612,0.606504499912262,0.36402755975723267,0.24247688055038452,94,11,1,102,-2,14,12,2,0.3523809523809524,0.0,0.36402755975723267,0.0599096454679966,0.0,0.04448729380965233,0.01902945339679718,0.0010030546691268682,0.0944204181432724,0.06749023497104645,0.005636072717607021,,0.015299538150429726,0.0,0.031094692647457123,0.0,0.014024828560650349,0.22845207154750824,0.013671944849193096,0.0,0.04145314171910286,1,113,1.3223348819517031,38,29,46,13775.84765625,0.2898366153240204,0.28675565123558044,0.36640664935112,0.2647154927253723,0.10169116407632828,93,14,1,68,-3,9,7,2,0.3185840707964602,0.029953885823488235,0.06098662689328194,0.01850319281220436,0.0,0.05700117349624634,0.0355401411652565,0.034425534307956696,0.02880803309381008,0.12082744389772415,0.006542073097079992,0.23476159572601318,0.18221960961818695,0.04018784686923027,0.0,0.0,0.03318728506565094,0.06850388646125793,0.046949584037065506,0.0016021447954699397,0.0,-8,-0.05342350871041246,4,0,-12,-908.966796875,-0.06754672527313232,-0.11655311286449432,0.24009785056114197,1,-3,0,34,1,0,0.03379688158449223
g11863.t1,A0ABP9WZ19,0.8929,23.2,1,496,2.5830976233896292,203,85,208,33827.1171875,0.3025849461555481,0.24902601540088654,0.41083383560180664,0.21288159489631653,0.19795222580432892,431,59,6,400,-10,26,26,0,0.1935483870967742,0.002148152096197009,0.12929268181324005,0.06177366524934769,0.006955370772629976,0.03778368607163429,0.006485773250460625,0.03755522891879082,0.04282873496413231,0.05773934721946716,0.009156809188425541,0.08358890563249588,0.07619676738977432,0.032639503479003906,0.04060506820678711,0.000858450832311064,0.11011254042387009,0.08783968538045883,0.010492176748812199,0.08288602530956268,0.08306139707565308,1,876,2.6670366019252687,402,160,314,32809.03125,0.20244678854942322,0.2871474623680115,0.49397116899490356,0.19293637573719025,0.3010348081588745,875,118,0,690,-25,31,38,-7,0.1312785388127854,0.05568445846438408,0.013615898787975311,0.09166648983955383,0.0,0.01643453910946846,0.01385517604649067,0.0,0.08669265359640121,0.017704296857118607,0.0,0.13725191354751587,0.08120810240507126,0.07038693130016327,0.0,0.0020248503424227238,0.09356503188610077,0.20746979117393494,0.0656183660030365,0.013841734267771244,0.03297976031899452,-380,-0.08393897853563947,-199,-75,-106,1018.0859375,0.10013815760612488,-0.03812144696712494,-0.08313733339309692,-444,-59,6,-290,15,7,0.06226984828398879
g17606.t1,A0ABP9X755,0.8898,19.4,1,220,3.2206613397347494,23,66,131,42491.59375,0.2324582040309906,0.5142225623130798,0.25278764963150024,0.21854369342327118,0.034243978559970856,116,14,0,0,12,22,9,13,0.4636363636363636,0.02923944965004921,0.05519092082977295,0.04303468391299248,,0.001497014774940908,0.025672204792499542,0.0005315362941473722,0.005662139505147934,0.019581550732254982,0.0644838735461235,0.16335275769233704,0.39679691195487976,0.055955126881599426,0.02739996463060379,0.00029681032174266875,0.011035649105906487,0.023208335041999817,0.014503346756100655,0.032718315720558167,0.029839392751455307,1,118,1.7045486067749258,10,66,42,19183.20703125,0.23168757557868958,0.2756078243255615,0.4751604497432709,0.20523907244205475,0.2699214220046997,91,9,1,0,-1,10,10,0,0.3559322033898305,0.03401833772659302,0.03767929971218109,0.016987837851047516,0.0,0.01754414476454258,0.04459856078028679,0.012049367651343346,0.006960713304579258,0.08546126633882523,0.0,0.17122073471546173,0.12716007232666016,0.019887775182724,0.009250801056623459,,0.03916028141975403,0.23076114058494568,0.059009041637182236,0.011249984614551067,0.0770006999373436,102,1.5161127329598236,13,0,89,23308.38671875,0.0007706284523010254,0.2386147379875183,-0.22237280011177063,25,5,-1,0,13,13,0.10770416024653312
g1082.t1,A0ABP9WSQ2,0.8876,22.4,1,185,2.5258546201278564,48,43,94,28348.470703125,0.16636575758457184,0.08881130814552307,0.6678089499473572,0.5551813840866089,0.11262751370668411,138,15,8,11,23,31,10,21,0.31891891891891894,0.005121778231114149,0.3513188362121582,0.045299284160137177,0.0,0.00022763459128327668,0.02441323734819889,0.07701397687196732,0.01699439249932766,0.04393208399415016,0.021819185465574265,0.20386257767677307,0.0037957660388201475,0.011606411077082157,0.021511467173695564,0.02787378802895546,0.002452083397656679,0.11017542332410812,0.02845432236790657,0.0,0.0041277119889855385,1,113,1.761422366013726,38,39,36,16863.978515625,0.20846115052700043,0.22514910995960236,0.5146157145500183,0.37897396087646484,0.13564173877239227,87,10,0,0,9,18,7,11,0.3893805309734513,0.09485001862049103,0.0026698638685047626,0.06655150651931763,,0.05177401751279831,0.02954101748764515,,0.0030612433329224586,0.05377481132745743,0.0,0.2841239273548126,0.09583985060453415,0.0019089150009676814,0.0,0.07737191766500473,0.0228359904140234,0.11280576884746552,0.018902184441685677,0.06656278669834137,0.017426159232854843,72,0.7644322541141304,10,4,58,11484.4921875,-0.04209539294242859,-0.13633780181407928,0.15319323539733887,51,5,8,11,14,10,-0.07046161205453239
g17606.t1,A0ABP9WVV8,0.8861,38.4,1,220,3.2206613397347494,23,66,131,42491.59375,0.2324582040309906,0.5142225623130798,0.25278764963150024,0.21854369342327118,0.034243978559970856,116,14,0,0,12,22,9,13,0.4636363636363636,0.02923944965004921,0.05519092082977295,0.04303468391299248,,0.001497014774940908,0.025672204792499542,0.0005315362941473722,0.005662139505147934,0.019581550732254982,0.0644838735461235,0.16335275769233704,0.39679691195487976,0.055955126881599426,0.02739996463060379,0.00029681032174266875,0.011035649105906487,0.023208335041999817,0.014503346756100655,0.032718315720558167,0.029839392751455307,1,166,2.829448801917023,13,66,87,33012.765625,0.18924061954021454,0.4417276382446289,0.36903178691864014,0.2141444832086563,0.15488728880882263,100,16,0,27,-3,15,17,-2,0.41566265060240964,0.07396932691335678,0.0,0.051366355270147324,0.0,,0.04140045866370201,0.0028911998961120844,0.003400716930627823,0.0544489361345768,0.009969105012714863,0.14017516374588013,0.1640131175518036,0.0607144795358181,0.04394761472940445,0.06797877699136734,0.1287180781364441,0.02616921439766884,0.02417398989200592,0.0024434078950434923,0.10422012209892273,54,0.39121253781772625,10,0,44,9478.828125,0.04321758449077606,0.07249492406845093,-0.11624413728713989,16,-2,0,-27,15,15,0.04797371303395398
g16310.t1,A0ABP9X6V7,0.8794,35.0,1,435,2.320556812092378,166,89,180,30792.310546875,0.1490073800086975,0.3049319386482239,0.5047375559806824,0.28843241930007935,0.21630510687828064,403,44,11,74,4,24,17,7,0.18620689655172415,0.014326762408018112,0.20450274646282196,0.041468244045972824,0.0,0.009568474255502224,0.021323151886463165,0.04132314398884773,0.048811379820108414,0.04029974713921547,0.008592300117015839,0.08392966538667679,0.15040434896945953,0.021403977647423744,0.004381823353469372,0.03864015266299248,0.05485822260379791,0.16144688427448273,0.016748085618019104,0.013621940277516842,0.02434893697500229,1,395,2.041631597044858,159,93,143,25449.359375,0.18819944560527802,0.2238142341375351,0.5681503415107727,0.371176540851593,0.1969737708568573,371,36,6,29,-4,22,17,5,0.1518987341772152,0.22236646711826324,0.00798443891108036,0.0005071320338174701,0.0,0.019835956394672394,0.03766781464219093,0.002384766936302185,0.006840500980615616,0.018676593899726868,0.014873680658638477,0.14881008863449097,0.05704528093338013,0.012534653767943382,0.03088880516588688,0.0120406998321414,0.10974685847759247,0.08722692728042603,0.05081816390156746,0.06206586956977844,0.09768529236316681,40,0.2789252150475199,7,-4,37,5342.951171875,-0.039192065596580505,0.08111770451068878,-0.06341278553009033,32,8,5,45,8,2,0.034308162374508955
g16603.t3,A0ABP9WX03,0.8739,32.0,1,727,4.248470445460001,258,135,334,68972.2109375,0.12098310887813568,0.2515506446361542,0.6217643618583679,0.27146828174591064,0.3502960801124573,681,142,5,454,-17,68,75,-7,0.24484181568088034,0.007380488328635693,0.23786909878253937,0.0175798237323761,0.0,0.009955148212611675,0.005680397152900696,0.005701863672584295,0.0527428574860096,0.031237225979566574,0.012993215583264828,0.03359919413924217,0.14714916050434113,0.0159141942858696,0.00893398653715849,0.014612728729844093,0.07144814729690552,0.27884796261787415,0.012165806256234646,0.020737426355481148,0.015451284125447273,1,624,3.716275748320889,263,119,242,45180.9921875,0.1832783818244934,0.2198963314294815,0.5678937435150146,0.15496203303337097,0.41293179988861084,570,81,0,412,-32,30,54,-24,0.1875,0.07021464407444,0.01349720824509859,0.02260235697031021,7.232642383314669e-05,0.028931498527526855,0.012116240337491035,0.004780650604516268,0.028521334752440453,0.074805349111557,0.008712482638657093,0.08474738895893097,0.12063110619783401,0.023955512791872025,0.019632281735539436,0.0004187140439171344,0.10693511366844177,0.3059966266155243,0.03513699397444725,0.004111065529286861,0.034181103110313416,103,0.5321946971391118,-5,16,92,23791.21875,-0.06229527294635773,0.03165431320667267,0.05387061834335327,111,61,5,42,15,17,0.05734181568088034
g12174.t1,A0ABP9X4X3,0.8715,32.6,1,225,1.6449461221056636,85,51,89,18509.83203125,0.20690254867076874,0.19965696334838867,0.5673162937164307,0.3810279667377472,0.18628837168216705,204,20,5,405,2,19,14,5,0.21333333333333335,0.0,0.3579534590244293,0.03529062122106552,0.00017431526794098318,0.0008715762523934245,0.022846128791570663,0.02612408436834812,0.040602441877126694,0.046176329255104065,0.0,0.023074496537446976,0.06349366903305054,0.020009396597743034,0.0005229457747191191,0.00017431526794098318,0.12056343257427216,0.06572496145963669,0.03040526993572712,0.09363581240177155,0.05235670506954193,1,324,2.2165939136913373,129,60,135,26743.41796875,0.26650676131248474,0.45927539467811584,0.2742178440093994,0.11169325560331345,0.16252458095550537,281,43,2,213,-11,13,16,-3,0.25617283950617287,0.0792577862739563,0.04902055859565735,0.0932500883936882,0.0,0.0,0.026294678449630737,0.0,0.2374599277973175,0.011479896493256092,0.0,0.03243546932935715,0.09023434668779373,0.042304761707782745,0.0,0.00024129648227244616,0.07029800117015839,0.09222658723592758,0.09610675275325775,0.016649456694722176,0.06274035573005676,-99,-0.5716477915856737,-44,-9,-46,-8233.5859375,-0.059604212641716,-0.2596184313297272,0.29309844970703125,-77,-23,3,192,13,8,-0.04283950617283952
g8228.t1,A0ABP9WSW6,0.8614,26.2,1,161,3.630897550666757,25,49,87,36981.6953125,0.2729588449001312,0.3226589858531952,0.3992345929145813,0.3055434823036194,0.0936911478638649,79,11,0,0,13,22,7,15,0.515527950310559,0.037072066217660904,0.250274121761322,0.13231752812862396,0.009640666656196117,0.004624097142368555,0.00600478844717145,0.005147579591721296,0.07763608545064926,0.05447894334793091,0.028850950300693512,0.055269330739974976,0.17603686451911926,0.05197444558143616,0.004013367462903261,0.0007673220825381577,0.013994247652590275,0.0796969011425972,0.009420698508620262,0.0021811779588460922,0.0005987857584841549,1,102,1.9216992554726424,25,48,29,17126.94921875,0.3699919879436493,0.19450466334819794,0.4332856237888336,0.33491018414497375,0.09837545454502106,82,12,0,16,4,14,6,8,0.38235294117647056,0.15336593985557556,0.012399381026625633,0.08389738947153091,,0.002217689296230674,0.009741137735545635,,0.00018409499898552895,0.10439331829547882,0.03717237338423729,0.181544229388237,0.11984540522098541,0.002782900119200349,0.06405260413885117,0.027979325503110886,0.06578204780817032,0.03259340301156044,0.050111740827560425,0.017965180799365044,0.033971793949604034,59,1.7091982951941147,0,1,58,19854.74609375,-0.09703314304351807,0.12815432250499725,-0.03405103087425232,-3,-1,0,-16,9,7,0.13317500913408842
g11355.t1,A0ABP9WUI0,0.86,21.8,1,220,1.9654968528649903,71,52,97,21077.068359375,0.1808115839958191,0.2630024552345276,0.5548344254493713,0.38975587487220764,0.1650785505771637,198,26,3,112,3,21,14,7,0.24545454545454545,0.001530832494609058,0.3454539477825165,0.08545439690351486,0.0071318200789391994,0.0,0.004129758104681969,0.0013515488244593143,0.05743618682026863,0.07759951055049896,0.0,0.04430197551846504,0.06190674751996994,0.023420779034495354,0.0,0.041010912507772446,0.11149974912405014,0.05357879400253296,0.013777492567896843,0.0024493320379406214,0.06796625256538391,1,155,1.4365378316696564,53,41,61,15496.31640625,0.31422683596611023,0.25062352418899536,0.35452112555503845,0.2114921659231186,0.14302895963191986,144,11,1,144,-1,9,7,2,0.2645161290322581,0.129825159907341,0.01520369853824377,0.0,0.0,0.08062858134508133,0.02170988917350769,,0.05489182472229004,0.09078283607959747,0.038103118538856506,0.08166699856519699,0.11922571808099747,0.007287481799721718,0.0,0.0,0.010386300273239613,0.13264265656471252,0.06802288442850113,0.10211428254842758,0.047508593648672104,65,0.5289590211953339,18,11,36,5580.751953125,-0.13341525197029114,0.012378931045532227,0.20031329989433289,54,15,2,-32,4,5,-0.01906158357771262
g999.t1,A0ABP9X4Q7,0.8552,18.5,1,328,2.8005023690056854,133,52,143,41512.59375,0.23915372788906097,0.44979628920555115,0.24699686467647552,0.1589481681585312,0.08804870396852493,272,23,0,33,1,20,20,0,0.3384146341463415,0.034564126282930374,0.11097613722085953,0.040777020156383514,0.0,0.0,0.008462254889309406,0.06405317783355713,0.07146458327770233,0.04344913735985756,0.04875582456588745,0.04797204211354256,0.10171866416931152,0.23430554568767548,0.00567388953641057,0.0,0.02415998838841915,0.06388870626688004,0.018030313774943352,0.04790341854095459,0.033845219761133194,1,389,3.893900404070466,150,119,120,34604.11328125,0.15453918278217316,0.4061497747898102,0.4312344789505005,0.1734897345304489,0.2577447295188904,369,36,1,209,-10,20,27,-7,0.2647814910025707,0.06934381276369095,0.007893658243119717,0.02172531560063362,0.0027385649736970663,0.008076575584709644,0.022371750324964523,0.015627440065145493,0.013623623177409172,0.019246147945523262,9.324169514002278e-05,0.10414590686559677,0.24203097820281982,0.06645531952381134,0.016876747831702232,0.01136427465826273,0.0871429592370987,0.17060178518295288,0.06163768097758293,0.011438967660069466,0.04756522923707962,-61,-1.0933980350647805,-17,-67,23,6908.48046875,0.08461454510688782,0.04364651441574097,-0.18423761427402496,-97,-13,-1,-176,11,7,0.07363314314377079
g906.t1,A0ABP9WY96,0.8547,28.4,1,885,3.0482095969791447,255,200,430,38557.953125,0.17850589752197266,0.461465060710907,0.3357546925544739,0.20882365107536316,0.12693101167678833,831,95,50,819,-13,26,22,4,0.14350282485875707,0.006490825675427914,0.12655186653137207,0.06835711747407913,0.0026984973810613155,0.01563073694705963,0.033295173197984695,0.024274324998259544,0.07128219306468964,0.012129584327340126,0.012301022186875343,0.0822717696428299,0.12008362263441086,0.06438387930393219,0.011045817285776138,0.009023870341479778,0.07760494202375412,0.04932607710361481,0.022870942950248718,0.02967984415590763,0.16069786250591278,1,749,2.8713309341925433,261,158,330,37048.09375,0.22657568752765656,0.30433252453804016,0.46770498156547546,0.1679752767086029,0.29972973465919495,727,94,1,381,-28,23,39,-16,0.15620827770360482,0.09704533219337463,0.0033074626699090004,0.028739674016833305,0.0,0.0013868272071704268,0.045445289462804794,0.0,0.040518224239349365,0.029214072972536087,0.026823949068784714,0.07092993706464767,0.08554865419864655,0.05690525472164154,0.019434861838817596,0.004959928337484598,0.0882563591003418,0.21147334575653076,0.09989967197179794,0.019155994057655334,0.07095514982938766,136,0.17687866278660147,-6,42,100,1509.859375,-0.0480697900056839,0.15713253617286682,-0.1319502890110016,104,1,49,438,15,20,-0.012705452844847753
g8272.t1,A0ABP9X2B6,0.8497,31.0,1,105,1.2689113732412907,42,29,34,12866.880859375,0.22228989005088806,0.17020253837108612,0.606504499912262,0.36402755975723267,0.24247688055038452,94,11,1,102,-2,14,12,2,0.3523809523809524,0.0,0.36402755975723267,0.0599096454679966,0.0,0.04448729380965233,0.01902945339679718,0.0010030546691268682,0.0944204181432724,0.06749023497104645,0.005636072717607021,,0.015299538150429726,0.0,0.031094692647457123,0.0,0.014024828560650349,0.22845207154750824,0.013671944849193096,0.0,0.04145314171910286,1,113,1.3069854045599865,44,27,42,13860.484375,0.382781445980072,0.21290139853954315,0.4043172001838684,0.18715249001979828,0.21716472506523132,93,8,1,59,-8,7,10,-3,0.30973451327433627,0.11954006552696228,0.012628169730305672,0.056567344814538956,0.0,,0.010316216386854649,0.03881711885333061,0.0,0.10978071391582489,0.0058196852914988995,0.067612424492836,0.14339140057563782,0.02158554457128048,0.0,0.0,0.077851302921772,0.13931341469287872,0.15591469407081604,0.003253716276958585,0.037608228623867035,-8,-0.0380740313186958,-2,2,-8,-993.603515625,-0.16049155592918396,-0.04269886016845703,0.20218729972839355,1,3,0,43,6,5,0.04264643910661614
g906.t1,A0ABP9X4Z5,0.8444,29.3,1,885,3.0482095969791447,255,200,430,38557.953125,0.17850589752197266,0.461465060710907,0.3357546925544739,0.20882365107536316,0.12693101167678833,831,95,50,819,-13,26,22,4,0.14350282485875707,0.006490825675427914,0.12655186653137207,0.06835711747407913,0.0026984973810613155,0.01563073694705963,0.033295173197984695,0.024274324998259544,0.07128219306468964,0.012129584327340126,0.012301022186875343,0.0822717696428299,0.12008362263441086,0.06438387930393219,0.011045817285776138,0.009023870341479778,0.07760494202375412,0.04932607710361481,0.022870942950248718,0.02967984415590763,0.16069786250591278,1,714,2.660907524188705,242,145,327,33881.0390625,0.22392401099205017,0.33817264437675476,0.42908230423927307,0.11012603342533112,0.31895628571510315,690,81,5,353,-31,16,40,-24,0.13865546218487396,0.050802405923604965,0.007235432509332895,0.03445834666490555,0.00414676871150732,0.008821030147373676,0.04112306982278824,0.012926146388053894,0.08143682032823563,0.01892644725739956,0.006856677122414112,0.059323620051145554,0.1355155110359192,0.04344771057367325,0.009328356012701988,0.00740388548001647,0.11035078763961792,0.20860551297664642,0.08583446592092514,0.04835812374949455,0.025098875164985657,171,0.38730207279043993,13,55,103,4676.9140625,-0.045418113470077515,0.12329241633415222,-0.0933276116847992,141,14,45,466,18,28,0.00484736267388311
g11355.t1,A0ABP9WUL2,0.8442,26.3,1,220,1.9654968528649903,71,52,97,21077.068359375,0.1808115839958191,0.2630024552345276,0.5548344254493713,0.38975587487220764,0.1650785505771637,198,26,3,112,3,21,14,7,0.24545454545454545,0.001530832494609058,0.3454539477825165,0.08545439690351486,0.0071318200789391994,0.0,0.004129758104681969,0.0013515488244593143,0.05743618682026863,0.07759951055049896,0.0,0.04430197551846504,0.06190674751996994,0.023420779034495354,0.0,0.041010912507772446,0.11149974912405014,0.05357879400253296,0.013777492567896843,0.0024493320379406214,0.06796625256538391,1,154,1.4688355157916093,51,49,54,15667.3779296875,0.12770232558250427,0.3429202139377594,0.5191627144813538,0.3195079565048218,0.1996547430753708,146,15,1,133,-4,13,12,1,0.2792207792207792,0.27010196447372437,0.014653990045189857,0.02903290092945099,0.0,0.01021477673202753,0.05105014517903328,0.0,0.029888885095715523,0.03069564886391163,0.006983193568885326,0.04940600320696831,0.051345691084861755,0.01704610325396061,0.002883165841922164,0.09168590605258942,0.08195377886295319,0.1177009716629982,0.02491879090666771,0.01853463612496853,0.10190346837043762,66,0.496661337073381,20,3,43,5409.6904296875,0.05310925841331482,-0.07991775870323181,0.03567171096801758,52,11,2,-21,7,6,-0.03376623376623375
g11518.t1,A0ABP9X7L3,0.8402,23.1,1,504,2.747106705455714,140,150,214,39000.6640625,0.17374926805496216,0.16099058091640472,0.6454048156738281,0.5154024362564087,0.13000236451625824,432,44,12,266,12,41,25,16,0.19246031746031747,0.0005791138391941786,0.4113657474517822,0.03959749639034271,0.0005865145358256996,0.0,0.03824875131249428,0.019855313003063202,0.03988640755414963,0.034762486815452576,0.0004963832907378674,0.10403674840927124,0.032898642122745514,0.02609654888510704,0.024240046739578247,0.0008178747957572341,0.019500738009810448,0.11050163954496384,0.03726432844996452,0.03680943697690964,0.022455858066678047,1,627,3.78432065557252,221,180,226,40102.6015625,0.21335887908935547,0.35293254256248474,0.4276901185512543,0.2578364610671997,0.16985364258289337,564,45,2,151,-5,27,27,0,0.18660287081339713,0.05282467603683472,0.0057124667800962925,0.049458712339401245,0.0,0.006018395535647869,0.028857726603746414,0.01062036119401455,0.04843060299754143,0.002819384913891554,0.006800348404794931,0.205011785030365,0.1719081848859787,0.03126335144042969,0.015286882407963276,0.008039720356464386,0.0547511912882328,0.11510244756937027,0.08868233114480972,0.033978402614593506,0.06443294137716293,-123,-1.037213950116806,-81,-30,-12,-1101.9375,-0.03960961103439331,-0.19194196164608002,0.21771469712257385,-132,-1,10,115,17,16,0.005857446646920339
g17606.t1,A0ABP9X2D4,0.8401,30.5,1,220,3.2206613397347494,23,66,131,42491.59375,0.2324582040309906,0.5142225623130798,0.25278764963150024,0.21854369342327118,0.034243978559970856,116,14,0,0,12,22,9,13,0.4636363636363636,0.02923944965004921,0.05519092082977295,0.04303468391299248,,0.001497014774940908,0.025672204792499542,0.0005315362941473722,0.005662139505147934,0.019581550732254982,0.0644838735461235,0.16335275769233704,0.39679691195487976,0.055955126881599426,0.02739996463060379,0.00029681032174266875,0.011035649105906487,0.023208335041999817,0.014503346756100655,0.032718315720558167,0.029839392751455307,1,119,1.736500432861818,10,67,42,19837.56640625,0.17796076834201813,0.24921466410160065,0.5724992752075195,0.2406640201807022,0.33183521032333374,89,15,1,10,-3,12,11,1,0.33613445378151263,0.14697790145874023,0.016098471358418465,0.028369728475809097,0.0,0.00032529656891711056,0.036864519119262695,0.004970956593751907,0.013484977185726166,0.06072693318128586,0.010897435247898102,0.09368613362312317,0.07293564826250076,0.05742611363530159,0.04502391070127487,0.02363860420882702,0.03310404717922211,0.29873111844062805,0.0030903175938874483,0.00878300704061985,0.04486478865146637,101,1.4841609068729313,13,-1,89,22654.02734375,0.05449743568897247,0.2650078982114792,-0.3197116255760193,27,-1,-1,-10,15,12,0.127501909854851
g8636.t1,A0ABP9X2V6,0.8361,20.7,1,257,1.8492381696623434,110,34,113,21964.2421875,0.27565115690231323,0.1656031757593155,0.518928587436676,0.2598102390766144,0.25911828875541687,247,30,5,101,1,17,20,-3,0.2178988326848249,0.008366599678993225,0.19603581726551056,0.055087484419345856,0.0,0.03091885894536972,0.0023503992706537247,0.03981710597872734,0.056615378707647324,0.11909449100494385,0.0,0.06377439945936203,0.05829489976167679,0.031322259455919266,0.0,0.0011751996353268623,0.07726766169071198,0.1818506419658661,0.026367852464318275,0.035815875977277756,0.015845034271478653,1,207,1.7116496791432927,89,37,81,18642.607421875,0.2016477733850479,0.40250009298324585,0.3733953535556793,0.23241707682609558,0.14097827672958374,200,21,3,116,-1,12,8,4,0.21739130434782608,0.02665584348142147,0.013845900073647499,0.02749505266547203,0.02181750349700451,0.022456835955381393,0.0003382558934390545,0.015047543682157993,0.022641096264123917,0.07900071144104004,0.024851597845554352,0.20576122403144836,0.2714514136314392,0.03306443989276886,0.0010187134612351656,0.004920493811368942,0.03321615234017372,0.10776212066411972,0.031046198680996895,0.009342038072645664,0.04826691746711731,50,0.13758849051905075,21,-3,32,3321.634765625,0.07400338351726532,-0.23689691722393036,0.1455332338809967,47,9,2,-15,2,-7,0.0005075283369988248
g6448.t1,A0ABP9WWB4,0.8355,34.6,1,129,2.873380461765209,47,2,80,29817.890625,0.3604658544063568,0.28795358538627625,0.33668777346611023,0.21522262692451477,0.12146514654159546,82,7,0,52,-3,12,13,-1,0.49612403100775193,0.008759946562349796,0.06671451777219772,0.046836968511343,0.013794668018817902,0.05787429213523865,0.016185754910111427,0.01489280629903078,0.022994114086031914,0.0679209902882576,0.0,0.14850811660289764,0.07070018351078033,0.05483440309762955,0.07929206639528275,0.049151040613651276,0.0523102693259716,0.06915488839149475,0.010144452564418316,0.0896371454000473,0.060293424874544144,1,79,1.1548196681670155,48,2,29,12174.14453125,0.15330494940280914,0.18005187809467316,0.6666431427001953,0.1443735957145691,0.5222695469856262,75,3,0,0,-15,6,18,-12,0.4050632911392405,0.08899515867233276,0.007420915644615889,0.007155882194638252,,,0.01596759632229805,,0.0015901961596682668,0.06292963027954102,0.0,0.055378422141075134,0.04143945500254631,0.08396287262439728,0.0,,0.16485683619976044,0.3574126958847046,0.02597237378358841,0.04982614517211914,0.03709174692630768,50,1.7185607935981932,-1,0,51,17643.74609375,0.20716090500354767,0.10790170729160309,-0.3299553692340851,7,4,0,52,12,11,0.09106073986851143
g8636.t1,A0ABP9X320,0.8221,22.9,1,257,1.8492381696623434,110,34,113,21964.2421875,0.27565115690231323,0.1656031757593155,0.518928587436676,0.2598102390766144,0.25911828875541687,247,30,5,101,1,17,20,-3,0.2178988326848249,0.008366599678993225,0.19603581726551056,0.055087484419345856,0.0,0.03091885894536972,0.0023503992706537247,0.03981710597872734,0.056615378707647324,0.11909449100494385,0.0,0.06377439945936203,0.05829489976167679,0.031322259455919266,0.0,0.0011751996353268623,0.07726766169071198,0.1818506419658661,0.026367852464318275,0.035815875977277756,0.015845034271478653,1,207,1.6796690422674752,96,34,77,17733.58984375,0.19634582102298737,0.2132391333580017,0.5277270078659058,0.23344215750694275,0.2942848205566406,212,25,0,71,-6,13,16,-3,0.2560386473429952,0.09148459881544113,0.001600176328793168,0.04639609158039093,0.0,0.06268808245658875,0.03036773018538952,0.012814327143132687,0.02170429565012455,0.0,0.009097272530198097,0.14195756614208221,0.09469608217477798,0.003994503524154425,0.0029111274052411318,0.0,0.13838446140289307,0.15590040385723114,0.058622632175683975,0.06490418314933777,0.0624765120446682,50,0.1695691273948683,14,0,36,4230.65234375,0.07930533587932587,-0.04763595759868622,-0.008798420429229736,35,5,5,30,7,0,-0.03813981465817029
g8662.t1,A0ABP9X0Y6,0.8168,27.5,1,447,2.913686296064608,44,78,325,48326.2734375,0.30716371536254883,0.5981013774871826,0.05219666287302971,0.018983041867613792,0.033213622868061066,303,34,19,343,-10,7,7,0,0.29082774049217003,0.0019362105522304773,0.008605395443737507,0.10602816194295883,0.0,0.0,0.016727373003959656,0.042538244277238846,0.30157309770584106,0.034052953124046326,0.03992294892668724,0.010377645492553711,0.05172118544578552,0.14082668721675873,0.08396387100219727,0.025007029995322227,0.017292629927396774,0.015920991078019142,0.00629404978826642,0.03496553376317024,0.06224595010280609,1,465,2.938860209557661,52,152,261,41686.73828125,0.3215755224227905,0.3904237747192383,0.2874589264392853,0.17541491985321045,0.11204400658607483,380,29,1,148,-11,16,18,-2,0.24516129032258063,0.06446616351604462,0.04948599264025688,0.057010143995285034,0.00906833354383707,0.0005417988286353648,0.016714105382561684,0.029979616403579712,0.053625546395778656,0.07463176548480988,0.01509801670908928,0.11094875633716583,0.07304178923368454,0.07500232756137848,0.0006965984357520938,0.016043733805418015,0.06891603767871857,0.043127961456775665,0.03392558544874191,0.06074778363108635,0.14692795276641846,-18,-0.02517391349305287,-8,-74,64,6639.53515625,-0.0144118070602417,0.20767760276794434,-0.23526226356625557,-77,5,18,195,1,2,0.045666450169589395
g17828.t1,A0ABP9X2E5,0.8163,25.2,1,350,2.0061134840051293,149,57,144,22926.57421875,0.16255256533622742,0.2272518277168274,0.5911124348640442,0.43749895691871643,0.15361353754997253,343,69,18,265,2,32,20,12,0.1657142857142857,0.011821647174656391,0.3301481604576111,0.06220117211341858,0.0,0.003911109641194344,0.025430241599678993,0.01908307708799839,0.011233043856918812,0.05790165439248085,0.00014073390047997236,0.10735081136226654,0.05220900475978851,0.014363600872457027,0.003796606557443738,0.023146413266658783,0.0651746317744255,0.08843888342380524,0.003364779520779848,0.019414860755205154,0.10086952149868011,1,318,1.9058824931923997,132,56,130,21143.88671875,0.2994031608104706,0.3234037458896637,0.3370121717453003,0.14140598475933075,0.19560618698596954,312,40,0,164,-5,12,17,-5,0.20754716981132076,0.05339217558503151,0.027654819190502167,0.08720988780260086,0.0,0.04018085449934006,0.04934396222233772,0.03540308028459549,0.026565270498394966,0.004955121781677008,0.050017841160297394,0.08801382780075073,0.1416071057319641,0.004116707015782595,0.028990423306822777,0.0666448324918747,0.03477637842297554,0.1608298122882843,0.031659238040447235,0.033512745052576065,0.03512587770819664,32,0.10023099081272968,17,1,14,1782.6875,-0.13685059547424316,-0.0961519181728363,0.2541002631187439,31,29,18,101,7,17,-0.04183288409703506
g8636.t1,A0ABP9WXV7,0.8161,24.4,1,257,1.8492381696623434,110,34,113,21964.2421875,0.27565115690231323,0.1656031757593155,0.518928587436676,0.2598102390766144,0.25911828875541687,247,30,5,101,1,17,20,-3,0.2178988326848249,0.008366599678993225,0.19603581726551056,0.055087484419345856,0.0,0.03091885894536972,0.0023503992706537247,0.03981710597872734,0.056615378707647324,0.11909449100494385,0.0,0.06377439945936203,0.05829489976167679,0.031322259455919266,0.0,0.0011751996353268623,0.07726766169071198,0.1818506419658661,0.026367852464318275,0.035815875977277756,0.015845034271478653,1,213,1.6578342000794017,98,37,78,18156.75390625,0.1240161657333374,0.25449803471565247,0.6190453171730042,0.3317001461982727,0.28734520077705383,212,25,0,109,-6,15,18,-3,0.2347417840375587,0.14190806448459625,0.0115745784714818,0.038004565984010696,0.020840078592300415,0.0024405585136264563,0.006602888461202383,0.0,0.00034730721381492913,0.0,0.004620330408215523,0.18979208171367645,0.060042962431907654,0.025608107447624207,0.013973873108625412,0.049645788967609406,0.05122781917452812,0.2361173778772354,0.026780232787132263,0.02906259521842003,0.09141089767217636,44,0.1914039695829417,12,-3,35,3807.48828125,0.15163499116897583,-0.08889485895633698,-0.10011672973632812,35,5,5,-8,7,0,-0.01684295135273378
g1259.t1,A0ABP9X3H8,0.8063,21.6,1,191,1.5445783784625133,66,46,79,17340.41796875,0.2100527137517929,0.3317936956882477,0.4260016083717346,0.2959679961204529,0.13003356754779816,170,18,2,69,0,16,10,6,0.2094240837696335,0.0007273148512467742,0.24300743639469147,0.029432548210024834,0.0,0.00037214168696664274,0.031770866364240646,0.03215193375945091,0.013815322890877724,0.1461212933063507,0.0,0.05296057462692261,0.17854464054107666,0.019972046837210655,0.006136095616966486,0.00037214168696664274,0.07866029441356659,0.05137326568365097,0.00018182871281169355,0.027081498876214027,0.08731868863105774,1,186,1.5373079747515903,69,37,80,16586.10546875,0.1356668323278427,0.4024803042411804,0.4407937228679657,0.22302764654159546,0.21776607632637024,169,12,0,92,-6,12,12,0,0.25268817204301075,0.10650444030761719,0.0,0.02426341362297535,0.03887560963630676,0.021059157326817513,0.0051415166817605495,0.014401481486856937,0.030677959322929382,0.029367726296186447,0.0029179961420595646,0.11652321368455887,0.18087275326251984,0.053034741431474686,0.004942548461258411,0.06706651300191879,0.06815771013498306,0.14960835874080658,0.03876408562064171,0.021009571850299835,0.026811178773641586,5,0.0072704037109230235,-3,9,-1,754.3125,0.0743858814239502,-0.07068660855293274,-0.014792114496231079,1,6,2,-23,6,6,-0.043264088273377244
g6110.t1,A0ABP9WVF9,0.8058,28.1,1,156,2.0199289067783317,59,12,85,20548.259765625,0.20809006690979004,0.09770672023296356,0.647406816482544,0.5534389019012451,0.09396795183420181,114,24,0,78,20,25,8,17,0.28205128205128205,0.015074193477630615,0.3188423812389374,0.010363508015871048,0.0,0.06353987008333206,0.009182010777294636,0.046796299517154694,0.018989024683833122,0.04897748678922653,0.032253630459308624,0.23459652066230774,0.011075207963585854,0.001081260503269732,0.0021482014562934637,0.00692641269415617,0.043024882674217224,0.05094306915998459,0.010520529933273792,0.025212660431861877,0.05045280233025551,1,127,2.2687846598832606,62,6,59,21341.5703125,0.10159190744161606,0.20750445127487183,0.6909036636352539,0.5969371795654297,0.0939665138721466,94,8,0,2,18,26,10,16,0.4015748031496063,0.35778599977493286,0.0,0.0,0.0027213478460907936,0.0,0.017426801845431328,,0.03986829146742821,0.018997058272361755,0.05812685191631317,0.23915112018585205,0.03781202435493469,0.023473767563700676,,0.02018309198319912,0.06153877079486847,0.03242773562669754,0.017664631828665733,0.006803369149565697,0.06601911783218384,29,-0.2488557531049289,-3,6,26,-793.310546875,0.10649815946817398,-0.10979773104190826,-0.04349684715270996,20,16,0,76,2,1,-0.11952352109832426
g17828.t1,A0ABP9X1R6,0.802,18.7,1,350,2.0061134840051293,149,57,144,22926.57421875,0.16255256533622742,0.2272518277168274,0.5911124348640442,0.43749895691871643,0.15361353754997253,343,69,18,265,2,32,20,12,0.1657142857142857,0.011821647174656391,0.3301481604576111,0.06220117211341858,0.0,0.003911109641194344,0.025430241599678993,0.01908307708799839,0.011233043856918812,0.05790165439248085,0.00014073390047997236,0.10735081136226654,0.05220900475978851,0.014363600872457027,0.003796606557443738,0.023146413266658783,0.0651746317744255,0.08843888342380524,0.003364779520779848,0.019414860755205154,0.10086952149868011,1,364,2.0077570521613524,169,63,132,22887.419921875,0.1922590434551239,0.2772793471813202,0.476318359375,0.20430545508861542,0.2720128893852234,371,33,4,316,-14,16,23,-7,0.1813186813186813,0.08548665791749954,0.002537543885409832,0.10784240067005157,0.0,0.05414329841732979,0.01997617818415165,0.0030987614300101995,0.046841271221637726,0.0022127002011984587,0.010009200312197208,0.11881880462169647,0.09522619843482971,0.07326150685548782,0.026198791339993477,0.004607167560607195,0.11762232333421707,0.15439055860042572,0.030978627502918243,0.009381022304296494,0.03736702725291252,-14,-0.0016435681562230187,-20,-6,12,39.154296875,-0.029706478118896484,-0.0500275194644928,0.11479407548904419,-28,36,14,-51,16,19,-0.01560439560439561
g10690.t1,A0ABP9WSX7,0.8014,25.8,1,187,2.1213994932845908,39,81,67,21746.30859375,0.17932699620723724,0.06933891773223877,0.7138857245445251,0.606195330619812,0.10769044607877731,137,20,1,45,20,32,7,25,0.2620320855614973,0.01394698116928339,0.3343316614627838,0.036586564034223557,0.0,0.029343824833631516,0.011864127591252327,0.03744833916425705,0.002626724075525999,0.05657052993774414,0.019585121423006058,0.2718636393547058,0.04336528480052948,0.0036247367970645428,0.0016320934519171715,0.0,0.04559096321463585,0.06209946796298027,0.007576662115752697,0.014085204340517521,0.007858047261834145,1,179,2.1237738009677662,36,66,77,22019.82421875,0.13385619223117828,0.20866389572620392,0.6159810423851013,0.4974993169307709,0.11848174780607224,139,15,0,0,13,22,11,11,0.27932960893854747,0.27877143025398254,0.03349078446626663,0.029012314975261688,,0.04149887338280678,0.02827678620815277,,0.027933619916439056,0.018596362322568893,0.0035797127056866884,0.21872788667678833,0.018536701798439026,0.05883561074733734,0.0029305829666554928,0.00849155057221651,0.03761272877454758,0.08086901903152466,0.03985593095421791,0.006390491500496864,0.06658963114023209,8,-0.0023743076831754806,3,15,-10,-273.515625,0.04547080397605896,-0.13932497799396515,0.09790468215942383,-2,5,1,45,7,14,-0.01729752337705015
g11348.t1,A0ABP9WXK1,0.7999,24.7,1,1371,4.040746963869525,618,215,538,69696.5625,0.16187533736228943,0.30623045563697815,0.5183209180831909,0.29596632719039917,0.22235460579395294,1261,161,33,793,8,63,57,6,0.1436907366885485,0.00461569894105196,0.2002955675125122,0.06974592059850693,0.0,0.006239687092602253,0.01724994368851185,0.013573331758379936,0.06092727929353714,0.03747911378741264,0.00828666053712368,0.09567075967788696,0.08076915144920349,0.10401840507984161,0.0003208930429536849,0.0052310992032289505,0.03781687095761299,0.18453772366046906,0.017096899449825287,0.018090473487973213,0.038034599274396896,1,507,2.174598795571342,179,98,230,26137.8984375,0.1601051241159439,0.27386388182640076,0.5316870212554932,0.17252540588378906,0.3591616451740265,500,70,1,89,-16,23,29,-6,0.14595660749506903,0.06797202676534653,0.008926925249397755,0.049360401928424835,0.0,0.03434399515390396,0.04453612491488457,0.0060487175360322,0.08173920959234238,0.013977651484310627,0.01271465141326189,0.10455336421728134,0.007988115772604942,0.03593450039625168,0.005061171483248472,0.000723773380741477,0.13105402886867523,0.22810758650302887,0.044567856937646866,0.01944774203002453,0.10294215381145477,864,1.8661481682981829,439,117,308,43558.6640625,0.00177021324634552,0.03236657381057739,-0.013366103172302246,761,91,32,704,24,12,-0.00226587080652052
g9379.t2,A0ABP9X2N6,0.7974,18.2,1,495,2.6409849150514453,182,137,176,36173.89453125,0.3522472381591797,0.2384823113679886,0.39554697275161743,0.19335544109344482,0.2021915167570114,479,57,25,277,-6,20,23,-3,0.19393939393939394,0.05788903310894966,0.10374429821968079,0.054320015013217926,0.0034008254297077656,0.0,0.006793820299208164,0.013723519630730152,0.01510600559413433,0.0651860311627388,0.04067311808466911,0.08961115777492523,0.07739261537790298,0.05194436013698578,0.038432784378528595,0.035983916372060776,0.0319378599524498,0.17025364935398102,0.019180526956915855,0.07656572759151459,0.0478607676923275,1,421,2.2892857396695834,167,141,113,26496.01953125,0.14861327409744263,0.3985656201839447,0.42534127831459045,0.28428366780281067,0.14105761051177979,392,54,0,100,-7,20,19,1,0.16864608076009502,0.10290895402431488,0.010054554790258408,0.036410652101039886,0.0,0.027479801326990128,0.01892891526222229,0.0,0.0622035413980484,0.04131418839097023,0.011150146834552288,0.1813747137784958,0.23174381256103516,0.02113213576376438,0.0,0.0009714218322187662,0.06703223288059235,0.07402537763118744,0.04323798418045044,0.006445732899010181,0.0635858029127121,74,0.3516991753818619,15,-4,63,9677.875,0.20363396406173706,-0.16008330881595612,-0.029794305562973022,87,3,25,177,1,-4,0.02529331317929892
g19604.t1,A0ABP9WSS7,0.7963,27.5,1,146,2.028281823110018,60,31,55,21651.3671875,0.2616809010505676,0.17190800607204437,0.5664110779762268,0.47278282046318054,0.09362825006246567,125,21,0,31,19,24,7,17,0.3424657534246575,0.0074982354417443275,0.1811002492904663,0.04023614153265953,0.0,0.0,0.004666802939027548,,0.01723228022456169,0.07419469952583313,0.0002980454883072525,0.29168254137039185,0.019749173894524574,0.017052212730050087,0.06899753212928772,0.07961904257535934,0.04228275269269943,0.05134548991918564,0.04088226333260536,0.029573988169431686,0.033588483929634094,1,132,1.9341355395231765,43,29,60,19244.9140625,0.22491727769374847,0.19320480525493622,0.5818779468536377,0.4895128607749939,0.09236510097980499,98,12,0,90,19,23,6,17,0.3333333333333333,0.12999476492404938,0.0018442278960719705,0.06319908052682877,,0.0,0.025832906365394592,,0.03279963135719299,0.06643702834844589,0.0028501704800873995,0.3595180809497833,0.06113483011722565,0.025597497820854187,0.0,0.015103376470506191,0.012451441958546638,0.0799136683344841,0.057166192680597305,0.03342057019472122,0.03273656964302063,14,0.09414628358684163,17,2,-5,2406.453125,0.03676362335681915,-0.021296799182891846,-0.015466868877410889,27,9,0,-59,0,0,0.0091324200913242
g7856.t2,A0ABP9WSP0,0.7909,31.7,1,230,3.8043823446891203,55,19,156,54686.890625,0.12524494528770447,0.064219631254673,0.7851603031158447,0.6247646808624268,0.16039571166038513,97,10,0,27,30,63,29,34,0.5217391304347826,0.0008260050090029836,0.5385177135467529,0.034134119749069214,,,0.02143891528248787,0.02537505142390728,0.009011889807879925,0.039352286607027054,0.004658338613808155,0.08624690026044846,0.008034828118979931,0.02034900337457657,0.013677322305738926,0.0035907665733247995,0.05324403569102287,0.10715168714523315,0.02266499772667885,0.009931867010891438,0.0017942291451618075,1,95,1.779505809949534,33,15,47,17578.484375,0.1346171647310257,0.18052706122398376,0.6335048079490662,0.5752108693122864,0.058294009417295456,70,5,0,1,13,15,5,10,0.37894736842105264,0.3665545582771301,0.019623206928372383,0.02588067576289177,,0.0513509102165699,0.02860710211098194,0.012799693271517754,0.04292882978916168,0.04400864243507385,0.0,0.20865629613399506,0.001614295644685626,0.01578422635793686,0.004772322718054056,0.016022752970457077,0.014349294826388359,0.043944716453552246,0.0,0.027532631531357765,0.07556984573602676,135,2.0248765347395863,22,4,109,37108.40625,-0.009372219443321228,-0.11630742996931076,0.15165549516677856,27,5,0,26,17,24,0.14279176201372995
g497.t1,A0ABP9WTI3,0.7893,21.0,1,651,3.369440423598083,269,86,296,55085.11328125,0.1725480556488037,0.3158682584762573,0.4591970443725586,0.24977384507656097,0.2094232141971588,538,41,35,114,-5,37,38,-1,0.23195084485407066,0.00673153530806303,0.16791364550590515,0.03465167060494423,0.0,0.002575020771473646,0.009824715554714203,0.052386704832315445,0.03279145061969757,0.01812906749546528,0.005459201522171497,0.08186018466949463,0.0735187754034996,0.08548341691493988,0.013237686827778816,0.006582419853657484,0.03306930884718895,0.17635388672351837,0.01866714470088482,0.07309673726558685,0.10766749083995819,1,441,2.6213809004830666,216,75,150,31356.02734375,0.3518102765083313,0.22579456865787506,0.41603684425354004,0.24568971991539001,0.17034712433815002,419,48,4,65,-6,26,27,-1,0.18820861678004536,0.06436922401189804,0.051992181688547134,0.06717921048402786,0.028772911056876183,0.0063582961447536945,0.025974497199058533,0.01872786320745945,0.01648217998445034,0.05359421297907829,0.01933353580534458,0.18132048845291138,0.03738778084516525,0.03096233308315277,0.004424714948982,0.03629171475768089,0.0532354973256588,0.11711162328720093,0.10726480931043625,0.029293756932020187,0.04992316663265228,210,0.7480595231150162,53,11,146,23729.0859375,-0.1792622208595276,0.09007368981838226,0.043160200119018555,119,-7,31,49,1,0,0.04374222807402531
g8636.t1,A0ABP9X3F3,0.7868,17.6,1,257,1.8492381696623434,110,34,113,21964.2421875,0.27565115690231323,0.1656031757593155,0.518928587436676,0.2598102390766144,0.25911828875541687,247,30,5,101,1,17,20,-3,0.2178988326848249,0.008366599678993225,0.19603581726551056,0.055087484419345856,0.0,0.03091885894536972,0.0023503992706537247,0.03981710597872734,0.056615378707647324,0.11909449100494385,0.0,0.06377439945936203,0.05829489976167679,0.031322259455919266,0.0,0.0011751996353268623,0.07726766169071198,0.1818506419658661,0.026367852464318275,0.035815875977277756,0.015845034271478653,1,223,2.112152593369292,83,44,96,25126.703125,0.24095523357391357,0.3161429762840271,0.41896459460258484,0.17067301273345947,0.24829161167144775,196,14,0,27,-9,11,17,-6,0.28699551569506726,0.058263637125492096,0.029747046530246735,0.08154100924730301,0.0,0.0239371657371521,0.07722876220941544,0.001027288381010294,0.023799557238817215,0.023156652227044106,0.00537277152761817,0.11240937560796738,0.10576862096786499,0.024621110409498215,0.013868392445147038,0.0,0.09099934995174408,0.15729227662086487,0.0480227991938591,0.03821924701333046,0.08472491800785065,34,-0.2629144237069485,27,-10,17,-3162.4609375,0.03469592332839966,-0.1505398005247116,0.09996399283409119,51,16,5,74,10,3,-0.06909668301024235
g4551.t1,A0ABP9WY41,0.7845,25.6,1,142,2.1566445379236145,22,46,74,23968.32421875,0.14541013538837433,0.2878069281578064,0.5667829513549805,0.39894524216651917,0.1678377240896225,80,7,0,22,2,18,15,3,0.352112676056338,0.005760913249105215,0.24483247101306915,0.042915232479572296,,0.0,0.0,0.0,0.00484621524810791,0.0358993262052536,0.03727666288614273,0.15411272644996643,0.1077684685587883,0.05800251662731171,0.013057857751846313,0.007498238235712051,0.05084813013672829,0.11698959767818451,0.0,0.010500133037567139,0.10969148576259613,1,150,2.4570730684653044,9,49,92,25857.3203125,0.31237563490867615,0.23434610664844513,0.3696446418762207,0.18900591135025024,0.18063871562480927,66,5,0,32,-4,13,17,-4,0.41333333333333333,0.02693725936114788,0.06832491606473923,0.047791775315999985,0.0,0.08363363146781921,0.011884868144989014,0.0018669945420697331,0.01883610710501671,0.06187068298459053,0.024207843467593193,0.16206865012645721,0.11144432425498962,0.047928038984537125,0.04404829442501068,0.013045285828411579,0.07475358992815018,0.1058851033449173,0.061270371079444885,0.002994784852489829,0.03120746649801731,-8,-0.30042853054168983,13,-3,-18,-1888.99609375,-0.16696549952030182,0.05346082150936127,0.19713830947875977,14,2,0,-10,6,7,-0.06122065727699533
g7573.t1,A0ABP9WT16,0.7693,20.0,1,224,2.3156935645587446,90,31,103,28181.84765625,0.2388809472322464,0.19548720121383667,0.5534380078315735,0.35842254757881165,0.19501544535160065,178,23,1,136,17,26,15,11,0.27232142857142855,0.023236295208334923,0.2237412929534912,0.04024835675954819,0.007536967284977436,,0.010480896569788456,0.012193845584988594,0.01507094781845808,0.05808843672275543,0.03788546472787857,0.13468128442764282,0.024010302498936653,0.023083828389644623,0.03246041014790535,0.05140846222639084,0.06146948039531708,0.13354596495628357,0.04516928270459175,0.0017926907166838646,0.0638958066701889,1,121,1.4820001975833554,49,25,47,15882.1484375,0.23558950424194336,0.1350269615650177,0.5773928165435791,0.38364213705062866,0.19375069439411163,114,13,0,41,10,16,8,8,0.2975206611570248,0.16476598381996155,0.0,0.005485198926180601,,0.051990754902362823,0.04926762357354164,,0.03810986876487732,0.09822377562522888,0.005485198926180601,0.21887612342834473,0.035469409078359604,0.008735687471926212,0.0029871216975152493,0.0034443805925548077,0.0,0.19375069439411163,0.05593869462609291,0.067469522356987,0.0,103,0.8336933669753892,41,6,56,12299.69921875,0.0032914429903030396,0.06046023964881897,-0.023954808712005615,64,10,1,95,7,3,-0.025199232585596254
g5964.t1,A0ABP9X4P6,0.7592,15.4,1,257,2.890078713983306,58,49,150,36655.14453125,0.3190099000930786,0.31345880031585693,0.30644720792770386,0.18326003849506378,0.12318716198205948,189,27,4,185,0,20,16,4,0.35019455252918286,0.012675510719418526,0.14771808683872223,0.030544182285666466,0.050422895699739456,0.0,0.013111067935824394,0.06108405068516731,0.07365413010120392,0.046277642250061035,0.019421279430389404,0.035541944205760956,0.13569091260433197,0.0,0.15617649257183075,0.01762411557137966,0.03492312878370285,0.08826404064893723,0.008846311829984188,0.04506848007440567,0.02295568957924843,1,142,1.3978658822365146,41,40,61,14867.103515625,0.2017926275730133,0.29128706455230713,0.467607319355011,0.27378714084625244,0.19382019340991974,119,2,0,97,-2,10,11,-1,0.28169014084507044,0.10618210583925247,0.0,0.02120915986597538,0.0,0.03931298479437828,0.07017376273870468,0.007579397410154343,0.023857323452830315,0.11273025721311569,0.0028213365003466606,0.16760502755641937,0.10504806786775589,0.015955330803990364,0.0,0.05773111432790756,0.02589825727045536,0.16792194545269012,0.020124031230807304,0.03732845187187195,0.018521437421441078,115,1.4922128317467915,17,9,89,21788.041015625,0.11721727252006531,0.022171735763549805,-0.16116011142730713,70,25,4,88,2,5,0.06850441168411242
g18246.t1,A0ABP9WT49,0.7591,28.4,1,151,2.024442043339488,36,36,79,22806.216796875,0.25544631481170654,0.16739384829998016,0.5771598219871521,0.4468950033187866,0.13026483356952667,100,8,3,38,9,21,10,11,0.304635761589404,0.0,0.1916472464799881,0.06391150504350662,0.0,,0.008272933773696423,0.0,0.07055679708719254,0.08620937913656235,0.019757898524403572,0.2552477717399597,0.03285219520330429,0.0004244298324920237,0.0022636258509010077,0.026162164285779,0.060714833438396454,0.06955000758171082,0.03732724487781525,0.045976672321558,0.029125316068530083,1,137,2.1910878922362884,32,34,71,23919.716796875,0.2527275085449219,0.18214547634124756,0.5305817723274231,0.5060579180717468,0.02452380582690239,90,6,0,4,18,21,3,18,0.3722627737226277,0.12411215156316757,0.033309727907180786,0.027416208758950233,0.025546906515955925,0.034545328468084335,0.00887253973633051,0.005530516617000103,0.006860970985144377,0.08131074160337448,0.030186982825398445,0.38194578886032104,0.053575001657009125,0.009496856480836868,0.0004046719695907086,0.018442269414663315,0.0013243041466921568,0.023199502378702164,0.07456865906715393,0.0,0.05935093015432358,14,-0.16664584889680034,4,2,8,-1113.5,0.002718806266784668,-0.014751628041267395,0.046578049659729004,10,2,3,34,-9,-7,-0.06762701213322375
g11863.t1,A0ABP9WY40,0.7565,12.2,1,496,2.5830976233896292,203,85,208,33827.1171875,0.3025849461555481,0.24902601540088654,0.41083383560180664,0.21288159489631653,0.19795222580432892,431,59,6,400,-10,26,26,0,0.1935483870967742,0.002148152096197009,0.12929268181324005,0.06177366524934769,0.006955370772629976,0.03778368607163429,0.006485773250460625,0.03755522891879082,0.04282873496413231,0.05773934721946716,0.009156809188425541,0.08358890563249588,0.07619676738977432,0.032639503479003906,0.04060506820678711,0.000858450832311064,0.11011254042387009,0.08783968538045883,0.010492176748812199,0.08288602530956268,0.08306139707565308,1,399,2.237621654729233,181,74,144,25472.59765625,0.17193163931369781,0.4058673679828644,0.3658828139305115,0.17251239717006683,0.19337040185928345,383,37,0,229,-7,14,20,-6,0.18796992481203006,0.08884976804256439,0.002642687177285552,0.0555780827999115,0.0,0.05631819739937782,0.047437310218811035,0.007980043068528175,0.029063383117318153,0.006433083210140467,0.005573363043367863,0.08366262167692184,0.26810896396636963,0.028536900877952576,0.0009902361780405045,0.015962179750204086,0.04560862109065056,0.1477617770433426,0.026167763397097588,0.06656637787818909,0.016758641228079796,97,0.3454759686603963,22,11,64,8354.51953125,0.13065330684185028,-0.15684135258197784,0.044951021671295166,48,22,6,171,-3,6,0.005578462284744123
g15154.t1,A0ABP9WWE5,0.7564,18.3,1,443,2.5336073591686694,134,114,195,28850.81640625,0.18849119544029236,0.3011382222175598,0.4578763544559479,0.2023358941078186,0.2555404305458069,401,55,16,452,-13,21,29,-8,0.19413092550790068,0.00787913054227829,0.15483234822750092,0.05272737890481949,0.0,0.0045852563343942165,0.010235325433313847,0.05249420180916786,0.08938507735729218,0.00964974332600832,0.0,0.04750355705618858,0.08649289608001709,0.05014000087976456,0.026563310995697975,0.026968808844685555,0.1398330181837082,0.1157074123620987,0.027137786149978638,0.05994858592748642,0.037916116416454315,1,361,2.135583409586879,132,84,145,24918.30859375,0.25715479254722595,0.29720237851142883,0.4177623689174652,0.13550379872322083,0.282258540391922,329,42,0,130,-16,11,22,-11,0.16066481994459833,0.030825642868876457,0.002719184150919318,0.009967389516532421,0.0,0.02788051962852478,0.020645933225750923,0.0,0.0334860160946846,0.04007133096456528,0.0010122632374987006,0.10467815399169922,0.12212909758090973,0.0034459091257303953,0.04361576959490776,0.08008218556642532,0.050428394228219986,0.2318301647901535,0.13231804966926575,0.027450812980532646,0.037413232028484344,82,0.3980239495817903,2,30,50,3932.5078125,-0.0686635971069336,0.0039358437061309814,0.040113985538482666,72,13,16,322,3,3,0.033466105563302345
g4620.t1,A0ABP9X1R4,0.7533,14.6,1,845,3.424826833017239,238,347,260,45411.44140625,0.2684321999549866,0.3434777557849884,0.3378605842590332,0.22607237100601196,0.11178823560476303,756,56,7,908,-11,27,31,-4,0.15976331360946747,0.03678194805979729,0.13697190582752228,0.037531111389398575,0.0001421027845935896,7.10513922967948e-05,0.019748156890273094,0.05022938549518585,0.06291640549898148,0.047904182225465775,0.024919601157307625,0.08910046517848969,0.10552189499139786,0.08758454024791718,0.07230580598115921,0.016931798309087753,0.03658092021942139,0.07520730793476105,0.0111275315284729,0.037791017442941666,0.050632864236831665,1,866,3.4018942211168155,240,359,267,44004.2734375,0.2352149486541748,0.37131986021995544,0.38377314805984497,0.20924368500709534,0.17452946305274963,828,99,2,807,-6,29,22,7,0.1489607390300231,0.13256138563156128,0.0244081299751997,0.04259258136153221,0.0005015626666136086,0.009692063555121422,0.02886020578444004,0.020349064841866493,0.0585506446659565,0.03377211466431618,0.032363615930080414,0.07668228447437286,0.09992100298404694,0.06875649839639664,0.013561270199716091,0.013620531186461449,0.04507112130522728,0.12945832312107086,0.04279826208949089,0.02536991983652115,0.10110940784215927,-21,0.022932611900423616,-2,-12,-7,1407.16796875,0.03321725130081177,-0.02784210443496704,-0.04591256380081177,-72,-43,5,101,-5,-11,0.010802574579444363
g11355.t1,A0ABP9X6C7,0.7443,17.4,1,220,1.9654968528649903,71,52,97,21077.068359375,0.1808115839958191,0.2630024552345276,0.5548344254493713,0.38975587487220764,0.1650785505771637,198,26,3,112,3,21,14,7,0.24545454545454545,0.001530832494609058,0.3454539477825165,0.08545439690351486,0.0071318200789391994,0.0,0.004129758104681969,0.0013515488244593143,0.05743618682026863,0.07759951055049896,0.0,0.04430197551846504,0.06190674751996994,0.023420779034495354,0.0,0.041010912507772446,0.11149974912405014,0.05357879400253296,0.013777492567896843,0.0024493320379406214,0.06796625256538391,1,172,1.5721364367803188,53,39,80,17885.84765625,0.4344857633113861,0.15016593039035797,0.35630443692207336,0.19695502519607544,0.15934938192367554,137,7,1,35,0,8,8,0,0.29069767441860467,,0.013955777511000633,0.06818991899490356,0.0,0.05904395133256912,0.027460282668471336,0.0,0.03836633637547493,0.09081118553876877,0.02760067954659462,0.19695502519607544,0.03680620715022087,0.0077852788381278515,0.02525552548468113,0.019928298890590668,0.09546060115098953,0.0638887882232666,0.13362766802310944,0.07504498958587646,0.019819529727101326,48,0.39336041608467154,18,13,17,3191.220703125,-0.253674179315567,0.11283652484416962,0.19852998852729797,61,19,2,77,3,7,-0.045243128964059215
g19521.t1,A0ABP9X732,0.7437,21.5,1,185,1.6168638063228868,69,44,72,19210.61328125,0.2318929135799408,0.18757888674736023,0.5714969635009766,0.3171062171459198,0.254390686750412,162,27,2,86,0,18,17,1,0.24324324324324326,0.00033591288956813514,0.2600971460342407,0.0023513901978731155,0.003688482102006674,0.0005038693198002875,0.02121506631374359,0.009031320922076702,0.03867923095822334,0.1254238337278366,0.04684452712535858,0.057009097188711166,0.028451839461922646,0.02919325977563858,0.0,0.0,0.13197417557239532,0.12241650372743607,0.0023513901978731155,0.05408197268843651,0.0663510113954544,1,176,1.646844165346725,64,45,67,18674.71484375,0.17528113722801208,0.12100764364004135,0.6869913339614868,0.26964783668518066,0.41734346747398376,154,15,0,95,-3,15,18,-3,0.2556818181818182,0.13670223951339722,0.002764419186860323,0.007256601005792618,0.0,0.016719862818717957,0.00497899716719985,0.00898436177521944,0.036564990878105164,0.0451885424554348,0.008466034196317196,0.13294562697410583,0.03154243528842926,0.02333945780992508,0.0048377332277596,0.01452393364161253,0.21996384859085083,0.19737961888313293,0.023666398599743843,0.07411704957485199,0.01005783211439848,9,-0.02998035902383811,5,-1,5,535.8984375,0.05661177635192871,0.06657124310731888,-0.11549437046051025,8,12,2,-9,3,4,-0.01243857493857492
g19521.t1,A0ABP9WYY5,0.735,20.3,1,185,1.6168638063228868,69,44,72,19210.61328125,0.2318929135799408,0.18757888674736023,0.5714969635009766,0.3171062171459198,0.254390686750412,162,27,2,86,0,18,17,1,0.24324324324324326,0.00033591288956813514,0.2600971460342407,0.0023513901978731155,0.003688482102006674,0.0005038693198002875,0.02121506631374359,0.009031320922076702,0.03867923095822334,0.1254238337278366,0.04684452712535858,0.057009097188711166,0.028451839461922646,0.02919325977563858,0.0,0.0,0.13197417557239532,0.12241650372743607,0.0023513901978731155,0.05408197268843651,0.0663510113954544,1,191,1.6302739483452013,63,55,73,17742.5625,0.24138624966144562,0.20274029672145844,0.5558735728263855,0.4071016311645508,0.14877186715602875,182,19,0,120,6,16,9,7,0.2879581151832461,0.13895903527736664,0.05219194293022156,0.08735485374927521,0.0,0.0,0.0403171181678772,0.0,0.04061908274888992,0.03353772312402725,0.021260270848870277,0.2681426405906677,0.050883807241916656,0.015448681078851223,0.0,0.003938586451113224,0.049176353961229324,0.09959552437067032,0.006658095866441727,0.040383338928222656,0.05153302103281021,-6,-0.013410142022314497,6,-11,-1,1468.05078125,-0.009493336081504822,-0.015161409974098206,0.015623390674591064,-20,8,2,-34,-6,-6,-0.04471487194000284
g15252.t1,A0ABP9WXE6,0.7193,14.7,1,237,7.087697390436297,109,21,107,53419.99609375,0.270278662443161,0.2777644395828247,0.43183717131614685,0.29701822996139526,0.13481895625591278,153,4,15,46,8,32,22,10,0.569620253164557,0.05400393158197403,0.1979680210351944,0.032272472977638245,0.0014165418688207865,0.0,0.012946702539920807,0.02011967822909355,0.03731655329465866,0.07008881121873856,0.018479522317647934,0.09905022382736206,0.13435786962509155,0.01639166846871376,0.0,0.025662997737526894,0.06194773688912392,0.07287123054265976,0.042765479534864426,0.05266844853758812,0.04967208579182625,1,152,1.9046982255553209,26,61,65,19289.1953125,0.3529040515422821,0.4807302951812744,0.16636572778224945,0.10081880539655685,0.065546914935112,110,0,0,365,-7,3,10,-7,0.3026315789473684,0.030543232336640358,0.011876326985657215,0.004094093572348356,,,0.0,0.06999480724334717,0.08477545529603958,0.1383299082517624,0.02038051374256611,0.07027556747198105,0.19231168925762177,0.0412912555038929,0.009869060479104519,0.1023615375161171,0.014220901764929295,0.05132601410150528,0.03741177171468735,0.06094757467508316,0.05999033525586128,85,5.182999164880976,83,-40,42,34130.80078125,-0.0826253890991211,-0.2029658555984497,0.2654714435338974,43,4,15,-319,15,17,0.2669886742171886
g14118.t1,A0ABP9WVI4,0.7186,36.2,1,254,2.6220260721517694,119,25,110,33774.765625,0.266379177570343,0.22675377130508423,0.50486820936203,0.36377838253974915,0.1410898119211197,209,18,0,245,7,26,18,8,0.3425196850393701,0.0069628930650651455,0.23096702992916107,0.038831133395433426,0.009727680124342442,0.000668718887027353,0.008988352492451668,0.001998889958485961,0.06847729533910751,0.06283312290906906,0.0042814831249415874,0.13281136751174927,0.019859209656715393,0.03569205105304718,0.022341249510645866,0.03214838728308678,0.043511345982551575,0.09757845848798752,0.014043097384274006,0.11641747504472733,0.05186079442501068,1,255,1.9869728554420216,118,25,112,25199.732421875,0.29095420241355896,0.25081321597099304,0.45491090416908264,0.3955194056034088,0.05939144268631935,218,14,0,317,6,18,7,11,0.2235294117647059,0.24774481356143951,0.01955200545489788,0.025863859802484512,,0.003321706783026457,0.04218442738056183,0.02341652475297451,0.026416080072522163,0.0766153559088707,0.030286841094493866,0.1477746218442917,0.025911929085850716,0.0748816430568695,0.021382499486207962,0.010239792987704277,0.027057992294430733,0.032333455979824066,0.03997069224715233,0.0538664385676384,0.0711793527007103,-1,0.6350532167097478,1,0,-2,8575.033203125,-0.024575024843215942,-0.024059444665908813,0.04995730519294739,-9,4,0,-72,1,-3,0.11899027327466419
g8636.t1,A0ABP9WZQ2,0.7114,18.4,1,257,1.8492381696623434,110,34,113,21964.2421875,0.27565115690231323,0.1656031757593155,0.518928587436676,0.2598102390766144,0.25911828875541687,247,30,5,101,1,17,20,-3,0.2178988326848249,0.008366599678993225,0.19603581726551056,0.055087484419345856,0.0,0.03091885894536972,0.0023503992706537247,0.03981710597872734,0.056615378707647324,0.11909449100494385,0.0,0.06377439945936203,0.05829489976167679,0.031322259455919266,0.0,0.0011751996353268623,0.07726766169071198,0.1818506419658661,0.026367852464318275,0.035815875977277756,0.015845034271478653,1,231,1.840916429196257,83,43,105,21083.75,0.22789493203163147,0.17709186673164368,0.5710886120796204,0.26255127787590027,0.30853739380836487,213,27,6,371,-9,15,17,-2,0.2554112554112554,0.10126262158155441,0.007345667574554682,0.05830623582005501,0.0,0.02392459660768509,0.057137563824653625,0.011624819599092007,0.015806974843144417,0.016068648546934128,0.0,0.16128866374492645,0.06592977046966553,0.01151550468057394,0.01974148117005825,0.013042363338172436,0.04053039848804474,0.2680070102214813,0.07029589265584946,0.044512175023555756,0.013659675605595112,26,0.008321740466086469,27,-9,8,880.4921875,0.04775622487068176,-0.011488690972328186,-0.052160024642944336,34,3,-1,-270,10,-1,-0.03751242272643052
g126.t2,A0ABP9WSN9,0.7071,22.8,1,208,2.2003923981262967,51,59,98,24601.044921875,0.2603777050971985,0.06380213052034378,0.6378771066665649,0.5460005402565002,0.0918765738606453,157,21,9,86,27,32,10,22,0.2403846153846154,0.006253570783883333,0.2353934943675995,0.020329002290964127,0.006571150850504637,0.0034100261982530355,0.006946217734366655,0.0379430428147316,0.0019673227798193693,0.04553479328751564,0.03193898871541023,0.31060707569122314,0.01762552373111248,0.0027034194208681583,0.00813160091638565,0.01858130469918251,0.047444865107536316,0.04443170130252838,0.04886312782764435,0.09591658413410187,0.009407195262610912,1,145,1.7504069198359193,35,38,72,19157.6875,0.09389789402484894,0.22263437509536743,0.6725459694862366,0.5156456828117371,0.1569003313779831,103,13,0,61,15,20,7,13,0.30344827586206896,0.23836371302604675,0.009094703942537308,0.02557303011417389,0.0,0.010921706445515156,0.05568179860711098,0.0,0.002354046329855919,0.03163225203752518,0.006568397860974073,0.2772819697856903,0.06997901946306229,0.02340678498148918,0.01195785216987133,0.017430724576115608,0.024653077125549316,0.13224726915359497,0.008734825067222118,0.00033684089430607855,0.05378198251128197,63,0.4499854782903774,16,21,26,5443.357421875,0.16647981107234955,-0.15883224457502365,-0.03466886281967163,54,8,9,25,12,9,-0.06306366047745357
g3990.t1,A0ABP9WSN7,0.6973,30.2,1,259,2.329165429580628,33,64,162,25688.548828125,0.21137242019176483,0.22488658130168915,0.5184397101402283,0.3705098032951355,0.14792987704277039,177,22,3,88,30,28,10,18,0.22393822393822393,0.011178622953593731,0.19354960322380066,0.040894877165555954,0.0,0.014444288797676563,0.02053789049386978,0.04530131816864014,0.016447022557258606,0.07305411994457245,0.005643521901220083,0.17696021497249603,0.03141480311751366,0.0009819116676226258,0.008289765566587448,0.11067686229944229,0.05692589655518532,0.09100398421287537,0.00600887555629015,0.051858339458703995,0.044828109443187714,1,275,2.208382113532147,21,79,175,24451.41015625,0.14943359792232513,0.18803651630878448,0.6001361608505249,0.4440231919288635,0.15611298382282257,184,19,0,15,32,32,10,22,0.23636363636363636,0.256605863571167,0.02984905056655407,0.05923085659742355,0.0,0.062393706291913986,0.03552638739347458,0.004717846401035786,0.03702123463153839,0.01598927564918995,0.02094472199678421,0.18741731345653534,0.020437322556972504,0.005671163089573383,0.009500938467681408,0.0,0.027226712554693222,0.12888626754283905,0.007353517692536116,0.0018474046373739839,0.0893804207444191,-16,0.12078331604848103,12,-15,-13,1237.138671875,0.0619388222694397,0.03685006499290466,-0.08169645071029663,-7,3,3,73,-2,-4,-0.012425412425412424
g11348.t1,A0ABP9WZZ4,0.6954,19.5,1,1371,4.040746963869525,618,215,538,69696.5625,0.16187533736228943,0.30623045563697815,0.5183209180831909,0.29596632719039917,0.22235460579395294,1261,161,33,793,8,63,57,6,0.1436907366885485,0.00461569894105196,0.2002955675125122,0.06974592059850693,0.0,0.006239687092602253,0.01724994368851185,0.013573331758379936,0.06092727929353714,0.03747911378741264,0.00828666053712368,0.09567075967788696,0.08076915144920349,0.10401840507984161,0.0003208930429536849,0.0052310992032289505,0.03781687095761299,0.18453772366046906,0.017096899449825287,0.018090473487973213,0.038034599274396896,1,637,2.4193323705308343,269,109,259,30494.62890625,0.14283797144889832,0.2503291368484497,0.5769244432449341,0.36619043350219727,0.2107340544462204,614,127,24,603,2,37,26,11,0.1271585557299843,0.20600198209285736,0.006232965737581253,0.053817182779312134,0.0,0.029908349737524986,0.026929540559649467,0.0,0.021314796060323715,0.0041735293343663216,0.00846215058118105,0.1601884365081787,0.0311000756919384,0.021889330819249153,0.02761322259902954,0.05749848857522011,0.06196517497301102,0.14876888692378998,0.031219979748129845,0.011318940669298172,0.09159692376852036,734,1.6214145933386908,349,106,279,39201.93359375,0.019037365913391113,0.05590131878852844,-0.058603525161743164,647,34,9,190,6,-5,0.016532180958564208
g14210.t1,A0ABP9XAP9,0.6943,15.1,1,118,1.8469997613887725,98,0,20,17653.09375,0.30991774797439575,0.19816656410694122,0.4142962694168091,0.2650167942047119,0.14927944540977478,121,14,2,49,-6,12,13,-1,0.3813559322033898,0.0,0.12714144587516785,0.025040190666913986,0.03294973447918892,0.027233490720391273,0.005292144138365984,0.07761948555707932,0.04039689525961876,0.11380001157522202,0.06068133935332298,0.13787534832954407,0.06024277210235596,0.019647466018795967,0.008773205801844597,0.026392905041575432,0.03238224238157272,0.11689721047878265,0.04313492774963379,0.031254544854164124,0.013244648464024067,1,165,1.7295104891056312,134,0,31,17909.876953125,0.15534646809101105,0.16268044710159302,0.6722447276115417,0.407084584236145,0.26516014337539673,180,15,1,10,-7,19,15,4,0.26666666666666666,0.30096524953842163,0.030343439429998398,0.022519322112202644,0.00638598995283246,0.00972834788262844,0.03001486323773861,0.001413828693330288,0.05777864158153534,0.066051185131073,0.0,0.10611937940120697,0.06190437451004982,0.006243801210075617,0.0,0.00017604732420295477,0.0547507219016552,0.21040940284729004,0.01885051466524601,0.01616816781461239,0.000176728586666286,-47,0.11748927228314132,-36,0,-11,-256.783203125,0.1545712798833847,0.035486117005348206,-0.25794845819473267,-59,-1,1,39,1,-5,0.11468926553672315
g9659.t1,A0ABP9WSN8,0.6924,19.8,1,411,5.047028024967083,179,32,200,55979.94921875,0.14776694774627686,0.1657632440328598,0.6598882079124451,0.5649566650390625,0.09493153542280197,289,32,2,87,60,75,17,58,0.3284671532846715,0.012795532122254372,0.32015737891197205,0.02134673111140728,0.008264079689979553,0.008159319870173931,0.03661646321415901,0.026581596583127975,0.018380574882030487,0.01919170282781124,0.0221196748316288,0.24479930102825165,0.04609902575612068,0.01624291203916073,0.02098006382584572,0.018571164458990097,0.03511975333094597,0.059811782091856,0.018917890265583992,0.0242560226470232,0.021589025855064392,1,209,2.733510376817397,73,30,106,24999.568359375,0.12947769463062286,0.21707504987716675,0.5957865118980408,0.4468483030796051,0.14893825352191925,153,7,0,23,18,24,12,12,0.291866028708134,0.2624260485172272,0.008609041571617126,0.04061104729771614,,0.05766073241829872,0.04005924239754677,,0.035030655562877655,0.004029025789350271,0.028179295361042023,0.18442223966121674,0.04491521418094635,0.025659805163741112,0.0,0.008450147695839405,0.046664994210004807,0.10227327048778534,0.02371501922607422,0.024334263056516647,0.06295999139547348,202,2.3135176481496855,106,2,94,30980.380859375,0.01828925311565399,-0.051311805844306946,0.0641016960144043,136,25,2,64,42,46,0.036601124576537525
g4551.t1,A0ABP9WW03,0.6918,31.4,1,142,2.1566445379236145,22,46,74,23968.32421875,0.14541013538837433,0.2878069281578064,0.5667829513549805,0.39894524216651917,0.1678377240896225,80,7,0,22,2,18,15,3,0.352112676056338,0.005760913249105215,0.24483247101306915,0.042915232479572296,,0.0,0.0,0.0,0.00484621524810791,0.0358993262052536,0.03727666288614273,0.15411272644996643,0.1077684685587883,0.05800251662731171,0.013057857751846313,0.007498238235712051,0.05084813013672829,0.11698959767818451,0.0,0.010500133037567139,0.10969148576259613,1,155,2.7715151136584595,27,48,80,29999.08203125,0.3031163513660431,0.14574173092842102,0.4953094720840454,0.27986499667167664,0.21544446051120758,88,9,0,0,-2,17,18,-1,0.4258064516129032,0.14161896705627441,0.0707244947552681,0.018948929384350777,,0.05583236366510391,0.013720091432332993,0.020730692893266678,0.026313478127121925,0.07286461442708969,0.031083345413208008,0.13824604451656342,0.03565692529082298,0.024880263954401016,0.025060275569558144,0.0011561302235350013,0.027495909482240677,0.1879485547542572,0.028115613386034966,0.03558838367462158,0.04401484131813049,-13,-0.6148705757348449,-5,-2,-6,-6030.7578125,-0.15770621597766876,0.14206519722938538,0.07147347927093506,-8,-2,0,22,4,4,-0.0736937755565652
g14897.t1,A0ABP9WVE1,0.6899,23.6,1,192,2.1713683709361433,104,3,85,23644.66796875,0.36279749870300293,0.3186495900154114,0.31122565269470215,0.26097410917282104,0.050251543521881104,186,11,2,239,8,14,5,9,0.3125,0.048700589686632156,,0.009279265068471432,0.0013802926987409592,0.004639632534235716,0.021081967279314995,0.007327308412641287,0.020753905177116394,0.0751633420586586,0.00941572617739439,0.26097410917282104,0.08968473225831985,0.05359147861599922,0.0573037751019001,0.0,0.04998484253883362,0.0002666974032763392,0.06594612449407578,0.09234904497861862,0.13215720653533936,1,432,2.6139570035310715,101,53,278,33883.2578125,0.33602267503738403,0.46918967366218567,0.19316887855529785,0.1445014476776123,0.04866744950413704,337,34,5,1036,-5,14,7,7,0.22685185185185186,0.057000283151865005,0.02275669574737549,0.0836879163980484,0.0014888702426105738,0.0016188315348699689,0.043838854879140854,0.0014175258111208677,0.09671896696090698,0.08981633186340332,0.006362732965499163,0.0875011458992958,0.08761803060770035,0.08178013563156128,0.04627953842282295,0.025832809507846832,0.01861087791621685,0.03005656972527504,0.057039111852645874,0.02866283990442753,0.1319120079278946,-240,-0.4425886325949282,3,-50,-193,-10238.58984375,0.026774823665618896,-0.1505400836467743,0.1180567741394043,-151,-23,-3,-797,13,2,0.08564814814814814
g7444.t1,A0ABP9WWY3,0.6894,16.5,1,865,6.914595892401669,224,292,349,91924.5625,0.23287060856819153,0.23899517953395844,0.49138543009757996,0.32288259267807007,0.1685028076171875,656,89,2,239,-5,88,67,21,0.3063583815028902,0.03950517252087593,0.1942228227853775,0.03963629901409149,0.010556604713201523,0.007264886051416397,0.018820129334926605,0.03674880415201187,0.02608281560242176,0.028736496344208717,0.016456957906484604,0.12865978479385376,0.07649685442447662,0.028586503118276596,0.016158662736415863,0.01263520773500204,0.029283370822668076,0.13921943306922913,0.027989545837044716,0.05712258070707321,0.06581707298755646,1,463,6.641625578654651,144,166,153,56112.0,0.21912582218647003,0.28168994188308716,0.4756262004375458,0.32825106382369995,0.14737512171268463,395,47,0,285,-9,45,39,6,0.3304535637149028,0.0941043272614479,0.012843716889619827,0.04109007865190506,0.0,0.02355801686644554,0.008025393821299076,0.01173038687556982,0.0655059665441513,0.027460873126983643,0.023315615952014923,0.23414677381515503,0.12309588491916656,0.024344325065612793,0.013685449957847595,0.019113507121801376,0.021723786368966103,0.12565134465694427,0.04281965643167496,0.046180032193660736,0.04160487279295921,402,0.2729703137470185,80,126,196,35812.5625,0.013744786381721497,-0.04269476234912872,0.01575922966003418,261,42,2,-46,4,15,-0.024095182212012622
g126.t1,A0ABP9WSN9,0.6881,23.5,1,229,2.4633427843142655,47,57,125,30513.638671875,0.3450966477394104,0.10918689519166946,0.49182918667793274,0.4113706648349762,0.08045853674411774,157,22,8,87,29,31,12,19,0.29694323144104806,0.004085331689566374,0.18593785166740417,0.022099893540143967,0.016063863411545753,0.0024320457596331835,0.016747405752539635,0.0538872592151165,0.0009372056229040027,0.08127105981111526,0.06486959755420685,0.22543281316757202,0.015970857813954353,0.017766255885362625,0.06405742466449738,0.022838754579424858,0.038970015943050385,0.04148852080106735,0.03999326005578041,0.0662880539894104,0.018862545490264893,1,145,1.7504069198359193,35,38,72,19157.6875,0.09389789402484894,0.22263437509536743,0.6725459694862366,0.5156456828117371,0.1569003313779831,103,13,0,61,15,20,7,13,0.30344827586206896,0.23836371302604675,0.009094703942537308,0.02557303011417389,0.0,0.010921706445515156,0.05568179860711098,0.0,0.002354046329855919,0.03163225203752518,0.006568397860974073,0.2772819697856903,0.06997901946306229,0.02340678498148918,0.01195785216987133,0.017430724576115608,0.024653077125549316,0.13224726915359497,0.008734825067222118,0.00033684089430607855,0.05378198251128197,84,0.7129358644783461,12,19,53,11355.951171875,0.25119875371456146,-0.11344747990369797,-0.18071678280830383,54,9,8,26,14,6,-0.0065050444210209
g5810.t1,A0ABP9WVJ4,0.6865,20.4,1,286,4.760696534554028,154,64,68,41607.51171875,0.2975045442581177,0.12626266479492188,0.5548347234725952,0.39033520221710205,0.16449955105781555,239,17,0,101,4,35,28,7,0.40559440559440557,0.007056795991957188,0.22763244807720184,0.024970201775431633,,0.011399439536035061,0.007824952714145184,0.021397991105914116,0.024569358676671982,0.04294787719845772,0.02512529492378235,0.162702739238739,0.05405502766370773,0.00972498208284378,0.025668125599622726,0.0060623399913311005,0.029118681326508522,0.13538087904453278,0.040086355060338974,0.12025047838687897,0.02402600646018982,1,296,5.527129017355742,156,60,80,44061.546875,0.2709859013557434,0.3556613624095917,0.36575374007225037,0.20265726745128632,0.16309650242328644,274,20,0,69,-10,24,27,-3,0.4222972972972973,0.04137927293777466,0.015963738784193993,0.02047383412718773,,0.007599017582833767,0.006929734256118536,0.021226150915026665,0.044251058250665665,0.05724859982728958,0.0527924969792366,0.16127799451351166,0.15847915410995483,0.023766515776515007,0.012372219935059547,0.046998728066682816,0.06199174374341965,0.10110475867986679,0.04060277342796326,0.050306081771850586,0.07523614913225174,-10,-0.7664324828017142,-2,4,-12,-2454.03515625,0.026518642902374268,-0.2293986976146698,0.18908098340034485,-35,-3,0,32,14,10,-0.016702891702891742
g6827.t1,A0ABP9X4V9,0.6829,13.9,1,176,1.7498201592905276,52,51,73,20316.9375,0.15511298179626465,0.44832873344421387,0.3384191691875458,0.189107283949852,0.14931190013885498,139,9,1,294,-5,11,13,-2,0.3068181818181818,0.02268820069730282,0.12970435619354248,0.014567132107913494,0.014636454172432423,0.0,0.025405090302228928,0.05813911557197571,0.050460465252399445,0.08609289675951004,0.0,0.059402916580438614,0.21059846878051758,0.015750225633382797,0.0058397878892719746,0.0,0.06269726157188416,0.08661463111639023,0.004923130385577679,0.021001840010285378,0.13147804141044617,1,167,1.6708197200920032,64,47,56,18319.29296875,0.427030473947525,0.1532861739397049,0.349041610956192,0.1686335653066635,0.1804080456495285,153,26,6,100,-2,8,13,-5,0.30538922155688625,0.036381445825099945,0.054535530507564545,0.07304908335208893,0.015745196491479874,0.07064181566238403,0.002994181588292122,0.04082157462835312,0.053573474287986755,0.09772788733243942,0.03926055505871773,0.13225211203098297,0.05174917355179787,0.029224151745438576,0.0,0.0,0.14024442434310913,0.04016363248229027,0.067564457654953,0.054071392863988876,0.0,9,0.0790004391985244,-12,4,17,1997.64453125,-0.2719174921512604,0.29504255950450897,-0.01062244176864624,-14,-17,-5,194,-3,3,0.0014289602612955754
g16603.t3,A0ABP9X5C7,0.6705,20.4,1,727,4.248470445460001,258,135,334,68972.2109375,0.12098310887813568,0.2515506446361542,0.6217643618583679,0.27146828174591064,0.3502960801124573,681,142,5,454,-17,68,75,-7,0.24484181568088034,0.007380488328635693,0.23786909878253937,0.0175798237323761,0.0,0.009955148212611675,0.005680397152900696,0.005701863672584295,0.0527428574860096,0.031237225979566574,0.012993215583264828,0.03359919413924217,0.14714916050434113,0.0159141942858696,0.00893398653715849,0.014612728729844093,0.07144814729690552,0.27884796261787415,0.012165806256234646,0.020737426355481148,0.015451284125447273,1,594,3.8835460895362757,268,119,207,41609.13671875,0.2511705756187439,0.3068234920501709,0.4009551703929901,0.23024259507656097,0.17071257531642914,496,43,4,279,-12,28,28,0,0.20033670033670034,0.060437463223934174,0.028435729444026947,0.031306635588407516,0.0,0.041050881147384644,0.010922635905444622,0.0,0.03817679360508919,0.04779709503054619,0.004426846746355295,0.16980509459972382,0.172042116522789,0.056412603706121445,0.016749300062656403,0.003096463391557336,0.07114734500646591,0.09956521540880203,0.06187397614121437,0.060580965131521225,0.026172878220677376,133,0.36492435592372496,-10,16,127,27363.07421875,-0.13018746674060822,-0.055272847414016724,0.2208091914653778,185,99,1,175,-5,-7,0.04450511534418
g7743.t1,A0ABP9X3L4,0.6692,25.0,1,503,3.887454739699156,171,99,233,58581.94140625,0.16091705858707428,0.3280367851257324,0.5110461115837097,0.2706053555011749,0.24044078588485718,406,61,2,171,-5,55,51,4,0.32803180914512925,0.0016961010405793786,0.2395082712173462,0.06591610610485077,0.0,0.01740134507417679,0.013824592344462872,0.0,0.1417854130268097,0.02933969534933567,0.008812397718429565,0.031097067520022392,0.09442248195409775,0.015885312110185623,0.0034148043487221003,0.0028175690677016973,0.07604479789733887,0.1643960028886795,0.026732327416539192,0.007604287937283516,0.059301432222127914,1,166,2.9935855813886896,13,47,106,26685.03125,0.42491385340690613,0.3112279176712036,0.26385822892189026,0.1346885859966278,0.12916962802410126,114,14,0,62,-5,6,8,-2,0.3855421686746988,0.04027614742517471,0.04323093965649605,0.048123057931661606,0.015520642511546612,,0.06160008907318115,0.0,0.06722897291183472,0.13096274435520172,0.053786635398864746,0.0944124311208725,0.06809891760349274,0.0557139590382576,0.00036273663863539696,0.0,0.020136449486017227,0.10903318226337433,0.06474126875400543,0.08370648324489594,0.043065331876277924,337,0.8938691583104665,158,52,127,31896.91015625,-0.26399679481983185,0.01680886745452881,0.24718788266181946,292,47,2,109,0,6,-0.057510359529569566
g6827.t1,A0ABP9X073,0.6617,15.5,1,176,1.7498201592905276,52,51,73,20316.9375,0.15511298179626465,0.44832873344421387,0.3384191691875458,0.189107283949852,0.14931190013885498,139,9,1,294,-5,11,13,-2,0.3068181818181818,0.02268820069730282,0.12970435619354248,0.014567132107913494,0.014636454172432423,0.0,0.025405090302228928,0.05813911557197571,0.050460465252399445,0.08609289675951004,0.0,0.059402916580438614,0.21059846878051758,0.015750225633382797,0.0058397878892719746,0.0,0.06269726157188416,0.08661463111639023,0.004923130385577679,0.021001840010285378,0.13147804141044617,1,185,1.569439500453263,65,52,68,16477.6875,0.2785440981388092,0.3624514639377594,0.3564589023590088,0.1845148205757141,0.17194406688213348,173,28,0,180,-4,10,11,-1,0.2702702702702703,0.02062212862074375,0.0,0.07596654444932938,0.0,0.002545569557696581,0.03831351548433304,0.01135343313217163,0.09654678404331207,0.004820851143449545,0.0831758975982666,0.16389267146587372,0.17557702958583832,0.012357929721474648,0.0,0.013724156655371189,0.029552536085247993,0.14239153265953064,0.09680569916963577,0.006421652156859636,0.025932054966688156,-9,0.1803806588372645,-13,-1,5,3839.25,-0.12343111634254456,0.08587726950645447,-0.018039733171463013,-34,-19,1,114,-1,-1,0.03654791154791154
g18742.t1,A0ABP9WTG0,0.6612,15.1,1,141,2.234134233405739,65,33,43,22340.64453125,0.24901485443115234,0.4033357799053192,0.34764936566352844,0.27435845136642456,0.07329091429710388,125,22,0,37,7,20,10,10,0.41134751773049644,0.010772601701319218,0.13949638605117798,0.05540649965405464,,,0.0,,0.05549074709415436,0.060173358768224716,0.01723221316933632,0.13486208021640778,0.20961855351924896,0.03439483046531677,0.007221246603876352,0.0694064125418663,0.01820606179535389,0.055084846913814545,0.002455224050208926,0.0957537367939949,0.034425221383571625,1,100,1.3336050832266708,42,22,36,14148.2431640625,0.10208988934755325,0.2306402176618576,0.633141815662384,0.4083442986011505,0.22479751706123352,71,4,0,3,2,11,10,1,0.36,0.19564665853977203,0.029335619881749153,0.0006841583526693285,,0.03412805125117302,0.0036488445475697517,,0.047143105417490005,0.024018563330173492,0.0,0.21269766986370087,0.0914226770401001,0.061389416456222534,0.0,0.001788027468137443,0.12048649042844772,0.10431104153394699,0.019819796085357666,0.028231749311089516,0.02524814009666443,41,0.900529150179068,23,11,7,8192.4013671875,0.1469249650835991,0.1726955622434616,-0.2854924499988556,54,18,0,34,5,9,0.05134751773049645
g297.t1,A0ABP9WXD0,0.649,16.5,1,371,2.0730140808750215,160,55,156,23958.78125,0.13704881072044373,0.20721741020679474,0.6218618154525757,0.4393329918384552,0.18252883851528168,346,39,10,221,4,29,22,7,0.1725067385444744,0.00094269507098943,0.4183045029640198,0.01831521838903427,0.0,0.0,0.01704944297671318,0.033871959894895554,0.007780198939144611,0.06286059319972992,0.034341033548116684,0.021028490737080574,0.09589928388595581,0.03519299998879433,0.0,0.0167193952947855,0.05879553407430649,0.12373329699039459,0.008349584415555,0.012239684350788593,0.03457609936594963,1,349,2.2509422372923105,149,60,140,26846.19921875,0.3185267150402069,0.16769778728485107,0.48440444469451904,0.28472235798835754,0.1996820867061615,325,37,0,63,5,26,22,4,0.21203438395415472,0.050865575671195984,0.010669182986021042,0.05071863532066345,,0.0293711107224226,0.022509334608912468,0.0,0.020300529897212982,0.05111748352646828,0.008052484132349491,0.23385675251483917,0.05509794503450394,0.004053454380482435,0.06573644280433655,0.030659332871437073,0.07264519482851028,0.1270368993282318,0.05331115424633026,0.07892131060361862,0.03507719933986664,22,-0.17792815641728899,11,-5,16,-2887.41796875,-0.18147790431976318,0.039519622921943665,0.13745737075805664,21,2,10,158,-1,3,-0.03952764540968032
g14312.t1,A0ABP9WSY0,0.6439,18.3,1,309,2.905674307403476,95,32,182,40345.015625,0.23261430859565735,0.4831660985946655,0.28295978903770447,0.1173657774925232,0.16559401154518127,198,23,9,130,-5,16,18,-2,0.33980582524271846,0.010461987927556038,0.028082240372896194,0.05706486105918884,0.0,0.0,0.025679221376776695,0.0012598104076460004,0.20841585099697113,0.01762891560792923,0.04477836191654205,0.0892835408449173,0.13929307460784912,0.01483452320098877,7.815056596882641e-05,0.050245024263858795,0.031105749309062958,0.1344882696866989,0.03168373182415962,0.07091832160949707,0.044698383659124374,1,255,2.230081955735832,139,34,82,26230.201171875,0.22691069543361664,0.2313888818025589,0.5332384705543518,0.4040548801422119,0.12918366491794586,250,35,0,54,2,29,21,8,0.24705882352941178,0.21274323761463165,0.0020911500323563814,0.017959287390112877,0.0,0.008461876772344112,0.007925462909042835,0.0011000616941601038,0.08259066939353943,0.05788182094693184,0.006888493895530701,0.19131162762641907,0.04233645647764206,0.0095886941999197,0.06942794471979141,0.029727332293987274,0.05944829061627388,0.06973538547754288,0.01972270756959915,0.05183922499418259,0.059220269322395325,54,0.6755923516676439,-44,-2,100,14114.814453125,0.0057036131620407104,0.25177721679210663,-0.25027868151664734,-52,-12,9,76,-7,-10,0.09274700171330669
g16188.t2,A0ABP9X395,0.6367,16.6,1,76,1.1612962467528984,18,26,32,11969.802734375,0.09278129041194916,0.4334450662136078,0.47109857201576233,0.25387972593307495,0.21721884608268738,70,10,0,2,0,9,9,0,0.42105263157894735,0.0,0.16026602685451508,0.0040433574467897415,,,0.1964900642633438,0.0026750671677291393,0.0646112933754921,0.0,0.0,0.09361370652914047,0.10811285674571991,0.037307821214199066,0.004852029494941235,0.0,0.06764848530292511,0.14957036077976227,0.019493307918310165,0.06439258903265,0.026923036202788353,1,79,1.175126325352548,18,25,36,12536.8720703125,0.1269385814666748,0.4564947485923767,0.38858941197395325,0.18030984699726105,0.2082795649766922,58,3,0,9,-2,5,5,0,0.379746835443038,0.08007915318012238,0.014868468046188354,0.03544589504599571,,0.027977287769317627,0.14867155253887177,,0.07518990337848663,0.0,0.013125590048730373,0.10023069381713867,0.0938100814819336,0.014786322601139545,0.0,0.023068927228450775,0.031185628846287727,0.17709393799304962,0.04014886915683746,0.023349761962890625,0.10096795111894608,-3,-0.013830078599649465,0,1,-4,-567.0693359375,-0.03415729105472565,-0.02304968237876892,0.08250916004180908,12,7,0,-7,2,0,0.041305796135909345
g2271.t1,A0ABP9WZI3,0.6261,16.9,1,70,1.3746790054506806,0,31,39,14606.509765625,0.1947566419839859,0.1939614862203598,0.606047511100769,0.49379944801330566,0.11224808543920517,38,6,0,0,4,13,6,7,0.38571428571428573,0.025317635387182236,0.12434215843677521,0.018113620579242706,,,0.03852212429046631,0.005234335083514452,0.0002158616844099015,0.11842741817235947,0.002379514742642641,0.3694572448730469,0.11020271480083466,0.04502078890800476,0.0,,0.015973765403032303,0.09627431631088257,0.008394117467105389,0.022124342620372772,0.0,1,74,1.191952480404968,3,52,19,12047.439453125,0.27140864729881287,0.27134600281715393,0.3389054238796234,0.06519703567028046,0.27370840311050415,55,7,0,24,-2,4,5,-1,0.3783783783783784,0.04126850888133049,0.023938950151205063,0.01794394664466381,0.0,0.11833994835615158,0.048237480223178864,,0.01969572901725769,0.11410751193761826,0.006695502437651157,0.023928524926304817,0.1085960790514946,0.04675693064928055,0.0010712803341448307,0.0,0.2375473976135254,0.03616097569465637,0.018199553713202477,0.08945190161466599,0.04805979132652283,-4,0.18272652504571263,-3,-21,20,2559.0703125,-0.07665200531482697,-0.07738451659679413,0.26714208722114563,-17,-1,0,-24,6,8,0.007335907335907332
g6629.t1,A0ABP9WWH2,0.6175,15.0,1,428,2.169348494670718,175,72,181,28207.09375,0.2822289764881134,0.3470362722873688,0.32160767912864685,0.16996337473392487,0.15164430439472198,374,21,6,744,-7,18,19,-1,0.17990654205607476,0.0004575510392896831,0.11394014954566956,0.05085039138793945,0.0,0.003660408314317465,0.01590178906917572,0.049127060920000076,0.0871095210313797,0.09645947068929672,0.044787485152482986,0.05602323263883591,0.06433945894241333,0.008495272137224674,0.011194352991878986,0.04121880978345871,0.026902804151177406,0.12474150210618973,0.020141959190368652,0.05467734858393669,0.1299714297056198,1,494,2.44696496897176,198,96,200,33342.5,0.24367454648017883,0.22424361109733582,0.5223216414451599,0.31077131628990173,0.21155034005641937,480,71,0,532,-9,29,24,5,0.17408906882591094,0.13829797506332397,0.004336990416049957,0.04172511771321297,,0.009760101325809956,0.014301766641438007,9.676977788330987e-05,0.020033247768878937,0.06327924132347107,0.004354639910161495,0.17247334122657776,0.06724804639816284,0.0357210636138916,0.016048036515712738,0.019007278606295586,0.11686794459819794,0.09468241035938263,0.07715830951929092,0.03667544201016426,0.06793222576379776,-66,-0.2776164743010421,-23,-24,-19,-5135.40625,0.03855443000793457,0.12279266119003296,-0.20071396231651306,-106,-50,6,212,2,-6,0.005817473230163822
g8731.t1,A0ABP9X3K9,0.6163,10.8,1,204,2.1209919773537687,98,32,74,23047.4296875,0.3188368082046509,0.3746495544910431,0.22069133818149567,0.1613880842924118,0.05930325388908386,174,12,50,214,-4,10,11,-1,0.27450980392156865,0.01707950234413147,0.08676473051309586,0.03191268444061279,0.019718466326594353,0.00246406439691782,0.006971070077270269,0.08582233637571335,0.040674541145563126,0.06927397102117538,0.0001399959292029962,0.07462335377931595,0.1107187569141388,0.08728010207414627,0.1049969419836998,0.0,0.030151188373565674,0.029152069240808487,0.002930339192971587,0.09003928303718567,0.1092865988612175,1,241,2.680059179570661,100,26,115,33009.92578125,0.36230412125587463,0.29977619647979736,0.33791977167129517,0.1810237616300583,0.15689601004123688,194,19,5,242,-11,11,16,-5,0.35684647302904565,0.05079614743590355,0.03403937444090843,0.04818814992904663,0.021178001537919044,0.0,0.00019548945419956,0.0,0.03710642084479332,0.06698326021432877,0.05147557333111763,0.13022762537002563,0.10044075548648834,0.07349367439746857,0.006353407166898251,0.014907226897776127,0.07839689403772354,0.07849910110235214,0.08279556035995483,0.07246877998113632,0.05245460569858551,-37,-0.5590672022168923,-2,6,-41,-9962.49609375,-0.043467313051223755,0.07487335801124573,-0.1172284334897995,-20,-7,45,-28,7,4,-0.082336669107477
g5810.t1,A0ABP9X0G9,0.6143,22.7,1,286,4.760696534554028,154,64,68,41607.51171875,0.2975045442581177,0.12626266479492188,0.5548347234725952,0.39033520221710205,0.16449955105781555,239,17,0,101,4,35,28,7,0.40559440559440557,0.007056795991957188,0.22763244807720184,0.024970201775431633,,0.011399439536035061,0.007824952714145184,0.021397991105914116,0.024569358676671982,0.04294787719845772,0.02512529492378235,0.162702739238739,0.05405502766370773,0.00972498208284378,0.025668125599622726,0.0060623399913311005,0.029118681326508522,0.13538087904453278,0.040086355060338974,0.12025047838687897,0.02402600646018982,1,318,6.224317298021357,165,60,93,48828.515625,0.2786751091480255,0.29463276267051697,0.42669209837913513,0.295526385307312,0.13116572797298431,285,32,0,75,-7,32,33,-1,0.42452830188679247,0.09546733647584915,0.029720546677708626,0.01906222105026245,,0.0,0.03386342525482178,0.018616238608956337,0.035931363701820374,0.043012332171201706,0.05548839643597603,0.20005904138088226,0.09192286431789398,0.022228464484214783,0.005217238795012236,0.020265471190214157,0.04289280250668526,0.08827291429042816,0.05617719143629074,0.0513809472322464,0.09042118489742279,-32,-1.463620763467329,-11,4,-25,-7221.00390625,0.018829435110092163,-0.1683700978755951,0.12814262509346008,-46,-15,0,26,11,8,-0.018933896292386898
g4920.t3,A0ABP9X8J2,0.6139,17.4,1,306,2.604009486701002,189,12,105,27151.58203125,0.2725813686847687,0.2720043957233429,0.365825355052948,0.19576531648635864,0.17006005346775055,289,39,0,370,-3,18,16,2,0.238562091503268,0.023242807015776634,0.14537473022937775,0.05768044292926788,0.0,0.030216941609978676,0.004018700681626797,0.08958885073661804,0.05269097909331322,0.03250988945364952,0.06758397817611694,0.0503905825316906,0.10202746093273163,0.03564074635505676,0.0025655936915427446,0.005709104705601931,0.06889481842517853,0.10116522759199142,0.03566858917474747,0.023113135248422623,0.07191739976406097,1,473,3.1000114940981502,285,35,153,33041.91796875,0.30456170439720154,0.2834533751010895,0.3619558811187744,0.14965389668941498,0.21230202913284302,479,76,3,155,-11,23,32,-9,0.19873150105708245,0.11863473057746887,0.005512624513357878,0.05128602311015129,0.0,0.05002904310822487,0.09755665808916092,0.00029295028070919216,0.030202511698007584,0.0518813319504261,0.0477525070309639,0.031019162386655807,0.07836876809597015,0.04674776270985603,0.01308288425207138,0.007347939535975456,0.06380989402532578,0.14849211275577545,0.04757440835237503,0.08717896044254303,0.02322971448302269,-167,-0.49600200739714806,-96,-23,-48,-5890.3359375,-0.03198033571243286,-0.011448979377746582,0.003869473934173584,-190,-37,-3,215,8,11,0.03983059044618553
g1275.t1,A0ABP9X754,0.6073,16.3,1,349,2.1422740814549726,36,162,151,25549.08203125,0.2141849398612976,0.21629486978054047,0.5693963766098022,0.3353751301765442,0.23402121663093567,340,38,83,265,-2,31,22,9,0.18624641833810887,0.02235836535692215,0.1498187929391861,0.023472318425774574,0.00037022691685706377,0.021780606359243393,0.0,0.00012388653703965247,0.04390062391757965,0.08827788382768631,0.011853810399770737,0.1855563074350357,0.07348886132240295,0.009806891903281212,0.0,0.028438767418265343,0.05079018697142601,0.18323104083538055,0.014990860596299171,0.031451109796762466,0.06028947979211807,1,369,2.0704232726099594,9,170,190,24233.099609375,0.2548316717147827,0.3454664349555969,0.36063745617866516,0.2190609723329544,0.14157648384571075,275,8,7,176,-7,11,13,-2,0.1951219512195122,0.0,0.011613660492002964,0.06574388593435287,0.002472103573381901,0.03906445950269699,0.02819843403995037,0.014559494331479073,0.14764715731143951,0.06783084571361542,0.009640752337872982,0.2190609872341156,0.09187743067741394,0.04308914765715599,0.009187090210616589,0.00052044284529984,0.07872995734214783,0.06284651160240173,0.05189019441604614,0.024365762248635292,0.03166171535849571,-20,0.07185080884501316,27,-8,-39,1315.982421875,-0.04064673185348511,-0.12917156517505646,0.20875892043113708,65,30,76,89,5,11,-0.00887553288140333
g18742.t1,A0ABP9WWM1,0.5984,17.7,1,141,2.234134233405739,65,33,43,22340.64453125,0.24901485443115234,0.4033357799053192,0.34764936566352844,0.27435845136642456,0.07329091429710388,125,22,0,37,7,20,10,10,0.41134751773049644,0.010772601701319218,0.13949638605117798,0.05540649965405464,,,0.0,,0.05549074709415436,0.060173358768224716,0.01723221316933632,0.13486208021640778,0.20961855351924896,0.03439483046531677,0.007221246603876352,0.0694064125418663,0.01820606179535389,0.055084846913814545,0.002455224050208926,0.0957537367939949,0.034425221383571625,1,191,3.2646008588170745,64,53,74,31953.263671875,0.17551717162132263,0.2593691349029541,0.5154696106910706,0.31227001547813416,0.2031996101140976,150,19,0,23,-3,28,25,3,0.4083769633507853,0.05440216884016991,0.007253916002810001,0.020195409655570984,0.0,0.04964407533407211,0.05625256896018982,,0.029714247211813927,0.025347482413053513,0.018221596255898476,0.25786784291267395,0.07065675407648087,0.04234829172492027,0.03009115904569626,0.018413709476590157,0.11793496459722519,0.0852646604180336,0.027274679392576218,0.0471329428255558,0.041983556002378464,-50,-1.0304666254113357,1,-20,-31,-9612.619140625,0.07349768280982971,0.1439666450023651,-0.16782024502754211,-25,3,0,14,10,7,0.00297055437971111
g1192.t2,A0ABP9X589,0.5939,19.7,1,528,3.0033016049495105,275,88,165,35937.41015625,0.2050510048866272,0.22855666279792786,0.5490633249282837,0.34290486574172974,0.20615845918655396,482,72,4,98,1,40,29,11,0.19507575757575757,0.035880204290151596,0.1820213496685028,0.03644755482673645,0.0,0.0,0.02720293402671814,0.01732899621129036,0.031925685703754425,0.052069373428821564,0.00951693207025528,0.16088353097438812,0.09464650601148605,0.004246100317686796,0.0020649947691708803,0.0018588202074170113,0.09518713504076004,0.11097133904695511,0.04218226671218872,0.026889681816101074,0.06867659837007523,1,547,2.7112953641328637,290,97,160,36466.90625,0.31372734904289246,0.19571439921855927,0.4905582666397095,0.23232699930667877,0.2582312822341919,512,100,0,53,-18,34,37,-3,0.19195612431444242,0.12305086106061935,0.025481881573796272,0.028401680290699005,,0.0,0.04602488875389099,,0.047622647136449814,0.08138579875230789,0.009800693020224571,0.10927613079547882,0.058692220598459244,0.020787639543414116,0.096371591091156,0.0008666329085826874,0.1033218577504158,0.1549094170331955,0.05308586359024048,0.019199887290596962,0.021720370277762413,-19,0.29200624081664683,-15,-9,5,-529.49609375,-0.10867634415626526,0.03284226357936859,0.05850505828857422,-30,-28,4,45,19,14,0.0031196332613151467
g18228.t1,A0ABP9WWE1,0.5916,24.5,1,109,1.311509278040779,40,2,67,13364.9365234375,0.1550847440958023,0.39457079768180847,0.450344443321228,0.3810012638568878,0.0693431869149208,86,7,1,85,6,12,6,6,0.3486238532110092,0.0,0.30437275767326355,0.06470022350549698,0.0,0.0,0.0468825027346611,0.0,0.0,0.07569100707769394,0.013278030790388584,0.07662849873304367,0.09290176630020142,0.07758445292711258,0.0014154886594042182,0.0,0.01108799409121275,0.058255188167095184,0.0,0.0,0.1772020310163498,1,286,2.5835354075946633,144,8,134,27825.484375,0.31761428713798523,0.2966221868991852,0.3857635259628296,0.17186737060546875,0.21389617025852203,241,22,6,95,-5,15,19,-4,0.25874125874125875,0.11717788130044937,0.011595651507377625,0.0901322066783905,0.0,0.0,0.044907357543706894,0.016896573826670647,0.09463455528020859,0.047334589064121246,0.003004295052960515,0.05468948185443878,0.06082305312156677,0.03499097749590874,0.05542721226811409,0.009318092837929726,0.11401163786649704,0.099884532392025,0.0244615375995636,0.06876222044229507,0.05194813758134842,-177,-1.2720261295538842,-104,-6,-67,-14460.5478515625,-0.16252954304218292,0.09794861078262329,0.06458091735839844,-155,-15,-5,-10,11,10,0.08988259446975044
g18246.t1,A0ABP9WT16,0.5767,14.0,1,151,2.024442043339488,36,36,79,22806.216796875,0.25544631481170654,0.16739384829998016,0.5771598219871521,0.4468950033187866,0.13026483356952667,100,8,3,38,9,21,10,11,0.304635761589404,0.0,0.1916472464799881,0.06391150504350662,0.0,,0.008272933773696423,0.0,0.07055679708719254,0.08620937913656235,0.019757898524403572,0.2552477717399597,0.03285219520330429,0.0004244298324920237,0.0022636258509010077,0.026162164285779,0.060714833438396454,0.06955000758171082,0.03732724487781525,0.045976672321558,0.029125316068530083,1,121,1.4820001975833554,49,25,47,15882.1484375,0.23558950424194336,0.1350269615650177,0.5773928165435791,0.38364213705062866,0.19375069439411163,114,13,0,41,10,16,8,8,0.2975206611570248,0.16476598381996155,0.0,0.005485198926180601,,0.051990754902362823,0.04926762357354164,,0.03810986876487732,0.09822377562522888,0.005485198926180601,0.21887612342834473,0.035469409078359604,0.008735687471926212,0.0029871216975152493,0.0034443805925548077,0.0,0.19375069439411163,0.05593869462609291,0.067469522356987,0.0,30,0.5424418457561326,-13,11,32,6924.068359375,0.019856810569763184,0.03236688673496246,-0.00023299455642700195,-14,-5,3,-3,-1,3,0.007115100432379173
g9256.t2,A0ABP9X7K5,0.5764,14.5,1,109,2.8910394727259368,11,10,88,24855.955078125,0.35817721486091614,0.20252755284309387,0.4392951428890228,0.2826054096221924,0.15668974816799164,43,1,9,60,5,12,8,4,0.5412844036697247,0.04673152416944504,0.16733942925930023,0.04784277081489563,0.02359989657998085,0.0,0.03330662101507187,0.0,0.019597506150603294,0.07627977430820465,0.02538057044148445,0.11526600271463394,0.024542000144720078,0.04606778547167778,0.09021780639886856,0.029541734606027603,0.0360402874648571,0.12064944207668304,0.037714648991823196,0.03401016443967819,0.025871993973851204,1,91,1.9138897853390526,54,10,27,16984.36328125,0.4902719557285309,0.21869628131389618,0.29103177785873413,0.21124477684497833,0.07978703826665878,72,5,6,9,2,9,6,3,0.4725274725274725,0.13960708677768707,0.10068807005882263,0.03153528273105621,0.006311777047812939,,0.0,,0.036214679479599,0.1082606315612793,0.04398244991898537,0.07163768261671066,0.05885996297001839,0.11730985343456268,0.08583012223243713,0.0,0.05366310104727745,0.026123937219381332,0.006459033582359552,0.11351638287305832,,18,0.9771496873868841,-43,0,61,7871.591796875,-0.13209474086761475,-0.016168728470802307,0.1482633650302887,-29,-4,3,51,3,1,0.06875693114225223
g876.t1,A0ABP9X3M7,0.5739,16.4,1,847,3.979346324272241,442,141,264,57484.609375,0.2534797489643097,0.1771417260169983,0.5284214615821838,0.33655741810798645,0.1918640285730362,741,58,1,377,10,60,42,18,0.18417945690672963,0.016236424446105957,0.27971968054771423,0.02791890688240528,0.0,0.028276128694415092,0.010406347922980785,0.040957145392894745,0.03556342050433159,0.022636856883764267,0.07496751844882965,0.056837741285562515,0.06732036918401718,0.0252250786870718,0.018017366528511047,0.00022195617202669382,0.031731002032756805,0.1601330041885376,0.0129297636449337,0.0524967797100544,0.038404546678066254,1,697,3.48636957004359,376,120,201,40100.75390625,0.32116979360580444,0.33249419927597046,0.34441572427749634,0.22922150790691376,0.11519423127174377,672,69,0,95,-5,30,18,12,0.16212338593974174,0.051667988300323486,0.011262702755630016,0.017121680080890656,0.0,0.0019203529227524996,0.03498300164937973,0.0038621274288743734,0.01399470865726471,0.03646799549460411,0.04978124797344208,0.17755351960659027,0.12991076707839966,0.03833827003836632,0.016092196106910706,0.018797513097524643,0.024581028148531914,0.09061320126056671,0.07327751070261002,0.11330432444810867,0.0964699536561966,150,0.49297675422865117,66,21,63,17383.85546875,-0.06769004464149475,-0.15535247325897217,0.1840057373046875,69,-11,1,282,15,6,0.02205607096698789
g13229.t2,A0ABP9X2W3,0.5556,33.4,1,632,4.107278301411501,124,143,365,74260.390625,0.3105301558971405,0.2924838662147522,0.3544774353504181,0.26220008730888367,0.09227734804153442,400,34,6,157,10,41,28,13,0.314873417721519,0.0352073535323143,0.19057652354240417,0.10158184915781021,0.0,4.344909029896371e-05,0.0055304705165326595,0.04250851273536682,0.0735803171992302,0.03917911648750305,0.02317919209599495,0.0716235414147377,0.07175538688898087,0.05987812951207161,0.043744828552007675,0.01654905080795288,0.044277433305978775,0.04799991473555565,0.037120845168828964,0.03047352470457554,0.06519051641225815,1,443,3.296749561334466,112,103,228,49412.5703125,0.3811417818069458,0.2052886039018631,0.4059103727340698,0.13354913890361786,0.27236121892929077,303,29,1,90,-12,23,32,-9,0.3047404063205418,0.09331601113080978,0.07047511637210846,0.08853763341903687,0.0,0.0076592289842665195,0.03008088283240795,0.0,0.039878446608781815,0.01124766655266285,0.021540924906730652,0.040233124047517776,0.03891167789697647,0.045385465025901794,0.010518742725253105,0.0013000069884583354,0.10567916929721832,0.16668203473091125,0.16023725271224976,0.018584441393613815,0.04973213002085686,189,0.8105287400770349,12,40,137,24847.8203125,-0.0706116259098053,0.0871952623128891,-0.05143293738365173,97,5,5,67,22,22,0.010133011400977221
g9706.t1,A0ABP9WW43,0.5503,18.0,1,152,1.7514890442680935,55,36,61,18925.16015625,0.17782334983348846,0.25823310017585754,0.5308648943901062,0.47266608476638794,0.05819881334900856,116,14,0,234,28,23,4,19,0.28289473684210525,0.02284562774002552,0.26970377564430237,0.012786732986569405,,0.00034097954630851746,0.018433712422847748,0.03307880461215973,0.05953484773635864,0.07266157120466232,0.00017048977315425873,0.20296227931976318,0.11802010238170624,0.026285985484719276,0.035792943090200424,0.00236742221750319,0.020991960540413857,0.03720685467123985,0.03322499990463257,0.0,0.03359103202819824,1,102,1.6895986431467287,6,49,47,16384.70703125,0.10420940816402435,0.22815673053264618,0.6389277577400208,0.49451586604118347,0.14441193640232086,72,15,6,0,12,18,6,12,0.4019607843137255,0.35776492953300476,0.014558926224708557,0.02289198338985443,0.007894311100244522,0.028706001117825508,0.0375213585793972,,0.0,0.02541014552116394,0.012997000478208065,0.13675090670585632,0.06483903527259827,0.009599902667105198,,,0.06271187961101532,0.08170005679130554,0.02677597478032112,0.0015753940679132938,0.10830213874578476,50,0.06189040112136479,49,-13,14,2540.453125,0.07361394166946411,0.030076369643211365,-0.10806286334991455,44,-1,-6,234,16,7,-0.11906604747162025
g15154.t1,A0ABP9X5S1,0.5496,12.8,1,443,2.5336073591686694,134,114,195,28850.81640625,0.18849119544029236,0.3011382222175598,0.4578763544559479,0.2023358941078186,0.2555404305458069,401,55,16,452,-13,21,29,-8,0.19413092550790068,0.00787913054227829,0.15483234822750092,0.05272737890481949,0.0,0.0045852563343942165,0.010235325433313847,0.05249420180916786,0.08938507735729218,0.00964974332600832,0.0,0.04750355705618858,0.08649289608001709,0.05014000087976456,0.026563310995697975,0.026968808844685555,0.1398330181837082,0.1157074123620987,0.027137786149978638,0.05994858592748642,0.037916116416454315,1,332,2.355141526539546,104,72,156,29873.525390625,0.21921707689762115,0.20801401138305664,0.5401644110679626,0.21048393845558167,0.329680472612381,276,36,2,415,-8,20,25,-5,0.21686746987951808,0.13528314232826233,0.005508351139724255,0.044390831142663956,0.0,0.03260449320077896,0.02542671374976635,0.020180050283670425,0.023594407364726067,0.07871837168931961,0.014040893875062466,0.07520080357789993,0.05852093547582626,0.0390084870159626,0.007268134038895369,0.02797030471265316,0.08753086626529694,0.24214962124824524,0.04329284280538559,0.0058175972662866116,0.033493153750896454,111,0.17846583262912352,30,42,39,-1022.708984375,-0.030725881457328796,0.09312421083450317,-0.08228805661201477,125,19,14,37,-5,-3,-0.0227365443716174
g18228.t1,A0ABP9X1F8,0.5484,22.4,1,109,1.311509278040779,40,2,67,13364.9365234375,0.1550847440958023,0.39457079768180847,0.450344443321228,0.3810012638568878,0.0693431869149208,86,7,1,85,6,12,6,6,0.3486238532110092,0.0,0.30437275767326355,0.06470022350549698,0.0,0.0,0.0468825027346611,0.0,0.0,0.07569100707769394,0.013278030790388584,0.07662849873304367,0.09290176630020142,0.07758445292711258,0.0014154886594042182,0.0,0.01108799409121275,0.058255188167095184,0.0,0.0,0.1772020310163498,1,136,2.251187031434086,42,0,94,20847.326171875,0.39232107996940613,0.2899306118488312,0.3177482783794403,0.17163366079330444,0.14611460268497467,104,17,1,43,-6,7,12,-5,0.3897058823529412,0.04637515917420387,0.08129271864891052,0.03286629915237427,0.02121649496257305,0.0,0.061009373515844345,,0.03588857129216194,0.07915672659873962,0.03110881894826889,0.12525852024555206,0.12267362326383591,0.011082989163696766,0.04103127866983414,0.026070522144436836,0.06837233155965805,0.07774226367473602,0.03932880237698555,0.08753645420074463,0.011989066377282143,-27,-0.9396777533933067,-2,2,-27,-7482.3896484375,-0.23723633587360382,0.1046401858329773,0.13259616494178772,-18,-10,0,42,12,11,-0.041082029141931986
g12109.t1,A0ABP9WW43,0.5466,20.4,1,109,2.721759771145236,29,25,55,27430.169921875,0.2697376608848572,0.1524025797843933,0.5504588484764099,0.49540975689888,0.0550491027534008,58,6,0,27,17,23,9,14,0.5137614678899083,0.01003552507609129,0.2139180302619934,0.07569588720798492,0.0,0.00882438663393259,0.028251832351088524,0.02740090899169445,0.019886378198862076,0.026679717004299164,0.007998679764568806,0.2814917266368866,0.03804691508412361,0.0,0.0007057658513076603,0.032210465520620346,0.0004597836232278496,0.054589323699474335,0.01662803441286087,0.12316965311765671,0.0340069904923439,1,102,1.6895986431467287,6,49,47,16384.70703125,0.10420940816402435,0.22815673053264618,0.6389277577400208,0.49451586604118347,0.14441193640232086,72,15,6,0,12,18,6,12,0.4019607843137255,0.35776492953300476,0.014558926224708557,0.02289198338985443,0.007894311100244522,0.028706001117825508,0.0375213585793972,,0.0,0.02541014552116394,0.012997000478208065,0.13675090670585632,0.06483903527259827,0.009599902667105198,,,0.06271187961101532,0.08170005679130554,0.02677597478032112,0.0015753940679132938,0.10830213874578476,7,1.0321611279985075,23,-24,8,11045.462890625,0.16552825272083282,-0.07575415074825287,-0.08846890926361084,-14,-9,-6,27,5,2,0.11180068357618278
g7573.t1,A0ABP9WT49,0.5443,12.3,1,224,2.3156935645587446,90,31,103,28181.84765625,0.2388809472322464,0.19548720121383667,0.5534380078315735,0.35842254757881165,0.19501544535160065,178,23,1,136,17,26,15,11,0.27232142857142855,0.023236295208334923,0.2237412929534912,0.04024835675954819,0.007536967284977436,,0.010480896569788456,0.012193845584988594,0.01507094781845808,0.05808843672275543,0.03788546472787857,0.13468128442764282,0.024010302498936653,0.023083828389644623,0.03246041014790535,0.05140846222639084,0.06146948039531708,0.13354596495628357,0.04516928270459175,0.0017926907166838646,0.0638958066701889,1,137,2.1910878922362884,32,34,71,23919.716796875,0.2527275085449219,0.18214547634124756,0.5305817723274231,0.5060579180717468,0.02452380582690239,90,6,0,4,18,21,3,18,0.3722627737226277,0.12411215156316757,0.033309727907180786,0.027416208758950233,0.025546906515955925,0.034545328468084335,0.00887253973633051,0.005530516617000103,0.006860970985144377,0.08131074160337448,0.030186982825398445,0.38194578886032104,0.053575001657009125,0.009496856480836868,0.0004046719695907086,0.018442269414663315,0.0013243041466921568,0.023199502378702164,0.07456865906715393,0.0,0.05935093015432358,87,0.12460567232245623,58,-3,32,4262.130859375,-0.013846561312675476,0.013341724872589111,0.02285623550415039,88,17,1,132,-1,-7,-0.09994134515119918
g9719.t2,A0ABP9X2V9,0.5437,9.8,1,470,3.4489790697023754,113,144,213,43901.9375,0.30902260541915894,0.2679043710231781,0.3866540491580963,0.23268093168735504,0.15397310256958008,410,44,1,359,-14,22,26,-4,0.2553191489361702,0.04457758367061615,0.0946594774723053,0.0545627661049366,0.0,0.0,0.008524889126420021,0.036419086158275604,0.052519313991069794,0.03954591974616051,0.010656686499714851,0.13802146911621094,0.011810528114438057,0.09649521112442017,0.07862033694982529,0.055476896464824677,0.06538697332143784,0.08858612179756165,0.004409663379192352,0.07664962112903595,0.043077535927295685,1,388,5.56666896424086,180,53,155,40548.03125,0.3014938235282898,0.27297505736351013,0.4021725356578827,0.2812364101409912,0.12093614786863327,345,27,0,128,0,23,21,2,0.28350515463917525,0.06761448830366135,0.017108289524912834,0.039585597813129425,0.0012088550720363855,0.023358531296253204,0.010684112086892128,0.014222459867596626,0.011330018751323223,0.023445434868335724,0.05337563529610634,0.21362194418907166,0.12139828503131866,0.024455010890960693,0.038831837475299835,0.02564110793173313,0.0633598044514656,0.057576339691877365,0.0627262070775032,0.05219836160540581,0.07825769484043121,82,-2.117689894538485,-67,91,58,3353.90625,0.007528781890869141,-0.005070686340332031,-0.015518486499786377,65,17,1,231,-14,-6,-0.028186005703005057
g12109.t2,A0ABP9WW43,0.5275,20.0,1,160,2.622392035098308,33,34,93,30858.55078125,0.3216227889060974,0.17495572566986084,0.477888822555542,0.4443657398223877,0.033523079007864,87,6,0,34,25,26,7,19,0.4125,0.003709305077791214,0.17522898316383362,0.09525346010923386,0.0,0.002091184491291642,0.027645133435726166,0.025532672181725502,0.03177787363529205,0.05370178818702698,0.005646198056638241,0.2691367566585541,0.03177165240049362,0.009262535721063614,0.010246804915368557,0.047682471573352814,0.00010217543604085222,0.033420905470848083,0.01738034188747406,0.13359373807907104,0.02681606635451317,1,102,1.6895986431467287,6,49,47,16384.70703125,0.10420940816402435,0.22815673053264618,0.6389277577400208,0.49451586604118347,0.14441193640232086,72,15,6,0,12,18,6,12,0.4019607843137255,0.35776492953300476,0.014558926224708557,0.02289198338985443,0.007894311100244522,0.028706001117825508,0.0375213585793972,,0.0,0.02541014552116394,0.012997000478208065,0.13675090670585632,0.06483903527259827,0.009599902667105198,,,0.06271187961101532,0.08170005679130554,0.02677597478032112,0.0015753940679132938,0.10830213874578476,58,0.9327933919515792,27,-15,46,14473.84375,0.21741338074207306,-0.05320100486278534,-0.16103893518447876,15,-9,-6,34,13,7,0.010539215686274472
g18742.t1,A0ABP9WUI2,0.5227,10.7,1,141,2.234134233405739,65,33,43,22340.64453125,0.24901485443115234,0.4033357799053192,0.34764936566352844,0.27435845136642456,0.07329091429710388,125,22,0,37,7,20,10,10,0.41134751773049644,0.010772601701319218,0.13949638605117798,0.05540649965405464,,,0.0,,0.05549074709415436,0.060173358768224716,0.01723221316933632,0.13486208021640778,0.20961855351924896,0.03439483046531677,0.007221246603876352,0.0694064125418663,0.01820606179535389,0.055084846913814545,0.002455224050208926,0.0957537367939949,0.034425221383571625,1,116,1.6636369822634378,34,34,48,18289.94921875,0.20352470874786377,0.17397844791412354,0.6164988279342651,0.23527728021144867,0.3812215328216553,85,11,0,0,-4,11,14,-3,0.31896551724137934,0.024237919598817825,0.026814453303813934,0.022933414205908775,0.00034477797453291714,0.005997970700263977,0.04525092616677284,,0.01690271683037281,0.09652373939752579,0.0010584653355181217,0.21103937923908234,0.03641277551651001,0.017142925411462784,0.0003528217785060406,0.029939929023385048,0.141595721244812,0.23962582647800446,0.05284282937645912,0.0029989853501319885,0.027984390035271645,25,0.570497251142301,31,-1,-5,4050.6953125,0.045490145683288574,0.22935733199119568,-0.2688494622707367,40,11,0,37,11,13,0.0923820004891171
g12672.t1,A0ABP9WXJ7,0.513,13.9,1,91,1.3269169128144385,10,36,45,14148.2666015625,0.22108659148216248,0.19037865102291107,0.5671776533126831,0.3277606666088104,0.23941707611083984,68,2,0,67,1,11,10,1,0.3626373626373626,0.0,0.15460477769374847,0.0782836452126503,0.0,0.0,0.0006754835485480726,0.021357061341404915,0.01293659582734108,0.10564076900482178,0.0,0.17315584421157837,0.09894127398729324,0.04138381406664848,0.0,,0.11744880676269531,0.12196826189756393,0.03716214373707771,0.0,0.036441490054130554,1,208,1.9557028678261814,21,89,98,20358.5390625,0.23076683282852173,0.3027985394001007,0.43497541546821594,0.3048662543296814,0.13010917603969574,187,19,0,125,-1,19,12,7,0.2403846153846154,0.11025171726942062,0.006814904045313597,0.05625173822045326,0.0,0.031459130346775055,0.005435003899037838,0.0,0.04389916732907295,0.08666779845952988,0.0,0.19461454451084137,0.10819508135318756,0.05841286852955818,0.0006339445826597512,0.0013938560150563717,0.09897561371326447,0.031133560463786125,0.05697140842676163,0.023427041247487068,0.0854625552892685,-117,-0.628785955011743,-11,-53,-53,-6210.2724609375,-0.009680241346359253,-0.11241988837718964,0.13220223784446716,-119,-17,0,-58,2,-6,0.12225274725274723
g11900.t1,A0ABP9WZE2,0.5106,10.8,1,357,1.9132011353182052,162,52,143,22064.43359375,0.18525250256061554,0.27249544858932495,0.5162443518638611,0.34969714283943176,0.1665472388267517,360,52,4,131,1,24,16,8,0.18207282913165265,0.0021934935357421637,0.285403311252594,0.07442254573106766,0.0,0.0,0.06261204928159714,0.02600768208503723,0.031187156215310097,0.06423971056938171,0.0,0.06429381668567657,0.09233701229095459,0.023030994459986687,0.00014623290917370468,0.015662673860788345,0.05198569595813751,0.1145615428686142,0.03547654673457146,0.008773974142968655,0.0476655550301075,1,356,1.9355823894226114,168,50,138,23324.94921875,0.18132540583610535,0.1860782504081726,0.6203886270523071,0.3010088801383972,0.3193797469139099,366,36,4,204,-6,20,23,-3,0.17415730337078653,0.19557124376296997,0.008991465903818607,0.04106516391038895,0.0,0.01220776792615652,0.005517441779375076,0.0,0.03281852975487709,0.010290590114891529,0.02891102246940136,0.10543765127658844,0.02256041392683983,0.0491902232170105,0.00855755340307951,0.05672541633248329,0.17251178622245789,0.14686794579029083,0.050605930387973785,0.032903678715229034,0.019266225397586823,1,-0.022381254104406167,-6,2,5,-1260.515625,0.003927096724510193,0.08641719818115234,-0.10414427518844604,-6,16,0,-73,7,11,0.007915525760866127
g8119.t1,A0ABP9WXY5,0.5044,17.7,1,454,2.6985369540459976,34,192,228,38544.95703125,0.3537863790988922,0.5526947379112244,0.09343673288822174,0.06815601885318756,0.025280717760324478,396,19,0,587,-2,8,5,3,0.2687224669603524,0.02653564140200615,0.04524859040975571,0.11800386011600494,0.0,0.005153413396328688,0.006724793463945389,8.211677049985155e-05,0.2217242270708084,0.03248172998428345,0.04993181675672531,0.022907420992851257,0.028499169275164604,0.2197345793247223,0.062499821186065674,0.01330507081001997,0.003926409874111414,0.021354306489229202,0.014730813913047314,0.04444929212331772,0.06270694732666016,1,989,3.6134675258954543,32,364,593,71356.640625,0.3251897096633911,0.5130922198295593,0.15826080739498138,0.08887169510126114,0.06938912719488144,754,82,1,971,-17,15,22,-7,0.21739130434782608,0.03007538430392742,0.07099480926990509,0.0878157839179039,0.0,0.003457304323092103,0.012612965889275074,0.011535213328897953,0.32461047172546387,0.03259589895606041,0.014580409973859787,0.05879630520939827,0.017392417415976524,0.03749660775065422,0.02406364679336548,0.000751167070120573,0.048842497169971466,0.020546628162264824,0.04643954336643219,0.03716440126299858,0.1202285885810852,-535,-0.9149305718494567,2,-172,-365,-32811.68359375,0.0285966694355011,0.03960251808166504,-0.06482407450675964,-358,-63,-1,-384,15,10,0.05133116261252632
