incendi_protein,ortholog_accession,alntmscore,pident,incendi_num_chains,incendi_num_residues,incendi_rg_nm,incendi_helix_num,incendi_strand_num,incendi_coil_num,incendi_total_sasa_A2,incendi_frac_sasa_hydrophobic,incendi_frac_sasa_polar,incendi_frac_sasa_charged,incendi_frac_sasa_pos,incendi_frac_sasa_neg,incendi_num_hbonds,incendi_num_salt_bridges,incendi_num_disulfides,incendi_num_pipi,incendi_net_charge,incendi_num_exposed_pos,incendi_num_exposed_neg,incendi_surface_net_charge,incendi_highly_exposed_frac,incendi_frac_sasa_GLU,incendi_frac_sasa_GLY,incendi_frac_sasa_LEU,incendi_frac_sasa_CYS,incendi_frac_sasa_TRP,incendi_frac_sasa_GLN,incendi_frac_sasa_HIS,incendi_frac_sasa_ASN,incendi_frac_sasa_ILE,incendi_frac_sasa_PRO,incendi_frac_sasa_TYR,incendi_frac_sasa_MET,incendi_frac_sasa_VAL,incendi_frac_sasa_LYS,incendi_frac_sasa_ASP,incendi_frac_sasa_ALA,incendi_frac_sasa_SER,incendi_frac_sasa_THR,incendi_frac_sasa_ARG,incendi_frac_sasa_PHE,ortholog_num_chains,ortholog_num_residues,ortholog_rg_nm,ortholog_helix_num,ortholog_strand_num,ortholog_coil_num,ortholog_total_sasa_A2,ortholog_frac_sasa_hydrophobic,ortholog_frac_sasa_polar,ortholog_frac_sasa_charged,ortholog_frac_sasa_pos,ortholog_frac_sasa_neg,ortholog_num_hbonds,ortholog_num_salt_bridges,ortholog_num_disulfides,ortholog_num_pipi,ortholog_net_charge,ortholog_num_exposed_pos,ortholog_num_exposed_neg,ortholog_surface_net_charge,ortholog_highly_exposed_frac,ortholog_frac_sasa_GLU,ortholog_frac_sasa_GLY,ortholog_frac_sasa_LEU,ortholog_frac_sasa_CYS,ortholog_frac_sasa_TRP,ortholog_frac_sasa_GLN,ortholog_frac_sasa_HIS,ortholog_frac_sasa_ASN,ortholog_frac_sasa_ILE,ortholog_frac_sasa_PRO,ortholog_frac_sasa_TYR,ortholog_frac_sasa_MET,ortholog_frac_sasa_VAL,ortholog_frac_sasa_LYS,ortholog_frac_sasa_ASP,ortholog_frac_sasa_ALA,ortholog_frac_sasa_SER,ortholog_frac_sasa_THR,ortholog_frac_sasa_ARG,ortholog_frac_sasa_PHE,diff_num_residues,diff_rg_nm,diff_helix_num,diff_strand_num,diff_coil_num,diff_total_sasa_A2,diff_frac_sasa_hydrophobic,diff_frac_sasa_polar,diff_frac_sasa_charged,diff_num_hbonds,diff_num_salt_bridges,diff_num_disulfides,diff_num_pipi,diff_net_charge,diff_surface_net_charge,diff_highly_exposed_frac
g5060.t1,A0A1X6PK84,1.004,75.4,1,204,2.1731062886063817,82,32,90,25548.6015625,0.2369786500930786,0.19067078828811646,0.523618757724762,0.5033678412437439,0.020250968635082245,162,21,2,125,42,29,1,28,0.27941176470588236,0.00024682257208041847,0.007577431388199329,0.032456666231155396,0.0,0.04827320575714111,0.043313346803188324,0.04873181879520416,0.03868703544139862,0.004672749433666468,0.05556207150220871,0.06671684235334396,0.042659692466259,0.007758031133562326,0.16743551194667816,0.020004145801067352,0.027536695823073387,0.027068568393588066,0.007307574152946472,0.33593225479125977,0.018059544265270233,1,204,2.164147146888155,82,32,90,25473.14453125,0.19876326620578766,0.19882731139659882,0.5414062142372131,0.5232110619544983,0.018195198848843575,172,25,0,116,44,34,1,33,0.27450980392156865,0.0,0.006957890931516886,0.02723289281129837,0.0,0.023487355560064316,0.06763561069965363,0.061003196984529495,0.009735848754644394,0.004053268115967512,0.05263761430978775,0.08734383434057236,0.04177179932594299,0.018493033945560455,0.2108745276927948,0.018195198848843575,0.011200957000255585,0.02715413086116314,0.0,0.3123365342617035,0.01988634467124939,0,0.00895914171822687,0,0,0,75.45703125,0.038215383887290955,-0.00815652310848236,-0.017787456512451172,-10,-4,2,9,-2,-5,0.004901960784313708
g12123.t1,A0A1X6PJT0,1.003,78.2,1,188,2.6794486177425423,61,31,96,30202.45703125,0.36847934126853943,0.23715999722480774,0.3160320222377777,0.16757157444953918,0.14846044778823853,136,13,1,215,-2,14,12,2,0.3829787234042553,0.03800952434539795,0.013282856903970242,0.09930583089590073,0.0,0.0,0.061567701399326324,0.07832864671945572,0.027030061930418015,0.0,0.024563726037740707,0.0,0.09796126186847687,0.0054483599960803986,0.09010542184114456,0.11045092344284058,0.021523425355553627,0.04365483671426773,0.09162453562021255,0.07746615260839462,0.11967670172452927,1,147,1.5848261672639374,54,27,66,15958.7587890625,0.16494806110858917,0.262132465839386,0.5640966892242432,0.32220807671546936,0.24188856780529022,128,8,3,180,-1,14,11,3,0.2925170068027211,0.028845347464084625,0.020069893449544907,0.01860058307647705,0.0,0.0,0.07908079773187637,0.008822879754006863,0.042208749800920486,0.0,0.04632169380784035,0.0,0.05176525190472603,0.00020218027930241078,0.14769648015499115,0.2130432277917862,0.024403255432844162,0.06464778631925583,0.0561252199113369,0.1745116114616394,0.023655090481042862,41,1.0946224504786048,7,4,30,14243.6982421875,0.20353128015995026,-0.024972468614578247,-0.24806466698646545,8,5,-2,35,-1,-1,0.09046171660153424
g993.t1,A0A1X6PBG9,0.9997,67.1,1,391,2.1962757915272944,128,99,164,25109.80859375,0.23503397405147552,0.2732967436313629,0.46269190311431885,0.3056989908218384,0.15699289739131927,393,57,23,373,-1,25,20,5,0.1867007672634271,0.06832105666399002,0.03359481319785118,0.01297824177891016,0.0,0.0,0.07246996462345123,0.028977401554584503,0.09088678658008575,0.04612765461206436,0.07299453765153885,0.00963690597563982,0.04113921523094177,0.003641469171270728,0.24923601746559143,0.08867184072732925,0.034308817237615585,0.03782058134675026,0.028887681663036346,0.05646299198269844,0.02384405955672264,1,383,2.1578852752400226,129,101,153,23963.7265625,0.2006189525127411,0.14374515414237976,0.6172283887863159,0.2602772116661072,0.35695120692253113,382,47,10,268,-12,23,28,-5,0.2010443864229765,0.23047508299350739,0.027891306206583977,0.02179289236664772,0.0,0.0,0.04461423307657242,0.03840750455856323,0.008188092149794102,0.04436463490128517,0.02126701921224594,0.0024998921435326338,0.05658383294939995,0.0006578663596883416,0.19841597974300385,0.12647610902786255,0.04747020825743675,0.02031182125210762,0.04023981839418411,0.061861228197813034,0.008482503704726696,8,0.03839051628727175,-1,-2,11,1146.08203125,0.034415021538734436,0.12955158948898315,-0.15453648567199707,11,10,13,105,11,10,-0.014343619159549403
g16570.t1,A0A1X6PEX0,0.9993,75.0,1,148,1.9196067995034243,79,0,69,19365.67578125,0.1566627472639084,0.2616055905818939,0.5548286437988281,0.48765087127685547,0.06717776507139206,113,7,0,38,17,20,7,13,0.30405405405405406,0.03810206428170204,0.014116404578089714,0.0009996696608141065,0.0,0.017081784084439278,0.04064694419503212,0.026903046295046806,0.008008714765310287,0.05548166483640671,0.021648112684488297,0.06242356449365616,0.00016281309945043176,0.0003332232008688152,0.30876603722572327,0.02907569520175457,0.05762325972318649,0.06564563512802124,0.07076434046030045,0.1788848340511322,0.00333223189227283,1,146,1.935234705288691,79,0,67,19550.58984375,0.15896287560462952,0.2071491926908493,0.6241665482521057,0.5395088791847229,0.08465765416622162,108,5,1,34,19,23,6,17,0.3150684931506849,0.024037228897213936,0.01776929385960102,0.0,0.0,0.019744032993912697,0.011980398558080196,0.009721416980028152,0.057457566261291504,0.033981796354055405,0.001485321787185967,0.05097464844584465,0.04849211499094963,0.016338538378477097,0.3741030991077423,0.060620423406362534,0.03529027849435806,0.041747696697711945,0.027219610288739204,0.1654057651758194,0.0036307864356786013,2,-0.015627905785266627,0,0,2,-184.9140625,-0.0023001283407211304,0.05445639789104462,-0.06933790445327759,5,2,-1,4,-2,-4,-0.011014439096630857
g11501.t1,A0A1X6PL20,0.9986,68.4,1,73,1.1535497828751045,15,28,30,12046.9111328125,0.19458751380443573,0.2072584629058838,0.5568488836288452,0.4152238965034485,0.14162495732307434,62,5,0,63,2,11,6,5,0.3561643835616438,0.08273058384656906,0.03300269693136215,0.06111893057823181,0.0,0.04285309091210365,0.0073903934098780155,0.041305165737867355,0.04327085614204407,0.0002678318414837122,0.0,0.08597677201032639,0.04919925704598427,0.04114840552210808,0.2067050188779831,0.058894380927085876,0.0,,0.03761773928999901,0.2085188925266266,,1,73,1.1437504295970384,15,28,30,11794.935546875,0.2013244926929474,0.1735685020685196,0.5492766499519348,0.37117406725883484,0.1781025230884552,68,14,1,66,-1,10,6,4,0.3835616438356164,0.08043206483125687,0.03477700427174568,0.06330141425132751,0.0,,0.015804922208189964,0.07583042234182358,0.016100049018859863,0.0002735535381361842,0.0013677675742655993,0.09618762880563736,0.05992482602596283,0.015592550858855247,0.17315031588077545,0.09767046570777893,0.0288586113601923,0.0,0.010698913596570492,0.19802376627922058,0.03200576454401016,0,0.009799353278066025,0,0,0,251.9755859375,-0.006736978888511658,0.0336899608373642,0.0075722336769104,-6,-9,-1,-3,3,1,-0.0273972602739726
g9275.t1,A0A1X6P1Y2,0.9983,69.9,1,143,2.2094791523677535,33,41,69,20855.189453125,0.2159562110900879,0.23212751746177673,0.527164101600647,0.43795454502105713,0.08920956403017044,102,11,0,42,20,26,7,19,0.3706293706293706,0.060333285480737686,0.032685570418834686,0.0652707889676094,0.0,0.0,0.047784965485334396,0.024752099066972733,0.056135017424821854,0.022429700940847397,0.041669923812150955,0.02286769077181816,0.07143107056617737,0.0,0.22576434910297394,0.028876278549432755,0.014852344058454037,0.037645962089300156,0.035008322447538376,0.2121901959180832,0.000302369415294379,1,145,2.2696876838905102,33,41,71,21571.455078125,0.24266746640205383,0.19126370549201965,0.5472280979156494,0.431740939617157,0.11548718065023422,101,9,0,46,19,25,9,16,0.36551724137931035,0.0918084979057312,0.02252388186752796,0.06745141744613647,,0.0016453228890895844,0.037382468581199646,0.018840737640857697,0.038254912942647934,0.023877408355474472,0.03729821741580963,0.0,0.08895960450172424,0.0026923464611172676,0.24306151270866394,0.02367868646979332,0.01626955159008503,0.07350862771272659,0.01959383115172386,0.18867942690849304,0.004473603796213865,-2,-0.060208531522756736,0,0,-2,-716.265625,-0.026711255311965942,0.04086381196975708,-0.02006399631500244,1,2,0,-4,1,3,0.005112129250060271
g4920.t2,A0A1X6NLB2,0.9968,71.6,1,375,2.1765045700415944,164,74,137,25467.02734375,0.22058700025081635,0.2903071641921997,0.45907530188560486,0.1551227569580078,0.30395254492759705,357,44,1,194,-12,15,24,-9,0.18933333333333333,0.19961456954479218,0.04467226564884186,0.008347430266439915,0.0,0.0,0.10629723966121674,0.030030544847249985,0.008434658870100975,0.0013936455361545086,0.022467952221632004,0.011790509335696697,0.07227201014757156,0.06830267608165741,0.09852875769138336,0.10433798283338547,0.045396074652671814,0.03176998347043991,0.08734250068664551,0.05659398436546326,0.002407205756753683,1,373,2.1612327271270875,159,76,138,24944.099609375,0.20841316878795624,0.29263395071029663,0.49007686972618103,0.2010265439748764,0.28905031085014343,347,32,2,177,-9,19,25,-6,0.17962466487935658,0.19613848626613617,0.04918342083692551,0.004124489612877369,0.0,0.0005174043471924961,0.07854125648736954,0.008876027539372444,0.013671478256583214,0.06101242080330849,0.022577457129955292,0.012408046051859856,0.05289269611239433,0.004256790038198233,0.14212630689144135,0.09291183203458786,0.06044488772749901,0.09929628670215607,0.03953343257308006,0.05890023708343506,0.0025870217941701412,2,0.015271842914506895,5,-2,-1,522.927734375,0.012173831462860107,-0.002326786518096924,-0.031001567840576172,10,12,-1,17,-3,-3,0.009708668453976749
g9632.t1,A0A1X6PB77,0.995,69.7,1,149,1.610963471187802,53,27,69,16667.53515625,0.21633310616016388,0.19649150967597961,0.5654603242874146,0.32735496759414673,0.2381054013967514,126,8,1,119,1,16,13,3,0.28187919463087246,0.15081267058849335,0.0005697040469385684,0.04083270952105522,0.0058816964738070965,0.0,0.08182589709758759,0.021715018898248672,0.03870841860771179,0.0,0.019551850855350494,0.009339910000562668,0.09847215563058853,0.005789827089756727,0.19714440405368805,0.08729271590709686,0.05168657377362251,0.05803646892309189,0.0021294094622135162,0.1302105337381363,0.0,1,159,1.6235173854424916,52,28,79,16367.513671875,0.26598984003067017,0.16734136641025543,0.5666688084602356,0.311634361743927,0.2550344169139862,135,19,0,98,0,15,15,0,0.29559748427672955,0.037994399666786194,0.021188942715525627,0.022042730823159218,0.0,0.0,0.043037161231040955,0.0,0.018177935853600502,0.0,0.021093031391501427,0.006357015576213598,0.08292695879936218,0.0,0.13062207400798798,0.2170400172472,0.1395418792963028,0.07720039784908295,0.0013799178414046764,0.18101230263710022,0.000385273655410856,-10,-0.012553914254689547,1,-1,-10,300.021484375,-0.04965673387050629,0.029150143265724182,-0.001208484172821045,-9,-11,1,21,1,3,-0.013718289645857085
g10520.t1,A0A1X6PJJ8,0.9948,69.7,1,375,2.1760859970077844,166,74,135,25400.98828125,0.22010527551174164,0.28134486079216003,0.4682852625846863,0.15146516263484955,0.31682008504867554,362,42,1,193,-12,17,24,-7,0.184,0.20016498863697052,0.045027971267700195,0.007485753390938044,0.0,0.00012702443927992135,0.0853358656167984,0.030264632776379585,0.007590104825794697,0.0007621466065756977,0.022644702345132828,0.012580414302647114,0.0739770159125328,0.06754764169454575,0.09816912561655045,0.11665509641170502,0.04349618777632713,0.035954613238573074,0.094855897128582,0.05329602584242821,0.004064782056957483,1,374,2.165581537837634,162,76,136,24934.287109375,0.21413332223892212,0.2676483988761902,0.5089505314826965,0.24028095602989197,0.26866960525512695,348,33,2,227,-6,20,23,-3,0.1711229946524064,0.175624281167984,0.03031974472105503,0.006858305539935827,0.0,0.00012940198939759284,0.0812220424413681,0.00926772691309452,0.019401444122195244,0.01643405109643936,0.020877564325928688,0.011789519339799881,0.04602915793657303,0.03125627711415291,0.17564912140369415,0.09304533898830414,0.0903487354516983,0.08740464597940445,0.03751101344823837,0.06463182717561722,0.002199833746999502,1,0.010504459170150415,4,-2,-1,466.701171875,0.005971953272819519,0.013696461915969849,-0.040665268898010254,14,9,-1,-34,-6,-4,0.01287700534759359
g4337.t1,A0A1X6NRW3,0.9944,51.6,1,204,2.2264776515908244,110,21,73,24002.69140625,0.23583896458148956,0.2030280977487564,0.531929075717926,0.5182676911354065,0.013661406002938747,167,13,3,77,33,32,2,30,0.3235294117647059,0.00013135967310518026,0.004374710377305746,0.061016395688056946,0.0,0.0,0.0436449758708477,0.029203837737441063,0.06775073707103729,0.01908825896680355,0.01850765384733677,0.014321270398795605,0.04745655506849289,0.05269434303045273,0.28946131467819214,0.013530046679079533,0.029951272532343864,0.03479096665978432,0.03814544528722763,0.22880634665489197,0.007124491035938263,1,178,2.204404348676323,100,12,66,22877.8359375,0.2621766924858093,0.16900628805160522,0.5587536692619324,0.4894558787345886,0.06929779797792435,151,13,0,65,27,29,5,24,0.34831460674157305,0.03510875627398491,0.018945863470435143,0.01875748485326767,0.0,0.0038814214058220387,0.004824175499379635,0.010063238441944122,0.023073313757777214,0.01593681052327156,0.03424546867609024,0.0323905311524868,0.007038824260234833,0.05596787482500076,0.25912919640541077,0.03418904170393944,0.11943814903497696,0.028189338743686676,0.061583057045936584,0.23032672703266144,0.0069106523878872395,26,0.02207330291450127,10,9,7,1124.85546875,-0.026337727904319763,0.034021809697151184,-0.026824593544006348,16,0,3,12,6,6,-0.024785194976867153
g10520.t1,A0A1X6NLB2,0.9943,71.8,1,375,2.1760859970077844,166,74,135,25400.98828125,0.22010527551174164,0.28134486079216003,0.4682852625846863,0.15146516263484955,0.31682008504867554,362,42,1,193,-12,17,24,-7,0.184,0.20016498863697052,0.045027971267700195,0.007485753390938044,0.0,0.00012702443927992135,0.0853358656167984,0.030264632776379585,0.007590104825794697,0.0007621466065756977,0.022644702345132828,0.012580414302647114,0.0739770159125328,0.06754764169454575,0.09816912561655045,0.11665509641170502,0.04349618777632713,0.035954613238573074,0.094855897128582,0.05329602584242821,0.004064782056957483,1,373,2.1612327271270875,159,76,138,24944.099609375,0.20841316878795624,0.29263395071029663,0.49007686972618103,0.2010265439748764,0.28905031085014343,347,32,2,177,-9,19,25,-6,0.17962466487935658,0.19613848626613617,0.04918342083692551,0.004124489612877369,0.0,0.0005174043471924961,0.07854125648736954,0.008876027539372444,0.013671478256583214,0.06101242080330849,0.022577457129955292,0.012408046051859856,0.05289269611239433,0.004256790038198233,0.14212630689144135,0.09291183203458786,0.06044488772749901,0.09929628670215607,0.03953343257308006,0.05890023708343506,0.0025870217941701412,2,0.014853269880696907,7,-2,-3,456.888671875,0.0116921067237854,-0.011289089918136597,-0.02179160714149475,15,10,-1,16,-3,-1,0.00437533512064342
g10520.t1,A0A1X6PGF9,0.9941,68.5,1,375,2.1760859970077844,166,74,135,25400.98828125,0.22010527551174164,0.28134486079216003,0.4682852625846863,0.15146516263484955,0.31682008504867554,362,42,1,193,-12,17,24,-7,0.184,0.20016498863697052,0.045027971267700195,0.007485753390938044,0.0,0.00012702443927992135,0.0853358656167984,0.030264632776379585,0.007590104825794697,0.0007621466065756977,0.022644702345132828,0.012580414302647114,0.0739770159125328,0.06754764169454575,0.09816912561655045,0.11665509641170502,0.04349618777632713,0.035954613238573074,0.094855897128582,0.05329602584242821,0.004064782056957483,1,374,2.162719859830335,164,76,134,24980.48828125,0.1375838667154312,0.3286251127719879,0.5245478749275208,0.2463652491569519,0.27818262577056885,344,32,2,223,-6,22,23,-1,0.1925133689839572,0.18315188586711884,0.028340952470898628,0.00852473545819521,0.0,0.0001291626540478319,0.07918690890073776,0.00924321636557579,0.021769074723124504,0.01524119358509779,0.021364441141486168,0.009880336001515388,0.016585377976298332,0.031594786792993546,0.191778764128685,0.09503073245286942,0.0418192557990551,0.15789508819580078,0.031552754342556,0.054586488753557205,0.002324927831068635,1,0.013366137177449389,2,-2,1,420.5,0.08252140879631042,-0.04728025197982788,-0.05626261234283447,18,10,-1,-30,-6,-6,-0.008513368983957215
g10690.t1,A0A1X6NR24,0.9933,57.4,1,187,2.1213994932845908,39,81,67,21746.30859375,0.17932699620723724,0.06933891773223877,0.7138857245445251,0.606195330619812,0.10769044607877731,137,20,1,45,20,32,7,25,0.2620320855614973,0.06209946796298027,0.011864127591252327,0.014085204340517521,0.0,0.029343824833631516,0.04336528480052948,0.03744833916425705,0.007858047261834145,0.019585121423006058,0.036586564034223557,0.0,0.05657052993774414,0.01394698116928339,0.3343316614627838,0.04559096321463585,0.007576662115752697,0.0036247367970645428,0.002626724075525999,0.2718636393547058,0.0016320934519171715,1,191,2.126732513434615,42,77,72,22128.3828125,0.12923182547092438,0.06830642372369766,0.7115705013275146,0.4581271708011627,0.25344324111938477,159,25,1,14,7,25,14,11,0.27225130890052357,0.19325099885463715,0.003207826754078269,0.01093244832009077,0.0,0.009623480029404163,0.030856939032673836,0.0908912643790245,0.018591009080410004,0.02755814604461193,0.01577984169125557,0.002173857530578971,0.04896772280335426,0.004225174430757761,0.21336232125759125,0.060192279517650604,0.010395289398729801,0.006839330308139324,0.006637464743107557,0.24476483464241028,0.0017497236840426922,-4,-0.005333020150024126,-3,4,-5,-382.07421875,0.050095170736312866,0.0010324940085411072,0.002315223217010498,-22,-5,0,31,13,14,-0.010219223339026251
g10564.t1,A0A1X6P3A5,0.9933,60.6,1,216,1.9539862031752204,89,52,75,21133.625,0.13286033272743225,0.1903979778289795,0.6272935271263123,0.5261198878288269,0.10117363929748535,162,13,2,94,19,31,10,21,0.24537037037037038,0.06698759645223618,0.0051804594695568085,0.007633678615093231,0.00046387393376789987,0.0,0.10983113944530487,0.049448173493146896,0.033213190734386444,0.0,0.011297845281660557,0.0055584232322871685,0.06225648894906044,0.026100222021341324,0.43669259548187256,0.034186046570539474,0.024045372381806374,0.03187601640820503,0.004274860490113497,0.08942732959985733,0.0015267357230186462,1,217,1.9573083611799227,89,52,76,20886.705078125,0.16130368411540985,0.13855157792568207,0.6921771168708801,0.5597705245018005,0.132406547665596,157,12,0,61,17,30,13,17,0.2534562211981567,0.07532734423875809,0.004778267350047827,0.007723923772573471,0.0009387155878357589,0.0,0.049058955162763596,0.007967701181769371,0.06102954223752022,0.0,0.01591128297150135,0.001678131753578782,0.05378364026546478,0.023150639608502388,0.48549792170524597,0.05707920715212822,0.0579535998404026,0.007597135845571756,0.013470839709043503,0.07427261024713516,0.002780612325295806,-1,-0.003322158004702258,0,0,-1,246.919921875,-0.0284433513879776,0.051846399903297424,-0.06488358974456787,5,1,2,33,2,4,-0.008085850827786317
g4337.t1,A0A1X6NR99,0.9932,52.7,1,204,2.2264776515908244,110,21,73,24002.69140625,0.23583896458148956,0.2030280977487564,0.531929075717926,0.5182676911354065,0.013661406002938747,167,13,3,77,33,32,2,30,0.3235294117647059,0.00013135967310518026,0.004374710377305746,0.061016395688056946,0.0,0.0,0.0436449758708477,0.029203837737441063,0.06775073707103729,0.01908825896680355,0.01850765384733677,0.014321270398795605,0.04745655506849289,0.05269434303045273,0.28946131467819214,0.013530046679079533,0.029951272532343864,0.03479096665978432,0.03814544528722763,0.22880634665489197,0.007124491035938263,1,198,2.1474810130780138,109,21,68,23213.44140625,0.3025475740432739,0.1432046741247177,0.5520317554473877,0.48249751329421997,0.06953421235084534,188,15,0,66,27,30,5,25,0.32323232323232326,0.036521755158901215,0.020004864782094955,0.0180693157017231,0.0,0.0,0.0,0.0022159861400723457,0.006271116901189089,0.013760479167103767,0.03278374671936035,0.019966403022408485,0.05266803875565529,0.05294748768210411,0.25545576214790344,0.03301246091723442,0.11786306649446487,0.03710668534040451,0.05985559895634651,0.22704173624515533,0.01445545069873333,6,0.07899663851281069,1,0,5,789.25,-0.06670860946178436,0.059823423624038696,-0.02010267972946167,-21,-2,3,11,6,5,0.0002970885323826389
g89.t2,A0A1X6PEK4,0.9925,62.6,1,544,3.149346655683506,273,93,178,41669.0,0.17832554876804352,0.1901097446680069,0.5864114761352539,0.34060660004615784,0.24580487608909607,492,81,5,72,-6,48,42,6,0.20036764705882354,0.1760992705821991,0.02429930865764618,0.017422374337911606,0.0,0.0,0.05725620687007904,0.04515322670340538,0.03801187500357628,0.014768476597964764,0.021371446549892426,0.01885908469557762,0.04407702758908272,0.020426364615559578,0.16763150691986084,0.06970558315515518,0.01787790097296238,0.025965245440602303,0.02571803145110607,0.172975093126297,0.04238196462392807,1,545,3.18117326683871,269,95,181,44573.6796875,0.38574299216270447,0.23599380254745483,0.3362227976322174,0.18528880178928375,0.15093398094177246,500,66,9,40,-13,29,32,-3,0.21284403669724772,0.06830362230539322,0.06653429567813873,0.03278956934809685,0.0,7.23868070053868e-05,0.04826497659087181,0.04204040393233299,0.03513174131512642,0.015852710232138634,0.03086933121085167,0.01851571537554264,0.13639941811561584,0.0285795871168375,0.06582011282444,0.08263035118579865,0.08938433229923248,0.019354650750756264,0.048192426562309265,0.11946870386600494,0.05179566517472267,-1,-0.03182661115520391,4,-2,-3,-2904.6796875,-0.20741744339466095,-0.04588405787944794,0.2501886785030365,-8,15,-4,32,7,9,-0.012476389638424179
g16570.t2,A0A1X6PEX0,0.992,75.7,1,140,1.9359775330655178,79,0,61,19369.275390625,0.14564301073551178,0.228859081864357,0.5979430079460144,0.5170773863792419,0.08086562156677246,114,8,0,29,19,22,6,16,0.32142857142857145,0.055190980434417725,0.010797359049320221,0.001499225734733045,0.0,0.021746035665273666,0.039495501667261124,0.027554867789149284,0.009477942250669003,0.06629909574985504,0.020489418879151344,0.06007983535528183,0.006496644578874111,0.00033316126791760325,0.3194054663181305,0.025674641132354736,0.0262807197868824,0.058440085500478745,0.0505683533847332,0.19767192006111145,0.0024987095966935158,1,146,1.935234705288691,79,0,67,19550.58984375,0.15896287560462952,0.2071491926908493,0.6241665482521057,0.5395088791847229,0.08465765416622162,108,5,1,34,19,23,6,17,0.3150684931506849,0.024037228897213936,0.01776929385960102,0.0,0.0,0.019744032993912697,0.011980398558080196,0.009721416980028152,0.057457566261291504,0.033981796354055405,0.001485321787185967,0.05097464844584465,0.04849211499094963,0.016338538378477097,0.3741030991077423,0.060620423406362534,0.03529027849435806,0.041747696697711945,0.027219610288739204,0.1654057651758194,0.0036307864356786013,-6,0.0007428277768268821,0,0,-6,-181.314453125,-0.013319864869117737,0.02170988917350769,-0.02622354030609131,6,3,-1,-5,0,-1,0.006360078277886538
g4920.t2,A0A1X6PJJ8,0.9909,69.0,1,375,2.1765045700415944,164,74,137,25467.02734375,0.22058700025081635,0.2903071641921997,0.45907530188560486,0.1551227569580078,0.30395254492759705,357,44,1,194,-12,15,24,-9,0.18933333333333333,0.19961456954479218,0.04467226564884186,0.008347430266439915,0.0,0.0,0.10629723966121674,0.030030544847249985,0.008434658870100975,0.0013936455361545086,0.022467952221632004,0.011790509335696697,0.07227201014757156,0.06830267608165741,0.09852875769138336,0.10433798283338547,0.045396074652671814,0.03176998347043991,0.08734250068664551,0.05659398436546326,0.002407205756753683,1,374,2.165581537837634,162,76,136,24934.287109375,0.21413332223892212,0.2676483988761902,0.5089505314826965,0.24028095602989197,0.26866960525512695,348,33,2,227,-6,20,23,-3,0.1711229946524064,0.175624281167984,0.03031974472105503,0.006858305539935827,0.0,0.00012940198939759284,0.0812220424413681,0.00926772691309452,0.019401444122195244,0.01643405109643936,0.020877564325928688,0.011789519339799881,0.04602915793657303,0.03125627711415291,0.17564912140369415,0.09304533898830414,0.0903487354516983,0.08740464597940445,0.03751101344823837,0.06463182717561722,0.002199833746999502,1,0.010923032203960403,2,-2,1,532.740234375,0.006453678011894226,0.02265876531600952,-0.049875229597091675,9,11,-1,-33,-6,-6,0.01821033868092692
g11900.t1,A0A1X6NTT7,0.9908,54.9,1,357,1.9132011353182052,162,52,143,22064.43359375,0.18525250256061554,0.27249544858932495,0.5162443518638611,0.34969714283943176,0.1665472388267517,360,52,4,131,1,24,16,8,0.18207282913165265,0.1145615428686142,0.06261204928159714,0.008773974142968655,0.0,0.0,0.09233701229095459,0.02600768208503723,0.0476655550301075,0.0,0.07442254573106766,0.015662673860788345,0.06423971056938171,0.0021934935357421637,0.285403311252594,0.05198569595813751,0.03547654673457146,0.023030994459986687,0.031187156215310097,0.06429381668567657,0.00014623290917370468,1,413,2.5068755233260256,166,58,189,36693.03515625,0.3190077543258667,0.19301541149616241,0.4624183177947998,0.2608954906463623,0.2015228271484375,365,32,4,117,-1,26,23,3,0.23002421307506055,0.140351340174675,0.028224792331457138,0.030366845428943634,0.0036423560231924057,0.004740046802908182,0.044593218713998795,0.025558549910783768,0.024467935785651207,0.00888128113001585,0.023252252489328384,0.005991229321807623,0.058644115924835205,0.07888151705265045,0.13372160494327545,0.061171501874923706,0.09103928506374359,0.049933988600969315,0.0361618846654892,0.12717385590076447,0.023202409967780113,-56,-0.5936743880078204,-4,-6,-46,-14628.6015625,-0.13375525176525116,0.07948003709316254,0.05382603406906128,-5,20,0,14,2,5,-0.047951383943407894
g4920.t2,A0A1X6PGF9,0.9904,68.5,1,375,2.1765045700415944,164,74,137,25467.02734375,0.22058700025081635,0.2903071641921997,0.45907530188560486,0.1551227569580078,0.30395254492759705,357,44,1,194,-12,15,24,-9,0.18933333333333333,0.19961456954479218,0.04467226564884186,0.008347430266439915,0.0,0.0,0.10629723966121674,0.030030544847249985,0.008434658870100975,0.0013936455361545086,0.022467952221632004,0.011790509335696697,0.07227201014757156,0.06830267608165741,0.09852875769138336,0.10433798283338547,0.045396074652671814,0.03176998347043991,0.08734250068664551,0.05659398436546326,0.002407205756753683,1,374,2.162719859830335,164,76,134,24980.48828125,0.1375838667154312,0.3286251127719879,0.5245478749275208,0.2463652491569519,0.27818262577056885,344,32,2,223,-6,22,23,-1,0.1925133689839572,0.18315188586711884,0.028340952470898628,0.00852473545819521,0.0,0.0001291626540478319,0.07918690890073776,0.00924321636557579,0.021769074723124504,0.01524119358509779,0.021364441141486168,0.009880336001515388,0.016585377976298332,0.031594786792993546,0.191778764128685,0.09503073245286942,0.0418192557990551,0.15789508819580078,0.031552754342556,0.054586488753557205,0.002324927831068635,1,0.013784710211259377,0,-2,3,486.5390625,0.08300313353538513,-0.03831794857978821,-0.0654725730419159,13,12,-1,-29,-6,-8,-0.003180035650623886
g16255.t1,A0A1X6NTD2,0.99,55.6,1,133,2.144857704304464,28,12,93,20715.52734375,0.21841119229793549,0.08536121994256973,0.6962275505065918,0.5259143114089966,0.17031319439411163,87,9,1,78,27,28,6,22,0.38345864661654133,0.14065423607826233,0.005437219515442848,0.01012407336384058,0.010258521884679794,0.0,0.025581154972314835,0.0,0.008842556737363338,0.06764688342809677,0.0048284041695296764,0.013953541405498981,0.06060704216361046,0.04641497880220413,0.32561030983924866,0.029658960178494453,0.0034017523285001516,0.005762934219092131,0.015525294467806816,0.20030401647090912,0.02538806013762951,1,136,2.1215098495827434,28,12,96,21024.890625,0.267864465713501,0.11435592174530029,0.5985203385353088,0.424714595079422,0.17380577325820923,79,5,0,20,22,22,6,16,0.35294117647058826,0.11052379757165909,0.02876826375722885,0.021791771054267883,0.0,0.017908496782183647,0.0,0.019259268417954445,0.02727961353957653,0.10128568857908249,0.003529653185978532,0.0,0.06690292060375214,0.01780172437429428,0.3157654404640198,0.06328197568655014,0.037876930087804794,0.015701744705438614,0.04260630160570145,0.10894915461540222,0.000767315796110779,-3,0.02334785472172074,0,0,-3,-309.36328125,-0.04945327341556549,-0.02899470180273056,0.09770721197128296,8,4,1,58,5,6,0.030517470145953074
g11900.t1,A0A1X6PD89,0.9894,49.2,1,357,1.9132011353182052,162,52,143,22064.43359375,0.18525250256061554,0.27249544858932495,0.5162443518638611,0.34969714283943176,0.1665472388267517,360,52,4,131,1,24,16,8,0.18207282913165265,0.1145615428686142,0.06261204928159714,0.008773974142968655,0.0,0.0,0.09233701229095459,0.02600768208503723,0.0476655550301075,0.0,0.07442254573106766,0.015662673860788345,0.06423971056938171,0.0021934935357421637,0.285403311252594,0.05198569595813751,0.03547654673457146,0.023030994459986687,0.031187156215310097,0.06429381668567657,0.00014623290917370468,1,414,2.69108760860293,174,55,185,38266.7421875,0.36239826679229736,0.1949111819267273,0.4247167408466339,0.23940511047840118,0.18531166017055511,375,46,2,156,-3,23,25,-2,0.23671497584541062,0.12516088783740997,0.015099619515240192,0.0,0.0,0.01476928312331438,0.012236539274454117,0.01797373965382576,0.025002552196383476,0.0016020276816561818,0.056890808045864105,0.027336424216628075,0.07231388241052628,0.08112777024507523,0.04696075618267059,0.06015075370669365,0.11043967306613922,0.03702880069613457,0.07820722460746765,0.1924443542957306,0.025254804641008377,-57,-0.7778864732847246,-12,-3,-42,-16202.30859375,-0.17714576423168182,0.07758426666259766,0.09152761101722717,-15,6,2,-25,4,10,-0.05464214671375797
g7743.t1,A0A1X6NLC3,0.9882,55.6,1,503,3.887454739699156,171,99,233,58581.94140625,0.16091705858707428,0.3280367851257324,0.5110461115837097,0.2706053555011749,0.24044078588485718,406,61,2,171,-5,55,51,4,0.32803180914512925,0.1643960028886795,0.013824592344462872,0.007604287937283516,0.0,0.01740134507417679,0.09442248195409775,0.0,0.059301432222127914,0.008812397718429565,0.06591610610485077,0.0028175690677016973,0.02933969534933567,0.0016961010405793786,0.2395082712173462,0.07604479789733887,0.026732327416539192,0.015885312110185623,0.1417854130268097,0.031097067520022392,0.0034148043487221003,1,107,1.3107776473067092,17,43,47,13173.1123046875,0.23216788470745087,0.3128072917461395,0.45478448271751404,0.29784825444221497,0.15693625807762146,91,11,0,76,-1,10,6,4,0.3177570093457944,0.06893841922283173,0.054918043315410614,0.00408570421859622,0.0,0.0,0.04072299599647522,0.00024027634935919195,0.103855662047863,0.017099956050515175,0.14466679096221924,0.00598375266417861,0.059468455612659454,0.00047870021080598235,0.056452903896570206,0.08799783885478973,0.0,0.05832555145025253,0.0490012988448143,0.24139533936977386,0.006368289701640606,396,2.5766770923924467,154,56,186,45408.8291015625,-0.07125082612037659,0.015229493379592896,0.05626162886619568,315,50,2,95,-4,0,0.010274799799334877
g12290.t1,A0A1X6NSA7,0.9881,54.5,1,156,2.478647148409182,61,19,76,28795.35546875,0.46132615208625793,0.18214641511440277,0.3107251226902008,0.270952433347702,0.03977271541953087,98,8,0,84,16,20,5,15,0.391025641025641,0.03778134286403656,0.005826297216117382,0.1173195093870163,0.008965147659182549,0.008959812112152576,0.023854048922657967,0.045802321285009384,0.05270485207438469,0.08208048343658447,0.12069057673215866,0.0012044596951454878,0.07929869741201401,0.0,0.07494505494832993,0.001991370925679803,0.008515870198607445,0.053012605756521225,0.03657899051904678,0.1960073560476303,0.04446122795343399,1,150,1.778000532067642,65,17,68,19711.90234375,0.2853519022464752,0.2195650041103363,0.47024649381637573,0.3922969400882721,0.07794955372810364,107,12,0,83,10,19,7,12,0.30666666666666664,0.06206192076206207,0.0077225444838404655,0.04403131082653999,0.0,0.001145796268247068,0.013774562627077103,0.024836568161845207,0.027124973013997078,0.0,0.06614644080400467,0.028737172484397888,0.09167283028364182,0.047163210809230804,0.15796107053756714,0.015887631103396416,0.03339177370071411,0.014555759727954865,0.12764999270439148,0.23433588445186615,0.0018005368765443563,6,0.7006466163415399,-4,2,8,9083.453125,0.17597424983978271,-0.03741858899593353,-0.15952137112617493,-9,-4,0,1,6,3,0.08435897435897438
g17828.t1,A0A1X6NL10,0.9878,65.7,1,350,2.0061134840051293,149,57,144,22926.57421875,0.16255256533622742,0.2272518277168274,0.5911124348640442,0.43749895691871643,0.15361353754997253,343,69,18,265,2,32,20,12,0.1657142857142857,0.08843888342380524,0.025430241599678993,0.019414860755205154,0.0,0.003911109641194344,0.05220900475978851,0.01908307708799839,0.10086952149868011,0.00014073390047997236,0.06220117211341858,0.023146413266658783,0.05790165439248085,0.011821647174656391,0.3301481604576111,0.0651746317744255,0.003364779520779848,0.014363600872457027,0.011233043856918812,0.10735081136226654,0.003796606557443738,1,351,1.9938045791821124,146,57,148,23211.04296875,0.14915789663791656,0.16151900589466095,0.6667893528938293,0.3812435567378998,0.28554585576057434,340,57,9,205,-7,26,24,2,0.19373219373219372,0.14079713821411133,0.04182775691151619,0.027912307530641556,0.0,0.0029191910289227962,0.018947456032037735,0.022533759474754333,0.005728435702621937,0.00013583990221377462,0.049762092530727386,0.007048264145851135,0.01765703596174717,0.0008150394423864782,0.33178186416625977,0.1447487324476242,0.03692757710814476,0.040790874511003494,0.04717621952295303,0.04946162551641464,0.013028825633227825,-1,0.012308904823016942,3,0,-4,-284.46875,0.013394668698310852,0.06573282182216644,-0.07567691802978516,3,12,9,60,9,10,-0.028017908017908016
g11518.t1,A0A1X6P508,0.9853,76.4,1,504,2.747106705455714,140,150,214,39000.6640625,0.17374926805496216,0.16099058091640472,0.6454048156738281,0.5154024362564087,0.13000236451625824,432,44,12,266,12,41,25,16,0.19246031746031747,0.11050163954496384,0.03824875131249428,0.03680943697690964,0.0005865145358256996,0.0,0.032898642122745514,0.019855313003063202,0.022455858066678047,0.0004963832907378674,0.03959749639034271,0.0008178747957572341,0.034762486815452576,0.0005791138391941786,0.4113657474517822,0.019500738009810448,0.03726432844996452,0.02609654888510704,0.03988640755414963,0.10403674840927124,0.024240046739578247,1,449,2.295386786357101,101,150,198,27863.1875,0.10801346600055695,0.13029073178768158,0.7498987913131714,0.5591416358947754,0.1907571405172348,406,50,16,188,12,38,25,13,0.1603563474387528,0.10994429141283035,0.04423821344971657,0.01003724243491888,0.0,0.0017303877975791693,0.009530363604426384,0.011797046288847923,0.04938651621341705,0.0,0.011563758365809917,0.0,0.052914466708898544,0.0011500760447233915,0.4750817120075226,0.08081284910440445,0.030038531869649887,0.019737645983695984,0.0073979743756353855,0.0840599462389946,0.0005789980641566217,55,0.451719919098613,39,0,16,11137.4765625,0.06573580205440521,0.030699849128723145,-0.10449397563934326,26,-6,-4,78,0,3,0.032103970021564676
g3990.t1,A0A1X6P8N8,0.984,67.7,1,259,2.329165429580628,33,64,162,25688.548828125,0.21137242019176483,0.22488658130168915,0.5184397101402283,0.3705098032951355,0.14792987704277039,177,22,3,88,30,28,10,18,0.22393822393822393,0.09100398421287537,0.02053789049386978,0.051858339458703995,0.0,0.014444288797676563,0.03141480311751366,0.04530131816864014,0.044828109443187714,0.005643521901220083,0.040894877165555954,0.11067686229944229,0.07305411994457245,0.011178622953593731,0.19354960322380066,0.05692589655518532,0.00600887555629015,0.0009819116676226258,0.016447022557258606,0.17696021497249603,0.008289765566587448,1,254,2.287244395961963,24,64,166,24758.828125,0.23730964958667755,0.1993076205253601,0.4853889048099518,0.35572105646133423,0.1296677589416504,166,24,7,53,31,28,7,21,0.24803149606299213,0.09846075624227524,0.028986047953367233,0.03049127385020256,0.0,0.0,0.011631536297500134,0.07799398899078369,0.04701490327715874,0.016660036519169807,0.04086371883749962,0.07449126988649368,0.0611819326877594,0.003779251826927066,0.17737118899822235,0.03120700642466545,0.033269159495830536,0.0,0.03718385100364685,0.17834989726543427,0.05106425657868385,5,0.04192103361866506,9,0,-4,929.720703125,-0.02593722939491272,0.02557896077632904,0.03305080533027649,11,-2,-4,35,-1,-3,-0.024093272124768195
g2677.t1,A0A1X6P4R1,0.9801,51.9,1,146,2.8428864702513956,14,22,110,27516.423828125,0.2018314152956009,0.34910181164741516,0.38815149664878845,0.2517652213573456,0.13638627529144287,59,4,10,0,20,17,9,8,0.4383561643835616,0.12524473667144775,0.040187958627939224,0.016064472496509552,0.010085110552608967,,0.18214789032936096,0.060915276408195496,0.01986146718263626,0.02004058286547661,0.014188330620527267,0.020570000633597374,0.060601264238357544,0.05816042795777321,0.059738896787166595,0.011141534894704819,0.029375849291682243,0.021151762455701828,0.05509759113192558,0.19202633202075958,0.0034005087800323963,1,124,2.1534429241670927,32,18,74,21677.197265625,0.29836878180503845,0.20151260495185852,0.45697450637817383,0.3580465018749237,0.09892800450325012,65,1,10,9,19,18,9,9,0.4112903225806452,0.031001582741737366,0.03488945588469505,0.011758768931031227,0.02090015821158886,,0.011095983907580376,0.043144114315509796,0.056935567408800125,0.02572985552251339,0.015479897148907185,0.024013575166463852,0.06441270560026169,0.06727802008390427,0.2137104719877243,0.06792642176151276,0.11222107708454132,0.03120272234082222,0.02247515507042408,0.1443360298871994,0.0014884518459439278,22,0.6894435460843029,-18,4,36,5839.2265625,-0.09653736650943756,0.14758920669555664,-0.06882300972938538,-6,3,0,-9,1,-1,0.027065841802916435
g8493.t1,A0A1X6P5C6,0.9793,58.5,1,84,1.6795799888167362,16,22,46,16616.44921875,0.17470771074295044,0.22530262172222137,0.5558737516403198,0.26090794801712036,0.29496583342552185,56,3,1,15,0,9,8,1,0.36904761904761907,0.23723730444908142,0.016667697578668594,0.056068092584609985,0.0,,0.10984930396080017,0.04411598667502403,0.06331869959831238,0.0007767113856971264,0.0,0.00893218070268631,0.026214009150862694,0.01786435954272747,0.13497506082057953,0.057728540152311325,0.0,0.018039612099528313,0.008495127782225609,0.12593287229537964,0.07378454506397247,1,86,1.7134843296473303,16,22,48,17260.671875,0.1258096545934677,0.1563732922077179,0.6763604283332825,0.31685492396354675,0.3595055341720581,53,4,3,0,-3,9,11,-2,0.37209302325581395,0.22343800961971283,0.029521064832806587,0.07942357659339905,0.0,,0.05002269893884659,0.041456662118434906,0.022039923816919327,0.00037386102485470474,0.006168706808239222,0.002430096734315157,0.02657996490597725,0.009711864404380322,0.22348827123641968,0.13606750965118408,0.00037386102485470474,0.016703831031918526,0.035655681043863297,0.09336666017770767,0.0031778188422322273,-2,-0.033904340830594126,0,0,-2,-644.22265625,0.04889805614948273,0.06892932951450348,-0.12048667669296265,3,-1,-2,15,3,3,-0.0030454042081948796
g7755.t1,A0A1X6PCP5,0.9772,54.6,1,445,2.267878742323239,209,68,168,27515.828125,0.17512159049510956,0.2953236401081085,0.512191653251648,0.29932257533073425,0.2128690630197525,441,46,17,73,-2,32,22,10,0.16404494382022472,0.18063469231128693,0.030708031728863716,0.03176946938037872,0.0,0.003506694221869111,0.0929129496216774,0.017363158985972404,0.05830985680222511,0.01538457628339529,0.036950357258319855,0.05120289325714111,0.07359686493873596,0.007033014204353094,0.21959297358989716,0.032234370708465576,0.006880631670355797,0.019558602944016457,0.042631275951862335,0.07972957193851471,0.0,1,493,2.3228505234507018,223,68,202,29963.99609375,0.2748081386089325,0.2823989987373352,0.44182372093200684,0.19356980919837952,0.2482539266347885,476,60,23,151,-16,23,27,-4,0.17647058823529413,0.11594200134277344,0.032194606959819794,0.017642123624682426,0.0014062460977584124,0.00031689906609244645,0.02323620580136776,0.0009691269369795918,0.013415045104920864,0.018359065055847168,0.06589225679636002,0.04060801491141319,0.11482123285531998,0.007052922155708075,0.14623534679412842,0.13231194019317627,0.04695482924580574,0.08782663196325302,0.08371224254369736,0.0473344512283802,0.003768826834857464,-48,-0.054971781127462815,-14,0,-34,-2448.16796875,-0.09968654811382294,0.012924641370773315,0.07036793231964111,-35,-14,-6,-78,14,14,-0.012425644415069409
g5143.t2,A0A1X6P560,0.9765,58.8,1,187,2.2903760365856862,60,28,99,25756.947265625,0.17183227837085724,0.1470026671886444,0.6654812097549438,0.5460999608039856,0.11938126385211945,129,7,2,33,40,37,7,30,0.2994652406417112,0.06231394410133362,0.03022579848766327,0.059317514300346375,0.0,,0.00467207795009017,0.015683835372328758,0.03892762213945389,0.008017214015126228,0.013779587112367153,0.025573289021849632,0.07693836092948914,0.006012910511344671,0.21363867819309235,0.05706731602549553,0.0,0.021468760445713997,0.026135126128792763,0.33246126770973206,0.007766676135361195,1,241,3.0852024638988103,65,27,149,39882.12109375,0.30139198899269104,0.108845055103302,0.5560711622238159,0.458256334066391,0.09781482070684433,134,11,0,37,38,38,10,28,0.3817427385892116,0.0481608510017395,0.009395199827849865,0.051212601363658905,0.026712078601121902,,0.008252893574535847,0.033691804856061935,0.02093394286930561,0.04953210428357124,0.03774622082710266,0.016743868589401245,0.06862202286720276,0.033807847648859024,0.14126452803611755,0.04965398088097572,0.020547989755868912,0.026807084679603577,0.0,0.3169918358325958,0.039923202246427536,-54,-0.794826427313124,-5,1,-50,-14125.173828125,-0.1295597106218338,0.03815761208534241,0.10941004753112793,-5,-4,2,-4,2,2,-0.08227749794750039
g10348.t1,A0A1X6PF31,0.9765,69.4,1,457,2.322175997576103,202,80,175,31105.2734375,0.2136250138282776,0.19624723494052887,0.5576193332672119,0.2898883521556854,0.2677309513092041,440,57,62,404,-17,28,33,-5,0.16630196936542668,0.20507319271564484,0.015075655654072762,0.009128228761255741,0.0,0.008379648439586163,0.020630866289138794,0.03250839188694954,0.0805250033736229,0.01140555739402771,0.04921020194888115,0.02709617279469967,0.026599738746881485,0.012343854643404484,0.22965434193611145,0.06265775859355927,0.031146368011832237,0.02804596908390522,0.024873562157154083,0.06023404002189636,0.06541140377521515,1,451,2.1659001084706615,205,84,162,27624.765625,0.1186777725815773,0.22412559390068054,0.5975736379623413,0.3631896674633026,0.2343839704990387,422,48,21,346,-16,23,30,-7,0.1574279379157428,0.14608405530452728,0.023170823231339455,0.013198291882872581,0.0,0.00965480599552393,0.022645268589258194,0.05962298810482025,0.024159632623195648,0.0,0.037152379751205444,0.07139783352613449,0.006500765681266785,0.03713677451014519,0.2424582690000534,0.08829991519451141,0.011530784890055656,0.03373445197939873,0.049017585813999176,0.1207314059138298,0.0035039715003222227,6,0.15627588910544166,-3,-4,13,3480.5078125,0.09494724124670029,-0.027878358960151672,-0.039954304695129395,18,9,41,58,-1,2,0.008874031449683878
g9632.t1,A0A1X6PJT0,0.975,50.6,1,149,1.610963471187802,53,27,69,16667.53515625,0.21633310616016388,0.19649150967597961,0.5654603242874146,0.32735496759414673,0.2381054013967514,126,8,1,119,1,16,13,3,0.28187919463087246,0.15081267058849335,0.0005697040469385684,0.04083270952105522,0.0058816964738070965,0.0,0.08182589709758759,0.021715018898248672,0.03870841860771179,0.0,0.019551850855350494,0.009339910000562668,0.09847215563058853,0.005789827089756727,0.19714440405368805,0.08729271590709686,0.05168657377362251,0.05803646892309189,0.0021294094622135162,0.1302105337381363,0.0,1,147,1.5848261672639374,54,27,66,15958.7587890625,0.16494806110858917,0.262132465839386,0.5640966892242432,0.32220807671546936,0.24188856780529022,128,8,3,180,-1,14,11,3,0.2925170068027211,0.028845347464084625,0.020069893449544907,0.01860058307647705,0.0,0.0,0.07908079773187637,0.008822879754006863,0.042208749800920486,0.0,0.04632169380784035,0.0,0.05176525190472603,0.00020218027930241078,0.14769648015499115,0.2130432277917862,0.024403255432844162,0.06464778631925583,0.0561252199113369,0.1745116114616394,0.023655090481042862,2,0.026137303923864597,-1,0,3,708.7763671875,0.05138504505157471,-0.06564095616340637,0.0013636350631713867,-2,0,-2,-61,2,0,-0.010637812171848615
g8345.t1,A0A1X6P3T5,0.975,66.6,1,100,2.8975981520966276,40,9,51,23015.90234375,0.2805209755897522,0.23268592357635498,0.46861183643341064,0.44915905594825745,0.019452810287475586,66,1,10,29,29,25,1,24,0.53,0.019452810287475586,0.00294394139200449,0.11047805100679398,0.0,0.02476898953318596,0.042623370885849,0.018181215971708298,0.055828757584095,0.0,0.031121665611863136,0.06414492428302765,0.0824698731303215,0.006448633968830109,0.2531505525112152,,0.015420645475387573,0.005585134960711002,0.06155981868505478,0.19600850343704224,0.009813138283789158,1,93,2.480139063273854,15,9,69,21945.869140625,0.3076634109020233,0.2916657626628876,0.39497610926628113,0.3333378732204437,0.061638228595256805,51,2,6,39,23,18,2,16,0.4838709677419355,0.061638228595256805,0.02509307488799095,0.009556490927934647,0.0,0.02844308689236641,0.070031076669693,0.0056947520934045315,0.02050260454416275,0.03704643249511719,0.016613593325018883,0.04996446892619133,0.056691139936447144,0.014408248476684093,0.19939455389976501,,0.13255448639392853,0.03750241547822952,0.08857208490371704,0.1339433193206787,0.012349926866590977,7,0.4174590888227736,25,0,-18,1070.033203125,-0.027142435312271118,-0.05897983908653259,0.07363572716712952,15,-1,4,-10,6,8,0.04612903225806453
g15457.t1,A0A1X6PIK1,0.9746,56.6,1,113,1.4592481058269784,12,59,42,15725.140625,0.2946751117706299,0.23829509317874908,0.45361554622650146,0.31156373023986816,0.1420518457889557,84,12,10,55,6,13,8,5,0.2831858407079646,0.12721438705921173,0.013720009475946426,0.0,0.0012030362850055099,0.05836592987179756,0.12827986478805542,0.013414262793958187,0.025867611169815063,0.04558761417865753,0.030572406947612762,0.015948213636875153,0.09496618062257767,0.017183994874358177,0.1142096146941185,0.014837447553873062,0.011476267129182816,0.046710483729839325,0.0065658860839903355,0.19735410809516907,0.03652273863554001,1,113,1.4329233475574825,12,56,45,15164.81640625,0.24275226891040802,0.2583809494972229,0.47511398792266846,0.3024556040763855,0.17265836894512177,93,14,10,77,5,15,8,7,0.2743362831858407,0.15309986472129822,0.027623895555734634,0.03680287301540375,0.0010395727586001158,0.003326632548123598,0.036910299211740494,0.023752834647893906,0.0,0.0,0.009361671283841133,0.023104099556803703,0.14666131138801575,0.014684989117085934,0.2000868022441864,0.019558517262339592,0.0,0.0854361429810524,0.08426693081855774,0.10236881673336029,0.031914789229631424,0,0.026324758269495874,0,3,-3,560.32421875,0.05192284286022186,-0.020085856318473816,-0.021498441696166992,-9,-2,0,-22,1,-2,0.008849557522123908
g5964.t1,J7F5Q1,0.9735,55.6,1,257,2.890078713983306,58,49,150,36655.14453125,0.3190099000930786,0.31345880031585693,0.30644720792770386,0.18326003849506378,0.12318716198205948,189,27,4,185,0,20,16,4,0.35019455252918286,0.08826404064893723,0.013111067935824394,0.04506848007440567,0.050422895699739456,0.0,0.13569091260433197,0.06108405068516731,0.02295568957924843,0.019421279430389404,0.030544182285666466,0.01762411557137966,0.046277642250061035,0.012675510719418526,0.14771808683872223,0.03492312878370285,0.008846311829984188,0.0,0.07365413010120392,0.035541944205760956,0.15617649257183075,1,199,1.8360920437254824,55,47,97,20177.87109375,0.35598644614219666,0.22957322001457214,0.4029770493507385,0.16804133355617523,0.2349357306957245,168,11,0,209,-10,11,18,-7,0.2562814070351759,0.160843163728714,0.01687653735280037,0.009274500422179699,0.00032389737316407263,0.0,0.026185626164078712,0.011463257484138012,0.10506506264209747,0.07400329411029816,0.03425566479563713,0.03089665062725544,0.0861189216375351,0.0,0.16804133355617523,0.0740925669670105,0.08684223145246506,0.03886174410581589,0.01136370375752449,0.0,0.06549186259508133,58,1.0539866702578238,3,2,53,16477.2734375,-0.03697654604911804,0.08388558030128479,-0.09652984142303467,21,16,4,-24,10,11,0.09391314549400698
g14037.t1,A0A1X6NMK5,0.9717,52.6,1,192,1.8702556126109449,89,44,59,21508.3984375,0.18113695085048676,0.2142724245786667,0.5797368884086609,0.4978347718715668,0.08190210163593292,148,25,0,27,19,28,8,20,0.2552083333333333,0.04575077444314957,0.07225237786769867,0.0,0.0,,0.03135496750473976,0.02485371194779873,0.011755354702472687,0.0,0.016801491379737854,0.01397812832146883,0.06273633986711502,0.07895737141370773,0.34342631697654724,0.036151330918073654,0.0013501198263838887,0.06426101922988892,0.020670589059591293,0.15440848469734192,0.02129163034260273,1,195,1.8822624729347146,88,44,63,22091.7265625,0.17310106754302979,0.2509673833847046,0.5757855176925659,0.4150424301624298,0.16074304282665253,151,22,0,12,9,22,11,11,0.26666666666666666,0.11667418479919434,0.061081841588020325,0.012268387712538242,,,0.014036509208381176,0.0001460522471461445,0.008023387752473354,0.0,0.027016334235668182,0.012629960663616657,0.046374671161174774,0.00543677294626832,0.1830904334783554,0.04406886175274849,0.08200490474700928,0.056522343307733536,0.09867332875728607,0.2319519817829132,0.0,-3,-0.012006860323769741,1,0,-4,-583.328125,0.00803588330745697,-0.0366949588060379,0.003951370716094971,-3,3,0,15,10,9,-0.011458333333333348
g9539.t1,A0A1X6P5K0,0.9715,69.8,1,202,1.8343617880113237,107,16,79,21400.287109375,0.2422642707824707,0.2093578577041626,0.5368098616600037,0.4707939624786377,0.06601585447788239,171,16,0,41,17,25,9,16,0.2376237623762376,0.027993427589535713,0.037671223282814026,0.019716648384928703,0.0,0.0,0.049073342233896255,0.011568048037588596,0.063624307513237,0.10553981363773346,0.0,0.007397626992315054,0.06891179084777832,0.004372363910079002,0.2071748822927475,0.03802243620157242,0.04040667414665222,0.05053596943616867,0.0010553982574492693,0.263619065284729,0.003316965652629733,1,193,1.783097927058033,101,14,78,20728.017578125,0.3198044002056122,0.18427640199661255,0.4891205430030823,0.410704642534256,0.0784158930182457,168,17,5,23,12,25,9,16,0.25906735751295334,0.019166145473718643,0.03159348666667938,0.044335026293992996,0.0,0.0,0.030971208587288857,0.006798765156418085,0.05643889680504799,0.08483530580997467,0.0,0.0004563368274830282,0.08858268707990646,0.004895983263850212,0.1127806082367897,0.05924975126981735,0.09124027192592621,0.03234361857175827,0.03247284144163132,0.2979240119457245,0.005915122106671333,9,0.05126386095329072,6,2,1,672.26953125,-0.07754012942314148,0.02508145570755005,0.04768931865692139,3,-1,-5,18,5,0,-0.021443595136715732
g17716.t1,A0A1X6P9Q7,0.9706,43.1,1,490,2.5769988170073503,158,83,249,33585.7890625,0.33615508675575256,0.25140219926834106,0.39498451352119446,0.270121693611145,0.12486279010772705,485,74,0,701,3,27,25,2,0.17551020408163265,0.06805063039064407,0.029904361814260483,0.0720457062125206,0.0,0.013353561982512474,0.060495421290397644,0.01745818555355072,0.08887247741222382,0.003650614060461521,0.0684879869222641,0.012294313870370388,0.02933381125330925,0.06019948795437813,0.09972955286502838,0.05681217089295387,0.015814118087291718,0.040362417697906494,0.019473189488053322,0.17039214074611664,0.07326982170343399,1,510,2.6093353848461684,153,79,278,34190.1875,0.2686770558357239,0.2719447910785675,0.4452323019504547,0.26144418120384216,0.18378813564777374,467,63,0,459,-9,29,30,-1,0.18627450980392157,0.08856616914272308,0.03260861337184906,0.0755474716424942,0.0,0.005756602622568607,0.07905431091785431,0.014145862311124802,0.04443841800093651,0.005091705825179815,0.03690073639154434,0.0382680743932724,0.044779013842344284,0.024965161457657814,0.21324899792671204,0.09522195905447006,0.0699741318821907,0.019860249012708664,0.057715147733688354,0.048195164650678635,0.005662232171744108,-20,-0.03233656783881811,5,4,-29,-604.3984375,0.06747803092002869,-0.02054259181022644,-0.050247788429260254,18,11,0,242,12,3,-0.010764305722288925
g16767.t1,A0A1X6NZ46,0.9684,64.1,1,223,1.7528990516506096,70,48,105,20201.171875,0.22680078446865082,0.24234777688980103,0.4808831214904785,0.2900112271308899,0.1908719837665558,186,27,1,217,0,14,12,2,0.2242152466367713,0.15229490399360657,0.0036735767498612404,0.01565263420343399,0.0,0.0,0.09267158061265945,0.04996822029352188,0.09935421496629715,0.03322191163897514,0.034180235117673874,0.0007986036944203079,0.06911008059978485,0.03591117635369301,0.1925048679113388,0.038577090948820114,0.032495640218257904,0.016043899580836296,0.029805874451994896,0.0975063145160675,0.006229108665138483,1,220,1.783699075075424,64,47,109,21693.02734375,0.35129645466804504,0.22336693108081818,0.42194387316703796,0.2244425117969513,0.19750137627124786,182,22,3,202,2,11,15,-4,0.23636363636363636,0.0843241810798645,0.04007616639137268,0.03579125553369522,0.0,0.0017848387360572815,0.1137678250670433,0.0033926558680832386,0.013588749803602695,0.007139354944229126,0.03391193225979805,0.0011898925295099616,0.13611336052417755,0.044433996081352234,0.15718503296375275,0.11317721009254456,0.07858669012784958,0.001470410730689764,0.05327388644218445,0.06725744158029556,0.013535027392208576,3,-0.03080002342481447,6,1,-4,-1491.85546875,-0.12449567019939423,0.01898084580898285,0.05893924832344055,4,5,-2,15,-2,6,-0.01214838972686505
g18228.t1,A0A1X6NKC6,0.9677,54.6,1,109,1.311509278040779,40,2,67,13364.9365234375,0.1550847440958023,0.39457079768180847,0.450344443321228,0.3810012638568878,0.0693431869149208,86,7,1,85,6,12,6,6,0.3486238532110092,0.058255188167095184,0.0468825027346611,0.0,0.0,0.0,0.09290176630020142,0.0,0.1772020310163498,0.013278030790388584,0.06470022350549698,0.0,0.07569100707769394,0.0,0.30437275767326355,0.01108799409121275,0.0,0.07758445292711258,0.0,0.07662849873304367,0.0014154886594042182,1,173,1.841629506319905,61,15,97,18252.52734375,0.16756026446819305,0.3459939956665039,0.4745528995990753,0.2941246032714844,0.18042826652526855,137,17,1,78,7,19,9,10,0.31213872832369943,0.14501607418060303,0.06950456649065018,0.02669265866279602,0.0,0.0,0.06875380873680115,0.011892792768776417,0.057344917207956314,0.01608630269765854,0.027576519176363945,0.0029406514950096607,0.014143497683107853,0.010783127509057522,0.2075757533311844,0.035412196069955826,0.07227817177772522,0.05030542612075806,0.09714464843273163,0.08654885739088058,0.0,-64,-0.530120228279126,-21,-13,-30,-4887.5908203125,-0.012475520372390747,0.048576802015304565,-0.02420845627784729,-51,-10,0,7,-1,-4,0.03648512488730976
g13230.t1,A0A1X6P589,0.9663,59.2,1,665,3.177007303403427,254,171,240,46123.33984375,0.17832255363464355,0.23652715981006622,0.5555390119552612,0.29561930894851685,0.2599197030067444,600,88,0,273,-16,46,50,-4,0.18345864661654135,0.20582608878612518,0.05092325806617737,0.022174056619405746,0.0,0.01985517330467701,0.04456355422735214,0.029611261561512947,0.05504898354411125,0.014130856841802597,0.03527291864156723,0.027342576533555984,0.03142022341489792,0.019727235659956932,0.21221081912517548,0.0540936179459095,0.02461928315460682,0.02757701836526394,0.03107178583741188,0.08340846747159958,0.011122804135084152,1,657,2.9739714283560237,262,168,227,38316.0078125,0.1716347187757492,0.23219068348407745,0.595502495765686,0.2755647897720337,0.31993767619132996,587,72,1,228,-22,38,46,-8,0.1841704718417047,0.21240875124931335,0.05694896727800369,0.014904963783919811,0.0,0.0009246957488358021,0.057329390197992325,0.0006720693199895322,0.034903381019830704,0.005978826899081469,0.0399569571018219,0.013624023646116257,0.03137723356485367,0.0026946826837956905,0.2024584710597992,0.10752894729375839,0.075713150203228,0.022654695436358452,0.04673021286725998,0.0731063261628151,8.420883386861533e-05,8,0.20303587504740328,-8,3,13,7807.33203125,0.006687834858894348,0.0043364763259887695,-0.039963483810424805,13,16,-1,45,6,4,-0.0007118252251633594
g12290.t2,A0A1X6NSA7,0.9649,53.0,1,173,2.2155522676809487,75,19,79,25286.88671875,0.38806575536727905,0.15232513844966888,0.44641661643981934,0.4092274308204651,0.037189193069934845,113,7,0,64,22,27,4,23,0.31213872832369943,0.0269327312707901,0.0046425675973296165,0.07740229368209839,0.0,0.0006379880360327661,0.02902390994131565,0.013192502781748772,0.022149011492729187,0.0965428501367569,0.10844804346561432,0.01591981016099453,0.09061604738235474,0.0,0.16036896407604218,0.01025646273046732,0.013270151801407337,0.035009197890758514,0.04558063670992851,0.24885843694210052,0.0011483784765005112,1,150,1.778000532067642,65,17,68,19711.90234375,0.2853519022464752,0.2195650041103363,0.47024649381637573,0.3922969400882721,0.07794955372810364,107,12,0,83,10,19,7,12,0.30666666666666664,0.06206192076206207,0.0077225444838404655,0.04403131082653999,0.0,0.001145796268247068,0.013774562627077103,0.024836568161845207,0.027124973013997078,0.0,0.06614644080400467,0.028737172484397888,0.09167283028364182,0.047163210809230804,0.15796107053756714,0.015887631103396416,0.03339177370071411,0.014555759727954865,0.12764999270439148,0.23433588445186615,0.0018005368765443563,23,0.43755173561330674,10,2,11,5574.984375,0.10271385312080383,-0.06723986566066742,-0.023829877376556396,6,-5,0,-19,12,11,0.00547206165703279
g13230.t2,A0A1X6P589,0.9611,59.3,1,664,3.112250189716827,257,172,235,43306.078125,0.14197281002998352,0.23163534700870514,0.5955191254615784,0.31732073426246643,0.2781984508037567,610,91,0,275,-16,46,44,2,0.17620481927710843,0.22285126149654388,0.047905333340168,0.011394263245165348,0.0,0.012516943737864494,0.04241646081209183,0.030872728675603867,0.050241317600011826,0.006630999967455864,0.04040049761533737,0.03483595326542854,0.029208898544311523,0.00886616948992014,0.2151007056236267,0.05534714087843895,0.02624952606856823,0.027041207998991013,0.02919507771730423,0.10222001373767853,0.006705505773425102,1,657,2.9739714283560237,262,168,227,38316.0078125,0.1716347187757492,0.23219068348407745,0.595502495765686,0.2755647897720337,0.31993767619132996,587,72,1,228,-22,38,46,-8,0.1841704718417047,0.21240875124931335,0.05694896727800369,0.014904963783919811,0.0,0.0009246957488358021,0.057329390197992325,0.0006720693199895322,0.034903381019830704,0.005978826899081469,0.0399569571018219,0.013624023646116257,0.03137723356485367,0.0026946826837956905,0.2024584710597992,0.10752894729375839,0.075713150203228,0.022654695436358452,0.04673021286725998,0.0731063261628151,8.420883386861533e-05,7,0.13827876136080341,-5,4,8,4990.0703125,-0.029661908745765686,-0.0005553364753723145,1.6629695892333984e-05,23,19,-1,47,6,10,-0.007965652564596276
g8346.t1,A0A1X6P2M7,0.9558,52.4,1,231,2.7802152612774296,62,51,118,30962.802734375,0.10334102809429169,0.3642672896385193,0.5208820700645447,0.4743519425392151,0.04653015732765198,165,10,1,132,36,42,4,38,0.341991341991342,0.02942247875034809,0.014552715234458447,0.04474698752164841,0.00010553888569120318,0.0,0.09124457836151123,0.01150957215577364,0.013773642480373383,0.0,0.012504860758781433,0.0010254414519295096,0.01705174520611763,0.0,0.2773086726665497,0.017107678577303886,0.023201834410429,0.01390133984386921,0.22966405749320984,0.1970432549715042,0.005835601594299078,1,206,2.384109472365648,64,51,91,25417.296875,0.18291309475898743,0.1526312679052353,0.6564605832099915,0.5596185922622681,0.09684202075004578,154,11,0,145,25,33,10,23,0.28640776699029125,0.07388430088758469,0.015229462645947933,0.049045879393815994,0.0,0.0,0.02539094351232052,0.007994990795850754,0.04242786392569542,0.0011424864642322063,0.027292734012007713,0.01770215481519699,0.025373099371790886,0.024739401414990425,0.33920198678970337,0.02295771613717079,0.04562012106180191,0.02307138219475746,0.02880946360528469,0.2204166203737259,0.00969935953617096,25,0.3961057889117816,-2,0,27,5545.505859375,-0.07957206666469574,0.211636021733284,-0.13557851314544678,11,-1,1,-13,11,15,0.05558357500105077
g2272.t1,A0A1X6NQL8,0.9516,45.2,1,146,1.7195007224562324,71,0,75,18389.125,0.19686245918273926,0.12252200394868851,0.6656394600868225,0.4387543201446533,0.2268851399421692,123,18,37,129,11,20,13,7,0.3013698630136986,0.21487900614738464,0.03509477898478508,0.011931244283914566,0.0,0.0,0.03373606503009796,0.014976066537201405,0.037290532141923904,0.018247785046696663,0.04281210899353027,0.0010287555633112788,0.0515785738825798,0.007895676419138908,0.2944490313529968,0.01200614869594574,0.014036757871508598,0.005666156765073538,0.009705724194645882,0.1443052887916565,0.050360314548015594,1,323,3.2652159444983164,94,5,224,58989.15625,0.32248514890670776,0.20747344195842743,0.4354155957698822,0.19512243568897247,0.24029317498207092,167,27,6,127,-6,21,28,-7,0.4551083591331269,0.1204972192645073,0.07291411608457565,0.027280425652861595,0.007834983989596367,0.0,0.027575699612498283,0.034625835716724396,0.008752155117690563,0.0,0.06397659331560135,0.0,0.007466481998562813,0.0772416740655899,0.05914976820349693,0.11979594826698303,0.1425817906856537,0.04715070500969887,0.04324581101536751,0.13597264885902405,0.003938204143196344,-177,-1.545715222042084,-23,-5,-149,-40600.03125,-0.1256226897239685,-0.08495143800973892,0.2302238643169403,-44,-9,31,2,17,14,-0.1537384961194283
g4256.t1,A0A1X6P3F6,0.9508,49.6,1,319,1.94901360017685,187,38,94,21934.888671875,0.20605206489562988,0.31150567531585693,0.48244231939315796,0.3150503635406494,0.16739197075366974,339,46,6,268,1,25,18,7,0.21316614420062696,0.10194198042154312,0.017995158210396767,0.0073112305253744125,0.0001437429600628093,0.030293498188257217,0.07266916334629059,0.0,0.08220966905355453,0.004412895999848843,0.061315782368183136,0.00784595962613821,0.029908625409007072,0.008090309798717499,0.2892073094844818,0.06544999778270721,0.05641569197177887,0.09647579491138458,0.034166183322668076,0.02584303915500641,0.008304016664624214,1,328,1.9580462883880625,182,38,108,22796.2578125,0.18389862775802612,0.1844879388809204,0.6199636459350586,0.2418503612279892,0.3781132996082306,344,54,14,77,-17,18,29,-11,0.20121951219512196,0.20049454271793365,0.050822336226701736,0.044412244111299515,0.0,0.022624613717198372,0.04551108926534653,0.011649766005575657,0.008722727186977863,0.0016597387148067355,0.03198767825961113,0.0,0.04691730812191963,0.00792615208774805,0.19925689697265625,0.17761874198913574,0.023738844320178032,0.06782562285661697,0.01160614937543869,0.042593471705913544,0.004632045514881611,-9,-0.009032688211212392,5,0,-14,-861.369140625,0.02215343713760376,0.12701773643493652,-0.13752132654190063,-5,-8,-8,191,18,18,0.011946632005504998
g11900.t1,A0A1X6NI29,0.9499,44.0,1,357,1.9132011353182052,162,52,143,22064.43359375,0.18525250256061554,0.27249544858932495,0.5162443518638611,0.34969714283943176,0.1665472388267517,360,52,4,131,1,24,16,8,0.18207282913165265,0.1145615428686142,0.06261204928159714,0.008773974142968655,0.0,0.0,0.09233701229095459,0.02600768208503723,0.0476655550301075,0.0,0.07442254573106766,0.015662673860788345,0.06423971056938171,0.0021934935357421637,0.285403311252594,0.05198569595813751,0.03547654673457146,0.023030994459986687,0.031187156215310097,0.06429381668567657,0.00014623290917370468,1,359,1.9014109651429767,164,54,141,21755.03515625,0.37594524025917053,0.15454748272895813,0.4641071856021881,0.1958741694688797,0.2682330012321472,338,32,5,144,0,16,16,0,0.18384401114206128,0.1055181622505188,0.10573770850896835,0.0014831263106316328,0.0,0.0,0.0,0.005400132853537798,0.0018902766751125455,0.0,0.15802639722824097,0.019205786287784576,0.0,0.028834136202931404,0.024357767775654793,0.16271483898162842,0.18760161101818085,0.017240991815924644,0.01047271303832531,0.17151638865470886,0.0,-2,0.011790170175228543,-2,-2,2,309.3984375,-0.190692737698555,0.11794796586036682,0.052137166261672974,22,20,-1,-13,1,8,-0.0017711820104086284
g14011.t1,A0A1X6P6I6,0.9496,31.2,1,141,1.4855288482726174,50,44,47,15874.400390625,0.16649675369262695,0.39219245314598083,0.4413107633590698,0.2708379030227661,0.1704728752374649,135,20,1,233,1,11,10,1,0.2907801418439716,0.06475038081407547,0.012800412252545357,0.017581211403012276,0.0,0.0,0.03882328420877457,,0.07668882608413696,0.0351584292948246,0.018496178090572357,0.0010070056887343526,0.07331406325101852,0.0002032546908594668,0.20225173234939575,0.10572250932455063,0.021743616089224815,0.1643611639738083,0.09851173311471939,0.06858616322278976,0.0,1,142,1.4863960056408108,51,47,44,15598.69140625,0.20093190670013428,0.27307868003845215,0.5247483253479004,0.2748943865299225,0.2498539686203003,127,13,3,86,-3,14,16,-2,0.28169014084507044,0.13684770464897156,0.017036277800798416,0.011997140012681484,0.0,0.0,0.13404448330402374,0.0012410834897309542,0.019475014880299568,0.00020213142852298915,0.04695432633161545,0.03673262521624565,0.07458662986755371,0.03309555724263191,0.1436200737953186,0.11300626397132874,0.034096136689186096,0.008503668010234833,0.05728660523891449,0.13127431273460388,0.0,-1,-0.0008671573681933165,-1,-3,3,275.708984375,-0.034435153007507324,0.11911377310752869,-0.08343756198883057,8,7,-2,147,4,3,0.009090000998901171
g7761.t1,A0A1X6NKR1,0.946,59.4,1,590,3.21443410175121,293,95,202,49414.30859375,0.325496643781662,0.19474786520004272,0.4579184353351593,0.2878328859806061,0.17008554935455322,524,68,6,52,0,40,35,5,0.21016949152542372,0.11683914065361023,0.02675754390656948,0.06525944918394089,0.0003917747235391289,0.0,0.04665030166506767,0.02183704823255539,0.025761956349015236,0.011352774687111378,0.00992496032267809,0.029002217575907707,0.09578991681337357,0.012247323989868164,0.14909742772579193,0.05324642360210419,0.049243293702602386,0.026265747845172882,0.039918314665555954,0.13873544335365295,0.08167893439531326,1,558,2.7779313285565728,286,95,177,38143.453125,0.33907976746559143,0.20088307559490204,0.45028427243232727,0.171395942568779,0.2788882851600647,505,88,1,23,-16,30,39,-9,0.2007168458781362,0.24422815442085266,0.0718197375535965,0.018867112696170807,8.458978118142113e-05,,0.013940294273197651,0.009752893820405006,0.012316598556935787,0.009043391793966293,0.010827491991221905,0.010808207094669342,0.19907177984714508,0.020807156339287758,0.11461683362722397,0.03466013818979263,0.05001051723957062,0.04603593051433563,0.04587772488594055,0.056779101490974426,0.030452320352196693,32,0.43650277319463715,7,0,25,11270.85546875,-0.013583123683929443,-0.006135210394859314,0.007634162902832031,19,-20,5,29,16,14,0.009452645647287511
g17133.t1,A0A1X6PKN9,0.9459,67.7,1,132,2.719183544500486,67,0,65,26825.0,0.2623627781867981,0.2362091839313507,0.4868113696575165,0.39765915274620056,0.08915220946073532,84,1,0,0,9,19,8,11,0.4318181818181818,0.061125803738832474,0.027099085971713066,0.020890556275844574,,,0.10806509852409363,0.014616681262850761,0.002473324304446578,0.025256333872675896,0.005893784575164318,0.03415015712380409,0.1399884819984436,0.009141379036009312,0.2581024765968323,0.028026403859257698,0.047841042280197144,0.040130939334630966,0.02429058589041233,0.13955670595169067,0.013351226225495338,1,130,2.7532064520884574,60,0,70,26370.61328125,0.25578543543815613,0.2103024423122406,0.5256094336509705,0.3877209722995758,0.13788840174674988,87,0,0,1,11,19,8,11,0.46923076923076923,0.07521435618400574,0.04513595998287201,0.020775049924850464,,,0.04447498172521591,0.008302808739244938,0.0005987472832202911,0.07235625386238098,0.033157892525196075,0.032319407910108566,0.06117648631334305,0.004282384645193815,0.2869674563407898,0.06267404556274414,0.05914318561553955,0.05966300889849663,0.028110317885875702,0.10075350105762482,0.004894154146313667,2,-0.03402290758797122,7,0,-5,454.38671875,0.006577342748641968,0.025906741619110107,-0.03879806399345398,-3,1,0,-1,-2,0,-0.037412587412587406
g10910.t1,A0A1X6P937,0.9425,38.5,1,353,2.0973131337787545,97,98,158,24941.53515625,0.21020451188087463,0.0971151813864708,0.6702383756637573,0.4509773850440979,0.21926099061965942,322,27,18,158,-4,27,24,3,0.19830028328611898,0.11187265068292618,0.007179520092904568,0.031441036611795425,0.0,0.0,0.011291055008769035,0.022441957145929337,0.038695402443408966,0.018628470599651337,0.050486691296100616,0.0139326062053442,0.05360740050673485,0.048811253160238266,0.2835428714752197,0.10738832503557205,0.0049040489830076694,0.002401886275038123,0.02361469529569149,0.1674344837665558,0.0023256095591932535,1,410,2.6889323077164144,111,100,199,38019.484375,0.3539619743824005,0.26470956206321716,0.37844786047935486,0.25912541151046753,0.11932246387004852,339,35,4,98,1,22,17,5,0.23414634146341465,0.09749037772417068,0.03542015701532364,0.046380847692489624,0.00661056861281395,0.0,0.060267381370067596,0.0028805886395275593,0.01907208003103733,0.012810834683477879,0.03801397979259491,0.012069465592503548,0.07889924943447113,0.06086164712905884,0.12394512444734573,0.02183208055794239,0.06725672632455826,0.0858062133193016,0.045463677495718,0.1351802945137024,0.04973871633410454,-57,-0.59161917393766,-14,-2,-41,-13077.94921875,-0.14375746250152588,-0.16759438067674637,0.29179051518440247,-17,-8,14,60,-5,-2,-0.035846058177295664
g5413.t1,A0A1X6NNQ8,0.9423,41.2,1,1013,3.620591762044736,336,214,463,44092.56640625,0.10782301425933838,0.34103190898895264,0.5391998291015625,0.3492456078529358,0.18995420634746552,897,88,18,780,-1,55,31,24,0.13228035538005922,0.1258310079574585,0.01965741254389286,0.007750051096081734,0.00028603331884369254,0.02137705497443676,0.12262961268424988,0.011945306323468685,0.1187693253159523,0.01103442907333374,0.03827949985861778,0.013309349305927753,0.00116748979780823,0.007242819294333458,0.21640725433826447,0.06412319093942642,0.012336824089288712,0.05383213236927986,0.012548011727631092,0.13283833861351013,0.008634844794869423,1,464,2.488410328534802,169,80,215,30612.8359375,0.35984936356544495,0.17727497220039368,0.45476239919662476,0.24245217442512512,0.21231020987033844,368,42,18,193,-6,19,20,-1,0.1810344827586207,0.08800145238637924,0.03613032400608063,0.06341590732336044,0.0,0.0,0.036875855177640915,0.008113279938697815,0.01694309525191784,0.002162906341254711,0.07039350271224976,0.00815379898995161,0.02596977725625038,0.031154034659266472,0.09762537479400635,0.1243087574839592,0.13355273008346558,0.061013128608465195,0.01815878227353096,0.14482678472995758,0.033200521022081375,549,1.1321814335099338,167,134,248,13479.73046875,-0.25202634930610657,0.16375693678855896,0.08443742990493774,529,46,0,587,5,25,-0.04875412737856147
g10396.t1,A0A1X6P015,0.9419,56.8,1,150,2.492188784509351,48,36,66,25934.296875,0.24991004168987274,0.11692671477794647,0.6326656341552734,0.5782984495162964,0.054367125034332275,105,14,3,51,28,32,6,26,0.35333333333333333,0.05265938863158226,0.016424482688307762,0.035457514226436615,0.0,,0.055638376623392105,0.0004976493073627353,0.004156675189733505,0.0,0.01965714618563652,0.0,0.08093617856502533,0.0,0.3685007095336914,0.0017077357042580843,0.04766087979078293,0.021841896697878838,0.01886529102921486,0.20979779958724976,0.06619831174612045,1,132,2.171579794148205,52,36,44,20846.65625,0.29514968395233154,0.1521042138338089,0.552746057510376,0.4992748498916626,0.05347120761871338,103,14,0,146,23,24,4,20,0.3787878787878788,0.022989483550190926,0.03162610903382301,0.053087905049324036,0.0,,0.025050505995750427,0.0,0.007895258255302906,0.0018573029665276408,0.008357862941920757,0.022993013262748718,0.08559204638004303,0.011910635977983475,0.33977824449539185,0.030481724068522453,0.04846886545419693,0.04808424040675163,0.016455091536045074,0.15949663519859314,0.08587506413459778,18,0.320608990361146,-4,0,22,5087.640625,-0.0452396422624588,-0.03517749905586243,0.07991957664489746,2,0,3,-95,5,6,-0.025454545454545452
g7479.t2,A0A1X6P5C2,0.9415,37.0,1,192,1.6386317911069535,104,23,65,17331.380859375,0.19094640016555786,0.40771400928497314,0.3921232223510742,0.276321679353714,0.11580157279968262,194,14,0,339,0,16,14,2,0.2604166666666667,0.09775718301534653,0.033391375094652176,0.0,0.0,0.0,0.07464759051799774,0.00921634491533041,0.1947356015443802,0.0,0.09443321079015732,0.019131679087877274,0.03694372624158859,0.00037233575130812824,0.244684636592865,0.018044382333755493,0.0012989308452233672,0.008385459892451763,0.07742227613925934,0.0316370464861393,0.05789820849895477,1,224,1.6680475486992667,111,25,88,17625.892578125,0.2027614414691925,0.33608072996139526,0.45951032638549805,0.17931105196475983,0.2801993191242218,211,8,0,304,-5,12,17,-5,0.26339285714285715,0.11216903477907181,0.06204517185688019,0.023588763549923897,,0.0012814003275707364,0.03315836563706398,0.00164751464035362,0.057037390768527985,0.002741684438660741,0.040168244391679764,0.027037059888243675,0.02341892570257187,0.0038442006334662437,0.15933838486671448,0.1680302619934082,0.06158781051635742,0.09893696010112762,0.05786579102277756,0.019972674548625946,0.046130407601594925,-32,-0.029415757592313296,-7,-2,-23,-294.51171875,-0.011815041303634644,0.07163327932357788,-0.06738710403442383,-17,6,0,35,5,7,-0.0029761904761904656
g7479.t1,A0A1X6P5C2,0.9392,37.0,1,196,1.6664771428489458,104,23,69,17998.828125,0.25062841176986694,0.38030195236206055,0.36745625734329224,0.2674902379512787,0.09996604919433594,190,14,0,354,1,15,12,3,0.23979591836734693,0.08292480558156967,0.026258522644639015,0.05931730940937996,0.0,0.0,0.06923211365938187,0.0016133782919496298,0.17541499435901642,0.0,0.09076026827096939,0.019799120724201202,0.03566126525402069,0.0005377927445806563,0.24302928149700165,0.017041238024830818,0.0010714984964579344,0.017123540863394737,0.07247363775968552,0.024460917338728905,0.06328027695417404,1,224,1.6680475486992667,111,25,88,17625.892578125,0.2027614414691925,0.33608072996139526,0.45951032638549805,0.17931105196475983,0.2801993191242218,211,8,0,304,-5,12,17,-5,0.26339285714285715,0.11216903477907181,0.06204517185688019,0.023588763549923897,,0.0012814003275707364,0.03315836563706398,0.00164751464035362,0.057037390768527985,0.002741684438660741,0.040168244391679764,0.027037059888243675,0.02341892570257187,0.0038442006334662437,0.15933838486671448,0.1680302619934082,0.06158781051635742,0.09893696010112762,0.05786579102277756,0.019972674548625946,0.046130407601594925,-28,-0.0015704058503209772,-7,-2,-19,372.935546875,0.04786697030067444,0.04422122240066528,-0.09205406904220581,-21,6,0,50,6,8,-0.023596938775510223
g6397.t1,A0A1X6NTK0,0.9365,50.0,1,173,5.488487289593995,97,12,64,35389.3203125,0.1429259479045868,0.3427773714065552,0.5122960209846497,0.5017601251602173,0.01053598988801241,127,6,6,13,39,40,3,37,0.5953757225433526,0.006081275176256895,0.010975854471325874,0.011031919158995152,0.0013364141341298819,,0.270498126745224,0.002000601962208748,0.006797023117542267,0.0043762982822954655,0.03714212402701378,0.034266818314790726,0.04256238415837288,0.015681734308600426,0.27425476908683777,0.0044547137804329395,0.021373089402914047,0.013619238510727882,0.005283869802951813,0.22750526666641235,0.010758399963378906,1,114,2.8394585293897285,39,12,63,23101.06640625,0.2352249175310135,0.17353452742099762,0.5702177882194519,0.5583212375640869,0.011896624229848385,78,7,1,3,25,27,3,24,0.4473684210526316,0.010382534004747868,0.01523376815021038,0.009497619234025478,0.0,,0.030955832451581955,0.021022794768214226,0.02782358042895794,0.0227663516998291,0.06123548001050949,0.05402771383523941,0.10279232263565063,0.012849721126258373,0.36326515674591064,0.00151408975943923,0.010440289042890072,0.009472145698964596,0.03602147474884987,0.19505605101585388,0.01564313843846321,59,2.6490287602042666,58,0,1,12288.25390625,-0.0922989696264267,0.16924284398555756,-0.057921767234802246,49,-1,5,10,14,13,0.148007301490721
g10268.t3,J7F693,0.9351,51.5,1,692,3.463541666437159,249,173,270,55948.4921875,0.2163972407579422,0.25248050689697266,0.5173553228378296,0.37840908765792847,0.13894623517990112,606,101,6,110,7,61,32,29,0.2153179190751445,0.08485826104879379,0.03056117333471775,0.023282431066036224,0.0,0.005154614802449942,0.09516490250825882,0.013766856864094734,0.029309185221791267,0.00668971287086606,0.04819837957620621,0.03548869118094444,0.04081026837229729,0.014868145808577538,0.21072210371494293,0.05408798158168793,0.030981600284576416,0.05272052437067032,0.009236032143235207,0.16768698394298553,0.046412110328674316,1,621,3.06146652701349,262,172,187,40414.41796875,0.1583678424358368,0.30734947323799133,0.5334182381629944,0.29746660590171814,0.23595160245895386,588,86,1,94,-23,44,44,0,0.178743961352657,0.1084999144077301,0.019959887489676476,0.030238013714551926,0.0,0.0,0.08930281549692154,0.0008645375492051244,0.09640944749116898,0.014131061732769012,0.023840175941586494,0.006976218894124031,0.02976081520318985,0.019400272518396378,0.24033333361148834,0.12745168805122375,0.013294223695993423,0.03380003571510315,0.06090101972222328,0.05713324621319771,0.027703270316123962,71,0.402075139423669,-13,1,83,15534.07421875,0.05802939832210541,-0.05486896634101868,-0.016062915325164795,18,15,5,16,30,29,0.036573957722487505
g14003.t1,A0A1X6P6I6,0.9348,25.1,1,141,1.4828874839418211,50,44,47,16040.8046875,0.24362069368362427,0.3389342725276947,0.4158359169960022,0.2605290412902832,0.1553068459033966,135,22,1,272,2,11,11,0,0.28368794326241137,0.07479902356863022,0.006633237469941378,0.0,0.0,0.0,0.0725732371211052,0.001609169295988977,0.1616712063550949,0.06311403214931488,0.013879084028303623,0.0013850938994437456,0.10671938210725784,0.009051577188074589,0.2001488357782364,0.08050781488418579,0.05085661634802818,0.06400386244058609,0.03266759216785431,0.060380224138498306,0.0,1,142,1.4863960056408108,51,47,44,15598.69140625,0.20093190670013428,0.27307868003845215,0.5247483253479004,0.2748943865299225,0.2498539686203003,127,13,3,86,-3,14,16,-2,0.28169014084507044,0.13684770464897156,0.017036277800798416,0.011997140012681484,0.0,0.0,0.13404448330402374,0.0012410834897309542,0.019475014880299568,0.00020213142852298915,0.04695432633161545,0.03673262521624565,0.07458662986755371,0.03309555724263191,0.1436200737953186,0.11300626397132874,0.034096136689186096,0.008503668010234833,0.05728660523891449,0.13127431273460388,0.0,-1,-0.0035085216989896306,-1,-3,3,442.11328125,0.04268878698348999,0.06585559248924255,-0.1089124083518982,8,9,-2,186,5,2,0.0019978024173409326
g13973.t1,A0A1X6P6I6,0.9346,26.4,1,139,1.4653399776339953,50,47,42,15485.7666015625,0.24038146436214447,0.34224724769592285,0.41695457696914673,0.2768353819847107,0.14011918008327484,138,20,1,224,2,11,8,3,0.302158273381295,0.08575113862752914,0.0075008017010986805,0.008750935085117817,0.0,0.0,0.07575986534357071,0.00041671120561659336,0.1639871895313263,0.06832639127969742,0.010834491811692715,0.0012263826793059707,0.07325372844934464,0.010417780838906765,0.21735695004463196,0.054368048906326294,0.06879813969135284,0.035613905638456345,0.05815906077623367,0.059478454291820526,0.0,1,142,1.4863960056408108,51,47,44,15598.69140625,0.20093190670013428,0.27307868003845215,0.5247483253479004,0.2748943865299225,0.2498539686203003,127,13,3,86,-3,14,16,-2,0.28169014084507044,0.13684770464897156,0.017036277800798416,0.011997140012681484,0.0,0.0,0.13404448330402374,0.0012410834897309542,0.019475014880299568,0.00020213142852298915,0.04695432633161545,0.03673262521624565,0.07458662986755371,0.03309555724263191,0.1436200737953186,0.11300626397132874,0.034096136689186096,0.008503668010234833,0.05728660523891449,0.13127431273460388,0.0,-3,-0.021056028006815497,-1,0,-2,-112.9248046875,0.03944955766201019,0.0691685676574707,-0.10779374837875366,11,7,-2,138,5,5,0.020468132536224537
g17133.t1,A0A1X6NSX7,0.9288,68.5,1,132,2.719183544500486,67,0,65,26825.0,0.2623627781867981,0.2362091839313507,0.4868113696575165,0.39765915274620056,0.08915220946073532,84,1,0,0,9,19,8,11,0.4318181818181818,0.061125803738832474,0.027099085971713066,0.020890556275844574,,,0.10806509852409363,0.014616681262850761,0.002473324304446578,0.025256333872675896,0.005893784575164318,0.03415015712380409,0.1399884819984436,0.009141379036009312,0.2581024765968323,0.028026403859257698,0.047841042280197144,0.040130939334630966,0.02429058589041233,0.13955670595169067,0.013351226225495338,1,129,2.7470333908770455,60,0,69,26415.51953125,0.27112913131713867,0.19865234196186066,0.5240842700004578,0.38678833842277527,0.1372959017753601,87,0,0,1,10,18,9,9,0.46511627906976744,0.07700183987617493,0.032095830887556076,0.020620370283722878,,,0.045705411583185196,0.00613420270383358,0.000955812749452889,0.07286625355482101,0.03175792470574379,0.03407995030283928,0.06892195343971252,0.004885834641754627,0.2763597071170807,0.060294073075056076,0.0668245330452919,0.05631770193576813,0.029497649520635605,0.11042861640453339,0.005252271890640259,3,-0.027849846376559295,7,0,-4,409.48046875,-0.008766353130340576,0.03755684196949005,-0.037272900342941284,-3,1,0,-1,-1,2,-0.03329809725158561
g8749.t1,A0A1X6NM55,0.9267,44.0,1,172,1.4744341612294183,23,56,93,15771.875,0.20759722590446472,0.13824602961540222,0.6541568040847778,0.49790364503860474,0.1562531292438507,164,21,6,144,4,22,10,12,0.2441860465116279,0.08307071775197983,0.023813478648662567,0.0256040021777153,0.0,0.014320316724479198,0.0,0.0,0.08258930593729019,0.029203053563833237,0.05049761012196541,0.003445143112912774,0.07314082235097885,0.004807214718312025,0.35924601554870605,0.07318239659070969,0.005932702217251062,0.010493364185094833,0.0179047379642725,0.1386576145887375,0.004091519396752119,1,200,1.6098404107290454,27,55,118,18432.05859375,0.41177642345428467,0.18918727338314056,0.39903634786605835,0.24175193905830383,0.15728439390659332,153,15,3,126,-2,11,12,-1,0.245,0.05926255136728287,0.058423399925231934,0.0,0.0,0.0,0.05921731889247894,0.0,0.0022297361865639687,0.0,0.08461681753396988,0.003325964789837599,0.1301567256450653,0.13465340435504913,0.007410670630633831,0.09802184998989105,0.06182430312037468,0.05288200080394745,0.013108853250741959,0.23434127867221832,0.0005251523689366877,-28,-0.1354062494996271,-4,1,-25,-2660.18359375,-0.20417919754981995,-0.05094124376773834,0.2551204562187195,11,6,3,18,6,13,-0.0008139534883720989
g13230.t1,A0A1X6NZN2,0.9255,61.3,1,665,3.177007303403427,254,171,240,46123.33984375,0.17832255363464355,0.23652715981006622,0.5555390119552612,0.29561930894851685,0.2599197030067444,600,88,0,273,-16,46,50,-4,0.18345864661654135,0.20582608878612518,0.05092325806617737,0.022174056619405746,0.0,0.01985517330467701,0.04456355422735214,0.029611261561512947,0.05504898354411125,0.014130856841802597,0.03527291864156723,0.027342576533555984,0.03142022341489792,0.019727235659956932,0.21221081912517548,0.0540936179459095,0.02461928315460682,0.02757701836526394,0.03107178583741188,0.08340846747159958,0.011122804135084152,1,678,3.070372188121201,261,170,247,44307.5625,0.23581574857234955,0.18975712358951569,0.5658034086227417,0.3070928454399109,0.2587105929851532,610,79,0,166,-16,46,42,4,0.19174041297935104,0.14610157907009125,0.04341327026486397,0.01609356701374054,0.0,0.018349649384617805,0.04161183163523674,0.008623646572232246,0.018733184784650803,0.0005825725384056568,0.027963483706116676,0.007220500614494085,0.07550525665283203,0.01143298577517271,0.1963486522436142,0.11260902136564255,0.08115483820438385,0.05146762356162071,0.027310725301504135,0.1107441782951355,0.004733402281999588,-13,0.1066351152822258,-7,1,-7,1815.77734375,-0.057493194937705994,0.04677003622055054,-0.010264396667480469,-10,9,0,107,0,-8,-0.008281766362809695
g8272.t1,A0A1X6NVB9,0.9233,38.0,1,105,1.2689113732412907,42,29,34,12866.880859375,0.22228989005088806,0.17020253837108612,0.606504499912262,0.36402755975723267,0.24247688055038452,94,11,1,102,-2,14,12,2,0.3523809523809524,0.22845207154750824,0.01902945339679718,0.0,0.0,0.04448729380965233,0.015299538150429726,0.0010030546691268682,0.04145314171910286,0.005636072717607021,0.0599096454679966,0.0,0.06749023497104645,0.0,0.36402755975723267,0.014024828560650349,0.013671944849193096,0.0,0.0944204181432724,,0.031094692647457123,1,129,1.5153982341787873,44,29,56,16297.7646484375,0.33849626779556274,0.17006950080394745,0.4889095425605774,0.430433988571167,0.058475565165281296,98,7,3,53,3,12,7,5,0.3643410852713178,0.019733047112822533,0.002554847626015544,0.0,0.0,0.03259888291358948,0.04713311418890953,0.0025247286539524794,0.005258727353066206,0.01108658779412508,0.05087951943278313,0.0,0.0638025626540184,0.05961686745285988,0.33078691363334656,0.03874251991510391,0.12051185965538025,0.060208309441804886,0.054914504289627075,0.09964707493782043,0.0,-24,-0.2464868609374966,-2,0,-22,-3430.8837890625,-0.11620637774467468,0.00013303756713867188,0.11759495735168457,-4,4,-2,49,-5,-3,-0.011960132890365405
g4461.t1,A0A1X6P8Y1,0.9204,60.1,1,123,1.7773531368753184,32,32,59,20167.03515625,0.21221457421779633,0.09973690658807755,0.656088650226593,0.47049060463905334,0.18559804558753967,82,7,0,16,19,23,10,13,0.34146341463414637,0.13838227093219757,0.016434812918305397,0.0,,0.006072367075830698,0.026984866708517075,0.03195984289050102,0.00925996620208025,0.0030398310627788305,0.051197152584791183,0.0,0.08060489594936371,0.03167823702096939,0.32562100887298584,0.04721575602889061,0.03162252530455589,0.013292848132550716,0.03376441448926926,0.1448695957660675,0.00799955427646637,1,116,1.647924937337386,37,30,49,17662.1875,0.18525908887386322,0.1159457117319107,0.6690141558647156,0.46808353066444397,0.2009306401014328,92,10,0,8,15,24,8,16,0.3103448275862069,0.08926640450954437,0.017287487164139748,0.0,,0.006759197451174259,0.056038592010736465,0.029781069606542587,0.006989072542637587,0.0,0.048700857907533646,0.0,0.08778239786624908,0.03160381317138672,0.3477860391139984,0.11166422069072723,0.000365362036973238,0.007551821414381266,0.028078731149435043,0.12029746174812317,0.010047455318272114,7,0.12942819953793228,-5,2,10,2504.84765625,0.026955485343933105,-0.01620880514383316,-0.012925505638122559,-10,-3,0,8,4,-3,0.03111858704793946
g9706.t1,A0A1X6NTW5,0.9203,52.5,1,152,1.7514890442680935,55,36,61,18925.16015625,0.17782334983348846,0.25823310017585754,0.5308648943901062,0.47266608476638794,0.05819881334900856,116,14,0,234,28,23,4,19,0.28289473684210525,0.03720685467123985,0.018433712422847748,0.0,,0.00034097954630851746,0.11802010238170624,0.03307880461215973,0.03359103202819824,0.00017048977315425873,0.012786732986569405,0.00236742221750319,0.07266157120466232,0.02284562774002552,0.26970377564430237,0.020991960540413857,0.03322499990463257,0.026285985484719276,0.05953484773635864,0.20296227931976318,0.035792943090200424,1,137,1.5843778616857485,44,37,56,17290.859375,0.17500819265842438,0.22403737902641296,0.5881035923957825,0.5276479125022888,0.06045565381646156,104,7,0,136,24,22,5,17,0.25547445255474455,0.01556355319917202,0.014494797214865685,0.008884675800800323,,0.0005598124698735774,0.04591592773795128,0.012850846163928509,0.0773041844367981,0.0,0.02425854094326496,0.0014587988844141364,0.09602651000022888,0.002612458076328039,0.2661131024360657,0.04489210247993469,0.0,0.05332024022936821,0.031543437391519547,0.26153483986854553,0.04266619682312012,15,0.16711118258234503,11,-1,5,1634.30078125,0.002815157175064087,0.03419572114944458,-0.05723869800567627,12,7,0,98,4,2,0.027420284287360708
g5143.t1,A0A1X6P560,0.918,51.0,1,157,2.3393191713766366,52,7,98,24988.287109375,0.18236006796360016,0.1605941653251648,0.6408818364143372,0.5511572360992432,0.08972473442554474,95,3,2,32,37,31,5,26,0.3503184713375796,0.037477973848581314,0.01907440461218357,0.03814367577433586,0.0,,0.0073457565158605576,0.01616382971405983,0.051380399614572525,0.01871979609131813,0.020401330664753914,0.027002613991498947,0.08211150020360947,0.012653988786041737,0.16765981912612915,0.05224675312638283,0.0,0.030416131019592285,0.025374876335263252,0.38349735736846924,0.01032978855073452,1,241,3.0852024638988103,65,27,149,39882.12109375,0.30139198899269104,0.108845055103302,0.5560711622238159,0.458256334066391,0.09781482070684433,134,11,0,37,38,38,10,28,0.3817427385892116,0.0481608510017395,0.009395199827849865,0.051212601363658905,0.026712078601121902,,0.008252893574535847,0.033691804856061935,0.02093394286930561,0.04953210428357124,0.03774622082710266,0.016743868589401245,0.06862202286720276,0.033807847648859024,0.14126452803611755,0.04965398088097572,0.020547989755868912,0.026807084679603577,0.0,0.3169918358325958,0.039923202246427536,-84,-0.7458832925221737,-13,-20,-51,-14893.833984375,-0.11903192102909088,0.05174911022186279,0.08481067419052124,-39,-8,2,-5,-1,-2,-0.031424267251632
g16599.t1,A0A1X6NUW6,0.9171,68.8,1,111,1.370954604937526,55,20,36,14863.111328125,0.23938480019569397,0.23204532265663147,0.5285698771476746,0.47354772686958313,0.05502215027809143,104,7,3,49,11,17,5,12,0.24324324324324326,0.013808570802211761,0.001060674898326397,0.05492229387164116,0.0,,0.06962050497531891,0.0,0.01138492114841938,0.02018882893025875,0.005210020113736391,0.11401324719190598,0.12042268365621567,0.0,0.34518125653266907,0.04121357575058937,0.027786774560809135,0.032275572419166565,0.0036904311273247004,0.12836645543575287,0.010854208841919899,1,112,1.414828198414521,53,20,39,15561.8212890625,0.2819633185863495,0.18323789536952972,0.532131016254425,0.47414669394493103,0.0579843744635582,97,2,6,41,10,16,5,11,0.2767857142857143,0.002633934374898672,0.02358788438141346,0.045406874269247055,0.0,,0.0002026103320531547,0.0026677846908569336,0.033452969044446945,0.0,0.03951634094119072,0.10626495629549026,0.13934896886348724,0.0031100597698241472,0.33809855580329895,0.05535043776035309,0.04255549982190132,0.011643328703939915,0.008086155168712139,0.1360481232404709,0.012025563977658749,-1,-0.04387359347699493,2,0,-3,-698.7099609375,-0.04257851839065552,0.048807427287101746,-0.0035611391067504883,7,5,-3,8,1,1,-0.033542471042471045
g7479.t2,A0A1X6NW43,0.9166,31.9,1,192,1.6386317911069535,104,23,65,17331.380859375,0.19094640016555786,0.40771400928497314,0.3921232223510742,0.276321679353714,0.11580157279968262,194,14,0,339,0,16,14,2,0.2604166666666667,0.09775718301534653,0.033391375094652176,0.0,0.0,0.0,0.07464759051799774,0.00921634491533041,0.1947356015443802,0.0,0.09443321079015732,0.019131679087877274,0.03694372624158859,0.00037233575130812824,0.244684636592865,0.018044382333755493,0.0012989308452233672,0.008385459892451763,0.07742227613925934,0.0316370464861393,0.05789820849895477,1,203,1.666961063840543,116,26,61,18138.556640625,0.32075798511505127,0.20603711903095245,0.465555876493454,0.3106788396835327,0.15487709641456604,185,17,0,215,0,13,10,3,0.2660098522167488,0.07495629787445068,0.07063715904951096,0.006937448401004076,,0.00035576659138314426,0.03194049373269081,0.0076489816419780254,0.029482515528798103,0.0,0.04094909876585007,0.021498430520296097,0.0,0.049932483583688736,0.18676654994487762,0.07992079854011536,0.17526623606681824,0.00871572457253933,0.04376278445124626,0.1239122748374939,0.047316957265138626,-11,-0.02832927273358954,-12,-3,4,-807.17578125,-0.1298115849494934,0.2016768902540207,-0.07343265414237976,9,-3,0,124,0,-1,-0.0055931855500820915
g17133.t1,A0A1X6P966,0.9147,68.5,1,132,2.719183544500486,67,0,65,26825.0,0.2623627781867981,0.2362091839313507,0.4868113696575165,0.39765915274620056,0.08915220946073532,84,1,0,0,9,19,8,11,0.4318181818181818,0.061125803738832474,0.027099085971713066,0.020890556275844574,,,0.10806509852409363,0.014616681262850761,0.002473324304446578,0.025256333872675896,0.005893784575164318,0.03415015712380409,0.1399884819984436,0.009141379036009312,0.2581024765968323,0.028026403859257698,0.047841042280197144,0.040130939334630966,0.02429058589041233,0.13955670595169067,0.013351226225495338,1,130,2.817192804064054,60,0,70,27509.25390625,0.25014203786849976,0.1955430954694748,0.5198139548301697,0.38682523369789124,0.13298869132995605,85,1,0,1,10,18,8,10,0.46153846153846156,0.07245034724473953,0.03150784596800804,0.019443314522504807,,,0.04746215417981148,0.034500908106565475,0.0003447334747761488,0.004457000643014908,0.04917334020137787,0.03271962329745293,0.06653612107038498,0.06379026919603348,0.27237486839294434,0.06053835526108742,0.04251956194639206,0.05494662746787071,0.028562115505337715,0.1144503504037857,0.004222421441227198,2,-0.09800925956356776,7,0,-5,-684.25390625,0.01222074031829834,0.040666088461875916,-0.0330025851726532,-1,0,0,-1,-1,1,-0.02972027972027974
g13230.t2,A0A1X6NZN2,0.9146,61.0,1,664,3.112250189716827,257,172,235,43306.078125,0.14197281002998352,0.23163534700870514,0.5955191254615784,0.31732073426246643,0.2781984508037567,610,91,0,275,-16,46,44,2,0.17620481927710843,0.22285126149654388,0.047905333340168,0.011394263245165348,0.0,0.012516943737864494,0.04241646081209183,0.030872728675603867,0.050241317600011826,0.006630999967455864,0.04040049761533737,0.03483595326542854,0.029208898544311523,0.00886616948992014,0.2151007056236267,0.05534714087843895,0.02624952606856823,0.027041207998991013,0.02919507771730423,0.10222001373767853,0.006705505773425102,1,678,3.070372188121201,261,170,247,44307.5625,0.23581574857234955,0.18975712358951569,0.5658034086227417,0.3070928454399109,0.2587105929851532,610,79,0,166,-16,46,42,4,0.19174041297935104,0.14610157907009125,0.04341327026486397,0.01609356701374054,0.0,0.018349649384617805,0.04161183163523674,0.008623646572232246,0.018733184784650803,0.0005825725384056568,0.027963483706116676,0.007220500614494085,0.07550525665283203,0.01143298577517271,0.1963486522436142,0.11260902136564255,0.08115483820438385,0.05146762356162071,0.027310725301504135,0.1107441782951355,0.004733402281999588,-14,0.041878001595625935,-4,2,-12,-1001.484375,-0.09384293854236603,0.04187822341918945,0.02971571683883667,0,12,0,109,0,-2,-0.015535593702242612
g7479.t1,A0A1X6NW43,0.9136,31.9,1,196,1.6664771428489458,104,23,69,17998.828125,0.25062841176986694,0.38030195236206055,0.36745625734329224,0.2674902379512787,0.09996604919433594,190,14,0,354,1,15,12,3,0.23979591836734693,0.08292480558156967,0.026258522644639015,0.05931730940937996,0.0,0.0,0.06923211365938187,0.0016133782919496298,0.17541499435901642,0.0,0.09076026827096939,0.019799120724201202,0.03566126525402069,0.0005377927445806563,0.24302928149700165,0.017041238024830818,0.0010714984964579344,0.017123540863394737,0.07247363775968552,0.024460917338728905,0.06328027695417404,1,203,1.666961063840543,116,26,61,18138.556640625,0.32075798511505127,0.20603711903095245,0.465555876493454,0.3106788396835327,0.15487709641456604,185,17,0,215,0,13,10,3,0.2660098522167488,0.07495629787445068,0.07063715904951096,0.006937448401004076,,0.00035576659138314426,0.03194049373269081,0.0076489816419780254,0.029482515528798103,0.0,0.04094909876585007,0.021498430520296097,0.0,0.049932483583688736,0.18676654994487762,0.07992079854011536,0.17526623606681824,0.00871572457253933,0.04376278445124626,0.1239122748374939,0.047316957265138626,-7,-0.0004839209915972198,-12,-3,8,-139.728515625,-0.07012957334518433,0.1742648333311081,-0.09809961915016174,5,-3,0,139,1,0,-0.02621393384940185
g19605.t1,A0A1X6P1G1,0.9128,44.3,1,211,3.1603068729060575,90,10,111,36990.1796875,0.22083789110183716,0.1375708281993866,0.6415911912918091,0.4842310845851898,0.15736012160778046,123,12,0,3,40,47,13,34,0.4028436018957346,0.15335193276405334,0.010651377029716969,0.03355061635375023,0.009269202128052711,0.002965721534565091,0.047006502747535706,,0.004448233172297478,0.008984391577541828,0.033383842557668686,0.03514320030808449,0.0559593066573143,0.01788155734539032,0.302545964717865,0.004008196294307709,0.029732510447502136,0.006339737214148045,0.024712566286325455,0.18168510496616364,0.03837992250919342,1,210,2.991828633561799,97,10,103,34849.859375,0.1980774998664856,0.17510981857776642,0.593943178653717,0.4786333441734314,0.11530985683202744,155,19,0,35,29,37,12,25,0.38571428571428573,0.07392311096191406,0.010537771508097649,0.035512227565050125,0.0,0.0015739314258098602,0.04865261912345886,0.032869450747966766,0.04149249941110611,0.01749841310083866,0.01773817092180252,0.022301366552710533,0.033195894211530685,0.011850777082145214,0.3250502943992615,0.04138674959540367,0.0545993410050869,0.018686361610889435,0.03343920037150383,0.1535830795764923,0.026108741760253906,1,0.16847823934425854,-7,0,8,2140.3203125,0.022760391235351562,-0.03753899037837982,0.04764801263809204,-32,-7,0,-32,11,9,0.01712931618144886
g9728.t1,A0A1X6NZ35,0.9102,74.6,1,95,1.8080708015595255,9,22,64,16641.54296875,0.38505157828330994,0.3428803086280823,0.2622095048427582,0.18945060670375824,0.07275888323783875,48,1,21,51,8,10,4,6,0.42105263157894735,0.06953798234462738,0.045340146869421005,0.13782572746276855,0.004362109582871199,,0.0917636901140213,0.009858640842139721,0.042325422167778015,0.07285033166408539,0.03308803588151932,0.04297877103090286,0.09766332060098648,0.02811332978308201,0.17138181626796722,0.003220900660380721,0.0011633102549239993,0.060312893241643906,0.055797282606363297,0.01806880533695221,0.014347492717206478,1,83,1.7420115207077653,6,22,55,15399.453125,0.3822992444038391,0.22931788861751556,0.3493231534957886,0.19532029330730438,0.15400288999080658,43,2,15,44,4,7,5,2,0.4819277108433735,0.10650168359279633,0.0798465833067894,0.12399965524673462,0.010270767845213413,,0.09684403240680695,0.03905969113111496,0.0,0.010252317413687706,0.0216901246458292,,0.05887005850672722,0.022628528997302055,0.11637341231107712,0.04750121012330055,0.07911121100187302,0.006495226174592972,0.035861290991306305,0.07894688099622726,0.06574736535549164,12,0.06605928085176016,3,0,9,1242.08984375,0.002752333879470825,0.11356242001056671,-0.0871136486530304,5,-1,6,7,4,4,-0.060875079264426146
g12824.t1,A0A1X6NIQ1,0.9088,33.6,1,371,2.1629910435633306,106,96,169,24156.80859375,0.18226252496242523,0.3183317482471466,0.46378257870674133,0.2555941045284271,0.2081885039806366,378,44,16,389,-10,21,18,3,0.1778975741239892,0.13704811036586761,0.044702570885419846,0.0065961191430687904,0.011902373284101486,0.0,0.05002506077289581,0.035623207688331604,0.13375042378902435,0.003184285946190357,0.08488409221172333,0.012982543557882309,0.0,0.017321044579148293,0.11014549434185028,0.07114037871360779,0.015205292031168938,0.032197464257478714,0.03277131915092468,0.14544859528541565,0.05507171154022217,1,380,2.1772225498080817,107,66,207,27581.125,0.28911349177360535,0.3174341917037964,0.38747814297676086,0.21278835833072662,0.17468975484371185,317,39,6,226,-15,16,14,2,0.2131578947368421,0.01486385241150856,0.11224482208490372,0.003860466880723834,0.0,0.004899986553937197,0.00011475918290670961,0.005974164232611656,0.009534873068332672,0.0,0.04961108788847923,0.0029802380595356226,0.045227568596601486,0.015428532846271992,0.023288140073418617,0.15982592105865479,0.1686820685863495,0.0813610851764679,0.11119840294122696,0.18950024247169495,0.0014038062654435635,-9,-0.014231506244751113,-1,30,-38,-3424.31640625,-0.10685096681118011,0.0008975565433502197,0.07630443572998047,61,5,10,163,5,1,-0.03526032061285289
g1082.t1,A0A1X6NQT4,0.9067,56.9,1,185,2.5258546201278564,48,43,94,28348.470703125,0.16636575758457184,0.08881130814552307,0.6678089499473572,0.5551813840866089,0.11262751370668411,138,15,8,11,23,31,10,21,0.31891891891891894,0.11017542332410812,0.02441323734819889,0.0,0.0,0.00022763459128327668,0.0037957660388201475,0.07701397687196732,0.0041277119889855385,0.021819185465574265,0.045299284160137177,0.02787378802895546,0.04393208399415016,0.005121778231114149,0.3513188362121582,0.002452083397656679,0.02845432236790657,0.011606411077082157,0.01699439249932766,0.20386257767677307,0.021511467173695564,1,184,2.542571283041776,58,45,81,27624.640625,0.22243580222129822,0.17655490338802338,0.5504292845726013,0.4529588520526886,0.0974704697728157,140,9,0,12,22,33,8,25,0.33152173913043476,0.0664435401558876,0.031024891883134842,0.023243118077516556,0.00272072060033679,0.0,0.03504994884133339,0.0505799762904644,0.012353709898889065,0.006872535217553377,0.0,0.044321127235889435,0.04882963374257088,0.06804585456848145,0.17147955298423767,0.031026914715766907,0.07415983825922012,0.0258721224963665,0.02521236427128315,0.2814792990684509,0.0012847953476011753,1,-0.01671666291391949,-10,-2,13,723.830078125,-0.05607004463672638,-0.0877435952425003,0.11737966537475586,-2,6,8,-1,1,-4,-0.01260282021151582
g18995.t1,A0A1X6NLY8,0.9058,49.1,1,179,1.7417721843661573,61,47,71,19546.92578125,0.3295390009880066,0.14910562336444855,0.48805269598960876,0.29835188388824463,0.18970085680484772,158,29,0,190,-1,14,13,1,0.2569832402234637,0.10837382823228836,0.004734247922897339,0.01831864006817341,0.0,0.044648319482803345,0.012942974455654621,0.033302661031484604,0.05840430036187172,0.046867650002241135,0.04454490914940834,0.004411641042679548,0.09073567390441895,0.008823282085359097,0.15329968929290771,0.08132703602313995,0.014030667021870613,0.05824337154626846,0.010369095019996166,0.14505217969417572,0.06156987324357033,1,181,1.6681688125336644,70,43,68,18296.125,0.35997942090034485,0.2085466831922531,0.4144448935985565,0.24573947489261627,0.16870546340942383,158,27,1,105,-4,14,14,0,0.27624309392265195,0.13922886550426483,0.010548916645348072,0.035270269960165024,0.0,0.004937837366014719,0.008294552564620972,0.017028946429491043,0.05905652791261673,0.029618985950946808,0.05728146433830261,0.033047858625650406,0.08575419336557388,0.02186756767332554,0.06779110431671143,0.029476607218384743,0.044384248554706573,0.06646104156970978,0.031137797981500626,0.17794832587242126,0.08086485415697098,-2,0.07360337183249288,-9,4,3,1250.80078125,-0.030440419912338257,-0.059441059827804565,0.07360780239105225,0,2,-1,85,3,1,-0.019259853699188256
g6368.t1,A0A1X6NSS8,0.9029,36.4,1,154,2.1758994708884005,45,21,88,25188.38671875,0.2555209994316101,0.22065797448158264,0.5215201377868652,0.32114437222480774,0.2003757357597351,110,10,0,51,-3,16,14,2,0.38311688311688313,0.1590033322572708,0.0011499489191919565,0.05731717497110367,,0.0007685794844292104,0.039414312690496445,0.002300866646692157,0.010801482014358044,0.015755878761410713,0.07047276198863983,0.02113473229110241,0.07034378498792648,0.022160708904266357,0.23577851057052612,0.0413723848760128,0.000512386322952807,0.08942119777202606,0.05873631685972214,0.085365891456604,0.01818971522152424,1,111,1.5788879796436883,49,22,40,17186.78515625,0.32216954231262207,0.2930707037448883,0.38419657945632935,0.053487587720155716,0.33070898056030273,94,19,0,0,-12,6,14,-8,0.3783783783783784,0.23028254508972168,0.15053895115852356,0.0,,0.0,0.040647003799676895,0.0005632024258375168,,0.005444289650768042,0.08385606110095978,,0.11129509657621384,0.03397500887513161,0.003130788216367364,0.10042642056941986,0.08759908378124237,0.0498921237885952,0.051992617547512054,0.050356801599264145,0.0,43,0.5970114912447122,-4,-1,48,8001.6015625,-0.06664854288101196,-0.07241272926330566,0.1373235583305359,16,-9,0,51,9,10,0.004738504738504734
g11214.t1,A0A1X6NLM5,0.8975,64.2,1,165,2.3906160910884964,48,35,82,27818.755859375,0.15487708151340485,0.372802734375,0.4588206112384796,0.35240688920021057,0.10641368478536606,117,16,0,28,25,26,6,20,0.4,0.012580771930515766,0.030185900628566742,0.0,,0.0,0.17045968770980835,0.013499611988663673,0.028884615749120712,0.0,0.029894931241869926,0.03554763272404671,0.055468834936618805,0.016005869954824448,0.2111058533191681,0.09383290261030197,0.05350746214389801,0.04633647948503494,0.06138839200139046,0.14130108058452606,0.0,1,143,1.9190028399706678,51,40,52,21070.8359375,0.20660728216171265,0.1836271584033966,0.6097656488418579,0.43726110458374023,0.1725045144557953,113,8,0,4,23,27,8,19,0.35664335664335667,0.0630183070898056,0.022493645548820496,0.02756313607096672,0.0,,0.028473053127527237,0.0,0.07387451082468033,0.00015312853793147951,0.011331511661410332,0.0,0.049731794744729996,0.022036543115973473,0.2145325392484665,0.10948619991540909,0.08109083026647568,0.03332218900322914,0.025463759899139404,0.22272859513759613,0.014700339175760746,22,0.4716132511178286,-3,-5,30,6747.919921875,-0.0517302006483078,0.1891755759716034,-0.1509450376033783,4,8,0,24,2,1,0.043356643356643354
g7761.t1,A0A1X6P2I4,0.8932,40.8,1,590,3.21443410175121,293,95,202,49414.30859375,0.325496643781662,0.19474786520004272,0.4579184353351593,0.2878328859806061,0.17008554935455322,524,68,6,52,0,40,35,5,0.21016949152542372,0.11683914065361023,0.02675754390656948,0.06525944918394089,0.0003917747235391289,0.0,0.04665030166506767,0.02183704823255539,0.025761956349015236,0.011352774687111378,0.00992496032267809,0.029002217575907707,0.09578991681337357,0.012247323989868164,0.14909742772579193,0.05324642360210419,0.049243293702602386,0.026265747845172882,0.039918314665555954,0.13873544335365295,0.08167893439531326,1,601,3.1720444390445772,281,89,231,55926.5390625,0.33489200472831726,0.19036871194839478,0.4565262496471405,0.2534850537776947,0.20304124057292938,488,82,4,73,-15,38,38,0,0.22628951747088186,0.12595227360725403,0.027966469526290894,0.06634723395109177,5.769257768406533e-05,0.0,0.04434124752879143,0.01821303181350231,0.012778866104781628,0.0023077032528817654,0.034520845860242844,0.017709583044052124,0.0834878608584404,0.022013574838638306,0.10762817412614822,0.07708895951509476,0.08823355287313461,0.05898537114262581,0.02852947823703289,0.1458568572998047,0.03798126429319382,-11,0.04238966270663269,12,6,-29,-6512.23046875,-0.009395360946655273,0.004379153251647949,0.0013921856880187988,36,-14,2,-21,15,5,-0.01612002594545814
g10223.t1,A0A1X6NVX5,0.889,51.7,1,207,2.179815486482689,66,47,94,25107.529296875,0.22781571745872498,0.36617252230644226,0.3949277997016907,0.23462040722370148,0.160307377576828,167,18,2,177,-2,15,13,2,0.2898550724637681,0.08712899684906006,0.016992097720503807,0.025824468582868576,0.09580747783184052,0.002955709584057331,0.12592244148254395,0.011084009893238544,0.048347387462854385,0.023388655856251717,0.057974785566329956,0.006098122335970402,0.07170391082763672,0.03251280263066292,0.1388811320066452,0.07317838072776794,0.005502453539520502,0.04696160554885864,0.026043402031064034,0.09573928266763687,0.007952915504574776,1,203,2.0964704297582877,70,47,86,23608.591796875,0.29149332642555237,0.23311716318130493,0.4753894805908203,0.3046809732913971,0.1707085371017456,166,19,1,202,-4,15,17,-2,0.28078817733990147,0.10048755258321762,0.038117729127407074,0.01653374917805195,0.08660241216421127,0.00041000492637977004,0.04742540419101715,,0.01832304708659649,0.030464567244052887,0.01093346532434225,0.0053919521160423756,0.06445159763097763,0.030883919447660446,0.09286431968212128,0.07022098451852798,0.10805972665548325,0.028867311775684357,0.0083893071860075,0.21181662380695343,0.029756300151348114,4,0.08334505672440118,-4,0,8,1498.9375,-0.06367760896682739,0.13305535912513733,-0.08046168088912964,1,-1,1,-25,2,4,0.009066895123866658
g16603.t3,A0A1X6P862,0.8882,65.5,1,727,4.248470445460001,258,135,334,68972.2109375,0.12098310887813568,0.2515506446361542,0.6217643618583679,0.27146828174591064,0.3502960801124573,681,142,5,454,-17,68,75,-7,0.24484181568088034,0.27884796261787415,0.005680397152900696,0.020737426355481148,0.0,0.009955148212611675,0.14714916050434113,0.005701863672584295,0.015451284125447273,0.012993215583264828,0.0175798237323761,0.014612728729844093,0.031237225979566574,0.007380488328635693,0.23786909878253937,0.07144814729690552,0.012165806256234646,0.0159141942858696,0.0527428574860096,0.03359919413924217,0.00893398653715849,1,763,4.078808037373395,268,135,360,65774.9375,0.18082858622074127,0.15498189628124237,0.6617925763130188,0.18653401732444763,0.47525861859321594,621,84,10,368,-51,49,89,-40,0.23853211009174313,0.2867560088634491,0.011212068609893322,0.014882324263453484,0.0,0.0005886520957574248,0.03792964294552803,0.0023969472385942936,0.015105195343494415,0.00033555185655131936,0.024478115141391754,0.005783631466329098,0.03727024793624878,0.01863841339945793,0.16185066103935242,0.18850262463092804,0.08223161101341248,0.03406662493944168,0.05088474601507187,0.024683361873030663,0.002403662772849202,-36,0.16966240808660604,-10,0,-26,3197.2734375,-0.05984547734260559,0.0965687483549118,-0.04002821445465088,60,58,-5,86,34,33,0.00630970558913721
g12859.t1,A0A1X6NXP8,0.8873,30.2,1,306,2.6596841160198896,153,0,153,30728.12890625,0.20096924901008606,0.2567608058452606,0.45194587111473083,0.2208007574081421,0.23114512860774994,247,14,1,237,-20,18,25,-7,0.2581699346405229,0.1380547285079956,0.014114901423454285,0.04292915016412735,0.0032966916915029287,0.0,0.09086789190769196,0.0903240218758583,0.06508316099643707,0.017623420804739,0.009345268830657005,0.0015391366323456168,0.04483475908637047,0.04896458983421326,0.1369377076625824,0.09309039264917374,0.016061466187238693,0.057777754962444305,0.024081269279122353,0.08386304974555969,0.02121060900390148,1,171,1.7966517972930118,81,2,88,18021.6171875,0.22652718424797058,0.2117871344089508,0.48047831654548645,0.2854790985584259,0.19499924778938293,142,4,4,8,-8,11,15,-4,0.28654970760233917,0.051103975623846054,0.03587113693356514,0.06988883018493652,0.018676530569791794,0.02487192302942276,0.024940209463238716,0.08120731264352798,0.01384858787059784,0.021484505385160446,0.02779107727110386,0.009521083906292915,0.005444617476314306,0.013541544787585735,0.012834814377129078,0.14389528334140778,0.06350470334291458,0.04243838042020798,0.06649120151996613,0.2726442515850067,0.0,135,0.8630323187268778,72,-2,65,12706.51171875,-0.02555793523788452,0.044973671436309814,-0.028532445430755615,105,10,-3,229,-12,-3,-0.028379772961816263
g9659.t1,A0A1X6NKA5,0.8865,56.0,1,411,5.047028024967083,179,32,200,55979.94921875,0.14776694774627686,0.1657632440328598,0.6598882079124451,0.5649566650390625,0.09493153542280197,289,32,2,87,60,75,17,58,0.3284671532846715,0.059811782091856,0.03661646321415901,0.0242560226470232,0.008264079689979553,0.008159319870173931,0.04609902575612068,0.026581596583127975,0.021589025855064392,0.0221196748316288,0.02134673111140728,0.018571164458990097,0.01919170282781124,0.012795532122254372,0.32015737891197205,0.03511975333094597,0.018917890265583992,0.01624291203916073,0.018380574882030487,0.24479930102825165,0.02098006382584572,1,364,4.219910451229221,132,35,197,44852.3984375,0.2756185829639435,0.18132102489471436,0.5093477368354797,0.3883955776691437,0.12095217406749725,240,14,3,54,42,45,15,30,0.3076923076923077,0.08948023617267609,0.03845806419849396,0.027461662888526917,0.0,0.007730890065431595,0.03562001511454582,0.033712685108184814,0.025752240791916847,0.02985384687781334,0.032490916550159454,0.016559140756726265,0.06071656942367554,0.018487803637981415,0.24871443212032318,0.03147192671895027,0.07391474395990372,0.037575092166662216,0.027356470003724098,0.1396811604499817,0.024962134659290314,47,0.827117573737862,47,-3,3,11127.55078125,-0.12785163521766663,-0.015557780861854553,0.15054047107696533,49,18,-1,33,18,28,0.02077484559236381
g18969.t1,A0A1X6PHN1,0.8837,27.0,1,126,1.32123851641507,45,42,39,13880.615234375,0.08982028067111969,0.44470158219337463,0.4520623981952667,0.2767864465713501,0.17527595162391663,121,10,6,78,1,11,7,4,0.29365079365079366,0.09821902215480804,0.0483526736497879,0.007527756970375776,0.0,0.006437892094254494,0.22217537462711334,0.013415781781077385,0.03094257041811943,0.01324433833360672,0.009530441835522652,0.01806146278977394,0.04371898993849754,0.00936085730791092,0.23502080142498016,0.07705695182085037,0.0,0.06901275366544724,0.05615673214197159,0.04176563024520874,0.0,1,147,1.3951768360537846,48,41,58,14991.779296875,0.2597654163837433,0.23604996502399445,0.4865880012512207,0.15189941227436066,0.33468857407569885,125,5,1,141,-10,7,13,-6,0.2925170068027211,0.24192526936531067,0.050809767097234726,0.005712834186851978,0.0,0.0,0.03310815617442131,0.017596593126654625,0.01435671653598547,0.0,0.07252948731184006,0.015402011573314667,0.04911445826292038,0.06013922020792961,0.06171491742134094,0.09276334196329117,0.04816467687487602,0.07475683838129044,0.04761647805571556,0.09018448740243912,0.024104757234454155,-21,-0.07393831963871467,-3,1,-19,-1111.1640625,-0.1699451357126236,0.2086516171693802,-0.03452560305595398,-4,5,5,-63,11,10,0.0011337868480725821
g1275.t1,A0A1X6PCK7,0.8816,13.3,1,349,2.1422740814549726,36,162,151,25549.08203125,0.2141849398612976,0.21629486978054047,0.5693963766098022,0.3353751301765442,0.23402121663093567,340,38,83,265,-2,31,22,9,0.18624641833810887,0.18323104083538055,0.0,0.031451109796762466,0.00037022691685706377,0.021780606359243393,0.07348886132240295,0.00012388653703965247,0.06028947979211807,0.011853810399770737,0.023472318425774574,0.028438767418265343,0.08827788382768631,0.02235836535692215,0.1498187929391861,0.05079018697142601,0.014990860596299171,0.009806891903281212,0.04390062391757965,0.1855563074350357,0.0,1,334,1.9106046445993545,9,164,161,22338.41015625,0.16840462386608124,0.21984602510929108,0.5441495776176453,0.31272679567337036,0.23142275214195251,299,41,11,229,-6,21,16,5,0.17664670658682635,0.21293261647224426,0.04591725766658783,0.019893119111657143,0.0,0.0,0.0,0.06759972125291824,0.005242626182734966,0.00028887877124361694,0.03148119896650314,0.04428090155124664,0.0,0.0475163608789444,0.05288543552160263,0.018490176647901535,0.05468938499689102,0.03538299724459648,0.08902224898338318,0.2598413825035095,0.014535689726471901,15,0.23166943685561803,27,-2,-10,3210.671875,0.04578031599521637,-0.0035511553287506104,0.025246798992156982,41,-3,72,36,4,4,0.00959971175128252
g11863.t1,A0A1X6NVY9,0.881,39.7,1,496,2.5830976233896292,203,85,208,33827.1171875,0.3025849461555481,0.24902601540088654,0.41083383560180664,0.21288159489631653,0.19795222580432892,431,59,6,400,-10,26,26,0,0.1935483870967742,0.08783968538045883,0.006485773250460625,0.08288602530956268,0.006955370772629976,0.03778368607163429,0.07619676738977432,0.03755522891879082,0.08306139707565308,0.009156809188425541,0.06177366524934769,0.000858450832311064,0.05773934721946716,0.002148152096197009,0.12929268181324005,0.11011254042387009,0.010492176748812199,0.032639503479003906,0.04282873496413231,0.08358890563249588,0.04060506820678711,1,530,2.4202312697546478,236,86,208,31040.177734375,0.32612818479537964,0.2687694728374481,0.37252184748649597,0.22156506776809692,0.15095676481723785,483,54,2,161,-11,26,25,1,0.16792452830188678,0.046293955296278,0.026475805789232254,0.04001975059509277,0.0,0.0026690277736634016,0.028344251215457916,0.03258052468299866,0.015371659770607948,0.0,0.10964727401733398,0.06526894122362137,0.06607884168624878,0.012794684618711472,0.08934377133846283,0.10466282069683075,0.0859791487455368,0.02780037932097912,0.10550843179225922,0.1322212815284729,0.008939477615058422,-34,0.16286635363498148,-33,-1,0,2786.939453125,-0.023543238639831543,-0.019743457436561584,0.03831198811531067,-52,5,4,239,1,-1,0.025623858794887405
g6923.t1,A0A1X6NIQ1,0.8804,29.9,1,378,2.5140022726314215,84,94,200,31217.490234375,0.33657169342041016,0.3102339804172516,0.33456286787986755,0.29566583037376404,0.03889701887965202,358,33,14,350,1,23,9,14,0.20105820105820105,0.024543151259422302,0.03250619396567345,0.09438583254814148,0.015067004598677158,0.020238317549228668,0.07192322611808777,0.018631374463438988,0.07035884261131287,0.006304777227342129,0.06365816295146942,0.012909552082419395,0.06665921956300735,0.032164908945560455,0.18269407749176025,0.014353870414197445,0.0,0.07176455110311508,0.03570464253425598,0.11297176033258438,0.053160522133111954,1,380,2.1772225498080817,107,66,207,27581.125,0.28911349177360535,0.3174341917037964,0.38747814297676086,0.21278835833072662,0.17468975484371185,317,39,6,226,-15,16,14,2,0.2131578947368421,0.01486385241150856,0.11224482208490372,0.003860466880723834,0.0,0.004899986553937197,0.00011475918290670961,0.005974164232611656,0.009534873068332672,0.0,0.04961108788847923,0.0029802380595356226,0.045227568596601486,0.015428532846271992,0.023288140073418617,0.15982592105865479,0.1686820685863495,0.0813610851764679,0.11119840294122696,0.18950024247169495,0.0014038062654435635,-2,0.3367797228233398,-23,28,-7,3636.365234375,0.04745820164680481,-0.0072002112865448,-0.05291527509689331,41,-6,8,124,16,12,-0.012099693678641055
g6448.t1,J7F9J9,0.88,39.7,1,129,2.873380461765209,47,2,80,29817.890625,0.3604658544063568,0.28795358538627625,0.33668777346611023,0.21522262692451477,0.12146514654159546,82,7,0,52,-3,12,13,-1,0.49612403100775193,0.06915488839149475,0.016185754910111427,0.0896371454000473,0.013794668018817902,0.05787429213523865,0.07070018351078033,0.01489280629903078,0.060293424874544144,0.0,0.046836968511343,0.049151040613651276,0.0679209902882576,0.008759946562349796,0.06671451777219772,0.0523102693259716,0.010144452564418316,0.05483440309762955,0.022994114086031914,0.14850811660289764,0.07929206639528275,1,84,1.210835419126108,52,2,30,12705.0771484375,0.22519446909427643,0.26572704315185547,0.5090785026550293,0.06543967872858047,0.4436388611793518,86,8,0,0,-13,5,16,-11,0.40476190476190477,0.3651079535484314,0.030248267576098442,0.039617326110601425,,,0.05310768261551857,,0.03662177547812462,0.01930074952542782,0.0,,0.023574557155370712,0.12644855678081512,0.06543967872858047,0.07853090763092041,0.016253262758255005,0.09558156877756119,0.050167735666036606,0.0,0.0,45,1.6625450426391009,-5,0,50,17112.8134765625,0.13527138531208038,0.022226542234420776,-0.17239072918891907,-4,-1,0,52,10,10,0.09136212624584716
g3111.t1,A0A1X6P3X0,0.8782,28.7,1,163,1.6772262322248805,59,55,49,17623.921875,0.2125270664691925,0.22585706412792206,0.5616159439086914,0.31399524211883545,0.24762064218521118,153,31,0,321,-8,17,18,-1,0.294478527607362,0.0808686763048172,0.0,0.0,,0.0,0.01327626220881939,0.0,0.07432059943675995,0.007335054688155651,0.13546797633171082,0.003603118471801281,0.024215131998062134,0.04111922159790993,0.31399524211883545,0.16675196588039398,0.0043896897695958614,0.08394932746887207,0.05070775747299194,0.0,0.0,1,166,1.663761658404812,51,45,70,18296.0234375,0.10661521553993225,0.14821279048919678,0.7451719045639038,0.2782103717327118,0.466961532831192,144,22,3,160,-13,14,22,-8,0.26506024096385544,0.3317931294441223,0.039336975663900375,0.0031019714660942554,0.006914285942912102,0.0,0.009152979589998722,0.0,0.049495890736579895,0.002997989533469081,0.040380656719207764,0.0032984267454594374,0.00017299865430686623,0.0,0.251095175743103,0.1351684033870697,0.03742177039384842,0.020679809153079987,0.019334426149725914,0.0271152276545763,0.022539827972650528,-3,0.013464573820068493,8,10,-21,-672.1015625,0.10591185092926025,0.07764427363872528,-0.1835559606552124,9,9,-3,161,5,7,0.02941828664350654
g18969.t1,A0A1X6NT81,0.8776,31.2,1,126,1.32123851641507,45,42,39,13880.615234375,0.08982028067111969,0.44470158219337463,0.4520623981952667,0.2767864465713501,0.17527595162391663,121,10,6,78,1,11,7,4,0.29365079365079366,0.09821902215480804,0.0483526736497879,0.007527756970375776,0.0,0.006437892094254494,0.22217537462711334,0.013415781781077385,0.03094257041811943,0.01324433833360672,0.009530441835522652,0.01806146278977394,0.04371898993849754,0.00936085730791092,0.23502080142498016,0.07705695182085037,0.0,0.06901275366544724,0.05615673214197159,0.04176563024520874,0.0,1,143,1.368856009608414,44,41,58,14577.943359375,0.15467728674411774,0.32583147287368774,0.5194912552833557,0.11163175106048584,0.4078594744205475,126,10,1,169,-8,8,10,-2,0.26573426573426573,0.2879311144351959,0.07972907274961472,0.017042463645339012,0.001344954827800393,0.005224408116191626,0.0055181290954351425,0.0,0.035978879779577255,0.0,0.05132348835468292,0.03907322883605957,0.044824715703725815,0.0,0.032306574285030365,0.11992837488651276,0.022333523258566856,0.07838866114616394,0.08579853177070618,0.07932516932487488,0.013928694650530815,-17,-0.04761749319334396,1,1,-19,-697.328125,-0.06485700607299805,0.11887010931968689,-0.06742885708808899,-5,0,5,-91,9,6,0.027916527916527933
g14139.t3,A0A1X6NKV4,0.8759,42.6,1,1050,3.8948154799484467,521,170,359,55246.484375,0.26322320103645325,0.2018013447523117,0.5181013345718384,0.2986232042312622,0.21947811543941498,982,94,18,827,7,48,39,9,0.14095238095238094,0.14455269277095795,0.005315564572811127,0.06597912311553955,0.006388102192431688,0.0007989975274540484,0.08501974493265152,0.016874125227332115,0.059487178921699524,0.0386626161634922,0.04009738937020302,0.019542517140507698,0.027500785887241364,0.017506176605820656,0.19435325264930725,0.07492540776729584,0.014951102435588837,0.016796987503767014,0.009251234121620655,0.10426995903253555,0.05772702768445015,1,1174,4.310801307434996,569,172,433,58775.7265625,0.3247782588005066,0.153855562210083,0.5211508274078369,0.20974965393543243,0.3114011287689209,1110,126,31,727,-33,44,56,-12,0.14565587734241908,0.1774497926235199,0.03241422027349472,0.03756346553564072,0.0012338202213868499,0.01011502742767334,0.026846999302506447,0.0002154077956220135,0.027517883107066154,0.02930314466357231,0.07497028261423111,0.015266457572579384,0.03576911240816116,0.039341412484645844,0.11486905813217163,0.13395138084888458,0.06324762850999832,0.025471916422247887,0.025104258209466934,0.094880610704422,0.03446819260716438,-124,-0.41598582748654955,-48,-2,-74,-3529.2421875,-0.061555057764053345,0.0479457825422287,-0.003049492835998535,-128,-32,-13,100,40,21,-0.004703496390038142
g9728.t1,A0A1X6P2N4,0.8756,74.3,1,95,1.8080708015595255,9,22,64,16641.54296875,0.38505157828330994,0.3428803086280823,0.2622095048427582,0.18945060670375824,0.07275888323783875,48,1,21,51,8,10,4,6,0.42105263157894735,0.06953798234462738,0.045340146869421005,0.13782572746276855,0.004362109582871199,,0.0917636901140213,0.009858640842139721,0.042325422167778015,0.07285033166408539,0.03308803588151932,0.04297877103090286,0.09766332060098648,0.02811332978308201,0.17138181626796722,0.003220900660380721,0.0011633102549239993,0.060312893241643906,0.055797282606363297,0.01806880533695221,0.014347492717206478,1,85,1.815023735067304,6,22,57,15800.7685546875,0.4202699363231659,0.21993429958820343,0.3162263333797455,0.1653413623571396,0.1508849859237671,45,1,15,44,4,7,5,2,0.47058823529411764,0.1023952066898346,0.08027522265911102,0.09941837191581726,0.007406493183225393,,0.094187892973423,0.04356943815946579,0.0,0.009968646802008152,0.0583132766187191,,0.11435291171073914,0.024504223838448524,0.08299876749515533,0.0484897643327713,0.05020572245121002,0.0028588261920958757,0.03520587831735611,0.08234257996082306,0.06350678205490112,10,-0.00695293350777848,3,0,7,840.7744140625,-0.03521835803985596,0.12294600903987885,-0.054016828536987305,3,0,6,7,4,4,-0.049535603715170295
g7793.t2,A0A1X6PGZ7,0.8753,34.0,1,143,1.8519244369640455,109,0,34,18054.861328125,0.5307351350784302,0.08196493983268738,0.3791269063949585,0.30635708570480347,0.07276981323957443,143,6,0,167,8,13,5,8,0.3076923076923077,0.03992239758372307,0.008443527854979038,0.10132737457752228,0.0,0.02785804122686386,0.0,0.00817298423498869,0.021327603608369827,0.11173205822706223,0.09785044193267822,0.01917414925992489,0.10249680280685425,0.00035741578903980553,0.1026616021990776,0.03284741938114166,0.025095956400036812,0.026777103543281555,0.006242553703486919,0.20369552075862885,0.06401704996824265,1,143,1.8672533902287276,102,0,41,18707.640625,0.46779996156692505,0.292950302362442,0.19079627096652985,0.16307313740253448,0.02772313542664051,136,4,1,178,7,9,3,6,0.3356643356643357,0.02772313542664051,0.02612030878663063,0.07778491824865341,0.0,0.029648805037140846,0.0,0.048453424125909805,0.03608276695013046,0.004484274424612522,0.060710180550813675,0.11054974794387817,0.10127829760313034,0.07569166272878647,0.15427514910697937,0.0,0.016212377697229385,0.014639929868280888,0.10555755347013474,0.008797995746135712,0.10198945552110672,0,-0.015328953264682088,7,0,-7,-652.779296875,0.06293517351150513,-0.21098536252975464,0.18833063542842865,7,2,-1,-11,1,2,-0.02797202797202797
g8228.t1,A0A1X6PBD5,0.8752,65.0,1,161,3.630897550666757,25,49,87,36981.6953125,0.2729588449001312,0.3226589858531952,0.3992345929145813,0.3055434823036194,0.0936911478638649,79,11,0,0,13,22,7,15,0.515527950310559,0.0796969011425972,0.00600478844717145,0.0021811779588460922,0.009640666656196117,0.004624097142368555,0.17603686451911926,0.005147579591721296,0.0005987857584841549,0.028850950300693512,0.13231752812862396,0.0007673220825381577,0.05447894334793091,0.037072066217660904,0.250274121761322,0.013994247652590275,0.009420698508620262,0.05197444558143616,0.07763608545064926,0.055269330739974976,0.004013367462903261,1,123,2.4713200608063324,25,48,50,23134.146484375,0.4066006541252136,0.1599108874797821,0.4334884285926819,0.2763308584690094,0.15715759992599487,85,13,0,0,8,17,7,10,0.43902439024390244,0.09373120963573456,0.00918652955442667,0.004323605913668871,0.012759605422616005,0.009902452118694782,0.028445664793252945,0.0,0.019428277388215065,0.05206682160496712,0.12080976366996765,0.03916377201676369,0.12298333644866943,0.012060857377946377,0.1783440113067627,0.06342638283967972,0.07678291946649551,0.010070104151964188,0.04085693880915642,0.09798683226108551,0.007670913357287645,38,1.1595774898604247,0,1,37,13847.548828125,-0.1336418092250824,0.16274809837341309,-0.034253835678100586,-6,-2,0,0,5,5,0.07650356006665654
g1834.t1,A0A1X6P6B9,0.8711,40.2,1,243,2.863646199693217,119,17,107,34081.64453125,0.2043493390083313,0.19488437473773956,0.5843285322189331,0.5034289360046387,0.08089958876371384,171,14,6,50,32,40,11,29,0.3168724279835391,0.06507990509271622,0.001607608050107956,0.004544212017208338,0.0,0.0011342527577653527,0.0853864997625351,0.016437815502285957,0.031102029606699944,0.007384344004094601,0.07004983723163605,0.00935889407992363,0.057474903762340546,0.057143453508615494,0.37455418705940247,0.015819676220417023,0.005671632010489702,0.021792588755488396,0.045636750757694244,0.128874734044075,0.0009467109339311719,1,265,3.1343428094071664,122,19,124,37522.3515625,0.24324429035186768,0.1585540771484375,0.575435996055603,0.42737823724746704,0.148057758808136,208,19,6,38,29,39,18,21,0.35094339622641507,0.10375795513391495,0.045294687151908875,0.042479049414396286,0.0,0.008423746563494205,0.022173909470438957,0.022765684872865677,0.027075260877609253,0.016332214698195457,0.028720654547214508,0.01009361632168293,0.046388719230890274,0.026398923248052597,0.3838511109352112,0.044299785047769547,0.06521407514810562,0.011193840764462948,0.042722754180431366,0.04352709650993347,0.009286917746067047,-22,-0.27069660971394915,-3,-2,-17,-3440.70703125,-0.03889495134353638,0.03633029758930206,0.008892536163330078,-37,-5,0,12,3,8,-0.034070968242875976
g16495.t1,A0A1X6NX32,0.87,44.5,1,293,2.376564677465417,131,44,118,32126.3515625,0.23843830823898315,0.29863980412483215,0.42511677742004395,0.34116047620773315,0.08395633101463318,269,31,4,17,3,24,15,9,0.25597269624573377,0.049564965069293976,0.01718028448522091,0.0702160969376564,0.005610366351902485,0.0,0.10564696788787842,0.03780509904026985,0.045698054134845734,0.03914826363325119,0.014864086173474789,0.048291705548763275,0.050992004573345184,0.03632240742444992,0.15753690898418427,0.0343913659453392,0.010935749858617783,0.044070515781641006,0.03214188665151596,0.1836235672235489,0.015959691256284714,1,353,2.7149082364441366,133,42,178,40211.484375,0.3431765139102936,0.1615707129240036,0.4834749698638916,0.4104587137699127,0.07301624864339828,256,33,0,32,8,29,12,17,0.3087818696883853,0.011055821552872658,0.012537265196442604,0.03064596652984619,0.0,0.0160478837788105,0.011786732822656631,0.011777776293456554,0.0,0.0115544768050313,0.06735903769731522,0.012925360351800919,0.03899166360497475,0.016428958624601364,0.05571705102920532,0.061960432678461075,0.13630802929401398,0.03685557842254639,0.08746577799320221,0.3547416925430298,0.025840498507022858,-60,-0.33834355897871937,-2,2,-60,-8085.1328125,-0.10473820567131042,0.13706909120082855,-0.058358192443847656,13,-2,4,-15,-5,-8,-0.052809173442651514
g1082.t1,J7F8H3,0.8685,20.7,1,185,2.5258546201278564,48,43,94,28348.470703125,0.16636575758457184,0.08881130814552307,0.6678089499473572,0.5551813840866089,0.11262751370668411,138,15,8,11,23,31,10,21,0.31891891891891894,0.11017542332410812,0.02441323734819889,0.0,0.0,0.00022763459128327668,0.0037957660388201475,0.07701397687196732,0.0041277119889855385,0.021819185465574265,0.045299284160137177,0.02787378802895546,0.04393208399415016,0.005121778231114149,0.3513188362121582,0.002452083397656679,0.02845432236790657,0.011606411077082157,0.01699439249932766,0.20386257767677307,0.021511467173695564,1,119,1.811759140799942,44,38,37,17849.92578125,0.29753780364990234,0.26792192459106445,0.36391833424568176,0.320789635181427,0.043128661811351776,89,10,1,5,13,19,7,12,0.37815126050420167,0.032678138464689255,0.03717007860541344,0.0032536734361201525,0.0,,0.12138219177722931,0.07062189280986786,0.05231781303882599,0.03693621605634689,0.051508259028196335,0.030920563265681267,0.10355030000209808,0.0,0.13628867268562317,0.01045052520930767,0.014263528399169445,0.00936184637248516,0.01676943525671959,0.18450096249580383,0.08802583068609238,66,0.7140954793279144,4,5,57,10498.544921875,-0.1311720460653305,-0.17911061644554138,0.3038906157016754,49,5,7,6,10,9,-0.05923234158528273
g17321.t1,A0A1X6NX83,0.8678,33.9,1,355,2.950300821102063,153,48,154,31343.37109375,0.1658967137336731,0.25813913345336914,0.5452871322631836,0.3516550362110138,0.19363214075565338,293,51,2,358,4,33,27,6,0.23098591549295774,0.10366267710924149,0.023243170231580734,0.02404615841805935,0.00218940619379282,0.029074274003505707,0.0,0.03067701868712902,0.11790204048156738,0.00010294190724380314,0.014514808543026447,0.012988487258553505,0.05183466896414757,0.0016470705159008503,0.2656727731227875,0.08996947109699249,0.005250037182122469,0.04634837806224823,0.0554676428437233,0.0859823003411293,0.03942675143480301,1,320,2.764290311198305,146,25,149,35867.96875,0.43692755699157715,0.13016197085380554,0.4162580966949463,0.15571637451648712,0.26054173707962036,261,42,1,167,-10,16,26,-10,0.3,0.14330033957958221,0.017864486202597618,0.11108220368623734,0.0,0.014180266298353672,0.01536498311907053,0.01665245182812214,0.009098540991544724,0.0005397372297011316,0.02495039999485016,0.0,0.08490245044231415,0.07425049692392349,0.111066535115242,0.11724139004945755,0.12702205777168274,0.027268189936876297,0.060565777122974396,0.04464985057711601,0.0,35,0.18601050990375834,7,23,5,-4524.59765625,-0.27103084325790405,0.1279771625995636,0.1290290355682373,32,9,1,191,14,16,-0.06901408450704224
g10256.t1,A0A1X6P862,0.8662,42.2,1,896,4.3716478859958885,388,137,371,83601.421875,0.13429556787014008,0.2018333524465561,0.6508038640022278,0.31253015995025635,0.33827367424964905,794,123,0,547,-28,75,91,-16,0.23214285714285715,0.2956463694572449,0.004939081612974405,0.04153664410114288,0.0,0.010019863024353981,0.07928606122732162,0.013067172840237617,0.016847115010023117,0.011303757317364216,0.023219505324959755,0.004519701935350895,0.013545322231948376,0.01675160601735115,0.2607022523880005,0.042627301067113876,0.01120345015078783,0.05542480945587158,0.040816567838191986,0.05182792991399765,0.006715424824506044,1,763,4.078808037373395,268,135,360,65774.9375,0.18082858622074127,0.15498189628124237,0.6617925763130188,0.18653401732444763,0.47525861859321594,621,84,10,368,-51,49,89,-40,0.23853211009174313,0.2867560088634491,0.011212068609893322,0.014882324263453484,0.0,0.0005886520957574248,0.03792964294552803,0.0023969472385942936,0.015105195343494415,0.00033555185655131936,0.024478115141391754,0.005783631466329098,0.03727024793624878,0.01863841339945793,0.16185066103935242,0.18850262463092804,0.08223161101341248,0.03406662493944168,0.05088474601507187,0.024683361873030663,0.002403662772849202,133,0.2928398486224939,120,2,11,17826.484375,-0.046533018350601196,0.04685145616531372,-0.010988712310791016,173,39,-10,179,23,24,-0.006389252948885982
g16504.t1,A0A1X6P966,0.8632,56.6,1,137,3.0471079050608516,57,0,80,29588.169921875,0.2448669970035553,0.2675378620624542,0.477003812789917,0.37585127353668213,0.10115255415439606,85,3,0,0,13,21,8,13,0.45985401459854014,0.07418233156204224,0.03768236190080643,0.014168849214911461,,,0.094229556620121,0.010591362603008747,0.0018185707740485668,0.008287686854600906,0.0730426162481308,0.056048549711704254,0.07126492261886597,0.017769936472177505,0.2321590781211853,0.02697022631764412,0.059351544827222824,0.02146695740520954,0.0562918484210968,0.14369218051433563,0.000981436693109572,1,130,2.817192804064054,60,0,70,27509.25390625,0.25014203786849976,0.1955430954694748,0.5198139548301697,0.38682523369789124,0.13298869132995605,85,1,0,1,10,18,8,10,0.46153846153846156,0.07245034724473953,0.03150784596800804,0.019443314522504807,,,0.04746215417981148,0.034500908106565475,0.0003447334747761488,0.004457000643014908,0.04917334020137787,0.03271962329745293,0.06653612107038498,0.06379026919603348,0.27237486839294434,0.06053835526108742,0.04251956194639206,0.05494662746787071,0.028562115505337715,0.1144503504037857,0.004222421441227198,7,0.22991510099679768,-3,0,10,2078.916015625,-0.005275040864944458,0.07199476659297943,-0.042810142040252686,0,2,0,-1,3,3,-0.0016844469399214246
g14442.t1,A0A1X6NM29,0.8623,50.5,1,166,2.0664616875148276,88,14,64,21574.732421875,0.17131900787353516,0.15461423993110657,0.6585189700126648,0.2952336370944977,0.3632853925228119,153,19,4,93,-11,17,28,-11,0.3313253012048193,0.24035130441188812,0.002195547567680478,0.0067298440262675285,0.0,0.009709510020911694,0.038698695600032806,0.015547730028629303,0.04423175007104874,0.0,0.048291683197021484,0.0,0.08953902870416641,0.0,0.21317221224308014,0.12293408811092377,0.015254313126206398,0.033477336168289185,0.036010898649692535,0.08206142485141754,0.001794625073671341,1,171,2.3916542130238563,93,13,65,25154.6875,0.26360198855400085,0.17269831895828247,0.5630632638931274,0.16729842126369476,0.3957648277282715,151,26,0,98,-16,13,28,-15,0.38596491228070173,0.19039230048656464,0.02131178416311741,0.0019240227993577719,,0.01910708285868168,0.056021079421043396,0.0006364624132402241,0.034301821142435074,0.0072791194543242455,0.04346536844968796,0.00025653638294897974,0.11856227368116379,0.03847460821270943,0.04450846090912819,0.20537255704402924,0.0328654982149601,0.018274690955877304,0.04253240302205086,0.12278995662927628,0.0019240227993577719,-5,-0.32519252550902866,-5,1,-1,-3579.955078125,-0.0922829806804657,-0.018084079027175903,0.09545570611953735,2,-7,4,-5,5,4,-0.054639611075882444
g17996.t1,A0A1X6PCS6,0.8612,32.8,1,298,3.657187665186396,59,39,200,46581.91015625,0.13608688116073608,0.38027307391166687,0.4613321125507355,0.38588470220565796,0.0754474475979805,151,13,0,77,49,47,12,35,0.37583892617449666,0.06379424035549164,0.003386403899639845,0.02916101925075054,,0.012675692327320576,0.2860261797904968,0.022307872772216797,0.009561151266098022,0.002975282957777381,0.049509238451719284,0.0313771590590477,0.005374545697122812,0.01322034653276205,0.2849787771701813,0.011653203517198563,0.011949650943279266,0.015988975763320923,0.03393319621682167,0.10090591013431549,0.011221105232834816,1,210,2.944796527506424,34,42,134,34750.5546875,0.21119628846645355,0.16339929401874542,0.5982583165168762,0.3656993508338928,0.2325589805841446,121,10,0,58,17,30,16,14,0.38571428571428573,0.10162191092967987,0.03049267642199993,0.018105510622262955,,0.014652448706328869,0.021024389192461967,0.027146078646183014,0.011651971377432346,0.0053767613135278225,0.02042672596871853,0.030855506658554077,0.07285533100366592,0.04139120876789093,0.29050636291503906,0.1309370994567871,0.038388293236494064,0.0418839231133461,0.027490830048918724,0.07519298791885376,0.0,88,0.7123911376799721,25,-3,66,11831.35546875,-0.07510940730571747,0.21687377989292145,-0.13692620396614075,30,3,0,19,32,21,-0.009875359539789075
g16504.t1,A0A1X6PKN9,0.8608,55.1,1,137,3.0471079050608516,57,0,80,29588.169921875,0.2448669970035553,0.2675378620624542,0.477003812789917,0.37585127353668213,0.10115255415439606,85,3,0,0,13,21,8,13,0.45985401459854014,0.07418233156204224,0.03768236190080643,0.014168849214911461,,,0.094229556620121,0.010591362603008747,0.0018185707740485668,0.008287686854600906,0.0730426162481308,0.056048549711704254,0.07126492261886597,0.017769936472177505,0.2321590781211853,0.02697022631764412,0.059351544827222824,0.02146695740520954,0.0562918484210968,0.14369218051433563,0.000981436693109572,1,130,2.7532064520884574,60,0,70,26370.61328125,0.25578543543815613,0.2103024423122406,0.5256094336509705,0.3877209722995758,0.13788840174674988,87,0,0,1,11,19,8,11,0.46923076923076923,0.07521435618400574,0.04513595998287201,0.020775049924850464,,,0.04447498172521591,0.008302808739244938,0.0005987472832202911,0.07235625386238098,0.033157892525196075,0.032319407910108566,0.06117648631334305,0.004282384645193815,0.2869674563407898,0.06267404556274414,0.05914318561553955,0.05966300889849663,0.028110317885875702,0.10075350105762482,0.004894154146313667,7,0.29390145297239423,-3,0,10,3217.556640625,-0.01091843843460083,0.05723541975021362,-0.04860562086105347,-2,3,0,-1,2,2,-0.00937675463222909
g19569.t1,A0A1X6NKK1,0.8604,48.4,1,144,2.7625355572844077,46,32,66,27741.259765625,0.14425019919872284,0.12080865353345871,0.7198118567466736,0.5421422719955444,0.17766962945461273,97,8,0,120,15,30,16,14,0.4513888888888889,0.11092915385961533,0.006695515476167202,0.006048046052455902,0.0,0.004303417168557644,0.014147995039820671,0.015129336155951023,0.025983745232224464,0.00046523427590727806,0.0032566399313509464,0.004160591866821051,0.0730147510766983,0.006156399380415678,0.4402162730693817,0.0667404755949974,0.05100569128990173,0.0,0.06982080638408661,0.10192598402500153,0.0,1,127,1.9216866453018262,33,35,59,20586.263671875,0.25135791301727295,0.09584984183311462,0.6391189694404602,0.3667724132537842,0.27234652638435364,83,8,0,72,4,18,17,1,0.3464566929133858,0.18871061503887177,0.010585885494947433,0.0,0.0,0.011751992627978325,0.007511344738304615,0.013673278503119946,0.033339377492666245,0.04874395579099655,0.038399580866098404,0.0,0.09693655371665955,0.0,0.23344753682613373,0.08363591134548187,0.05552585795521736,0.0338023342192173,0.010610898956656456,0.13332487642765045,0.0,17,0.8408489119825815,13,-3,7,7154.99609375,-0.10710771381855011,0.024958811700344086,0.08069288730621338,14,0,0,48,11,13,0.10493219597550307
g15161.t1,A0A1X6PIQ3,0.8575,69.9,1,833,3.8714640830682376,327,138,368,69203.5859375,0.21048109233379364,0.2842336595058441,0.5052852630615234,0.25953903794288635,0.24574624001979828,674,89,12,297,-15,59,55,4,0.19447779111644659,0.13160359859466553,0.016382284462451935,0.022167500108480453,0.0,0.01053701713681221,0.15584951639175415,0.0,0.03385915607213974,0.03321496397256851,0.04584807902574539,0.027139006182551384,0.06091863662004471,0.0025176946073770523,0.1379421353340149,0.11414264142513275,0.005993233527988195,0.032068248838186264,0.018935419619083405,0.12159688770771027,0.029283961281180382,1,860,3.7891944423628856,336,136,388,67926.3046875,0.2706710994243622,0.22430266439914703,0.4977585971355438,0.19642560184001923,0.3013330101966858,710,83,12,290,-35,54,68,-14,0.21046511627906977,0.15356846153736115,0.03964728116989136,0.027534155175089836,0.0,0.005700082518160343,0.01458976324647665,0.007267605047672987,0.05671488493680954,0.020471714437007904,0.05229377746582031,0.012809578329324722,0.052668247371912,0.012904876843094826,0.10073784738779068,0.14776451885700226,0.07902819663286209,0.05871019512414932,0.041830968111753464,0.09568774700164795,0.020070049911737442,-27,0.08226964070535203,-9,2,-20,1277.28125,-0.06019000709056854,0.05993099510669708,0.007526665925979614,-36,6,0,7,20,18,-0.01598732516262319
g11365.t1,A0A1X6NNW0,0.851,49.4,1,120,2.1025773968364163,9,39,72,21296.087890625,0.2499450445175171,0.2351689487695694,0.5148860216140747,0.3345035910606384,0.18038244545459747,67,7,0,30,2,17,11,6,0.4,0.11935973167419434,0.025246908888220787,0.0858394205570221,0.0,0.0,0.0,,0.033577241003513336,0.028180649504065514,0.03469552844762802,0.039049871265888214,0.06990508735179901,0.020150678232312202,0.26940178871154785,0.061022717505693436,0.004052743781358004,0.12218204140663147,0.015112890861928463,0.06510178744792938,0.007120917085558176,1,106,1.566463065292787,9,36,61,15938.740234375,0.3084591031074524,0.15332277119159698,0.538218080997467,0.25431883335113525,0.2838992178440094,67,11,0,11,-1,10,9,1,0.33962264150943394,0.21497976779937744,0.0538172721862793,0.07684129476547241,,0.0010121710365638137,,,0.0,0.04311848059296608,0.03704546391963959,0.0493689626455307,0.06676842272281647,0.04188542068004608,0.12439049780368805,0.06891948729753494,0.04178786277770996,0.04197518900036812,0.008161347359418869,0.1299283355474472,0.0,14,0.5361143315436294,0,3,11,5357.34765625,-0.0585140585899353,0.08184617757797241,-0.023332059383392334,0,-4,0,19,3,5,0.06037735849056608
g8463.t1,A0A1X6PGZ7,0.8504,32.6,1,143,1.8645441077157223,111,0,32,18367.671875,0.568501889705658,0.04660552740097046,0.379294753074646,0.3097875416278839,0.0695071890950203,138,6,0,191,8,12,5,7,0.3076923076923077,0.06676064431667328,0.004634807351976633,0.07694101333618164,0.0,0.029140248894691467,0.0,0.005597876850515604,0.017869198694825172,0.04366834834218025,0.08968441188335419,0.012783453799784184,0.13088053464889526,0.02828196994960308,0.164634108543396,0.002746552461758256,0.045780327171087265,0.003636889159679413,0.007681175600737333,0.1451534628868103,0.12412499636411667,1,143,1.8672533902287276,102,0,41,18707.640625,0.46779996156692505,0.292950302362442,0.19079627096652985,0.16307313740253448,0.02772313542664051,136,4,1,178,7,9,3,6,0.3356643356643357,0.02772313542664051,0.02612030878663063,0.07778491824865341,0.0,0.029648805037140846,0.0,0.048453424125909805,0.03608276695013046,0.004484274424612522,0.060710180550813675,0.11054974794387817,0.10127829760313034,0.07569166272878647,0.15427514910697937,0.0,0.016212377697229385,0.014639929868280888,0.10555755347013474,0.008797995746135712,0.10198945552110672,0,-0.0027092825130052844,9,0,-9,-339.96875,0.10070192813873291,-0.24634477496147156,0.18849848210811615,2,2,-1,13,1,1,-0.02797202797202797
g11365.t1,A0A1X6NXP6,0.8488,34.7,1,120,2.1025773968364163,9,39,72,21296.087890625,0.2499450445175171,0.2351689487695694,0.5148860216140747,0.3345035910606384,0.18038244545459747,67,7,0,30,2,17,11,6,0.4,0.11935973167419434,0.025246908888220787,0.0858394205570221,0.0,0.0,0.0,,0.033577241003513336,0.028180649504065514,0.03469552844762802,0.039049871265888214,0.06990508735179901,0.020150678232312202,0.26940178871154785,0.061022717505693436,0.004052743781358004,0.12218204140663147,0.015112890861928463,0.06510178744792938,0.007120917085558176,1,215,1.9669932044215548,16,89,110,22170.828125,0.39311760663986206,0.4133564531803131,0.18833759427070618,0.07185829430818558,0.1164793074131012,141,17,0,69,-6,10,12,-2,0.2930232558139535,0.09499846398830414,0.1123666763305664,0.0257590152323246,0.0,0.026199664920568466,0.012991487979888916,0.005188236478716135,0.04439780116081238,0.05064484849572182,0.03839608654379845,0.05231925845146179,0.09725192934274673,0.01847250387072563,0.03967282548546791,0.02148083969950676,0.11616476625204086,0.07008355855941772,0.12119771540164948,0.03218546509742737,0.020228831097483635,-95,0.13558419241486153,-7,-50,-38,-874.740234375,-0.14317256212234497,-0.1781875044107437,0.32654842734336853,-74,-10,0,-39,8,8,0.10697674418604652
g6532.t2,A0A1X6P664,0.8463,40.9,1,229,2.5179034593369156,77,30,122,26914.435546875,0.1520087718963623,0.3456436097621918,0.4992307722568512,0.3612622618675232,0.1379685252904892,163,18,3,185,8,26,18,8,0.314410480349345,0.05214748531579971,0.029099861159920692,0.010189937427639961,0.0,0.0,0.09117484092712402,0.0031169219873845577,0.08955573290586472,0.010184095241129398,0.028212424367666245,0.05691145732998848,0.0,0.02517514117062092,0.19774486124515533,0.08582104742527008,0.0600251629948616,0.0718287006020546,0.007073015905916691,0.16351740062236786,0.018222006037831306,1,184,2.5805352469125316,48,30,106,26158.875,0.30896762013435364,0.19566552340984344,0.4654082953929901,0.3040229082107544,0.16138537228107452,127,7,1,114,1,18,13,5,0.3641304347826087,0.07058200985193253,0.04327765479683876,0.021178264170885086,0.0,0.0,0.046155110001564026,0.029958544299006462,0.013017473742365837,0.0,0.037389401346445084,0.03734887018799782,0.06146705150604248,0.0376192182302475,0.1831865757703781,0.0908033698797226,0.10377633571624756,0.04451875016093254,0.011347669176757336,0.12083635479211807,0.04753737151622772,45,-0.06263178757561594,29,0,16,755.560546875,-0.15695884823799133,0.14997808635234833,0.033822476863861084,36,11,2,71,7,3,-0.04971995443326371
g8272.t1,J7F7H7,0.8453,27.5,1,105,1.2689113732412907,42,29,34,12866.880859375,0.22228989005088806,0.17020253837108612,0.606504499912262,0.36402755975723267,0.24247688055038452,94,11,1,102,-2,14,12,2,0.3523809523809524,0.22845207154750824,0.01902945339679718,0.0,0.0,0.04448729380965233,0.015299538150429726,0.0010030546691268682,0.04145314171910286,0.005636072717607021,0.0599096454679966,0.0,0.06749023497104645,0.0,0.36402755975723267,0.014024828560650349,0.013671944849193096,0.0,0.0944204181432724,,0.031094692647457123,1,107,1.2543235581417327,36,27,44,12878.58984375,0.22617897391319275,0.27126580476760864,0.5025551915168762,0.2544221878051758,0.24813300371170044,94,7,1,36,-5,6,11,-5,0.32710280373831774,0.16287147998809814,0.000501071335747838,0.0,0.0,0.04199860617518425,0.035852428525686264,,0.012532521970570087,0.013670938089489937,0.07465963065624237,0.003700916888192296,0.03416169434785843,0.002448238432407379,0.09886883944272995,0.0852615237236023,0.05923987179994583,0.17994944751262665,0.03872942924499512,0.15555334091186523,0.0,-2,0.014587815099557977,6,2,-10,-11.708984375,-0.0038890838623046875,-0.10106326639652252,0.10394930839538574,0,4,0,66,3,7,0.025278148642634668
g18246.t1,J7F683,0.8446,29.5,1,151,2.024442043339488,36,36,79,22806.216796875,0.25544631481170654,0.16739384829998016,0.5771598219871521,0.4468950033187866,0.13026483356952667,100,8,3,38,9,21,10,11,0.304635761589404,0.06955000758171082,0.008272933773696423,0.045976672321558,0.0,,0.03285219520330429,0.0,0.029125316068530083,0.019757898524403572,0.06391150504350662,0.026162164285779,0.08620937913656235,0.0,0.1916472464799881,0.060714833438396454,0.03732724487781525,0.0004244298324920237,0.07055679708719254,0.2552477717399597,0.0022636258509010077,1,130,1.8911135320544792,33,37,60,20674.9609375,0.2517678439617157,0.17323075234889984,0.5387977957725525,0.4940682649612427,0.044729527086019516,96,7,0,4,17,20,5,15,0.35384615384615387,0.03829594701528549,0.00899458583444357,0.019603146240115166,0.029398217797279358,0.007334847003221512,0.0434742197394371,0.03620365634560585,0.07238578796386719,0.022710125893354416,0.012016664259135723,,0.0838114395737648,0.04659206047654152,0.2294929474592209,0.006433573551476002,0.0400359183549881,0.007472628727555275,0.01150529831647873,0.2645753026008606,0.019663630053400993,21,0.1333285112850089,3,-1,19,2131.255859375,0.0036784708499908447,-0.005836904048919678,0.03836202621459961,4,1,3,34,-8,-4,-0.04921039225674989
g15163.t1,A0A1X6P6R2,0.8438,30.5,1,324,2.188264981103039,206,6,112,26601.05859375,0.375009685754776,0.271691232919693,0.32308104634284973,0.2338697612285614,0.08921130746603012,287,11,2,962,5,15,10,5,0.19444444444444445,0.037844181060791016,0.0,0.06734538823366165,0.009213297627866268,0.10719285905361176,0.09690205752849579,0.03021797351539135,0.05089172348380089,0.02667359635233879,0.049231499433517456,0.0683174729347229,0.05283500254154205,0.004851756617426872,0.1082172840833664,0.051367126405239105,0.01581483706831932,0.01746317557990551,0.02890351600944996,0.12565244734287262,0.051064733415842056,1,281,1.9670114571028066,204,4,73,22200.19140625,0.5710020065307617,0.1254444420337677,0.29521340131759644,0.2508750259876251,0.04433836042881012,271,10,0,394,-3,12,3,9,0.199288256227758,0.01847321167588234,0.0,0.12981966137886047,0.0,0.12756799161434174,0.04134248197078705,0.00834011472761631,0.009373661130666733,0.007412272971123457,0.04970582202076912,0.024240827187895775,0.05514338240027428,0.050983596593141556,0.0543438196182251,0.02586514502763748,0.067612424492836,0.011207189410924911,0.03928029164671898,0.19653120636940002,0.0827568843960762,43,0.22125352400023246,2,2,39,4400.8671875,-0.19599232077598572,0.1462467908859253,0.027867645025253296,16,1,2,568,8,-4,-0.004843811783313556
g11355.t1,J7F5Q1,0.8433,27.4,1,220,1.9654968528649903,71,52,97,21077.068359375,0.1808115839958191,0.2630024552345276,0.5548344254493713,0.38975587487220764,0.1650785505771637,198,26,3,112,3,21,14,7,0.24545454545454545,0.05357879400253296,0.004129758104681969,0.0024493320379406214,0.0071318200789391994,0.0,0.06190674751996994,0.0013515488244593143,0.06796625256538391,0.0,0.08545439690351486,0.041010912507772446,0.07759951055049896,0.001530832494609058,0.3454539477825165,0.11149974912405014,0.013777492567896843,0.023420779034495354,0.05743618682026863,0.04430197551846504,0.0,1,199,1.8360920437254824,55,47,97,20177.87109375,0.35598644614219666,0.22957322001457214,0.4029770493507385,0.16804133355617523,0.2349357306957245,168,11,0,209,-10,11,18,-7,0.2562814070351759,0.160843163728714,0.01687653735280037,0.009274500422179699,0.00032389737316407263,0.0,0.026185626164078712,0.011463257484138012,0.10506506264209747,0.07400329411029816,0.03425566479563713,0.03089665062725544,0.0861189216375351,0.0,0.16804133355617523,0.0740925669670105,0.08684223145246506,0.03886174410581589,0.01136370375752449,0.0,0.06549186259508133,21,0.12940480913950791,16,5,0,899.197265625,-0.17517486214637756,0.033429235219955444,0.1518573760986328,30,15,3,-97,13,14,-0.010826861580630426
g550.t1,A0A1X6P156,0.8432,53.1,1,148,1.9201024065035572,55,21,72,21442.7578125,0.19918181002140045,0.11129968613386154,0.673446536064148,0.41795918345451355,0.2554874122142792,109,17,20,44,0,16,18,-2,0.32432432432432434,0.16899584233760834,0.009612618014216423,0.004650926683098078,0.0,0.0,0.057961106300354004,0.016071947291493416,0.005753415636718273,0.02795015648007393,0.059384725987911224,0.0007352099637500942,0.08302139490842819,0.00045141763985157013,0.2089708149433136,0.08649156242609024,0.02372320368885994,0.00029408399132080376,0.036943260580301285,0.20898835361003876,0.0,1,149,2.1017694349733995,58,21,70,22398.65625,0.25129175186157227,0.12151165306568146,0.6233291625976562,0.2953619956970215,0.3279671370983124,98,8,20,27,-5,14,19,-5,0.3691275167785235,0.223230242729187,0.03303137421607971,0.004609628580510616,0.0,0.0,0.02031126618385315,0.0038674587849527597,0.0005652459221892059,0.0022588360588997602,0.03226739540696144,0.0032376351300626993,0.09433013200759888,0.0245374608784914,0.12026334553956985,0.10473690927028656,0.09328830987215042,0.046791933476924896,0.017574207857251167,0.17509867250919342,0.0,-1,-0.18166702846984228,-3,0,2,-955.8984375,-0.052109941840171814,-0.010211966931819916,0.0501173734664917,11,9,0,17,5,3,-0.04480319245419917
g8228.t1,J7F7J5,0.8395,25.2,1,161,3.630897550666757,25,49,87,36981.6953125,0.2729588449001312,0.3226589858531952,0.3992345929145813,0.3055434823036194,0.0936911478638649,79,11,0,0,13,22,7,15,0.515527950310559,0.0796969011425972,0.00600478844717145,0.0021811779588460922,0.009640666656196117,0.004624097142368555,0.17603686451911926,0.005147579591721296,0.0005987857584841549,0.028850950300693512,0.13231752812862396,0.0007673220825381577,0.05447894334793091,0.037072066217660904,0.250274121761322,0.013994247652590275,0.009420698508620262,0.05197444558143616,0.07763608545064926,0.055269330739974976,0.004013367462903261,1,105,1.9592231570715284,25,48,32,18310.705078125,0.3150794208049774,0.24362798035144806,0.38507071137428284,0.30849623680114746,0.07657446712255478,78,11,0,13,10,13,6,7,0.3904761904761905,0.00917446706444025,0.0031650946475565434,0.024481264874339104,0.0003443871682975441,,0.060637857764959335,0.05622190609574318,0.06544332206249237,0.04927076771855354,0.08303094655275345,0.019951455295085907,0.10815264284610748,0.03766092658042908,0.13538086414337158,0.0674000009894371,0.005081995390355587,0.054054372012615204,0.040031466633081436,0.17311538755893707,0.00740085868164897,56,1.6716743935952287,0,1,55,18670.990234375,-0.04212057590484619,0.07903100550174713,0.014163881540298462,1,0,0,-13,3,8,0.1250517598343685
g11355.t1,A0A1X6NU63,0.839,15.7,1,220,1.9654968528649903,71,52,97,21077.068359375,0.1808115839958191,0.2630024552345276,0.5548344254493713,0.38975587487220764,0.1650785505771637,198,26,3,112,3,21,14,7,0.24545454545454545,0.05357879400253296,0.004129758104681969,0.0024493320379406214,0.0071318200789391994,0.0,0.06190674751996994,0.0013515488244593143,0.06796625256538391,0.0,0.08545439690351486,0.041010912507772446,0.07759951055049896,0.001530832494609058,0.3454539477825165,0.11149974912405014,0.013777492567896843,0.023420779034495354,0.05743618682026863,0.04430197551846504,0.0,1,152,1.4087568263860755,53,38,61,15007.7197265625,0.3780657947063446,0.2185405194759369,0.40124380588531494,0.24517428874969482,0.15606950223445892,138,10,1,149,-1,9,9,0,0.3026315789473684,0.04184240475296974,0.0386531800031662,0.06836269050836563,0.0,0.06236167252063751,0.0,0.0021499241702258587,,0.0,0.07970338314771652,0.0,0.007802633102983236,0.0307439174503088,0.08616328239440918,0.11422709375619888,0.12013531476259232,0.02952546812593937,0.15036188066005707,0.15901100635528564,0.008956159465014935,68,0.5567400264789149,18,14,36,6069.3486328125,-0.1972542107105255,0.0444619357585907,0.1535906195640564,60,16,2,-37,4,7,-0.057177033492822965
g8504.t2,A0A1X6NPJ2,0.8298,58.9,1,698,4.143144801139897,290,111,297,55399.51953125,0.1499190330505371,0.20841966569423676,0.6033775210380554,0.3727097809314728,0.23066772520542145,603,70,0,205,-1,56,50,6,0.19627507163323782,0.20337557792663574,0.009747013449668884,0.023468632251024246,0.0014156568795442581,0.0006988969398662448,0.04603957384824753,0.0382838137447834,0.05527980625629425,0.038364432752132416,0.02660437487065792,0.011336428113281727,0.012950246222317219,0.00996926799416542,0.23320883512496948,0.027292149141430855,0.020565493032336235,0.040342800319194794,0.044258393347263336,0.1395009458065033,0.01729769818484783,1,563,3.0162291043116367,185,100,278,51947.2421875,0.2878797650337219,0.18638207018375397,0.4892083704471588,0.2657921314239502,0.2234162539243698,448,52,0,155,-14,29,31,-2,0.2255772646536412,0.12242208421230316,0.01272194366902113,0.05734596773982048,,,0.05166448652744293,0.036529790610075,0.022007735446095467,0.04291776940226555,0.029312221333384514,0.0004855673760175705,0.036726050078868866,0.015072004869580269,0.07674460858106613,0.10099416226148605,0.09384625405073166,0.04697234556078911,0.052529994398355484,0.18904753029346466,0.01265951618552208,135,1.1269156968282603,105,11,19,3452.27734375,-0.13796073198318481,0.022037595510482788,0.1141691505908966,155,18,0,50,13,8,-0.029302193020403378
g6101.t1,A0A1X6NIS8,0.8288,27.3,1,243,2.092024919895347,205,0,38,23231.287109375,0.5886284112930298,0.19222475588321686,0.17011843621730804,0.1325140744447708,0.03760436549782753,246,11,3,264,5,8,4,4,0.25925925925925924,0.023344101384282112,0.01153359841555357,0.15925297141075134,0.0,0.015607180073857307,0.03020056150853634,0.049028392881155014,0.0,0.024444283917546272,0.027935044839978218,0.04278711602091789,0.05911579355597496,0.0499996691942215,0.11194080859422684,0.014260259456932545,0.017038891091942787,0.07544075697660446,0.032262735068798065,0.020573260262608528,0.2352346032857895,1,270,2.2871981893736866,205,0,65,27439.484375,0.5593581795692444,0.1055142879486084,0.3348924219608307,0.31902459263801575,0.015867874026298523,246,19,0,139,13,16,1,15,0.24814814814814815,0.0,0.017111508175730705,0.09528053551912308,0.0,0.0234504584223032,0.0,0.00023517543741036206,0.0,0.0,0.08441688865423203,0.01718546636402607,0.057584527879953384,0.042449165135622025,0.02699095569550991,0.015867874026298523,0.14108233153820038,0.04436783120036125,0.026849474757909775,0.2920336127281189,0.11509424448013306,-27,-0.19517326947833968,0,0,-27,-4208.197265625,0.0292702317237854,0.08671046793460846,-0.16477398574352264,0,-8,3,125,-8,-11,0.0111111111111111
g5787.t1,J7F8B6,0.8194,33.0,1,433,4.708596670616162,98,127,208,42893.83203125,0.2988559901714325,0.38366422057151794,0.3173322081565857,0.20596660673618317,0.11136560142040253,326,29,13,384,2,19,20,-1,0.2678983833718245,0.06536535173654556,0.018057405948638916,0.06433144956827164,0.012058191932737827,0.0,0.03465777263045311,0.0001475823955843225,0.07452766597270966,0.025558220222592354,0.12960009276866913,0.009999103844165802,0.021956870332360268,0.011204601265490055,0.13614578545093536,0.04600025713443756,0.009207678958773613,0.03910014405846596,0.19526390731334686,0.0698208287358284,0.03699706122279167,1,110,1.4048053365993847,25,42,43,14923.044921875,0.19255447387695312,0.4439800977706909,0.36346539855003357,0.10777350515127182,0.25569188594818115,79,9,4,69,-3,5,7,-2,0.3090909090909091,0.2223091870546341,0.06587810814380646,0.028540028259158134,0.08159007132053375,,0.043817415833473206,,0.11097241193056107,0.09426857531070709,0.01765054278075695,0.025383537635207176,0.05079805478453636,0.0,0.09886116534471512,0.03338271379470825,0.0,0.057082273066043854,0.05925628915429115,0.008912338875234127,0.0012972740223631263,323,3.3037913340167773,73,85,165,27970.787109375,0.10630151629447937,-0.060315877199172974,-0.046133190393447876,247,20,9,315,5,1,-0.041192525719084605
g16757.t1,A0A1X6NM73,0.8113,24.0,1,197,2.4973801951512273,97,10,90,28808.484375,0.15957318246364594,0.19550150632858276,0.6088588833808899,0.4035293757915497,0.2053295075893402,152,15,0,39,19,30,17,13,0.3299492385786802,0.15148918330669403,0.011800489388406277,0.05225507169961929,,0.0,0.015460323542356491,0.0360664464533329,0.008345458656549454,0.004367995075881481,0.029567964375019073,0.04755733162164688,0.0389733612537384,0.007478105835616589,0.2507661283016205,0.053840335458517075,0.0024639968760311604,0.08555056154727936,0.02678734064102173,0.15276320278644562,0.024466685950756073,1,182,2.3400654534586747,99,10,73,24054.55078125,0.20311608910560608,0.15113727748394012,0.6118193864822388,0.4249401390552521,0.1868792027235031,141,23,1,48,7,22,16,6,0.3241758241758242,0.09937474131584167,0.0,0.046005088835954666,0.0,0.009121148847043514,0.013960643671452999,0.033927325159311295,0.03628413751721382,0.0,0.03903315216302872,0.065667524933815,0.05124339833855629,0.015016953460872173,0.28753548860549927,0.08750446885824203,0.029551154002547264,0.006569114048033953,0.02865586243569851,0.1374046504497528,0.013145186007022858,15,0.15731474169255266,-2,0,17,4753.93359375,-0.043542906641960144,0.04436422884464264,-0.002960503101348877,11,-8,-1,-9,12,7,0.005773414402856003
g17199.t1,A0A1X6NT00,0.8099,25.8,1,139,1.9818865411945716,52,26,61,21361.36328125,0.14648166298866272,0.14530892670154572,0.6813243627548218,0.6180561780929565,0.06326817721128464,106,9,0,40,27,30,4,26,0.34532374100719426,0.015629570931196213,0.03801104798913002,0.023552827537059784,,0.0,0.05225268378853798,0.026885008439421654,0.007106059696525335,0.0015104591147974133,0.04425300285220146,0.0,0.0540553517639637,0.017823414877057076,0.4383751153945923,0.047638606280088425,0.0049845147877931595,0.026967868208885193,0.020971274003386497,0.17968103289604187,0.0003020917938556522,1,141,1.8611559430169682,45,27,69,20217.490234375,0.23817278444766998,0.21333226561546326,0.5484949350357056,0.5183990597724915,0.030095864087343216,109,9,0,34,23,25,4,21,0.3546099290780142,0.025663675740361214,0.036097653210163116,0.041972652077674866,0.018109338358044624,0.0,0.025039447471499443,0.0,0.039312608540058136,0.0,0.042291831225156784,0.0,0.004625322297215462,0.0012767346343025565,0.320557177066803,0.004432186484336853,0.14401644468307495,0.051121458411216736,0.0436517558991909,0.19784188270568848,0.003989795688539743,-2,0.12073059817760345,7,-1,-8,1143.873046875,-0.09169112145900726,-0.06802333891391754,0.1328294277191162,-3,0,0,6,4,5,-0.009286188070819934
g8455.t1,A0A1X6PBA3,0.8041,32.9,1,81,1.473097812659034,27,16,38,15193.8056640625,0.3363012671470642,0.15136954188346863,0.41113877296447754,0.35324063897132874,0.0578981451690197,62,3,0,0,11,12,4,8,0.3950617283950617,0.05520041286945343,0.0,0.1308874785900116,0.0,,0.0392548032104969,0.10119032114744186,0.06476611644029617,0.04003908112645149,0.035464007407426834,0.0037837359122931957,0.12421087175607681,0.0027461466379463673,0.21563172340393066,0.0026977320667356253,0.0029536643996834755,0.024487106129527092,0.019077783450484276,0.13760890066623688,0.0,1,80,1.419352219832547,28,19,33,14810.82421875,0.28163808584213257,0.2782513201236725,0.44011056423187256,0.410732626914978,0.029377974569797516,58,3,0,0,9,12,3,9,0.4125,0.024481646716594696,0.09303659200668335,0.014160286635160446,,0.0,0.04010620340704918,,,0.0,0.0335489846765995,0.04696992039680481,0.13274253904819489,0.038757532835006714,0.08717883378267288,0.004896329715847969,0.06242873892188072,0.03515135496854782,0.06298724561929703,0.32355377078056335,,1,0.05374559282648694,-1,-3,5,382.9814453125,0.05466318130493164,-0.12688177824020386,-0.02897179126739502,4,0,0,0,2,-1,-0.01743827160493827
g11756.t1,A0A1X6NVK8,0.7992,34.7,1,134,1.8975037254834155,58,23,53,19460.09375,0.40138357877731323,0.25209930539131165,0.33398672938346863,0.2036444991827011,0.1303422451019287,108,9,0,106,2,13,8,5,0.3582089552238806,0.07680653035640717,0.009020895697176456,0.040455982089042664,0.0,0.14444735646247864,0.054768018424510956,0.012530367821455002,0.02376524917781353,0.000994819332845509,0.10953167080879211,0.1152421236038208,0.04946776106953621,0.009940632618963718,0.05140890181064606,0.05353568494319916,0.0,0.016112633049488068,0.03319036588072777,0.15223559737205505,0.04654534161090851,1,117,1.8507012899961781,48,21,48,17721.953125,0.5465511679649353,0.15927495062351227,0.28853684663772583,0.21061404049396515,0.07792280614376068,84,5,0,1,6,13,5,8,0.37606837606837606,0.021540062502026558,0.052449025213718414,0.03295375034213066,,0.0,,0.0056370883248746395,0.02996530942618847,0.05680425837635994,0.1384766846895218,0.013281867839396,0.07151984423398972,0.019845077767968178,0.03733140975236893,0.05638274550437927,0.08496149629354477,0.05702441185712814,0.0065543376840651035,0.17328263819217682,0.1419900357723236,17,0.04680243548723739,10,2,5,1738.140625,-0.14516758918762207,0.09282435476779938,0.0454498827457428,24,4,0,105,-4,-3,-0.01785942084449549
g6110.t1,J7F9K4,0.7992,25.8,1,156,2.0199289067783317,59,12,85,20548.259765625,0.20809006690979004,0.09770672023296356,0.647406816482544,0.5534389019012451,0.09396795183420181,114,24,0,78,20,25,8,17,0.28205128205128205,0.05094306915998459,0.009182010777294636,0.025212660431861877,0.0,0.06353987008333206,0.011075207963585854,0.046796299517154694,0.05045280233025551,0.032253630459308624,0.010363508015871048,0.00692641269415617,0.04897748678922653,0.015074193477630615,0.3188423812389374,0.043024882674217224,0.010520529933273792,0.001081260503269732,0.018989024683833122,0.23459652066230774,0.0021482014562934637,1,126,2.2493708482918344,61,6,59,20748.58984375,0.10082628577947617,0.23500603437423706,0.6641676425933838,0.5708557367324829,0.09331191331148148,99,11,0,2,19,28,8,20,0.42857142857142855,0.046687617897987366,0.028339633718132973,0.008397364988923073,0.0,,0.047900646924972534,0.0,0.0980318933725357,0.023845229297876358,0.007619832176715136,0.016228942200541496,0.014068168587982655,0.015084156766533852,0.2789939343929291,0.04662428796291351,0.026835311204195023,0.025247847661376,0.01925704814493656,0.29186177253723145,0.004976216703653336,30,-0.22944194151350272,-2,6,26,-200.330078125,0.10726378113031387,-0.1372993141412735,-0.016760826110839844,15,13,0,76,1,-3,-0.1465201465201465
g16599.t1,A0A1X6P156,0.7983,17.1,1,111,1.370954604937526,55,20,36,14863.111328125,0.23938480019569397,0.23204532265663147,0.5285698771476746,0.47354772686958313,0.05502215027809143,104,7,3,49,11,17,5,12,0.24324324324324326,0.013808570802211761,0.001060674898326397,0.05492229387164116,0.0,,0.06962050497531891,0.0,0.01138492114841938,0.02018882893025875,0.005210020113736391,0.11401324719190598,0.12042268365621567,0.0,0.34518125653266907,0.04121357575058937,0.027786774560809135,0.032275572419166565,0.0036904311273247004,0.12836645543575287,0.010854208841919899,1,149,2.1017694349733995,58,21,70,22398.65625,0.25129175186157227,0.12151165306568146,0.6233291625976562,0.2953619956970215,0.3279671370983124,98,8,20,27,-5,14,19,-5,0.3691275167785235,0.223230242729187,0.03303137421607971,0.004609628580510616,0.0,0.0,0.02031126618385315,0.0038674587849527597,0.0005652459221892059,0.0022588360588997602,0.03226739540696144,0.0032376351300626993,0.09433013200759888,0.0245374608784914,0.12026334553956985,0.10473690927028656,0.09328830987215042,0.046791933476924896,0.017574207857251167,0.17509867250919342,0.0,-38,-0.7308148300358734,-3,-1,-34,-7535.544921875,-0.011906951665878296,0.11053366959095001,-0.09475928544998169,6,-1,-17,22,16,17,-0.12588427353528026
g10690.t1,J7F9K5,0.7979,19.7,1,187,2.1213994932845908,39,81,67,21746.30859375,0.17932699620723724,0.06933891773223877,0.7138857245445251,0.606195330619812,0.10769044607877731,137,20,1,45,20,32,7,25,0.2620320855614973,0.06209946796298027,0.011864127591252327,0.014085204340517521,0.0,0.029343824833631516,0.04336528480052948,0.03744833916425705,0.007858047261834145,0.019585121423006058,0.036586564034223557,0.0,0.05657052993774414,0.01394698116928339,0.3343316614627838,0.04559096321463585,0.007576662115752697,0.0036247367970645428,0.002626724075525999,0.2718636393547058,0.0016320934519171715,1,180,2.1248063722168142,39,69,72,22034.46875,0.09757503122091293,0.37372103333473206,0.5070821046829224,0.4197785258293152,0.08730363100767136,130,14,0,0,14,18,7,11,0.25555555555555554,0.04866843298077583,0.015349183231592178,0.014496744610369205,,,0.10146436840295792,0.02162177674472332,0.15883855521678925,0.012519687414169312,0.015424494631588459,0.005507654044777155,0.003061143681406975,0.04275139793753624,0.3013860285282135,0.03863520175218582,0.007604436483234167,0.05073942244052887,0.04182181507349014,0.11839251220226288,0.0017171201761811972,7,-0.003406878932223467,0,12,-5,-288.16015625,0.08175196498632431,-0.3043821156024933,0.20680361986160278,7,6,1,45,6,14,0.006476530005941783
g17828.t1,A0A1X6P4I9,0.7978,26.8,1,350,2.0061134840051293,149,57,144,22926.57421875,0.16255256533622742,0.2272518277168274,0.5911124348640442,0.43749895691871643,0.15361353754997253,343,69,18,265,2,32,20,12,0.1657142857142857,0.08843888342380524,0.025430241599678993,0.019414860755205154,0.0,0.003911109641194344,0.05220900475978851,0.01908307708799839,0.10086952149868011,0.00014073390047997236,0.06220117211341858,0.023146413266658783,0.05790165439248085,0.011821647174656391,0.3301481604576111,0.0651746317744255,0.003364779520779848,0.014363600872457027,0.011233043856918812,0.10735081136226654,0.003796606557443738,1,362,2.1715508586506855,137,58,167,27833.2109375,0.39186006784439087,0.3249872922897339,0.2687211036682129,0.12772728502750397,0.14099381864070892,323,46,4,170,-3,17,14,3,0.20994475138121546,0.08344648033380508,0.020929081365466118,0.047518037259578705,0.0,0.024382874369621277,0.036352839320898056,0.0144315455108881,0.05084653198719025,0.049499690532684326,0.06970716267824173,0.016244538128376007,0.07208114117383957,0.030372172594070435,0.06718507409095764,0.05754733458161354,0.08751804381608963,0.07392965257167816,0.12668460607528687,0.060542214661836624,0.01078096218407154,-12,-0.1654373746455562,12,-1,-23,-4906.63671875,-0.22930750250816345,-0.0977354645729065,0.3223913311958313,20,23,14,95,5,9,-0.04423046566692976
g13618.t1,A0A1X6NMD2,0.7959,17.8,1,256,3.83830967313252,31,49,176,58726.453125,0.16566744446754456,0.1876336634159088,0.6376068592071533,0.5211380124092102,0.1164688915014267,108,26,0,24,39,52,17,35,0.546875,0.07515797019004822,0.0824531614780426,0.05481436476111412,,0.0,0.018858665600419044,0.009091934189200401,0.04143703728914261,0.01005545724183321,0.05696802958846092,0.0004395356518216431,0.006990860681980848,0.00972472783178091,0.01991814561188221,0.04131091386079788,0.01519160345196724,0.01590457744896412,0.02854069136083126,0.5012198090553284,0.011922404170036316,1,214,2.6936870499502654,37,54,123,30964.421875,0.3445045053958893,0.21373988687992096,0.39462289214134216,0.2464180737733841,0.14820478856563568,117,14,0,40,8,16,12,4,0.37383177570093457,0.03431776911020279,0.15031182765960693,0.014211494475603104,0.0,,0.010691738687455654,0.04713276028633118,,0.0,0.08581913262605667,0.0,0.057747744023799896,0.059127189218997955,0.0,0.11388702690601349,0.12124264985322952,0.019847236573696136,0.03288908302783966,0.2464180737733841,0.006356305442750454,42,1.1446226231822547,-6,-5,53,27762.03125,-0.17883706092834473,-0.026106223464012146,0.24298396706581116,-9,12,0,-16,31,31,0.17304322429906543
g8272.t1,A0A1X6PF25,0.7933,28.5,1,105,1.2689113732412907,42,29,34,12866.880859375,0.22228989005088806,0.17020253837108612,0.606504499912262,0.36402755975723267,0.24247688055038452,94,11,1,102,-2,14,12,2,0.3523809523809524,0.22845207154750824,0.01902945339679718,0.0,0.0,0.04448729380965233,0.015299538150429726,0.0010030546691268682,0.04145314171910286,0.005636072717607021,0.0599096454679966,0.0,0.06749023497104645,0.0,0.36402755975723267,0.014024828560650349,0.013671944849193096,0.0,0.0944204181432724,,0.031094692647457123,1,111,1.2982464082239635,44,29,38,13518.638671875,0.18968605995178223,0.3425133526325226,0.45295029878616333,0.21453224122524261,0.23841802775859833,93,4,1,45,-7,7,11,-4,0.3063063063063063,0.0744338184595108,0.011837502010166645,0.03475932776927948,0.0,0.006128360982984304,0.1251583844423294,0.014850362204015255,0.07829093188047409,0.0,0.025076335296034813,0.0,0.02900020405650139,0.005369788967072964,0.21453224122524261,0.16398420929908752,0.006395222619175911,0.03345018997788429,0.09377632290124893,,0.08295682817697525,-6,-0.02933503498267287,-2,0,-4,-651.7578125,0.032603830099105835,-0.17231081426143646,0.15355420112609863,1,7,0,57,5,6,0.04607464607464612
g10054.t1,A0A1X6NL95,0.7909,22.0,1,180,2.3793951291404336,60,39,81,24416.072265625,0.2286033034324646,0.22613604366779327,0.5452607274055481,0.37328383326530457,0.17197680473327637,166,32,0,19,4,22,15,7,0.3611111111111111,0.12365899235010147,0.0,0.05428589507937431,,0.0,0.09249933809041977,,0.04543110355734825,0.008061056025326252,0.10050169378519058,0.03545287996530533,0.0200312752276659,0.023786721751093864,0.3251214623451233,0.04831783100962639,0.008853945881128311,0.00929215643554926,0.04346053674817085,0.04816235974431038,0.013082697056233883,1,134,1.4203518162294593,31,43,60,14899.501953125,0.2710866928100586,0.1959877461194992,0.5329256057739258,0.4279184937477112,0.10500708222389221,121,19,0,59,6,14,7,7,0.291044776119403,0.027530619874596596,0.09935054928064346,0.0387328565120697,,0.0,0.043646350502967834,0.0,0.0,0.0,0.07425826042890549,0.005620528943836689,0.050832927227020264,0.016379106789827347,0.1517138034105301,0.07747644931077957,0.044974103569984436,0.009036021307110786,0.03833431005477905,0.2762047052383423,0.04590943828225136,46,0.9590433129109743,29,-4,21,9516.5703125,-0.042483389377593994,0.030148297548294067,0.012335121631622314,45,13,0,-40,-2,0,0.07006633499170811
g3990.t1,J7F9K8,0.7889,32.0,1,259,2.329165429580628,33,64,162,25688.548828125,0.21137242019176483,0.22488658130168915,0.5184397101402283,0.3705098032951355,0.14792987704277039,177,22,3,88,30,28,10,18,0.22393822393822393,0.09100398421287537,0.02053789049386978,0.051858339458703995,0.0,0.014444288797676563,0.03141480311751366,0.04530131816864014,0.044828109443187714,0.005643521901220083,0.040894877165555954,0.11067686229944229,0.07305411994457245,0.011178622953593731,0.19354960322380066,0.05692589655518532,0.00600887555629015,0.0009819116676226258,0.016447022557258606,0.17696021497249603,0.008289765566587448,1,275,2.230849373265199,17,79,179,24592.59375,0.17842230200767517,0.22334374487400055,0.5907191634178162,0.4639741778373718,0.1267450451850891,185,19,2,14,32,31,7,24,0.2509090909090909,0.09437959641218185,0.026143839582800865,0.05630446597933769,0.0,0.0072768679820001125,0.0057917204685509205,0.007514784578233957,0.10097543150186539,0.017679085955023766,0.049199968576431274,0.028040066361427307,0.0,0.033339325338602066,0.23955340683460236,0.03236544132232666,0.014622602611780167,0.047967083752155304,0.01442559715360403,0.2244207262992859,0.0,-16,0.09831605631542928,16,-15,-17,1095.955078125,0.03295011818408966,0.0015428364276885986,-0.07227945327758789,-8,3,1,74,-2,-6,-0.02697086697086698
g7070.t1,A0A1X6NN23,0.7881,20.5,1,202,1.6750418025097786,117,20,65,18242.109375,0.1898135244846344,0.17328138649463654,0.6202923655509949,0.36916986107826233,0.25112250447273254,196,20,0,312,4,19,16,3,0.26732673267326734,0.10617685317993164,0.020482489839196205,0.03219097852706909,0.0,0.0,0.024464232847094536,0.01661265827715397,0.04385989159345627,0.0,0.051686838269233704,0.014868363738059998,0.03700507432222366,0.00017687352374196053,0.34878572821617126,0.1449456661939621,0.029873833060264587,0.02701215073466301,0.04259426146745682,0.02038414031267166,0.038879916071891785,1,208,1.677520836141822,124,15,69,18385.384765625,0.20575149357318878,0.2542335093021393,0.5352766513824463,0.24274997413158417,0.29252663254737854,185,19,0,109,-4,13,16,-3,0.25,0.1806153506040573,0.011793635785579681,0.0166720412671566,0.0,0.002625752706080675,0.019612716510891914,0.0047383694909513,0.0010449689580127597,0.0006979796453379095,0.12109857052564621,0.0,0.0,0.0015794564969837666,0.1997145414352417,0.11191131919622421,0.06307768821716309,0.07563856989145279,0.14614363014698029,0.043035466223955154,0.0,-6,-0.0024790336320432704,-7,5,-4,-143.275390625,-0.015937969088554382,-0.08095212280750275,0.08501571416854858,11,1,0,203,8,6,0.017326732673267342
g11483.t1,A0A1X6P6P2,0.782,56.7,1,189,2.7487863981264047,61,25,103,28982.81640625,0.29926812648773193,0.13256078958511353,0.5681711435317993,0.18292416632175446,0.38524696230888367,135,18,0,105,-15,15,30,-15,0.3492063492063492,0.11111834645271301,0.00454153073951602,0.0912008211016655,0.0,0.0,0.03505813330411911,0.0,0.036247774958610535,0.02059534192085266,0.019173135980963707,0.016356637701392174,0.10641955584287643,0.002431409666314721,0.15256404876708984,0.27412861585617065,0.02082018554210663,0.030570155009627342,0.009786550886929035,0.030360126867890358,0.03862764686346054,1,225,2.8754789933954457,61,24,140,39926.65625,0.24798235297203064,0.18060022592544556,0.5712589025497437,0.21205005049705505,0.3592088222503662,141,17,1,105,-20,16,32,-16,0.40444444444444444,0.10209301114082336,0.06391163170337677,0.04003006964921951,0.0,0.0,0.01826941967010498,0.00015855008678045124,0.016940725967288017,0.0027476022951304913,0.026166453957557678,0.017011847347021103,0.07776228338479996,0.0003158777835778892,0.11143292486667633,0.25711578130722046,0.03795439004898071,0.050155796110630035,0.014310810714960098,0.10061713308095932,0.06300570070743561,-36,-0.12669259526904098,0,1,-37,-10943.83984375,0.051285773515701294,-0.04803943634033203,-0.003087759017944336,-6,1,-1,0,5,1,-0.05523809523809525
g16684.t2,A0A1X6PJX8,0.7762,39.4,1,590,4.090335920518937,186,145,259,64842.49609375,0.19972115755081177,0.2035898119211197,0.5818460583686829,0.34712544083595276,0.2347206175327301,471,59,11,468,-10,59,52,7,0.2745762711864407,0.1457674503326416,0.0018399761756882071,0.013037053868174553,0.0012598911998793483,0.004279338289052248,0.07576772570610046,0.014842919073998928,0.060120537877082825,0.00900651328265667,0.06291951984167099,0.005760630592703819,0.061342503875494,0.017764229327440262,0.2738991379737854,0.0889531597495079,0.015327959321439266,0.01654750481247902,0.04229355975985527,0.07322631776332855,0.01604403741657734,1,649,4.478369556705796,105,141,403,72593.78125,0.3529970049858093,0.1718103438615799,0.46852508187294006,0.1684197038412094,0.30010539293289185,418,58,3,280,-43,35,63,-28,0.28659476117103233,0.16311439871788025,0.015460969880223274,0.03419651836156845,0.0,0.0012000579154118896,0.014194208197295666,0.006667641457170248,0.007495557423681021,0.004288013558834791,0.0818871557712555,0.0015302977990359068,0.033088989555835724,0.09091009944677353,0.09226428717374802,0.1369910091161728,0.08279579877853394,0.055015284568071365,0.07811401784420013,0.0761554092168808,0.024630367755889893,-59,-0.3880336361868588,81,4,-144,-7751.28515625,-0.15327584743499756,0.031779468059539795,0.1133209764957428,53,1,8,188,33,35,-0.012018489984591652
g7070.t1,A0A1X6PF93,0.7751,25.8,1,202,1.6750418025097786,117,20,65,18242.109375,0.1898135244846344,0.17328138649463654,0.6202923655509949,0.36916986107826233,0.25112250447273254,196,20,0,312,4,19,16,3,0.26732673267326734,0.10617685317993164,0.020482489839196205,0.03219097852706909,0.0,0.0,0.024464232847094536,0.01661265827715397,0.04385989159345627,0.0,0.051686838269233704,0.014868363738059998,0.03700507432222366,0.00017687352374196053,0.34878572821617126,0.1449456661939621,0.029873833060264587,0.02701215073466301,0.04259426146745682,0.02038414031267166,0.038879916071891785,1,206,1.6564378462930187,122,15,69,17852.826171875,0.28518980741500854,0.19285543262958527,0.5219547748565674,0.2200796902179718,0.3018750548362732,183,23,0,64,-8,11,13,-2,0.22815533980582525,0.12136153876781464,0.04852353036403656,0.002710954053327441,0.0,0.0010775078553706408,0.03719880059361458,0.0,0.028896763920783997,0.0007064396049827337,0.18596918880939484,0.0,0.0,0.03488093987107277,0.15587681531906128,0.18051350116729736,0.059844743460416794,0.026171227917075157,0.05206509679555893,0.06420288234949112,0.0,-4,0.01860395621675992,-5,5,-4,389.283203125,-0.09537628293037415,-0.01957404613494873,0.09833759069442749,13,-3,0,248,12,5,0.03917139286744209
g6985.t1,A0A1X6PGY4,0.772,30.8,1,433,2.553806595457821,85,143,205,30275.16015625,0.2718857526779175,0.2775956094264984,0.41690123081207275,0.2400437295436859,0.17685748636722565,345,44,18,498,-7,27,25,2,0.20323325635103925,0.10600985586643219,0.009119203314185143,0.048832446336746216,0.0,0.0,0.05881219357252121,0.033617403358221054,0.0576602965593338,0.012561158277094364,0.03398983180522919,0.008229830302298069,0.04674924165010452,0.0403888002038002,0.0703284814953804,0.07084763050079346,0.029910525307059288,0.06811791658401489,0.07565617561340332,0.16971524059772491,0.05945373699069023,1,746,3.4315476580662385,175,122,449,61699.96875,0.27631765604019165,0.33313560485839844,0.3806705176830292,0.23107841610908508,0.1495920717716217,420,39,13,137,4,33,23,10,0.22654155495978553,0.03761199116706848,0.19383566081523895,0.04170806333422661,0.009310025721788406,0.020243626087903976,0.0008176304399967194,0.009876216761767864,0.005480989348143339,0.0,0.07134079188108444,0.00020440760999917984,0.0,0.04596978798508644,0.01170328352600336,0.11198008805513382,0.09559116512537003,0.06730879843235016,0.05617811530828476,0.2193751484155655,0.001464235712774098,-313,-0.8777410626084174,-90,21,-244,-31424.80859375,-0.00443190336227417,-0.055539995431900024,0.03623071312904358,-75,5,5,361,-11,-8,-0.02330829860874628
g13452.t1,A0A1X6P0M2,0.7713,23.4,1,172,1.6560846156531799,26,72,74,17761.3984375,0.1738114207983017,0.25502994656562805,0.558302104473114,0.4428313672542572,0.1154707595705986,136,22,0,77,5,19,10,9,0.2616279069767442,0.1018017902970314,0.04327975958585739,0.0,0.0,0.0,0.04403485357761383,0.01285644806921482,0.09992978721857071,0.05595146119594574,0.024160858243703842,0.022524775937199593,0.04881405457854271,0.003034389577805996,0.38184335827827454,0.013668964616954327,0.041850633919239044,0.023581605404615402,0.021679164841771126,0.060988035053014755,0.0,1,463,2.518545041276404,103,115,245,34297.6328125,0.3393072485923767,0.20460154116153717,0.42359673976898193,0.35409724712371826,0.06949947774410248,317,36,1,337,9,24,10,14,0.1900647948164147,0.04381021484732628,0.06613453477621078,0.0786377415060997,0.0,0.014506470412015915,0.04057348892092705,0.0324944406747818,0.0,0.0015992732951417565,0.08026488870382309,0.0,0.051618512719869614,0.009097383357584476,0.12626367807388306,0.02568925730884075,0.10358297824859619,0.07029400765895844,0.027599520981311798,0.2278335690498352,0.0,-291,-0.8624604256232242,-77,-43,-171,-16536.234375,-0.165495827794075,0.05042840540409088,0.13470536470413208,-181,-14,-1,-260,-4,-5,0.07156311216032951
g9719.t2,A0A1X6NLT7,0.7614,29.8,1,470,3.4489790697023754,113,144,213,43901.9375,0.30902260541915894,0.2679043710231781,0.3866540491580963,0.23268093168735504,0.15397310256958008,410,44,1,359,-14,22,26,-4,0.2553191489361702,0.08858612179756165,0.008524889126420021,0.07664962112903595,0.0,0.0,0.011810528114438057,0.036419086158275604,0.043077535927295685,0.010656686499714851,0.0545627661049366,0.055476896464824677,0.03954591974616051,0.04457758367061615,0.0946594774723053,0.06538697332143784,0.004409663379192352,0.09649521112442017,0.052519313991069794,0.13802146911621094,0.07862033694982529,1,443,3.20723437236883,116,142,185,38321.0234375,0.35933464765548706,0.2888225317001343,0.3158392608165741,0.19838929176330566,0.11744994670152664,354,37,3,307,-3,21,17,4,0.24153498871331827,0.02401590719819069,0.02178916521370411,0.08800948411226273,0.004263690207153559,0.011871890164911747,0.054677534848451614,0.03600361570715904,0.01114576868712902,0.012040287256240845,0.04077643156051636,0.03587409853935242,0.07575362175703049,0.043015483766794205,0.032166916877031326,0.09343404322862625,0.06606020033359528,0.09748531877994537,0.06358695775270462,0.16622234880924225,0.0218072347342968,27,0.2417446973335453,-3,2,28,5580.9140625,-0.050312042236328125,-0.020918160676956177,0.07081478834152222,56,7,-2,52,-11,-8,0.013784160222851921
g16684.t1,A0A1X6PJX8,0.758,39.7,1,575,4.080729058303957,154,145,276,68731.2578125,0.2497273087501526,0.20671933889389038,0.5382852554321289,0.3194403648376465,0.218844935297966,446,58,5,440,-12,63,55,8,0.30782608695652175,0.13533951342105865,0.00224476819857955,0.027133850380778313,0.008653063327074051,0.004892556928098202,0.08118602633476257,0.0052681127563118935,0.05891791731119156,0.018871638923883438,0.06487561762332916,0.006737368181347847,0.06031638756394386,0.025861000642180443,0.25339263677597046,0.08350542932748795,0.013012931682169437,0.026431571692228317,0.022548621520400047,0.06604774296283722,0.034763310104608536,1,649,4.478369556705796,105,141,403,72593.78125,0.3529970049858093,0.1718103438615799,0.46852508187294006,0.1684197038412094,0.30010539293289185,418,58,3,280,-43,35,63,-28,0.28659476117103233,0.16311439871788025,0.015460969880223274,0.03419651836156845,0.0,0.0012000579154118896,0.014194208197295666,0.006667641457170248,0.007495557423681021,0.004288013558834791,0.0818871557712555,0.0015302977990359068,0.033088989555835724,0.09091009944677353,0.09226428717374802,0.1369910091161728,0.08279579877853394,0.055015284568071365,0.07811401784420013,0.0761554092168808,0.024630367755889893,-74,-0.3976404984018389,49,4,-127,-3862.5234375,-0.10326969623565674,0.034908995032310486,0.06976017355918884,28,0,2,160,31,36,0.02123132578548942
g7070.t1,A0A1X6P1T1,0.7536,21.0,1,202,1.6750418025097786,117,20,65,18242.109375,0.1898135244846344,0.17328138649463654,0.6202923655509949,0.36916986107826233,0.25112250447273254,196,20,0,312,4,19,16,3,0.26732673267326734,0.10617685317993164,0.020482489839196205,0.03219097852706909,0.0,0.0,0.024464232847094536,0.01661265827715397,0.04385989159345627,0.0,0.051686838269233704,0.014868363738059998,0.03700507432222366,0.00017687352374196053,0.34878572821617126,0.1449456661939621,0.029873833060264587,0.02701215073466301,0.04259426146745682,0.02038414031267166,0.038879916071891785,1,208,1.701446893888501,117,15,76,18293.892578125,0.21106383204460144,0.15408866107463837,0.6348474025726318,0.23093126714229584,0.4039161205291748,194,25,6,125,-4,19,20,-1,0.24519230769230768,0.25392472743988037,0.008517619222402573,0.021854151040315628,0.0,0.0,0.001895870198495686,0.0,0.0219680517911911,0.0,0.10714110732078552,0.007584033068269491,0.0,0.025044945999979973,0.17037266492843628,0.14999143779277802,0.05702362582087517,0.043519314378499985,0.07060378044843674,0.06055862084031105,0.0,-6,-0.02640509137872238,0,5,-11,-51.783203125,-0.02125030755996704,0.01919272541999817,-0.014555037021636963,2,-5,-6,187,8,4,0.02213442498095966
g14312.t1,J7F660,0.7525,18.6,1,309,2.905674307403476,95,32,182,40345.015625,0.23261430859565735,0.4831660985946655,0.28295978903770447,0.1173657774925232,0.16559401154518127,198,23,9,130,-5,16,18,-2,0.33980582524271846,0.1344882696866989,0.025679221376776695,0.07091832160949707,0.0,0.0,0.13929307460784912,0.0012598104076460004,0.044698383659124374,0.04477836191654205,0.05706486105918884,0.050245024263858795,0.01762891560792923,0.010461987927556038,0.028082240372896194,0.031105749309062958,0.03168373182415962,0.01483452320098877,0.20841585099697113,0.0892835408449173,7.815056596882641e-05,1,241,2.043380643838301,124,34,83,23928.720703125,0.14599119126796722,0.2419871687889099,0.6027945876121521,0.3251330256462097,0.27766159176826477,227,25,9,70,0,23,16,7,0.23236514522821577,0.23546889424324036,0.006839944515377283,0.019545214250683784,0.0,0.0026839766651391983,0.10313230752944946,0.009227026253938675,0.04600973054766655,0.005258756224066019,0.02791186235845089,0.03699628263711929,0.028203552588820457,0.023596983402967453,0.14640742540359497,0.04219270870089531,0.014249991625547409,0.028762247413396835,0.020246658474206924,0.17872560024261475,0.024540860205888748,68,0.862293663565175,-29,-2,99,16416.294921875,0.08662311732769012,0.24117892980575562,-0.31983479857444763,-29,-2,0,60,-5,-9,0.10744068001450269
g6373.t1,A0A1X6PAT8,0.7421,20.9,1,239,2.9706958746035705,3,88,148,35406.88671875,0.3794080317020416,0.453254759311676,0.16733725368976593,0.15308299660682678,0.014254244975745678,118,19,0,39,4,13,2,11,0.3389121338912134,0.0061444551683962345,0.028047800064086914,0.020777102559804916,0.0002671502297744155,0.00027338293148204684,0.11736370623111725,0.0,0.023309621959924698,0.0,0.19047312438488007,0.21171070635318756,0.02971671149134636,0.041491881012916565,0.06467713415622711,0.008109789341688156,0.06012590974569321,0.02869575470685959,0.0438600555062294,0.08840587735176086,0.036549925804138184,1,788,3.8416675423603235,117,182,489,90077.453125,0.42712700366973877,0.4187621772289276,0.11201606690883636,0.1067199856042862,0.0052960775792598724,467,38,0,232,5,28,6,22,0.2918781725888325,0.0023208176717162132,0.054097987711429596,0.019935233518481255,0.0,0.011820496991276741,0.026838025078177452,0.04209471493959427,0.011385868303477764,3.5819688491756096e-05,0.20566479861736298,0.24319413304328918,0.015214107930660248,0.044983476400375366,0.06461688131093979,0.0029752596747130156,0.11725857108831406,0.046695079654455185,0.03655106574296951,0.042103104293346405,0.012214512564241886,-549,-0.8709716677567529,-114,-94,-341,-54670.56640625,-0.047718971967697144,0.03449258208274841,0.055321186780929565,-349,-19,0,-193,-1,-11,0.04703396130238091
g11348.t1,A0A1X6NLE1,0.7326,25.7,1,1371,4.040746963869525,618,215,538,69696.5625,0.16187533736228943,0.30623045563697815,0.5183209180831909,0.29596632719039917,0.22235460579395294,1261,161,33,793,8,63,57,6,0.1436907366885485,0.18453772366046906,0.01724994368851185,0.018090473487973213,0.0,0.006239687092602253,0.08076915144920349,0.013573331758379936,0.038034599274396896,0.00828666053712368,0.06974592059850693,0.0052310992032289505,0.03747911378741264,0.00461569894105196,0.2002955675125122,0.03781687095761299,0.017096899449825287,0.10401840507984161,0.06092727929353714,0.09567075967788696,0.0003208930429536849,1,677,2.5060635822943507,249,135,293,34467.078125,0.2830791175365448,0.13473770022392273,0.5433315634727478,0.2767205834388733,0.26661089062690735,662,109,25,247,-11,29,36,-7,0.14032496307237813,0.1898668259382248,0.028655190020799637,0.0007467650575563312,0.0,0.002246697898954153,0.020606176927685738,0.038851652294397354,0.025100503116846085,0.01798580214381218,0.08830947428941727,0.0024168489035218954,0.028999043628573418,0.04427867382764816,0.1468224674463272,0.07674408704042435,0.09517674893140793,0.03275463357567787,0.025204334408044815,0.12989813089370728,0.005335907451808453,694,1.5346833815751744,369,80,245,35229.484375,-0.12120378017425537,0.17149275541305542,-0.025010645389556885,599,52,8,546,19,13,0.003365773616170381
g6827.t1,J7F8A0,0.7316,22.0,1,176,1.7498201592905276,52,51,73,20316.9375,0.15511298179626465,0.44832873344421387,0.3384191691875458,0.189107283949852,0.14931190013885498,139,9,1,294,-5,11,13,-2,0.3068181818181818,0.08661463111639023,0.025405090302228928,0.021001840010285378,0.014636454172432423,0.0,0.21059846878051758,0.05813911557197571,0.13147804141044617,0.0,0.014567132107913494,0.0,0.08609289675951004,0.02268820069730282,0.12970435619354248,0.06269726157188416,0.004923130385577679,0.015750225633382797,0.050460465252399445,0.059402916580438614,0.0058397878892719746,1,174,1.7540952922584343,53,45,76,20278.43359375,0.20182503759860992,0.23792491853237152,0.5602501034736633,0.3492232859134674,0.2110268473625183,127,14,0,161,5,15,13,2,0.26436781609195403,0.053797706961631775,0.015191338956356049,0.0015911220107227564,0.004320429638028145,0.021086275577545166,0.024182558059692383,0.0,0.055518753826618195,0.030072204768657684,0.024011433124542236,0.06420941650867462,0.05521375313401222,0.018616126850247383,0.21452699601650238,0.15722915530204773,0.0015911220107227564,0.045352738350629807,0.029149683192372322,0.13469630479812622,0.04964300990104675,2,-0.004275132967906714,-1,6,-3,38.50390625,-0.046712055802345276,0.21040381491184235,-0.22183093428611755,12,-5,1,133,-10,-4,0.04245036572622779
g9054.t1,A0A1X6NQT7,0.7309,30.1,1,291,2.047393218132021,98,70,123,25129.87109375,0.43365606665611267,0.3638971149921417,0.1758783757686615,0.1374237984418869,0.0384545736014843,253,23,12,237,0,11,4,7,0.23024054982817868,0.006191822700202465,0.008421370759606361,0.08268629014492035,0.010922995395958424,0.0002567897317931056,0.1094745397567749,0.026568494737148285,0.0964696928858757,0.054529763758182526,0.06051162630319595,0.013299571350216866,0.07389990985393524,0.07511099427938461,0.06372653692960739,0.03226274996995926,0.008853389881551266,0.09267071634531021,0.03263823688030243,0.07369726151227951,0.07780728489160538,1,261,2.6797610715322127,65,31,165,36440.65625,0.3775225281715393,0.2432510107755661,0.37852317094802856,0.23579636216163635,0.1427268385887146,146,7,1,27,7,17,9,8,0.32950191570881227,0.03144678846001625,0.06344152241945267,0.02195853553712368,0.0009864140301942825,0.030765635892748833,0.0,0.0007032884168438613,0.013778386637568474,0.019567888230085373,0.09961029142141342,0.005489356815814972,,0.017088698223233223,0.010960027575492859,0.11128003895282745,0.18525542318820953,0.10847027599811554,0.051085054874420166,0.2248363345861435,0.003276072209700942,30,-0.6323678534001917,33,39,-42,-11310.78515625,0.056133538484573364,0.12064610421657562,-0.20264479517936707,107,16,11,210,-7,-1,-0.09926136588063358
g19604.t1,J7F7J6,0.7298,27.3,1,146,2.028281823110018,60,31,55,21651.3671875,0.2616809010505676,0.17190800607204437,0.5664110779762268,0.47278282046318054,0.09362825006246567,125,21,0,31,19,24,7,17,0.3424657534246575,0.05134548991918564,0.004666802939027548,0.029573988169431686,0.0,0.0,0.019749173894524574,,0.033588483929634094,0.0002980454883072525,0.04023614153265953,0.07961904257535934,0.07419469952583313,0.0074982354417443275,0.1811002492904663,0.04228275269269943,0.04088226333260536,0.017052212730050087,0.01723228022456169,0.29168254137039185,0.06899753212928772,1,137,2.0489496511837304,43,29,65,21081.1796875,0.20612390339374542,0.2893194556236267,0.5045567154884338,0.4136217534542084,0.09093491733074188,104,9,0,0,16,20,4,16,0.35766423357664234,0.09093491733074188,0.017115885391831398,0.01204934623092413,0.004650279879570007,,0.07069139927625656,0.0,0.037209946662187576,0.015294871293008327,0.053262583911418915,0.06344149261713028,0.08366420865058899,0.0035895362962037325,0.18458731472492218,0.0,0.0026019078213721514,0.05544384941458702,0.04076659679412842,0.2290344089269638,0.03566144406795502,9,-0.020667828073712258,17,2,-10,570.1875,0.055556997656822205,-0.11741144955158234,0.06185436248779297,21,12,0,31,3,1,-0.015198480151984828
g9054.t1,A0A1X6NL93,0.7275,20.1,1,291,2.047393218132021,98,70,123,25129.87109375,0.43365606665611267,0.3638971149921417,0.1758783757686615,0.1374237984418869,0.0384545736014843,253,23,12,237,0,11,4,7,0.23024054982817868,0.006191822700202465,0.008421370759606361,0.08268629014492035,0.010922995395958424,0.0002567897317931056,0.1094745397567749,0.026568494737148285,0.0964696928858757,0.054529763758182526,0.06051162630319595,0.013299571350216866,0.07389990985393524,0.07511099427938461,0.06372653692960739,0.03226274996995926,0.008853389881551266,0.09267071634531021,0.03263823688030243,0.07369726151227951,0.07780728489160538,1,796,3.6638105768068034,207,65,524,82078.671875,0.20612260699272156,0.2739159166812897,0.4809204041957855,0.1924860030412674,0.2884344160556793,397,38,6,209,-47,29,54,-25,0.271356783919598,0.1260288506746292,0.06596631556749344,0.013478093780577183,0.006531285122036934,0.006636166013777256,0.08319876343011856,0.03904099762439728,0.02207302488386631,0.0068712555803358555,0.06803865730762482,0.0023432658053934574,0.0,0.033086147159338,0.025425491854548454,0.16240555047988892,0.07801229506731033,0.05731712654232979,0.036486122757196426,0.1670605093240738,0.0,-505,-1.6164173586747825,-109,5,-401,-56948.80078125,0.2275334596633911,0.08998119831085205,-0.305042028427124,-144,-15,6,28,47,32,-0.04111623409141932
g15154.t1,A0A1X6NNV6,0.7203,15.4,1,443,2.5336073591686694,134,114,195,28850.81640625,0.18849119544029236,0.3011382222175598,0.4578763544559479,0.2023358941078186,0.2555404305458069,401,55,16,452,-13,21,29,-8,0.19413092550790068,0.1157074123620987,0.010235325433313847,0.05994858592748642,0.0,0.0045852563343942165,0.08649289608001709,0.05249420180916786,0.037916116416454315,0.0,0.05272737890481949,0.026968808844685555,0.00964974332600832,0.00787913054227829,0.15483234822750092,0.1398330181837082,0.027137786149978638,0.05014000087976456,0.08938507735729218,0.04750355705618858,0.026563310995697975,1,927,3.367963582342866,333,204,390,43947.3671875,0.44471484422683716,0.19593046605587006,0.3355640769004822,0.13043418526649475,0.20512992143630981,830,108,42,542,-19,26,36,-10,0.13700107874865156,0.10572491586208344,0.014626544900238514,0.04697774723172188,0.00014610125799663365,0.024497246369719505,0.0226593017578125,0.023790620267391205,0.027630789205431938,0.003597502363845706,0.10141859948635101,0.0015066363848745823,0.0729488804936409,0.03808407112956047,0.07165107876062393,0.09940499812364578,0.10944896936416626,0.09680461883544922,0.032556451857089996,0.05878310650587082,0.047741830348968506,-484,-0.8343562231741966,-199,-90,-195,-15096.55078125,-0.2562236487865448,0.10520775616168976,0.1223122775554657,-429,-53,-26,-90,6,2,0.05712984675924912
g18534.t1,A0A1X6NYU8,0.7201,42.7,1,157,4.29369656601098,60,14,83,34748.80859375,0.18868927657604218,0.16798490285873413,0.6233195662498474,0.5434595346450806,0.07986006140708923,97,9,1,174,33,41,10,31,0.5222929936305732,0.04579683020710945,0.014417103491723537,0.008445427753031254,0.0,0.0003714137419592589,0.08053715527057648,0.020006166771054268,0.00218610349111259,0.014573754742741585,0.033408187329769135,0.009854583069682121,0.05341298505663872,0.04852212592959404,0.33121323585510254,0.03406323492527008,0.02911970019340515,0.023760847747325897,0.03722912073135376,0.21224626898765564,0.0008356809266842902,1,148,4.4765123222149406,60,14,74,34022.3828125,0.24466723203659058,0.10753042995929718,0.628583550453186,0.5474460124969482,0.08113749325275421,102,5,1,74,31,38,9,29,0.5405405405405406,0.056162528693675995,0.03306197375059128,0.006828191224485636,0.0,0.0011380318319424987,0.04265851899981499,0.01921883225440979,0.005207309499382973,0.015645775943994522,0.03433062881231308,0.006413956172764301,0.06731588393449783,0.08292713761329651,0.3107539117336273,0.024974972009658813,0.01572115160524845,0.012894936837255955,0.007293722592294216,0.23669208586215973,0.02076043374836445,9,-0.1828157562039605,0,0,9,726.42578125,-0.0559779554605484,0.06045447289943695,-0.005263984203338623,-5,4,0,100,2,2,-0.018247546909967327
g8228.t1,A0A1X6P7D0,0.7182,20.3,1,161,3.630897550666757,25,49,87,36981.6953125,0.2729588449001312,0.3226589858531952,0.3992345929145813,0.3055434823036194,0.0936911478638649,79,11,0,0,13,22,7,15,0.515527950310559,0.0796969011425972,0.00600478844717145,0.0021811779588460922,0.009640666656196117,0.004624097142368555,0.17603686451911926,0.005147579591721296,0.0005987857584841549,0.028850950300693512,0.13231752812862396,0.0007673220825381577,0.05447894334793091,0.037072066217660904,0.250274121761322,0.013994247652590275,0.009420698508620262,0.05197444558143616,0.07763608545064926,0.055269330739974976,0.004013367462903261,1,189,2.6951932395984612,46,45,98,29713.0859375,0.29116812348365784,0.1624082624912262,0.49771177768707275,0.35807228088378906,0.1396394520998001,92,3,0,28,17,25,10,15,0.4021164021164021,0.11390778422355652,0.10355943441390991,0.029042724519968033,0.0004244575393386185,0.016503626480698586,0.0003208188572898507,0.04871184378862381,0.0,0.0,0.049336690455675125,0.0,0.054719649255275726,0.03555317595601082,0.09237541258335114,0.02573167160153389,0.106012262403965,0.023745547980070114,0.034358005970716476,0.26569685339927673,0.0,-28,0.9357043110682959,-21,4,-11,7268.609375,-0.01820927858352661,0.160250723361969,-0.09847718477249146,-13,8,0,-28,-4,0,0.11341154819415689
g9528.t1,A0A1X6NSV0,0.7166,20.8,1,241,4.160192782802111,76,0,165,49776.83203125,0.28657132387161255,0.40935420989990234,0.2778751850128174,0.12625978887081146,0.15161539614200592,114,7,0,10,-5,15,19,-4,0.5228215767634855,0.09643527120351791,0.0010371238458901644,0.05446505546569824,,,0.14964747428894043,0.026199204847216606,0.11449924111366272,0.01296109240502119,0.06207266449928284,0.022416241466999054,0.048666827380657196,0.012463017366826534,0.06647269427776337,0.055180132389068604,0.009689046069979668,0.07026444375514984,0.0514896996319294,0.059787094593048096,0.08625363558530807,1,351,4.300505200119149,194,0,157,55745.4921875,0.41761767864227295,0.19120192527770996,0.37577757239341736,0.2050400972366333,0.17073746025562286,214,7,0,0,-5,27,29,-2,0.4358974358974359,0.0794384777545929,0.018193785101175308,0.06313778460025787,,0.009550191462039948,0.017018672078847885,0.015402868390083313,0.0108902333304286,0.0009260791703127325,0.14471817016601562,0.008567008189857006,0.04913557693362236,0.04887256398797035,0.06522354483604431,0.09129900485277176,0.07079323381185532,0.07115476578474045,0.06537745893001556,0.139816552400589,0.03048407845199108,-110,-0.14031241731703847,-118,0,8,-5968.66015625,-0.1310463547706604,0.21815228462219238,-0.09790238738059998,-100,0,0,10,0,-2,0.0869241408660496
g2037.t1,A0A1X6PBZ3,0.7134,24.7,1,436,2.697780139995767,128,73,235,35824.5390625,0.15108998119831085,0.2411322295665741,0.6056161522865295,0.38760215044021606,0.2180139720439911,316,35,6,299,0,36,31,5,0.20642201834862386,0.1341855525970459,0.007898766547441483,0.0032279756851494312,0.0,0.0,0.13613194227218628,0.0021615661680698395,0.04607990011572838,0.0,0.0713316798210144,0.0021122856996953487,0.061338044703006744,0.0,0.34783801436424255,0.0838283970952034,0.011679735966026783,0.04253551736474037,0.006373817566782236,0.039764150977134705,0.003512545023113489,1,581,2.8394472330857505,141,113,327,46067.0390625,0.15970519185066223,0.20087438821792603,0.6384584307670593,0.3130206763744354,0.3254377543926239,398,49,4,220,-5,42,55,-13,0.1962134251290878,0.17961789667606354,0.03773500770330429,0.03155461326241493,0.0,0.0,0.03252137824892998,0.0009619159973226488,0.035368118435144424,0.0,0.03520788252353668,0.018422460183501244,0.046681225299835205,0.014008046127855778,0.130943164229393,0.14581984281539917,0.02202754281461239,0.07171449810266495,0.005112937185913324,0.18207749724388123,0.010225874371826649,-145,-0.1416670930899837,-13,-40,-92,-10242.5,-0.00861521065235138,0.04025784134864807,-0.032842278480529785,-82,-14,2,79,5,18,0.010208593219536072
g17131.t1,A0A1X6NSL0,0.7131,64.3,1,139,3.298464949867283,75,0,64,32066.634765625,0.23031750321388245,0.17220044136047363,0.5817344188690186,0.461780309677124,0.11995416134595871,101,11,0,18,16,26,8,18,0.4748201438848921,0.08457023650407791,0.008598648943006992,0.012847251258790493,,,0.07232513278722763,0.015747595578432083,0.014993134886026382,0.002213641069829464,0.06582322716712952,0.022185616195201874,0.0633566677570343,0.007813953794538975,0.33514347672462463,0.035383932292461395,0.07826277613639832,0.008079110644757748,0.046018801629543304,0.126636803150177,0.0,1,199,3.4290471084717815,71,0,128,46176.94921875,0.3601309657096863,0.16573216021060944,0.40024855732917786,0.34339913725852966,0.05684943124651909,100,8,0,20,18,27,10,17,0.5879396984924623,0.0166606642305851,0.007003366015851498,0.055004581809043884,0.008909116499125957,0.020671410486102104,0.012876899912953377,0.07388831675052643,0.003826615633442998,0.009429738856852055,0.09112600237131119,0.006316853687167168,0.06397856771945953,0.04030724614858627,0.24668008089065552,0.04018876329064369,0.07961343228816986,0.07821648567914963,0.04858281463384628,0.09671905636787415,0.0,-60,-0.1305821586044984,4,0,-64,-14110.314453125,-0.12981346249580383,0.006468281149864197,0.1814858615398407,1,3,0,-2,-2,1,-0.11311955460757023
g9054.t1,A0A1X6NZ97,0.713,19.4,1,291,2.047393218132021,98,70,123,25129.87109375,0.43365606665611267,0.3638971149921417,0.1758783757686615,0.1374237984418869,0.0384545736014843,253,23,12,237,0,11,4,7,0.23024054982817868,0.006191822700202465,0.008421370759606361,0.08268629014492035,0.010922995395958424,0.0002567897317931056,0.1094745397567749,0.026568494737148285,0.0964696928858757,0.054529763758182526,0.06051162630319595,0.013299571350216866,0.07389990985393524,0.07511099427938461,0.06372653692960739,0.03226274996995926,0.008853389881551266,0.09267071634531021,0.03263823688030243,0.07369726151227951,0.07780728489160538,1,438,2.213975434372925,207,69,162,27211.7109375,0.25578364729881287,0.25916847586631775,0.38290417194366455,0.12614105641841888,0.2567631006240845,382,44,11,208,-17,16,27,-11,0.17579908675799086,0.08435512334108353,0.05498126521706581,0.04294663667678833,0.0,0.008181466720998287,0.01684759557247162,0.10214373469352722,0.06316407769918442,0.015885941684246063,0.021698670461773872,0.009848841466009617,0.060639265924692154,0.059374820441007614,0.06919476389884949,0.17240795493125916,0.04373684152960777,0.04286283627152443,0.07146385312080383,0.056946296244859695,0.003320015501230955,-147,-0.1665822162409043,-109,1,-39,-2081.83984375,0.1778724193572998,0.10472863912582397,-0.20702579617500305,-129,-21,1,29,17,18,0.05444146307018782
g17131.t1,A0A1X6P9Y0,0.7101,61.3,1,139,3.298464949867283,75,0,64,32066.634765625,0.23031750321388245,0.17220044136047363,0.5817344188690186,0.461780309677124,0.11995416134595871,101,11,0,18,16,26,8,18,0.4748201438848921,0.08457023650407791,0.008598648943006992,0.012847251258790493,,,0.07232513278722763,0.015747595578432083,0.014993134886026382,0.002213641069829464,0.06582322716712952,0.022185616195201874,0.0633566677570343,0.007813953794538975,0.33514347672462463,0.035383932292461395,0.07826277613639832,0.008079110644757748,0.046018801629543304,0.126636803150177,0.0,1,128,2.613642055723042,69,0,59,28863.84375,0.19568653404712677,0.15572257339954376,0.6321989297866821,0.5148319602012634,0.11736695468425751,94,10,0,19,14,24,8,16,0.484375,0.04263097792863846,0.010198842734098434,0.007903607562184334,,,0.003283025696873665,0.016392013058066368,0.0016385478666052222,0.013968034647405148,0.04380699247121811,0.029420655220746994,0.06698769330978394,0.03713522106409073,0.44132405519485474,0.07473597675561905,0.02588501013815403,0.06398886442184448,0.04719262942671776,0.07350783795118332,0.0,11,0.6848228941442409,6,0,5,3202.791015625,0.034630969166755676,0.01647786796092987,-0.050464510917663574,7,1,0,-1,2,2,-0.009554856115107924
g9206.t2,A0A1X6PIJ4,0.7066,36.0,1,176,2.890321776422695,55,0,121,35383.015625,0.3585679829120636,0.19984544813632965,0.4415864944458008,0.24216152727603912,0.19942496716976166,71,2,0,42,-5,16,18,-2,0.5170454545454546,0.17633263766765594,0.03527108579874039,0.07249535620212555,0.0,0.0001823782513383776,0.01751076430082321,0.0,0.027449961751699448,0.012306373566389084,0.08957237750291824,0.012942046858370304,0.021707380190491676,0.04697250574827194,0.22536754608154297,0.02309233695268631,0.07238153368234634,0.0676562637090683,0.039015330374240875,0.016793981194496155,0.04295007884502411,1,106,2.536275025947214,59,0,47,22878.724609375,0.36119168996810913,0.17127276957035065,0.46753546595573425,0.14673209190368652,0.3208034038543701,62,1,0,31,-15,7,22,-15,0.5566037735849056,0.16722504794597626,0.03774493560194969,0.019602924585342407,0.0,0.00014102824206929654,0.016846802085638046,0.0,0.03358723968267441,0.008884779177606106,0.027718257158994675,0.011323172599077225,0.06431294977664948,0.037491004914045334,0.14673209190368652,0.15357835590839386,0.1272447258234024,0.05187644809484482,0.019894186407327652,,0.07579603046178818,70,0.3540467504754812,-4,0,74,12504.291015625,-0.0026237070560455322,0.028572678565979004,-0.02594897150993347,9,1,0,11,10,13,-0.03955831903945106
g10564.t1,J7F5R5,0.7059,19.2,1,216,1.9539862031752204,89,52,75,21133.625,0.13286033272743225,0.1903979778289795,0.6272935271263123,0.5261198878288269,0.10117363929748535,162,13,2,94,19,31,10,21,0.24537037037037038,0.06698759645223618,0.0051804594695568085,0.007633678615093231,0.00046387393376789987,0.0,0.10983113944530487,0.049448173493146896,0.033213190734386444,0.0,0.011297845281660557,0.0055584232322871685,0.06225648894906044,0.026100222021341324,0.43669259548187256,0.034186046570539474,0.024045372381806374,0.03187601640820503,0.004274860490113497,0.08942732959985733,0.0015267357230186462,1,229,1.9823814474018517,85,52,92,21371.65625,0.2117159068584442,0.16201554238796234,0.6262685656547546,0.47910377383232117,0.14716479182243347,196,17,0,56,11,24,16,8,0.22707423580786026,0.10167653113603592,0.011901626363396645,0.06419314444065094,,0.0,0.003402352100238204,0.0,0.019410574808716774,0.019321121275424957,0.04183629900217056,0.022785674780607224,0.06900344043970108,0.0,0.3090420961380005,0.04548826441168785,0.01736191287636757,0.07326731830835342,0.031247997656464577,0.17006170749664307,0.0,-13,-0.02839524422663131,4,0,-17,-238.03125,-0.07885557413101196,0.02838243544101715,0.0010249614715576172,-34,-4,2,38,8,13,0.018296134562510113
g18089.t1,A0A1X6P0M2,0.7054,17.0,1,174,1.647493245579111,6,75,93,17972.796875,0.32502490282058716,0.16811911761760712,0.4487570822238922,0.3633829951286316,0.08537406474351883,119,18,0,80,3,17,7,10,0.23563218390804597,0.02508663386106491,0.05146504566073418,0.016336673870682716,0.0,0.00017610989743843675,0.0033460878767073154,0.058098871260881424,0.07008592784404755,0.052388228476047516,0.06714136898517609,0.016405127942562103,0.08232708275318146,0.051730964332818985,0.3503371775150299,0.06028743460774422,0.05031820759177208,0.012325191870331764,0.014491756446659565,0.013045787811279297,0.004606227856129408,1,463,2.518545041276404,103,115,245,34297.6328125,0.3393072485923767,0.20460154116153717,0.42359673976898193,0.35409724712371826,0.06949947774410248,317,36,1,337,9,24,10,14,0.1900647948164147,0.04381021484732628,0.06613453477621078,0.0786377415060997,0.0,0.014506470412015915,0.04057348892092705,0.0324944406747818,0.0,0.0015992732951417565,0.08026488870382309,0.0,0.051618512719869614,0.009097383357584476,0.12626367807388306,0.02568925730884075,0.10358297824859619,0.07029400765895844,0.027599520981311798,0.2278335690498352,0.0,-289,-0.8710517956972932,-97,-40,-152,-16324.8359375,-0.01428234577178955,-0.036482423543930054,0.02516034245491028,-198,-18,-1,-257,-6,-4,0.04556738909163127
g17131.t1,A0A1X6PK25,0.7009,58.6,1,139,3.298464949867283,75,0,64,32066.634765625,0.23031750321388245,0.17220044136047363,0.5817344188690186,0.461780309677124,0.11995416134595871,101,11,0,18,16,26,8,18,0.4748201438848921,0.08457023650407791,0.008598648943006992,0.012847251258790493,,,0.07232513278722763,0.015747595578432083,0.014993134886026382,0.002213641069829464,0.06582322716712952,0.022185616195201874,0.0633566677570343,0.007813953794538975,0.33514347672462463,0.035383932292461395,0.07826277613639832,0.008079110644757748,0.046018801629543304,0.126636803150177,0.0,1,128,2.7597515302297735,69,0,59,29791.08203125,0.2265922576189041,0.14623306691646576,0.6113989949226379,0.5143014788627625,0.09709759801626205,93,10,0,20,16,26,7,19,0.5078125,0.033046379685401917,0.005954757798463106,0.01080341637134552,,,0.0025569405406713486,0.015775568783283234,0.016028830781579018,0.002163646277040243,0.04054059088230133,0.03234469145536423,0.08846774697303772,0.030876684933900833,0.4415084421634674,0.06405121833086014,0.05374019220471382,0.05470864847302437,0.034639205783605576,0.07279302924871445,0.0,11,0.5387134196375096,6,0,5,2275.552734375,0.0037252455949783325,0.025967374444007874,-0.029664576053619385,8,1,0,-2,0,-1,-0.032992356115107924
g9206.t1,A0A1X6PIJ4,0.7002,38.2,1,146,2.9538168233677253,42,0,104,33124.390625,0.33523696660995483,0.16397996246814728,0.5007830858230591,0.25037676095962524,0.25040629506111145,55,3,0,30,-7,15,21,-6,0.5,0.1987120509147644,0.04553573951125145,0.06674345582723618,0.0,0.0,0.018601834774017334,0.0,0.007052621804177761,0.004961092956364155,0.08180377632379532,0.016834942623972893,0.0343785360455513,0.03440655767917633,0.237930566072464,0.051694247871637344,0.07038113474845886,0.03656958043575287,0.03938524052500725,0.012446177192032337,0.04256240278482437,1,106,2.536275025947214,59,0,47,22878.724609375,0.36119168996810913,0.17127276957035065,0.46753546595573425,0.14673209190368652,0.3208034038543701,62,1,0,31,-15,7,22,-15,0.5566037735849056,0.16722504794597626,0.03774493560194969,0.019602924585342407,0.0,0.00014102824206929654,0.016846802085638046,0.0,0.03358723968267441,0.008884779177606106,0.027718257158994675,0.011323172599077225,0.06431294977664948,0.037491004914045334,0.14673209190368652,0.15357835590839386,0.1272447258234024,0.05187644809484482,0.019894186407327652,,0.07579603046178818,40,0.41754179742051134,-17,0,57,10245.666015625,-0.025954723358154297,-0.007292807102203369,0.03324761986732483,-7,2,0,-1,8,9,-0.05660377358490565
g11355.t1,A0A1X6P8G9,0.6984,16.3,1,220,1.9654968528649903,71,52,97,21077.068359375,0.1808115839958191,0.2630024552345276,0.5548344254493713,0.38975587487220764,0.1650785505771637,198,26,3,112,3,21,14,7,0.24545454545454545,0.05357879400253296,0.004129758104681969,0.0024493320379406214,0.0071318200789391994,0.0,0.06190674751996994,0.0013515488244593143,0.06796625256538391,0.0,0.08545439690351486,0.041010912507772446,0.07759951055049896,0.001530832494609058,0.3454539477825165,0.11149974912405014,0.013777492567896843,0.023420779034495354,0.05743618682026863,0.04430197551846504,0.0,1,162,1.4239207059147239,50,49,63,15474.2109375,0.2836172878742218,0.22520282864570618,0.48659664392471313,0.32243335247039795,0.164163276553154,146,12,6,100,0,10,8,2,0.2345679012345679,0.028322286903858185,0.037890687584877014,0.007089380640536547,0.013304077088832855,0.010595387779176235,0.01813441328704357,0.00458328053355217,0.09932629764080048,0.0047957575879991055,0.024798572063446045,0.0014263022458180785,0.06579358875751495,0.01684662327170372,0.21406033635139465,0.1358409821987152,0.12638303637504578,0.03319000452756882,0.021931052207946777,0.10837302356958389,0.027314966544508934,58,0.5415761469502665,21,3,34,5602.857421875,-0.10280570387840271,0.03779962658882141,0.0682377815246582,52,14,-3,12,3,5,0.010886644219977565
g13714.t1,A0A1X6NMM8,0.6888,29.9,1,112,4.715270006503892,105,0,7,28262.30859375,0.2417970597743988,0.17250797152519226,0.5824472308158875,0.3861323595046997,0.19631479680538177,121,12,0,8,0,27,25,2,0.7142857142857143,0.12541335821151733,0.00011416428606025875,0.07526253908872604,0.010242555290460587,,0.04656980559229851,0.0032478035427629948,0.010631154291331768,0.04577988013625145,,0.038066256791353226,0.06070423871278763,0.0325368195772171,0.27458062767982483,0.07090142369270325,0.017467135563492775,0.05410544574260712,0.012778591364622116,0.11155176907777786,0.010046456940472126,1,117,5.021169152302302,102,0,15,30224.59375,0.2678353786468506,0.17525692284107208,0.5569078326225281,0.3919315040111542,0.1649762988090515,124,19,0,0,-2,21,19,2,0.7350427350427351,0.15464633703231812,0.0019215422216802835,0.04622376337647438,,,0.01856481283903122,,0.0215243399143219,0.02647458203136921,0.011315749026834965,0.03944524750113487,0.07312153279781342,0.049746591597795486,0.24901235103607178,0.01032997015863657,0.04622376337647438,0.03957391157746315,0.05422709137201309,0.1429191380739212,0.014729389920830727,-5,-0.30589914579840993,3,0,-8,-1962.28515625,-0.026038318872451782,-0.0027489513158798218,0.025539398193359375,-3,-7,0,8,2,0,-0.020757020757020794
g9275.t1,J7F680,0.6842,33.9,1,143,2.2094791523677535,33,41,69,20855.189453125,0.2159562110900879,0.23212751746177673,0.527164101600647,0.43795454502105713,0.08920956403017044,102,11,0,42,20,26,7,19,0.3706293706293706,0.060333285480737686,0.032685570418834686,0.0652707889676094,0.0,0.0,0.047784965485334396,0.024752099066972733,0.056135017424821854,0.022429700940847397,0.041669923812150955,0.02286769077181816,0.07143107056617737,0.0,0.22576434910297394,0.028876278549432755,0.014852344058454037,0.037645962089300156,0.035008322447538376,0.2121901959180832,0.000302369415294379,1,124,2.097927738156034,13,36,75,20988.943359375,0.20674757659435272,0.2022073119878769,0.568291962146759,0.5227713584899902,0.04552055150270462,76,5,1,5,25,24,5,19,0.3709677419354839,0.02839532680809498,0.00030745199183002114,0.023520076647400856,0.005760549567639828,,0.07303928583860397,0.0227531548589468,0.010238881222903728,0.04304327443242073,0.03973792865872383,0.0,0.06542832404375076,0.02748541347682476,0.3270324766635895,0.01712522655725479,0.0,0.08789188414812088,0.02496923878788948,0.19573889672756195,0.0075325737707316875,19,0.11155141421171955,20,5,-6,-133.75390625,0.009208634495735168,0.02992020547389984,-0.04112786054611206,26,6,-1,37,-5,0,-0.00033837130611324984
g6101.t1,A0A1X6PIZ1,0.6828,15.3,1,243,2.092024919895347,205,0,38,23231.287109375,0.5886284112930298,0.19222475588321686,0.17011843621730804,0.1325140744447708,0.03760436549782753,246,11,3,264,5,8,4,4,0.25925925925925924,0.023344101384282112,0.01153359841555357,0.15925297141075134,0.0,0.015607180073857307,0.03020056150853634,0.049028392881155014,0.0,0.024444283917546272,0.027935044839978218,0.04278711602091789,0.05911579355597496,0.0499996691942215,0.11194080859422684,0.014260259456932545,0.017038891091942787,0.07544075697660446,0.032262735068798065,0.020573260262608528,0.2352346032857895,1,270,2.669547040988096,209,0,61,29086.64453125,0.5077672600746155,0.22332599759101868,0.2432699352502823,0.13436827063560486,0.10890166461467743,259,13,0,135,-7,9,13,-4,0.31851851851851853,0.03273925930261612,0.053528010845184326,0.1043580025434494,0.0,0.0,0.005762879271060228,0.025636762380599976,0.010229010134935379,0.03627371788024902,0.03993436321616173,0.04589426517486572,0.12172740697860718,0.04147977754473686,0.0671035572886467,0.07616239786148071,0.08780362457036972,0.0573795884847641,0.050532251596450806,0.06726471334695816,0.07619037479162216,-27,-0.5775221210927493,-4,0,-23,-5855.357421875,0.0808611512184143,-0.03110124170780182,-0.07315149903297424,-13,-2,3,129,12,8,-0.05925925925925929
g8504.t1,A0A1X6NPJ2,0.6751,54.7,1,669,3.899974050034017,262,101,306,56793.95703125,0.19244912266731262,0.1890450268983841,0.5949262976646423,0.38026270270347595,0.21466363966464996,529,67,0,164,-1,60,44,16,0.22122571001494767,0.19656017422676086,0.013390335254371166,0.02848919667303562,0.005983894690871239,0.0003976800653617829,0.03225267305970192,0.023579519242048264,0.045967165380716324,0.0316445492208004,0.018963363021612167,0.004817137494683266,0.02810930833220482,0.027093874290585518,0.2573702335357666,0.018103471025824547,0.01808399148285389,0.044290415942668915,0.04234341159462929,0.12289243936538696,0.03966715559363365,1,563,3.0162291043116367,185,100,278,51947.2421875,0.2878797650337219,0.18638207018375397,0.4892083704471588,0.2657921314239502,0.2234162539243698,448,52,0,155,-14,29,31,-2,0.2255772646536412,0.12242208421230316,0.01272194366902113,0.05734596773982048,,,0.05166448652744293,0.036529790610075,0.022007735446095467,0.04291776940226555,0.029312221333384514,0.0004855673760175705,0.036726050078868866,0.015072004869580269,0.07674460858106613,0.10099416226148605,0.09384625405073166,0.04697234556078911,0.052529994398355484,0.18904753029346466,0.01265951618552208,106,0.8837449457223805,77,1,28,4846.71484375,-0.0954306423664093,0.002662956714630127,0.10571792721748352,81,15,0,9,13,18,-0.004351554638693522
g17147.t1,A0A1X6P5T3,0.6659,15.0,1,141,1.4663900310620577,9,69,63,16577.0703125,0.3035757541656494,0.3396572172641754,0.3460448980331421,0.20544981956481934,0.14059512317180634,117,14,1,92,5,14,10,4,0.28368794326241137,0.06583195179700851,0.025042617693543434,0.06240816041827202,0.0,0.0,0.05599435791373253,0.01072212215512991,0.045450739562511444,0.046908024698495865,0.054100800305604935,0.0007608065498061478,0.09716569632291794,0.0,0.1926569789648056,0.07476316392421722,0.020998835563659668,0.18046627938747406,0.03194239363074303,0.012792824767529964,0.021994218230247498,1,259,2.776849677296273,9,86,164,34501.0546875,0.43651774525642395,0.12475548684597015,0.43826812505722046,0.29106810688972473,0.14719998836517334,179,24,1,43,-2,18,17,1,0.3281853281853282,0.10400936007499695,0.023142017424106598,0.062252193689346313,0.0,0.038264404982328415,0.012282432056963444,0.0004587087605614215,0.013093961402773857,0.006918071303516626,0.08433149009943008,0.0,0.09710318595170975,0.060050345957279205,0.09137306362390518,0.04319062456488609,0.07394405454397202,0.06581427156925201,0.010422799736261368,0.19969506561756134,0.013653951697051525,-118,-1.3104596462342155,0,-17,-101,-17923.984375,-0.13294199109077454,0.21490173041820526,-0.09222322702407837,-62,-10,0,49,7,3,-0.04449738492291683
g6412.t1,A0A1X6PGV4,0.665,27.6,1,152,1.8154133398516852,85,13,54,18219.9296875,0.32221719622612,0.24573446810245514,0.3924204111099243,0.16162802278995514,0.2307923585176468,130,13,1,73,-12,11,20,-9,0.3026315789473684,0.10265642404556274,0.0008854441693983972,0.03806602582335472,0.0,,0.05740075930953026,0.039628058671951294,0.1010235995054245,0.02142775058746338,0.0,0.0,0.07705853879451752,0.1431606262922287,0.1571112722158432,0.12813591957092285,0.04250425100326538,0.009171728976070881,0.07725293189287186,0.004516750108450651,0.0,1,150,1.7405594748552466,89,12,49,16482.83203125,0.2958255112171173,0.17584003508090973,0.528334379196167,0.20540408790111542,0.3229302763938904,150,6,0,34,-13,9,16,-7,0.3333333333333333,0.10677501559257507,0.06856182217597961,0.03534184396266937,,,0.00518479198217392,0.0,0.0,0.0,0.053636033087968826,0.0,0.04585780203342438,0.04346970096230507,0.11451683938503265,0.2161552757024765,0.11673709750175476,0.05702768266201019,0.045065734535455704,0.09088725596666336,0.0007830077665857971,2,0.07485386499643853,-4,1,5,1737.09765625,0.026391685009002686,0.06989443302154541,-0.13591396808624268,-20,7,1,39,1,-2,-0.030701754385964897
g8504.t1,A0A1X6PGB8,0.6647,19.7,1,669,3.899974050034017,262,101,306,56793.95703125,0.19244912266731262,0.1890450268983841,0.5949262976646423,0.38026270270347595,0.21466363966464996,529,67,0,164,-1,60,44,16,0.22122571001494767,0.19656017422676086,0.013390335254371166,0.02848919667303562,0.005983894690871239,0.0003976800653617829,0.03225267305970192,0.023579519242048264,0.045967165380716324,0.0316445492208004,0.018963363021612167,0.004817137494683266,0.02810930833220482,0.027093874290585518,0.2573702335357666,0.018103471025824547,0.01808399148285389,0.044290415942668915,0.04234341159462929,0.12289243936538696,0.03966715559363365,1,553,3.393424976757236,222,104,227,46908.7890625,0.33382853865623474,0.20326095819473267,0.4252467155456543,0.29560646414756775,0.12964026629924774,516,67,0,230,2,38,25,13,0.2206148282097649,0.07895167917013168,0.021693706512451172,0.03854985535144806,0.0,0.0,0.029238013550639153,0.03766375035047531,0.005041663534939289,0.02402871660888195,0.041827935725450516,0.003129536984488368,0.038051702082157135,0.05634685605764389,0.09619124233722687,0.050688572227954865,0.08420392125844955,0.09706736356019974,0.04709067940711975,0.19941523671150208,0.0508195236325264,116,0.5065490732767812,40,-3,79,9885.16796875,-0.14137941598892212,-0.014215931296348572,0.16967958211898804,13,0,0,-66,-3,3,0.0006108818051827614
g10564.t1,A0A1X6P2C3,0.6619,17.4,1,216,1.9539862031752204,89,52,75,21133.625,0.13286033272743225,0.1903979778289795,0.6272935271263123,0.5261198878288269,0.10117363929748535,162,13,2,94,19,31,10,21,0.24537037037037038,0.06698759645223618,0.0051804594695568085,0.007633678615093231,0.00046387393376789987,0.0,0.10983113944530487,0.049448173493146896,0.033213190734386444,0.0,0.011297845281660557,0.0055584232322871685,0.06225648894906044,0.026100222021341324,0.43669259548187256,0.034186046570539474,0.024045372381806374,0.03187601640820503,0.004274860490113497,0.08942732959985733,0.0015267357230186462,1,810,4.981879366677105,113,54,643,119438.359375,0.3231689929962158,0.11940265446901321,0.5191630125045776,0.44732537865638733,0.07183761894702911,218,10,11,38,84,103,26,77,0.3814814814814815,0.041586775332689285,0.03730498254299164,0.026748936623334885,0.007052035070955753,0.0002971575304400176,0.020683418959379196,0.038265377283096313,0.007094190455973148,0.009015392512083054,0.12074919790029526,7.919530617073178e-05,0.0066767786629498005,0.06249716505408287,0.02353811264038086,0.030250847339630127,0.09599568694829941,0.03274327516555786,0.014445548877120018,0.42378726601600647,0.0011886301217600703,-594,-3.0278931635018846,-24,-2,-568,-98304.734375,-0.19030866026878357,0.07099532335996628,0.10813051462173462,-56,3,-9,56,-65,-56,-0.1361111111111111
g10723.t1,A0A1X6NZ78,0.6617,13.5,1,278,2.0752657901712372,11,171,96,23793.189453125,0.33147138357162476,0.220084086060524,0.42898255586624146,0.21054930984973907,0.21843329071998596,233,34,0,151,5,15,10,5,0.19424460431654678,0.1162601038813591,0.024106452241539955,0.06245652958750725,0.003296182956546545,0.05001775920391083,0.011562764644622803,0.01946200430393219,0.07434605807065964,0.01451005320996046,0.013495872728526592,0.019920730963349342,0.055331047624349594,0.037017885595560074,0.045087192207574844,0.10217317938804626,0.01809108629822731,0.05091579258441925,0.03593611344695091,0.16546210646629333,0.0805511325597763,1,276,2.0963169072319836,11,177,88,23146.369140625,0.38902977108955383,0.23437374830245972,0.27099859714508057,0.15164808928966522,0.11935049295425415,267,11,0,28,-4,8,7,1,0.21739130434782608,0.09548984467983246,0.025812655687332153,0.12936002016067505,0.0,0.011709390208125114,0.05836234986782074,0.10559789091348648,0.0064705740660429,0.031225042417645454,0.03735852986574173,0.03290834277868271,0.0019604722037911415,0.047255758196115494,0.10119017958641052,0.02386065199971199,0.10005070269107819,0.08597298711538315,0.024846840649843216,0.050457913428545,0.030109861865639687,2,-0.02105111706074636,0,-6,8,646.8203125,-0.05755838751792908,-0.01428966224193573,0.1579839587211609,-34,23,0,123,9,4,-0.023146700031279305
g6827.t1,A0A1X6NPG4,0.6568,13.8,1,176,1.7498201592905276,52,51,73,20316.9375,0.15511298179626465,0.44832873344421387,0.3384191691875458,0.189107283949852,0.14931190013885498,139,9,1,294,-5,11,13,-2,0.3068181818181818,0.08661463111639023,0.025405090302228928,0.021001840010285378,0.014636454172432423,0.0,0.21059846878051758,0.05813911557197571,0.13147804141044617,0.0,0.014567132107913494,0.0,0.08609289675951004,0.02268820069730282,0.12970435619354248,0.06269726157188416,0.004923130385577679,0.015750225633382797,0.050460465252399445,0.059402916580438614,0.0058397878892719746,1,173,1.4980582180172632,54,52,67,15892.6220703125,0.5078982710838318,0.16675810515880585,0.2843356728553772,0.10226384550333023,0.18207183480262756,155,11,1,26,-6,5,8,-3,0.2658959537572254,0.0830254927277565,0.040654104202985764,0.05724683776497841,0.0,0.0,0.08811309933662415,0.04100799933075905,,0.0,0.10246574878692627,0.0,0.0436067171394825,0.13599608838558197,0.07945291697978973,0.09904633462429047,0.16858282685279846,0.0230645090341568,0.014926401898264885,0.0228109210729599,0.0,3,0.25176194127326434,-2,-1,6,4424.3154296875,-0.35278528928756714,0.281570628285408,0.05408349633216858,-16,-2,0,268,1,1,0.04092222806095641
g1773.t1,A0A1X6NM20,0.6564,16.1,1,404,2.935171960088014,42,151,211,35049.55859375,0.30003848671913147,0.4781234562397003,0.17036093771457672,0.05782747641205788,0.11253345757722855,243,4,15,412,-6,6,15,-9,0.2698019801980198,0.022939274087548256,0.045142706483602524,0.05155174806714058,0.0023308279924094677,0.0011046802392229438,0.07737260311841965,0.051477108150720596,0.08913774788379669,0.03283485397696495,0.013532333076000214,0.02697145566344261,0.06345728039741516,0.03203572705388069,0.011055853217840195,0.08959419280290604,0.009414679370820522,0.10067544132471085,0.13649265468120575,0.04677162691950798,0.09610717743635178,1,479,3.5707983780459362,29,208,242,38193.1015625,0.2145397961139679,0.23170718550682068,0.52830570936203,0.418679416179657,0.10962620377540588,344,44,48,667,15,38,14,24,0.20041753653444677,0.054795071482658386,0.025403907522559166,0.03814443200826645,0.0,0.02972564846277237,0.042816322296857834,0.025447307154536247,0.050758518278598785,0.011827174574136734,0.03012077324092388,0.022495873272418976,0.004568016156554222,0.050036825239658356,0.18193140625953674,0.0548311285674572,0.04175341874361038,0.03697798773646355,0.05325457081198692,0.23674805462360382,0.008363502100110054,-75,-0.6356264179579223,13,-57,-31,-3143.54296875,0.08549869060516357,0.24641627073287964,-0.3579447716474533,-101,-40,-33,-255,-21,-33,0.06938444366357305
g9206.t1,A0A1X6PJ70,0.6561,24.7,1,146,2.9538168233677253,42,0,104,33124.390625,0.33523696660995483,0.16397996246814728,0.5007830858230591,0.25037676095962524,0.25040629506111145,55,3,0,30,-7,15,21,-6,0.5,0.1987120509147644,0.04553573951125145,0.06674345582723618,0.0,0.0,0.018601834774017334,0.0,0.007052621804177761,0.004961092956364155,0.08180377632379532,0.016834942623972893,0.0343785360455513,0.03440655767917633,0.237930566072464,0.051694247871637344,0.07038113474845886,0.03656958043575287,0.03938524052500725,0.012446177192032337,0.04256240278482437,1,108,2.838849294614025,61,0,47,21753.89453125,0.297861248254776,0.1826794147491455,0.5194593667984009,0.08210090547800064,0.43735846877098083,77,3,0,5,-20,5,25,-20,0.5555555555555556,0.22494520246982574,0.10528038442134857,0.023434622213244438,,,,,0.010354237630963326,0.0026697670109570026,0.024132266640663147,0.0,0.05384024232625961,0.02843647077679634,0.08210090547800064,0.21241329610347748,0.09276555478572845,0.06659983843564987,0.0004449611878953874,,0.07258231192827225,38,0.11496752875370042,-19,0,57,11370.49609375,0.03737571835517883,-0.01869945228099823,-0.018676280975341797,-22,0,0,25,13,14,-0.05555555555555558
g5964.t1,A0A1X6NLH9,0.6493,28.0,1,257,2.890078713983306,58,49,150,36655.14453125,0.3190099000930786,0.31345880031585693,0.30644720792770386,0.18326003849506378,0.12318716198205948,189,27,4,185,0,20,16,4,0.35019455252918286,0.08826404064893723,0.013111067935824394,0.04506848007440567,0.050422895699739456,0.0,0.13569091260433197,0.06108405068516731,0.02295568957924843,0.019421279430389404,0.030544182285666466,0.01762411557137966,0.046277642250061035,0.012675510719418526,0.14771808683872223,0.03492312878370285,0.008846311829984188,0.0,0.07365413010120392,0.035541944205760956,0.15617649257183075,1,201,2.876043892844096,53,48,100,31646.943359375,0.5391800403594971,0.12701237201690674,0.3338076174259186,0.22752763330936432,0.10627999156713486,148,16,0,135,-1,13,13,0,0.417910447761194,0.042000025510787964,0.04638741910457611,0.0592275969684124,0.0,0.0,0.0035970904864370823,0.0,0.0019301610300317407,0.0,0.06993144750595093,0.0008109866757877171,0.07484915852546692,0.04912745580077171,0.07067517191171646,0.0642799586057663,0.1873113214969635,0.044227395206689835,0.03005932830274105,0.15685246884822845,0.098733089864254,56,0.014034821139210063,5,1,50,5008.201171875,-0.22017014026641846,0.1864464282989502,-0.02736040949821472,41,11,4,50,1,4,-0.06771589523201116
g18506.t1,A0A1X6PGV4,0.6466,39.3,1,143,1.7844504936457461,85,12,46,17722.978515625,0.08173590898513794,0.17097201943397522,0.7472920417785645,0.41799861192703247,0.3292933702468872,144,22,0,62,-11,16,19,-3,0.26573426573426573,0.21705512702465057,0.04776538535952568,0.015110514126718044,,0.0,0.03657493367791176,0.0,0.030175214633345604,0.0043693059124052525,0.0,,0.049773190170526505,0.008374502882361412,0.4110300838947296,0.11223826557397842,0.0041083903051912785,0.006768647115677595,0.04968783259391785,0.006968561094254255,0.0,1,150,1.7405594748552466,89,12,49,16482.83203125,0.2958255112171173,0.17584003508090973,0.528334379196167,0.20540408790111542,0.3229302763938904,150,6,0,34,-13,9,16,-7,0.3333333333333333,0.10677501559257507,0.06856182217597961,0.03534184396266937,,,0.00518479198217392,0.0,0.0,0.0,0.053636033087968826,0.0,0.04585780203342438,0.04346970096230507,0.11451683938503265,0.2161552757024765,0.11673709750175476,0.05702768266201019,0.045065734535455704,0.09088725596666336,0.0007830077665857971,-7,0.0438910187904995,-4,0,-3,1240.146484375,-0.21408960223197937,-0.004868015646934509,0.21895766258239746,-6,16,0,28,2,4,-0.06759906759906759
g18654.t1,A0A1X6NRK5,0.6449,16.2,1,303,1.955943044241631,136,56,111,21896.19140625,0.15454931557178497,0.18726448714733124,0.6555562019348145,0.5134763121604919,0.14207985997200012,296,44,0,467,8,32,14,18,0.18811881188118812,0.06782640516757965,0.04200773313641548,0.0,,0.0,0.015305474400520325,0.002629999304190278,0.0738564059138298,0.0011519759427756071,0.021658046171069145,0.0008841389790177345,0.06316325068473816,0.0,0.466846764087677,0.07425345480442047,0.06857603043317795,0.020893463864922523,0.034317269921302795,0.04662953317165375,0.0,1,300,2.6151099669999134,93,53,154,36859.46875,0.37398189306259155,0.17101699113845825,0.423762708902359,0.19105832278728485,0.23270437121391296,235,38,0,89,-3,17,24,-7,0.2833333333333333,0.1101732924580574,0.03367679938673973,0.03959158435463905,0.011866358108818531,0.0,0.03578866273164749,0.03123844601213932,0.011495561338961124,0.0,0.09019789844751358,0.004034384153783321,0.06419537961483002,0.05950659140944481,0.03717228025197983,0.12253107130527496,0.05230038985610008,0.03510892763733864,0.03904629871249199,0.15388604998588562,0.06819005310535431,3,-0.6591669227582824,43,3,-43,-14963.27734375,-0.21943257749080658,0.016247496008872986,0.23179349303245544,61,6,0,378,11,25,-0.0952145214521452
g11474.t1,A0A1X6PJY1,0.63,16.9,1,473,3.3269149382233048,213,93,167,37388.3515625,0.35942479968070984,0.3589065670967102,0.2556086480617523,0.20251740515232086,0.053091228008270264,403,16,24,694,8,18,12,6,0.23255813953488372,0.022435901686549187,0.02690058760344982,0.1064034104347229,0.006283423397690058,0.02890988439321518,0.10422976315021515,0.02606000192463398,0.04668306186795235,0.021966414526104927,0.041783783584833145,0.013767817057669163,0.044190775603055954,0.024940168485045433,0.10641786456108093,0.030655328184366226,0.018567338585853577,0.10955024510622025,0.05149165168404579,0.09609954059123993,0.07266306132078171,1,413,2.797220331066182,171,20,222,38208.34375,0.36690372228622437,0.19251878559589386,0.39866793155670166,0.34054628014564514,0.05812164768576622,250,14,13,154,32,29,8,21,0.23486682808716708,0.031703416258096695,0.06508573144674301,0.06925491988658905,0.002469441620633006,0.02023494988679886,0.007450189907103777,0.0419095978140831,0.0,0.0,0.1043248176574707,0.0033393397461622953,0.0,0.04652928188443184,0.013668635860085487,0.026418231427669525,0.12436417490243912,0.0785311833024025,0.03564290329813957,0.3268776834011078,0.0021955990232527256,60,0.5296946071571229,42,73,-55,-819.9921875,-0.007478922605514526,0.16638778150081635,-0.14305928349494934,153,2,11,540,-24,-15,-0.002308688552283361
g9095.t1,A0A1X6PAT8,0.6264,17.2,1,227,3.175433447336742,3,79,145,38521.76953125,0.538021445274353,0.28794553875923157,0.16230255365371704,0.15606480836868286,0.00623774528503418,113,10,1,76,4,12,4,8,0.44052863436123346,0.0025373331736773252,0.017904814332723618,0.05786004662513733,0.0,0.0006547956145368516,0.11168541759252548,0.011730381287634373,0.034001052379608154,0.014909109100699425,0.21668408811092377,0.04217478632926941,0.06021980941295624,0.13249124586582184,0.13930290937423706,0.003700411878526211,0.05520240589976311,0.04725656658411026,0.03492291271686554,0.0167619027197361,0.0,1,788,3.8416675423603235,117,182,489,90077.453125,0.42712700366973877,0.4187621772289276,0.11201606690883636,0.1067199856042862,0.0052960775792598724,467,38,0,232,5,28,6,22,0.2918781725888325,0.0023208176717162132,0.054097987711429596,0.019935233518481255,0.0,0.011820496991276741,0.026838025078177452,0.04209471493959427,0.011385868303477764,3.5819688491756096e-05,0.20566479861736298,0.24319413304328918,0.015214107930660248,0.044983476400375366,0.06461688131093979,0.0029752596747130156,0.11725857108831406,0.046695079654455185,0.03655106574296951,0.042103104293346405,0.012214512564241886,-561,-0.6662340950235817,-114,-103,-344,-51555.68359375,0.11089444160461426,-0.13081663846969604,0.050286486744880676,-354,-28,1,-156,-1,-14,0.148650461772401
g11862.t1,A0A1X6PBQ9,0.6238,35.1,1,486,3.1297090390967366,187,99,200,48766.015625,0.19347813725471497,0.35388895869255066,0.44506585597991943,0.29070714116096497,0.15435869991779327,390,44,15,208,2,38,28,10,0.2654320987654321,0.08480113744735718,0.04628652706742287,0.02982308529317379,0.0,0.0,0.031676121056079865,0.0075670755468308926,0.03631287068128586,0.008136642165482044,0.08815674483776093,0.021416641771793365,0.01880861632525921,0.010446342639625072,0.2581607401371002,0.0695575475692749,0.03559250012040138,0.13797511160373688,0.08022167533636093,0.03254639729857445,0.0025142254307866096,1,262,3.2086296547139814,26,94,142,42927.859375,0.3841988444328308,0.17932797968387604,0.4330372214317322,0.17256642878055573,0.26047083735466003,145,7,28,85,-5,21,23,-2,0.4083969465648855,0.12369751185178757,0.030118130147457123,0.0419778935611248,0.0010282787261530757,0.025649679824709892,0.00899510644376278,0.003436014521867037,0.03652983903884888,0.004960695747286081,0.13676238059997559,0.001868769875727594,0.04780641943216324,0.01803889311850071,0.11273682862520218,0.13677328824996948,0.09002801775932312,0.055068451911211014,0.04571939632296562,0.059829600155353546,0.018974874168634415,224,-0.07892061561724484,161,5,58,5838.15625,-0.19072070717811584,0.17456097900867462,0.012028634548187256,245,37,-13,123,7,12,-0.1429648477994534
g19580.t1,A0A1X6P6P2,0.6213,20.3,1,241,2.569825178165303,87,25,129,32494.0,0.22919495403766632,0.2249806523323059,0.543838381767273,0.15659092366695404,0.3872474431991577,188,30,1,164,-23,20,38,-18,0.34024896265560167,0.16390661895275116,0.0006950767710804939,0.06521527469158173,0.0,0.0,0.033970948308706284,0.0019859333988279104,0.12625263631343842,0.015986764803528786,0.04860103875398636,0.021117566153407097,0.05480765551328659,0.028398850932717323,0.09965788573026657,0.22334083914756775,0.01618536002933979,0.02368343248963356,0.019260982051491737,0.056933045387268066,0.0,1,225,2.8754789933954457,61,24,140,39926.65625,0.24798235297203064,0.18060022592544556,0.5712589025497437,0.21205005049705505,0.3592088222503662,141,17,1,105,-20,16,32,-16,0.40444444444444444,0.10209301114082336,0.06391163170337677,0.04003006964921951,0.0,0.0,0.01826941967010498,0.00015855008678045124,0.016940725967288017,0.0027476022951304913,0.026166453957557678,0.017011847347021103,0.07776228338479996,0.0003158777835778892,0.11143292486667633,0.25711578130722046,0.03795439004898071,0.050155796110630035,0.014310810714960098,0.10061713308095932,0.06300570070743561,16,-0.30565381523014246,26,1,-11,-7432.65625,-0.01878739893436432,0.04438042640686035,-0.027420520782470703,47,13,0,59,-3,-2,-0.06419548178884277
g4551.t1,A0A1X6P109,0.6203,21.8,1,142,2.1566445379236145,22,46,74,23968.32421875,0.14541013538837433,0.2878069281578064,0.5667829513549805,0.39894524216651917,0.1678377240896225,80,7,0,22,2,18,15,3,0.352112676056338,0.11698959767818451,0.0,0.010500133037567139,,0.0,0.1077684685587883,0.0,0.10969148576259613,0.03727666288614273,0.042915232479572296,0.007498238235712051,0.0358993262052536,0.005760913249105215,0.24483247101306915,0.05084813013672829,0.0,0.05800251662731171,0.00484621524810791,0.15411272644996643,0.013057857751846313,1,175,2.5080418174863732,13,48,114,29493.5859375,0.3283747136592865,0.18513603508472443,0.45251089334487915,0.1812741458415985,0.27123674750328064,85,11,0,37,-5,15,22,-7,0.37142857142857144,0.1158890500664711,0.0630452111363411,0.07155857980251312,0.010633646510541439,0.062280017882585526,0.01637415587902069,0.03397829830646515,0.04096531495451927,0.010268469341099262,0.01594221219420433,0.0,0.05662615969777107,0.0,0.08776288479566574,0.15534768998622894,0.11104289442300797,0.03263644129037857,0.02148127369582653,0.09351126104593277,0.0006563893985003233,-33,-0.3513972795627587,9,-2,-40,-5525.26171875,-0.18296457827091217,0.10267089307308197,0.11427205801010132,-5,-4,0,-15,7,10,-0.019315895372233438
g1192.t3,A0A1X6PF12,0.618,29.9,1,226,3.5743644197102347,54,36,136,44405.3046875,0.17274388670921326,0.2937721014022827,0.34300607442855835,0.19408012926578522,0.14892596006393433,118,11,10,16,3,21,16,5,0.43805309734513276,0.12196216732263565,0.0007266128668561578,0.03728826344013214,0.0,0.00547694880515337,0.10433311760425568,0.19047796726226807,0.041093092411756516,0.010681207291781902,0.04148627445101738,0.01702810637652874,0.03196193277835846,0.009736612439155579,0.11116687208414078,0.026963796466588974,0.0024704833049327135,0.03031427040696144,0.10027691721916199,0.08291325718164444,0.03364217281341553,1,170,3.125249512626479,15,32,123,37597.06640625,0.4141380786895752,0.2059742510318756,0.3790295422077179,0.25480759143829346,0.12422195822000504,59,5,6,0,-3,13,16,-3,0.5705882352941176,0.023908652365207672,0.009129547514021397,0.0720992386341095,0.000335450196871534,0.010412809439003468,0.04766397550702095,0.0008581909351050854,0.00025191219174303114,0.04615083709359169,0.055181678384542465,0.007292397785931826,0.0670894980430603,0.021283136680722237,0.06632811576128006,0.10031331330537796,0.10842235386371613,0.07279208302497864,0.06850887835025787,0.1884794533252716,0.033498525619506836,56,0.44911490708375545,39,4,13,6808.23828125,-0.24139419198036194,0.0877978503704071,-0.036023467779159546,59,6,4,16,6,8,-0.13253513794898486
g4551.t1,A0A1X6NRB5,0.6157,25.6,1,142,2.1566445379236145,22,46,74,23968.32421875,0.14541013538837433,0.2878069281578064,0.5667829513549805,0.39894524216651917,0.1678377240896225,80,7,0,22,2,18,15,3,0.352112676056338,0.11698959767818451,0.0,0.010500133037567139,,0.0,0.1077684685587883,0.0,0.10969148576259613,0.03727666288614273,0.042915232479572296,0.007498238235712051,0.0358993262052536,0.005760913249105215,0.24483247101306915,0.05084813013672829,0.0,0.05800251662731171,0.00484621524810791,0.15411272644996643,0.013057857751846313,1,172,3.146188836485308,13,59,100,37436.3125,0.3613305389881134,0.11296097189188004,0.4770825505256653,0.18638774752616882,0.2906947433948517,92,4,0,60,-7,16,22,-6,0.45930232558139533,0.13345389068126678,0.018943700939416885,0.05084479600191116,,0.032981988042593,0.04271772503852844,0.04862608015537262,0.010193875059485435,0.018438253551721573,0.05136781185865402,0.0,0.058768533170223236,0.00458535784855485,0.07674557715654373,0.1572408825159073,0.07049475610256195,0.03243805468082428,0.008667614310979843,0.10964217036962509,0.07384902983903885,-30,-0.9895442985616936,9,-13,-26,-13467.98828125,-0.21592040359973907,0.17484595626592636,0.08970040082931519,-12,3,0,-38,9,9,-0.10718964952505733
g11821.t1,A0A1X6PAX3,0.6149,34.3,1,328,3.8874752872564904,47,69,212,57626.59375,0.16636408865451813,0.41269823908805847,0.41237369179725647,0.3115685284137726,0.10080520063638687,185,23,0,80,20,41,21,20,0.4268292682926829,0.07704635709524155,0.022343186661601067,0.00027995285927318037,0.0,0.01865127682685852,0.03191981464624405,0.008563986048102379,0.09952711313962936,0.0,0.03811025619506836,0.06040917709469795,0.024924878031015396,0.023050246760249138,0.15771208703517914,0.02375885099172592,0.031581081449985504,0.07268652319908142,0.12581242620944977,0.15385642647743225,0.02976638823747635,1,182,3.219778737335828,66,30,86,37713.21484375,0.24205750226974487,0.2945110499858856,0.4491671919822693,0.32940101623535156,0.11976617574691772,121,8,0,27,6,21,17,4,0.43956043956043955,0.05944264307618141,0.03524499759078026,0.0047910683788359165,0.0,0.022329799830913544,0.03689458593726158,0.014264197088778019,0.002680836943909526,0.015314307063817978,0.030710266903042793,0.17350824177265167,0.06707530468702316,0.00017110958287958056,0.08818744122982025,0.06032354012131691,0.05366213619709015,0.03133680298924446,0.014845572412014008,0.2412135750055313,0.04800350219011307,146,0.6676965499206622,-19,39,126,19913.37890625,-0.07569341361522675,0.11818718910217285,-0.03679350018501282,64,15,0,53,14,16,-0.012731171267756636
g18427.t1,A0A1X6P2G7,0.5936,25.2,1,192,2.817183379484323,8,59,125,35307.7734375,0.261465460062027,0.13544608652591705,0.5969194769859314,0.2686866223812103,0.32823288440704346,127,40,0,92,-15,25,39,-14,0.453125,0.1967550814151764,0.013018897734582424,0.029614202678203583,0.0,0.011418764479458332,0.011824247427284718,0.0061688912101089954,0.022524001076817513,0.017738521099090576,0.010415629483759403,0.0019646012224256992,0.10941197723150253,0.06359699368476868,0.2582877278327942,0.13147777318954468,0.0022720859851688147,0.05180530622601509,0.0343090295791626,0.010398892685770988,0.0169973224401474,1,223,3.1884242385231127,8,52,163,43480.64453125,0.30076029896736145,0.2272467017173767,0.47037461400032043,0.16582003235816956,0.3045545816421509,99,7,3,60,-24,12,36,-24,0.49327354260089684,0.13056369125843048,0.027180440723896027,0.014025026932358742,0.004809907637536526,0.01764419488608837,0.0,0.001618431182578206,0.012355287559330463,0.006826997734606266,0.05597830191254616,0.02505864016711712,0.07117894291877747,0.006732489448040724,0.12432781606912613,0.1739909052848816,0.12065687775611877,0.0603349506855011,0.09750745445489883,0.04149220883846283,0.0077174752950668335,-31,-0.3712408590387897,0,7,-38,-8172.87109375,-0.03929483890533447,-0.09180061519145966,0.12654486298561096,28,33,-3,32,9,10,-0.04014854260089684
g7743.t1,A0A1X6P8Q2,0.5911,22.3,1,503,3.887454739699156,171,99,233,58581.94140625,0.16091705858707428,0.3280367851257324,0.5110461115837097,0.2706053555011749,0.24044078588485718,406,61,2,171,-5,55,51,4,0.32803180914512925,0.1643960028886795,0.013824592344462872,0.007604287937283516,0.0,0.01740134507417679,0.09442248195409775,0.0,0.059301432222127914,0.008812397718429565,0.06591610610485077,0.0028175690677016973,0.02933969534933567,0.0016961010405793786,0.2395082712173462,0.07604479789733887,0.026732327416539192,0.015885312110185623,0.1417854130268097,0.031097067520022392,0.0034148043487221003,1,264,3.2600436107633395,19,47,198,46198.84765625,0.5373061895370483,0.14797435700893402,0.300152063369751,0.2580459415912628,0.04210614040493965,110,11,1,9,9,18,8,10,0.4356060606060606,0.03716202452778816,0.017322413623332977,0.09584766626358032,0.0104447603225708,,0.014780319295823574,0.01456740964204073,0.0240449421107769,0.015853771939873695,0.14792652428150177,0.0004094888863619417,0.07482436299324036,0.027447279542684555,0.03268943354487419,0.004944119602441788,0.12556442618370056,0.01760505698621273,0.06336738169193268,0.22535650432109833,0.04984216019511223,239,0.6274111289358166,152,52,35,12383.09375,-0.37638913094997406,0.1800624281167984,0.21089404821395874,296,50,1,162,-14,-6,-0.10757425146093136
g15163.t1,A0A1X6NMW5,0.589,18.5,1,324,2.188264981103039,206,6,112,26601.05859375,0.375009685754776,0.271691232919693,0.32308104634284973,0.2338697612285614,0.08921130746603012,287,11,2,962,5,15,10,5,0.19444444444444445,0.037844181060791016,0.0,0.06734538823366165,0.009213297627866268,0.10719285905361176,0.09690205752849579,0.03021797351539135,0.05089172348380089,0.02667359635233879,0.049231499433517456,0.0683174729347229,0.05283500254154205,0.004851756617426872,0.1082172840833664,0.051367126405239105,0.01581483706831932,0.01746317557990551,0.02890351600944996,0.12565244734287262,0.051064733415842056,1,301,2.0379932266226564,202,6,93,22854.6796875,0.46215593814849854,0.16705332696437836,0.3329378366470337,0.24224704504013062,0.09069079160690308,302,19,0,690,-1,12,5,7,0.2159468438538206,0.020562179386615753,0.059564221650362015,0.10435760021209717,0.0016554959584027529,0.13990706205368042,0.012312978506088257,0.03785300999879837,0.0,0.011640412732958794,0.03896474465727806,0.009375149384140968,0.004658828489482403,0.057923369109630585,0.07798492908477783,0.07012860476970673,0.07692427933216095,0.05347564443945885,0.030669843778014183,0.1642621010541916,0.027779605239629745,23,0.15027175448038266,4,0,19,3746.37890625,-0.08714625239372253,0.10463790595531464,-0.00985679030418396,-15,-8,2,272,6,-2,-0.02150239940937615
g13229.t2,A0A1X6PCW3,0.5856,40.7,1,632,4.107278301411501,124,143,365,74260.390625,0.3105301558971405,0.2924838662147522,0.3544774353504181,0.26220008730888367,0.09227734804153442,400,34,6,157,10,41,28,13,0.314873417721519,0.04799991473555565,0.0055304705165326595,0.03047352470457554,0.0,4.344909029896371e-05,0.07175538688898087,0.04250851273536682,0.06519051641225815,0.02317919209599495,0.10158184915781021,0.01654905080795288,0.03917911648750305,0.0352073535323143,0.19057652354240417,0.044277433305978775,0.037120845168828964,0.05987812951207161,0.0735803171992302,0.0716235414147377,0.043744828552007675,1,527,3.8479110304552875,139,103,285,62989.2890625,0.3578914999961853,0.25399544835090637,0.36433184146881104,0.22328287363052368,0.14104893803596497,346,31,0,85,-9,36,35,1,0.31688804554079697,0.0825783908367157,0.04716917872428894,0.047356944531202316,0.0034758485853672028,0.01570100151002407,0.04672740772366524,0.023781251162290573,0.015424346551299095,0.009149194695055485,0.06564747542142868,0.017164984717965126,0.04262121021747589,0.04033127427101135,0.06732504814863205,0.05847054719924927,0.09396369010210037,0.04703233391046524,0.07700134813785553,0.15595784783363342,0.04312071204185486,105,0.2593672709562136,-15,40,80,11271.1015625,-0.0473613440990448,0.038488417863845825,-0.009854406118392944,54,3,6,72,19,12,-0.00201462781927797
g6022.t1,A0A1X6PJ70,0.5782,43.4,1,129,2.3961749709967033,80,0,49,24521.66015625,0.22407130897045135,0.24584777653217316,0.5300808548927307,0.20936425030231476,0.32071658968925476,70,2,0,0,-7,16,21,-5,0.5271317829457365,0.24084164202213287,0.10338427126407623,0.04534050077199936,,,0.03367273136973381,,0.04126942157745361,0.01684216782450676,0.015921112149953842,0.0,0.0,0.0017045331187546253,0.20007070899009705,0.07987494766712189,0.07441531866788864,0.05857396125793457,0.008947402238845825,0.009293558076024055,0.06984768062829971,1,108,2.838849294614025,61,0,47,21753.89453125,0.297861248254776,0.1826794147491455,0.5194593667984009,0.08210090547800064,0.43735846877098083,77,3,0,5,-20,5,25,-20,0.5555555555555556,0.22494520246982574,0.10528038442134857,0.023434622213244438,,,,,0.010354237630963326,0.0026697670109570026,0.024132266640663147,0.0,0.05384024232625961,0.02843647077679634,0.08210090547800064,0.21241329610347748,0.09276555478572845,0.06659983843564987,0.0004449611878953874,,0.07258231192827225,21,-0.4426743236173216,19,0,2,2767.765625,-0.07378993928432465,0.06316836178302765,0.010621488094329834,-7,-1,0,-5,13,15,-0.028423772609819098
g10054.t1,A0A1X6P1K9,0.5725,15.7,1,180,2.3793951291404336,60,39,81,24416.072265625,0.2286033034324646,0.22613604366779327,0.5452607274055481,0.37328383326530457,0.17197680473327637,166,32,0,19,4,22,15,7,0.3611111111111111,0.12365899235010147,0.0,0.05428589507937431,,0.0,0.09249933809041977,,0.04543110355734825,0.008061056025326252,0.10050169378519058,0.03545287996530533,0.0200312752276659,0.023786721751093864,0.3251214623451233,0.04831783100962639,0.008853945881128311,0.00929215643554926,0.04346053674817085,0.04816235974431038,0.013082697056233883,1,271,2.660154485840789,35,53,183,35267.5546875,0.49571168422698975,0.12612056732177734,0.3781677186489105,0.30229753255844116,0.07587014883756638,162,33,8,50,5,19,10,9,0.35424354243542433,0.019437752664089203,0.08179818838834763,0.07609450817108154,0.002107723616063595,0.046990882605314255,0.005922320298850536,,0.002326524816453457,0.008782816119492054,0.1261397749185562,0.0,0.07108704000711441,0.04596197232604027,0.0,0.05643239617347717,0.10427838563919067,0.010472536087036133,0.023493271321058273,0.30229753255844116,0.01637629233300686,-91,-0.28075935670035523,25,-14,-102,-10851.482421875,-0.26710838079452515,0.10001547634601593,0.16709300875663757,4,-1,-8,-31,-1,-2,0.006867568675686775
g19068.t1,A0A1X6NQS6,0.5707,28.0,1,410,2.6524342760848127,125,95,190,37802.76953125,0.10011668503284454,0.22126884758472443,0.657682478427887,0.5212277173995972,0.1364547610282898,316,43,31,562,14,45,24,21,0.2,0.10989656299352646,0.014082832261919975,0.012688277289271355,0.0,0.01638760417699814,0.03646710142493248,0.020931970328092575,0.10194255411624908,0.0030726760160177946,0.004091063514351845,0.010711021721363068,0.050562139600515366,0.011266478337347507,0.4268331527709961,0.026558199897408485,0.0011949295876547694,0.006279084365814924,0.051786258816719055,0.09439456462860107,0.0008535211090929806,1,546,5.121300276494722,18,28,500,111878.3125,0.18728916347026825,0.20941662788391113,0.599126398563385,0.3088582456111908,0.2902681231498718,118,20,0,105,-33,62,83,-21,0.5293040293040293,0.12478232383728027,0.07368514686822891,0.006667816545814276,0.0,0.00025955805904231966,0.007721043657511473,0.004167720675468445,0.007437811698764563,0.0,0.039215441793203354,0.0010185070568695664,0.015047569759190083,0.017126008868217468,0.02973843365907669,0.16548581421375275,0.10366625338792801,0.08326785266399384,0.03628626465797424,0.2791198194026947,0.0053065200336277485,-136,-2.4688660004099092,107,67,-310,-74075.54296875,-0.0871724784374237,0.011852219700813293,0.05855607986450195,198,23,31,457,47,42,-0.3293040293040293
g18654.t1,A0A1X6NWR5,0.5699,16.1,1,303,1.955943044241631,136,56,111,21896.19140625,0.15454931557178497,0.18726448714733124,0.6555562019348145,0.5134763121604919,0.14207985997200012,296,44,0,467,8,32,14,18,0.18811881188118812,0.06782640516757965,0.04200773313641548,0.0,,0.0,0.015305474400520325,0.002629999304190278,0.0738564059138298,0.0011519759427756071,0.021658046171069145,0.0008841389790177345,0.06316325068473816,0.0,0.466846764087677,0.07425345480442047,0.06857603043317795,0.020893463864922523,0.034317269921302795,0.04662953317165375,0.0,1,424,2.923345708137002,87,42,295,46857.0,0.32865196466445923,0.29118573665618896,0.37908023595809937,0.2746044993400574,0.10447575151920319,215,25,21,85,11,24,14,10,0.29952830188679247,0.029607398435473442,0.1406761258840561,0.053272079676389694,0.017382195219397545,0.001928064157254994,0.02587902545928955,0.0010821084724739194,0.0,0.0005508754402399063,0.05985568091273308,0.008251710794866085,0.05583169311285019,0.02922600880265236,0.027143871411681175,0.0748683512210846,0.07533697783946991,0.08071328699588776,0.018283424898982048,0.24746063351631165,0.05265055596828461,-121,-0.9674026638953708,49,14,-184,-24960.80859375,-0.17410264909267426,-0.10392124950885773,0.2764759659767151,81,19,-21,382,-3,8,-0.11140949000560435
g215.t1,A0A1X6NIK7,0.5667,9.8,1,219,2.8489576263516634,81,73,65,27967.03125,0.2796042859554291,0.262187659740448,0.4582080543041229,0.26098212599754333,0.1972259134054184,202,21,1,69,-5,20,21,-1,0.3242009132420091,0.1498674601316452,0.02115890383720398,0.08809206634759903,0.0,0.005191633477807045,0.051248110830783844,0.0,0.10712172091007233,0.01565798558294773,0.03261278569698334,0.01867038570344448,0.03448997437953949,0.0,0.2121748924255371,0.0473584309220314,0.0013844356872141361,0.029567372053861618,0.034421149641275406,0.04880722984671593,0.10217541456222534,1,276,1.8753603719377725,114,69,93,21102.146484375,0.4441806972026825,0.1760036200284958,0.3725305199623108,0.2460061013698578,0.1265244334936142,256,34,5,294,2,14,8,6,0.2246376811594203,0.04949183762073517,0.06179990991950035,0.0001529013243271038,0.0001548553118482232,0.0,0.012480909936130047,0.0072851902805268764,0.0010493772570043802,0.0,0.15201638638973236,0.021877875551581383,0.0006116052973084152,0.018632566556334496,0.02548978105187416,0.07703259587287903,0.21910931169986725,0.029477626085281372,0.04916306957602501,0.22051629424095154,0.05365791171789169,-57,0.9735972544138909,-33,4,-28,6864.884765625,-0.16457641124725342,0.08618403971195221,0.08567753434181213,-54,-13,-4,-225,-7,-7,0.09956323208258883
g8640.t1,A0A1X6NMW1,0.5642,41.7,1,188,3.4479473025801397,40,19,129,41931.2734375,0.24944724142551422,0.2682850658893585,0.4713219404220581,0.3610803484916687,0.1102416142821312,84,5,0,264,18,30,11,19,0.4521276595744681,0.10159429162740707,0.007369557395577431,0.02016049437224865,0.0,0.030081843957304955,0.07693597674369812,0.010945701971650124,0.007925937883555889,0.01115401554852724,0.07264961302280426,0.055777713656425476,0.008920414373278618,0.05124766752123833,0.10865096002817154,0.008647325448691845,0.024546552449464798,0.0627060979604721,0.057569779455661774,0.25242939591407776,0.0306866392493248,1,176,3.190636272744277,40,17,119,38340.8203125,0.39072561264038086,0.20898109674453735,0.4002932906150818,0.291615754365921,0.10867754369974136,73,2,0,191,10,20,12,8,0.48863636363636365,0.0653812438249588,0.0635945200920105,0.08042886108160019,0.005539936013519764,0.02381567656993866,0.03515186533331871,0.0,0.01362453680485487,0.0033661737106740475,0.1101517304778099,0.0774950310587883,0.0296016912907362,0.012370687909424305,0.1278221160173416,0.043296292424201965,0.093226857483387,0.006376279983669519,0.007198901381343603,0.1637936383485794,0.03776392713189125,12,0.25731102983586274,0,2,10,3590.453125,-0.14127837121486664,0.05930396914482117,0.07102864980697632,11,3,0,73,8,11,-0.03650870406189555
g215.t1,A0A1X6NLR1,0.5595,6.5,1,219,2.8489576263516634,81,73,65,27967.03125,0.2796042859554291,0.262187659740448,0.4582080543041229,0.26098212599754333,0.1972259134054184,202,21,1,69,-5,20,21,-1,0.3242009132420091,0.1498674601316452,0.02115890383720398,0.08809206634759903,0.0,0.005191633477807045,0.051248110830783844,0.0,0.10712172091007233,0.01565798558294773,0.03261278569698334,0.01867038570344448,0.03448997437953949,0.0,0.2121748924255371,0.0473584309220314,0.0013844356872141361,0.029567372053861618,0.034421149641275406,0.04880722984671593,0.10217541456222534,1,265,1.8819384188363126,92,73,100,21999.861328125,0.3010100722312927,0.21072302758693695,0.4853336215019226,0.33626192808151245,0.14907170832157135,262,38,2,164,2,20,13,7,0.2,0.08577799797058105,0.03365110233426094,0.02038603462278843,0.0,0.00857218261808157,0.07075731456279755,0.0029332421254366636,0.04513159766793251,0.007036437746137381,0.05483825132250786,0.005312813445925713,0.0002877461083699018,0.08336150646209717,0.24014799296855927,0.06329371780157089,0.07592947036027908,0.01235928200185299,0.04351091757416725,0.09611393511295319,0.05059843510389328,-46,0.9670192075153508,-11,0,-35,5967.169921875,-0.021405786275863647,0.05146463215351105,-0.027125567197799683,-60,-17,-1,-95,-7,-8,0.1242009132420091
g6368.t1,A0A1X6P530,0.5535,23.4,1,154,2.1758994708884005,45,21,88,25188.38671875,0.2555209994316101,0.22065797448158264,0.5215201377868652,0.32114437222480774,0.2003757357597351,110,10,0,51,-3,16,14,2,0.38311688311688313,0.1590033322572708,0.0011499489191919565,0.05731717497110367,,0.0007685794844292104,0.039414312690496445,0.002300866646692157,0.010801482014358044,0.015755878761410713,0.07047276198863983,0.02113473229110241,0.07034378498792648,0.022160708904266357,0.23577851057052612,0.0413723848760128,0.000512386322952807,0.08942119777202606,0.05873631685972214,0.085365891456604,0.01818971522152424,1,195,2.9812540398502168,62,21,112,34390.74609375,0.506392240524292,0.15466229617595673,0.32737523317337036,0.2244105041027069,0.10296472907066345,119,8,0,32,-5,10,9,1,0.4717948717948718,0.037075575441122055,0.022752851247787476,0.06942051649093628,0.0,0.015667971223592758,0.014539206400513649,0.011570213362574577,0.0,0.0,0.03972414880990982,0.02324056252837181,0.04609541594982147,0.032502129673957825,0.044276557862758636,0.0658891573548317,0.30298206210136414,0.06099485978484154,0.0331348180770874,0.18013393878936768,0.0,-41,-0.8053545689618162,-17,0,-24,-9202.359375,-0.2508712410926819,0.06599567830562592,0.19414490461349487,-9,2,0,19,2,1,-0.08867798867798865
g12109.t2,J7F8H0,0.5494,14.1,1,160,2.622392035098308,33,34,93,30858.55078125,0.3216227889060974,0.17495572566986084,0.477888822555542,0.4443657398223877,0.033523079007864,87,6,0,34,25,26,7,19,0.4125,0.033420905470848083,0.027645133435726166,0.13359373807907104,0.0,0.002091184491291642,0.03177165240049362,0.025532672181725502,0.02681606635451317,0.005646198056638241,0.09525346010923386,0.047682471573352814,0.05370178818702698,0.003709305077791214,0.17522898316383362,0.00010217543604085222,0.01738034188747406,0.009262535721063614,0.03177787363529205,0.2691367566585541,0.010246804915368557,1,116,1.9035358778127573,6,49,61,20036.216796875,0.20604895055294037,0.2776813805103302,0.5032962560653687,0.35138407349586487,0.1519121527671814,80,5,0,0,16,21,5,16,0.3879310344827586,0.10647374391555786,0.02356894500553608,0.05504116788506508,,,0.10133986920118332,0.012973455712199211,0.08365825563669205,0.050191737711429596,0.0006441427976824343,,0.09134061634540558,0.005449513904750347,0.2786734402179718,0.045438412576913834,0.003381749615073204,0.03922511264681816,0.029889216646552086,0.07271059602499008,0.0,44,0.7188561572855505,27,-15,32,10822.333984375,0.11557383835315704,-0.10272565484046936,-0.02540743350982666,7,1,0,34,9,3,0.02456896551724136
g7743.t1,A0A1X6P4S4,0.5446,16.7,1,503,3.887454739699156,171,99,233,58581.94140625,0.16091705858707428,0.3280367851257324,0.5110461115837097,0.2706053555011749,0.24044078588485718,406,61,2,171,-5,55,51,4,0.32803180914512925,0.1643960028886795,0.013824592344462872,0.007604287937283516,0.0,0.01740134507417679,0.09442248195409775,0.0,0.059301432222127914,0.008812397718429565,0.06591610610485077,0.0028175690677016973,0.02933969534933567,0.0016961010405793786,0.2395082712173462,0.07604479789733887,0.026732327416539192,0.015885312110185623,0.1417854130268097,0.031097067520022392,0.0034148043487221003,1,300,3.633425916654267,56,50,194,55068.0546875,0.4624273478984833,0.2401334047317505,0.2942233085632324,0.20696254074573517,0.08726077526807785,179,26,0,69,6,21,12,9,0.44333333333333336,0.04263283312320709,0.02037862315773964,0.09698560833930969,,0.0041600302793085575,0.031568896025419235,0.0032158922404050827,0.03228112682700157,0.010780923999845982,0.11186926811933517,0.002426132094115019,0.052339568734169006,0.05396685004234314,0.03861784189939499,0.04462793841958046,0.11141578108072281,0.09338609874248505,0.06009252369403839,0.16834472119808197,0.020909322425723076,203,0.25402882304488905,115,49,39,3513.88671875,-0.301510289311409,0.08790338039398193,0.2168228030204773,227,35,2,102,-11,-5,-0.11530152418820411
g16310.t1,A0A1X6NLF5,0.5415,11.7,1,435,2.320556812092378,166,89,180,30792.310546875,0.1490073800086975,0.3049319386482239,0.5047375559806824,0.28843241930007935,0.21630510687828064,403,44,11,74,4,24,17,7,0.18620689655172415,0.16144688427448273,0.021323151886463165,0.013621940277516842,0.0,0.009568474255502224,0.15040434896945953,0.04132314398884773,0.02434893697500229,0.008592300117015839,0.041468244045972824,0.03864015266299248,0.04029974713921547,0.014326762408018112,0.20450274646282196,0.05485822260379791,0.016748085618019104,0.021403977647423744,0.048811379820108414,0.08392966538667679,0.004381823353469372,1,431,2.0723847792144583,154,96,181,24289.52734375,0.28803449869155884,0.1474326252937317,0.5364558696746826,0.2805105149745941,0.2559453845024109,422,42,10,111,-10,20,25,-5,0.17633410672853828,0.11496611684560776,0.04336424544453621,0.0070403567515313625,0.000533045269548893,0.0001303107856074348,0.017928147688508034,0.0280770193785429,0.023770015686750412,0.022316602990031242,0.021428726613521576,0.014213135465979576,0.0598953552544117,0.060709089040756226,0.1776522845029831,0.14097927510738373,0.11452151834964752,0.014593475498259068,0.03303055092692375,0.10285821557044983,0.001992553938180208,4,0.24817203287791978,12,-7,-1,6502.783203125,-0.13902711868286133,0.1574993133544922,-0.031718313694000244,-19,2,1,-37,14,12,0.009872789823185874
g7743.t1,A0A1X6PJ60,0.534,17.4,1,503,3.887454739699156,171,99,233,58581.94140625,0.16091705858707428,0.3280367851257324,0.5110461115837097,0.2706053555011749,0.24044078588485718,406,61,2,171,-5,55,51,4,0.32803180914512925,0.1643960028886795,0.013824592344462872,0.007604287937283516,0.0,0.01740134507417679,0.09442248195409775,0.0,0.059301432222127914,0.008812397718429565,0.06591610610485077,0.0028175690677016973,0.02933969534933567,0.0016961010405793786,0.2395082712173462,0.07604479789733887,0.026732327416539192,0.015885312110185623,0.1417854130268097,0.031097067520022392,0.0034148043487221003,1,287,3.2649826166035334,35,46,206,50438.890625,0.4617161750793457,0.19604763388633728,0.34223616123199463,0.27916526794433594,0.06307089328765869,142,21,0,53,12,26,13,13,0.43205574912891986,0.056303657591342926,0.02458764612674713,0.11886769533157349,0.01513958815485239,0.0,0.04503661394119263,0.0,0.0254682507365942,0.0,0.10380611568689346,0.0030559480655938387,0.040357451885938644,0.047307997941970825,0.018891792744398117,0.006767231039702892,0.12344292551279068,0.03136313706636429,0.051396459341049194,0.2602734863758087,0.027934014797210693,216,0.6224721230956227,136,53,27,8143.05078125,-0.3007991164922714,0.13198915123939514,0.1688099503517151,264,40,2,118,-17,-9,-0.10402393998379061
g17362.t1,A0A1X6NNJ0,0.5279,21.0,1,128,2.5986396276005843,32,34,62,20124.677734375,0.09695469588041306,0.29303666949272156,0.5967532396316528,0.45437753200531006,0.14237570762634277,107,10,6,3,15,22,9,13,0.4375,0.1088002398610115,0.04940330609679222,0.06274566799402237,0.0,,0.08363863080739975,0.013255380094051361,0.046986378729343414,0.001763606327585876,0.01843770034611225,0.04557080194354057,0.0003145578084513545,0.0,0.3381252586841583,0.03357545658946037,0.01048660185188055,0.02501795068383217,0.04241957888007164,0.11625229567289352,0.003206556895747781,1,155,4.19470919004144,15,41,99,28093.06640625,0.2675698399543762,0.12143459916114807,0.5873227119445801,0.33936944603919983,0.24795317649841309,85,10,6,37,12,24,15,9,0.43870967741935485,0.13580788671970367,0.03263748809695244,0.053338125348091125,0.020499665290117264,,0.008978688158094883,0.02367299795150757,,0.0064317150972783566,0.0068911234848201275,0.016480369493365288,0.06893366575241089,0.015390175394713879,0.2757120728492737,0.11214529722929001,0.11164642125368118,0.0,0.04283837601542473,0.06365737318992615,0.004938637837767601,-27,-1.5960695624408556,17,-7,-37,-7968.388671875,-0.17061514407396317,0.1716020703315735,0.009430527687072754,22,0,0,-34,3,4,-0.0012096774193548487
g16310.t1,A0A1X6NI88,0.5188,14.9,1,435,2.320556812092378,166,89,180,30792.310546875,0.1490073800086975,0.3049319386482239,0.5047375559806824,0.28843241930007935,0.21630510687828064,403,44,11,74,4,24,17,7,0.18620689655172415,0.16144688427448273,0.021323151886463165,0.013621940277516842,0.0,0.009568474255502224,0.15040434896945953,0.04132314398884773,0.02434893697500229,0.008592300117015839,0.041468244045972824,0.03864015266299248,0.04029974713921547,0.014326762408018112,0.20450274646282196,0.05485822260379791,0.016748085618019104,0.021403977647423744,0.048811379820108414,0.08392966538667679,0.004381823353469372,1,369,2.073707775602536,144,68,157,23858.994140625,0.31019076704978943,0.16666044294834137,0.5026631355285645,0.3422800898551941,0.16038304567337036,301,33,4,29,-3,21,16,5,0.1897018970189702,0.010719633661210537,0.05677403509616852,0.03482870012521744,0.006122193764895201,0.0,,0.020485656335949898,0.005040653049945831,0.012711992487311363,0.11061213165521622,0.026227952912449837,0.005132392514497042,0.008925441652536392,0.0,0.14966340363025665,0.137980118393898,0.006226504687219858,0.06626911461353302,0.3422800898551941,0.0,66,0.2468490364898419,22,21,23,6933.31640625,-0.16118338704109192,0.1382714956998825,0.00207442045211792,102,11,7,45,7,2,-0.0034950004672460455
g13714.t1,J7F657,0.512,17.8,1,112,4.715270006503892,105,0,7,28262.30859375,0.2417970597743988,0.17250797152519226,0.5824472308158875,0.3861323595046997,0.19631479680538177,121,12,0,8,0,27,25,2,0.7142857142857143,0.12541335821151733,0.00011416428606025875,0.07526253908872604,0.010242555290460587,,0.04656980559229851,0.0032478035427629948,0.010631154291331768,0.04577988013625145,,0.038066256791353226,0.06070423871278763,0.0325368195772171,0.27458062767982483,0.07090142369270325,0.017467135563492775,0.05410544574260712,0.012778591364622116,0.11155176907777786,0.010046456940472126,1,183,7.4877209412757715,169,0,14,42135.9375,0.36235103011131287,0.2595389187335968,0.36701029539108276,0.21402162313461304,0.15298867225646973,194,10,0,8,-3,19,21,-2,0.7213114754098361,0.09885596483945847,0.001877705450169742,0.1505967676639557,,,0.11853471398353577,0.011099811643362045,0.05567888543009758,0.1034524142742157,,0.013979277573525906,0.03166108578443527,0.018301349133253098,0.11215744912624359,0.054132718592882156,0.012634823098778725,0.04605739563703537,0.02341090515255928,0.10186417400836945,0.045704614371061325,-71,-2.7724509347718795,-64,0,-7,-13873.62890625,-0.12055397033691406,-0.08703094720840454,0.2154369354248047,-73,2,0,0,3,4,-0.007025761124121788
g16188.t1,A0A1X6NST7,0.5063,94.4,1,304,2.5053124964118396,72,108,124,26965.6328125,0.1199176013469696,0.35164782404899597,0.520289957523346,0.3554421067237854,0.16484780609607697,281,35,0,8,0,31,18,13,0.24671052631578946,0.13207577168941498,0.13777919113636017,0.07953567802906036,,,0.0786680057644844,0.008144630119204521,0.04880328103899956,0.0,0.0023930801544338465,0.0,0.0,0.0,0.1705731451511383,0.032772038131952286,0.03535644710063934,0.017909536138176918,0.06848782300949097,0.1848689764738083,0.0026323883794248104,1,904,3.862046472541361,204,313,387,54211.2109375,0.11027603596448898,0.34750819206237793,0.5354673266410828,0.39142200350761414,0.14404535293579102,849,102,0,28,-3,66,42,24,0.18141592920353983,0.10397231578826904,0.08647757768630981,0.0788934975862503,,,0.07215046137571335,0.006748370360583067,0.07521464675664902,0.0,0.0003571083943825215,0.0,0.0,0.0,0.18588802218437195,0.04007302597165108,0.029239891096949577,0.036523789167404175,0.07714173942804337,0.2055339813232422,0.0017855418846011162,-600,-1.3567339761295214,-132,-205,-263,-27245.578125,0.009641565382480621,0.004139631986618042,-0.015177369117736816,-568,-67,0,-20,3,-11,0.06529459711224964
g18228.t1,J7F9I2,0.5021,20.8,1,109,1.311509278040779,40,2,67,13364.9365234375,0.1550847440958023,0.39457079768180847,0.450344443321228,0.3810012638568878,0.0693431869149208,86,7,1,85,6,12,6,6,0.3486238532110092,0.058255188167095184,0.0468825027346611,0.0,0.0,0.0,0.09290176630020142,0.0,0.1772020310163498,0.013278030790388584,0.06470022350549698,0.0,0.07569100707769394,0.0,0.30437275767326355,0.01108799409121275,0.0,0.07758445292711258,0.0,0.07662849873304367,0.0014154886594042182,1,163,2.378614362720111,86,8,69,22238.70703125,0.3462064266204834,0.22691263258457184,0.4268808960914612,0.22763770818710327,0.1992432028055191,140,13,1,24,-2,14,16,-2,0.37423312883435583,0.16090328991413116,0.007557298522442579,0.12738634645938873,0.0,0.014798869378864765,0.007258720695972443,0.0,0.05953390151262283,0.049164172261953354,0.009865912608802319,0.056248005479574203,0.053115617483854294,0.04842927306890488,0.12231606245040894,0.038339920341968536,0.043446242809295654,0.05241997539997101,0.04389473795890808,0.10532162338495255,0.0,-54,-1.067105084679332,-46,-6,-2,-8873.7705078125,-0.1911216825246811,0.16765816509723663,0.023463547229766846,-54,-6,0,61,8,8,-0.02560927562334664
