incendi_protein,ortholog_accession,alntmscore,pident,incendi_num_chains,incendi_num_residues,incendi_rg_nm,incendi_helix_num,incendi_strand_num,incendi_coil_num,incendi_total_sasa_A2,incendi_frac_sasa_hydrophobic,incendi_frac_sasa_polar,incendi_frac_sasa_charged,incendi_frac_sasa_pos,incendi_frac_sasa_neg,incendi_num_hbonds,incendi_num_salt_bridges,incendi_num_disulfides,incendi_num_pipi,incendi_net_charge,incendi_num_exposed_pos,incendi_num_exposed_neg,incendi_surface_net_charge,incendi_highly_exposed_frac,incendi_frac_sasa_ASP,incendi_frac_sasa_THR,incendi_frac_sasa_ASN,incendi_frac_sasa_GLU,incendi_frac_sasa_TRP,incendi_frac_sasa_HIS,incendi_frac_sasa_GLN,incendi_frac_sasa_PHE,incendi_frac_sasa_ARG,incendi_frac_sasa_LEU,incendi_frac_sasa_VAL,incendi_frac_sasa_MET,incendi_frac_sasa_PRO,incendi_frac_sasa_ILE,incendi_frac_sasa_GLY,incendi_frac_sasa_CYS,incendi_frac_sasa_ALA,incendi_frac_sasa_SER,incendi_frac_sasa_TYR,incendi_frac_sasa_LYS,ortholog_num_chains,ortholog_num_residues,ortholog_rg_nm,ortholog_helix_num,ortholog_strand_num,ortholog_coil_num,ortholog_total_sasa_A2,ortholog_frac_sasa_hydrophobic,ortholog_frac_sasa_polar,ortholog_frac_sasa_charged,ortholog_frac_sasa_pos,ortholog_frac_sasa_neg,ortholog_num_hbonds,ortholog_num_salt_bridges,ortholog_num_disulfides,ortholog_num_pipi,ortholog_net_charge,ortholog_num_exposed_pos,ortholog_num_exposed_neg,ortholog_surface_net_charge,ortholog_highly_exposed_frac,ortholog_frac_sasa_ASP,ortholog_frac_sasa_THR,ortholog_frac_sasa_ASN,ortholog_frac_sasa_GLU,ortholog_frac_sasa_TRP,ortholog_frac_sasa_HIS,ortholog_frac_sasa_GLN,ortholog_frac_sasa_PHE,ortholog_frac_sasa_ARG,ortholog_frac_sasa_LEU,ortholog_frac_sasa_VAL,ortholog_frac_sasa_MET,ortholog_frac_sasa_PRO,ortholog_frac_sasa_ILE,ortholog_frac_sasa_GLY,ortholog_frac_sasa_CYS,ortholog_frac_sasa_ALA,ortholog_frac_sasa_SER,ortholog_frac_sasa_TYR,ortholog_frac_sasa_LYS,diff_num_residues,diff_rg_nm,diff_helix_num,diff_strand_num,diff_coil_num,diff_total_sasa_A2,diff_frac_sasa_hydrophobic,diff_frac_sasa_polar,diff_frac_sasa_charged,diff_num_hbonds,diff_num_salt_bridges,diff_num_disulfides,diff_num_pipi,diff_net_charge,diff_surface_net_charge,diff_highly_exposed_frac
g9539.t1,G7VBC4,0.9868,50.5,1,202,1.8343617880113237,107,16,79,21400.287109375,0.2422642707824707,0.2093578577041626,0.5368098616600037,0.4707939624786377,0.06601585447788239,171,16,0,41,17,25,9,16,0.2376237623762376,0.03802243620157242,0.0010553982574492693,0.063624307513237,0.027993427589535713,0.0,0.011568048037588596,0.049073342233896255,0.003316965652629733,0.263619065284729,0.019716648384928703,0.004372363910079002,0.06891179084777832,0.0,0.10553981363773346,0.037671223282814026,0.0,0.04040667414665222,0.05053596943616867,0.007397626992315054,0.2071748822927475,1,209,1.8152016092975234,102,26,81,21059.94140625,0.2885532081127167,0.20250549912452698,0.4919189512729645,0.35389184951782227,0.13802708685398102,180,37,2,70,8,23,10,13,0.24401913875598086,0.06930098682641983,0.0010480039054527879,0.051028307527303696,0.06872610002756119,0.0,0.017022330313920975,0.002266680123284459,0.009958503767848015,0.2738325595855713,0.055216699838638306,0.010264920070767403,0.07430479675531387,0.05236561968922615,0.05856330320239067,0.087471142411232,0.0,0.02787935733795166,0.0,0.060691360384225845,0.08005932718515396,-7,0.01916017871380027,5,-10,-2,340.345703125,-0.04628893733024597,0.00685235857963562,0.044890910387039185,-9,-21,-2,-29,9,3,-0.006395376379743245
g9275.t1,G7VB78,0.9732,55.5,1,143,2.2094791523677535,33,41,69,20855.189453125,0.2159562110900879,0.23212751746177673,0.527164101600647,0.43795454502105713,0.08920956403017044,102,11,0,42,20,26,7,19,0.3706293706293706,0.028876278549432755,0.035008322447538376,0.056135017424821854,0.060333285480737686,0.0,0.024752099066972733,0.047784965485334396,0.000302369415294379,0.2121901959180832,0.0652707889676094,0.0,0.07143107056617737,0.041669923812150955,0.022429700940847397,0.032685570418834686,0.0,0.014852344058454037,0.037645962089300156,0.02286769077181816,0.22576434910297394,1,147,2.3097909063197966,35,41,71,21529.74609375,0.3301129639148712,0.14550603926181793,0.5057932138442993,0.4283086359500885,0.0774846076965332,107,14,0,34,19,24,9,15,0.35374149659863946,0.01919833943247795,0.02210090309381485,0.0359574556350708,0.058286260813474655,0.015728946775197983,0.01858772337436676,0.038356076925992966,0.052003003656864166,0.1645074039697647,0.04809969663619995,0.013293529860675335,0.09731271117925644,0.0832495391368866,0.0028474268037825823,0.024276522919535637,0.0,0.01757810264825821,0.0,0.02481508068740368,0.263801246881485,-4,-0.10031175395204306,-2,0,-2,-674.556640625,-0.11415675282478333,0.0866214781999588,0.021370887756347656,-5,-3,0,8,1,4,0.016887874030731165
g497.t1,G7VGG2,0.9696,41.8,1,651,3.369440423598083,269,86,296,55085.11328125,0.1725480556488037,0.3158682584762573,0.4591970443725586,0.24977384507656097,0.2094232141971588,538,41,35,114,-5,37,38,-1,0.23195084485407066,0.03306930884718895,0.03279145061969757,0.10766749083995819,0.17635388672351837,0.002575020771473646,0.052386704832315445,0.0735187754034996,0.013237686827778816,0.08186018466949463,0.07309673726558685,0.00673153530806303,0.01812906749546528,0.03465167060494423,0.005459201522171497,0.009824715554714203,0.0,0.01866714470088482,0.08548341691493988,0.006582419853657484,0.16791364550590515,1,398,2.451187971039657,183,93,122,28993.07421875,0.21379616856575012,0.161078080534935,0.5952513813972473,0.38338837027549744,0.21186307072639465,384,52,0,161,1,31,23,8,0.1984924623115578,0.05655233934521675,0.041698165237903595,0.029147855937480927,0.1553107351064682,0.0,0.029874252155423164,0.03264595940709114,0.015802724286913872,0.228235125541687,0.04698551073670387,0.03635202720761299,0.056527528911828995,0.018521465361118317,0.008235222660005093,0.01741078495979309,0.0,0.03137167915701866,0.010379768908023834,0.029795557260513306,0.15515321493148804,253,0.9182524525584257,86,-7,174,26092.0390625,-0.04124811291694641,0.15479017794132233,-0.13605433702468872,154,-11,35,-47,-6,-9,0.03345838254251288
g11568.t1,G7VCQ8,0.9658,40.9,1,180,2.971874915130754,12,36,132,34304.9765625,0.22369249165058136,0.19440197944641113,0.5782535076141357,0.21829354763031006,0.3599599301815033,93,14,1,36,-9,23,28,-5,0.45555555555555555,0.11032471060752869,0.025907058268785477,0.08845112472772598,0.2496352195739746,0.0020692048128694296,0.0036520378198474646,0.04710710048675537,0.027758726850152016,0.09029390662908554,0.06103089079260826,0.030065355822443962,0.05057220906019211,0.013920103199779987,0.017964458093047142,0.006671159993857145,0.0,0.020311539992690086,0.007049523293972015,0.019216012209653854,0.12799963355064392,1,97,1.2977912159430165,24,39,34,13734.904296875,0.247014120221138,0.07828208804130554,0.6747037172317505,0.4115048944950104,0.2631988227367401,87,18,0,31,1,13,10,3,0.32989690721649484,0.0992715135216713,,,0.1639273315668106,0.0404055193066597,0.0,0.014057355001568794,0.054179128259420395,0.2887812554836273,0.014275571331381798,0.004698316100984812,0.0915578305721283,0.0,0.001174579025246203,0.011238470673561096,0.0,0.040723178535699844,0.024846047163009644,0.028140224516391754,0.12272366136312485,83,1.6740836991877375,-12,-3,98,20570.072265625,-0.02332162857055664,0.11611989140510559,-0.09645020961761475,6,-4,1,5,-10,-8,0.1256586483390607
g19137.t2,G7VHL2,0.964,35.8,1,569,2.893005667893344,202,110,257,42669.1171875,0.22510617971420288,0.23743018507957458,0.5184895396232605,0.38653436303138733,0.13195517659187317,491,60,15,254,15,48,30,18,0.18980667838312829,0.05518516153097153,0.037538252770900726,0.019558627158403397,0.07677000761032104,0.00022196753707248718,0.018974030390381813,0.0835021585226059,0.04249722138047218,0.18828262388706207,0.05992529168725014,0.023042753338813782,0.04015181586146355,0.017615508288145065,0.016407346352934837,0.006485894322395325,0.0,0.02524428814649582,0.06881581246852875,0.02152944728732109,0.19825173914432526,1,491,2.4214084737544654,194,114,183,29208.2421875,0.15857373178005219,0.18358464539051056,0.6339672803878784,0.3711206912994385,0.26284658908843994,451,63,0,378,-3,36,32,4,0.15885947046843177,0.08554591983556747,0.008616424165666103,0.023401258513331413,0.17730067670345306,0.056211207062006,0.023874294012784958,0.0837770625948906,0.0048605469055473804,0.20821285247802734,0.0032035422045737505,0.013996565714478493,0.03583509474992752,0.004639613442122936,0.012085886672139168,0.012804931029677391,0.0,0.027741285040974617,0.03970593959093094,0.015279009938240051,0.16290785372257233,78,0.47159719413887835,8,-4,74,13460.875,0.0665324479341507,0.053845539689064026,-0.11547774076461792,40,-3,15,-124,18,14,0.030947207914696517
g16485.t1,G7VET9,0.9635,42.2,1,104,2.114236623803046,10,32,62,20260.8828125,0.15742559731006622,0.3080880045890808,0.4799848198890686,0.465045303106308,0.014939459972083569,46,4,6,3,26,25,1,24,0.4519230769230769,0.014939459972083569,0.0,0.047146398574113846,0.0,,0.054501622915267944,0.04711869731545448,0.0027072506491094828,0.17397283017635345,0.02420600689947605,0.09005876630544662,0.0003225702967029065,0.010192002169787884,0.011625251732766628,0.02024967037141323,0.0012631082208827138,0.018313752487301826,0.10214176774024963,0.09016833454370499,0.2910725176334381,1,91,1.9563055359819055,10,37,44,17270.28125,0.09450620412826538,0.32868048548698425,0.5684203505516052,0.5417655110359192,0.0266548004001379,50,2,6,25,21,23,1,22,0.43956043956043955,,0.0010954028693959117,0.060469143092632294,0.0266548004001379,,0.008392982184886932,0.04171087592840195,0.002233399311080575,0.1943328082561493,0.011226042173802853,0.012109647504985332,0.015695812180638313,0.018678389489650726,0.023726966232061386,0.004297009669244289,0.009680317714810371,0.010835937224328518,0.05235167220234871,0.1590760350227356,0.3474327325820923,13,0.15793108782114063,0,-5,18,2990.6015625,0.06291939318180084,-0.020592480897903442,-0.08843553066253662,-4,2,0,-22,5,2,0.012362637362637374
g7755.t1,G7VE02,0.963,45.6,1,445,2.267878742323239,209,68,168,27515.828125,0.17512159049510956,0.2953236401081085,0.512191653251648,0.29932257533073425,0.2128690630197525,441,46,17,73,-2,32,22,10,0.16404494382022472,0.032234370708465576,0.042631275951862335,0.05830985680222511,0.18063469231128693,0.003506694221869111,0.017363158985972404,0.0929129496216774,0.0,0.07972957193851471,0.03176946938037872,0.007033014204353094,0.07359686493873596,0.036950357258319855,0.01538457628339529,0.030708031728863716,0.0,0.006880631670355797,0.019558602944016457,0.05120289325714111,0.21959297358989716,1,438,2.2827312728966467,218,72,148,28249.0078125,0.22775070369243622,0.20755280554294586,0.5646964311599731,0.3708969056606293,0.19379949569702148,446,63,0,196,-1,32,22,10,0.1872146118721461,0.027490906417369843,0.06228727474808693,0.04320903122425079,0.16630859673023224,0.05143196880817413,0.0,0.019692877307534218,0.02499776892364025,0.2498699426651001,0.026841240003705025,0.035333964973688126,0.01980087161064148,0.044323693960905075,0.006222099997103214,0.03746989369392395,0.0,0.018799103796482086,0.030339617282152176,0.014554092660546303,0.12102697789669037,7,-0.01485253057340774,-9,-4,20,-733.1796875,-0.05262911319732666,0.08777083456516266,-0.052504777908325195,-5,-17,17,-123,-1,0,-0.023169668051921388
g17440.t1,G7VGC0,0.961,36.3,1,545,3.0138208508090467,276,105,164,39272.46484375,0.20173035562038422,0.22920948266983032,0.533074676990509,0.300033301115036,0.23304136097431183,481,61,5,54,-1,42,31,11,0.1944954128440367,0.10823741555213928,0.045046404004096985,0.04281196743249893,0.12480393797159195,0.004765162710100412,0.03598550334572792,0.042449772357940674,0.00041078991489484906,0.10319766402244568,0.057384833693504333,0.010844852775335312,0.05633876100182533,0.019635755568742752,0.020378410816192627,0.023535743355751038,0.0,0.03197179362177849,0.031424615532159805,0.043940961360931396,0.19683563709259033,1,545,3.1114144809062925,267,100,178,42473.96875,0.23611240088939667,0.20123665034770966,0.54942786693573,0.28058701753616333,0.26884084939956665,498,76,0,86,-20,45,43,2,0.21834862385321102,0.11998040229082108,0.034532543271780014,0.05779062584042549,0.14886043965816498,0.0,0.01322313491255045,0.03562918305397034,0.0176964420825243,0.12548382580280304,0.05014698952436447,0.028714867308735847,0.062908835709095,0.01891535148024559,0.04319306090474129,0.030751338228583336,0.0,0.014536838047206402,0.020200612023472786,0.022332359105348587,0.1551031768321991,0,-0.09759363009724575,9,5,-14,-3201.50390625,-0.03438204526901245,0.027972832322120667,-0.016353189945220947,-17,-15,5,-32,19,9,-0.023853211009174313
g16599.t1,G7VB76,0.9599,32.2,1,111,1.370954604937526,55,20,36,14863.111328125,0.23938480019569397,0.23204532265663147,0.5285698771476746,0.47354772686958313,0.05502215027809143,104,7,3,49,11,17,5,12,0.24324324324324326,0.04121357575058937,0.0036904311273247004,0.01138492114841938,0.013808570802211761,,0.0,0.06962050497531891,0.010854208841919899,0.12836645543575287,0.05492229387164116,0.0,0.12042268365621567,0.005210020113736391,0.02018882893025875,0.001060674898326397,0.0,0.027786774560809135,0.032275572419166565,0.11401324719190598,0.34518125653266907,1,101,1.260547859943311,48,19,34,13125.05859375,0.3003087639808655,0.16248029470443726,0.5038853883743286,0.372403085231781,0.1314823180437088,89,5,0,43,1,12,8,4,0.3465346534653465,0.021620377898216248,0.0077993376180529594,0.03098525106906891,0.10986193269491196,0.03257864713668823,0.03332551568746567,0.05593426153063774,0.0,0.15122821927070618,0.04756636917591095,0.00024583100457675755,0.07321593910455704,0.06923950463533401,0.029991380870342255,0.015794064849615097,,0.047471094876527786,0.0,0.051967374980449677,0.22117483615875244,10,0.11040674499421499,7,1,2,1738.052734375,-0.06092396378517151,0.06956502795219421,0.024684488773345947,15,2,3,6,10,8,-0.10329141022210325
g7348.t1,G7VBU7,0.9575,33.9,1,211,4.387062326047493,92,25,94,43882.13671875,0.16779989004135132,0.2780662477016449,0.5541338920593262,0.49709048867225647,0.0570434108376503,147,5,1,66,42,45,9,36,0.5355450236966824,0.02290736325085163,0.047930434346199036,0.015391241759061813,0.03413604199886322,0.0,,0.18564197421073914,0.02705814130604267,0.11761073023080826,0.008014503866434097,0.01224199216812849,0.04223275184631348,0.04080420732498169,0.009839281439781189,0.0030546309426426888,0.0,0.027609020471572876,0.01758412830531597,0.008463820442557335,0.3794797658920288,1,103,1.5149327677163933,18,28,57,16207.17578125,0.22064970433712006,0.08147541433572769,0.692747950553894,0.5048957467079163,0.18785221874713898,73,9,0,0,8,16,9,7,0.36893203883495146,0.025395549833774567,0.002986219944432378,0.04058907926082611,0.162456676363945,,0.00512689771130681,,,0.33813461661338806,0.034775685518980026,0.051634062081575394,0.07632215321063995,0.0,0.011944879777729511,0.006284366361796856,,0.045972924679517746,0.0123378811404109,0.019277870655059814,0.1667611449956894,108,2.8721295583310997,74,-3,37,27674.9609375,-0.05284981429576874,0.1965908333659172,-0.13861405849456787,74,-4,1,66,34,29,0.16661298486173098
g19137.t1,G7VHL2,0.9561,34.1,1,547,3.0639668593656313,189,100,258,49588.3984375,0.24886317551136017,0.23377810418605804,0.501091480255127,0.37438535690307617,0.1267060935497284,445,50,14,258,14,44,34,10,0.21937842778793418,0.052842237055301666,0.03320854529738426,0.01650989055633545,0.07386385649442673,0.00038421250064857304,0.01626734808087349,0.09430750459432602,0.06601881235837936,0.17422786355018616,0.06274323910474777,0.019323281943798065,0.04323422163724899,0.020886365324258804,0.01007789932191372,0.007385197561234236,0.0029584679286926985,0.026195121929049492,0.06898657232522964,0.010421904735267162,0.2001575082540512,1,491,2.4214084737544654,194,114,183,29208.2421875,0.15857373178005219,0.18358464539051056,0.6339672803878784,0.3711206912994385,0.26284658908843994,451,63,0,378,-3,36,32,4,0.15885947046843177,0.08554591983556747,0.008616424165666103,0.023401258513331413,0.17730067670345306,0.056211207062006,0.023874294012784958,0.0837770625948906,0.0048605469055473804,0.20821285247802734,0.0032035422045737505,0.013996565714478493,0.03583509474992752,0.004639613442122936,0.012085886672139168,0.012804931029677391,0.0,0.027741285040974617,0.03970593959093094,0.015279009938240051,0.16290785372257233,56,0.6425583856111658,-5,-14,75,20380.15625,0.09028944373130798,0.050193458795547485,-0.13287580013275146,-6,-13,14,-120,17,6,0.06051895731950241
g9582.t1,G7VI79,0.948,37.6,1,662,2.455538719520821,225,162,275,30119.490234375,0.21166224777698517,0.25988298654556274,0.48219841718673706,0.3267870843410492,0.15541133284568787,642,84,28,886,-3,28,24,4,0.13897280966767372,0.04606310650706291,0.07792972773313522,0.04229828715324402,0.10934823006391525,0.007605865132063627,0.04625634476542473,0.0967920646071434,0.008881594054400921,0.1548219472169876,0.008884035982191563,0.013570665381848812,0.019952263683080673,0.09702692180871964,0.015077739953994751,0.016182510182261467,0.0,0.04066315293312073,0.023203903809189796,0.0034765054006129503,0.171965092420578,1,635,2.4184295695667437,210,168,257,29830.306640625,0.20337660610675812,0.18293292820453644,0.5762902498245239,0.3381505608558655,0.23813971877098083,619,106,3,948,-3,38,29,9,0.13543307086614173,0.04103805869817734,0.010906899347901344,0.06516634672880173,0.1971016675233841,0.0029162969440221786,0.03740018606185913,0.03622254729270935,0.016224505379796028,0.14247436821460724,0.004326534923166037,0.020727908238768578,0.005818627774715424,0.1252240091562271,0.004048558417707682,0.018984287977218628,0.0,0.02409016154706478,0.03508515655994415,0.01656770519912243,0.19567614793777466,27,0.037109149954077214,15,-6,18,289.18359375,0.00828564167022705,0.0769500583410263,-0.09409183263778687,23,-22,25,-62,0,-5,0.003539738801531994
g1259.t1,G7VDP3,0.94,44.0,1,191,1.5445783784625133,66,46,79,17340.41796875,0.2100527137517929,0.3317936956882477,0.4260016083717346,0.2959679961204529,0.13003356754779816,170,18,2,69,0,16,10,6,0.2094240837696335,0.07866029441356659,0.013815322890877724,0.08731868863105774,0.05137326568365097,0.00037214168696664274,0.03215193375945091,0.17854464054107666,0.006136095616966486,0.05296057462692261,0.027081498876214027,0.0007273148512467742,0.1461212933063507,0.029432548210024834,0.0,0.031770866364240646,0.0,0.00018182871281169355,0.019972046837210655,0.00037214168696664274,0.24300743639469147,1,187,1.5389471574666878,72,53,62,17043.189453125,0.18837548792362213,0.26195552945137024,0.5496690273284912,0.3532579243183136,0.19641108810901642,174,28,0,194,0,20,15,5,0.23529411764705882,0.024428600445389748,0.019915826618671417,0.059906017035245895,0.17198249697685242,0.043358322232961655,0.0,0.08996187895536423,0.004147684667259455,0.13098666071891785,0.0,0.025557642802596092,0.06640419363975525,0.03710590675473213,0.0005679476307705045,0.022838285192847252,0.0,0.011233784258365631,0.03153255209326744,0.03780096769332886,0.22227124869823456,4,0.005631220995825581,-6,-7,17,297.228515625,0.021677225828170776,0.06983816623687744,-0.12366741895675659,-4,-10,2,-125,0,1,-0.025870033877425314
g7573.t2,G7VCX0,0.9393,35.8,1,297,2.7195429221342686,128,31,138,34608.01953125,0.16389073431491852,0.3022613823413849,0.5317035913467407,0.35679081082344055,0.17491279542446136,232,32,0,187,34,43,17,26,0.26936026936026936,0.035832442343235016,0.002051085699349642,0.08836228400468826,0.13908034563064575,,0.0021443169098347425,0.1326453685760498,0.03658458590507507,0.06630261242389679,0.013586243614554405,0.03519462049007416,0.03819870203733444,0.013518519699573517,0.011467433534562588,0.004455966409295797,0.0,0.015340633690357208,0.02716919407248497,0.04757744073867798,0.29048821330070496,1,205,1.9846508576635071,107,29,69,22667.193359375,0.12331334501504898,0.16177910566329956,0.7135165929794312,0.4982292652130127,0.21528732776641846,177,29,0,83,18,29,17,12,0.24390243902439024,0.02090749517083168,0.00042703296639956534,0.01870979182422161,0.19437983632087708,0.0,0.001390990917570889,0.1115596815943718,0.0011387545382604003,0.3274390399456024,0.004072816111147404,0.004555018153041601,0.0446733720600605,0.020348746329545975,0.0,0.030102401971817017,,0.0485246479511261,0.0002846886345651001,0.0006954954587854445,0.17079022526741028,92,0.7348920644707615,21,2,69,11940.826171875,0.04057738929986954,0.14048227667808533,-0.18181300163269043,55,3,0,104,16,14,0.025457830335879117
g17440.t1,G7VDH4,0.9389,36.7,1,545,3.0138208508090467,276,105,164,39272.46484375,0.20173035562038422,0.22920948266983032,0.533074676990509,0.300033301115036,0.23304136097431183,481,61,5,54,-1,42,31,11,0.1944954128440367,0.10823741555213928,0.045046404004096985,0.04281196743249893,0.12480393797159195,0.004765162710100412,0.03598550334572792,0.042449772357940674,0.00041078991489484906,0.10319766402244568,0.057384833693504333,0.010844852775335312,0.05633876100182533,0.019635755568742752,0.020378410816192627,0.023535743355751038,0.0,0.03197179362177849,0.031424615532159805,0.043940961360931396,0.19683563709259033,1,539,3.0836676269313332,262,101,176,41526.015625,0.20601153373718262,0.13807642459869385,0.6441577076911926,0.30836251378059387,0.33579519391059875,481,89,0,54,-10,48,41,7,0.20222634508348794,0.11064322292804718,0.03713554888963699,0.02676367200911045,0.2251519411802292,0.02654450386762619,0.011754452250897884,0.025538800284266472,0.034619785845279694,0.08726223558187485,0.0029525768477469683,0.01008143462240696,0.03960603103041649,0.04684540256857872,0.032322946935892105,0.026941513642668724,,0.01303883921355009,0.014751769602298737,0.006945117376744747,0.22110028564929962,6,-0.06984677612228651,14,4,-12,-2253.55078125,-0.004281178116798401,0.09113305807113647,-0.1110830307006836,0,-28,5,0,9,4,-0.0077309322394512325
g18248.t1,G7VGC0,0.9362,36.3,1,550,3.1460266816251785,266,93,191,43479.7578125,0.20037256181240082,0.1448494791984558,0.6263962984085083,0.3509387969970703,0.2754575312137604,480,70,10,97,-2,53,37,16,0.22181818181818183,0.06095419451594353,0.04576003551483154,0.013418666087090969,0.21450333297252655,0.0034135684836655855,0.02838156744837761,0.026840783655643463,0.0,0.10590158402919769,0.03567036613821983,0.023655438795685768,0.054390888661146164,0.03889322653412819,0.01981353759765625,0.02172616496682167,0.0,0.02453554794192314,0.03557591885328293,0.001527915126644075,0.24503719806671143,1,545,3.1114144809062925,267,100,178,42473.96875,0.23611240088939667,0.20123665034770966,0.54942786693573,0.28058701753616333,0.26884084939956665,498,76,0,86,-20,45,43,2,0.21834862385321102,0.11998040229082108,0.034532543271780014,0.05779062584042549,0.14886043965816498,0.0,0.01322313491255045,0.03562918305397034,0.0176964420825243,0.12548382580280304,0.05014698952436447,0.028714867308735847,0.062908835709095,0.01891535148024559,0.04319306090474129,0.030751338228583336,0.0,0.014536838047206402,0.020200612023472786,0.022332359105348587,0.1551031768321991,5,0.034612200718886044,-1,-7,13,1005.7890625,-0.03573983907699585,-0.056387171149253845,0.07696843147277832,-18,-6,10,11,18,14,0.0034695579649708097
g16757.t1,G7VGV9,0.9329,35.0,1,197,2.4973801951512273,97,10,90,28808.484375,0.15957318246364594,0.19550150632858276,0.6088588833808899,0.4035293757915497,0.2053295075893402,152,15,0,39,19,30,17,13,0.3299492385786802,0.053840335458517075,0.02678734064102173,0.008345458656549454,0.15148918330669403,0.0,0.0360664464533329,0.015460323542356491,0.024466685950756073,0.15276320278644562,0.05225507169961929,0.007478105835616589,0.0389733612537384,0.029567964375019073,0.004367995075881481,0.011800489388406277,,0.0024639968760311604,0.08555056154727936,0.04755733162164688,0.2507661283016205,1,159,1.7906199812678403,90,10,59,20329.23046875,0.2502043843269348,0.2214057594537735,0.5110090374946594,0.364078164100647,0.14693087339401245,137,23,0,15,17,20,8,12,0.2893081761006289,0.05446820333600044,0.02145492285490036,0.025853468105196953,0.09246265143156052,0.040980320423841476,0.01738075353205204,0.08746261149644852,0.0,0.1192617192864418,0.0549943670630455,0.0017241500318050385,0.11585332453250885,0.021743902936577797,0.0006348585011437535,0.020868375897407532,,0.014273461885750294,0.04354733228683472,0.02221905253827572,0.24481643736362457,38,0.7067602138833871,7,0,31,8479.25390625,-0.09063120186328888,-0.025904253125190735,0.09784984588623047,15,-8,0,24,2,1,0.04064106247805127
g9582.t1,G7VCF8,0.9329,35.0,1,662,2.455538719520821,225,162,275,30119.490234375,0.21166224777698517,0.25988298654556274,0.48219841718673706,0.3267870843410492,0.15541133284568787,642,84,28,886,-3,28,24,4,0.13897280966767372,0.04606310650706291,0.07792972773313522,0.04229828715324402,0.10934823006391525,0.007605865132063627,0.04625634476542473,0.0967920646071434,0.008881594054400921,0.1548219472169876,0.008884035982191563,0.013570665381848812,0.019952263683080673,0.09702692180871964,0.015077739953994751,0.016182510182261467,0.0,0.04066315293312073,0.023203903809189796,0.0034765054006129503,0.171965092420578,1,612,2.3905437123432707,205,168,239,29255.029296875,0.09422209858894348,0.2889801859855652,0.610419750213623,0.4184594750404358,0.19196024537086487,599,109,2,962,-2,44,37,7,0.1323529411764706,0.021126581355929375,0.021297909319400787,0.02293027751147747,0.17083367705345154,0.000882322492543608,0.006377961952239275,0.01859416998922825,0.0,0.28173407912254333,0.03021416999399662,0.0015164054930210114,0.006837999448180199,0.048793233931064606,0.0017244137125089765,0.09527530521154404,0.000220580623135902,0.0042535471729934216,0.06317563354969025,0.06748632341623306,0.13672539591789246,50,0.06499500717755025,20,-6,36,864.4609375,0.11744014918804169,-0.02909719944000244,-0.128221333026886,43,-25,26,-76,-1,-3,0.006619868491203135
g8346.t1,G7VDD0,0.9313,19.7,1,231,2.7802152612774296,62,51,118,30962.802734375,0.10334102809429169,0.3642672896385193,0.5208820700645447,0.4743519425392151,0.04653015732765198,165,10,1,132,36,42,4,38,0.341991341991342,0.017107678577303886,0.22966405749320984,0.013773642480373383,0.02942247875034809,0.0,0.01150957215577364,0.09124457836151123,0.005835601594299078,0.1970432549715042,0.04474698752164841,0.0,0.01705174520611763,0.012504860758781433,0.0,0.014552715234458447,0.00010553888569120318,0.023201834410429,0.01390133984386921,0.0010254414519295096,0.2773086726665497,1,131,1.9246973849637279,12,52,67,18972.05078125,0.19816771149635315,0.12291065603494644,0.6789215803146362,0.5701472759246826,0.10877428948879242,76,9,0,32,21,25,7,18,0.3511450381679389,0.009971466846764088,0.0,0.02847977727651596,0.09880281984806061,,,0.005338695365935564,0.0,0.3327045440673828,0.02823135443031788,0.045434873551130295,0.03519057109951973,0.07133406400680542,0.0,0.02257925644516945,,0.017976844683289528,0.046396054327487946,0.02011687681078911,0.2374427765607834,100,0.8555178763137017,50,-1,51,11990.751953125,-0.09482668340206146,0.24135663360357285,-0.15803951025009155,89,1,1,100,15,20,-0.009153696176596893
g9582.t1,G7VGI0,0.9308,35.1,1,662,2.455538719520821,225,162,275,30119.490234375,0.21166224777698517,0.25988298654556274,0.48219841718673706,0.3267870843410492,0.15541133284568787,642,84,28,886,-3,28,24,4,0.13897280966767372,0.04606310650706291,0.07792972773313522,0.04229828715324402,0.10934823006391525,0.007605865132063627,0.04625634476542473,0.0967920646071434,0.008881594054400921,0.1548219472169876,0.008884035982191563,0.013570665381848812,0.019952263683080673,0.09702692180871964,0.015077739953994751,0.016182510182261467,0.0,0.04066315293312073,0.023203903809189796,0.0034765054006129503,0.171965092420578,1,651,2.447889127161206,227,156,268,30173.25,0.17192769050598145,0.18497371673583984,0.626039981842041,0.35194024443626404,0.274099737405777,629,128,1,955,-4,35,35,0,0.1259600614439324,0.062161196023225784,0.0034483703784644604,0.025998039171099663,0.2119385153055191,0.008768587373197079,0.0170585997402668,0.06593067944049835,0.002994151785969734,0.17283928394317627,0.0018178779864683747,0.0033149539958685637,0.0015893824165686965,0.07716145366430283,0.03802184760570526,0.04738932475447655,0.0,0.03825942426919937,0.027254639193415642,0.014952689409255981,0.17910094559192657,11,0.007649592359614932,-2,6,7,-53.759765625,0.03973455727100372,0.0749092698097229,-0.14384156465530396,13,-44,27,-69,1,4,0.013012748223741322
g9582.t1,G7VCE8,0.9308,29.0,1,662,2.455538719520821,225,162,275,30119.490234375,0.21166224777698517,0.25988298654556274,0.48219841718673706,0.3267870843410492,0.15541133284568787,642,84,28,886,-3,28,24,4,0.13897280966767372,0.04606310650706291,0.07792972773313522,0.04229828715324402,0.10934823006391525,0.007605865132063627,0.04625634476542473,0.0967920646071434,0.008881594054400921,0.1548219472169876,0.008884035982191563,0.013570665381848812,0.019952263683080673,0.09702692180871964,0.015077739953994751,0.016182510182261467,0.0,0.04066315293312073,0.023203903809189796,0.0034765054006129503,0.171965092420578,1,629,2.401862303249589,197,163,269,29575.88671875,0.1507265418767929,0.28386130928993225,0.5595281720161438,0.34128275513648987,0.21824540197849274,611,112,1,780,-5,38,34,4,0.13195548489666137,0.03978700190782547,0.026305506005883217,0.002562684938311577,0.17845840752124786,0.0005330332205630839,0.005884016398340464,0.09613732993602753,0.0,0.19165897369384766,0.012131455354392529,0.020593857392668724,0.009310668334364891,0.05617087706923485,0.03754929080605507,0.04867831990122795,0.0,0.014437348581850529,0.08573933690786362,0.02443813346326351,0.1496237814426422,33,0.053676416271231986,28,-1,6,543.603515625,0.06093570590019226,-0.023978322744369507,-0.07732975482940674,31,-28,27,106,2,0,0.0070173247710123565
g9582.t1,G7VG80,0.9297,44.2,1,662,2.455538719520821,225,162,275,30119.490234375,0.21166224777698517,0.25988298654556274,0.48219841718673706,0.3267870843410492,0.15541133284568787,642,84,28,886,-3,28,24,4,0.13897280966767372,0.04606310650706291,0.07792972773313522,0.04229828715324402,0.10934823006391525,0.007605865132063627,0.04625634476542473,0.0967920646071434,0.008881594054400921,0.1548219472169876,0.008884035982191563,0.013570665381848812,0.019952263683080673,0.09702692180871964,0.015077739953994751,0.016182510182261467,0.0,0.04066315293312073,0.023203903809189796,0.0034765054006129503,0.171965092420578,1,670,2.469575113433284,220,158,292,31581.615234375,0.18692900240421295,0.1980932652950287,0.6071304678916931,0.3346478343009949,0.27248263359069824,638,118,1,987,-5,41,29,12,0.12388059701492538,0.06774542480707169,0.03183004632592201,0.05136752873659134,0.20473720133304596,0.0168374665081501,0.007847301661968231,0.034807685762643814,0.004093280993402004,0.08904237300157547,0.02104605920612812,0.0,0.03826693072915077,0.05127302557229996,0.023265743628144264,0.03018110617995262,0.0069504836574196815,0.03214649856090546,0.02721228450536728,0.015744145959615707,0.24560542404651642,-8,-0.01403639391246303,5,4,-17,-1462.125,0.024733245372772217,0.06178972125053406,-0.12493205070495605,4,-34,27,-101,2,-8,0.015092212652748349
g3990.t1,G7VBQ4,0.9278,44.0,1,259,2.329165429580628,33,64,162,25688.548828125,0.21137242019176483,0.22488658130168915,0.5184397101402283,0.3705098032951355,0.14792987704277039,177,22,3,88,30,28,10,18,0.22393822393822393,0.05692589655518532,0.016447022557258606,0.044828109443187714,0.09100398421287537,0.014444288797676563,0.04530131816864014,0.03141480311751366,0.008289765566587448,0.17696021497249603,0.051858339458703995,0.011178622953593731,0.07305411994457245,0.040894877165555954,0.005643521901220083,0.02053789049386978,0.0,0.00600887555629015,0.0009819116676226258,0.11067686229944229,0.19354960322380066,1,259,2.3414783146870692,37,59,163,26619.021484375,0.23463565111160278,0.29813575744628906,0.4256432354450226,0.2781660556793213,0.1474771797657013,163,12,1,21,26,23,11,12,0.2857142857142857,0.011371065862476826,0.03761090338230133,0.02503299154341221,0.13610610365867615,0.02275470644235611,0.041585344821214676,0.10111676901578903,0.0,0.1618678867816925,0.019682951271533966,0.04440192133188248,0.09574124217033386,0.03866111487150192,0.0066500818356871605,0.029371770098805428,0.0002455221547279507,0.0067436592653393745,0.035604044795036316,0.06915377825498581,0.11629816889762878,0,-0.01231288510644113,-4,5,-1,-930.47265625,-0.02326323091983795,-0.07324917614459991,0.09279647469520569,14,10,2,67,4,6,-0.061776061776061764
g7573.t1,G7VCX0,0.9257,33.4,1,224,2.3156935645587446,90,31,103,28181.84765625,0.2388809472322464,0.19548720121383667,0.5534380078315735,0.35842254757881165,0.19501544535160065,178,23,1,136,17,26,15,11,0.27232142857142855,0.06146948039531708,0.01507094781845808,0.0638958066701889,0.13354596495628357,,0.012193845584988594,0.024010302498936653,0.03246041014790535,0.13468128442764282,0.0017926907166838646,0.023236295208334923,0.05808843672275543,0.04024835675954819,0.03788546472787857,0.010480896569788456,0.007536967284977436,0.04516928270459175,0.023083828389644623,0.05140846222639084,0.2237412929534912,1,205,1.9846508576635071,107,29,69,22667.193359375,0.12331334501504898,0.16177910566329956,0.7135165929794312,0.4982292652130127,0.21528732776641846,177,29,0,83,18,29,17,12,0.24390243902439024,0.02090749517083168,0.00042703296639956534,0.01870979182422161,0.19437983632087708,0.0,0.001390990917570889,0.1115596815943718,0.0011387545382604003,0.3274390399456024,0.004072816111147404,0.004555018153041601,0.0446733720600605,0.020348746329545975,0.0,0.030102401971817017,,0.0485246479511261,0.0002846886345651001,0.0006954954587854445,0.17079022526741028,19,0.3310427068952375,-17,2,34,5514.654296875,0.11556760221719742,0.03370809555053711,-0.16007858514785767,1,-6,1,53,-1,-1,0.02841898954703831
g14118.t1,G7VBY8,0.9218,44.6,1,254,2.6220260721517694,119,25,110,33774.765625,0.266379177570343,0.22675377130508423,0.50486820936203,0.36377838253974915,0.1410898119211197,209,18,0,245,7,26,18,8,0.3425196850393701,0.043511345982551575,0.06847729533910751,0.05186079442501068,0.09757845848798752,0.000668718887027353,0.001998889958485961,0.019859209656715393,0.022341249510645866,0.13281136751174927,0.11641747504472733,0.0069628930650651455,0.06283312290906906,0.038831133395433426,0.0042814831249415874,0.008988352492451668,0.009727680124342442,0.014043097384274006,0.03569205105304718,0.03214838728308678,0.23096702992916107,1,211,1.8251027850673232,103,28,80,19818.32421875,0.19704008102416992,0.2621740698814392,0.5373780131340027,0.32574793696403503,0.21163007616996765,199,14,0,277,-2,19,17,2,0.24170616113744076,0.05300444737076759,0.018592292442917824,0.08710651844739914,0.15862563252449036,0.0,0.003407795215025544,0.07609458267688751,0.0076370444148778915,0.07324086874723434,0.012698885053396225,0.015303784050047398,0.05527924373745918,0.018496807664632797,0.07463692873716354,0.04946068674325943,,0.012987378984689713,0.006382337771356106,0.024537665769457817,0.2525070607662201,43,0.7969232870844463,16,-3,30,13956.44140625,0.0693390965461731,-0.03542029857635498,-0.032509803771972656,10,4,0,-32,9,6,0.10081352390192932
g89.t2,G7VGC0,0.9198,37.2,1,544,3.149346655683506,273,93,178,41669.0,0.17832554876804352,0.1901097446680069,0.5864114761352539,0.34060660004615784,0.24580487608909607,492,81,5,72,-6,48,42,6,0.20036764705882354,0.06970558315515518,0.02571803145110607,0.03801187500357628,0.1760992705821991,0.0,0.04515322670340538,0.05725620687007904,0.04238196462392807,0.172975093126297,0.017422374337911606,0.020426364615559578,0.04407702758908272,0.021371446549892426,0.014768476597964764,0.02429930865764618,0.0,0.01787790097296238,0.025965245440602303,0.01885908469557762,0.16763150691986084,1,545,3.1114144809062925,267,100,178,42473.96875,0.23611240088939667,0.20123665034770966,0.54942786693573,0.28058701753616333,0.26884084939956665,498,76,0,86,-20,45,43,2,0.21834862385321102,0.11998040229082108,0.034532543271780014,0.05779062584042549,0.14886043965816498,0.0,0.01322313491255045,0.03562918305397034,0.0176964420825243,0.12548382580280304,0.05014698952436447,0.028714867308735847,0.062908835709095,0.01891535148024559,0.04319306090474129,0.030751338228583336,0.0,0.014536838047206402,0.020200612023472786,0.022332359105348587,0.1551031768321991,-1,0.03793217477721367,6,-7,0,-804.96875,-0.05778685212135315,-0.011126905679702759,0.036983609199523926,-6,5,5,-14,14,4,-0.017980976794387482
g14823.t1,G7VHR2,0.9162,25.2,1,245,2.724753619006677,63,78,104,31516.515625,0.25102001428604126,0.15161371231079102,0.5934125185012817,0.5083645582199097,0.08504798263311386,185,17,3,103,24,38,15,23,0.2857142857142857,0.02030191197991371,0.04077284038066864,0.044156529009342194,0.06474605947732925,0.006329812575131655,0.00395374046638608,0.023885956034064293,0.03122478909790516,0.14134906232357025,0.0187578946352005,0.07197694480419159,0.06428726762533188,0.005937829148024321,0.0,0.019490525126457214,0.0,0.052505481988191605,0.009083166718482971,0.014224683865904808,0.3670154809951782,1,235,2.909202829354328,102,72,61,28608.32421875,0.28701525926589966,0.14843343198299408,0.5455166697502136,0.45434772968292236,0.09116896986961365,200,22,0,36,16,35,15,20,0.33617021276595743,0.025446509942412376,0.027170177549123764,0.0001106386844185181,0.06572245806455612,0.023347435519099236,0.019034668803215027,0.06148013472557068,0.02323339506983757,0.2161194235086441,0.015412766486406326,0.024891722947359085,0.08196663111448288,0.01669195480644703,0.05548689886927605,0.00872768647968769,,0.04598445072770119,0.043099164962768555,0.00784563459455967,0.23822826147079468,10,-0.18444921034765116,-39,6,43,2908.19140625,-0.0359952449798584,0.003180280327796936,0.047895848751068115,-15,-5,3,67,8,3,-0.050455927051671734
g16255.t1,G7VCW8,0.9156,30.9,1,133,2.144857704304464,28,12,93,20715.52734375,0.21841119229793549,0.08536121994256973,0.6962275505065918,0.5259143114089966,0.17031319439411163,87,9,1,78,27,28,6,22,0.38345864661654133,0.029658960178494453,0.015525294467806816,0.008842556737363338,0.14065423607826233,0.0,0.0,0.025581154972314835,0.02538806013762951,0.20030401647090912,0.01012407336384058,0.04641497880220413,0.06060704216361046,0.0048284041695296764,0.06764688342809677,0.005437219515442848,0.010258521884679794,0.0034017523285001516,0.005762934219092131,0.013953541405498981,0.32561030983924866,1,152,2.242838225513056,59,11,82,22158.953125,0.15704239904880524,0.212344691157341,0.6258771419525146,0.5443186163902283,0.08155843615531921,109,8,0,56,23,28,10,18,0.3223684210526316,0.028911316767334938,0.033281419426202774,0.010998688638210297,0.05264710634946823,0.0330023318529129,0.004735875874757767,0.10065406560897827,0.0,0.29947778582572937,0.0406249538064003,0.00043682745308615267,0.030704613775014877,0.020676499232649803,0.0064068022184073925,0.026238154619932175,,0.025190383195877075,0.03816436603665352,0.0030079970601946115,0.2448408603668213,-19,-0.09798052120859202,-31,1,11,-1443.42578125,0.06136879324913025,-0.12698347121477127,0.07035040855407715,-22,1,1,22,4,4,0.06109022556390975
g19604.t1,G7VB82,0.9125,41.0,1,146,2.028281823110018,60,31,55,21651.3671875,0.2616809010505676,0.17190800607204437,0.5664110779762268,0.47278282046318054,0.09362825006246567,125,21,0,31,19,24,7,17,0.3424657534246575,0.04228275269269943,0.01723228022456169,0.033588483929634094,0.05134548991918564,0.0,,0.019749173894524574,0.06899753212928772,0.29168254137039185,0.029573988169431686,0.0074982354417443275,0.07419469952583313,0.04023614153265953,0.0002980454883072525,0.004666802939027548,0.0,0.04088226333260536,0.017052212730050087,0.07961904257535934,0.1811002492904663,1,146,2.2848808648456025,58,29,59,24261.923828125,0.2749911844730377,0.2395375818014145,0.47689786553382874,0.3815070390701294,0.09539083391427994,103,15,0,35,15,23,6,17,0.3835616438356164,0.016244517639279366,0.03434908390045166,0.0035223939921706915,0.07914631813764572,0.0,0.008573411963880062,0.06538078933954239,0.0,0.1903959959745407,0.035906776785850525,0.018618328496813774,0.11211461573839188,0.05972637981176376,0.02057979814708233,0.01311427541077137,,0.028045307844877243,0.04145725816488266,0.08171375840902328,0.1911110281944275,0,-0.25659904173558434,2,2,-4,-2610.556640625,-0.013310283422470093,-0.06762957572937012,0.08951321244239807,22,6,0,-4,4,0,-0.0410958904109589
g18248.t1,G7VDH4,0.9124,38.4,1,550,3.1460266816251785,266,93,191,43479.7578125,0.20037256181240082,0.1448494791984558,0.6263962984085083,0.3509387969970703,0.2754575312137604,480,70,10,97,-2,53,37,16,0.22181818181818183,0.06095419451594353,0.04576003551483154,0.013418666087090969,0.21450333297252655,0.0034135684836655855,0.02838156744837761,0.026840783655643463,0.0,0.10590158402919769,0.03567036613821983,0.023655438795685768,0.054390888661146164,0.03889322653412819,0.01981353759765625,0.02172616496682167,0.0,0.02453554794192314,0.03557591885328293,0.001527915126644075,0.24503719806671143,1,539,3.0836676269313332,262,101,176,41526.015625,0.20601153373718262,0.13807642459869385,0.6441577076911926,0.30836251378059387,0.33579519391059875,481,89,0,54,-10,48,41,7,0.20222634508348794,0.11064322292804718,0.03713554888963699,0.02676367200911045,0.2251519411802292,0.02654450386762619,0.011754452250897884,0.025538800284266472,0.034619785845279694,0.08726223558187485,0.0029525768477469683,0.01008143462240696,0.03960603103041649,0.04684540256857872,0.032322946935892105,0.026941513642668724,,0.01303883921355009,0.014751769602298737,0.006945117376744747,0.22110028564929962,11,0.062359054693845284,4,-8,15,1953.7421875,-0.005638971924781799,0.006773054599761963,-0.017761409282684326,-1,-19,10,43,8,9,0.01959183673469389
g12109.t2,G7VDC7,0.9116,31.6,1,160,2.622392035098308,33,34,93,30858.55078125,0.3216227889060974,0.17495572566986084,0.477888822555542,0.4443657398223877,0.033523079007864,87,6,0,34,25,26,7,19,0.4125,0.00010217543604085222,0.03177787363529205,0.02681606635451317,0.033420905470848083,0.002091184491291642,0.025532672181725502,0.03177165240049362,0.010246804915368557,0.2691367566585541,0.13359373807907104,0.003709305077791214,0.05370178818702698,0.09525346010923386,0.005646198056638241,0.027645133435726166,0.0,0.01738034188747406,0.009262535721063614,0.047682471573352814,0.17522898316383362,1,100,1.5110981247370023,19,30,51,16407.6640625,0.2321927547454834,0.22495561838150024,0.5361655950546265,0.45739510655403137,0.07877050340175629,61,10,0,46,14,17,2,15,0.35,0.057824473828077316,0.008996525779366493,0.0007686617318540812,0.02094603143632412,,0.006686056964099407,0.020627886056900024,,0.24049343168735504,0.05053872615098953,0.04894249513745308,0.09532199054956436,0.03129342943429947,0.00039329746505245566,0.026433244347572327,,0.005702813155949116,0.12853361666202545,0.03959565982222557,0.21690165996551514,60,1.1112939103613055,14,4,42,14450.88671875,0.08943003416061401,-0.049999892711639404,-0.05827677249908447,26,-4,0,-12,11,4,0.0625
g18246.t1,G7VE28,0.9046,49.0,1,151,2.024442043339488,36,36,79,22806.216796875,0.25544631481170654,0.16739384829998016,0.5771598219871521,0.4468950033187866,0.13026483356952667,100,8,3,38,9,21,10,11,0.304635761589404,0.060714833438396454,0.07055679708719254,0.029125316068530083,0.06955000758171082,,0.0,0.03285219520330429,0.0022636258509010077,0.2552477717399597,0.045976672321558,0.0,0.08620937913656235,0.06391150504350662,0.019757898524403572,0.008272933773696423,0.0,0.03732724487781525,0.0004244298324920237,0.026162164285779,0.1916472464799881,1,141,2.1133593132007706,34,34,73,22407.25390625,0.2818763256072998,0.21605604887008667,0.45354166626930237,0.356426864862442,0.09711476415395737,93,4,0,2,11,18,5,13,0.3120567375886525,0.04405621439218521,0.026327764615416527,0.0,0.053058549761772156,0.01659943163394928,0.04852600395679474,0.15991923213005066,,0.2668500244617462,0.0040318770334124565,0.06185019761323929,0.09658419340848923,0.03168186917901039,0.03495436906814575,0.0060801939107477665,,0.03617437183856964,0.019788870587944984,0.003939956426620483,0.0895768478512764,10,-0.08891726986128257,2,2,6,398.962890625,-0.02643001079559326,-0.048662200570106506,0.12361815571784973,7,4,3,36,-2,-2,-0.007420975999248514
g14312.t1,G7VBR3,0.9037,35.1,1,309,2.905674307403476,95,32,182,40345.015625,0.23261430859565735,0.4831660985946655,0.28295978903770447,0.1173657774925232,0.16559401154518127,198,23,9,130,-5,16,18,-2,0.33980582524271846,0.031105749309062958,0.20841585099697113,0.044698383659124374,0.1344882696866989,0.0,0.0012598104076460004,0.13929307460784912,7.815056596882641e-05,0.0892835408449173,0.07091832160949707,0.010461987927556038,0.01762891560792923,0.05706486105918884,0.04477836191654205,0.025679221376776695,0.0,0.03168373182415962,0.01483452320098877,0.050245024263858795,0.028082240372896194,1,208,1.7256895077720087,76,30,102,20568.81640625,0.27364495396614075,0.24027656018733978,0.47294941544532776,0.31168773770332336,0.161261647939682,175,21,3,109,3,16,15,1,0.22115384615384615,0.06548018753528595,0.06583116203546524,0.05287659168243408,0.09578146040439606,0.0,0.013129008002579212,0.07235780358314514,0.008074772544205189,0.16249503195285797,0.04407932236790657,0.013283534906804562,0.10682383179664612,0.09905195236206055,0.0009411955252289772,0.016402481123805046,0.0,0.0013903353828936815,0.01229584775865078,0.020512687042355537,0.1491927206516266,101,1.1799847996314672,19,2,80,19776.19921875,-0.0410306453704834,0.24288953840732574,-0.1899896264076233,23,2,6,21,-8,-3,0.11865197908887232
g10690.t1,G7VGW4,0.902,26.0,1,187,2.1213994932845908,39,81,67,21746.30859375,0.17932699620723724,0.06933891773223877,0.7138857245445251,0.606195330619812,0.10769044607877731,137,20,1,45,20,32,7,25,0.2620320855614973,0.04559096321463585,0.002626724075525999,0.007858047261834145,0.06209946796298027,0.029343824833631516,0.03744833916425705,0.04336528480052948,0.0016320934519171715,0.2718636393547058,0.014085204340517521,0.01394698116928339,0.05657052993774414,0.036586564034223557,0.019585121423006058,0.011864127591252327,0.0,0.007576662115752697,0.0036247367970645428,0.0,0.3343316614627838,1,196,2.1455919277632645,46,91,59,22065.01171875,0.15087999403476715,0.17335061728954315,0.6250646710395813,0.41824477910995483,0.20681992173194885,150,29,0,59,6,27,13,14,0.29591836734693877,0.03543803095817566,0.020414479076862335,0.029109489172697067,0.1713818907737732,0.0,0.05070473253726959,0.029398785904049873,0.015792738646268845,0.14721128344535828,0.021259430795907974,0.013950853608548641,0.037075601518154144,0.04483519122004509,0.0008573716622777283,0.02986358106136322,,0.017108799889683723,0.049443136900663376,0.01512114517390728,0.27103346586227417,-9,-0.024192434478673697,-7,-10,8,-318.703125,0.028447002172470093,-0.10401169955730438,0.08882105350494385,-13,-9,1,-14,14,11,-0.03388628178544145
g126.t2,G7VI55,0.9005,41.9,1,208,2.2003923981262967,51,59,98,24601.044921875,0.2603777050971985,0.06380213052034378,0.6378771066665649,0.5460005402565002,0.0918765738606453,157,21,9,86,27,32,10,22,0.2403846153846154,0.047444865107536316,0.0019673227798193693,0.009407195262610912,0.04443170130252838,0.0034100261982530355,0.0379430428147316,0.01762552373111248,0.00813160091638565,0.31060707569122314,0.09591658413410187,0.006253570783883333,0.04553479328751564,0.020329002290964127,0.03193898871541023,0.006946217734366655,0.006571150850504637,0.04886312782764435,0.0027034194208681583,0.01858130469918251,0.2353934943675995,1,181,1.9323665080473649,51,50,80,20049.958984375,0.27214452624320984,0.133059561252594,0.5548797845840454,0.4366544187068939,0.11822535842657089,135,22,0,104,13,21,8,13,0.27071823204419887,0.06022239476442337,0.014461265876889229,0.0026837054174393415,0.05800296366214752,,0.03991612046957016,0.023682240396738052,0.0012874027015641332,0.2853381037712097,0.03812096267938614,0.0008046266157180071,0.07106957584619522,0.05036178603768349,0.0,0.038141462951898575,0.0,0.11050015687942505,0.009955356828868389,0.044135548174381256,0.1513163298368454,27,0.26802589007893185,0,9,18,4551.0859375,-0.011766821146011353,-0.06925743073225021,0.08299732208251953,22,-1,9,-18,14,9,-0.03033361665958348
g9659.t1,G7VF59,0.8929,34.4,1,411,5.047028024967083,179,32,200,55979.94921875,0.14776694774627686,0.1657632440328598,0.6598882079124451,0.5649566650390625,0.09493153542280197,289,32,2,87,60,75,17,58,0.3284671532846715,0.03511975333094597,0.018380574882030487,0.021589025855064392,0.059811782091856,0.008159319870173931,0.026581596583127975,0.04609902575612068,0.02098006382584572,0.24479930102825165,0.0242560226470232,0.012795532122254372,0.01919170282781124,0.02134673111140728,0.0221196748316288,0.03661646321415901,0.008264079689979553,0.018917890265583992,0.01624291203916073,0.018571164458990097,0.32015737891197205,1,282,2.8467549503217002,93,35,154,31352.56640625,0.23017440736293793,0.20173422992229462,0.5521408915519714,0.4108269214630127,0.14131391048431396,197,20,1,24,21,32,15,17,0.2695035460992908,0.04859926179051399,0.0,0.041163455694913864,0.09271465241909027,0.010302101261913776,0.015950502827763557,0.02663150243461132,0.009753149002790451,0.18770013749599457,0.06890861690044403,0.0322948582470417,0.06405588239431381,0.019415121525526047,0.010805729776620865,0.044914498925209045,0.0,0.014638948254287243,0.04274194315075874,0.046282850205898285,0.22312676906585693,129,2.2002730746453825,86,-3,46,24627.3828125,-0.08240745961666107,-0.035970985889434814,0.10774731636047363,92,12,1,63,39,41,0.05896360718538074
g11355.t1,G7VGA1,0.8895,39.4,1,220,1.9654968528649903,71,52,97,21077.068359375,0.1808115839958191,0.2630024552345276,0.5548344254493713,0.38975587487220764,0.1650785505771637,198,26,3,112,3,21,14,7,0.24545454545454545,0.11149974912405014,0.05743618682026863,0.06796625256538391,0.05357879400253296,0.0,0.0013515488244593143,0.06190674751996994,0.0,0.04430197551846504,0.0024493320379406214,0.001530832494609058,0.07759951055049896,0.08545439690351486,0.0,0.004129758104681969,0.0071318200789391994,0.013777492567896843,0.023420779034495354,0.041010912507772446,0.3454539477825165,1,223,2.0877461217330024,71,51,101,23074.06640625,0.24776390194892883,0.2682829797267914,0.4783506393432617,0.3093469440937042,0.1690036654472351,193,28,2,372,0,20,19,1,0.29596412556053814,0.08809585869312286,0.044978827238082886,0.036507733166217804,0.08090780675411224,0.015925157815217972,0.005602499004453421,0.06550998985767365,0.03598479926586151,0.0641150251030922,0.005831596907228231,0.007112421561032534,0.07429318130016327,0.05513891205191612,0.00013983431563246995,0.039217639714479446,0.0010931703727692366,0.053338002413511276,0.014484946615993977,0.06649067997932434,0.24523189663887024,-3,-0.12224926886801213,0,1,-4,-1996.998046875,-0.06695231795310974,-0.005280524492263794,0.07648378610610962,5,-2,1,-260,3,6,-0.050509580105992685
g126.t1,G7VI55,0.8894,41.9,1,229,2.4633427843142655,47,57,125,30513.638671875,0.3450966477394104,0.10918689519166946,0.49182918667793274,0.4113706648349762,0.08045853674411774,157,22,8,87,29,31,12,19,0.29694323144104806,0.038970015943050385,0.0009372056229040027,0.018862545490264893,0.04148852080106735,0.0024320457596331835,0.0538872592151165,0.015970857813954353,0.06405742466449738,0.22543281316757202,0.0662880539894104,0.004085331689566374,0.08127105981111526,0.022099893540143967,0.06486959755420685,0.016747405752539635,0.016063863411545753,0.03999326005578041,0.017766255885362625,0.022838754579424858,0.18593785166740417,1,181,1.9323665080473649,51,50,80,20049.958984375,0.27214452624320984,0.133059561252594,0.5548797845840454,0.4366544187068939,0.11822535842657089,135,22,0,104,13,21,8,13,0.27071823204419887,0.06022239476442337,0.014461265876889229,0.0026837054174393415,0.05800296366214752,,0.03991612046957016,0.023682240396738052,0.0012874027015641332,0.2853381037712097,0.03812096267938614,0.0008046266157180071,0.07106957584619522,0.05036178603768349,0.0,0.038141462951898575,0.0,0.11050015687942505,0.009955356828868389,0.044135548174381256,0.1513163298368454,48,0.5309762762669006,-4,7,45,10463.6796875,0.07295212149620056,-0.02387266606092453,-0.06305059790611267,22,0,8,-17,16,6,0.02622499939684919
g89.t2,G7VDH4,0.8822,36.2,1,544,3.149346655683506,273,93,178,41669.0,0.17832554876804352,0.1901097446680069,0.5864114761352539,0.34060660004615784,0.24580487608909607,492,81,5,72,-6,48,42,6,0.20036764705882354,0.06970558315515518,0.02571803145110607,0.03801187500357628,0.1760992705821991,0.0,0.04515322670340538,0.05725620687007904,0.04238196462392807,0.172975093126297,0.017422374337911606,0.020426364615559578,0.04407702758908272,0.021371446549892426,0.014768476597964764,0.02429930865764618,0.0,0.01787790097296238,0.025965245440602303,0.01885908469557762,0.16763150691986084,1,539,3.0836676269313332,262,101,176,41526.015625,0.20601153373718262,0.13807642459869385,0.6441577076911926,0.30836251378059387,0.33579519391059875,481,89,0,54,-10,48,41,7,0.20222634508348794,0.11064322292804718,0.03713554888963699,0.02676367200911045,0.2251519411802292,0.02654450386762619,0.011754452250897884,0.025538800284266472,0.034619785845279694,0.08726223558187485,0.0029525768477469683,0.01008143462240696,0.03960603103041649,0.04684540256857872,0.032322946935892105,0.026941513642668724,,0.01303883921355009,0.014751769602298737,0.006945117376744747,0.22110028564929962,5,0.06567902875217291,11,-8,2,142.984375,-0.0276859849691391,0.05203332006931305,-0.05774623155593872,11,-8,5,18,4,-1,-0.0018586980246644014
g7479.t2,G7VBY8,0.8748,35.6,1,192,1.6386317911069535,104,23,65,17331.380859375,0.19094640016555786,0.40771400928497314,0.3921232223510742,0.276321679353714,0.11580157279968262,194,14,0,339,0,16,14,2,0.2604166666666667,0.018044382333755493,0.07742227613925934,0.1947356015443802,0.09775718301534653,0.0,0.00921634491533041,0.07464759051799774,0.05789820849895477,0.0316370464861393,0.0,0.00037233575130812824,0.03694372624158859,0.09443321079015732,0.0,0.033391375094652176,0.0,0.0012989308452233672,0.008385459892451763,0.019131679087877274,0.244684636592865,1,211,1.8251027850673232,103,28,80,19818.32421875,0.19704008102416992,0.2621740698814392,0.5373780131340027,0.32574793696403503,0.21163007616996765,199,14,0,277,-2,19,17,2,0.24170616113744076,0.05300444737076759,0.018592292442917824,0.08710651844739914,0.15862563252449036,0.0,0.003407795215025544,0.07609458267688751,0.0076370444148778915,0.07324086874723434,0.012698885053396225,0.015303784050047398,0.05527924373745918,0.018496807664632797,0.07463692873716354,0.04946068674325943,,0.012987378984689713,0.006382337771356106,0.024537665769457817,0.2525070607662201,-19,-0.1864709939603697,1,-5,-15,-2486.943359375,-0.0060936808586120605,0.14553993940353394,-0.14525479078292847,-5,0,0,62,2,0,0.01871050552922593
g16310.t1,G7VDJ4,0.8747,39.5,1,435,2.320556812092378,166,89,180,30792.310546875,0.1490073800086975,0.3049319386482239,0.5047375559806824,0.28843241930007935,0.21630510687828064,403,44,11,74,4,24,17,7,0.18620689655172415,0.05485822260379791,0.048811379820108414,0.02434893697500229,0.16144688427448273,0.009568474255502224,0.04132314398884773,0.15040434896945953,0.004381823353469372,0.08392966538667679,0.013621940277516842,0.014326762408018112,0.04029974713921547,0.041468244045972824,0.008592300117015839,0.021323151886463165,0.0,0.016748085618019104,0.021403977647423744,0.03864015266299248,0.20450274646282196,1,392,2.0764333101901844,156,87,149,25387.5078125,0.22254660725593567,0.1464560180902481,0.6252092719078064,0.43115440011024475,0.19405485689640045,381,46,2,169,-3,31,18,13,0.14795918367346939,0.07467059791088104,0.01018144004046917,0.013909770175814629,0.11938425898551941,0.047795213758945465,0.0057882219552993774,0.02727838233113289,0.009404799900949001,0.13661210238933563,0.022084614261984825,0.01974230632185936,0.047854453325271606,0.0026631345972418785,0.059830907732248306,0.0808529257774353,0.0,0.013171195983886719,0.0021113043185323477,0.012122190557420254,0.2945422828197479,43,0.24412350190219367,10,2,31,5404.802734375,-0.07353922724723816,0.15847592055797577,-0.12047171592712402,22,-2,9,-95,7,-6,0.038247712878254764
g16310.t1,G7VAN5,0.8739,37.9,1,435,2.320556812092378,166,89,180,30792.310546875,0.1490073800086975,0.3049319386482239,0.5047375559806824,0.28843241930007935,0.21630510687828064,403,44,11,74,4,24,17,7,0.18620689655172415,0.05485822260379791,0.048811379820108414,0.02434893697500229,0.16144688427448273,0.009568474255502224,0.04132314398884773,0.15040434896945953,0.004381823353469372,0.08392966538667679,0.013621940277516842,0.014326762408018112,0.04029974713921547,0.041468244045972824,0.008592300117015839,0.021323151886463165,0.0,0.016748085618019104,0.021403977647423744,0.03864015266299248,0.20450274646282196,1,416,2.179095941078976,169,91,156,29616.71484375,0.20538371801376343,0.23782481253147125,0.5496261119842529,0.3026648759841919,0.24696117639541626,376,51,1,129,-4,26,29,-3,0.18509615384615385,0.07726839184761047,0.07226572185754776,0.015170007944107056,0.16969279944896698,0.008478941395878792,0.007165415678173304,0.04461291804909706,0.0021788685116916895,0.0954737588763237,0.016777286306023598,0.013553010299801826,0.07485758513212204,0.04935847595334053,0.005751306191086769,0.023845579475164413,0.0,0.03442826122045517,0.01710343547165394,0.06482717394828796,0.2071911245584488,19,0.1414608710134022,-3,-2,24,1175.595703125,-0.05637633800506592,0.06710712611675262,-0.04488855600357056,27,-7,10,-55,8,10,0.0011107427055702945
g7479.t1,G7VBY8,0.873,35.8,1,196,1.6664771428489458,104,23,69,17998.828125,0.25062841176986694,0.38030195236206055,0.36745625734329224,0.2674902379512787,0.09996604919433594,190,14,0,354,1,15,12,3,0.23979591836734693,0.017041238024830818,0.07247363775968552,0.17541499435901642,0.08292480558156967,0.0,0.0016133782919496298,0.06923211365938187,0.06328027695417404,0.024460917338728905,0.05931730940937996,0.0005377927445806563,0.03566126525402069,0.09076026827096939,0.0,0.026258522644639015,0.0,0.0010714984964579344,0.017123540863394737,0.019799120724201202,0.24302928149700165,1,211,1.8251027850673232,103,28,80,19818.32421875,0.19704008102416992,0.2621740698814392,0.5373780131340027,0.32574793696403503,0.21163007616996765,199,14,0,277,-2,19,17,2,0.24170616113744076,0.05300444737076759,0.018592292442917824,0.08710651844739914,0.15862563252449036,0.0,0.003407795215025544,0.07609458267688751,0.0076370444148778915,0.07324086874723434,0.012698885053396225,0.015303784050047398,0.05527924373745918,0.018496807664632797,0.07463692873716354,0.04946068674325943,,0.012987378984689713,0.006382337771356106,0.024537665769457817,0.2525070607662201,-15,-0.15862564221837738,1,-5,-11,-1819.49609375,0.05358833074569702,0.11812788248062134,-0.16992175579071045,-9,0,0,77,3,1,-0.0019102427700938285
g1098.t1,G7VH22,0.8714,31.2,1,105,2.280636788113884,50,14,41,18679.0546875,0.3933548331260681,0.22499532997608185,0.3554249405860901,0.24214130640029907,0.11328364908695221,79,8,6,139,3,8,6,2,0.49523809523809526,0.03814833611249924,0.03512788936495781,0.05511565878987312,0.07513530552387238,0.00431840168312192,0.026224952191114426,0.09261953830718994,0.08368641138076782,0.0681193619966507,0.10502352565526962,0.021937478333711624,0.06475234031677246,0.050093457102775574,0.042147599160671234,0.014464530162513256,0.011085588485002518,0.021395644173026085,0.005692413542419672,0.010889706201851368,0.174021914601326,1,58,1.1344879967490615,16,16,26,11612.4697265625,0.20068570971488953,0.12433920800685883,0.3905562162399292,0.2935675382614136,0.09698867797851562,37,6,3,145,2,8,4,4,0.46551724137931033,0.0,0.01278118509799242,0.008722174912691116,0.09698867797851562,,0.28441888093948364,0.01793280802667141,0.0,,0.04318652302026749,0.0,0.12293874472379684,0.025391338393092155,0.009169111028313637,0.04002579674124718,0.0024436551611870527,0.0,0.017775313928723335,0.024658264592289925,0.2935675382614136,47,1.1461487913648223,34,-2,15,7066.5849609375,0.1926691234111786,0.10065612196922302,-0.03513127565383911,42,2,3,-6,1,-2,0.029720853858784924
g5143.t1,G7VB80,0.8693,35.1,1,157,2.3393191713766366,52,7,98,24988.287109375,0.18236006796360016,0.1605941653251648,0.6408818364143372,0.5511572360992432,0.08972473442554474,95,3,2,32,37,31,5,26,0.3503184713375796,0.05224675312638283,0.025374876335263252,0.051380399614572525,0.037477973848581314,,0.01616382971405983,0.0073457565158605576,0.01032978855073452,0.38349735736846924,0.03814367577433586,0.012653988786041737,0.08211150020360947,0.020401330664753914,0.01871979609131813,0.01907440461218357,0.0,0.0,0.030416131019592285,0.027002613991498947,0.16765981912612915,1,88,1.3010394032473191,29,27,32,13847.17578125,0.17067308723926544,0.08854342252016068,0.7407834529876709,0.5567603707313538,0.1840231567621231,60,10,0,0,7,12,7,5,0.32954545454545453,0.02595766820013523,0.0067573231644928455,0.003428699914366007,0.15806549787521362,,,0.05005901679396629,0.0034951670095324516,0.40849050879478455,0.031689517199993134,0.01770884543657303,0.018935762345790863,0.05303623154759407,0.010485501028597355,0.004845398012548685,,0.03532207012176514,0.02345298044383526,,0.14826983213424683,69,1.0382797681293174,23,-20,66,11141.111328125,0.011686980724334717,0.07205074280500412,-0.09990161657333374,35,-7,2,32,30,21,0.020773016792125065
g6110.t1,G7VGV8,0.8674,39.5,1,156,2.0199289067783317,59,12,85,20548.259765625,0.20809006690979004,0.09770672023296356,0.647406816482544,0.5534389019012451,0.09396795183420181,114,24,0,78,20,25,8,17,0.28205128205128205,0.043024882674217224,0.018989024683833122,0.05045280233025551,0.05094306915998459,0.06353987008333206,0.046796299517154694,0.011075207963585854,0.0021482014562934637,0.23459652066230774,0.025212660431861877,0.015074193477630615,0.04897748678922653,0.010363508015871048,0.032253630459308624,0.009182010777294636,0.0,0.010520529933273792,0.001081260503269732,0.00692641269415617,0.3188423812389374,1,149,2.2790434918678364,66,12,71,23293.28125,0.2807597517967224,0.11894528567790985,0.5876434445381165,0.47984302043914795,0.10780049115419388,101,15,0,55,12,17,8,9,0.3624161073825503,0.02100927010178566,0.039564844220876694,0.016971897333860397,0.08679122477769852,0.07301545143127441,0.012651489116251469,0.0033997376449406147,0.005713555961847305,0.11507662385702133,0.03731783851981163,0.02340959571301937,0.038929231464862823,0.012919665314257145,0.028396258130669594,0.031114675104618073,0.0,0.061058159917593,0.009812260046601295,0.018081871792674065,0.3647664189338684,7,-0.2591145850895047,-7,0,14,-2745.021484375,-0.07266968488693237,-0.02123856544494629,0.05976337194442749,13,9,0,23,8,8,-0.08036482533126826
g12290.t2,G7VET4,0.8649,33.7,1,173,2.2155522676809487,75,19,79,25286.88671875,0.38806575536727905,0.15232513844966888,0.44641661643981934,0.4092274308204651,0.037189193069934845,113,7,0,64,22,27,4,23,0.31213872832369943,0.01025646273046732,0.04558063670992851,0.022149011492729187,0.0269327312707901,0.0006379880360327661,0.013192502781748772,0.02902390994131565,0.0011483784765005112,0.24885843694210052,0.07740229368209839,0.0,0.09061604738235474,0.10844804346561432,0.0965428501367569,0.0046425675973296165,0.0,0.013270151801407337,0.035009197890758514,0.01591981016099453,0.16036896407604218,1,158,1.8188001940782543,82,15,61,19909.46484375,0.1820281445980072,0.10109797865152359,0.7128440737724304,0.5276505351066589,0.18519337475299835,117,9,0,75,18,27,9,18,0.2911392405063291,0.03507651761174202,0.04253704100847244,0.00886850617825985,0.15011687576770782,0.007292741443961859,0.004029950127005577,0.028607048094272614,0.0322464294731617,0.20874442160129547,0.0,0.029333027079701424,0.034387458115816116,0.05655926465988159,0.0,0.005996254272758961,,0.022209228947758675,0.0011085632722824812,0.013980560936033726,0.31890618801116943,15,0.3967520736026944,-7,4,18,5377.421875,0.20603761076927185,0.051227159798145294,-0.2664274573326111,-4,-2,0,-11,4,5,0.02099948781737032
g1082.t1,G7VDY1,0.8632,31.5,1,185,2.5258546201278564,48,43,94,28348.470703125,0.16636575758457184,0.08881130814552307,0.6678089499473572,0.5551813840866089,0.11262751370668411,138,15,8,11,23,31,10,21,0.31891891891891894,0.002452083397656679,0.01699439249932766,0.0041277119889855385,0.11017542332410812,0.00022763459128327668,0.07701397687196732,0.0037957660388201475,0.021511467173695564,0.20386257767677307,0.0,0.005121778231114149,0.04393208399415016,0.045299284160137177,0.021819185465574265,0.02441323734819889,0.0,0.02845432236790657,0.011606411077082157,0.02787378802895546,0.3513188362121582,1,188,1.8567324669309055,64,48,76,21112.30859375,0.30606719851493835,0.06611940264701843,0.5596778988838196,0.42237547039985657,0.13730241358280182,148,24,0,46,17,26,7,19,0.2553191489361702,0.0005973739316686988,0.0062659368850290775,0.013180949725210667,0.13670505583286285,0.00015282773529179394,0.06813551485538483,0.0,0.11978277564048767,0.1760595738887787,0.01756822131574154,0.009780974127352238,0.07203546166419983,0.03344140201807022,0.014060151763260365,0.04607514292001724,,0.0392453670501709,0.0005973739316686988,0.0,0.24631592631340027,-3,0.6691221531969509,-16,-5,18,7236.162109375,-0.13970144093036652,0.02269190549850464,0.1081310510635376,-10,-9,8,-35,6,2,0.06359976998274874
g11355.t1,G7VHI5,0.8551,22.8,1,220,1.9654968528649903,71,52,97,21077.068359375,0.1808115839958191,0.2630024552345276,0.5548344254493713,0.38975587487220764,0.1650785505771637,198,26,3,112,3,21,14,7,0.24545454545454545,0.11149974912405014,0.05743618682026863,0.06796625256538391,0.05357879400253296,0.0,0.0013515488244593143,0.06190674751996994,0.0,0.04430197551846504,0.0024493320379406214,0.001530832494609058,0.07759951055049896,0.08545439690351486,0.0,0.004129758104681969,0.0071318200789391994,0.013777492567896843,0.023420779034495354,0.041010912507772446,0.3454539477825165,1,162,1.4768935116705038,54,40,68,15633.001953125,0.3482266962528229,0.14705871045589447,0.4939531981945038,0.3996332883834839,0.09431996196508408,163,33,1,136,0,15,10,5,0.2777777777777778,0.06101323664188385,0.00020639326248783618,0.04339199513196945,0.03330672159790993,0.0,0.010761439800262451,0.0,0.047151125967502594,0.0911107286810875,0.11100127547979355,0.007959933951497078,0.05286835506558418,0.036531608551740646,0.02063932456076145,0.050221554934978485,0.0,0.07207506150007248,0.03049914538860321,0.022739607840776443,0.3085225522518158,58,0.48860334119448656,17,12,29,5444.06640625,-0.16741511225700378,0.11594374477863312,0.060881227254867554,35,-7,2,-24,3,2,-0.03232323232323234
g15161.t1,G7VFJ6,0.8475,25.7,1,833,3.8714640830682376,327,138,368,69203.5859375,0.21048109233379364,0.2842336595058441,0.5052852630615234,0.25953903794288635,0.24574624001979828,674,89,12,297,-15,59,55,4,0.19447779111644659,0.11414264142513275,0.018935419619083405,0.03385915607213974,0.13160359859466553,0.01053701713681221,0.0,0.15584951639175415,0.029283961281180382,0.12159688770771027,0.022167500108480453,0.0025176946073770523,0.06091863662004471,0.04584807902574539,0.03321496397256851,0.016382284462451935,0.0,0.005993233527988195,0.032068248838186264,0.027139006182551384,0.1379421353340149,1,899,3.6273669427758612,353,154,392,52849.24609375,0.18976208567619324,0.1781238466501236,0.607174813747406,0.35613036155700684,0.25104445219039917,671,82,3,327,-5,57,54,3,0.15127919911012236,0.05407720431685448,0.020656032487750053,0.010834937915205956,0.1969672590494156,0.0,0.024939287453889847,0.051964834332466125,0.015324024483561516,0.23958751559257507,0.04722771793603897,0.02818787656724453,0.02149866707623005,0.023070652037858963,0.007255239877849817,0.050499022006988525,0.0012806977611035109,0.04719791188836098,0.018919752910733223,0.02396858111023903,0.11654284596443176,-66,0.2440971402923764,-26,-16,-24,16354.33984375,0.020719006657600403,0.10610981285572052,-0.10188955068588257,3,7,9,-30,-10,1,0.04319859200632423
g12109.t1,G7VDC7,0.8415,35.5,1,109,2.721759771145236,29,25,55,27430.169921875,0.2697376608848572,0.1524025797843933,0.5504588484764099,0.49540975689888,0.0550491027534008,58,6,0,27,17,23,9,14,0.5137614678899083,0.0004597836232278496,0.019886378198862076,0.0340069904923439,0.054589323699474335,0.00882438663393259,0.02740090899169445,0.03804691508412361,0.0007057658513076603,0.2814917266368866,0.12316965311765671,0.01003552507609129,0.026679717004299164,0.07569588720798492,0.007998679764568806,0.028251832351088524,0.0,0.01662803441286087,0.0,0.032210465520620346,0.2139180302619934,1,100,1.5110981247370023,19,30,51,16407.6640625,0.2321927547454834,0.22495561838150024,0.5361655950546265,0.45739510655403137,0.07877050340175629,61,10,0,46,14,17,2,15,0.35,0.057824473828077316,0.008996525779366493,0.0007686617318540812,0.02094603143632412,,0.006686056964099407,0.020627886056900024,,0.24049343168735504,0.05053872615098953,0.04894249513745308,0.09532199054956436,0.03129342943429947,0.00039329746505245566,0.026433244347572327,,0.005702813155949116,0.12853361666202545,0.03959565982222557,0.21690165996551514,9,1.2106616464082338,10,-5,4,11022.505859375,0.03754490613937378,-0.07255303859710693,0.014293253421783447,-3,-4,0,-19,3,-1,0.1637614678899083
g8272.t1,G7VGW7,0.8355,21.1,1,105,1.2689113732412907,42,29,34,12866.880859375,0.22228989005088806,0.17020253837108612,0.606504499912262,0.36402755975723267,0.24247688055038452,94,11,1,102,-2,14,12,2,0.3523809523809524,0.014024828560650349,0.0944204181432724,0.04145314171910286,0.22845207154750824,0.04448729380965233,0.0010030546691268682,0.015299538150429726,0.031094692647457123,,0.0,0.0,0.06749023497104645,0.0599096454679966,0.005636072717607021,0.01902945339679718,0.0,0.013671944849193096,0.0,0.0,0.36402755975723267,1,141,1.8422855448471156,62,30,49,17747.72265625,0.32433104515075684,0.2928694486618042,0.37843626737594604,0.2534980773925781,0.12493818998336792,115,10,7,150,3,14,9,5,0.3333333333333333,0.0529337115585804,0.05832010507583618,0.011226690374314785,0.07200448215007782,0.029430950060486794,0.004363214131444693,0.12357312440872192,0.0,0.1336333155632019,0.03908712416887283,0.034298136830329895,0.09670904278755188,0.06212605908513069,0.0525403656065464,0.008147867396473885,0.0,0.010139384306967258,0.019741088151931763,0.07186055183410645,0.11986472457647324,-36,-0.5733741716058249,-20,-1,-15,-4880.841796875,-0.10204115509986877,-0.12266691029071808,0.22806823253631592,-21,1,-6,-48,-5,-3,0.01904761904761909
g2271.t1,G7VDB8,0.8345,46.6,1,70,1.3746790054506806,0,31,39,14606.509765625,0.1947566419839859,0.1939614862203598,0.606047511100769,0.49379944801330566,0.11224808543920517,38,6,0,0,4,13,6,7,0.38571428571428573,0.015973765403032303,0.0002158616844099015,0.0,0.09627431631088257,,0.005234335083514452,0.11020271480083466,0.0,0.3694572448730469,0.022124342620372772,0.025317635387182236,0.11842741817235947,0.018113620579242706,0.002379514742642641,0.03852212429046631,,0.008394117467105389,0.04502078890800476,,0.12434215843677521,1,77,1.4586526025882458,0,31,46,15296.650390625,0.27121368050575256,0.09000957757234573,0.6387767195701599,0.5010868310928345,0.13768991827964783,39,4,0,0,4,13,8,5,0.37662337662337664,0.009275519289076328,0.03927107900381088,0.0,0.12841440737247467,,,0.020898152142763138,0.026366444304585457,0.4065280854701996,0.04006671532988548,0.05122685059905052,0.10706761479377747,0.031836237758398056,0.0014765207888558507,0.006850136443972588,,0.01317327469587326,0.0,0.022990219295024872,0.09455873817205429,-7,-0.08397359713756525,0,0,-7,-690.140625,-0.07645703852176666,0.10395190864801407,-0.03272920846939087,-1,2,0,0,0,2,0.009090909090909094
g17828.t1,G7VEL9,0.8338,25.8,1,350,2.0061134840051293,149,57,144,22926.57421875,0.16255256533622742,0.2272518277168274,0.5911124348640442,0.43749895691871643,0.15361353754997253,343,69,18,265,2,32,20,12,0.1657142857142857,0.0651746317744255,0.011233043856918812,0.10086952149868011,0.08843888342380524,0.003911109641194344,0.01908307708799839,0.05220900475978851,0.003796606557443738,0.10735081136226654,0.019414860755205154,0.011821647174656391,0.05790165439248085,0.06220117211341858,0.00014073390047997236,0.025430241599678993,0.0,0.003364779520779848,0.014363600872457027,0.023146413266658783,0.3301481604576111,1,318,1.939401694671589,128,64,126,22100.9609375,0.2577587962150574,0.11272364854812622,0.6295175552368164,0.4248383045196533,0.20467928051948547,310,49,1,80,0,24,15,9,0.17295597484276728,0.02957780845463276,0.04330144077539444,0.028196239843964577,0.17510147392749786,0.0,0.0,0.00829324685037136,0.018686875700950623,0.23161932826042175,0.08420422673225403,0.04683322086930275,0.0576217919588089,0.027173878625035286,0.004568539094179869,0.016609258949756622,0.0,0.018670232966542244,0.005441158078610897,0.010882317088544369,0.19321893155574799,32,0.06671178933354027,21,-7,18,825.61328125,-0.09520623087882996,0.11452817916870117,-0.03840512037277222,33,20,17,185,2,3,-0.007241689128481582
g17362.t1,G7VEN9,0.8304,39.6,1,128,2.5986396276005843,32,34,62,20124.677734375,0.09695469588041306,0.29303666949272156,0.5967532396316528,0.45437753200531006,0.14237570762634277,107,10,6,3,15,22,9,13,0.4375,0.03357545658946037,0.04241957888007164,0.046986378729343414,0.1088002398610115,,0.013255380094051361,0.08363863080739975,0.003206556895747781,0.11625229567289352,0.06274566799402237,0.0,0.0003145578084513545,0.01843770034611225,0.001763606327585876,0.04940330609679222,0.0,0.01048660185188055,0.02501795068383217,0.04557080194354057,0.3381252586841583,1,53,1.4424957128307618,12,8,33,13312.1748046875,0.23430421948432922,0.04347015917301178,0.7030916810035706,0.5296616554260254,0.17343007028102875,32,1,6,32,12,15,5,10,0.4528301886792453,0.03821570426225662,0.014195170253515244,0.020181724801659584,0.13521435856819153,,0.01913384348154068,0.002615430159494281,0.0,0.2781720757484436,0.05623113736510277,0.0,0.10948080569505692,0.05938201770186424,0.008967896923422813,0.0009695023763924837,0.005508329253643751,0.00024237559409812093,0.0,0.0,0.2514895796775818,75,1.1561439147698225,20,26,29,6812.5029296875,-0.13734952360391617,0.24956651031970978,-0.10633844137191772,75,9,0,-29,3,3,-0.015330188679245293
g5060.t1,G7VEH2,0.826,42.3,1,204,2.1731062886063817,82,32,90,25548.6015625,0.2369786500930786,0.19067078828811646,0.523618757724762,0.5033678412437439,0.020250968635082245,162,21,2,125,42,29,1,28,0.27941176470588236,0.020004145801067352,0.007307574152946472,0.03868703544139862,0.00024682257208041847,0.04827320575714111,0.04873181879520416,0.043313346803188324,0.018059544265270233,0.33593225479125977,0.032456666231155396,0.007758031133562326,0.042659692466259,0.05556207150220871,0.004672749433666468,0.007577431388199329,0.0,0.027536695823073387,0.027068568393588066,0.06671684235334396,0.16743551194667816,1,180,1.978278674827116,78,36,66,22593.30859375,0.18236318230628967,0.2129160463809967,0.6047208309173584,0.5161687135696411,0.08855210244655609,143,17,1,134,30,32,7,25,0.28888888888888886,0.02226070873439312,0.02144055999815464,0.011223815381526947,0.06629139184951782,0.0,0.0,0.07069077342748642,0.0,0.3433923125267029,0.033352382481098175,0.0009996687294915318,0.0521373525261879,0.09209930896759033,0.00028561963699758053,0.05263322964310646,0.0,0.003488849150016904,0.027000373229384422,0.02992730587720871,0.17277643084526062,24,0.19482761377926572,4,-4,24,2955.29296875,0.05461546778678894,-0.02224525809288025,-0.08110207319259644,19,4,1,-9,12,3,-0.009477124183006502
g5964.t1,G7VHI5,0.8251,31.7,1,257,2.890078713983306,58,49,150,36655.14453125,0.3190099000930786,0.31345880031585693,0.30644720792770386,0.18326003849506378,0.12318716198205948,189,27,4,185,0,20,16,4,0.35019455252918286,0.03492312878370285,0.07365413010120392,0.02295568957924843,0.08826404064893723,0.0,0.06108405068516731,0.13569091260433197,0.15617649257183075,0.035541944205760956,0.04506848007440567,0.012675510719418526,0.046277642250061035,0.030544182285666466,0.019421279430389404,0.013111067935824394,0.050422895699739456,0.008846311829984188,0.0,0.01762411557137966,0.14771808683872223,1,162,1.4768935116705038,54,40,68,15633.001953125,0.3482266962528229,0.14705871045589447,0.4939531981945038,0.3996332883834839,0.09431996196508408,163,33,1,136,0,15,10,5,0.2777777777777778,0.06101323664188385,0.00020639326248783618,0.04339199513196945,0.03330672159790993,0.0,0.010761439800262451,0.0,0.047151125967502594,0.0911107286810875,0.11100127547979355,0.007959933951497078,0.05286835506558418,0.036531608551740646,0.02063932456076145,0.050221554934978485,0.0,0.07207506150007248,0.03049914538860321,0.022739607840776443,0.3085225522518158,95,1.4131852023128024,4,9,82,21022.142578125,-0.029216796159744263,0.16640008985996246,-0.18750599026679993,26,-6,3,49,0,-1,0.07241677475140507
g10520.t1,G7VH92,0.8239,18.6,1,375,2.1760859970077844,166,74,135,25400.98828125,0.22010527551174164,0.28134486079216003,0.4682852625846863,0.15146516263484955,0.31682008504867554,362,42,1,193,-12,17,24,-7,0.184,0.11665509641170502,0.094855897128582,0.007590104825794697,0.20016498863697052,0.00012702443927992135,0.030264632776379585,0.0853358656167984,0.004064782056957483,0.05329602584242821,0.007485753390938044,0.06754764169454575,0.0739770159125328,0.022644702345132828,0.0007621466065756977,0.045027971267700195,0.0,0.04349618777632713,0.035954613238573074,0.012580414302647114,0.09816912561655045,1,432,2.2949706749096612,178,89,165,26870.37890625,0.25612911581993103,0.22896651923656464,0.5149043798446655,0.25264281034469604,0.2622615694999695,411,66,0,356,-5,28,31,-3,0.18287037037037038,0.08884161710739136,0.018745508044958115,0.07660039514303207,0.17341993749141693,0.0,0.0,0.013017356395721436,0.009486176073551178,0.18540702760219574,0.007564925588667393,0.057820193469524384,0.05660173296928406,0.0915895327925682,0.026222078129649162,0.009442375041544437,0.0,0.006844456307590008,0.1061042919754982,0.005056595429778099,0.0672357827425003,-57,-0.11888467790187685,-12,-15,-30,-1469.390625,-0.03602384030818939,0.0523783415555954,-0.04661911725997925,-49,-24,1,-163,-7,-4,0.0011296296296296193
g4920.t1,G7VH92,0.8225,18.6,1,691,3.2956773349744206,356,91,244,41215.2421875,0.24952644109725952,0.30071085691452026,0.39141762256622314,0.16602657735347748,0.22539103031158447,648,78,1,542,-17,28,34,-6,0.16931982633863965,0.08881552517414093,0.07454370707273483,0.030961602926254272,0.13657550513744354,0.0149033572524786,0.058345068246126175,0.12335844337940216,0.0017612959491088986,0.03990154340863228,0.01040837075561285,0.06613831222057343,0.03929081931710243,0.05118047073483467,0.029292721301317215,0.02486160583794117,0.004122856538742781,0.0365510992705822,0.034502699971199036,0.008359969593584538,0.1261250376701355,1,432,2.2949706749096612,178,89,165,26870.37890625,0.25612911581993103,0.22896651923656464,0.5149043798446655,0.25264281034469604,0.2622615694999695,411,66,0,356,-5,28,31,-3,0.18287037037037038,0.08884161710739136,0.018745508044958115,0.07660039514303207,0.17341993749141693,0.0,0.0,0.013017356395721436,0.009486176073551178,0.18540702760219574,0.007564925588667393,0.057820193469524384,0.05660173296928406,0.0915895327925682,0.026222078129649162,0.009442375041544437,0.0,0.006844456307590008,0.1061042919754982,0.005056595429778099,0.0672357827425003,259,1.0007066600647594,178,2,79,14344.86328125,-0.006602674722671509,0.07174433767795563,-0.12348675727844238,237,12,1,186,-12,-3,-0.013550544031730727
g999.t1,G7VI53,0.8215,23.4,1,328,2.8005023690056854,133,52,143,41512.59375,0.23915372788906097,0.44979628920555115,0.24699686467647552,0.1589481681585312,0.08804870396852493,272,23,0,33,1,20,20,0,0.3384146341463415,0.02415998838841915,0.07146458327770233,0.033845219761133194,0.06388870626688004,0.0,0.06405317783355713,0.10171866416931152,0.00567388953641057,0.04797204211354256,0.04790341854095459,0.034564126282930374,0.04344913735985756,0.040777020156383514,0.04875582456588745,0.008462254889309406,0.0,0.018030313774943352,0.23430554568767548,0.0,0.11097613722085953,1,910,3.844786632089634,397,221,292,51622.7890625,0.10356396436691284,0.1569880098104477,0.7393854856491089,0.49510592222213745,0.24427956342697144,903,157,21,800,0,74,59,15,0.15934065934065933,0.08676955848932266,0.01094445027410984,0.011032694019377232,0.15751001238822937,0.011094516143202782,6.25023603788577e-05,0.036696016788482666,0.0,0.3364768326282501,0.015497736632823944,0.022229468449950218,0.01814086176455021,0.01854163035750389,0.0016661894042044878,0.04265362769365311,0.0005000188830308616,0.01639355532824993,0.035084862262010574,0.020076332613825798,0.15862904489040375,-582,-1.0442842630839486,-264,-169,-149,-10110.1953125,0.13558976352214813,0.29280827939510345,-0.49238862097263336,-631,-134,-21,-767,1,-15,0.17907397480568216
g4920.t1,G7VCJ6,0.8214,25.0,1,691,3.2956773349744206,356,91,244,41215.2421875,0.24952644109725952,0.30071085691452026,0.39141762256622314,0.16602657735347748,0.22539103031158447,648,78,1,542,-17,28,34,-6,0.16931982633863965,0.08881552517414093,0.07454370707273483,0.030961602926254272,0.13657550513744354,0.0149033572524786,0.058345068246126175,0.12335844337940216,0.0017612959491088986,0.03990154340863228,0.01040837075561285,0.06613831222057343,0.03929081931710243,0.05118047073483467,0.029292721301317215,0.02486160583794117,0.004122856538742781,0.0365510992705822,0.034502699971199036,0.008359969593584538,0.1261250376701355,1,404,2.8263048602281136,260,19,125,30332.83984375,0.1992321014404297,0.15132172405719757,0.5760701298713684,0.3439394533634186,0.23213067650794983,419,72,7,140,-6,33,28,5,0.19801980198019803,0.005509152542799711,0.02249186486005783,0.012716936878859997,0.22662152349948883,0.034988097846508026,0.07337597012519836,0.030905840918421745,0.008935196325182915,0.21805964410305023,0.013806452974677086,0.013934651389718056,0.040882956236600876,0.019569911062717438,0.012230285443365574,0.020770521834492683,0.0,0.05488454923033714,0.029422646388411522,0.035013921558856964,0.12587982416152954,287,0.46937247474630706,96,72,119,10882.40234375,0.050294339656829834,0.1493891328573227,-0.18465250730514526,229,6,-6,402,-11,-11,-0.02869997564155838
g5964.t1,G7VC39,0.8188,24.0,1,257,2.890078713983306,58,49,150,36655.14453125,0.3190099000930786,0.31345880031585693,0.30644720792770386,0.18326003849506378,0.12318716198205948,189,27,4,185,0,20,16,4,0.35019455252918286,0.03492312878370285,0.07365413010120392,0.02295568957924843,0.08826404064893723,0.0,0.06108405068516731,0.13569091260433197,0.15617649257183075,0.035541944205760956,0.04506848007440567,0.012675510719418526,0.046277642250061035,0.030544182285666466,0.019421279430389404,0.013111067935824394,0.050422895699739456,0.008846311829984188,0.0,0.01762411557137966,0.14771808683872223,1,150,1.444794620057995,46,41,63,15723.3134765625,0.25601470470428467,0.12722574174404144,0.6167595386505127,0.39367133378982544,0.22308817505836487,135,24,0,206,5,20,11,9,0.26,0.06035062298178673,0.06186790019273758,0.009058740921318531,0.16273754835128784,,0.0,0.01750272512435913,0.0008021173998713493,0.09654480218887329,0.03160199522972107,0.0,0.08588004112243652,0.1137259304523468,0.024004630744457245,0.02294052019715309,0.0,0.0,0.015240230597555637,0.0006156233721412718,0.2971265912055969,107,1.445284093925311,12,8,87,20931.8310546875,0.06299519538879395,0.1862330585718155,-0.31031233072280884,54,3,4,-21,-5,-5,0.09019455252918285
g10564.t1,G7VEQ4,0.8165,26.8,1,216,1.9539862031752204,89,52,75,21133.625,0.13286033272743225,0.1903979778289795,0.6272935271263123,0.5261198878288269,0.10117363929748535,162,13,2,94,19,31,10,21,0.24537037037037038,0.034186046570539474,0.004274860490113497,0.033213190734386444,0.06698759645223618,0.0,0.049448173493146896,0.10983113944530487,0.0015267357230186462,0.08942732959985733,0.007633678615093231,0.026100222021341324,0.06225648894906044,0.011297845281660557,0.0,0.0051804594695568085,0.00046387393376789987,0.024045372381806374,0.03187601640820503,0.0055584232322871685,0.43669259548187256,1,222,1.9335471524707,94,57,71,20862.2109375,0.14389480650424957,0.18315710127353668,0.6663241982460022,0.5277969837188721,0.13852722942829132,181,22,0,74,16,25,14,11,0.25225225225225223,0.0460086390376091,0.0,0.07695068418979645,0.09251859039068222,,0.006623902823776007,0.04835266247391701,0.0,0.3161131739616394,0.0,0.013919386081397533,0.0550323985517025,0.054731953889131546,0.0,0.029889991506934166,,0.020211076363921165,0.026452431455254555,0.0015113383997231722,0.21168380975723267,-6,0.020439050704520456,-5,-5,4,271.4140625,-0.011034473776817322,0.00724087655544281,-0.03903067111968994,-19,-9,2,20,3,10,-0.006881881881881852
g4920.t3,G7VCJ6,0.8147,24.2,1,306,2.604009486701002,189,12,105,27151.58203125,0.2725813686847687,0.2720043957233429,0.365825355052948,0.19576531648635864,0.17006005346775055,289,39,0,370,-3,18,16,2,0.238562091503268,0.06889481842517853,0.05269097909331322,0.07191739976406097,0.10116522759199142,0.030216941609978676,0.08958885073661804,0.10202746093273163,0.0025655936915427446,0.0503905825316906,0.023113135248422623,0.023242807015776634,0.03250988945364952,0.05768044292926788,0.06758397817611694,0.004018700681626797,0.0,0.03566858917474747,0.03564074635505676,0.005709104705601931,0.14537473022937775,1,404,2.8263048602281136,260,19,125,30332.83984375,0.1992321014404297,0.15132172405719757,0.5760701298713684,0.3439394533634186,0.23213067650794983,419,72,7,140,-6,33,28,5,0.19801980198019803,0.005509152542799711,0.02249186486005783,0.012716936878859997,0.22662152349948883,0.034988097846508026,0.07337597012519836,0.030905840918421745,0.008935196325182915,0.21805964410305023,0.013806452974677086,0.013934651389718056,0.040882956236600876,0.019569911062717438,0.012230285443365574,0.020770521834492683,0.0,0.05488454923033714,0.029422646388411522,0.035013921558856964,0.12587982416152954,-98,-0.22229537352711137,-71,-7,-20,-3181.2578125,0.07334926724433899,0.12068267166614532,-0.2102447748184204,-130,-33,-7,230,3,-3,0.04054228952306996
g4920.t2,G7VH92,0.8139,18.8,1,375,2.1765045700415944,164,74,137,25467.02734375,0.22058700025081635,0.2903071641921997,0.45907530188560486,0.1551227569580078,0.30395254492759705,357,44,1,194,-12,15,24,-9,0.18933333333333333,0.10433798283338547,0.08734250068664551,0.008434658870100975,0.19961456954479218,0.0,0.030030544847249985,0.10629723966121674,0.002407205756753683,0.05659398436546326,0.008347430266439915,0.06830267608165741,0.07227201014757156,0.022467952221632004,0.0013936455361545086,0.04467226564884186,0.0,0.045396074652671814,0.03176998347043991,0.011790509335696697,0.09852875769138336,1,432,2.2949706749096612,178,89,165,26870.37890625,0.25612911581993103,0.22896651923656464,0.5149043798446655,0.25264281034469604,0.2622615694999695,411,66,0,356,-5,28,31,-3,0.18287037037037038,0.08884161710739136,0.018745508044958115,0.07660039514303207,0.17341993749141693,0.0,0.0,0.013017356395721436,0.009486176073551178,0.18540702760219574,0.007564925588667393,0.057820193469524384,0.05660173296928406,0.0915895327925682,0.026222078129649162,0.009442375041544437,0.0,0.006844456307590008,0.1061042919754982,0.005056595429778099,0.0672357827425003,-57,-0.11846610486806686,-14,-15,-28,-1403.3515625,-0.035542115569114685,0.06134064495563507,-0.05582907795906067,-54,-22,1,-162,-7,-6,0.006462962962962948
g17828.t1,G7VID4,0.8125,27.5,1,350,2.0061134840051293,149,57,144,22926.57421875,0.16255256533622742,0.2272518277168274,0.5911124348640442,0.43749895691871643,0.15361353754997253,343,69,18,265,2,32,20,12,0.1657142857142857,0.0651746317744255,0.011233043856918812,0.10086952149868011,0.08843888342380524,0.003911109641194344,0.01908307708799839,0.05220900475978851,0.003796606557443738,0.10735081136226654,0.019414860755205154,0.011821647174656391,0.05790165439248085,0.06220117211341858,0.00014073390047997236,0.025430241599678993,0.0,0.003364779520779848,0.014363600872457027,0.023146413266658783,0.3301481604576111,1,285,1.9497463510722637,125,55,105,21455.837890625,0.17602728307247162,0.09193756431341171,0.6916135549545288,0.4742700457572937,0.21734346449375153,252,32,0,57,-1,26,18,8,0.2,0.12563100457191467,0.025625506415963173,0.019335167482495308,0.09171245247125626,0.006466374732553959,0.040421660989522934,0.013129373081028461,0.019699886441230774,0.23189237713813782,0.055472902953624725,0.03312787413597107,0.0,0.016794651746749878,0.0048121861182153225,0.014859802089631557,0.0,0.03965339809656143,0.015139521099627018,0.003848188789561391,0.24237769842147827,65,0.05636713293286566,24,2,39,1470.736328125,-0.013474717736244202,0.13531426340341568,-0.10050112009048462,91,37,18,208,3,4,-0.03428571428571431
g8504.t2,G7VB71,0.8044,20.6,1,698,4.143144801139897,290,111,297,55399.51953125,0.1499190330505371,0.20841966569423676,0.6033775210380554,0.3727097809314728,0.23066772520542145,603,70,0,205,-1,56,50,6,0.19627507163323782,0.027292149141430855,0.044258393347263336,0.05527980625629425,0.20337557792663574,0.0006988969398662448,0.0382838137447834,0.04603957384824753,0.01729769818484783,0.1395009458065033,0.023468632251024246,0.00996926799416542,0.012950246222317219,0.02660437487065792,0.038364432752132416,0.009747013449668884,0.0014156568795442581,0.020565493032336235,0.040342800319194794,0.011336428113281727,0.23320883512496948,1,593,2.7600470127687085,223,147,223,32703.74609375,0.21489296853542328,0.1268170326948166,0.6582900285720825,0.4332450032234192,0.22504505515098572,580,95,0,403,0,46,37,9,0.15008431703204048,0.05086683854460716,0.029574837535619736,0.020433031022548676,0.17417821288108826,0.004301632754504681,0.0,0.010256453417241573,0.015884235501289368,0.1546393185853958,0.022559363394975662,0.01141979917883873,0.04900088533759117,0.03886491432785988,0.023933544754981995,0.023832611739635468,0.0,0.04892861470580101,0.010997858829796314,0.03172224760055542,0.2786056697368622,105,1.3830977883711886,67,-36,74,22695.7734375,-0.06497393548488617,0.08160263299942017,-0.0549125075340271,23,-25,0,-198,-1,-3,0.04619075460119734
g5964.t1,G7VGA1,0.8013,27.8,1,257,2.890078713983306,58,49,150,36655.14453125,0.3190099000930786,0.31345880031585693,0.30644720792770386,0.18326003849506378,0.12318716198205948,189,27,4,185,0,20,16,4,0.35019455252918286,0.03492312878370285,0.07365413010120392,0.02295568957924843,0.08826404064893723,0.0,0.06108405068516731,0.13569091260433197,0.15617649257183075,0.035541944205760956,0.04506848007440567,0.012675510719418526,0.046277642250061035,0.030544182285666466,0.019421279430389404,0.013111067935824394,0.050422895699739456,0.008846311829984188,0.0,0.01762411557137966,0.14771808683872223,1,223,2.0877461217330024,71,51,101,23074.06640625,0.24776390194892883,0.2682829797267914,0.4783506393432617,0.3093469440937042,0.1690036654472351,193,28,2,372,0,20,19,1,0.29596412556053814,0.08809585869312286,0.044978827238082886,0.036507733166217804,0.08090780675411224,0.015925157815217972,0.005602499004453421,0.06550998985767365,0.03598479926586151,0.0641150251030922,0.005831596907228231,0.007112421561032534,0.07429318130016327,0.05513891205191612,0.00013983431563246995,0.039217639714479446,0.0010931703727692366,0.053338002413511276,0.014484946615993977,0.06649067997932434,0.24523189663887024,34,0.8023325922503037,-13,-2,49,13581.078125,0.07124599814414978,0.04517582058906555,-0.17190343141555786,-4,-1,2,-187,0,3,0.05423042696864472
g4337.t1,G7VB81,0.8007,31.6,1,204,2.2264776515908244,110,21,73,24002.69140625,0.23583896458148956,0.2030280977487564,0.531929075717926,0.5182676911354065,0.013661406002938747,167,13,3,77,33,32,2,30,0.3235294117647059,0.013530046679079533,0.03814544528722763,0.06775073707103729,0.00013135967310518026,0.0,0.029203837737441063,0.0436449758708477,0.007124491035938263,0.22880634665489197,0.061016395688056946,0.05269434303045273,0.04745655506849289,0.01850765384733677,0.01908825896680355,0.004374710377305746,0.0,0.029951272532343864,0.03479096665978432,0.014321270398795605,0.28946131467819214,1,187,1.8013010496971262,89,36,62,20258.853515625,0.17474883794784546,0.1651928573846817,0.6205155253410339,0.4522119164466858,0.16830362379550934,158,24,0,74,18,30,13,17,0.2620320855614973,0.04250336438417435,0.017438877373933792,0.021227821707725525,0.1258002519607544,0.009841174818575382,0.0395427905023098,0.02470935508608818,0.0,0.15410442650318146,0.043953780084848404,0.027491290122270584,0.011281355284154415,0.0703955665230751,0.004937245510518551,0.01964268460869789,,0.006848437245935202,0.02790636196732521,0.0542677640914917,0.2981075048446655,17,0.4251766018936982,21,-15,11,3743.837890625,0.061090126633644104,0.03783524036407471,-0.08858644962310791,9,-11,3,3,15,13,0.06149732620320858
g12290.t1,G7VET4,0.7966,34.5,1,156,2.478647148409182,61,19,76,28795.35546875,0.46132615208625793,0.18214641511440277,0.3107251226902008,0.270952433347702,0.03977271541953087,98,8,0,84,16,20,5,15,0.391025641025641,0.001991370925679803,0.03657899051904678,0.05270485207438469,0.03778134286403656,0.008959812112152576,0.045802321285009384,0.023854048922657967,0.04446122795343399,0.1960073560476303,0.1173195093870163,0.0,0.07929869741201401,0.12069057673215866,0.08208048343658447,0.005826297216117382,0.008965147659182549,0.008515870198607445,0.053012605756521225,0.0012044596951454878,0.07494505494832993,1,158,1.8188001940782543,82,15,61,19909.46484375,0.1820281445980072,0.10109797865152359,0.7128440737724304,0.5276505351066589,0.18519337475299835,117,9,0,75,18,27,9,18,0.2911392405063291,0.03507651761174202,0.04253704100847244,0.00886850617825985,0.15011687576770782,0.007292741443961859,0.004029950127005577,0.028607048094272614,0.0322464294731617,0.20874442160129547,0.0,0.029333027079701424,0.034387458115816116,0.05655926465988159,0.0,0.005996254272758961,,0.022209228947758675,0.0011085632722824812,0.013980560936033726,0.31890618801116943,-2,0.6598469543309275,-21,4,15,8885.890625,0.27929800748825073,0.08104843646287918,-0.4021189510822296,-19,-1,0,9,-2,-3,0.09988640051931191
g10396.t1,G7VCI7,0.7837,21.4,1,150,2.492188784509351,48,36,66,25934.296875,0.24991004168987274,0.11692671477794647,0.6326656341552734,0.5782984495162964,0.054367125034332275,105,14,3,51,28,32,6,26,0.35333333333333333,0.0017077357042580843,0.01886529102921486,0.004156675189733505,0.05265938863158226,,0.0004976493073627353,0.055638376623392105,0.06619831174612045,0.20979779958724976,0.035457514226436615,0.0,0.08093617856502533,0.01965714618563652,0.0,0.016424482688307762,0.0,0.04766087979078293,0.021841896697878838,0.0,0.3685007095336914,1,121,1.850963383444944,55,37,29,18427.673828125,0.1663830429315567,0.21281124651432037,0.6208057403564453,0.5340577363967896,0.08674800395965576,98,10,0,37,14,25,9,16,0.34710743801652894,0.02326968125998974,0.0029765714425593615,0.06539884209632874,0.06347832083702087,0.0,0.0,0.024367811158299446,0.0,0.18118920922279358,0.05336327105760574,0.0,0.07675276696681976,0.0,0.03329041972756386,0.02100999467074871,,0.0029765714425593615,0.028264079242944717,0.07079393416643143,0.35286852717399597,29,0.641225401064407,-7,-1,37,7506.623046875,0.08352699875831604,-0.0958845317363739,0.011859893798828125,7,4,3,14,14,10,0.006225895316804397
g18534.t1,G7VDB7,0.7807,28.1,1,157,4.29369656601098,60,14,83,34748.80859375,0.18868927657604218,0.16798490285873413,0.6233195662498474,0.5434595346450806,0.07986006140708923,97,9,1,174,33,41,10,31,0.5222929936305732,0.03406323492527008,0.03722912073135376,0.00218610349111259,0.04579683020710945,0.0003714137419592589,0.020006166771054268,0.08053715527057648,0.0008356809266842902,0.21224626898765564,0.008445427753031254,0.04852212592959404,0.05341298505663872,0.033408187329769135,0.014573754742741585,0.014417103491723537,0.0,0.02911970019340515,0.023760847747325897,0.009854583069682121,0.33121323585510254,1,61,1.2267924662871652,19,12,30,12555.798828125,0.19882449507713318,0.24378865957260132,0.5573869347572327,0.506507933139801,0.050878945738077164,44,2,6,39,13,13,1,12,0.4098360655737705,0.050878945738077164,0.07617902010679245,0.003529255511239171,,0.00025697657838463783,0.0,0.0,0.016674183309078217,0.2496323436498642,0.0,0.011301111429929733,0.13538643717765808,0.0010279063135385513,0.01593254879117012,0.027407808229327202,0.0,0.018245337530970573,0.08035773038864136,0.0563148558139801,0.256875604391098,96,3.066904099723815,41,2,53,22193.009765625,-0.010135218501091003,-0.07580375671386719,0.06593263149261475,53,7,-5,135,20,19,0.11245692805680274
g15161.t1,G7VE24,0.7776,47.1,1,833,3.8714640830682376,327,138,368,69203.5859375,0.21048109233379364,0.2842336595058441,0.5052852630615234,0.25953903794288635,0.24574624001979828,674,89,12,297,-15,59,55,4,0.19447779111644659,0.11414264142513275,0.018935419619083405,0.03385915607213974,0.13160359859466553,0.01053701713681221,0.0,0.15584951639175415,0.029283961281180382,0.12159688770771027,0.022167500108480453,0.0025176946073770523,0.06091863662004471,0.04584807902574539,0.03321496397256851,0.016382284462451935,0.0,0.005993233527988195,0.032068248838186264,0.027139006182551384,0.1379421353340149,1,738,3.30296606060921,322,136,280,43992.2265625,0.20475123822689056,0.15229332447052002,0.6235784888267517,0.38976892828941345,0.23380963504314423,629,89,1,217,-1,60,39,21,0.15311653116531165,0.05673079192638397,0.020117642357945442,0.01917344518005848,0.17707882821559906,0.002567024203017354,0.019376907497644424,0.036170314997434616,0.0067476071417331696,0.17568181455135345,0.07459235191345215,0.01266502495855093,0.03946176916360855,0.03131100535392761,0.02185637876391411,0.023577002808451653,0.0,0.015550045296549797,0.011106417514383793,0.04214850813150406,0.2140870988368988,95,0.5684980224590275,5,2,88,25211.359375,0.005729854106903076,0.1319403350353241,-0.11829322576522827,45,0,11,80,-14,-17,0.04136125995113493
g989.t1,G7VBQ5,0.7773,36.0,1,140,2.8686087486956064,71,6,63,26767.908203125,0.296612948179245,0.26669663190841675,0.42966118454933167,0.3389461636543274,0.09071499109268188,103,6,0,16,8,19,13,6,0.4785714285714286,0.007834582589566708,0.05948610231280327,0.01888875663280487,0.0828804075717926,0.007179549429565668,0.007029212545603514,0.15773144364356995,0.004942052066326141,0.12001335620880127,0.01735745184123516,0.039656952023506165,0.10606973618268967,0.0915667861700058,0.010125179775059223,0.007982601411640644,0.0,0.019715240225195885,0.010442446917295456,0.01216532289981842,0.2189328372478485,1,53,1.2621347892578516,40,0,13,12104.509765625,0.25052398443222046,0.18684552609920502,0.5626305341720581,0.3706982433795929,0.19193226099014282,51,4,0,2,5,11,6,5,0.49056603773584906,0.055658530443906784,0.02228059433400631,0.0013074412709102035,0.13627371191978455,,,0.01595078408718109,0.002132458845153451,0.1302971988916397,0.001562881632708013,0.009329507127404213,0.07184604555368423,0.055467408150434494,0.0,0.0,,0.1101856604218483,0.07887857407331467,0.06842813640832901,0.24040105938911438,87,1.6064739594377548,31,6,50,14663.3984375,0.046088963747024536,0.07985110580921173,-0.13296934962272644,52,2,0,14,3,1,-0.011994609164420467
g5143.t2,G7VB80,0.7736,21.9,1,187,2.2903760365856862,60,28,99,25756.947265625,0.17183227837085724,0.1470026671886444,0.6654812097549438,0.5460999608039856,0.11938126385211945,129,7,2,33,40,37,7,30,0.2994652406417112,0.05706731602549553,0.026135126128792763,0.03892762213945389,0.06231394410133362,,0.015683835372328758,0.00467207795009017,0.007766676135361195,0.33246126770973206,0.059317514300346375,0.006012910511344671,0.07693836092948914,0.013779587112367153,0.008017214015126228,0.03022579848766327,0.0,0.0,0.021468760445713997,0.025573289021849632,0.21363867819309235,1,88,1.3010394032473191,29,27,32,13847.17578125,0.17067308723926544,0.08854342252016068,0.7407834529876709,0.5567603707313538,0.1840231567621231,60,10,0,0,7,12,7,5,0.32954545454545453,0.02595766820013523,0.0067573231644928455,0.003428699914366007,0.15806549787521362,,,0.05005901679396629,0.0034951670095324516,0.40849050879478455,0.031689517199993134,0.01770884543657303,0.018935762345790863,0.05303623154759407,0.010485501028597355,0.004845398012548685,,0.03532207012176514,0.02345298044383526,,0.14826983213424683,99,0.9893366333383671,31,1,67,11909.771484375,0.0011591911315917969,0.058459244668483734,-0.07530224323272705,69,-3,2,33,33,25,-0.030080213903743325
g550.t1,G7VB76,0.772,21.7,1,148,1.9201024065035572,55,21,72,21442.7578125,0.19918181002140045,0.11129968613386154,0.673446536064148,0.41795918345451355,0.2554874122142792,109,17,20,44,0,16,18,-2,0.32432432432432434,0.08649156242609024,0.036943260580301285,0.005753415636718273,0.16899584233760834,0.0,0.016071947291493416,0.057961106300354004,0.0,0.20898835361003876,0.004650926683098078,0.00045141763985157013,0.08302139490842819,0.059384725987911224,0.02795015648007393,0.009612618014216423,0.0,0.02372320368885994,0.00029408399132080376,0.0007352099637500942,0.2089708149433136,1,101,1.260547859943311,48,19,34,13125.05859375,0.3003087639808655,0.16248029470443726,0.5038853883743286,0.372403085231781,0.1314823180437088,89,5,0,43,1,12,8,4,0.3465346534653465,0.021620377898216248,0.0077993376180529594,0.03098525106906891,0.10986193269491196,0.03257864713668823,0.03332551568746567,0.05593426153063774,0.0,0.15122821927070618,0.04756636917591095,0.00024583100457675755,0.07321593910455704,0.06923950463533401,0.029991380870342255,0.015794064849615097,,0.047471094876527786,0.0,0.051967374980449677,0.22117483615875244,47,0.6595545465602461,7,2,38,8317.69921875,-0.10112695395946503,-0.051180608570575714,0.16956114768981934,20,12,20,1,-1,-6,-0.022210329141022167
g8228.t1,G7VG31,0.7653,30.7,1,161,3.630897550666757,25,49,87,36981.6953125,0.2729588449001312,0.3226589858531952,0.3992345929145813,0.3055434823036194,0.0936911478638649,79,11,0,0,13,22,7,15,0.515527950310559,0.013994247652590275,0.07763608545064926,0.0005987857584841549,0.0796969011425972,0.004624097142368555,0.005147579591721296,0.17603686451911926,0.004013367462903261,0.055269330739974976,0.0021811779588460922,0.037072066217660904,0.05447894334793091,0.13231752812862396,0.028850950300693512,0.00600478844717145,0.009640666656196117,0.009420698508620262,0.05197444558143616,0.0007673220825381577,0.250274121761322,1,127,2.703357155468448,24,48,55,25776.29296875,0.2805509865283966,0.260612428188324,0.4280603229999542,0.37030187249183655,0.05775840952992439,88,14,0,0,12,20,6,14,0.4330708661417323,0.026924923062324524,0.013464280404150486,0.04036152362823486,0.030833490192890167,0.013644068501889706,0.030776334926486015,0.058766961097717285,,0.2666440010070801,0.057716675102710724,0.013871589675545692,0.1071392074227333,0.05351455509662628,0.019143205136060715,0.005727129057049751,0.007858426310122013,0.015521693974733353,0.021233689039945602,0.11320040374994278,0.10365790128707886,34,0.9275403951983092,1,1,32,11205.40234375,-0.007592141628265381,0.062046557664871216,-0.028825730085372925,-9,-3,0,0,1,1,0.08245708416882669
g999.t1,G7VHB9,0.7624,20.2,1,328,2.8005023690056854,133,52,143,41512.59375,0.23915372788906097,0.44979628920555115,0.24699686467647552,0.1589481681585312,0.08804870396852493,272,23,0,33,1,20,20,0,0.3384146341463415,0.02415998838841915,0.07146458327770233,0.033845219761133194,0.06388870626688004,0.0,0.06405317783355713,0.10171866416931152,0.00567388953641057,0.04797204211354256,0.04790341854095459,0.034564126282930374,0.04344913735985756,0.040777020156383514,0.04875582456588745,0.008462254889309406,0.0,0.018030313774943352,0.23430554568767548,0.0,0.11097613722085953,1,238,1.9037410278508957,61,93,84,19665.134765625,0.15312322974205017,0.1781882345676422,0.6680471897125244,0.3816937208175659,0.2863534688949585,248,44,0,186,-1,24,21,3,0.23949579831932774,0.09444835036993027,0.004228529520332813,0.036035340279340744,0.19190511107444763,0.0030613048002123833,0.0006413352093659341,0.0329577773809433,0.0001640744594624266,0.19598528742790222,0.0017786346143111587,0.02239590510725975,0.04508897662162781,0.05476720258593559,0.008065318688750267,0.08853399008512497,,0.01780182123184204,0.012856629677116871,0.003575972281396389,0.1857084333896637,90,0.8967613411547897,72,-41,59,21847.458984375,0.0860304981470108,0.27160805463790894,-0.4210503250360489,24,-21,0,-153,2,-3,0.09891883582701375
g15161.t1,G7VB97,0.7606,47.2,1,833,3.8714640830682376,327,138,368,69203.5859375,0.21048109233379364,0.2842336595058441,0.5052852630615234,0.25953903794288635,0.24574624001979828,674,89,12,297,-15,59,55,4,0.19447779111644659,0.11414264142513275,0.018935419619083405,0.03385915607213974,0.13160359859466553,0.01053701713681221,0.0,0.15584951639175415,0.029283961281180382,0.12159688770771027,0.022167500108480453,0.0025176946073770523,0.06091863662004471,0.04584807902574539,0.03321496397256851,0.016382284462451935,0.0,0.005993233527988195,0.032068248838186264,0.027139006182551384,0.1379421353340149,1,731,3.3402860338691953,313,134,284,44704.18359375,0.21684806048870087,0.21173760294914246,0.5491727590560913,0.3757336735725403,0.17343910038471222,620,77,0,191,-1,63,42,21,0.15321477428180574,0.04137051850557327,0.01380174607038498,0.05007326230406761,0.13206857442855835,0.003320072079077363,0.022241560742259026,0.054790984839200974,0.01551772840321064,0.1638459712266922,0.06789273768663406,0.02573186531662941,0.020993810147047043,0.03678152710199356,0.02865508757531643,0.022761279717087746,0.0,0.017955239862203598,0.01334684994071722,0.056963492184877396,0.21188771724700928,102,0.5311780491990423,14,4,84,24499.40234375,-0.0063669681549072266,0.07249605655670166,-0.04388749599456787,54,12,12,106,-14,-17,0.04126301683464084
g11348.t1,G7VI75,0.7563,26.1,1,1371,4.040746963869525,618,215,538,69696.5625,0.16187533736228943,0.30623045563697815,0.5183209180831909,0.29596632719039917,0.22235460579395294,1261,161,33,793,8,63,57,6,0.1436907366885485,0.03781687095761299,0.06092727929353714,0.038034599274396896,0.18453772366046906,0.006239687092602253,0.013573331758379936,0.08076915144920349,0.0003208930429536849,0.09567075967788696,0.018090473487973213,0.00461569894105196,0.03747911378741264,0.06974592059850693,0.00828666053712368,0.01724994368851185,0.0,0.017096899449825287,0.10401840507984161,0.0052310992032289505,0.2002955675125122,1,576,2.303883396796246,226,126,224,28037.33203125,0.15324757993221283,0.19521719217300415,0.6341763734817505,0.4765552580356598,0.15762114524841309,605,106,1,304,7,41,22,19,0.1423611111111111,0.039930716156959534,0.019262298941612244,0.011505832895636559,0.11769040673971176,0.0003386756870895624,0.017358794808387756,0.030402235686779022,0.0018412857316434383,0.2434900552034378,0.022827167063951492,0.008264796808362007,0.023320816457271576,0.06310755014419556,0.0,0.0426124706864357,0.0,0.033547285944223404,0.04624439775943756,0.04518994316458702,0.23306520283222198,795,1.736863567073279,392,89,314,41659.23046875,0.008627757430076599,0.111013263463974,-0.11585545539855957,656,55,32,489,1,-13,0.0013296255774374044
g11348.t1,G7VBA9,0.7543,24.4,1,1371,4.040746963869525,618,215,538,69696.5625,0.16187533736228943,0.30623045563697815,0.5183209180831909,0.29596632719039917,0.22235460579395294,1261,161,33,793,8,63,57,6,0.1436907366885485,0.03781687095761299,0.06092727929353714,0.038034599274396896,0.18453772366046906,0.006239687092602253,0.013573331758379936,0.08076915144920349,0.0003208930429536849,0.09567075967788696,0.018090473487973213,0.00461569894105196,0.03747911378741264,0.06974592059850693,0.00828666053712368,0.01724994368851185,0.0,0.017096899449825287,0.10401840507984161,0.0052310992032289505,0.2002955675125122,1,581,2.3196240962235435,228,128,225,27930.96875,0.11420214176177979,0.21028204262256622,0.6382836699485779,0.3661399483680725,0.272143691778183,617,117,1,321,3,39,28,11,0.14457831325301204,0.08617670834064484,0.012708955444395542,0.041425637900829315,0.18596699833869934,0.007966388948261738,0.037232156842947006,0.035499777644872665,0.0043897065334022045,0.14647966623306274,0.0049014585092663765,0.03754354268312454,0.013995424844324589,0.03529002517461777,0.0016932741273194551,0.029281722381711006,0.0,0.008422322571277618,0.04794403910636902,0.043421924114227295,0.21966025233268738,790,1.7211228676459815,390,87,313,41765.59375,0.047673195600509644,0.09594841301441193,-0.11996275186538696,644,44,32,472,5,-5,-0.0008875765644635325
g11355.t1,G7VC39,0.7534,15.5,1,220,1.9654968528649903,71,52,97,21077.068359375,0.1808115839958191,0.2630024552345276,0.5548344254493713,0.38975587487220764,0.1650785505771637,198,26,3,112,3,21,14,7,0.24545454545454545,0.11149974912405014,0.05743618682026863,0.06796625256538391,0.05357879400253296,0.0,0.0013515488244593143,0.06190674751996994,0.0,0.04430197551846504,0.0024493320379406214,0.001530832494609058,0.07759951055049896,0.08545439690351486,0.0,0.004129758104681969,0.0071318200789391994,0.013777492567896843,0.023420779034495354,0.041010912507772446,0.3454539477825165,1,150,1.444794620057995,46,41,63,15723.3134765625,0.25601470470428467,0.12722574174404144,0.6167595386505127,0.39367133378982544,0.22308817505836487,135,24,0,206,5,20,11,9,0.26,0.06035062298178673,0.06186790019273758,0.009058740921318531,0.16273754835128784,,0.0,0.01750272512435913,0.0008021173998713493,0.09654480218887329,0.03160199522972107,0.0,0.08588004112243652,0.1137259304523468,0.024004630744457245,0.02294052019715309,0.0,0.0,0.015240230597555637,0.0006156233721412718,0.2971265912055969,70,0.5207022328069952,25,11,34,5353.7548828125,-0.07520312070846558,0.13577671349048615,-0.06192511320114136,63,2,3,-94,-2,-2,-0.014545454545454556
g8504.t1,G7VB71,0.7484,19.2,1,669,3.899974050034017,262,101,306,56793.95703125,0.19244912266731262,0.1890450268983841,0.5949262976646423,0.38026270270347595,0.21466363966464996,529,67,0,164,-1,60,44,16,0.22122571001494767,0.018103471025824547,0.04234341159462929,0.045967165380716324,0.19656017422676086,0.0003976800653617829,0.023579519242048264,0.03225267305970192,0.03966715559363365,0.12289243936538696,0.02848919667303562,0.027093874290585518,0.02810930833220482,0.018963363021612167,0.0316445492208004,0.013390335254371166,0.005983894690871239,0.01808399148285389,0.044290415942668915,0.004817137494683266,0.2573702335357666,1,593,2.7600470127687085,223,147,223,32703.74609375,0.21489296853542328,0.1268170326948166,0.6582900285720825,0.4332450032234192,0.22504505515098572,580,95,0,403,0,46,37,9,0.15008431703204048,0.05086683854460716,0.029574837535619736,0.020433031022548676,0.17417821288108826,0.004301632754504681,0.0,0.010256453417241573,0.015884235501289368,0.1546393185853958,0.022559363394975662,0.01141979917883873,0.04900088533759117,0.03886491432785988,0.023933544754981995,0.023832611739635468,0.0,0.04892861470580101,0.010997858829796314,0.03172224760055542,0.2786056697368622,76,1.1399270372653088,39,-46,83,24090.2109375,-0.022443845868110657,0.062227994203567505,-0.06336373090744019,-51,-28,0,-239,-1,7,0.0711413929829072
g11518.t1,G7VDX4,0.745,20.7,1,504,2.747106705455714,140,150,214,39000.6640625,0.17374926805496216,0.16099058091640472,0.6454048156738281,0.5154024362564087,0.13000236451625824,432,44,12,266,12,41,25,16,0.19246031746031747,0.019500738009810448,0.03988640755414963,0.022455858066678047,0.11050163954496384,0.0,0.019855313003063202,0.032898642122745514,0.024240046739578247,0.10403674840927124,0.03680943697690964,0.0005791138391941786,0.034762486815452576,0.03959749639034271,0.0004963832907378674,0.03824875131249428,0.0005865145358256996,0.03726432844996452,0.02609654888510704,0.0008178747957572341,0.4113657474517822,1,518,2.43883858561278,131,192,195,29538.279296875,0.19355268776416779,0.1383184939622879,0.6556368470191956,0.4618909955024719,0.19374588131904602,465,69,0,236,11,41,26,15,0.16602316602316602,0.07796245813369751,0.021319957450032234,0.032767459750175476,0.1157834380865097,0.002949282992631197,0.01249199640005827,0.0366969108581543,0.0,0.31226402521133423,0.03958672285079956,0.040286947041749954,0.02086247131228447,0.05876685306429863,0.01630985364317894,0.02468099631369114,,0.014790557324886322,0.01803731359541416,0.004815858323127031,0.14962689578533173,-14,0.3082681198429338,9,-42,19,9462.384765625,-0.019803419709205627,0.02267208695411682,-0.010232031345367432,-33,-25,12,30,1,1,0.026437151437151446
g1834.t1,G7VB76,0.7428,17.6,1,243,2.863646199693217,119,17,107,34081.64453125,0.2043493390083313,0.19488437473773956,0.5843285322189331,0.5034289360046387,0.08089958876371384,171,14,6,50,32,40,11,29,0.3168724279835391,0.015819676220417023,0.045636750757694244,0.031102029606699944,0.06507990509271622,0.0011342527577653527,0.016437815502285957,0.0853864997625351,0.0009467109339311719,0.128874734044075,0.004544212017208338,0.057143453508615494,0.057474903762340546,0.07004983723163605,0.007384344004094601,0.001607608050107956,0.0,0.005671632010489702,0.021792588755488396,0.00935889407992363,0.37455418705940247,1,101,1.260547859943311,48,19,34,13125.05859375,0.3003087639808655,0.16248029470443726,0.5038853883743286,0.372403085231781,0.1314823180437088,89,5,0,43,1,12,8,4,0.3465346534653465,0.021620377898216248,0.0077993376180529594,0.03098525106906891,0.10986193269491196,0.03257864713668823,0.03332551568746567,0.05593426153063774,0.0,0.15122821927070618,0.04756636917591095,0.00024583100457675755,0.07321593910455704,0.06923950463533401,0.029991380870342255,0.015794064849615097,,0.047471094876527786,0.0,0.051967374980449677,0.22117483615875244,142,1.6030983397499061,71,-2,73,20956.5859375,-0.09595942497253418,0.03240408003330231,0.08044314384460449,82,9,6,7,31,25,-0.029662225481807414
g16310.t1,G7VGG3,0.7306,17.4,1,435,2.320556812092378,166,89,180,30792.310546875,0.1490073800086975,0.3049319386482239,0.5047375559806824,0.28843241930007935,0.21630510687828064,403,44,11,74,4,24,17,7,0.18620689655172415,0.05485822260379791,0.048811379820108414,0.02434893697500229,0.16144688427448273,0.009568474255502224,0.04132314398884773,0.15040434896945953,0.004381823353469372,0.08392966538667679,0.013621940277516842,0.014326762408018112,0.04029974713921547,0.041468244045972824,0.008592300117015839,0.021323151886463165,0.0,0.016748085618019104,0.021403977647423744,0.03864015266299248,0.20450274646282196,1,368,1.9476311593255398,156,75,137,22587.666015625,0.128071591258049,0.2223702222108841,0.6495581865310669,0.4006401300430298,0.24891798198223114,343,37,1,190,-7,28,23,5,0.16032608695652173,0.09186010807752609,0.015053692273795605,0.056042857468128204,0.15705786645412445,0.0,0.0,0.0351465605199337,0.044596653431653976,0.14318320155143738,0.024569423869252205,0.003554853843525052,0.0265479888767004,0.010427720844745636,0.011710073798894882,0.02439962886273861,0.0,0.006664888001978397,0.012105596251785755,0.07962188869714737,0.2574569582939148,67,0.3729256527668383,10,14,43,8204.64453125,0.0209357887506485,0.08256171643733978,-0.14482063055038452,60,7,10,-116,11,2,0.02588080959520242
g8222.t1,G7VH92,0.7296,16.4,1,392,2.258954131961477,182,80,130,25874.578125,0.10449530929327011,0.18441170454025269,0.6857633590698242,0.35784879326820374,0.32791462540626526,361,59,7,339,-2,31,31,0,0.18622448979591838,0.14828595519065857,0.031096933409571648,0.053328439593315125,0.1796286404132843,0.0,0.02532966062426567,0.04289480671286583,0.01670973002910614,0.10836198180913925,0.027433883398771286,0.018829621374607086,0.005384807009249926,0.014091040939092636,0.014329067431390285,0.02897600829601288,0.0,0.007717152126133442,0.005996556021273136,0.022118965163826942,0.2494867891073227,1,432,2.2949706749096612,178,89,165,26870.37890625,0.25612911581993103,0.22896651923656464,0.5149043798446655,0.25264281034469604,0.2622615694999695,411,66,0,356,-5,28,31,-3,0.18287037037037038,0.08884161710739136,0.018745508044958115,0.07660039514303207,0.17341993749141693,0.0,0.0,0.013017356395721436,0.009486176073551178,0.18540702760219574,0.007564925588667393,0.057820193469524384,0.05660173296928406,0.0915895327925682,0.026222078129649162,0.009442375041544437,0.0,0.006844456307590008,0.1061042919754982,0.005056595429778099,0.0672357827425003,-40,-0.03601654294818424,4,-9,-35,-995.80078125,-0.15163380652666092,-0.04455481469631195,0.1708589792251587,-50,-7,7,-17,3,3,0.0033541194255480022
g16310.t1,G7VCF3,0.7272,18.7,1,435,2.320556812092378,166,89,180,30792.310546875,0.1490073800086975,0.3049319386482239,0.5047375559806824,0.28843241930007935,0.21630510687828064,403,44,11,74,4,24,17,7,0.18620689655172415,0.05485822260379791,0.048811379820108414,0.02434893697500229,0.16144688427448273,0.009568474255502224,0.04132314398884773,0.15040434896945953,0.004381823353469372,0.08392966538667679,0.013621940277516842,0.014326762408018112,0.04029974713921547,0.041468244045972824,0.008592300117015839,0.021323151886463165,0.0,0.016748085618019104,0.021403977647423744,0.03864015266299248,0.20450274646282196,1,383,1.9557995486126094,160,77,146,22607.69921875,0.2521858811378479,0.21796898543834686,0.4694230556488037,0.2701297104358673,0.199293315410614,393,47,1,100,-7,24,18,6,0.16971279373368145,0.007531117182224989,0.02762194536626339,0.006433206610381603,0.19176220893859863,0.005215462297201157,0.06042211130261421,0.03238559514284134,0.0,0.1352943480014801,0.013645702041685581,0.0,0.12062601745128632,0.06774917989969254,0.02112239971756935,0.04863932728767395,0.0,0.02382710576057434,0.028915731236338615,0.0739731714129448,0.134835347533226,52,0.36475726347976867,6,12,34,8184.611328125,-0.10317850112915039,0.08696295320987701,0.03531450033187866,10,-3,10,-26,11,1,0.0164941028180427
g11062.t1,G7VH92,0.7249,16.3,1,419,2.361187925480142,179,79,161,28696.703125,0.17723339796066284,0.31956005096435547,0.5020822286605835,0.2935865819454193,0.2084956169128418,384,49,4,485,-10,22,26,-4,0.19809069212410502,0.08985062688589096,0.05519191175699234,0.06624173372983932,0.11864497512578964,0.0020238503348082304,0.0011243614135310054,0.04978441819548607,0.0002248722594231367,0.12181055545806885,0.02717622183263302,0.038843944668769836,0.01243675872683525,0.046243518590927124,0.04061472415924072,0.03734462335705757,0.0,0.00966950599104166,0.07596263289451599,0.03503473475575447,0.17177604138851166,1,432,2.2949706749096612,178,89,165,26870.37890625,0.25612911581993103,0.22896651923656464,0.5149043798446655,0.25264281034469604,0.2622615694999695,411,66,0,356,-5,28,31,-3,0.18287037037037038,0.08884161710739136,0.018745508044958115,0.07660039514303207,0.17341993749141693,0.0,0.0,0.013017356395721436,0.009486176073551178,0.18540702760219574,0.007564925588667393,0.057820193469524384,0.05660173296928406,0.0915895327925682,0.026222078129649162,0.009442375041544437,0.0,0.006844456307590008,0.1061042919754982,0.005056595429778099,0.0672357827425003,-13,0.06621725057048078,1,-10,-4,1826.32421875,-0.07889571785926819,0.09059353172779083,-0.012822151184082031,-27,-17,4,129,-5,-1,0.01522032175373464
g17828.t1,G7VHZ9,0.7189,20.8,1,350,2.0061134840051293,149,57,144,22926.57421875,0.16255256533622742,0.2272518277168274,0.5911124348640442,0.43749895691871643,0.15361353754997253,343,69,18,265,2,32,20,12,0.1657142857142857,0.0651746317744255,0.011233043856918812,0.10086952149868011,0.08843888342380524,0.003911109641194344,0.01908307708799839,0.05220900475978851,0.003796606557443738,0.10735081136226654,0.019414860755205154,0.011821647174656391,0.05790165439248085,0.06220117211341858,0.00014073390047997236,0.025430241599678993,0.0,0.003364779520779848,0.014363600872457027,0.023146413266658783,0.3301481604576111,1,292,1.8605536572263166,132,49,111,20075.13671875,0.11750885844230652,0.19531714916229248,0.6618396043777466,0.4258691370487213,0.23597043752670288,282,45,3,209,0,26,23,3,0.20205479452054795,0.03881928324699402,0.0003214470052625984,0.0,0.19715118408203125,0.002571576042100787,0.025334469974040985,0.021422887220978737,0.0009423554874956608,0.25757670402526855,0.011385718360543251,0.01464365515857935,0.0,0.03969503939151764,0.0008036174695007503,0.08729764074087143,0.0,0.047466885298490524,0.06451255828142166,0.021762622520327568,0.16829241812229156,58,0.14555982677881274,17,8,33,2851.4375,0.0450437068939209,0.03193467855453491,-0.07072716951370239,61,24,15,56,2,9,-0.036340508806262245
g6397.t1,G7VFE8,0.714,31.3,1,173,5.488487289593995,97,12,64,35389.3203125,0.1429259479045868,0.3427773714065552,0.5122960209846497,0.5017601251602173,0.01053598988801241,127,6,6,13,39,40,3,37,0.5953757225433526,0.0044547137804329395,0.005283869802951813,0.006797023117542267,0.006081275176256895,,0.002000601962208748,0.270498126745224,0.010758399963378906,0.22750526666641235,0.011031919158995152,0.015681734308600426,0.04256238415837288,0.03714212402701378,0.0043762982822954655,0.010975854471325874,0.0013364141341298819,0.021373089402914047,0.013619238510727882,0.034266818314790726,0.27425476908683777,1,88,2.063419416147019,17,18,53,17915.1328125,0.3467232882976532,0.12045913934707642,0.5249651074409485,0.5249650478363037,0.0,42,2,0,9,22,19,0,19,0.45454545454545453,0.0,0.006511840038001537,,0.0,,0.007852551527321339,,0.02209913358092308,0.4039209485054016,0.06040218472480774,0.023940645158290863,0.09448440372943878,0.1092461422085762,0.0,0.05568749085068703,0.0,0.03655074164271355,0.036370642483234406,0.021889161318540573,0.12104412168264389,85,3.425067873446976,80,-6,11,17474.1875,-0.2037973403930664,0.22231823205947876,-0.012669086456298828,85,4,6,4,17,18,0.14083026799789805
g13229.t2,G7VHG6,0.7064,31.9,1,632,4.107278301411501,124,143,365,74260.390625,0.3105301558971405,0.2924838662147522,0.3544774353504181,0.26220008730888367,0.09227734804153442,400,34,6,157,10,41,28,13,0.314873417721519,0.044277433305978775,0.0735803171992302,0.06519051641225815,0.04799991473555565,4.344909029896371e-05,0.04250851273536682,0.07175538688898087,0.043744828552007675,0.0716235414147377,0.03047352470457554,0.0352073535323143,0.03917911648750305,0.10158184915781021,0.02317919209599495,0.0055304705165326595,0.0,0.037120845168828964,0.05987812951207161,0.01654905080795288,0.19057652354240417,1,396,3.1633783132082542,128,104,164,37944.6015625,0.2679828107357025,0.09776792675256729,0.6250566840171814,0.39175382256507874,0.23330286145210266,315,54,0,63,0,40,33,7,0.25,0.05031479522585869,0.01072914432734251,0.013874954544007778,0.18298807740211487,0.0,0.00919262133538723,0.04898269474506378,0.0,0.21238817274570465,0.031629834324121475,0.023789608851075172,0.004973212257027626,0.1194714680314064,0.025745635852217674,0.017680127173662186,0.0,0.06237303465604782,0.001087982440367341,0.005413037724792957,0.1793656200170517,236,0.9438999882032468,-4,39,201,36315.7890625,0.04254734516143799,0.1947159394621849,-0.2705792486667633,85,-20,6,94,10,6,0.064873417721519
g16310.t1,G7VCE6,0.7031,15.1,1,435,2.320556812092378,166,89,180,30792.310546875,0.1490073800086975,0.3049319386482239,0.5047375559806824,0.28843241930007935,0.21630510687828064,403,44,11,74,4,24,17,7,0.18620689655172415,0.05485822260379791,0.048811379820108414,0.02434893697500229,0.16144688427448273,0.009568474255502224,0.04132314398884773,0.15040434896945953,0.004381823353469372,0.08392966538667679,0.013621940277516842,0.014326762408018112,0.04029974713921547,0.041468244045972824,0.008592300117015839,0.021323151886463165,0.0,0.016748085618019104,0.021403977647423744,0.03864015266299248,0.20450274646282196,1,395,1.9872877692524498,166,77,152,23525.07421875,0.2664355933666229,0.20249305665493011,0.46717357635498047,0.3400721251964569,0.12710142135620117,393,56,3,199,-1,23,16,7,0.15443037974683543,0.05341450870037079,0.0239705927670002,0.07701773196458817,0.07368692755699158,0.013932275585830212,0.06389777362346649,0.0012109073577448726,0.0,0.11088524758815765,0.06207424774765968,0.014089287258684635,0.07571954280138016,0.04932480305433273,0.04375196248292923,0.02553427591919899,0.002412478905171156,0.0075434427708387375,0.008774267509579659,0.06357281655073166,0.22918687760829926,40,0.3332690428399283,0,12,28,7267.236328125,-0.11742821335792542,0.10243888199329376,0.037563979625701904,10,-12,8,-125,5,0,0.031776516804888716
g11355.t1,G7VI93,0.697,13.8,1,220,1.9654968528649903,71,52,97,21077.068359375,0.1808115839958191,0.2630024552345276,0.5548344254493713,0.38975587487220764,0.1650785505771637,198,26,3,112,3,21,14,7,0.24545454545454545,0.11149974912405014,0.05743618682026863,0.06796625256538391,0.05357879400253296,0.0,0.0013515488244593143,0.06190674751996994,0.0,0.04430197551846504,0.0024493320379406214,0.001530832494609058,0.07759951055049896,0.08545439690351486,0.0,0.004129758104681969,0.0071318200789391994,0.013777492567896843,0.023420779034495354,0.041010912507772446,0.3454539477825165,1,212,2.368341671661908,90,47,75,24624.1953125,0.34770917892456055,0.24260100722312927,0.3941469192504883,0.30972063541412354,0.08442635834217072,174,11,2,213,2,17,9,8,0.3113207547169811,0.04277016595005989,0.036901865154504776,0.021204112097620964,0.04165619984269142,0.028040749952197075,0.01554291695356369,0.08998776227235794,0.11255309730768204,0.22735542058944702,0.08413676917552948,0.030148793011903763,0.04694822058081627,0.0363759845495224,0.00845730397850275,0.010842345654964447,0.012036156840622425,0.0010482523357495666,0.023495646193623543,0.048133086413145065,0.08236518502235413,8,-0.4028448187969176,-19,5,22,-3547.126953125,-0.16689759492874146,0.020401448011398315,0.16068750619888306,24,15,1,-101,1,-1,-0.06586620926243567
g13229.t1,G7VHG6,0.6949,31.9,1,649,4.151096740708378,121,147,381,77929.09375,0.31086641550064087,0.2900553047657013,0.34999701380729675,0.2705584466457367,0.07943852245807648,429,46,6,183,14,44,32,12,0.31432973805855163,0.03539951145648956,0.07402947545051575,0.044806383550167084,0.044039007276296616,0.0,0.049081314355134964,0.08209928125143051,0.05750073119997978,0.09816310554742813,0.033519938588142395,0.025407975539565086,0.035443343222141266,0.09901938587427139,0.03245747461915016,0.011592353694140911,0.0,0.027517590671777725,0.05694175511598587,0.020586026832461357,0.17239536345005035,1,396,3.1633783132082542,128,104,164,37944.6015625,0.2679828107357025,0.09776792675256729,0.6250566840171814,0.39175382256507874,0.23330286145210266,315,54,0,63,0,40,33,7,0.25,0.05031479522585869,0.01072914432734251,0.013874954544007778,0.18298807740211487,0.0,0.00919262133538723,0.04898269474506378,0.0,0.21238817274570465,0.031629834324121475,0.023789608851075172,0.004973212257027626,0.1194714680314064,0.025745635852217674,0.017680127173662186,0.0,0.06237303465604782,0.001087982440367341,0.005413037724792957,0.1793656200170517,253,0.9877184275001238,-7,43,217,39984.4921875,0.042883604764938354,0.192287378013134,-0.27505967020988464,114,-8,6,120,14,5,0.06432973805855163
g19521.t1,G7VCX8,0.6934,12.6,1,185,1.6168638063228868,69,44,72,19210.61328125,0.2318929135799408,0.18757888674736023,0.5714969635009766,0.3171062171459198,0.254390686750412,162,27,2,86,0,18,17,1,0.24324324324324326,0.13197417557239532,0.03867923095822334,0.0663510113954544,0.12241650372743607,0.0005038693198002875,0.009031320922076702,0.028451839461922646,0.0,0.057009097188711166,0.05408197268843651,0.00033591288956813514,0.1254238337278366,0.0023513901978731155,0.04684452712535858,0.02121506631374359,0.003688482102006674,0.0023513901978731155,0.02919325977563858,0.0,0.2600971460342407,1,166,1.578308991460353,58,43,65,17708.890625,0.2507324814796448,0.20611891150474548,0.5112582445144653,0.3225918710231781,0.18866635859012604,144,11,0,140,0,15,14,1,0.29518072289156627,0.06854746490716934,0.024459246546030045,0.00658767856657505,0.1201188936829567,0.010020958259701729,0.03189035505056381,0.07857799530029297,0.05848595127463341,0.220248743891716,0.04113491624593735,0.004186428152024746,0.07899808883666992,0.021317310631275177,0.011996072717010975,0.033489715307950974,,0.024592740461230278,0.0012463175226002932,0.06175795942544937,0.10234315693378448,19,0.03855481486253387,11,1,7,1501.72265625,-0.01883956789970398,-0.018540024757385254,0.06023871898651123,18,16,2,-54,0,0,-0.051937479648323015
g3016.t1,G7VB70,0.6917,14.8,1,234,4.996792984144962,159,21,54,35438.21875,0.19714266061782837,0.23393212258815765,0.529402494430542,0.379173219203949,0.1502292901277542,219,28,10,11,4,33,26,7,0.452991452991453,0.022335955873131752,0.011893670074641705,0.06905704736709595,0.127893328666687,,0.039522670209407806,0.12416601181030273,0.02894674427807331,0.13492220640182495,0.032782889902591705,0.010197272524237633,0.055186592042446136,0.03104054182767868,0.025766322389245033,0.015123623423278332,0.0,0.013222298584878445,0.007281405385583639,0.0064103733748197556,0.24425102770328522,1,188,4.584391904774439,137,19,32,30479.8359375,0.2095862329006195,0.13055302202701569,0.649269700050354,0.4510660767555237,0.1982036530971527,194,26,0,25,-4,30,26,4,0.4308510638297872,0.023292014375329018,0.017136989161372185,0.013066092506051064,0.17491161823272705,,0.01059104222804308,0.024980679154396057,0.036732859909534454,0.31029120087623596,0.085819773375988,0.01947794295847416,0.039950743317604065,0.003257475793361664,0.023606419563293457,0.012856469489634037,,0.0007410086691379547,0.034185439348220825,0.02832735702395439,0.14077484607696533,46,0.4124010793705235,22,2,22,4958.3828125,-0.012443572282791138,0.10337910056114197,-0.11986720561981201,25,2,10,-14,8,3,0.022140389161665774
g19521.t1,G7VHS6,0.6882,17.0,1,185,1.6168638063228868,69,44,72,19210.61328125,0.2318929135799408,0.18757888674736023,0.5714969635009766,0.3171062171459198,0.254390686750412,162,27,2,86,0,18,17,1,0.24324324324324326,0.13197417557239532,0.03867923095822334,0.0663510113954544,0.12241650372743607,0.0005038693198002875,0.009031320922076702,0.028451839461922646,0.0,0.057009097188711166,0.05408197268843651,0.00033591288956813514,0.1254238337278366,0.0023513901978731155,0.04684452712535858,0.02121506631374359,0.003688482102006674,0.0023513901978731155,0.02919325977563858,0.0,0.2600971460342407,1,161,1.4785001173046484,56,43,62,15784.7294921875,0.21402613818645477,0.21803750097751617,0.5679364204406738,0.33259740471839905,0.23533901572227478,145,13,0,154,-1,14,12,2,0.2857142857142857,0.06541180610656738,0.016310807317495346,0.019308432936668396,0.1699272096157074,0.0,0.0,0.028124848380684853,0.0345451794564724,0.20312745869159698,0.053103845566511154,0.012264560908079147,0.04221236705780029,0.014429179951548576,0.022062228992581367,0.056850552558898926,,0.035408779978752136,0.06273648887872696,0.034706369042396545,0.12946993112564087,24,0.13836368901823848,13,1,10,3425.8837890625,0.017866775393486023,-0.030458614230155945,0.0035605430603027344,17,14,2,-68,1,-1,-0.04247104247104244
g10268.t2,G7VC38,0.6777,14.9,1,357,2.3910150954573104,270,2,85,28269.8828125,0.36910247802734375,0.2616197466850281,0.3692777454853058,0.25150036811828613,0.11777739226818085,302,8,6,454,8,17,10,7,0.20168067226890757,0.0470663458108902,0.01639586314558983,0.054604820907115936,0.07071104645729065,0.026821419596672058,0.0,0.07543602585792542,0.09898997843265533,0.1134544089436531,0.11799306422472,0.036408647894859314,0.0,0.024289662018418312,0.06117565929889679,0.0030794390477240086,0.0,0.0034240109380334616,0.01854843460023403,0.09355518221855164,0.13804595172405243,1,292,1.9109912751558602,223,12,57,22237.46484375,0.5486012101173401,0.17544105648994446,0.24112889170646667,0.2296375185251236,0.01149137131869793,283,4,0,172,7,9,1,8,0.1952054794520548,0.0002835742197930813,0.04990335553884506,0.02120366133749485,0.011207797564566135,0.06918785721063614,0.03482881560921669,0.0,0.030697299167513847,0.21249374747276306,0.22839434444904327,0.04338011518120766,0.027775734663009644,0.07788822054862976,0.011554677039384842,0.038562849164009094,,0.05972293019294739,0.0546286404132843,0.011142548173666,0.01714375801384449,65,0.4800238203014502,47,-10,28,6032.41796875,-0.17949873208999634,0.08617869019508362,0.1281488537788391,19,4,6,282,1,-1,0.006475192816852771
g993.t1,G7VB85,0.6744,17.8,1,391,2.1962757915272944,128,99,164,25109.80859375,0.23503397405147552,0.2732967436313629,0.46269190311431885,0.3056989908218384,0.15699289739131927,393,57,23,373,-1,25,20,5,0.1867007672634271,0.08867184072732925,0.028887681663036346,0.09088678658008575,0.06832105666399002,0.0,0.028977401554584503,0.07246996462345123,0.02384405955672264,0.05646299198269844,0.01297824177891016,0.003641469171270728,0.04113921523094177,0.07299453765153885,0.04612765461206436,0.03359481319785118,0.0,0.034308817237615585,0.03782058134675026,0.00963690597563982,0.24923601746559143,1,401,2.291154767153515,147,115,139,25907.3671875,0.12959058582782745,0.12898586690425873,0.7129267454147339,0.4105566442012787,0.3023700714111328,393,44,0,186,-3,32,29,3,0.18952618453865336,0.15258704125881195,0.008296022191643715,0.0304197259247303,0.14978301525115967,0.0,0.028496811166405678,0.03574451431632042,0.0,0.16063299775123596,0.05866440758109093,0.00684695178642869,0.02294112928211689,0.01685248501598835,0.01768491417169571,0.018144352361559868,,0.006600707769393921,0.030044207349419594,0.006337037310004234,0.24992363154888153,-10,-0.09487897562622072,-19,-16,25,-797.55859375,0.10544338822364807,0.1443108767271042,-0.25023484230041504,0,13,23,187,2,2,-0.002825417275226255
g10910.t1,G7VDV7,0.6707,12.3,1,353,2.0973131337787545,97,98,158,24941.53515625,0.21020451188087463,0.0971151813864708,0.6702383756637573,0.4509773850440979,0.21926099061965942,322,27,18,158,-4,27,24,3,0.19830028328611898,0.10738832503557205,0.02361469529569149,0.038695402443408966,0.11187265068292618,0.0,0.022441957145929337,0.011291055008769035,0.0023256095591932535,0.1674344837665558,0.031441036611795425,0.048811253160238266,0.05360740050673485,0.050486691296100616,0.018628470599651337,0.007179520092904568,0.0,0.0049040489830076694,0.002401886275038123,0.0139326062053442,0.2835428714752197,1,343,1.999021825517821,125,80,138,22171.095703125,0.1333293318748474,0.17348216474056244,0.6817249059677124,0.38361024856567383,0.2981146574020386,356,74,0,103,1,25,29,-4,0.1836734693877551,0.17510691285133362,0.012078940868377686,0.05677028000354767,0.12300772964954376,0.0,0.01146361231803894,0.005988294258713722,0.0024640464689582586,0.18966881930828094,0.02210387960076332,0.03178707882761955,0.010613379999995232,0.021101761609315872,0.021974937990307808,0.07836675643920898,0.0,0.023284249007701874,0.016090724617242813,0.004187174141407013,0.19394142925739288,10,0.09829130826093357,-28,18,20,2770.439453125,0.07687518000602722,-0.07636698335409164,-0.011486530303955078,-34,-47,18,55,-5,7,0.014626813898363872
g4920.t3,G7VHL5,0.6665,17.1,1,306,2.604009486701002,189,12,105,27151.58203125,0.2725813686847687,0.2720043957233429,0.365825355052948,0.19576531648635864,0.17006005346775055,289,39,0,370,-3,18,16,2,0.238562091503268,0.06889481842517853,0.05269097909331322,0.07191739976406097,0.10116522759199142,0.030216941609978676,0.08958885073661804,0.10202746093273163,0.0025655936915427446,0.0503905825316906,0.023113135248422623,0.023242807015776634,0.03250988945364952,0.05768044292926788,0.06758397817611694,0.004018700681626797,0.0,0.03566858917474747,0.03564074635505676,0.005709104705601931,0.14537473022937775,1,418,2.8990139776100374,276,27,115,30438.703125,0.2902753949165344,0.20278213918209076,0.4656410813331604,0.26567766070365906,0.19996343553066254,441,61,0,51,-3,29,24,5,0.1937799043062201,0.04055722802877426,0.044249601662158966,0.02121713012456894,0.15940618515014648,0.0,0.041301362216472626,0.046859074383974075,0.04462660476565361,0.1735857129096985,0.06473546475172043,0.06436779350042343,0.054653100669384,0.03922053426504135,0.009450712241232395,0.036869924515485764,0.0,0.013221178203821182,0.02902406081557274,0.02456233650445938,0.09209196269512177,-112,-0.29500449090903524,-87,-15,-10,-3287.12109375,-0.017694026231765747,0.06922225654125214,-0.0998157262802124,-152,-22,0,319,0,-3,0.04478218719704788
g11479.t1,G7VGV9,0.6636,16.2,1,281,2.330517654540377,53,86,142,31332.375,0.25071844458580017,0.23203732073307037,0.49085092544555664,0.44757992029190063,0.0432710237801075,199,25,2,61,32,31,6,25,0.26334519572953735,0.005232775118201971,0.028523623943328857,0.01605161838233471,0.03803824633359909,0.003668042365461588,0.026393229141831398,0.1279108226299286,0.0,0.1839355081319809,0.07971608638763428,0.0267739649862051,0.056067679077386856,0.04448650777339935,0.011701932176947594,0.01617160066962242,0.0,0.02830422669649124,0.03449101001024246,0.00888865627348423,0.26364439725875854,1,159,1.7906199812678403,90,10,59,20329.23046875,0.2502043843269348,0.2214057594537735,0.5110090374946594,0.364078164100647,0.14693087339401245,137,23,0,15,17,20,8,12,0.2893081761006289,0.05446820333600044,0.02145492285490036,0.025853468105196953,0.09246265143156052,0.040980320423841476,0.01738075353205204,0.08746261149644852,0.0,0.1192617192864418,0.0549943670630455,0.0017241500318050385,0.11585332453250885,0.021743902936577797,0.0006348585011437535,0.020868375897407532,,0.014273461885750294,0.04354733228683472,0.02221905253827572,0.24481643736362457,122,0.5398976732725367,-37,76,83,11003.14453125,0.0005140602588653564,0.010631561279296875,-0.020158112049102783,62,2,2,46,15,13,-0.02596298037109157
g17321.t1,G7VGW7,0.6575,21.6,1,355,2.950300821102063,153,48,154,31343.37109375,0.1658967137336731,0.25813913345336914,0.5452871322631836,0.3516550362110138,0.19363214075565338,293,51,2,358,4,33,27,6,0.23098591549295774,0.08996947109699249,0.0554676428437233,0.11790204048156738,0.10366267710924149,0.029074274003505707,0.03067701868712902,0.0,0.03942675143480301,0.0859823003411293,0.02404615841805935,0.0016470705159008503,0.05183466896414757,0.014514808543026447,0.00010294190724380314,0.023243170231580734,0.00218940619379282,0.005250037182122469,0.04634837806224823,0.012988487258553505,0.2656727731227875,1,141,1.8422855448471156,62,30,49,17747.72265625,0.32433104515075684,0.2928694486618042,0.37843626737594604,0.2534980773925781,0.12493818998336792,115,10,7,150,3,14,9,5,0.3333333333333333,0.0529337115585804,0.05832010507583618,0.011226690374314785,0.07200448215007782,0.029430950060486794,0.004363214131444693,0.12357312440872192,0.0,0.1336333155632019,0.03908712416887283,0.034298136830329895,0.09670904278755188,0.06212605908513069,0.0525403656065464,0.008147867396473885,0.0,0.010139384306967258,0.019741088151931763,0.07186055183410645,0.11986472457647324,214,1.1080152762549476,91,18,105,13595.6484375,-0.15843433141708374,-0.03473031520843506,0.16685086488723755,178,41,-5,208,1,1,-0.10234741784037557
g12109.t2,G7VBU7,0.6538,16.4,1,160,2.622392035098308,33,34,93,30858.55078125,0.3216227889060974,0.17495572566986084,0.477888822555542,0.4443657398223877,0.033523079007864,87,6,0,34,25,26,7,19,0.4125,0.00010217543604085222,0.03177787363529205,0.02681606635451317,0.033420905470848083,0.002091184491291642,0.025532672181725502,0.03177165240049362,0.010246804915368557,0.2691367566585541,0.13359373807907104,0.003709305077791214,0.05370178818702698,0.09525346010923386,0.005646198056638241,0.027645133435726166,0.0,0.01738034188747406,0.009262535721063614,0.047682471573352814,0.17522898316383362,1,103,1.5149327677163933,18,28,57,16207.17578125,0.22064970433712006,0.08147541433572769,0.692747950553894,0.5048957467079163,0.18785221874713898,73,9,0,0,8,16,9,7,0.36893203883495146,0.025395549833774567,0.002986219944432378,0.04058907926082611,0.162456676363945,,0.00512689771130681,,,0.33813461661338806,0.034775685518980026,0.051634062081575394,0.07632215321063995,0.0,0.011944879777729511,0.006284366361796856,,0.045972924679517746,0.0123378811404109,0.019277870655059814,0.1667611449956894,57,1.1074592673819146,15,6,36,14651.375,0.10097308456897736,0.09348031133413315,-0.21485912799835205,14,-3,0,34,17,12,0.04356796116504852
g9206.t2,G7VDU2,0.653,33.7,1,176,2.890321776422695,55,0,121,35383.015625,0.3585679829120636,0.19984544813632965,0.4415864944458008,0.24216152727603912,0.19942496716976166,71,2,0,42,-5,16,18,-2,0.5170454545454546,0.02309233695268631,0.039015330374240875,0.027449961751699448,0.17633263766765594,0.0001823782513383776,0.0,0.01751076430082321,0.04295007884502411,0.016793981194496155,0.07249535620212555,0.04697250574827194,0.021707380190491676,0.08957237750291824,0.012306373566389084,0.03527108579874039,0.0,0.07238153368234634,0.0676562637090683,0.012942046858370304,0.22536754608154297,1,109,2.1986077878825268,58,0,51,20637.21484375,0.38251692056655884,0.1574835479259491,0.45999959111213684,0.19122475385665894,0.2687748372554779,64,6,0,5,-7,10,16,-6,0.44036697247706424,0.0019861601758748293,0.0009309471352025867,0.010429349727928638,0.26678869128227234,,0.0,0.024656379595398903,0.11608064919710159,0.020091835409402847,0.012262224219739437,0.02282651700079441,0.002814228180795908,0.059880033135414124,0.0007817301084287465,0.04425772652029991,,0.16787151992321014,0.038771852850914,0.03843728452920914,0.1711329072713852,67,0.6917139885401684,-3,0,70,14745.80078125,-0.02394893765449524,0.042361900210380554,-0.01841309666633606,7,-4,0,37,2,4,0.07667848206839034
g4920.t3,G7VG46,0.652,17.8,1,306,2.604009486701002,189,12,105,27151.58203125,0.2725813686847687,0.2720043957233429,0.365825355052948,0.19576531648635864,0.17006005346775055,289,39,0,370,-3,18,16,2,0.238562091503268,0.06889481842517853,0.05269097909331322,0.07191739976406097,0.10116522759199142,0.030216941609978676,0.08958885073661804,0.10202746093273163,0.0025655936915427446,0.0503905825316906,0.023113135248422623,0.023242807015776634,0.03250988945364952,0.05768044292926788,0.06758397817611694,0.004018700681626797,0.0,0.03566858917474747,0.03564074635505676,0.005709104705601931,0.14537473022937775,1,429,2.8838056857903944,279,25,125,31319.4375,0.28363004326820374,0.16856800019741058,0.5089679956436157,0.28549835085868835,0.22346964478492737,442,86,6,330,-4,32,33,-1,0.2097902097902098,0.02920893020927906,0.016555456444621086,0.008489160798490047,0.19426070153713226,0.03179728612303734,0.03883399814367294,0.031927067786455154,0.032657522708177567,0.19792883098125458,0.06453453749418259,0.004120822995901108,0.020214566960930824,0.06772176921367645,0.040608249604701996,0.06117754057049751,0.0,0.02197529375553131,0.04059489071369171,0.009823886677622795,0.08756950497627258,-123,-0.27979619908939224,-90,-13,-20,-4167.85546875,-0.011048674583435059,0.10343639552593231,-0.14314264059066772,-153,-47,-6,40,1,3,0.028771881713058195
g15154.t1,G7VDL3,0.6514,17.2,1,443,2.5336073591686694,134,114,195,28850.81640625,0.18849119544029236,0.3011382222175598,0.4578763544559479,0.2023358941078186,0.2555404305458069,401,55,16,452,-13,21,29,-8,0.19413092550790068,0.1398330181837082,0.08938507735729218,0.037916116416454315,0.1157074123620987,0.0045852563343942165,0.05249420180916786,0.08649289608001709,0.026563310995697975,0.04750355705618858,0.05994858592748642,0.00787913054227829,0.00964974332600832,0.05272737890481949,0.0,0.010235325433313847,0.0,0.027137786149978638,0.05014000087976456,0.026968808844685555,0.15483234822750092,1,306,2.5667606931579394,107,72,127,30699.138671875,0.38767075538635254,0.21277177333831787,0.39488184452056885,0.23909707367420197,0.1557847559452057,268,43,0,40,1,24,15,9,0.2581699346405229,0.031965527683496475,0.0027730620931833982,0.028782347217202187,0.12381922453641891,0.07733804732561111,0.004675632808357477,0.030703244730830193,0.03980496898293495,0.16871637105941772,0.050312794744968414,0.05043705925345421,0.053100720047950745,0.04109495133161545,0.06530885398387909,0.043162133544683456,,0.010273326188325882,0.03661910817027092,0.07073187828063965,0.07038069516420364,137,-0.033153333989270006,27,42,68,-1848.322265625,-0.19917955994606018,0.08836644887924194,0.06299450993537903,133,12,16,412,-14,-17,-0.06403900913262223
g14424.t1,G7VGC5,0.6476,13.3,1,128,2.1174080204807844,38,46,44,22751.9140625,0.2065204381942749,0.17737969756126404,0.5962307453155518,0.47851720452308655,0.1177135780453682,100,24,0,9,9,22,9,13,0.3515625,0.022598421201109886,0.008367042057216167,0.0065461499616503716,0.09511515498161316,0.0,0.019869090989232063,0.1194334402680397,0.02704126201570034,0.18353426456451416,0.035028126090765,0.0015599570469930768,0.07819835841655731,0.019712185487151146,0.017285175621509552,0.017868155613541603,0.0,0.027695370838046074,0.025164904072880745,,0.2949829399585724,1,143,2.030800777600991,48,51,44,19333.04296875,0.2499275952577591,0.2298574596643448,0.4964444637298584,0.3421160578727722,0.15432840585708618,125,13,0,50,1,17,13,4,0.32867132867132864,0.027285147458314896,0.04508613049983978,0.06259317696094513,0.12704326212406158,,0.023770460858941078,0.01766335405409336,0.024199461564421654,0.15046164393424988,0.006834996398538351,0.039375290274620056,0.07987572252750397,0.04881969466805458,0.018945878371596336,0.017538443207740784,,0.03187652677297592,0.06148519366979599,0.025491179898381233,0.19165439903736115,-15,0.08660724287979349,-10,-5,0,3418.87109375,-0.04340715706348419,-0.05247776210308075,0.09978628158569336,-25,11,0,-41,8,9,0.022891171328671356
g19521.t1,G7VDG2,0.6467,13.9,1,185,1.6168638063228868,69,44,72,19210.61328125,0.2318929135799408,0.18757888674736023,0.5714969635009766,0.3171062171459198,0.254390686750412,162,27,2,86,0,18,17,1,0.24324324324324326,0.13197417557239532,0.03867923095822334,0.0663510113954544,0.12241650372743607,0.0005038693198002875,0.009031320922076702,0.028451839461922646,0.0,0.057009097188711166,0.05408197268843651,0.00033591288956813514,0.1254238337278366,0.0023513901978731155,0.04684452712535858,0.02121506631374359,0.003688482102006674,0.0023513901978731155,0.02919325977563858,0.0,0.2600971460342407,1,162,1.492230382814865,57,43,62,16557.58203125,0.2015991061925888,0.24828115105628967,0.5501197576522827,0.2984521687030792,0.2516675889492035,149,22,0,142,-3,13,10,3,0.25925925925925924,0.08512020111083984,0.019543355330824852,0.001911624101921916,0.16654738783836365,,0.0,0.0013359261211007833,0.019486818462610245,0.2014920562505722,0.02298111841082573,0.03059430792927742,0.07756640762090683,0.019681688398122787,0.031288761645555496,0.05735484138131142,,0.0,0.09553766995668411,0.07259776443243027,0.0969601571559906,23,0.12463342350802176,12,1,10,2653.03125,0.03029380738735199,-0.06070226430892944,0.021377205848693848,13,5,2,-56,3,-2,-0.016016016016015988
g6827.t1,G7VHT2,0.6448,14.3,1,176,1.7498201592905276,52,51,73,20316.9375,0.15511298179626465,0.44832873344421387,0.3384191691875458,0.189107283949852,0.14931190013885498,139,9,1,294,-5,11,13,-2,0.3068181818181818,0.06269726157188416,0.050460465252399445,0.13147804141044617,0.08661463111639023,0.0,0.05813911557197571,0.21059846878051758,0.0058397878892719746,0.059402916580438614,0.021001840010285378,0.02268820069730282,0.08609289675951004,0.014567132107913494,0.0,0.025405090302228928,0.014636454172432423,0.004923130385577679,0.015750225633382797,0.0,0.12970435619354248,1,148,1.4738217546778807,49,57,42,15370.9833984375,0.12395972013473511,0.15763072669506073,0.718409538269043,0.39765164256095886,0.3207578957080841,145,21,3,157,3,18,16,2,0.25,0.11978457868099213,0.024539846926927567,,0.2009733021259308,0.0,,0.0,0.0,0.31086599826812744,0.02496032416820526,0.017002830281853676,0.03565051406621933,0.02162088453769684,0.004517553839832544,0.03658708930015564,0.016316089779138565,0.020207617431879044,0.03411376103758812,0.04607393220067024,0.08678565919399261,28,0.2759984046126469,3,-6,31,4945.9541015625,0.03115326166152954,0.29069800674915314,-0.3799903690814972,-6,-12,-2,137,-8,-4,0.05681818181818182
g12174.t1,G7VG08,0.6384,14.4,1,225,1.6449461221056636,85,51,89,18509.83203125,0.20690254867076874,0.19965696334838867,0.5673162937164307,0.3810279667377472,0.18628837168216705,204,20,5,405,2,19,14,5,0.21333333333333335,0.12056343257427216,0.040602441877126694,0.05235670506954193,0.06572496145963669,0.0008715762523934245,0.02612408436834812,0.06349366903305054,0.0005229457747191191,0.023074496537446976,0.09363581240177155,0.0,0.046176329255104065,0.03529062122106552,0.0,0.022846128791570663,0.00017431526794098318,0.03040526993572712,0.020009396597743034,0.00017431526794098318,0.3579534590244293,1,194,1.5209553893580596,70,45,79,16150.9033203125,0.09605314582586288,0.21416929364204407,0.6847832202911377,0.3512355387210846,0.3335476517677307,173,27,0,129,-1,19,17,2,0.27319587628865977,0.11225235462188721,0.0,0.012968598864972591,0.2212952822446823,0.0025780790019780397,0.004994374234229326,0.04613547399640083,0.0003995499573647976,0.3090565502643585,0.00319184479303658,0.0009852111106738448,0.02020774967968464,0.01698087342083454,0.027745947241783142,0.09491268545389175,,0.023963887244462967,0.0578007847070694,0.0023517541121691465,0.04217898100614548,31,0.12399073274760397,15,6,10,2358.9287109375,0.11084940284490585,-0.014512330293655396,-0.11746692657470703,31,-7,5,276,3,3,-0.05986254295532642
g9206.t1,G7VDU2,0.6374,33.7,1,146,2.9538168233677253,42,0,104,33124.390625,0.33523696660995483,0.16397996246814728,0.5007830858230591,0.25037676095962524,0.25040629506111145,55,3,0,30,-7,15,21,-6,0.5,0.051694247871637344,0.03938524052500725,0.007052621804177761,0.1987120509147644,0.0,0.0,0.018601834774017334,0.04256240278482437,0.012446177192032337,0.06674345582723618,0.03440655767917633,0.0343785360455513,0.08180377632379532,0.004961092956364155,0.04553573951125145,0.0,0.07038113474845886,0.03656958043575287,0.016834942623972893,0.237930566072464,1,109,2.1986077878825268,58,0,51,20637.21484375,0.38251692056655884,0.1574835479259491,0.45999959111213684,0.19122475385665894,0.2687748372554779,64,6,0,5,-7,10,16,-6,0.44036697247706424,0.0019861601758748293,0.0009309471352025867,0.010429349727928638,0.26678869128227234,,0.0,0.024656379595398903,0.11608064919710159,0.020091835409402847,0.012262224219739437,0.02282651700079441,0.002814228180795908,0.059880033135414124,0.0007817301084287465,0.04425772652029991,,0.16787151992321014,0.038771852850914,0.03843728452920914,0.1711329072713852,37,0.7552090354851986,-16,0,53,12487.17578125,-0.047279953956604004,0.006496414542198181,0.04078349471092224,-9,-3,0,25,0,0,0.059633027522935755
g9275.t1,G7VCQ8,0.6345,15.3,1,143,2.2094791523677535,33,41,69,20855.189453125,0.2159562110900879,0.23212751746177673,0.527164101600647,0.43795454502105713,0.08920956403017044,102,11,0,42,20,26,7,19,0.3706293706293706,0.028876278549432755,0.035008322447538376,0.056135017424821854,0.060333285480737686,0.0,0.024752099066972733,0.047784965485334396,0.000302369415294379,0.2121901959180832,0.0652707889676094,0.0,0.07143107056617737,0.041669923812150955,0.022429700940847397,0.032685570418834686,0.0,0.014852344058454037,0.037645962089300156,0.02286769077181816,0.22576434910297394,1,97,1.2977912159430165,24,39,34,13734.904296875,0.247014120221138,0.07828208804130554,0.6747037172317505,0.4115048944950104,0.2631988227367401,87,18,0,31,1,13,10,3,0.32989690721649484,0.0992715135216713,,,0.1639273315668106,0.0404055193066597,0.0,0.014057355001568794,0.054179128259420395,0.2887812554836273,0.014275571331381798,0.004698316100984812,0.0915578305721283,0.0,0.001174579025246203,0.011238470673561096,0.0,0.040723178535699844,0.024846047163009644,0.028140224516391754,0.12272366136312485,46,0.911687936424737,9,2,35,7120.28515625,-0.03105790913105011,0.1538454294204712,-0.14753961563110352,15,-7,0,11,19,16,0.040732463412875786
g5810.t1,G7VBX9,0.6318,22.1,1,286,4.760696534554028,154,64,68,41607.51171875,0.2975045442581177,0.12626266479492188,0.5548347234725952,0.39033520221710205,0.16449955105781555,239,17,0,101,4,35,28,7,0.40559440559440557,0.029118681326508522,0.024569358676671982,0.02402600646018982,0.13538087904453278,0.011399439536035061,0.021397991105914116,0.05405502766370773,0.025668125599622726,0.162702739238739,0.12025047838687897,0.007056795991957188,0.04294787719845772,0.024970201775431633,0.02512529492378235,0.007824952714145184,,0.040086355060338974,0.00972498208284378,0.0060623399913311005,0.22763244807720184,1,334,6.100861388362644,179,67,88,47613.1328125,0.3636614978313446,0.19365641474723816,0.43021059036254883,0.34667643904685974,0.08353415876626968,296,19,0,54,3,35,22,13,0.38323353293413176,0.019271835684776306,0.02408406510949135,0.03339294716715813,0.06426232308149338,0.004332638345658779,0.012471485882997513,0.06195177882909775,0.028190607205033302,0.2555452287197113,0.0694384053349495,0.05484998598694801,0.05313955992460251,0.043112583458423615,0.03441734239459038,0.021878262981772423,,0.0761803686618805,0.0400473028421402,0.012302068062126637,0.09113120287656784,-48,-1.3401648538086164,-25,-3,-20,-6005.62109375,-0.06615695357322693,-0.06739374995231628,0.12462413311004639,-57,-2,0,47,1,-6,0.02236087266027381
g11355.t1,G7VAH6,0.6293,9.4,1,220,1.9654968528649903,71,52,97,21077.068359375,0.1808115839958191,0.2630024552345276,0.5548344254493713,0.38975587487220764,0.1650785505771637,198,26,3,112,3,21,14,7,0.24545454545454545,0.11149974912405014,0.05743618682026863,0.06796625256538391,0.05357879400253296,0.0,0.0013515488244593143,0.06190674751996994,0.0,0.04430197551846504,0.0024493320379406214,0.001530832494609058,0.07759951055049896,0.08545439690351486,0.0,0.004129758104681969,0.0071318200789391994,0.013777492567896843,0.023420779034495354,0.041010912507772446,0.3454539477825165,1,196,2.5151377543724136,70,58,68,23957.68359375,0.35285380482673645,0.22438944876194,0.41325974464416504,0.3068682551383972,0.10639147460460663,159,5,2,219,0,13,9,4,0.32142857142857145,0.039962731301784515,0.03112751804292202,0.012823043391108513,0.06642875075340271,0.0011844580294564366,0.009497026912868023,0.0345027893781662,0.06828118115663528,0.2272244691848755,0.08012352883815765,0.005925782956182957,0.06113433092832565,0.05399886518716812,0.009023350663483143,0.01870696246623993,0.0,0.07318228483200073,0.06403876096010208,0.06319036334753036,0.07964381575584412,24,-0.5496409015074233,1,-6,29,-2880.615234375,-0.17204222083091736,0.038613006472587585,0.1415746808052063,39,21,1,-107,3,3,-0.075974025974026
g6827.t1,G7VDR4,0.6292,15.5,1,176,1.7498201592905276,52,51,73,20316.9375,0.15511298179626465,0.44832873344421387,0.3384191691875458,0.189107283949852,0.14931190013885498,139,9,1,294,-5,11,13,-2,0.3068181818181818,0.06269726157188416,0.050460465252399445,0.13147804141044617,0.08661463111639023,0.0,0.05813911557197571,0.21059846878051758,0.0058397878892719746,0.059402916580438614,0.021001840010285378,0.02268820069730282,0.08609289675951004,0.014567132107913494,0.0,0.025405090302228928,0.014636454172432423,0.004923130385577679,0.015750225633382797,0.0,0.12970435619354248,1,157,1.6129308156650395,62,38,57,17874.701171875,0.32464179396629333,0.23624010384082794,0.4391181468963623,0.30650943517684937,0.13260866701602936,140,20,0,152,4,17,11,6,0.267515923566879,0.02222561649978161,0.005956800654530525,0.01699615642428398,0.1103830486536026,,,0.04691094532608986,0.05392283573746681,0.10231665521860123,0.011191564612090588,0.07417818158864975,0.08917489647865295,0.07306914776563644,0.023105164989829063,0.007384411990642548,,0.0,0.021069049835205078,0.1379227489233017,0.20419278740882874,19,0.1368893436254881,-10,13,16,2442.236328125,-0.1695288121700287,0.21208862960338593,-0.10069897770881653,-1,-11,1,142,-9,-8,0.039302258251302846
g5810.t1,G7VHY7,0.6253,22.6,1,286,4.760696534554028,154,64,68,41607.51171875,0.2975045442581177,0.12626266479492188,0.5548347234725952,0.39033520221710205,0.16449955105781555,239,17,0,101,4,35,28,7,0.40559440559440557,0.029118681326508522,0.024569358676671982,0.02402600646018982,0.13538087904453278,0.011399439536035061,0.021397991105914116,0.05405502766370773,0.025668125599622726,0.162702739238739,0.12025047838687897,0.007056795991957188,0.04294787719845772,0.024970201775431633,0.02512529492378235,0.007824952714145184,,0.040086355060338974,0.00972498208284378,0.0060623399913311005,0.22763244807720184,1,288,5.633278542337239,178,63,47,43533.375,0.30076709389686584,0.19934304058551788,0.49251678586006165,0.3574940860271454,0.13502272963523865,264,17,0,7,1,34,24,10,0.4131944444444444,0.009125784039497375,0.04181965813040733,0.03177905082702637,0.12589694559574127,0.015045670792460442,0.007373020052909851,0.09137927740812302,0.007115194573998451,0.19461798667907715,0.12338702380657196,0.03423657640814781,0.043916765600442886,0.02435394935309887,0.03164272382855415,0.003353602485731244,0.0,0.021069161593914032,0.020847804844379425,0.010163649916648865,0.16287606954574585,-2,-0.8725820077832109,-24,1,21,-1925.86328125,-0.003262549638748169,-0.07308037579059601,0.06231793761253357,-25,0,0,94,3,-3,-0.007600038850038848
g11518.t1,G7VB54,0.6233,18.3,1,504,2.747106705455714,140,150,214,39000.6640625,0.17374926805496216,0.16099058091640472,0.6454048156738281,0.5154024362564087,0.13000236451625824,432,44,12,266,12,41,25,16,0.19246031746031747,0.019500738009810448,0.03988640755414963,0.022455858066678047,0.11050163954496384,0.0,0.019855313003063202,0.032898642122745514,0.024240046739578247,0.10403674840927124,0.03680943697690964,0.0005791138391941786,0.034762486815452576,0.03959749639034271,0.0004963832907378674,0.03824875131249428,0.0005865145358256996,0.03726432844996452,0.02609654888510704,0.0008178747957572341,0.4113657474517822,1,426,2.2064422020227723,78,170,178,27107.05078125,0.15140822529792786,0.203626349568367,0.6324876546859741,0.4397170841693878,0.1927705556154251,353,31,1,185,10,33,21,12,0.1596244131455399,0.013728012330830097,0.016069021075963974,0.023932119831442833,0.17904254794120789,0.0,0.01247775461524725,0.04264959320425987,0.0,0.053407423198223114,0.01354225818067789,0.03424529731273651,0.03885292634367943,0.060128290206193924,0.0,0.11701273173093796,0.0,0.004639447666704655,0.00011631607776507735,0.003846571547910571,0.3863096237182617,78,0.5406645034329416,62,-20,36,11893.61328125,0.022341042757034302,-0.04263576865196228,0.012917160987854004,79,13,11,81,2,4,0.032835904314777564
g5810.t1,G7VBD9,0.6233,22.5,1,286,4.760696534554028,154,64,68,41607.51171875,0.2975045442581177,0.12626266479492188,0.5548347234725952,0.39033520221710205,0.16449955105781555,239,17,0,101,4,35,28,7,0.40559440559440557,0.029118681326508522,0.024569358676671982,0.02402600646018982,0.13538087904453278,0.011399439536035061,0.021397991105914116,0.05405502766370773,0.025668125599622726,0.162702739238739,0.12025047838687897,0.007056795991957188,0.04294787719845772,0.024970201775431633,0.02512529492378235,0.007824952714145184,,0.040086355060338974,0.00972498208284378,0.0060623399913311005,0.22763244807720184,1,262,4.246169565287438,149,63,50,37247.2109375,0.33699744939804077,0.20041081309318542,0.447012335062027,0.2868540585041046,0.16015827655792236,219,18,0,1,1,27,22,5,0.37404580152671757,0.029119685292243958,0.03533660247921944,0.037815604358911514,0.1310385912656784,0.0,0.015579354017972946,0.054355867207050323,0.034216947853565216,0.162027046084404,0.09060768038034439,0.0397920086979866,0.04154149442911148,0.03771723061800003,0.08723155409097672,0.0012048528296872973,,0.005890512373298407,0.02210754156112671,0.0495903342962265,0.12482702732086182,24,0.5145269692665897,5,1,18,4360.30078125,-0.039492905139923096,-0.07414814829826355,0.10782238841056824,20,-1,0,100,3,2,0.031548604067688
g5964.t1,G7VI93,0.6184,17.9,1,257,2.890078713983306,58,49,150,36655.14453125,0.3190099000930786,0.31345880031585693,0.30644720792770386,0.18326003849506378,0.12318716198205948,189,27,4,185,0,20,16,4,0.35019455252918286,0.03492312878370285,0.07365413010120392,0.02295568957924843,0.08826404064893723,0.0,0.06108405068516731,0.13569091260433197,0.15617649257183075,0.035541944205760956,0.04506848007440567,0.012675510719418526,0.046277642250061035,0.030544182285666466,0.019421279430389404,0.013111067935824394,0.050422895699739456,0.008846311829984188,0.0,0.01762411557137966,0.14771808683872223,1,212,2.368341671661908,90,47,75,24624.1953125,0.34770917892456055,0.24260100722312927,0.3941469192504883,0.30972063541412354,0.08442635834217072,174,11,2,213,2,17,9,8,0.3113207547169811,0.04277016595005989,0.036901865154504776,0.021204112097620964,0.04165619984269142,0.028040749952197075,0.01554291695356369,0.08998776227235794,0.11255309730768204,0.22735542058944702,0.08413676917552948,0.030148793011903763,0.04694822058081627,0.0363759845495224,0.00845730397850275,0.010842345654964447,0.012036156840622425,0.0010482523357495666,0.023495646193623543,0.048133086413145065,0.08236518502235413,45,0.5217370423213983,-32,2,75,12030.94921875,-0.028699278831481934,0.07085779309272766,-0.08769971132278442,15,16,2,-28,-2,-4,0.03887379781220174
g11355.t1,G7VI97,0.6128,14.2,1,220,1.9654968528649903,71,52,97,21077.068359375,0.1808115839958191,0.2630024552345276,0.5548344254493713,0.38975587487220764,0.1650785505771637,198,26,3,112,3,21,14,7,0.24545454545454545,0.11149974912405014,0.05743618682026863,0.06796625256538391,0.05357879400253296,0.0,0.0013515488244593143,0.06190674751996994,0.0,0.04430197551846504,0.0024493320379406214,0.001530832494609058,0.07759951055049896,0.08545439690351486,0.0,0.004129758104681969,0.0071318200789391994,0.013777492567896843,0.023420779034495354,0.041010912507772446,0.3454539477825165,1,192,1.9692113278924908,73,45,74,21048.60546875,0.29573675990104675,0.21591895818710327,0.4883444011211395,0.4028516709804535,0.08549271523952484,186,22,0,81,5,19,7,12,0.3177083333333333,0.04599817469716072,0.020053064450621605,0.04323790594935417,0.03949454426765442,0.0,0.0,0.06575069576501846,0.0,0.2359364777803421,0.06510992348194122,0.034887269139289856,0.0560091994702816,0.06509244441986084,0.06881286203861237,0.02391931042075157,0.0,0.005825030151754618,0.032579969614744186,0.030377989634871483,0.1669151932001114,28,-0.0037144750275004412,-2,7,23,28.462890625,-0.11492517590522766,0.047083497047424316,0.06649002432823181,12,4,3,31,-2,-5,-0.07225378787878786
g11568.t1,G7VB78,0.609,12.8,1,180,2.971874915130754,12,36,132,34304.9765625,0.22369249165058136,0.19440197944641113,0.5782535076141357,0.21829354763031006,0.3599599301815033,93,14,1,36,-9,23,28,-5,0.45555555555555555,0.11032471060752869,0.025907058268785477,0.08845112472772598,0.2496352195739746,0.0020692048128694296,0.0036520378198474646,0.04710710048675537,0.027758726850152016,0.09029390662908554,0.06103089079260826,0.030065355822443962,0.05057220906019211,0.013920103199779987,0.017964458093047142,0.006671159993857145,0.0,0.020311539992690086,0.007049523293972015,0.019216012209653854,0.12799963355064392,1,147,2.3097909063197966,35,41,71,21529.74609375,0.3301129639148712,0.14550603926181793,0.5057932138442993,0.4283086359500885,0.0774846076965332,107,14,0,34,19,24,9,15,0.35374149659863946,0.01919833943247795,0.02210090309381485,0.0359574556350708,0.058286260813474655,0.015728946775197983,0.01858772337436676,0.038356076925992966,0.052003003656864166,0.1645074039697647,0.04809969663619995,0.013293529860675335,0.09731271117925644,0.0832495391368866,0.0028474268037825823,0.024276522919535637,0.0,0.01757810264825821,0.0,0.02481508068740368,0.263801246881485,33,0.6620840088109574,-23,-5,61,12775.23046875,-0.10642047226428986,0.0488959401845932,0.07246029376983643,-14,0,1,2,-28,-20,0.10181405895691609
g9256.t2,G7VBD4,0.608,15.3,1,109,2.8910394727259368,11,10,88,24855.955078125,0.35817721486091614,0.20252755284309387,0.4392951428890228,0.2826054096221924,0.15668974816799164,43,1,9,60,5,12,8,4,0.5412844036697247,0.0360402874648571,0.019597506150603294,0.025871993973851204,0.12064944207668304,0.0,0.0,0.024542000144720078,0.09021780639886856,0.11526600271463394,0.03401016443967819,0.04673152416944504,0.07627977430820465,0.04784277081489563,0.02538057044148445,0.03330662101507187,0.02359989657998085,0.037714648991823196,0.04606778547167778,0.029541734606027603,0.16733942925930023,1,75,1.4179603786738277,36,11,28,13423.435546875,0.18925221264362335,0.3911150395870209,0.4196327328681946,0.36886438727378845,0.050768397748470306,57,2,20,96,7,11,4,7,0.44,0.009160579182207584,0.007090440019965172,0.07159281522035599,0.0416078194975853,,,0.0,0.06970084458589554,0.0944785475730896,0.030968185514211655,0.0046977330930531025,0.04154953360557556,0.0,0.013389292173087597,0.03851286694407463,0.07426299899816513,0.028946612030267715,0.15315857529640198,0.04649734869599342,0.27438583970069885,34,1.473079094052109,-25,-1,60,11432.51953125,0.16892500221729279,-0.188587486743927,0.019662410020828247,-14,-1,-11,-36,-2,-3,0.10128440366972474
g8640.t1,G7VGG8,0.6066,13.8,1,188,3.4479473025801397,40,19,129,41931.2734375,0.24944724142551422,0.2682850658893585,0.4713219404220581,0.3610803484916687,0.1102416142821312,84,5,0,264,18,30,11,19,0.4521276595744681,0.008647325448691845,0.057569779455661774,0.007925937883555889,0.10159429162740707,0.030081843957304955,0.010945701971650124,0.07693597674369812,0.0306866392493248,0.25242939591407776,0.02016049437224865,0.05124766752123833,0.008920414373278618,0.07264961302280426,0.01115401554852724,0.007369557395577431,0.0,0.024546552449464798,0.0627060979604721,0.055777713656425476,0.10865096002817154,1,110,2.72109663716067,47,14,49,23041.94921875,0.17907552421092987,0.11793093383312225,0.6726146936416626,0.5236819982528687,0.14893268048763275,71,3,0,0,14,24,9,15,0.4090909090909091,0.0021893882658332586,0.00629173731431365,0.014551902189850807,0.1467432975769043,,0.030378801748156548,0.047185201197862625,0.0,0.20453707873821259,0.035137757658958435,0.017458518967032433,0.08994119614362717,0.012462601065635681,0.00574119808152318,0.008777645416557789,,0.018334250897169113,0.03902401775121689,0.0021004383452236652,0.31914493441581726,78,0.7268506654194695,-7,5,80,18889.32421875,0.07037171721458435,0.15035413205623627,-0.2012927532196045,13,2,0,264,4,4,0.04303675048355898
g876.t1,G7VH17,0.6063,20.1,1,847,3.979346324272241,442,141,264,57484.609375,0.2534797489643097,0.1771417260169983,0.5284214615821838,0.33655741810798645,0.1918640285730362,741,58,1,377,10,60,42,18,0.18417945690672963,0.031731002032756805,0.03556342050433159,0.038404546678066254,0.1601330041885376,0.028276128694415092,0.040957145392894745,0.06732036918401718,0.018017366528511047,0.056837741285562515,0.0524967797100544,0.016236424446105957,0.022636856883764267,0.02791890688240528,0.07496751844882965,0.010406347922980785,0.0,0.0129297636449337,0.0252250786870718,0.00022195617202669382,0.27971968054771423,1,795,3.4264029684769652,402,168,225,45312.16796875,0.37184739112854004,0.11023322492837906,0.507786750793457,0.3196367919445038,0.18814997375011444,769,124,2,439,1,47,32,15,0.16477987421383647,0.03295062854886055,0.009330925531685352,0.007317647337913513,0.1551993489265442,0.021874409168958664,0.010132567957043648,0.010893555358052254,0.05550697073340416,0.25509411096572876,0.10831987857818604,0.041362959891557693,0.06189137324690819,0.03157534822821617,0.0,0.05977629870176315,0.0009968988597393036,0.05131644383072853,0.003642700845375657,0.018275193870067596,0.06454265117645264,52,0.5529433557952759,40,-27,39,12172.44140625,-0.11836764216423035,0.06690850108861923,0.020634710788726807,-28,-66,-1,-62,9,3,0.019399582692893158
g12109.t1,G7VBU7,0.6026,21.4,1,109,2.721759771145236,29,25,55,27430.169921875,0.2697376608848572,0.1524025797843933,0.5504588484764099,0.49540975689888,0.0550491027534008,58,6,0,27,17,23,9,14,0.5137614678899083,0.0004597836232278496,0.019886378198862076,0.0340069904923439,0.054589323699474335,0.00882438663393259,0.02740090899169445,0.03804691508412361,0.0007057658513076603,0.2814917266368866,0.12316965311765671,0.01003552507609129,0.026679717004299164,0.07569588720798492,0.007998679764568806,0.028251832351088524,0.0,0.01662803441286087,0.0,0.032210465520620346,0.2139180302619934,1,103,1.5149327677163933,18,28,57,16207.17578125,0.22064970433712006,0.08147541433572769,0.692747950553894,0.5048957467079163,0.18785221874713898,73,9,0,0,8,16,9,7,0.36893203883495146,0.025395549833774567,0.002986219944432378,0.04058907926082611,0.162456676363945,,0.00512689771130681,,,0.33813461661338806,0.034775685518980026,0.051634062081575394,0.07632215321063995,0.0,0.011944879777729511,0.006284366361796856,,0.045972924679517746,0.0123378811404109,0.019277870655059814,0.1667611449956894,6,1.2068270034288429,11,-3,-2,11222.994140625,0.04908795654773712,0.07092716544866562,-0.14228910207748413,-15,-3,0,27,9,7,0.14482942905495683
g15154.t1,G7VI08,0.6014,11.0,1,443,2.5336073591686694,134,114,195,28850.81640625,0.18849119544029236,0.3011382222175598,0.4578763544559479,0.2023358941078186,0.2555404305458069,401,55,16,452,-13,21,29,-8,0.19413092550790068,0.1398330181837082,0.08938507735729218,0.037916116416454315,0.1157074123620987,0.0045852563343942165,0.05249420180916786,0.08649289608001709,0.026563310995697975,0.04750355705618858,0.05994858592748642,0.00787913054227829,0.00964974332600832,0.05272737890481949,0.0,0.010235325433313847,0.0,0.027137786149978638,0.05014000087976456,0.026968808844685555,0.15483234822750092,1,364,2.086739086466436,123,92,149,23411.30078125,0.20321157574653625,0.14113710820674896,0.6336351037025452,0.39132893085479736,0.242306187748909,364,54,1,349,-1,31,27,4,0.17857142857142858,0.13449743390083313,0.0,0.006817646324634552,0.10780877619981766,0.0,0.022016121074557304,0.013101300224661827,0.0,0.30552905797958374,0.006176765076816082,0.022636184468865395,0.078324094414711,0.058805160224437714,0.010060862638056278,0.027164960280060768,0.0,0.027208518236875534,0.02405436709523201,0.0699988305568695,0.08579987287521362,79,0.4468682727022335,11,22,46,5439.515625,-0.014720380306243896,0.16000111401081085,-0.1757587492465973,37,1,15,103,-12,-12,0.0155594969364721
g18246.t1,G7VCX0,0.5952,20.9,1,151,2.024442043339488,36,36,79,22806.216796875,0.25544631481170654,0.16739384829998016,0.5771598219871521,0.4468950033187866,0.13026483356952667,100,8,3,38,9,21,10,11,0.304635761589404,0.060714833438396454,0.07055679708719254,0.029125316068530083,0.06955000758171082,,0.0,0.03285219520330429,0.0022636258509010077,0.2552477717399597,0.045976672321558,0.0,0.08620937913656235,0.06391150504350662,0.019757898524403572,0.008272933773696423,0.0,0.03732724487781525,0.0004244298324920237,0.026162164285779,0.1916472464799881,1,205,1.9846508576635071,107,29,69,22667.193359375,0.12331334501504898,0.16177910566329956,0.7135165929794312,0.4982292652130127,0.21528732776641846,177,29,0,83,18,29,17,12,0.24390243902439024,0.02090749517083168,0.00042703296639956534,0.01870979182422161,0.19437983632087708,0.0,0.001390990917570889,0.1115596815943718,0.0011387545382604003,0.3274390399456024,0.004072816111147404,0.004555018153041601,0.0446733720600605,0.020348746329545975,0.0,0.030102401971817017,,0.0485246479511261,0.0002846886345651001,0.0006954954587854445,0.17079022526741028,-54,0.039791185675980945,-71,7,10,139.0234375,0.13213296979665756,0.005614742636680603,-0.13635677099227905,-77,-21,3,-45,-9,-1,0.060733322565013736
g15154.t1,G7VC96,0.5936,13.8,1,443,2.5336073591686694,134,114,195,28850.81640625,0.18849119544029236,0.3011382222175598,0.4578763544559479,0.2023358941078186,0.2555404305458069,401,55,16,452,-13,21,29,-8,0.19413092550790068,0.1398330181837082,0.08938507735729218,0.037916116416454315,0.1157074123620987,0.0045852563343942165,0.05249420180916786,0.08649289608001709,0.026563310995697975,0.04750355705618858,0.05994858592748642,0.00787913054227829,0.00964974332600832,0.05272737890481949,0.0,0.010235325433313847,0.0,0.027137786149978638,0.05014000087976456,0.026968808844685555,0.15483234822750092,1,1025,2.779039513530379,400,206,419,36776.7734375,0.09885145723819733,0.16895458102226257,0.729526937007904,0.4210190773010254,0.3085078001022339,1052,179,3,465,-13,62,44,18,0.11219512195121951,0.1149548888206482,0.012091187760233879,0.024495964869856834,0.19355294108390808,0.013510921970009804,0.0026670147199183702,0.030164580792188644,0.0003509330563247204,0.272670716047287,0.016543308272957802,0.006492261309176683,0.0,0.02465304732322693,0.0,0.059939075261354446,0.0,0.03730098903179169,0.020058365538716316,0.0222054161131382,0.1483483761548996,-582,-0.24543215436170973,-266,-92,-224,-7925.95703125,0.08963973820209503,0.13218364119529724,-0.2716505825519562,-651,-124,13,-13,0,-26,0.08193580355668116
g4551.t1,G7VEP8,0.5933,18.7,1,142,2.1566445379236145,22,46,74,23968.32421875,0.14541013538837433,0.2878069281578064,0.5667829513549805,0.39894524216651917,0.1678377240896225,80,7,0,22,2,18,15,3,0.352112676056338,0.05084813013672829,0.00484621524810791,0.10969148576259613,0.11698959767818451,0.0,0.0,0.1077684685587883,0.013057857751846313,0.15411272644996643,0.010500133037567139,0.005760913249105215,0.0358993262052536,0.042915232479572296,0.03727666288614273,0.0,,0.0,0.05800251662731171,0.007498238235712051,0.24483247101306915,1,115,2.060544524548157,29,48,38,21343.28125,0.15670396387577057,0.17596256732940674,0.6670312285423279,0.42305412888526917,0.24397708475589752,92,18,0,0,0,19,18,1,0.40869565217391307,0.052903614938259125,0.0007558692595921457,0.02342168800532818,0.191073477268219,,0.00030234773294068873,0.011710475198924541,0.020861992612481117,0.24810610711574554,0.008132370188832283,0.025311045348644257,0.06817170977592468,0.00962342880666256,0.02281002141535282,0.08431396633386612,,0.0017934072529897094,0.05576058104634285,0.0,0.17494802176952362,27,0.09610001337545748,-7,-2,36,2625.04296875,-0.01129382848739624,0.11184436082839966,-0.10024827718734741,-12,-11,0,22,2,2,-0.05658297611757507
g9256.t2,G7VB83,0.5929,36.3,1,109,2.8910394727259368,11,10,88,24855.955078125,0.35817721486091614,0.20252755284309387,0.4392951428890228,0.2826054096221924,0.15668974816799164,43,1,9,60,5,12,8,4,0.5412844036697247,0.0360402874648571,0.019597506150603294,0.025871993973851204,0.12064944207668304,0.0,0.0,0.024542000144720078,0.09021780639886856,0.11526600271463394,0.03401016443967819,0.04673152416944504,0.07627977430820465,0.04784277081489563,0.02538057044148445,0.03330662101507187,0.02359989657998085,0.037714648991823196,0.04606778547167778,0.029541734606027603,0.16733942925930023,1,66,1.4200179977652627,31,2,33,13418.228515625,0.3245420753955841,0.20120735466480255,0.404379278421402,0.3058570921421051,0.09852223843336105,44,5,6,27,4,8,5,3,0.45454545454545453,0.03799040988087654,0.05029847472906113,,0.06053183227777481,0.03919496387243271,0.06987133622169495,,0.020640425384044647,0.23666897416114807,0.04072941467165947,0.0361943244934082,0.017313115298748016,0.009377936832606792,0.11816073954105377,0.02492484636604786,0.004699556156992912,0.04293117672204971,0.019432643428444862,0.10185181349515915,0.06918808817863464,43,1.471021474960674,-20,8,55,11437.7265625,0.03363513946533203,0.0013201981782913208,0.03491586446762085,-1,-4,3,33,1,1,0.08673894912427021
g10564.t1,G7VB69,0.5898,17.9,1,216,1.9539862031752204,89,52,75,21133.625,0.13286033272743225,0.1903979778289795,0.6272935271263123,0.5261198878288269,0.10117363929748535,162,13,2,94,19,31,10,21,0.24537037037037038,0.034186046570539474,0.004274860490113497,0.033213190734386444,0.06698759645223618,0.0,0.049448173493146896,0.10983113944530487,0.0015267357230186462,0.08942732959985733,0.007633678615093231,0.026100222021341324,0.06225648894906044,0.011297845281660557,0.0,0.0051804594695568085,0.00046387393376789987,0.024045372381806374,0.03187601640820503,0.0055584232322871685,0.43669259548187256,1,93,1.2970090203579123,46,14,33,13614.212890625,0.1744619905948639,0.14339576661586761,0.6821421980857849,0.4468245506286621,0.2353176474571228,82,13,0,35,-1,12,11,1,0.3548387096774194,0.06595132499933243,0.012657428160309792,0.008827503770589828,0.16936631500720978,,,0.035308219492435455,0.0,0.32930272817611694,0.06345538049936295,0.03030337207019329,0.052048031240701675,0.014909285120666027,0.0,0.08660261332988739,,0.01374590490013361,0.0,0.0,0.11752183735370636,123,0.6569771828173081,43,38,42,7519.412109375,-0.04160165786743164,0.04700221121311188,-0.054848670959472656,80,0,2,59,20,20,-0.109468339307049
g15154.t1,G7VAT1,0.5881,11.0,1,443,2.5336073591686694,134,114,195,28850.81640625,0.18849119544029236,0.3011382222175598,0.4578763544559479,0.2023358941078186,0.2555404305458069,401,55,16,452,-13,21,29,-8,0.19413092550790068,0.1398330181837082,0.08938507735729218,0.037916116416454315,0.1157074123620987,0.0045852563343942165,0.05249420180916786,0.08649289608001709,0.026563310995697975,0.04750355705618858,0.05994858592748642,0.00787913054227829,0.00964974332600832,0.05272737890481949,0.0,0.010235325433313847,0.0,0.027137786149978638,0.05014000087976456,0.026968808844685555,0.15483234822750092,1,335,2.0220260593985353,125,87,123,23052.06640625,0.1348351091146469,0.18480366468429565,0.6550425291061401,0.3955517113208771,0.25949081778526306,307,52,3,341,1,29,22,7,0.1701492537313433,0.10693153738975525,0.002608330687507987,0.011945623904466629,0.1525592803955078,0.05571634694933891,0.025318648666143417,0.040446534752845764,0.017288990318775177,0.24022983014583588,0.0038744229823350906,0.008534843102097511,0.004583834670484066,0.02477429434657097,0.0,0.011629650369286537,0.0,0.02006237953901291,0.09469767659902573,0.023475853726267815,0.1553218811750412,108,0.5115812997701341,9,27,72,5798.75,0.05365608632564545,0.11633455753326416,-0.19716617465019226,94,3,13,111,-14,-15,0.023981671776557384
g9706.t1,G7VBU7,0.5871,19.2,1,152,1.7514890442680935,55,36,61,18925.16015625,0.17782334983348846,0.25823310017585754,0.5308648943901062,0.47266608476638794,0.05819881334900856,116,14,0,234,28,23,4,19,0.28289473684210525,0.020991960540413857,0.05953484773635864,0.03359103202819824,0.03720685467123985,0.00034097954630851746,0.03307880461215973,0.11802010238170624,0.035792943090200424,0.20296227931976318,0.0,0.02284562774002552,0.07266157120466232,0.012786732986569405,0.00017048977315425873,0.018433712422847748,,0.03322499990463257,0.026285985484719276,0.00236742221750319,0.26970377564430237,1,103,1.5149327677163933,18,28,57,16207.17578125,0.22064970433712006,0.08147541433572769,0.692747950553894,0.5048957467079163,0.18785221874713898,73,9,0,0,8,16,9,7,0.36893203883495146,0.025395549833774567,0.002986219944432378,0.04058907926082611,0.162456676363945,,0.00512689771130681,,,0.33813461661338806,0.034775685518980026,0.051634062081575394,0.07632215321063995,0.0,0.011944879777729511,0.006284366361796856,,0.045972924679517746,0.0123378811404109,0.019277870655059814,0.1667611449956894,49,0.2365562765517002,37,8,4,2717.984375,-0.04282635450363159,0.17675768584012985,-0.16188305616378784,43,5,0,234,20,12,-0.0860373019928462
g9706.t1,G7VDC7,0.584,15.4,1,152,1.7514890442680935,55,36,61,18925.16015625,0.17782334983348846,0.25823310017585754,0.5308648943901062,0.47266608476638794,0.05819881334900856,116,14,0,234,28,23,4,19,0.28289473684210525,0.020991960540413857,0.05953484773635864,0.03359103202819824,0.03720685467123985,0.00034097954630851746,0.03307880461215973,0.11802010238170624,0.035792943090200424,0.20296227931976318,0.0,0.02284562774002552,0.07266157120466232,0.012786732986569405,0.00017048977315425873,0.018433712422847748,,0.03322499990463257,0.026285985484719276,0.00236742221750319,0.26970377564430237,1,100,1.5110981247370023,19,30,51,16407.6640625,0.2321927547454834,0.22495561838150024,0.5361655950546265,0.45739510655403137,0.07877050340175629,61,10,0,46,14,17,2,15,0.35,0.057824473828077316,0.008996525779366493,0.0007686617318540812,0.02094603143632412,,0.006686056964099407,0.020627886056900024,,0.24049343168735504,0.05053872615098953,0.04894249513745308,0.09532199054956436,0.03129342943429947,0.00039329746505245566,0.026433244347572327,,0.005702813155949116,0.12853361666202545,0.03959565982222557,0.21690165996551514,52,0.24039091953109115,36,6,10,2517.49609375,-0.054369404911994934,0.0332774817943573,-0.005300700664520264,55,4,0,188,14,4,-0.06710526315789472
g10268.t2,G7VFL1,0.5832,13.1,1,357,2.3910150954573104,270,2,85,28269.8828125,0.36910247802734375,0.2616197466850281,0.3692777454853058,0.25150036811828613,0.11777739226818085,302,8,6,454,8,17,10,7,0.20168067226890757,0.0470663458108902,0.01639586314558983,0.054604820907115936,0.07071104645729065,0.026821419596672058,0.0,0.07543602585792542,0.09898997843265533,0.1134544089436531,0.11799306422472,0.036408647894859314,0.0,0.024289662018418312,0.06117565929889679,0.0030794390477240086,0.0,0.0034240109380334616,0.01854843460023403,0.09355518221855164,0.13804595172405243,1,270,1.7557830539191686,219,0,51,19687.681640625,0.5517615675926208,0.16323889791965485,0.2737760841846466,0.23325806856155396,0.04051799327135086,264,3,0,160,8,9,2,7,0.1962962962962963,0.0008007509750314057,0.0,0.08216062933206558,0.03971724584698677,0.0,0.01122345682233572,0.023323647677898407,0.08485960960388184,0.1662972867488861,0.22278857231140137,0.03867722675204277,0.07122208923101425,0.0496683195233345,0.018180198967456818,0.04200758785009384,,0.0663655549287796,0.0006555462023243308,0.015091480687260628,0.06696078926324844,87,0.6352320415381418,51,2,34,8582.201171875,-0.1826590895652771,0.09838084876537323,0.09550166130065918,38,5,6,294,0,0,0.005384375972611266
g3007.t1,G7VGD1,0.5707,13.7,1,115,1.944947515605429,33,29,53,19039.46875,0.16629721224308014,0.4783346354961395,0.35536807775497437,0.14364679157733917,0.211721271276474,70,5,0,37,-4,7,11,-4,0.43478260869565216,0.0843690037727356,0.019993146881461143,0.061475541442632675,0.1273522675037384,,0.0,0.2736484706401825,0.0,0.06564503908157349,0.040483102202415466,0.0,0.07497426867485046,0.01626875437796116,0.0,0.039246827363967896,0.06337358057498932,0.03457110375165939,0.007202047389000654,0.01339502539485693,0.07800175249576569,1,107,1.6801308797545613,28,28,51,17110.140625,0.2853054106235504,0.2457810640335083,0.36919844150543213,0.20590361952781677,0.16329480707645416,78,13,0,49,-3,11,11,0,0.40186915887850466,0.0801863893866539,0.022140080109238625,0.04765193536877632,0.08310841023921967,0.05185814946889877,0.09971518069505692,0.037551332265138626,0.03073774091899395,0.10000742971897125,0.01636303961277008,0.006411553360521793,0.006677244324237108,0.15632030367851257,0.0,0.03767084330320358,,0.016937362030148506,0.025452155619859695,0.0753147080540657,0.10589617490768433,8,0.2648166358508677,5,1,2,1929.328125,-0.11900819838047028,0.23255357146263123,-0.013830363750457764,-8,-8,0,-12,-1,-4,0.0329134498171475
g14037.t1,G7VBA2,0.5661,15.9,1,192,1.8702556126109449,89,44,59,21508.3984375,0.18113695085048676,0.2142724245786667,0.5797368884086609,0.4978347718715668,0.08190210163593292,148,25,0,27,19,28,8,20,0.2552083333333333,0.036151330918073654,0.020670589059591293,0.011755354702472687,0.04575077444314957,,0.02485371194779873,0.03135496750473976,0.02129163034260273,0.15440848469734192,0.0,0.07895737141370773,0.06273633986711502,0.016801491379737854,0.0,0.07225237786769867,0.0,0.0013501198263838887,0.06426101922988892,0.01397812832146883,0.34342631697654724,1,173,1.8036363628458054,77,43,53,19044.966796875,0.2372056543827057,0.1841830611228943,0.5786113142967224,0.4616893529891968,0.11692190915346146,148,23,6,7,6,23,9,14,0.24855491329479767,0.08597035706043243,0.018989652395248413,0.027957579120993614,0.03095155395567417,0.04774665832519531,0.0,0.08020595461130142,0.031003359705209732,0.3342941701412201,0.0057944185100495815,0.021515993401408195,0.01800859160721302,0.07292894273996353,0.00033110962249338627,0.023471219465136528,0.001713658100925386,0.03987659513950348,0.03184499591588974,0.0,0.12739519774913788,19,0.06661924976513944,12,1,6,2463.431640625,-0.05606870353221893,0.0300893634557724,0.0011255741119384766,0,2,-6,20,13,6,0.00665342003853564
g10268.t2,G7VHU7,0.5655,13.2,1,357,2.3910150954573104,270,2,85,28269.8828125,0.36910247802734375,0.2616197466850281,0.3692777454853058,0.25150036811828613,0.11777739226818085,302,8,6,454,8,17,10,7,0.20168067226890757,0.0470663458108902,0.01639586314558983,0.054604820907115936,0.07071104645729065,0.026821419596672058,0.0,0.07543602585792542,0.09898997843265533,0.1134544089436531,0.11799306422472,0.036408647894859314,0.0,0.024289662018418312,0.06117565929889679,0.0030794390477240086,0.0,0.0034240109380334616,0.01854843460023403,0.09355518221855164,0.13804595172405243,1,258,1.7250885820199358,217,0,41,18583.8203125,0.604136049747467,0.1290563941001892,0.24932782351970673,0.24333813786506653,0.0059896609745919704,258,6,1,229,9,10,2,8,0.20155038759689922,0.0059896609745919704,0.0,0.0,0.0,0.05197089537978172,0.01747978664934635,0.005598877556622028,0.1159309521317482,0.24333813786506653,0.23149938881397247,0.08916161209344864,0.01038358174264431,0.04409979656338692,0.030671585351228714,0.049067746847867966,0.008507441729307175,0.030418260022997856,0.01977590098977089,0.04610641673207283,0.0,99,0.6659265134373746,53,2,44,9686.0625,-0.2350335717201233,0.13256335258483887,0.11994992196559906,44,2,5,225,-1,-1,0.00013028467200834615
g13112.t1,G7VD97,0.5563,13.0,1,174,1.7743609065070443,134,2,38,18236.6796875,0.5666838884353638,0.22561392188072205,0.17232172191143036,0.04703054577112198,0.12529116868972778,161,9,0,127,-1,3,6,-3,0.3103448275862069,0.024723634123802185,0.051075197756290436,0.05576309934258461,0.1005675420165062,0.03497418388724327,0.03538047522306442,0.04160527512431145,0.07374998182058334,0.04703054577112198,0.12596742808818817,0.08574869483709335,0.10854310542345047,0.022646551951766014,0.10691529512405396,0.02311975136399269,0.015478856861591339,0.008138605393469334,0.035632554441690445,0.0029391730204224586,0.0,1,103,1.4152723591528953,89,0,14,13973.98046875,0.5349624156951904,0.14742527902126312,0.3076924979686737,0.23142868280410767,0.07626383006572723,97,3,0,46,0,5,3,2,0.3883495145631068,0.0,0.09233473986387253,,0.07626383006572723,0.0009235868928954005,0.00991977658122778,0.033728405833244324,0.10916149616241455,0.23142868280410767,0.24258823692798615,0.02793850377202034,0.025363583117723465,,0.11513324081897736,0.0,,0.013853803277015686,0.021362124010920525,0.0,0.0,71,0.35908854735414897,45,2,24,4262.69921875,0.03172147274017334,0.07818864285945892,-0.13537077605724335,64,6,0,81,-1,-5,-0.07800468697689988
g19605.t1,G7VD96,0.5563,28.7,1,211,3.1603068729060575,90,10,111,36990.1796875,0.22083789110183716,0.1375708281993866,0.6415911912918091,0.4842310845851898,0.15736012160778046,123,12,0,3,40,47,13,34,0.4028436018957346,0.004008196294307709,0.024712566286325455,0.004448233172297478,0.15335193276405334,0.002965721534565091,,0.047006502747535706,0.03837992250919342,0.18168510496616364,0.03355061635375023,0.01788155734539032,0.0559593066573143,0.033383842557668686,0.008984391577541828,0.010651377029716969,0.009269202128052711,0.029732510447502136,0.006339737214148045,0.03514320030808449,0.302545964717865,1,157,3.193723467257256,65,8,84,27654.6640625,0.2548885941505432,0.18296566605567932,0.5395153164863586,0.4798254668712616,0.059689879417419434,116,14,0,18,27,32,8,24,0.445859872611465,0.008664974011480808,0.01580631732940674,0.03626611456274986,0.0510249026119709,0.0038253667298704386,0.02263045497238636,0.0129421791061759,0.013067349791526794,0.25866037607192993,0.06839913874864578,0.024034589529037476,0.026710566133260727,0.009567166678607464,0.0605531670153141,0.037532586604356766,,0.0487312451004982,0.0410723052918911,0.039346154779195786,0.22116509079933167,54,-0.03341659435119837,25,2,27,9335.515625,-0.034050703048706055,-0.045394837856292725,0.10207587480545044,7,-2,0,-15,13,10,-0.04301627071573039
g3978.t1,G7VEN9,0.5547,35.7,1,173,3.7284815093430272,27,42,104,28789.15234375,0.16279107332229614,0.2874334454536438,0.5475403666496277,0.4161463975906372,0.13139395415782928,108,16,6,40,23,33,13,20,0.4277456647398844,0.058318257331848145,0.06954866647720337,0.030062709003686905,0.07307568937540054,,0.0022351073566824198,0.09479855000972748,0.013897309079766273,0.09567023068666458,0.024849653244018555,0.0360012948513031,0.0034757591784000397,0.03113642893731594,0.007172803860157728,0.07275652140378952,0.007228315342217684,0.04625784233212471,0.010287909768521786,0.0027507739141583443,0.3204761743545532,1,53,1.4424957128307618,12,8,33,13312.1748046875,0.23430421948432922,0.04347015917301178,0.7030916810035706,0.5296616554260254,0.17343007028102875,32,1,6,32,12,15,5,10,0.4528301886792453,0.03821570426225662,0.014195170253515244,0.020181724801659584,0.13521435856819153,,0.01913384348154068,0.002615430159494281,0.0,0.2781720757484436,0.05623113736510277,0.0,0.10948080569505692,0.05938201770186424,0.008967896923422813,0.0009695023763924837,0.005508329253643751,0.00024237559409812093,0.0,0.0,0.2514895796775818,120,2.285985796512265,15,34,71,15476.9775390625,-0.07151314616203308,0.24396328628063202,-0.15555131435394287,76,15,0,8,11,10,-0.025084523939360892
g6022.t1,G7VDU2,0.5537,29.5,1,129,2.3961749709967033,80,0,49,24521.66015625,0.22407130897045135,0.24584777653217316,0.5300808548927307,0.20936425030231476,0.32071658968925476,70,2,0,0,-7,16,21,-5,0.5271317829457365,0.07987494766712189,0.008947402238845825,0.04126942157745361,0.24084164202213287,,,0.03367273136973381,0.06984768062829971,0.009293558076024055,0.04534050077199936,0.0017045331187546253,0.0,0.015921112149953842,0.01684216782450676,0.10338427126407623,,0.07441531866788864,0.05857396125793457,0.0,0.20007070899009705,1,109,2.1986077878825268,58,0,51,20637.21484375,0.38251692056655884,0.1574835479259491,0.45999959111213684,0.19122475385665894,0.2687748372554779,64,6,0,5,-7,10,16,-6,0.44036697247706424,0.0019861601758748293,0.0009309471352025867,0.010429349727928638,0.26678869128227234,,0.0,0.024656379595398903,0.11608064919710159,0.020091835409402847,0.012262224219739437,0.02282651700079441,0.002814228180795908,0.059880033135414124,0.0007817301084287465,0.04425772652029991,,0.16787151992321014,0.038771852850914,0.03843728452920914,0.1711329072713852,20,0.19756718311417654,22,0,-2,3884.4453125,-0.15844561159610748,0.08836422860622406,0.07008126378059387,6,-4,0,-5,0,1,0.08676481046867224
g1098.t1,G7VBE6,0.5459,14.2,1,105,2.280636788113884,50,14,41,18679.0546875,0.3933548331260681,0.22499532997608185,0.3554249405860901,0.24214130640029907,0.11328364908695221,79,8,6,139,3,8,6,2,0.49523809523809526,0.03814833611249924,0.03512788936495781,0.05511565878987312,0.07513530552387238,0.00431840168312192,0.026224952191114426,0.09261953830718994,0.08368641138076782,0.0681193619966507,0.10502352565526962,0.021937478333711624,0.06475234031677246,0.050093457102775574,0.042147599160671234,0.014464530162513256,0.011085588485002518,0.021395644173026085,0.005692413542419672,0.010889706201851368,0.174021914601326,1,70,1.5115285140811667,17,10,43,14986.5634765625,0.3260992467403412,0.16669923067092896,0.5072014331817627,0.4007355272769928,0.1064659059047699,36,1,7,82,9,13,4,9,0.4142857142857143,0.021249141544103622,0.007535357493907213,0.05218416824936867,0.08521676063537598,0.0,,0.04467461258172989,0.029064951464533806,0.3111410140991211,0.030131613835692406,0.0,0.06631115078926086,0.017438970506191254,0.11060965061187744,0.016244014725089073,0.04606108367443085,0.07254288345575333,0.0,0.0,0.08959455788135529,35,0.7691082740327171,33,4,-2,3692.4912109375,0.06725558638572693,0.05829609930515289,-0.1517764925956726,43,7,-1,57,-6,-7,0.08095238095238094
g2271.t1,G7VB78,0.5447,14.5,1,70,1.3746790054506806,0,31,39,14606.509765625,0.1947566419839859,0.1939614862203598,0.606047511100769,0.49379944801330566,0.11224808543920517,38,6,0,0,4,13,6,7,0.38571428571428573,0.015973765403032303,0.0002158616844099015,0.0,0.09627431631088257,,0.005234335083514452,0.11020271480083466,0.0,0.3694572448730469,0.022124342620372772,0.025317635387182236,0.11842741817235947,0.018113620579242706,0.002379514742642641,0.03852212429046631,,0.008394117467105389,0.04502078890800476,,0.12434215843677521,1,147,2.3097909063197966,35,41,71,21529.74609375,0.3301129639148712,0.14550603926181793,0.5057932138442993,0.4283086359500885,0.0774846076965332,107,14,0,34,19,24,9,15,0.35374149659863946,0.01919833943247795,0.02210090309381485,0.0359574556350708,0.058286260813474655,0.015728946775197983,0.01858772337436676,0.038356076925992966,0.052003003656864166,0.1645074039697647,0.04809969663619995,0.013293529860675335,0.09731271117925644,0.0832495391368866,0.0028474268037825823,0.024276522919535637,0.0,0.01757810264825821,0.0,0.02481508068740368,0.263801246881485,-77,-0.935111900869116,-35,-10,-32,-6923.236328125,-0.13535632193088531,0.04845544695854187,0.10025429725646973,-69,-8,0,-34,-15,-8,0.03197278911564627
g10268.t2,G7VE96,0.5416,12.0,1,357,2.3910150954573104,270,2,85,28269.8828125,0.36910247802734375,0.2616197466850281,0.3692777454853058,0.25150036811828613,0.11777739226818085,302,8,6,454,8,17,10,7,0.20168067226890757,0.0470663458108902,0.01639586314558983,0.054604820907115936,0.07071104645729065,0.026821419596672058,0.0,0.07543602585792542,0.09898997843265533,0.1134544089436531,0.11799306422472,0.036408647894859314,0.0,0.024289662018418312,0.06117565929889679,0.0030794390477240086,0.0,0.0034240109380334616,0.01854843460023403,0.09355518221855164,0.13804595172405243,1,276,1.808649077672995,219,0,57,19981.728515625,0.6113560199737549,0.10420311987400055,0.2829999029636383,0.23106372356414795,0.05193613842129707,274,11,0,223,8,12,3,9,0.20652173913043478,0.0011045541614294052,0.013331959955394268,0.0022176571656018496,0.05083158239722252,0.05935210362076759,0.0014409904833883047,0.005860950797796249,0.0610843263566494,0.1649324595928192,0.12435352057218552,0.11053980141878128,0.026422105729579926,0.1414845734834671,0.03077174909412861,0.03819489851593971,0.0,0.05734781548380852,0.014583262614905834,0.030014395713806152,0.06613126397132874,81,0.5823660177843153,51,2,28,8288.154296875,-0.24225354194641113,0.15741662681102753,0.08627784252166748,28,-3,6,231,0,-2,-0.004841066861527216
g15154.t1,G7VAS8,0.5409,15.2,1,443,2.5336073591686694,134,114,195,28850.81640625,0.18849119544029236,0.3011382222175598,0.4578763544559479,0.2023358941078186,0.2555404305458069,401,55,16,452,-13,21,29,-8,0.19413092550790068,0.1398330181837082,0.08938507735729218,0.037916116416454315,0.1157074123620987,0.0045852563343942165,0.05249420180916786,0.08649289608001709,0.026563310995697975,0.04750355705618858,0.05994858592748642,0.00787913054227829,0.00964974332600832,0.05272737890481949,0.0,0.010235325433313847,0.0,0.027137786149978638,0.05014000087976456,0.026968808844685555,0.15483234822750092,1,346,2.08909875239124,138,92,116,23784.4921875,0.1395762860774994,0.08914917707443237,0.7712746262550354,0.4907635748386383,0.2805110216140747,340,90,0,337,-1,35,26,9,0.18497109826589594,0.10687237977981567,0.007457647938281298,0.0,0.17363862693309784,0.0011930828914046288,0.0,0.03782987222075462,0.017092853784561157,0.4256591200828552,0.036639485508203506,0.01017431728541851,0.021231161430478096,0.04364771395921707,0.0,0.025770992040634155,,0.009597666561603546,0.008135935291647911,0.009954730048775673,0.06510447710752487,97,0.44450860677742954,-4,22,79,5066.32421875,0.04891490936279297,0.21198904514312744,-0.3133982717990875,61,-35,16,115,-12,-17,0.009159827242004731
g7573.t2,G7VE28,0.5344,14.6,1,297,2.7195429221342686,128,31,138,34608.01953125,0.16389073431491852,0.3022613823413849,0.5317035913467407,0.35679081082344055,0.17491279542446136,232,32,0,187,34,43,17,26,0.26936026936026936,0.035832442343235016,0.002051085699349642,0.08836228400468826,0.13908034563064575,,0.0021443169098347425,0.1326453685760498,0.03658458590507507,0.06630261242389679,0.013586243614554405,0.03519462049007416,0.03819870203733444,0.013518519699573517,0.011467433534562588,0.004455966409295797,0.0,0.015340633690357208,0.02716919407248497,0.04757744073867798,0.29048821330070496,1,141,2.1133593132007706,34,34,73,22407.25390625,0.2818763256072998,0.21605604887008667,0.45354166626930237,0.356426864862442,0.09711476415395737,93,4,0,2,11,18,5,13,0.3120567375886525,0.04405621439218521,0.026327764615416527,0.0,0.053058549761772156,0.01659943163394928,0.04852600395679474,0.15991923213005066,,0.2668500244617462,0.0040318770334124565,0.06185019761323929,0.09658419340848923,0.03168186917901039,0.03495436906814575,0.0060801939107477665,,0.03617437183856964,0.019788870587944984,0.003939956426620483,0.0895768478512764,156,0.606183608933498,94,-3,65,12200.765625,-0.11798559129238129,0.08620533347129822,0.07816192507743835,139,28,0,185,23,13,-0.04269646822838313
g5964.t1,G7VI97,0.5301,15.3,1,257,2.890078713983306,58,49,150,36655.14453125,0.3190099000930786,0.31345880031585693,0.30644720792770386,0.18326003849506378,0.12318716198205948,189,27,4,185,0,20,16,4,0.35019455252918286,0.03492312878370285,0.07365413010120392,0.02295568957924843,0.08826404064893723,0.0,0.06108405068516731,0.13569091260433197,0.15617649257183075,0.035541944205760956,0.04506848007440567,0.012675510719418526,0.046277642250061035,0.030544182285666466,0.019421279430389404,0.013111067935824394,0.050422895699739456,0.008846311829984188,0.0,0.01762411557137966,0.14771808683872223,1,192,1.9692113278924908,73,45,74,21048.60546875,0.29573675990104675,0.21591895818710327,0.4883444011211395,0.4028516709804535,0.08549271523952484,186,22,0,81,5,19,7,12,0.3177083333333333,0.04599817469716072,0.020053064450621605,0.04323790594935417,0.03949454426765442,0.0,0.0,0.06575069576501846,0.0,0.2359364777803421,0.06510992348194122,0.034887269139289856,0.0560091994702816,0.06509244441986084,0.06881286203861237,0.02391931042075157,0.0,0.005825030151754618,0.032579969614744186,0.030377989634871483,0.1669151932001114,65,0.9208673860908154,-15,4,76,15606.5390625,0.02327314019203186,0.09753984212875366,-0.18189719319343567,3,5,4,104,-5,-8,0.03248621919584954
g10989.t1,G7VCJ0,0.5298,13.1,1,94,2.096281659913425,65,0,29,18276.994140625,0.47352710366249084,0.28054308891296387,0.21923871338367462,0.17231565713882446,0.046923041343688965,72,0,25,155,6,7,2,5,0.48936170212765956,0.005520357750356197,0.0245902631431818,0.04308813437819481,0.04140268638730049,0.04549255594611168,0.026691066101193428,0.040440384298563004,0.11210032552480698,0.08521737903356552,0.08293566852807999,0.010239084251224995,0.03319891169667244,0.052707768976688385,0.12191569805145264,0.01787329465150833,0.009118389338254929,0.014937132596969604,0.03481963649392128,0.11061297357082367,0.08709827810525894,1,113,2.92155818436352,81,21,11,22032.546875,0.34951072931289673,0.4120512902736664,0.23843805491924286,0.2070978730916977,0.03134017810225487,94,3,0,103,3,10,5,5,0.4778761061946903,0.004436280578374863,0.034219902008771896,0.008044938556849957,0.026903899386525154,,,0.1018131673336029,0.05273626372218132,0.08606045693159103,0.09496905654668808,0.0831805020570755,0.04468757286667824,0.034783683717250824,0.026213575154542923,0.023304905742406845,,0.01294008083641529,0.023639632388949394,0.22102871537208557,0.12103740125894547,-19,-0.825276524450095,-16,-21,18,-3755.552734375,0.12401637434959412,-0.13150820136070251,-0.019199341535568237,-22,-3,25,52,3,0,0.011485595932969273
g2271.t1,G7VCQ8,0.5294,18.3,1,70,1.3746790054506806,0,31,39,14606.509765625,0.1947566419839859,0.1939614862203598,0.606047511100769,0.49379944801330566,0.11224808543920517,38,6,0,0,4,13,6,7,0.38571428571428573,0.015973765403032303,0.0002158616844099015,0.0,0.09627431631088257,,0.005234335083514452,0.11020271480083466,0.0,0.3694572448730469,0.022124342620372772,0.025317635387182236,0.11842741817235947,0.018113620579242706,0.002379514742642641,0.03852212429046631,,0.008394117467105389,0.04502078890800476,,0.12434215843677521,1,97,1.2977912159430165,24,39,34,13734.904296875,0.247014120221138,0.07828208804130554,0.6747037172317505,0.4115048944950104,0.2631988227367401,87,18,0,31,1,13,10,3,0.32989690721649484,0.0992715135216713,,,0.1639273315668106,0.0404055193066597,0.0,0.014057355001568794,0.054179128259420395,0.2887812554836273,0.014275571331381798,0.004698316100984812,0.0915578305721283,0.0,0.001174579025246203,0.011238470673561096,0.0,0.040723178535699844,0.024846047163009644,0.028140224516391754,0.12272366136312485,-27,0.07688778950766406,-24,-8,5,871.60546875,-0.0522574782371521,0.11567939817905426,-0.06865620613098145,-49,-12,0,-31,3,4,0.05581737849779089
g5964.t1,G7VAH6,0.5291,12.6,1,257,2.890078713983306,58,49,150,36655.14453125,0.3190099000930786,0.31345880031585693,0.30644720792770386,0.18326003849506378,0.12318716198205948,189,27,4,185,0,20,16,4,0.35019455252918286,0.03492312878370285,0.07365413010120392,0.02295568957924843,0.08826404064893723,0.0,0.06108405068516731,0.13569091260433197,0.15617649257183075,0.035541944205760956,0.04506848007440567,0.012675510719418526,0.046277642250061035,0.030544182285666466,0.019421279430389404,0.013111067935824394,0.050422895699739456,0.008846311829984188,0.0,0.01762411557137966,0.14771808683872223,1,196,2.5151377543724136,70,58,68,23957.68359375,0.35285380482673645,0.22438944876194,0.41325974464416504,0.3068682551383972,0.10639147460460663,159,5,2,219,0,13,9,4,0.32142857142857145,0.039962731301784515,0.03112751804292202,0.012823043391108513,0.06642875075340271,0.0011844580294564366,0.009497026912868023,0.0345027893781662,0.06828118115663528,0.2272244691848755,0.08012352883815765,0.005925782956182957,0.06113433092832565,0.05399886518716812,0.009023350663483143,0.01870696246623993,0.0,0.07318228483200073,0.06403876096010208,0.06319036334753036,0.07964381575584412,61,0.3749409596108926,-12,-9,82,12697.4609375,-0.03384390473365784,0.08906935155391693,-0.10681253671646118,30,22,2,-34,0,0,0.028765981100611404
g18279.t1,G7VC87,0.5174,19.6,1,315,2.361568065475712,120,27,168,27388.541015625,0.26113975048065186,0.3614198863506317,0.3360655605792999,0.19046837091445923,0.1455972045660019,249,31,28,584,0,18,15,3,0.21587301587301588,0.06934595853090286,0.1249040961265564,0.051690757274627686,0.07625124603509903,0.005694103427231312,0.04137476161122322,0.02421809919178486,0.02803792990744114,0.043341342359781265,0.019531695172190666,0.018966834992170334,0.052361518144607544,0.07580287754535675,0.03958296403288841,0.009555380791425705,0.0,0.021161815151572227,0.061614442616701126,0.08943714201450348,0.14712704718112946,1,210,1.831199362671314,81,48,81,19060.15234375,0.25027352571487427,0.10429536551237106,0.6187554001808167,0.4419894814491272,0.17676587402820587,174,19,28,214,6,24,13,11,0.24761904761904763,0.03194592148065567,0.0403195321559906,0.0021588196977972984,0.1448199599981308,0.0,0.02667577750980854,0.0003321261319797486,0.06294599175453186,0.24267533421516418,0.020063545554876328,0.0037242104299366474,0.0325394943356514,0.05634012818336487,0.0,0.0420532152056694,0.0,0.07466015219688416,0.0114296181127429,0.008002050220966339,0.199314147233963,105,0.5303687028043982,39,-21,87,8328.388671875,0.010866224765777588,0.25712452083826065,-0.2826898396015167,75,12,0,370,-6,-8,-0.031746031746031744
g215.t1,G7VDQ3,0.5145,9.6,1,219,2.8489576263516634,81,73,65,27967.03125,0.2796042859554291,0.262187659740448,0.4582080543041229,0.26098212599754333,0.1972259134054184,202,21,1,69,-5,20,21,-1,0.3242009132420091,0.0473584309220314,0.034421149641275406,0.10712172091007233,0.1498674601316452,0.005191633477807045,0.0,0.051248110830783844,0.10217541456222534,0.04880722984671593,0.08809206634759903,0.0,0.03448997437953949,0.03261278569698334,0.01565798558294773,0.02115890383720398,0.0,0.0013844356872141361,0.029567372053861618,0.01867038570344448,0.2121748924255371,1,146,1.5278386617081567,44,80,22,15203.7021484375,0.08496944606304169,0.3729220926761627,0.5031993389129639,0.3473339378833771,0.15586541593074799,134,24,0,44,1,18,9,9,0.2945205479452055,0.07963498681783676,0.037104155868291855,0.03409504145383835,0.07623044401407242,0.0,0.038909099996089935,0.15207117795944214,0.0,0.25817161798477173,0.00912550650537014,0.004774642176926136,0.0058897254057228565,0.043991994112730026,0.0,0.04816629737615585,,0.02118757553398609,0.09940189868211746,0.0020835043396800756,0.08916234225034714,73,1.3211189646435066,37,-7,43,12763.3291015625,0.1946348398923874,-0.11073443293571472,-0.04499128460884094,68,-3,1,25,-6,-10,0.029680365296803624
g1098.t1,G7VIA3,0.5102,19.6,1,105,2.280636788113884,50,14,41,18679.0546875,0.3933548331260681,0.22499532997608185,0.3554249405860901,0.24214130640029907,0.11328364908695221,79,8,6,139,3,8,6,2,0.49523809523809526,0.03814833611249924,0.03512788936495781,0.05511565878987312,0.07513530552387238,0.00431840168312192,0.026224952191114426,0.09261953830718994,0.08368641138076782,0.0681193619966507,0.10502352565526962,0.021937478333711624,0.06475234031677246,0.050093457102775574,0.042147599160671234,0.014464530162513256,0.011085588485002518,0.021395644173026085,0.005692413542419672,0.010889706201851368,0.174021914601326,1,229,2.895363192589938,57,45,127,28743.56640625,0.29511111974716187,0.38641443848609924,0.2635898292064667,0.16929611563682556,0.09429370611906052,138,17,10,180,4,18,9,9,0.32751091703056767,0.02043372206389904,0.12445565313100815,0.03936370834708214,0.07385998964309692,0.009799263440072536,0.05488474294543266,0.07767774164676666,0.0003367584431543946,0.06879065930843353,0.054444827139377594,0.0432988740503788,0.09070490300655365,0.012794261798262596,0.05871555209159851,0.07436720281839371,0.0,0.025016671046614647,0.03385031968355179,0.036699797958135605,0.10050545632839203,-124,-0.6147264044760541,-7,-31,-86,-10064.51171875,0.09824371337890625,-0.1614191085100174,0.09183511137962341,-59,-9,-4,-41,-1,-7,0.16772717820752758
g2428.t1,G7VHW7,0.5094,14.2,1,229,2.681107068061874,175,0,54,30427.09765625,0.40167301893234253,0.2499607801437378,0.33474522829055786,0.24531026184558868,0.08943500369787216,197,11,0,169,12,17,8,9,0.31004366812227074,0.022797338664531708,0.041312478482723236,0.024219568818807602,0.06663765758275986,0.017284823581576347,0.013620920479297638,0.11053779721260071,0.09044887125492096,0.07107750326395035,0.08541040122509003,0.0271467175334692,0.09142757952213287,0.05283994600176811,0.036478400230407715,0.00031087282695807517,0.0,0.0006362512358464301,0.0532013475894928,0.02037871442735195,0.17423275113105774,1,129,1.6072469457939815,116,0,13,15592.740234375,0.47504115104675293,0.1448378711938858,0.37970706820487976,0.33272865414619446,0.046978436410427094,118,1,1,180,7,11,2,9,0.3333333333333333,0.031549256294965744,0.011479361914098263,,0.015429181046783924,0.011138598434627056,0.00041385236545465887,0.0,0.10518797487020493,0.20060735940933228,0.09001289308071136,0.07679255306720734,0.09719961136579514,0.05560051277279854,0.020692618563771248,0.03449071943759918,0.00467438530176878,0.018416428938508034,0.03550444543361664,0.05868896096944809,0.13212130963802338,100,1.0738601222678923,59,0,41,14834.357421875,-0.0733681321144104,0.10512290894985199,-0.0449618399143219,79,10,-1,-11,5,0,-0.02328966521106257
g18279.t1,G7VFF8,0.508,17.1,1,315,2.361568065475712,120,27,168,27388.541015625,0.26113975048065186,0.3614198863506317,0.3360655605792999,0.19046837091445923,0.1455972045660019,249,31,28,584,0,18,15,3,0.21587301587301588,0.06934595853090286,0.1249040961265564,0.051690757274627686,0.07625124603509903,0.005694103427231312,0.04137476161122322,0.02421809919178486,0.02803792990744114,0.043341342359781265,0.019531695172190666,0.018966834992170334,0.052361518144607544,0.07580287754535675,0.03958296403288841,0.009555380791425705,0.0,0.021161815151572227,0.061614442616701126,0.08943714201450348,0.14712704718112946,1,153,1.6016748431695145,69,24,60,17623.396484375,0.2952788174152374,0.10871729999780655,0.5385777950286865,0.36259743571281433,0.175980344414711,132,24,28,165,5,17,10,7,0.27450980392156865,0.10064708441495895,0.004847242031246424,0.029624544084072113,0.07533324509859085,0.008407896384596825,0.05742611736059189,,0.032368142157793045,0.2671176493167877,0.09110574424266815,0.008421823382377625,0.060468487441539764,0.01698916219174862,0.02469952404499054,0.0226481631398201,0.0,0.052818041294813156,0.032270994037389755,0.019326355308294296,0.0954798087477684,162,0.7598932223061976,51,3,108,9765.14453125,-0.03413906693458557,0.25270258635282516,-0.2025122344493866,117,7,0,419,-5,-4,-0.05863678804855277
g6827.t1,G7VEM9,0.5076,15.3,1,176,1.7498201592905276,52,51,73,20316.9375,0.15511298179626465,0.44832873344421387,0.3384191691875458,0.189107283949852,0.14931190013885498,139,9,1,294,-5,11,13,-2,0.3068181818181818,0.06269726157188416,0.050460465252399445,0.13147804141044617,0.08661463111639023,0.0,0.05813911557197571,0.21059846878051758,0.0058397878892719746,0.059402916580438614,0.021001840010285378,0.02268820069730282,0.08609289675951004,0.014567132107913494,0.0,0.025405090302228928,0.014636454172432423,0.004923130385577679,0.015750225633382797,0.0,0.12970435619354248,1,183,1.6504949590506977,79,51,53,17889.29296875,0.24287854135036469,0.27968916296958923,0.4179733693599701,0.2715332508087158,0.14644011855125427,160,16,6,175,1,16,12,4,0.2568306010928962,0.023613937199115753,0.08344827592372894,0.0,0.12282617390155792,0.0,0.05945899710059166,0.09884291142225266,0.0,0.208306685090065,0.04964417964220047,0.0,0.07922212779521942,0.09557122737169266,0.01216946542263031,0.03406202793121338,0.0,0.006271545775234699,0.019978484138846397,0.043357472866773605,0.06322658061981201,-7,0.09932520023982994,-27,0,20,2427.64453125,-0.08776555955410004,0.16863957047462463,-0.07955420017242432,-21,-7,-5,119,-6,-6,0.04998758072528564
g9256.t1,G7VBD4,0.5071,18.5,1,86,2.9377266364579993,17,16,53,19433.375,0.3802233636379242,0.2545168995857239,0.36525967717170715,0.313223659992218,0.052036039531230927,46,2,9,24,7,12,4,8,0.5465116279069767,0.00941026397049427,0.0019469511462375522,0.02964302897453308,0.042625777423381805,0.0,0.0,0.054037123918533325,0.07587624341249466,0.07963279634714127,0.008965683169662952,0.008467589505016804,0.10144603252410889,0.07565188407897949,0.04531411454081535,0.01987401209771633,0.024880405515432358,0.0645018145442009,0.08024894446134567,0.04388641566038132,0.23359087109565735,1,75,1.4179603786738277,36,11,28,13423.435546875,0.18925221264362335,0.3911150395870209,0.4196327328681946,0.36886438727378845,0.050768397748470306,57,2,20,96,7,11,4,7,0.44,0.009160579182207584,0.007090440019965172,0.07159281522035599,0.0416078194975853,,,0.0,0.06970084458589554,0.0944785475730896,0.030968185514211655,0.0046977330930531025,0.04154953360557556,0.0,0.013389292173087597,0.03851286694407463,0.07426299899816513,0.028946612030267715,0.15315857529640198,0.04649734869599342,0.27438583970069885,11,1.5197662577841715,-19,5,25,6009.939453125,0.19097115099430084,-0.136598140001297,-0.05437305569648743,-11,0,-11,-72,0,1,0.10651162790697671
g1259.t1,G7VH44,0.5069,9.3,1,191,1.5445783784625133,66,46,79,17340.41796875,0.2100527137517929,0.3317936956882477,0.4260016083717346,0.2959679961204529,0.13003356754779816,170,18,2,69,0,16,10,6,0.2094240837696335,0.07866029441356659,0.013815322890877724,0.08731868863105774,0.05137326568365097,0.00037214168696664274,0.03215193375945091,0.17854464054107666,0.006136095616966486,0.05296057462692261,0.027081498876214027,0.0007273148512467742,0.1461212933063507,0.029432548210024834,0.0,0.031770866364240646,0.0,0.00018182871281169355,0.019972046837210655,0.00037214168696664274,0.24300743639469147,1,446,2.2816450551812055,145,129,172,26383.3203125,0.14582279324531555,0.1526627242565155,0.6961334943771362,0.4787447154521942,0.2173888087272644,407,41,1,180,-1,30,29,1,0.1591928251121076,0.08540590852499008,0.02662530168890953,0.033166419714689255,0.13198289275169373,0.00024458987172693014,0.0053809769451618195,0.021784458309412003,0.009266532957553864,0.37959933280944824,0.00036688477848656476,0.030206844210624695,0.005518585909157991,0.06070530042052269,0.0035465527325868607,0.029691806063055992,0.0,0.03596750274300575,0.029924478381872177,0.011470247060060501,0.09914534538984299,-255,-0.7370666767186922,-79,-83,-93,-9042.90234375,0.06422992050647736,0.17913097143173218,-0.2701318860054016,-237,-23,1,-111,1,5,0.050231258657525896
g4551.t1,G7VE25,0.5053,22.6,1,142,2.1566445379236145,22,46,74,23968.32421875,0.14541013538837433,0.2878069281578064,0.5667829513549805,0.39894524216651917,0.1678377240896225,80,7,0,22,2,18,15,3,0.352112676056338,0.05084813013672829,0.00484621524810791,0.10969148576259613,0.11698959767818451,0.0,0.0,0.1077684685587883,0.013057857751846313,0.15411272644996643,0.010500133037567139,0.005760913249105215,0.0358993262052536,0.042915232479572296,0.03727666288614273,0.0,,0.0,0.05800251662731171,0.007498238235712051,0.24483247101306915,1,175,2.1102102854114175,38,71,66,23083.15234375,0.2366747111082077,0.1428215652704239,0.6205037832260132,0.33550673723220825,0.28499704599380493,135,35,0,223,-3,26,22,4,0.29714285714285715,0.1512538343667984,0.0005495568038895726,0.04768204316496849,0.13374319672584534,0.0,0.0,0.03962165489792824,0.07827639579772949,0.13158684968948364,0.0005591171211563051,0.029312219470739365,0.047443997114896774,0.05651731416583061,0.016303187236189842,0.021013271063566208,,0.008262472227215767,0.02828783541917801,0.005667214747518301,0.2039198875427246,-33,0.046434252512197016,-16,-25,8,885.171875,-0.09126457571983337,0.1449853628873825,-0.053720831871032715,-55,-28,0,-201,5,-1,0.05496981891348085
g14210.t1,G7VD80,0.5026,15.0,1,118,1.8469997613887725,98,0,20,17653.09375,0.30991774797439575,0.19816656410694122,0.4142962694168091,0.2650167942047119,0.14927944540977478,121,14,2,49,-6,12,13,-1,0.3813559322033898,0.03238224238157272,0.04039689525961876,0.013244648464024067,0.11689721047878265,0.027233490720391273,0.07761948555707932,0.06024277210235596,0.008773205801844597,0.13787534832954407,0.031254544854164124,0.0,0.11380001157522202,0.025040190666913986,0.06068133935332298,0.005292144138365984,0.03294973447918892,0.04313492774963379,0.019647466018795967,0.026392905041575432,0.12714144587516785,1,247,2.9856254433092393,186,0,61,29436.22265625,0.18811379373073578,0.16858255863189697,0.5966000556945801,0.38997983932495117,0.2066202610731125,228,23,1,24,0,24,20,4,0.29959514170040485,0.024967197328805923,0.018626444041728973,0.023223750293254852,0.18165305256843567,0.017976272851228714,0.046703554689884186,0.026428842917084694,0.010193862952291965,0.2577005624771118,0.04084008187055588,0.010739419609308243,0.05093027278780937,0.038799937814474106,0.002192228566855192,0.034622158855199814,0.01219873409718275,0.01644171215593815,0.020162474364042282,0.03332015872001648,0.13227923214435577,-129,-1.1386256819204668,-88,0,-41,-11783.12890625,0.12180395424365997,0.02958400547504425,-0.182303786277771,-107,-9,1,25,-6,-5,0.08176079050298496
g16188.t2,G7VCZ4,0.5017,17.3,1,76,1.1612962467528984,18,26,32,11969.802734375,0.09278129041194916,0.4334450662136078,0.47109857201576233,0.25387972593307495,0.21721884608268738,70,10,0,2,0,9,9,0,0.42105263157894735,0.06764848530292511,0.0646112933754921,0.026923036202788353,0.14957036077976227,,0.0026750671677291393,0.10811285674571991,0.004852029494941235,0.09361370652914047,0.06439258903265,0.0,0.0,0.0040433574467897415,0.0,0.1964900642633438,,0.019493307918310165,0.037307821214199066,0.0,0.16026602685451508,1,94,1.239298592196016,22,29,43,13347.4970703125,0.10683537274599075,0.24760384857654572,0.6455607414245605,0.4004424512386322,0.24511831998825073,82,6,0,31,-1,12,10,2,0.30851063829787234,0.060720331966876984,0.004263036418706179,0.03596001863479614,0.18439799547195435,0.006285088136792183,0.0,0.0,0.04423735290765762,0.2376890331506729,0.0004724460013676435,0.0012086707865819335,0.021519744768738747,0.032875850796699524,0.0,0.14081323146820068,,0.00023622300068382174,0.0,0.0665675550699234,0.1627534031867981,-18,-0.07800234544311757,-4,-3,-11,-1377.6943359375,-0.014054082334041595,0.18584121763706207,-0.17446216940879822,-12,4,0,-29,1,-2,0.112541993281075
