incendi_protein,ortholog_accession,alntmscore,pident,incendi_num_chains,incendi_num_residues,incendi_rg_nm,incendi_helix_num,incendi_strand_num,incendi_coil_num,incendi_total_sasa_A2,incendi_frac_sasa_hydrophobic,incendi_frac_sasa_polar,incendi_frac_sasa_charged,incendi_frac_sasa_pos,incendi_frac_sasa_neg,incendi_num_hbonds,incendi_num_salt_bridges,incendi_num_disulfides,incendi_num_pipi,incendi_net_charge,incendi_num_exposed_pos,incendi_num_exposed_neg,incendi_surface_net_charge,incendi_highly_exposed_frac,incendi_frac_sasa_ALA,incendi_frac_sasa_THR,incendi_frac_sasa_TYR,incendi_frac_sasa_LEU,incendi_frac_sasa_PRO,incendi_frac_sasa_VAL,incendi_frac_sasa_ASP,incendi_frac_sasa_GLY,incendi_frac_sasa_SER,incendi_frac_sasa_LYS,incendi_frac_sasa_ARG,incendi_frac_sasa_GLN,incendi_frac_sasa_GLU,incendi_frac_sasa_HIS,incendi_frac_sasa_MET,incendi_frac_sasa_PHE,incendi_frac_sasa_ILE,incendi_frac_sasa_ASN,ortholog_num_chains,ortholog_num_residues,ortholog_rg_nm,ortholog_helix_num,ortholog_strand_num,ortholog_coil_num,ortholog_total_sasa_A2,ortholog_frac_sasa_hydrophobic,ortholog_frac_sasa_polar,ortholog_frac_sasa_charged,ortholog_frac_sasa_pos,ortholog_frac_sasa_neg,ortholog_num_hbonds,ortholog_num_salt_bridges,ortholog_num_disulfides,ortholog_num_pipi,ortholog_net_charge,ortholog_num_exposed_pos,ortholog_num_exposed_neg,ortholog_surface_net_charge,ortholog_highly_exposed_frac,ortholog_frac_sasa_ALA,ortholog_frac_sasa_THR,ortholog_frac_sasa_TYR,ortholog_frac_sasa_LEU,ortholog_frac_sasa_PRO,ortholog_frac_sasa_VAL,ortholog_frac_sasa_GLY,ortholog_frac_sasa_ASP,ortholog_frac_sasa_ARG,ortholog_frac_sasa_LYS,ortholog_frac_sasa_HIS,ortholog_frac_sasa_GLN,ortholog_frac_sasa_GLU,ortholog_frac_sasa_MET,ortholog_frac_sasa_ILE,ortholog_frac_sasa_ASN,incendi_frac_sasa_TRP,incendi_frac_sasa_CYS,ortholog_frac_sasa_PHE,ortholog_frac_sasa_TRP,ortholog_frac_sasa_CYS,ortholog_frac_sasa_SER,diff_num_residues,diff_rg_nm,diff_helix_num,diff_strand_num,diff_coil_num,diff_total_sasa_A2,diff_frac_sasa_hydrophobic,diff_frac_sasa_polar,diff_frac_sasa_charged,diff_num_hbonds,diff_num_salt_bridges,diff_num_disulfides,diff_num_pipi,diff_net_charge,diff_surface_net_charge,diff_highly_exposed_frac
g16504.t1,A0A364KQU2,1.008,81.0,1,137,3.0471079050608516,57,0,80,29588.169921875,0.2448669970035553,0.2675378620624542,0.477003812789917,0.37585127353668213,0.10115255415439606,85,3,0,0,13,21,8,13,0.45985401459854014,0.059351544827222824,0.0562918484210968,0.056048549711704254,0.014168849214911461,0.0730426162481308,0.017769936472177505,0.02697022631764412,0.03768236190080643,0.02146695740520954,0.2321590781211853,0.14369218051433563,0.094229556620121,0.07418233156204224,0.010591362603008747,0.07126492261886597,0.000981436693109572,0.008287686854600906,0.0018185707740485668,1,88,2.1168903108850268,56,0,32,19677.587890625,0.24716219305992126,0.16391819715499878,0.5889196991920471,0.46480265259742737,0.12411701679229736,67,1,0,0,6,13,7,6,0.4659090909090909,0.09147009253501892,0.03925098851323128,0.089911088347435,0.026388052850961685,0.0004919118364341557,0.05039454251527786,0.0029253032989799976,0.04286427050828934,0.17646586894989014,0.28833678364753723,0.0,0.016710666939616203,0.08125275373458862,0.0767778679728508,0.0016397060826420784,0.01512012630701065,,,,,,,49,0.9302175941758248,1,0,48,9910.58203125,-0.002295196056365967,0.10361966490745544,-0.11191588640213013,18,2,0,0,7,7,-0.006055076310550744
g12123.t1,A0A364LBM5,1.004,79.5,1,188,2.6794486177425423,61,31,96,30202.45703125,0.36847934126853943,0.23715999722480774,0.3160320222377777,0.16757157444953918,0.14846044778823853,136,13,1,215,-2,14,12,2,0.3829787234042553,0.021523425355553627,0.09162453562021255,0.0,0.09930583089590073,0.024563726037740707,0.0054483599960803986,0.11045092344284058,0.013282856903970242,0.04365483671426773,0.09010542184114456,0.07746615260839462,0.061567701399326324,0.03800952434539795,0.07832864671945572,0.09796126186847687,0.11967670172452927,0.0,0.027030061930418015,1,147,1.5839295384694365,54,31,62,15845.994140625,0.2037046253681183,0.18304549157619476,0.5742109417915344,0.328990638256073,0.24522030353546143,128,11,3,176,-1,14,11,3,0.2857142857142857,0.03970571234822273,0.05767334625124931,0.0,0.018325714394450188,0.01770557276904583,0.0,0.024081477895379066,0.20455476641654968,0.18135330080986023,0.14763732254505157,0.03903903812170029,0.021357733756303787,0.04066554829478264,0.05433307960629463,0.049403879791498184,0.029335839673876762,0.0,0.0,0.02402704581618309,0.00020361905626486987,0.0,0.05059710144996643,41,1.0955190792731058,7,0,34,14356.462890625,0.16477471590042114,0.054114505648612976,-0.2581789195537567,8,2,-2,39,-1,-1,0.09726443768996962
g16570.t1,A0A364L0I7,1.003,77.7,1,148,1.9196067995034243,79,0,69,19365.67578125,0.1566627472639084,0.2616055905818939,0.5548286437988281,0.48765087127685547,0.06717776507139206,113,7,0,38,17,20,7,13,0.30405405405405406,0.05762325972318649,0.07076434046030045,0.06242356449365616,0.0009996696608141065,0.021648112684488297,0.0003332232008688152,0.02907569520175457,0.014116404578089714,0.06564563512802124,0.30876603722572327,0.1788848340511322,0.04064694419503212,0.03810206428170204,0.026903046295046806,0.00016281309945043176,0.00333223189227283,0.05548166483640671,0.008008714765310287,1,151,1.916493368462332,79,0,72,19168.419921875,0.16887721419334412,0.2722540497779846,0.5519706010818481,0.4715466797351837,0.08042392879724503,113,6,0,69,17,20,7,13,0.31125827814569534,0.062268633395433426,0.09993531554937363,0.0671095997095108,0.0008224428165704012,0.024238966405391693,0.004647892899811268,0.0252701286226511,0.06035630777478218,0.16761809587478638,0.3039286136627197,0.006898170802742243,0.01882426254451275,0.020067604258656502,0.01706593856215477,0.03094845823943615,0.0172878485172987,0.017081784084439278,0.0,0.0042081535793840885,0.024676721543073654,0.0,0.0438268706202507,-3,0.003113431041092296,0,0,-3,197.255859375,-0.01221446692943573,-0.010648459196090698,0.0028580427169799805,0,1,0,-31,0,0,-0.007204224091641287
g5966.t1,A0A364L6B7,1.002,73.5,1,250,2.0607518638818925,206,0,44,24794.93359375,0.11648157984018326,0.26064392924308777,0.6228744387626648,0.26398032903671265,0.35889410972595215,269,45,0,271,-12,18,25,-7,0.236,0.03115091845393181,0.06675466895103455,0.026775330305099487,0.0051784696988761425,0.010469267144799232,0.00013012925046496093,0.12145798653364182,0.00814177468419075,0.013505926355719566,0.22220511734485626,0.04177522659301758,0.09013631194829941,0.23743614554405212,0.0,0.05614948272705078,0.00026025850092992187,0.013143054209649563,0.05532991141080856,1,261,1.9325339213287605,201,0,60,22021.03125,0.15491753816604614,0.21839983761310577,0.6149999499320984,0.17195218801498413,0.4430477023124695,277,45,0,237,-20,14,28,-14,0.23371647509578544,0.04556714743375778,0.07473350316286087,0.026245487853884697,0.04671017453074455,0.018541373312473297,0.0,0.009923350997269154,0.1110084280371666,0.04408592730760574,0.12786626815795898,0.011682679876685143,0.05415170267224312,0.3320392966270447,0.028274552896618843,0.01582428067922592,0.015498419292271137,0.0,0.0,0.0,0.0,0.0,0.037847377359867096,-11,0.128217942553132,5,0,-16,2773.90234375,-0.038435958325862885,0.042244091629981995,0.007874488830566406,-8,0,0,34,8,7,0.0022835249042145456
g8493.t1,A0A364L368,1.002,56.6,1,84,1.6795799888167362,16,22,46,16616.44921875,0.17470771074295044,0.22530262172222137,0.5558737516403198,0.26090794801712036,0.29496583342552185,56,3,1,15,0,9,8,1,0.36904761904761907,0.0,0.008495127782225609,0.00893218070268631,0.056068092584609985,0.0,0.01786435954272747,0.057728540152311325,0.016667697578668594,0.018039612099528313,0.13497506082057953,0.12593287229537964,0.10984930396080017,0.23723730444908142,0.04411598667502403,0.026214009150862694,0.07378454506397247,0.0007767113856971264,0.06331869959831238,1,86,1.703113060779931,16,22,48,16982.87890625,0.13658179342746735,0.2216290682554245,0.5899051427841187,0.35387471318244934,0.23603035509586334,62,4,0,5,0,10,7,3,0.3953488372093023,0.03332411125302315,0.007983239367604256,0.022224286571145058,0.05807081609964371,0.0,0.0098490659147501,0.03521966189146042,0.01952860876917839,0.21804654598236084,0.1358281970024109,0.05188409984111786,0.07021917402744293,0.21650174260139465,0.022798581048846245,0.01215924322605133,0.06091845780611038,,0.0,0.0003799763508141041,0.0,0.0,0.0250642541795969,-2,-0.023533071963194763,0,0,-2,-366.4296875,0.03812591731548309,0.003673553466796875,-0.03403139114379883,-6,-1,1,10,0,-2,-0.026301218161683237
g3990.t1,A0A364L7J9,1.0,68.5,1,259,2.329165429580628,33,64,162,25688.548828125,0.21137242019176483,0.22488658130168915,0.5184397101402283,0.3705098032951355,0.14792987704277039,177,22,3,88,30,28,10,18,0.22393822393822393,0.00600887555629015,0.016447022557258606,0.11067686229944229,0.051858339458703995,0.040894877165555954,0.011178622953593731,0.05692589655518532,0.02053789049386978,0.0009819116676226258,0.19354960322380066,0.17696021497249603,0.03141480311751366,0.09100398421287537,0.04530131816864014,0.07305411994457245,0.008289765566587448,0.005643521901220083,0.044828109443187714,1,254,2.301800882056829,26,64,164,25081.95703125,0.1757177710533142,0.25355029106140137,0.5165173411369324,0.40327179431915283,0.11324551701545715,173,16,0,38,30,28,7,21,0.24803149606299213,0.01681666448712349,0.04361831396818161,0.10364138334989548,0.023151885718107224,0.02388893812894821,0.0032160033006221056,0.02399331144988537,0.06292738765478134,0.22033566236495972,0.18293610215187073,0.05421459302306175,0.022077588364481926,0.05031812563538551,0.051700711250305176,0.009507638402283192,0.05476149171590805,0.014444288797676563,0.0,0.0474359467625618,0.0,,0.005458205007016659,5,0.027364547523799132,7,0,-2,606.591796875,0.03565464913845062,-0.02866370975971222,0.0019223690032958984,4,6,3,50,0,-3,-0.024093272124768195
g5060.t1,A0A364LE54,0.9985,68.6,1,204,2.1731062886063817,82,32,90,25548.6015625,0.2369786500930786,0.19067078828811646,0.523618757724762,0.5033678412437439,0.020250968635082245,162,21,2,125,42,29,1,28,0.27941176470588236,0.027536695823073387,0.007307574152946472,0.06671684235334396,0.032456666231155396,0.05556207150220871,0.007758031133562326,0.020004145801067352,0.007577431388199329,0.027068568393588066,0.16743551194667816,0.33593225479125977,0.043313346803188324,0.00024682257208041847,0.04873181879520416,0.042659692466259,0.018059544265270233,0.004672749433666468,0.03868703544139862,1,435,3.2089349699589267,166,86,183,38058.26171875,0.19965726137161255,0.29292356967926025,0.4499189555644989,0.36540767550468445,0.08451121300458908,373,41,1,303,34,37,12,25,0.21149425287356322,0.03432315215468407,0.05682748556137085,0.07388635724782944,0.006951888091862202,0.06365172564983368,0.005764980800449848,0.01026187464594841,0.018574966117739677,0.17971934378147125,0.18568836152553558,0.05750016123056412,0.10072178393602371,0.06593624502420425,0.0020840091165155172,0.008639739826321602,0.025267090648412704,0.04827320575714111,0.0,0.02950313687324524,0.04873863607645035,0.0,0.025959011167287827,-231,-1.035828681352545,-84,-54,-93,-12509.66015625,0.037321388721466064,-0.1022527813911438,0.07369980216026306,-211,-20,1,-178,8,3,0.06791751183231914
g18620.t1,A0A364KN38,0.997,63.2,1,170,2.0195423793335525,82,26,62,21161.18359375,0.14441081881523132,0.33781877160072327,0.49852490425109863,0.31076791882514954,0.1877569854259491,155,21,0,67,4,18,11,7,0.3235294117647059,0.015143189579248428,0.10393877327442169,0.0690116211771965,0.015857374295592308,0.007294455077499151,0.006521652918308973,0.023988766595721245,0.00014899855887051672,0.012696162797510624,0.1442832201719284,0.16648468375205994,0.0612359344959259,0.1637682467699051,0.019245408475399017,0.04381667822599411,0.04357949271798134,0.012197979725897312,0.08646345883607864,1,965,4.248741326341192,337,67,561,96968.6015625,0.3318217098712921,0.30097928643226624,0.30382564663887024,0.19686490297317505,0.106960728764534,688,90,8,471,2,41,34,7,0.2549222797927461,0.02905759960412979,0.035108376294374466,0.03211221471428871,0.10111010819673538,0.03591547906398773,0.047822095453739166,0.007813694886863232,0.029910730198025703,0.11993718147277832,0.07692773640155792,0.0633733719587326,0.09927035123109818,0.07704998552799225,0.013152326457202435,0.060105010867118835,0.04462746903300285,,0.004323851782828569,0.04242972657084465,0.0022293669171631336,0.00861386675387621,0.07343331724405289,-795,-2.2291989470076397,-255,-41,-499,-75807.41796875,-0.1874108910560608,0.03683948516845703,0.1946992576122284,-533,-69,-8,-404,2,0,0.06860713197195978
g12109.t2,A0A364LAM8,0.9965,47.5,1,160,2.622392035098308,33,34,93,30858.55078125,0.3216227889060974,0.17495572566986084,0.477888822555542,0.4443657398223877,0.033523079007864,87,6,0,34,25,26,7,19,0.4125,0.01738034188747406,0.03177787363529205,0.047682471573352814,0.13359373807907104,0.09525346010923386,0.003709305077791214,0.00010217543604085222,0.027645133435726166,0.009262535721063614,0.17522898316383362,0.2691367566585541,0.03177165240049362,0.033420905470848083,0.025532672181725502,0.05370178818702698,0.010246804915368557,0.005646198056638241,0.02681606635451317,1,160,2.576813310805887,32,35,93,29858.1015625,0.3111625909805298,0.23801174759864807,0.39987844228744507,0.29177674651145935,0.10810169577598572,93,11,0,59,15,22,9,13,0.40625,0.03054724633693695,0.03880087658762932,0.05284342169761658,0.040199313312768936,0.05262652039527893,0.03924119472503662,0.03595792129635811,0.0034896947909146547,0.1431473195552826,0.14862941205501556,0.05094713717699051,0.03974369540810585,0.10461200028657913,0.05501421540975571,0.06046693027019501,0.045638557523489,0.002091184491291642,0.0,0.03306717798113823,,0.0,0.025027304887771606,0,0.04557872429242105,1,-1,0,1000.44921875,0.010460197925567627,-0.06305602192878723,0.07801038026809692,-6,-5,0,-25,10,6,0.006249999999999978
g11479.t1,A0A364LAK7,0.9962,62.8,1,281,2.330517654540377,53,86,142,31332.375,0.25071844458580017,0.23203732073307037,0.49085092544555664,0.44757992029190063,0.0432710237801075,199,25,2,61,32,31,6,25,0.26334519572953735,0.02830422669649124,0.028523623943328857,0.00888865627348423,0.07971608638763428,0.04448650777339935,0.0267739649862051,0.005232775118201971,0.01617160066962242,0.03449101001024246,0.26364439725875854,0.1839355081319809,0.1279108226299286,0.03803824633359909,0.026393229141831398,0.056067679077386856,0.0,0.011701932176947594,0.01605161838233471,1,261,1.9989443936519442,51,89,121,24616.341796875,0.2669830620288849,0.16387499868869781,0.5503471493721008,0.41841012239456177,0.13193699717521667,212,30,0,62,20,27,12,15,0.23754789272030652,0.04077453166246414,0.0357925146818161,0.02092011459171772,0.06196780875325203,0.025654515251517296,0.0028836135752499104,0.03873271867632866,0.07761996239423752,0.21716955304145813,0.20124056935310364,0.018794799223542213,0.06572740525007248,0.054317034780979156,0.09357170760631561,0.035184022039175034,0.002177941845729947,0.003668042365461588,0.0,0.006946887355297804,0.0,0.0,0.0005242933984845877,20,0.33157326088843275,2,-3,21,6716.033203125,-0.016264617443084717,0.06816232204437256,-0.05949622392654419,-13,-5,2,-1,12,10,0.025797303009230832
g11214.t1,A0A364L0B5,0.9955,61.4,1,165,2.3906160910884964,48,35,82,27818.755859375,0.15487708151340485,0.372802734375,0.4588206112384796,0.35240688920021057,0.10641368478536606,117,16,0,28,25,26,6,20,0.4,0.05350746214389801,0.06138839200139046,0.03554763272404671,0.0,0.029894931241869926,0.016005869954824448,0.09383290261030197,0.030185900628566742,0.04633647948503494,0.2111058533191681,0.14130108058452606,0.17045968770980835,0.012580771930515766,0.013499611988663673,0.055468834936618805,0.0,0.0,0.028884615749120712,1,135,1.7704006070719216,48,35,52,18808.80859375,0.1461721807718277,0.2655533254146576,0.5467014312744141,0.45011329650878906,0.09658816456794739,108,13,0,8,19,23,10,13,0.37037037037037035,0.07336357235908508,0.04502960667014122,0.03476715087890625,0.029426883906126022,0.012522743083536625,0.0,0.01520434021949768,0.00939138513058424,0.18030524253845215,0.2698080837726593,0.04157302528619766,0.03416715934872627,0.08719678223133087,0.030858973041176796,0.0,0.02385394088923931,0.0,,0.0,,,0.1125311404466629,30,0.6202154840165748,0,0,30,9009.947265625,0.008704900741577148,0.10724940896034241,-0.08788082003593445,9,3,0,20,6,7,0.029629629629629672
g16485.t1,A0A364L5U1,0.9952,61.5,1,104,2.114236623803046,10,32,62,20260.8828125,0.15742559731006622,0.3080880045890808,0.4799848198890686,0.465045303106308,0.014939459972083569,46,4,6,3,26,25,1,24,0.4519230769230769,0.018313752487301826,0.0,0.09016833454370499,0.02420600689947605,0.010192002169787884,0.09005876630544662,0.014939459972083569,0.02024967037141323,0.10214176774024963,0.2910725176334381,0.17397283017635345,0.04711869731545448,0.0,0.054501622915267944,0.0003225702967029065,0.0027072506491094828,0.011625251732766628,0.047146398574113846,1,106,2.124619404884925,10,35,61,20723.8671875,0.19118186831474304,0.20368210971355438,0.5488553047180176,0.5150157809257507,0.03383957967162132,52,3,6,0,25,26,2,24,0.41509433962264153,0.021326294168829918,0.019928613677620888,0.08938170224428177,0.019928613677620888,0.009497229009866714,0.01790461130440235,0.04252796620130539,0.0330788679420948,0.16244660317897797,0.3525691330432892,0.05628068372607231,0.04593462124466896,0.0007607137085869908,0.0004581945249810815,0.0,0.0,,0.0012631082208827138,0.1220669224858284,,0.0,0.005909207742661238,-2,-0.010382781081879067,0,-3,1,-462.984375,-0.03375627100467682,0.10440589487552643,-0.06887048482894897,-6,1,0,3,1,0,0.0368287373004354
g89.t2,A0A364KXZ1,0.9951,62.3,1,544,3.149346655683506,273,93,178,41669.0,0.17832554876804352,0.1901097446680069,0.5864114761352539,0.34060660004615784,0.24580487608909607,492,81,5,72,-6,48,42,6,0.20036764705882354,0.01787790097296238,0.02571803145110607,0.01885908469557762,0.017422374337911606,0.021371446549892426,0.020426364615559578,0.06970558315515518,0.02429930865764618,0.025965245440602303,0.16763150691986084,0.172975093126297,0.05725620687007904,0.1760992705821991,0.04515322670340538,0.04407702758908272,0.04238196462392807,0.014768476597964764,0.03801187500357628,1,528,3.0073106371230303,271,94,163,38289.359375,0.23828542232513428,0.2580846846103668,0.49403852224349976,0.29254987835884094,0.20148865878582,489,65,2,45,-8,37,33,4,0.19696969696969696,0.020840425044298172,0.057419124990701675,0.003719030413776636,0.012555847875773907,0.009016616269946098,0.005730186123400927,0.016779309138655663,0.05823252350091934,0.11250445991754532,0.18004538118839264,0.009591399691998959,0.05858929827809334,0.14325612783432007,0.10668352246284485,0.05942557007074356,0.10305140167474747,0.0,0.0,0.02403324656188488,0.0,0.0,0.018526514992117882,16,0.14203601856047587,2,-1,15,3379.640625,-0.05995987355709076,-0.06797493994235992,0.09237295389175415,3,16,3,27,2,2,0.003397950089126578
g7755.t1,A0A364KPM8,0.9922,69.4,1,445,2.267878742323239,209,68,168,27515.828125,0.17512159049510956,0.2953236401081085,0.512191653251648,0.29932257533073425,0.2128690630197525,441,46,17,73,-2,32,22,10,0.16404494382022472,0.006880631670355797,0.042631275951862335,0.05120289325714111,0.03176946938037872,0.036950357258319855,0.007033014204353094,0.032234370708465576,0.030708031728863716,0.019558602944016457,0.21959297358989716,0.07972957193851471,0.0929129496216774,0.18063469231128693,0.017363158985972404,0.07359686493873596,0.0,0.01538457628339529,0.05830985680222511,1,449,2.2471901696301257,205,66,178,26881.4140625,0.353791207075119,0.21592380106449127,0.411084920167923,0.23817600309848785,0.1729089319705963,436,36,27,155,-9,24,16,8,0.17371937639198218,0.09044791013002396,0.021934809163212776,0.03633403778076172,0.0310874804854393,0.0588141568005085,0.047252316027879715,0.028830433264374733,0.054560501128435135,0.07153915613889694,0.16663682460784912,0.019200056791305542,0.02975562959909439,0.11834840476512909,0.08808255940675735,0.034044042229652405,0.051967840641736984,0.003506694221869111,0.0,0.0015603754436597228,0.0025023461785167456,0.0,0.047101058065891266,-4,0.020688572693113194,4,2,-10,634.4140625,-0.17866961658000946,0.07939983904361725,0.10110673308372498,5,10,-10,-82,7,2,-0.009674432571757458
g9275.t1,A0A364KL64,0.9917,73.9,1,143,2.2094791523677535,33,41,69,20855.189453125,0.2159562110900879,0.23212751746177673,0.527164101600647,0.43795454502105713,0.08920956403017044,102,11,0,42,20,26,7,19,0.3706293706293706,0.014852344058454037,0.035008322447538376,0.02286769077181816,0.0652707889676094,0.041669923812150955,0.0,0.028876278549432755,0.032685570418834686,0.037645962089300156,0.22576434910297394,0.2121901959180832,0.047784965485334396,0.060333285480737686,0.024752099066972733,0.07143107056617737,0.000302369415294379,0.022429700940847397,0.056135017424821854,1,145,2.2777123644715846,32,41,72,21358.28515625,0.22956570982933044,0.21426813304424286,0.552238404750824,0.4382626712322235,0.11397569626569748,100,11,1,49,21,29,8,21,0.3448275862068966,0.005737127270549536,0.0,0.016668157652020454,0.06796322017908096,0.03978542611002922,0.0,0.0157570019364357,0.02436821721494198,0.16494321823120117,0.2733194828033447,0.0039277588948607445,0.041176095604896545,0.08960749208927155,0.08184956014156342,0.024562032893300056,0.07163667678833008,0.0,0.0,0.0,0.009668330661952496,0.0,0.06903021782636642,-2,-0.06823321210383115,1,0,-3,-503.095703125,-0.013609498739242554,0.017859384417533875,-0.025074303150177002,2,0,-1,-7,-1,-2,0.02580178442247405
g16570.t2,A0A364L0I7,0.9913,77.8,1,140,1.9359775330655178,79,0,61,19369.275390625,0.14564301073551178,0.228859081864357,0.5979430079460144,0.5170773863792419,0.08086562156677246,114,8,0,29,19,22,6,16,0.32142857142857145,0.0262807197868824,0.0505683533847332,0.06007983535528183,0.001499225734733045,0.020489418879151344,0.00033316126791760325,0.025674641132354736,0.010797359049320221,0.058440085500478745,0.3194054663181305,0.19767192006111145,0.039495501667261124,0.055190980434417725,0.027554867789149284,0.006496644578874111,0.0024987095966935158,0.06629909574985504,0.009477942250669003,1,151,1.916493368462332,79,0,72,19168.419921875,0.16887721419334412,0.2722540497779846,0.5519706010818481,0.4715466797351837,0.08042392879724503,113,6,0,69,17,20,7,13,0.31125827814569534,0.062268633395433426,0.09993531554937363,0.0671095997095108,0.0008224428165704012,0.024238966405391693,0.004647892899811268,0.0252701286226511,0.06035630777478218,0.16761809587478638,0.3039286136627197,0.006898170802742243,0.01882426254451275,0.020067604258656502,0.01706593856215477,0.03094845823943615,0.0172878485172987,0.021746035665273666,0.0,0.0042081535793840885,0.024676721543073654,0.0,0.0438268706202507,-11,0.019484164603185805,0,0,-11,200.85546875,-0.023234203457832336,-0.043394967913627625,0.04597240686416626,1,2,0,-40,2,3,0.010170293282876108
g4256.t1,A0A364KZ29,0.9883,54.8,1,319,1.94901360017685,187,38,94,21934.888671875,0.20605206489562988,0.31150567531585693,0.48244231939315796,0.3150503635406494,0.16739197075366974,339,46,6,268,1,25,18,7,0.21316614420062696,0.05641569197177887,0.034166183322668076,0.00784595962613821,0.0073112305253744125,0.061315782368183136,0.008090309798717499,0.06544999778270721,0.017995158210396767,0.09647579491138458,0.2892073094844818,0.02584303915500641,0.07266916334629059,0.10194198042154312,0.0,0.029908625409007072,0.008304016664624214,0.004412895999848843,0.08220966905355453,1,324,1.9492865670883248,194,38,92,22059.625,0.2406187355518341,0.2702902555465698,0.48636144399642944,0.280009388923645,0.20635205507278442,343,45,3,196,-4,24,20,4,0.1697530864197531,0.08292558789253235,0.036781568080186844,0.005325096659362316,0.0033640898764133453,0.06008147820830345,0.003510354785248637,0.015074817463755608,0.11951963603496552,0.04148673638701439,0.23852267861366272,0.0027295327745378017,0.06336477398872375,0.0868324264883995,0.05950656533241272,0.002888615010306239,0.05331293120980263,0.030293498188257217,0.0001437429600628093,0.028342021629214287,0.0,0.0,0.09643105417490005,-5,-0.00027296691147471464,-7,0,2,-124.736328125,-0.034566670656204224,0.04121541976928711,-0.003919124603271484,-4,1,3,72,5,3,0.04341305778087387
g1275.t1,A0A364L5D2,0.9865,68.8,1,349,2.1422740814549726,36,162,151,25549.08203125,0.2141849398612976,0.21629486978054047,0.5693963766098022,0.3353751301765442,0.23402121663093567,340,38,83,265,-2,31,22,9,0.18624641833810887,0.014990860596299171,0.04390062391757965,0.028438767418265343,0.031451109796762466,0.023472318425774574,0.02235836535692215,0.05079018697142601,0.0,0.009806891903281212,0.1498187929391861,0.1855563074350357,0.07348886132240295,0.18323104083538055,0.00012388653703965247,0.08827788382768631,0.0,0.011853810399770737,0.06028947979211807,1,394,2.2412792172477816,43,169,182,29159.939453125,0.26815658807754517,0.21960702538490295,0.49305155873298645,0.3230675160884857,0.16998405754566193,366,35,59,240,-3,27,19,8,0.17258883248730963,0.011837023310363293,0.02094024419784546,0.017546895891427994,0.10535182058811188,0.010179798118770123,0.01738431118428707,0.004200071562081575,0.054312702268362045,0.22824345529079437,0.09482403844594955,0.019184883683919907,0.05048438906669617,0.11567134410142899,0.08198143541812897,0.0018810494802892208,0.057121213525533676,0.021780606359243393,0.00037022691685706377,0.02024894207715988,0.019292199984192848,0.00021625461522489786,0.06909795105457306,-45,-0.09900513579280901,-7,-7,-31,-3610.857421875,-0.05397164821624756,-0.003312155604362488,0.0763448178768158,-26,3,24,25,1,1,0.013657585850799236
g6110.t1,A0A364KSB5,0.9862,66.6,1,156,2.0199289067783317,59,12,85,20548.259765625,0.20809006690979004,0.09770672023296356,0.647406816482544,0.5534389019012451,0.09396795183420181,114,24,0,78,20,25,8,17,0.28205128205128205,0.010520529933273792,0.018989024683833122,0.00692641269415617,0.025212660431861877,0.010363508015871048,0.015074193477630615,0.043024882674217224,0.009182010777294636,0.001081260503269732,0.3188423812389374,0.23459652066230774,0.011075207963585854,0.05094306915998459,0.046796299517154694,0.04897748678922653,0.0021482014562934637,0.032253630459308624,0.05045280233025551,1,155,1.9891127688618235,59,12,84,20382.259765625,0.15167348086833954,0.1568480134010315,0.6444624066352844,0.5224094390869141,0.12205300480127335,114,17,0,85,19,19,8,11,0.2709677419354839,0.0,0.02991802617907524,0.035511232912540436,0.03498467430472374,0.000633206800557673,0.0,0.022164855152368546,0.03339967131614685,0.27007174491882324,0.25233766436576843,0.04701611399650574,0.024701081216335297,0.0886533260345459,0.04914268106222153,0.030224300920963287,0.0179766733199358,0.06353987008333206,0.0,0.0,0.03668863698840141,0.0,0.026576144620776176,1,0.03081613791650817,0,0,1,166.0,0.0564165860414505,-0.05914129316806793,0.0029444098472595215,0,7,0,-7,1,6,0.011083540115798152
g12290.t2,A0A364L658,0.985,47.6,1,173,2.2155522676809487,75,19,79,25286.88671875,0.38806575536727905,0.15232513844966888,0.44641661643981934,0.4092274308204651,0.037189193069934845,113,7,0,64,22,27,4,23,0.31213872832369943,0.013270151801407337,0.04558063670992851,0.01591981016099453,0.07740229368209839,0.10844804346561432,0.0,0.01025646273046732,0.0046425675973296165,0.035009197890758514,0.16036896407604218,0.24885843694210052,0.02902390994131565,0.0269327312707901,0.013192502781748772,0.09061604738235474,0.0011483784765005112,0.0965428501367569,0.022149011492729187,1,148,1.6506329831407147,73,21,54,17712.1796875,0.12434554845094681,0.2416592240333557,0.6131688356399536,0.33842524886131287,0.27474361658096313,125,10,0,80,2,19,10,9,0.30405405405405406,0.008379608392715454,0.027792396023869514,0.0,0.024227997288107872,0.03825473412871361,0.0007286616018973291,0.05955306440591812,0.0751502588391304,0.19859130680561066,0.1398339569568634,0.02082633599638939,0.0861474797129631,0.19959333539009094,0.04146029055118561,0.00637578871101141,0.010185967199504375,0.0006379880360327661,0.0,0.0,0.00491846539080143,,0.05798030272126198,25,0.564919284540234,2,-2,25,7574.70703125,0.26372020691633224,-0.08933408558368683,-0.16675221920013428,-12,-3,0,-16,20,14,0.008084674269645375
g18228.t1,A0A364KVU3,0.9844,54.6,1,109,1.311509278040779,40,2,67,13364.9365234375,0.1550847440958023,0.39457079768180847,0.450344443321228,0.3810012638568878,0.0693431869149208,86,7,1,85,6,12,6,6,0.3486238532110092,0.0,0.0,0.0,0.0,0.06470022350549698,0.0,0.01108799409121275,0.0468825027346611,0.07758445292711258,0.30437275767326355,0.07662849873304367,0.09290176630020142,0.058255188167095184,0.0,0.07569100707769394,0.0014154886594042182,0.013278030790388584,0.1772020310163498,1,113,1.3636882425820642,44,2,67,14678.6171875,0.28261157870292664,0.1996569037437439,0.5157908201217651,0.3559228479862213,0.15986797213554382,88,9,1,85,4,15,7,8,0.36283185840707965,0.08327687531709671,0.01243410725146532,0.0,0.0,0.05156577378511429,0.0,0.052993617951869965,0.03458300605416298,0.01940692961215973,0.336515873670578,0.001940692774951458,0.05386778339743614,0.12528498470783234,0.12710650265216827,0.020662391558289528,0.05817672610282898,0.0,0.0,0.0,0.0,0.0,0.022184668108820915,-4,-0.05217896454128512,-4,0,0,-1313.6806640625,-0.12752683460712433,0.19491389393806458,-0.06544637680053711,-2,-2,0,0,2,-2,-0.014208005196070461
g5143.t2,A0A364L604,0.9844,62.0,1,187,2.2903760365856862,60,28,99,25756.947265625,0.17183227837085724,0.1470026671886444,0.6654812097549438,0.5460999608039856,0.11938126385211945,129,7,2,33,40,37,7,30,0.2994652406417112,0.0,0.026135126128792763,0.025573289021849632,0.059317514300346375,0.013779587112367153,0.006012910511344671,0.05706731602549553,0.03022579848766327,0.021468760445713997,0.21363867819309235,0.33246126770973206,0.00467207795009017,0.06231394410133362,0.015683835372328758,0.07693836092948914,0.007766676135361195,0.008017214015126228,0.03892762213945389,1,184,2.2820585991401634,59,28,97,25675.890625,0.20429931581020355,0.15414708852767944,0.5992717146873474,0.4299927055835724,0.16927902400493622,132,14,0,6,28,27,8,19,0.30978260869565216,0.011055604554712772,0.02562408335506916,0.02617960050702095,0.05558339133858681,0.002638953272253275,0.010053154081106186,0.020361099392175674,0.07079266756772995,0.3031054735183716,0.1268872171640396,0.04228192940354347,0.00591575913131237,0.09848636388778687,0.10863184183835983,0.009801825508475304,0.04793817177414894,,0.0,0.006534550338983536,,,0.028128383681178093,3,0.008317437445522824,1,0,2,81.056640625,-0.032467037439346313,-0.007144421339035034,0.06620949506759644,-3,-7,2,27,12,11,-0.010317368053940956
g10564.t1,A0A364KPV6,0.9817,57.6,1,216,1.9539862031752204,89,52,75,21133.625,0.13286033272743225,0.1903979778289795,0.6272935271263123,0.5261198878288269,0.10117363929748535,162,13,2,94,19,31,10,21,0.24537037037037038,0.024045372381806374,0.004274860490113497,0.0055584232322871685,0.007633678615093231,0.011297845281660557,0.026100222021341324,0.034186046570539474,0.0051804594695568085,0.03187601640820503,0.43669259548187256,0.08942732959985733,0.10983113944530487,0.06698759645223618,0.049448173493146896,0.06225648894906044,0.0015267357230186462,0.0,0.033213190734386444,1,217,1.9504706132847507,89,53,75,20737.33984375,0.13556067645549774,0.26328426599502563,0.5435342788696289,0.4657648801803589,0.07776941359043121,175,14,0,24,16,28,11,17,0.2350230414746544,0.034007057547569275,0.0404922254383564,0.0058769905008375645,0.00900654960423708,0.016648251563310623,0.010269015096127987,0.009108931757509708,0.04745543375611305,0.14290818572044373,0.32285672426223755,0.05762077495455742,0.1006443053483963,0.030313976109027863,0.06547420471906662,0.0,0.09184268116950989,0.0,0.00046387393376789987,0.0001555911439936608,0.0,0.0031515900045633316,0.012167545966804028,-1,0.003515589890469739,0,-1,0,396.28515625,-0.0027003437280654907,-0.07288628816604614,0.08375924825668335,-13,-1,2,70,3,4,0.01034732889571599
g17440.t1,A0A364L7J0,0.9816,55.1,1,545,3.0138208508090467,276,105,164,39272.46484375,0.20173035562038422,0.22920948266983032,0.533074676990509,0.300033301115036,0.23304136097431183,481,61,5,54,-1,42,31,11,0.1944954128440367,0.03197179362177849,0.045046404004096985,0.043940961360931396,0.057384833693504333,0.019635755568742752,0.010844852775335312,0.10823741555213928,0.023535743355751038,0.031424615532159805,0.19683563709259033,0.10319766402244568,0.042449772357940674,0.12480393797159195,0.03598550334572792,0.05633876100182533,0.00041078991489484906,0.020378410816192627,0.04281196743249893,1,567,3.0845891954957128,288,100,179,40248.3828125,0.20619656145572662,0.2063748687505722,0.5151315331459045,0.2816704213619232,0.2334611415863037,485,57,6,102,-5,42,35,7,0.18518518518518517,0.032572172582149506,0.02684907428920269,0.0003133527934551239,0.07071492820978165,0.027143331244587898,0.012567763216793537,0.021778522059321404,0.10883212089538574,0.1297466903924942,0.15192373096942902,0.07229688763618469,0.07022113353013992,0.12462901324033737,0.013242765329778194,0.029593495652079582,0.053776003420352936,0.004765162710100412,0.0,0.0203621294349432,,0.0,0.033436793833971024,-22,-0.07076834468666604,-12,5,-15,-975.91796875,-0.004466205835342407,0.022834613919258118,0.017943143844604492,-4,4,-1,-48,4,4,0.009310227658851533
g19604.t1,A0A364L322,0.9806,65.0,1,146,2.028281823110018,60,31,55,21651.3671875,0.2616809010505676,0.17190800607204437,0.5664110779762268,0.47278282046318054,0.09362825006246567,125,21,0,31,19,24,7,17,0.3424657534246575,0.04088226333260536,0.01723228022456169,0.07961904257535934,0.029573988169431686,0.04023614153265953,0.0074982354417443275,0.04228275269269943,0.004666802939027548,0.017052212730050087,0.1811002492904663,0.29168254137039185,0.019749173894524574,0.05134548991918564,,0.07419469952583313,0.06899753212928772,0.0002980454883072525,0.033588483929634094,1,143,1.9603051242454814,61,30,52,20231.658203125,0.24004176259040833,0.296328604221344,0.4138028919696808,0.35095155239105225,0.06285132467746735,122,22,0,63,17,19,4,15,0.35664335664335667,0.024559929966926575,0.01671268418431282,0.06668563187122345,0.03325861692428589,0.01786176860332489,0.011460250243544579,0.009446992538869381,0.02413552813231945,0.20499762892723083,0.14595390856266022,0.049826789647340775,0.16502715647220612,0.038715798407793045,0.07794919610023499,0.00015584415814373642,0.012672226876020432,0.0,0.0,0.0747961476445198,,0.0,0.025783870369195938,3,0.06797669886453672,-1,1,3,1419.708984375,0.021639138460159302,-0.12442059814929962,0.15260818600654602,3,-1,0,-32,2,2,-0.014177603218699153
g16188.t2,A0A364L5W7,0.9805,53.9,1,76,1.1612962467528984,18,26,32,11969.802734375,0.09278129041194916,0.4334450662136078,0.47109857201576233,0.25387972593307495,0.21721884608268738,70,10,0,2,0,9,9,0,0.42105263157894735,0.019493307918310165,0.0646112933754921,0.0,0.06439258903265,0.0040433574467897415,0.0,0.06764848530292511,0.1964900642633438,0.037307821214199066,0.16026602685451508,0.09361370652914047,0.10811285674571991,0.14957036077976227,0.0026750671677291393,0.0,0.004852029494941235,0.0,0.026923036202788353,1,77,1.1881778005707702,18,26,33,12356.662109375,0.10286275297403336,0.35492169857025146,0.5422155261039734,0.26060035824775696,0.28161513805389404,59,7,0,4,-1,10,12,-2,0.45454545454545453,0.0036556513514369726,0.048263512551784515,0.0,0.08018025010824203,0.0010444717481732368,0.012794779613614082,0.10307218879461288,0.06328847259283066,0.1027170717716217,0.15788328647613525,0.0,0.15478533506393433,0.21832668781280518,0.005187598988413811,0.0,0.03450551629066467,,,0.0,,,0.014295184053480625,-1,-0.026881553817871717,0,0,-1,-386.859375,-0.010081462562084198,0.07852336764335632,-0.07111695408821106,11,3,0,-2,1,2,-0.033492822966507185
g993.t1,A0A364KPP1,0.9781,65.1,1,391,2.1962757915272944,128,99,164,25109.80859375,0.23503397405147552,0.2732967436313629,0.46269190311431885,0.3056989908218384,0.15699289739131927,393,57,23,373,-1,25,20,5,0.1867007672634271,0.034308817237615585,0.028887681663036346,0.00963690597563982,0.01297824177891016,0.07299453765153885,0.003641469171270728,0.08867184072732925,0.03359481319785118,0.03782058134675026,0.24923601746559143,0.05646299198269844,0.07246996462345123,0.06832105666399002,0.028977401554584503,0.04113921523094177,0.02384405955672264,0.04612765461206436,0.09088678658008575,1,388,2.183191942860485,130,100,158,24804.78125,0.19709107279777527,0.24922767281532288,0.5416721105575562,0.289681077003479,0.25199103355407715,385,51,3,306,-6,22,21,1,0.17525773195876287,0.021994566544890404,0.07121564447879791,0.0031866973731666803,0.03920295834541321,0.017554543912410736,0.008505050092935562,0.011555738747119904,0.1464783400297165,0.06650885194540024,0.22317223250865936,0.01200918946415186,0.05523764714598656,0.10551269352436066,0.06997509300708771,0.01690712198615074,0.064715176820755,0.0,0.0,0.022951744496822357,0.0,0.0,0.04331676661968231,3,0.013083848666809228,-2,-1,6,305.02734375,0.037942901253700256,0.02406907081604004,-0.0789802074432373,8,6,20,67,5,4,0.011443035304664229
g9632.t1,A0A364LBM5,0.9753,52.7,1,149,1.610963471187802,53,27,69,16667.53515625,0.21633310616016388,0.19649150967597961,0.5654603242874146,0.32735496759414673,0.2381054013967514,126,8,1,119,1,16,13,3,0.28187919463087246,0.05168657377362251,0.0021294094622135162,0.009339910000562668,0.04083270952105522,0.019551850855350494,0.005789827089756727,0.08729271590709686,0.0005697040469385684,0.05803646892309189,0.19714440405368805,0.1302105337381363,0.08182589709758759,0.15081267058849335,0.021715018898248672,0.09847215563058853,0.0,0.0,0.03870841860771179,1,147,1.5839295384694365,54,31,62,15845.994140625,0.2037046253681183,0.18304549157619476,0.5742109417915344,0.328990638256073,0.24522030353546143,128,11,3,176,-1,14,11,3,0.2857142857142857,0.03970571234822273,0.05767334625124931,0.0,0.018325714394450188,0.01770557276904583,0.0,0.024081477895379066,0.20455476641654968,0.18135330080986023,0.14763732254505157,0.03903903812170029,0.021357733756303787,0.04066554829478264,0.05433307960629463,0.049403879791498184,0.029335839673876762,0.0,0.0058816964738070965,0.02402704581618309,0.00020361905626486987,0.0,0.05059710144996643,2,0.027033932718365516,-1,-4,7,821.541015625,0.012628480792045593,0.013446018099784851,-0.008750617504119873,-2,-3,-2,-57,2,0,-0.0038350910834132335
g8272.t1,A0A364L249,0.9747,54.9,1,105,1.2689113732412907,42,29,34,12866.880859375,0.22228989005088806,0.17020253837108612,0.606504499912262,0.36402755975723267,0.24247688055038452,94,11,1,102,-2,14,12,2,0.3523809523809524,0.013671944849193096,0.0944204181432724,0.0,0.0,0.0599096454679966,0.0,0.014024828560650349,0.01902945339679718,0.0,0.36402755975723267,,0.015299538150429726,0.22845207154750824,0.0010030546691268682,0.06749023497104645,0.031094692647457123,0.005636072717607021,0.04145314171910286,1,105,1.2492820153905033,42,29,34,12539.275390625,0.23195268213748932,0.3440028131008148,0.4095830023288727,0.1911369413137436,0.21844609081745148,90,8,1,80,-5,10,12,-2,0.3238095238095238,0.035988930612802505,0.03288193792104721,0.0,0.0,0.095206618309021,0.01219860278069973,0.029230423271656036,0.08166886866092682,0.05834690481424332,0.13279004395008087,0.014461446553468704,0.11537975817918777,0.13677723705768585,0.02873298153281212,0.012362056411802769,0.1609787940979004,0.04448729380965233,0.0,0.0,0.047463495284318924,0.0,0.005531874019652605,0,0.019629357850787343,0,0,0,327.60546875,-0.009662792086601257,-0.1738002747297287,0.19692149758338928,4,3,0,22,3,4,0.02857142857142858
g10348.t1,A0A364KU64,0.9744,66.9,1,457,2.322175997576103,202,80,175,31105.2734375,0.2136250138282776,0.19624723494052887,0.5576193332672119,0.2898883521556854,0.2677309513092041,440,57,62,404,-17,28,33,-5,0.16630196936542668,0.031146368011832237,0.024873562157154083,0.02709617279469967,0.009128228761255741,0.04921020194888115,0.012343854643404484,0.06265775859355927,0.015075655654072762,0.02804596908390522,0.22965434193611145,0.06023404002189636,0.020630866289138794,0.20507319271564484,0.03250839188694954,0.026599738746881485,0.06541140377521515,0.01140555739402771,0.0805250033736229,1,450,2.214862700131565,205,82,163,28788.013671875,0.1242477148771286,0.2354031652212143,0.5884771943092346,0.2903514802455902,0.2981257140636444,421,47,56,395,-25,21,35,-14,0.1622222222222222,0.02597654052078724,0.034166011959314346,0.07443226873874664,0.03559273108839989,0.01579809933900833,0.030814196914434433,0.026673516258597374,0.04132131114602089,0.15621884167194366,0.13413265347480774,0.051871899515390396,0.03758793696761131,0.2568044364452362,0.006341640371829271,0.0,0.04050060361623764,0.008379648439586163,0.0,0.002129510510712862,0.0075949933379888535,0.0,0.022042835131287575,7,0.10731329744453832,-3,-2,12,2317.259765625,0.08937729895114899,-0.039155930280685425,-0.030857861042022705,19,10,6,9,8,9,0.004079747143204471
g9724.t1,A0A364L5W7,0.9726,68.8,1,82,1.2726359941757288,18,25,39,13130.404296875,0.12976957857608795,0.1812882125377655,0.6869857907295227,0.42245781421661377,0.2645280361175537,60,8,0,27,1,12,9,3,0.4024390243902439,0.019792158156633377,0.06736717373132706,,0.053021080791950226,0.0039316946640610695,0.0012174500152468681,0.07109565287828445,0.07883810251951218,0.014887974597513676,0.20495817065238953,0.21749961376190186,0.020194964483380318,0.19343239068984985,0.0019565012771636248,0.003426213748753071,0.027521861717104912,0.008081109263002872,,1,77,1.1881778005707702,18,26,33,12356.662109375,0.10286275297403336,0.35492169857025146,0.5422155261039734,0.26060035824775696,0.28161513805389404,59,7,0,4,-1,10,12,-2,0.45454545454545453,0.0036556513514369726,0.048263512551784515,0.0,0.08018025010824203,0.0010444717481732368,0.012794779613614082,0.10307218879461288,0.06328847259283066,0.1027170717716217,0.15788328647613525,0.0,0.15478533506393433,0.21832668781280518,0.005187598988413811,0.0,0.03450551629066467,0.012778008356690407,,0.0,,,0.014295184053480625,5,0.08445819360495865,0,-1,6,773.7421875,0.026906825602054596,-0.17363348603248596,0.14477026462554932,1,1,0,23,2,5,-0.052106430155210604
g8345.t1,A0A364LAK3,0.9723,72.0,1,100,2.8975981520966276,40,9,51,23015.90234375,0.2805209755897522,0.23268592357635498,0.46861183643341064,0.44915905594825745,0.019452810287475586,66,1,10,29,29,25,1,24,0.53,0.015420645475387573,0.06155981868505478,0.06414492428302765,0.11047805100679398,0.031121665611863136,0.006448633968830109,,0.00294394139200449,0.005585134960711002,0.2531505525112152,0.19600850343704224,0.042623370885849,0.019452810287475586,0.018181215971708298,0.0824698731303215,0.009813138283789158,0.0,0.055828757584095,1,92,2.3593698708510376,18,9,65,20703.37890625,0.24549487233161926,0.24733442068099976,0.4724098742008209,0.4303734004497528,0.0420365072786808,56,0,6,43,22,18,2,16,0.44565217391304346,0.05442493408918381,0.10802751034498215,0.005999840795993805,0.009818321093916893,0.036000508815050125,0.0,0.0205742958933115,0.005330265499651432,0.21716465055942535,0.21320870518684387,0.03476082533597946,0.056811992079019547,0.03670623525977135,0.05401046201586723,0.00561046926304698,0.02783127687871456,0.02476898953318596,0.0,0.05594884976744652,0.029681330546736717,0.0,0.028089474886655807,8,0.5382282812455901,22,0,-14,2312.5234375,0.035026103258132935,-0.014648497104644775,-0.0037980377674102783,10,1,4,-14,7,8,0.08434782608695657
g836.t1,A0A364L171,0.972,52.5,1,438,2.5190672629591004,174,77,187,30274.5,0.16245809197425842,0.3455755412578583,0.4752095937728882,0.24195976555347443,0.23324981331825256,386,38,15,240,-7,23,27,-4,0.18493150684931506,0.013215471059083939,0.04964691027998924,0.03544485941529274,0.01065487414598465,0.04155506566166878,0.026714222505688667,0.08544393628835678,0.006444052793085575,0.08220678567886353,0.18563425540924072,0.056325528770685196,0.06344995647668839,0.14780586957931519,0.016756786033511162,0.037489280104637146,0.008172363042831421,0.012149705551564693,0.10656026005744934,1,426,2.513497315536764,173,76,177,29709.736328125,0.17506082355976105,0.24750517308712006,0.5608043074607849,0.21574720740318298,0.34505707025527954,371,28,13,234,-12,23,30,-7,0.19014084507042253,0.00950748473405838,0.04421497881412506,0.02769470401108265,0.019859367981553078,0.054952774196863174,0.02339586243033409,0.013373833149671555,0.11757348477840424,0.06652207672595978,0.149225115776062,0.01662975363433361,0.07988426834344864,0.2274835705757141,0.027721578255295753,0.011186039075255394,0.012610236182808876,0.012507101520895958,0.001822694088332355,0.02779228799045086,0.0006454180693253875,0.0024017419200390577,0.0673254206776619,12,0.005569947422336519,1,1,10,564.763671875,-0.012602731585502625,0.09807036817073822,-0.08559471368789673,15,10,2,6,5,3,-0.0052093382211074735
g18246.t1,A0A364L314,0.9716,76.3,1,151,2.024442043339488,36,36,79,22806.216796875,0.25544631481170654,0.16739384829998016,0.5771598219871521,0.4468950033187866,0.13026483356952667,100,8,3,38,9,21,10,11,0.304635761589404,0.03732724487781525,0.07055679708719254,0.026162164285779,0.045976672321558,0.06391150504350662,0.0,0.060714833438396454,0.008272933773696423,0.0004244298324920237,0.1916472464799881,0.2552477717399597,0.03285219520330429,0.06955000758171082,0.0,0.08620937913656235,0.0022636258509010077,0.019757898524403572,0.029125316068530083,1,151,2.033663873482243,31,36,84,22830.65625,0.25577813386917114,0.1288398951292038,0.6153819561004639,0.4887408912181854,0.12664104998111725,102,5,1,20,13,21,6,15,0.26490066225165565,0.017373327165842056,0.048492975533008575,0.0169613566249609,0.08525918424129486,0.0594978928565979,0.003674454055726528,0.009388236328959465,0.08810703456401825,0.3285960555076599,0.16014482080936432,0.0,0.01747913472354412,0.038534004241228104,0.07518289238214493,0.013094468042254448,0.0009704631520435214,,0.0,0.0016959019703790545,,0.0,0.03554772958159447,0,-0.009221830142755127,5,0,-5,-24.439453125,-0.0003318190574645996,0.03855395317077637,-0.03822213411331177,-2,3,2,18,-4,-4,0.039735099337748325
g6397.t1,A0A364L687,0.9683,60.0,1,173,5.488487289593995,97,12,64,35389.3203125,0.1429259479045868,0.3427773714065552,0.5122960209846497,0.5017601251602173,0.01053598988801241,127,6,6,13,39,40,3,37,0.5953757225433526,0.021373089402914047,0.005283869802951813,0.034266818314790726,0.011031919158995152,0.03714212402701378,0.015681734308600426,0.0044547137804329395,0.010975854471325874,0.013619238510727882,0.27425476908683777,0.22750526666641235,0.270498126745224,0.006081275176256895,0.002000601962208748,0.04256238415837288,0.010758399963378906,0.0043762982822954655,0.006797023117542267,1,120,3.067913795169142,42,12,66,24025.41796875,0.18422923982143402,0.2121492177248001,0.6036216020584106,0.5578081607818604,0.04581340774893761,77,8,6,4,25,27,7,20,0.5083333333333333,0.01571277156472206,0.006443203426897526,0.04994991049170494,0.015444178134202957,0.06491675227880478,0.016518553718924522,0.02188960276544094,0.01023942418396473,0.37947699427604675,0.1783311367034912,0.0,0.037259507924318314,0.03557398170232773,0.046120535582304,0.008192128501832485,0.045689016580581665,,0.0013364141341298819,0.017324337735772133,,0.008035978302359581,0.04288198798894882,53,2.420573494424853,55,0,-2,11363.90234375,-0.04130329191684723,0.13062815368175507,-0.09132558107376099,50,-2,0,9,14,17,0.08704238921001928
g7398.t1,A0A364L4A1,0.9681,66.6,1,119,1.4226617985513614,36,26,57,14764.744140625,0.1353181153535843,0.14495691657066345,0.6032256484031677,0.3185387849807739,0.2846868336200714,98,16,0,63,4,14,12,2,0.33613445378151263,0.026758991181850433,0.005244730971753597,0.03579210117459297,0.009178278967738152,0.06572715938091278,0.006337383296340704,0.0739581435918808,0.011497417464852333,0.023004114627838135,0.2265097051858902,0.09202907979488373,0.0338364876806736,0.2107286900281906,0.1164993867278099,0.027097776532173157,0.0002185304620070383,0.0,0.03558206558227539,1,214,2.2030787529961042,56,30,128,27246.884765625,0.10722459852695465,0.3065175414085388,0.5737221837043762,0.2606576383113861,0.3130645751953125,116,17,6,74,-6,17,29,-12,0.308411214953271,0.02344694174826145,0.044656313955783844,0.13939286768436432,0.017881253734230995,0.030864138156175613,0.00035525672137737274,0.02042093500494957,0.0586753748357296,0.16326461732387543,0.09739303588867188,0.012535704299807549,0.04028725624084473,0.2543891966342926,0.016206365078687668,0.011602352373301983,0.011152026243507862,,,0.006868296302855015,,0.0,0.05060816928744316,-95,-0.7804169544447428,-20,-4,-71,-12482.140625,0.02809351682662964,-0.16156062483787537,0.029503464698791504,-18,-1,-6,-11,10,14,0.027723238828241625
g16757.t1,A0A364LAN7,0.9668,68.5,1,197,2.4973801951512273,97,10,90,28808.484375,0.15957318246364594,0.19550150632858276,0.6088588833808899,0.4035293757915497,0.2053295075893402,152,15,0,39,19,30,17,13,0.3299492385786802,0.0024639968760311604,0.02678734064102173,0.04755733162164688,0.05225507169961929,0.029567964375019073,0.007478105835616589,0.053840335458517075,0.011800489388406277,0.08555056154727936,0.2507661283016205,0.15276320278644562,0.015460323542356491,0.15148918330669403,0.0360664464533329,0.0389733612537384,0.024466685950756073,0.004367995075881481,0.008345458656549454,1,192,2.3552805107656964,101,10,81,26610.3046875,0.19619789719581604,0.1390296071767807,0.6550318598747253,0.4072135090827942,0.24781835079193115,148,18,0,19,15,29,18,11,0.3229166666666667,0.027160393074154854,0.01938055083155632,0.06650575250387192,0.03093540482223034,0.04049808904528618,0.0018187763635069132,0.016627319157123566,0.04401173070073128,0.20270374417304993,0.20450973510742188,0.00974068883806467,0.007584569044411182,0.20380662381649017,0.07714563608169556,0.0,0.0,0.0,,0.018639598041772842,0.0,0.0,0.02893141843378544,5,0.1420996843855309,-4,0,9,2198.1796875,-0.036624714732170105,0.05647189915180206,-0.04617297649383545,4,-3,0,20,4,2,0.007032571912013508
g15161.t1,A0A364L1E1,0.9636,70.3,1,833,3.8714640830682376,327,138,368,69203.5859375,0.21048109233379364,0.2842336595058441,0.5052852630615234,0.25953903794288635,0.24574624001979828,674,89,12,297,-15,59,55,4,0.19447779111644659,0.005993233527988195,0.018935419619083405,0.027139006182551384,0.022167500108480453,0.04584807902574539,0.0025176946073770523,0.11414264142513275,0.016382284462451935,0.032068248838186264,0.1379421353340149,0.12159688770771027,0.15584951639175415,0.13160359859466553,0.0,0.06091863662004471,0.029283961281180382,0.03321496397256851,0.03385915607213974,1,822,3.5547800088710946,337,134,351,55762.73046875,0.24167774617671967,0.18409010767936707,0.5657181143760681,0.20382046699523926,0.36189764738082886,677,71,5,277,-34,45,65,-20,0.1678832116788321,0.036544349044561386,0.019363638013601303,0.01642436534166336,0.009478824213147163,0.019169306382536888,0.03509306535124779,0.025705497711896896,0.15901629626750946,0.12052515149116516,0.08329533040523529,0.008514068089425564,0.05094387009739876,0.2028813511133194,0.08986102044582367,0.016061725094914436,0.02791893295943737,0.01053701713681221,0.0,0.02239261381328106,0.013076825067400932,0.0,0.043733805418014526,11,0.31668407419714306,-10,4,17,13440.85546875,-0.031196653842926025,0.10014355182647705,-0.06043285131454468,-3,18,7,20,19,24,0.02659457943761448
g16267.t1,A0A364L6B7,0.9631,46.8,1,252,2.1023504495445673,194,0,58,25359.919921875,0.17223870754241943,0.18367153406143188,0.6337569952011108,0.34155330061912537,0.29220372438430786,259,32,3,216,-13,21,28,-7,0.23809523809523808,0.019503522664308548,0.0334872342646122,0.027280369773507118,0.022250773385167122,0.029722142964601517,0.014504236169159412,0.18587589263916016,0.008518218994140625,0.04127028211951256,0.30892449617385864,0.032628804445266724,0.0373777411878109,0.10632781684398651,0.010332709178328514,0.05666562542319298,0.008524419739842415,0.021067991852760315,0.035351116210222244,1,261,1.9325339213287605,201,0,60,22021.03125,0.15491753816604614,0.21839983761310577,0.6149999499320984,0.17195218801498413,0.4430477023124695,277,45,0,237,-20,14,28,-14,0.23371647509578544,0.04556714743375778,0.07473350316286087,0.026245487853884697,0.04671017453074455,0.018541373312473297,0.0,0.009923350997269154,0.1110084280371666,0.04408592730760574,0.12786626815795898,0.011682679876685143,0.05415170267224312,0.3320392966270447,0.028274552896618843,0.01582428067922592,0.015498419292271137,0.0,0.00038656816468574107,0.0,0.0,0.0,0.037847377359867096,-9,0.16981652821580684,-7,0,-2,3338.888671875,0.01732116937637329,-0.03472830355167389,0.01875704526901245,-18,-13,3,-21,7,7,0.00437876299945264
g7743.t1,A0A364LD59,0.963,38.0,1,503,3.887454739699156,171,99,233,58581.94140625,0.16091705858707428,0.3280367851257324,0.5110461115837097,0.2706053555011749,0.24044078588485718,406,61,2,171,-5,55,51,4,0.32803180914512925,0.026732327416539192,0.1417854130268097,0.0028175690677016973,0.007604287937283516,0.06591610610485077,0.0016961010405793786,0.07604479789733887,0.013824592344462872,0.015885312110185623,0.2395082712173462,0.031097067520022392,0.09442248195409775,0.1643960028886795,0.0,0.02933969534933567,0.0034148043487221003,0.008812397718429565,0.059301432222127914,1,119,1.367971593045936,15,49,55,14054.861328125,0.2897234857082367,0.30519574880599976,0.40370768308639526,0.33879655599594116,0.06491108983755112,115,19,0,61,-1,13,7,6,0.29411764705882354,0.04838506877422333,0.052894122898578644,0.00515968631953001,0.01233837939798832,0.13635219633579254,0.01897563599050045,0.1001143679022789,0.0516701377928257,0.21983888745307922,0.11895770579576492,0.0013730422360822558,0.02319236658513546,0.013240951113402843,0.06632602959871292,0.0,0.0680045336484909,0.01740134507417679,0.0,0.0057391999289393425,0.0016069759149104357,,0.0558306910097599,384,2.5194831466532204,156,50,178,44527.080078125,-0.12880642712116241,0.022841036319732666,0.10733842849731445,291,42,2,110,-4,-2,0.03391416208630571
g19156.t1,A0A364L243,0.9625,51.6,1,381,2.062407351011316,109,136,136,24245.626953125,0.1352640837430954,0.20558859407901764,0.6202356219291687,0.3969697058200836,0.22326594591140747,374,49,0,518,-7,24,20,4,0.18635170603674542,0.025189829990267754,0.013041590340435505,0.01851775124669075,0.005722330417484045,0.06574025750160217,0.030395852401852608,0.09340459108352661,0.016576619818806648,0.028928134590387344,0.30571624636650085,0.09125346690416336,0.06985730677843094,0.12986132502555847,0.03891170024871826,0.004888872150331736,0.00026615490787662566,0.0030607813969254494,0.05866719037294388,1,415,2.1797173956343334,127,128,160,25845.62109375,0.24148130416870117,0.2683955729007721,0.47635617852211,0.26725250482559204,0.20910370349884033,392,52,2,386,-12,27,25,2,0.1783132530120482,0.052070606499910355,0.06522995233535767,0.028243787586688995,0.02384389378130436,0.04822453483939171,0.007487504743039608,0.036006197333335876,0.0892195999622345,0.11416538804769516,0.1530870944261551,0.013766936026513577,0.05112563818693161,0.11988411843776703,0.04001355171203613,0.030162306502461433,0.04357653483748436,0.0,0.0,0.039054740220308304,0.0006241959636099637,0.0,0.044213488698005676,-34,-0.11731004462301753,-18,8,-24,-1599.994140625,-0.10621722042560577,-0.06280697882175446,0.14387944340705872,-18,-3,-2,132,5,2,0.008038453024697217
g15457.t1,A0A364KPE2,0.9586,46.8,1,113,1.4592481058269784,12,59,42,15725.140625,0.2946751117706299,0.23829509317874908,0.45361554622650146,0.31156373023986816,0.1420518457889557,84,12,10,55,6,13,8,5,0.2831858407079646,0.011476267129182816,0.0065658860839903355,0.015948213636875153,0.0,0.030572406947612762,0.017183994874358177,0.014837447553873062,0.013720009475946426,0.046710483729839325,0.1142096146941185,0.19735410809516907,0.12827986478805542,0.12721438705921173,0.013414262793958187,0.09496618062257767,0.03652273863554001,0.04558761417865753,0.025867611169815063,1,112,1.4346322211076743,12,60,40,15083.607421875,0.21317876875400543,0.25734320282936096,0.5201773047447205,0.3837701380252838,0.13640716671943665,90,20,10,65,2,14,9,5,0.32142857142857145,0.018396327272057533,0.03146372362971306,0.062396541237831116,0.040215227752923965,0.052539143711328506,0.019907662644982338,0.013682153075933456,0.05982271954417229,0.20543940365314484,0.1783306896686554,0.009300692938268185,0.0377369299530983,0.07658445090055466,0.08212040364742279,0.0,0.1093464195728302,0.05836592987179756,0.0012030362850055099,0.0,0.0,0.0027174411807209253,0.0,1,0.024615884719304093,0,-1,2,641.533203125,0.08149634301662445,-0.019048109650611877,-0.066561758518219,-6,-8,0,-10,4,0,-0.038242730720606855
g4920.t2,A0A364KYR7,0.9576,54.2,1,375,2.1765045700415944,164,74,137,25467.02734375,0.22058700025081635,0.2903071641921997,0.45907530188560486,0.1551227569580078,0.30395254492759705,357,44,1,194,-12,15,24,-9,0.18933333333333333,0.045396074652671814,0.08734250068664551,0.011790509335696697,0.008347430266439915,0.022467952221632004,0.06830267608165741,0.10433798283338547,0.04467226564884186,0.03176998347043991,0.09852875769138336,0.05659398436546326,0.10629723966121674,0.19961456954479218,0.030030544847249985,0.07227201014757156,0.002407205756753683,0.0013936455361545086,0.008434658870100975,1,381,2.230851806592534,174,75,132,26766.140625,0.17476347088813782,0.13360361754894257,0.6242950558662415,0.32993513345718384,0.2943599820137024,351,41,1,181,-5,23,29,-6,0.18635170603674542,0.024308273568749428,0.020692655816674232,0.014335950836539268,0.05267852172255516,0.013314626179635525,0.010246394202113152,0.036252547055482864,0.0898822769522667,0.12915389239788055,0.2007812112569809,0.06733779609203339,0.00794819463044405,0.2044776976108551,0.05638037249445915,0.016147643327713013,0.03541634604334831,0.0,0.0,0.0016876414883881807,0.0,0.0,0.018957914784550667,-6,-0.05434723655093965,-10,-1,5,-1299.11328125,0.04582352936267853,0.15670354664325714,-0.1652197539806366,6,3,0,13,-7,-3,0.0029816272965879076
g12109.t1,A0A364LAM8,0.9569,46.7,1,109,2.721759771145236,29,25,55,27430.169921875,0.2697376608848572,0.1524025797843933,0.5504588484764099,0.49540975689888,0.0550491027534008,58,6,0,27,17,23,9,14,0.5137614678899083,0.01662803441286087,0.019886378198862076,0.032210465520620346,0.12316965311765671,0.07569588720798492,0.01003552507609129,0.0004597836232278496,0.028251832351088524,0.0,0.2139180302619934,0.2814917266368866,0.03804691508412361,0.054589323699474335,0.02740090899169445,0.026679717004299164,0.0007057658513076603,0.007998679764568806,0.0340069904923439,1,160,2.576813310805887,32,35,93,29858.1015625,0.3111625909805298,0.23801174759864807,0.39987844228744507,0.29177674651145935,0.10810169577598572,93,11,0,59,15,22,9,13,0.40625,0.03054724633693695,0.03880087658762932,0.05284342169761658,0.040199313312768936,0.05262652039527893,0.03924119472503662,0.03595792129635811,0.0034896947909146547,0.1431473195552826,0.14862941205501556,0.05094713717699051,0.03974369540810585,0.10461200028657913,0.05501421540975571,0.06046693027019501,0.045638557523489,0.00882438663393259,0.0,0.03306717798113823,,0.0,0.025027304887771606,-51,0.14494646033934933,-3,-10,-38,-2427.931640625,-0.04142493009567261,-0.08560916781425476,0.15058040618896484,-35,-5,0,-32,2,1,0.10751146788990829
g18248.t1,A0A364KLT5,0.9554,58.9,1,550,3.1460266816251785,266,93,191,43479.7578125,0.20037256181240082,0.1448494791984558,0.6263962984085083,0.3509387969970703,0.2754575312137604,480,70,10,97,-2,53,37,16,0.22181818181818183,0.02453554794192314,0.04576003551483154,0.001527915126644075,0.03567036613821983,0.03889322653412819,0.023655438795685768,0.06095419451594353,0.02172616496682167,0.03557591885328293,0.24503719806671143,0.10590158402919769,0.026840783655643463,0.21450333297252655,0.02838156744837761,0.054390888661146164,0.0,0.01981353759765625,0.013418666087090969,1,539,3.068225406123482,269,93,177,41806.6796875,0.18483707308769226,0.2627471387386322,0.5415841937065125,0.23950225114822388,0.3020819127559662,445,65,7,50,-10,40,36,4,0.19294990723562153,0.012730813585221767,0.018434930592775345,0.003492112737149,0.011036422103643417,0.020297270268201828,0.03524184599518776,0.03974218666553497,0.05668308213353157,0.09872215986251831,0.14078009128570557,0.010831555351614952,0.12203273177146912,0.2453988641500473,0.0743611752986908,0.015435552224516869,0.05281298607587814,0.0034135684836655855,0.0,0.0,0.0157339908182621,7.717777043581009e-05,0.02615501545369625,11,0.07780127550169658,-3,0,14,1673.078125,0.015535488724708557,-0.11789765954017639,0.08481210470199585,35,5,3,47,8,12,0.028868274582560305
g8749.t1,A0A364LAL5,0.9541,56.9,1,172,1.4744341612294183,23,56,93,15771.875,0.20759722590446472,0.13824602961540222,0.6541568040847778,0.49790364503860474,0.1562531292438507,164,21,6,144,4,22,10,12,0.2441860465116279,0.005932702217251062,0.0179047379642725,0.003445143112912774,0.0256040021777153,0.05049761012196541,0.004807214718312025,0.07318239659070969,0.023813478648662567,0.010493364185094833,0.35924601554870605,0.1386576145887375,0.0,0.08307071775197983,0.0,0.07314082235097885,0.004091519396752119,0.029203053563833237,0.08258930593729019,1,179,1.5986518099835936,23,57,99,18342.64453125,0.3082256019115448,0.25242534279823303,0.4386453926563263,0.28273263573646545,0.15591274201869965,165,14,3,203,-2,16,11,5,0.29608938547486036,0.038874801248311996,0.018757572397589684,0.010541663505136967,0.02624124102294445,0.0938846617937088,0.006703855935484171,0.02916233241558075,0.05398320406675339,0.17443646490573883,0.10829619318246841,0.0007036163588054478,0.03244461864233017,0.10192953050136566,0.1270575225353241,0.0012152872513979673,0.1377772092819214,0.014320316724479198,0.0,0.014248231425881386,,0.0,0.023741941899061203,-7,-0.12421764875417529,0,-1,-6,-2570.76953125,-0.10062837600708008,-0.11417931318283081,0.21551141142845154,-1,7,3,-59,6,7,-0.05190333896323246
g10982.t1,A0A364L0T6,0.9537,48.8,1,271,2.34154070971633,115,92,64,27625.74609375,0.20187003910541534,0.2526140511035919,0.5339963436126709,0.33857014775276184,0.19542621076107025,257,32,3,146,-8,23,20,3,0.25092250922509224,0.0330449678003788,0.02322850562632084,0.012475020252168179,0.07216023653745651,0.04015614464879036,0.010261975228786469,0.07501146197319031,0.01614394411444664,0.013362182304263115,0.23240059614181519,0.10616955906152725,0.08374878019094467,0.12041474878787994,0.01151957269757986,0.0345672182738781,0.005138975568115711,0.006540514063090086,0.10365559905767441,1,267,2.33924655506083,117,87,63,27218.1640625,0.22475218772888184,0.14508400857448578,0.6291149258613586,0.30185768008232117,0.3272572457790375,255,34,1,189,-14,21,25,-4,0.2696629213483146,0.026992864906787872,0.015453573316335678,0.0016217774245887995,0.08322282135486603,0.02596110664308071,0.00696435896679759,0.025135859847068787,0.12704579532146454,0.13968944549560547,0.1621682494878769,0.001048860140144825,0.03161775320768356,0.2002115100622177,0.07141624391078949,0.01019477192312479,0.03789202868938446,0.0,0.0,0.0,0.0,0.0,0.033363018184900284,4,0.0022941546554999803,-2,5,1,407.58203125,-0.02288214862346649,0.10753004252910614,-0.09511858224868774,2,-2,2,-43,6,7,-0.01874041212322236
g4256.t1,A0A364KX10,0.9535,40.0,1,319,1.94901360017685,187,38,94,21934.888671875,0.20605206489562988,0.31150567531585693,0.48244231939315796,0.3150503635406494,0.16739197075366974,339,46,6,268,1,25,18,7,0.21316614420062696,0.05641569197177887,0.034166183322668076,0.00784595962613821,0.0073112305253744125,0.061315782368183136,0.008090309798717499,0.06544999778270721,0.017995158210396767,0.09647579491138458,0.2892073094844818,0.02584303915500641,0.07266916334629059,0.10194198042154312,0.0,0.029908625409007072,0.008304016664624214,0.004412895999848843,0.08220966905355453,1,338,2.0345974342030395,200,37,101,24207.8984375,0.2704429030418396,0.3889061510562897,0.32416263222694397,0.11158968508243561,0.21257294714450836,358,53,1,200,-9,16,18,-2,0.1804733727810651,0.041723404079675674,0.05407509580254555,0.005861077457666397,0.001599418232217431,0.07810492813587189,0.01172906719148159,0.010856429114937782,0.07079438865184784,0.0629408210515976,0.04864886403083801,0.016488337889313698,0.07828408479690552,0.14177855849266052,0.07280001044273376,0.020586224272847176,0.12820596992969513,0.030293498188257217,0.0001437429600628093,0.009045138023793697,0.03485472872853279,0.0,0.11162345856428146,-19,-0.08558383402618941,-13,1,-7,-2273.009765625,-0.06439083814620972,-0.07740047574043274,0.158279687166214,-19,-7,5,68,10,9,0.03269277141956187
g14210.t1,A0A364L1W1,0.9467,22.7,1,118,1.8469997613887725,98,0,20,17653.09375,0.30991774797439575,0.19816656410694122,0.4142962694168091,0.2650167942047119,0.14927944540977478,121,14,2,49,-6,12,13,-1,0.3813559322033898,0.04313492774963379,0.04039689525961876,0.026392905041575432,0.031254544854164124,0.025040190666913986,0.0,0.03238224238157272,0.005292144138365984,0.019647466018795967,0.12714144587516785,0.13787534832954407,0.06024277210235596,0.11689721047878265,0.07761948555707932,0.11380001157522202,0.008773205801844597,0.06068133935332298,0.013244648464024067,1,239,2.7134909500326074,165,2,72,31241.32421875,0.2194448709487915,0.23994439840316772,0.3637547492980957,0.2356918454170227,0.1280629187822342,246,46,11,127,0,24,18,6,0.3305439330543933,0.024059101939201355,0.034043796360492706,0.024041322991251945,0.06940291821956635,0.02963140979409218,0.0016524504171684384,0.0013331978116184473,0.011517059989273548,0.1043139323592186,0.1313779056072235,0.17685599625110626,0.04941590502858162,0.11654585599899292,0.0371129997074604,0.03841947019100189,0.054211538285017014,0.027233490720391273,0.03294973447918892,0.0,0.01916654035449028,0.0,0.07689862698316574,-121,-0.8664911886438349,-67,-2,-52,-13588.23046875,0.09047287702560425,-0.0417778342962265,0.05054152011871338,-125,-32,-9,-78,-6,-7,0.050811999148996534
g10520.t1,A0A364KYR7,0.9458,54.0,1,375,2.1760859970077844,166,74,135,25400.98828125,0.22010527551174164,0.28134486079216003,0.4682852625846863,0.15146516263484955,0.31682008504867554,362,42,1,193,-12,17,24,-7,0.184,0.04349618777632713,0.094855897128582,0.012580414302647114,0.007485753390938044,0.022644702345132828,0.06754764169454575,0.11665509641170502,0.045027971267700195,0.035954613238573074,0.09816912561655045,0.05329602584242821,0.0853358656167984,0.20016498863697052,0.030264632776379585,0.0739770159125328,0.004064782056957483,0.0007621466065756977,0.007590104825794697,1,381,2.230851806592534,174,75,132,26766.140625,0.17476347088813782,0.13360361754894257,0.6242950558662415,0.32993513345718384,0.2943599820137024,351,41,1,181,-5,23,29,-6,0.18635170603674542,0.024308273568749428,0.020692655816674232,0.014335950836539268,0.05267852172255516,0.013314626179635525,0.010246394202113152,0.036252547055482864,0.0898822769522667,0.12915389239788055,0.2007812112569809,0.06733779609203339,0.00794819463044405,0.2044776976108551,0.05638037249445915,0.016147643327713013,0.03541634604334831,0.00012702443927992135,0.0,0.0016876414883881807,0.0,0.0,0.018957914784550667,-6,-0.054765809584749636,-8,-1,3,-1365.15234375,0.04534180462360382,0.14774124324321747,-0.15600979328155518,11,1,0,12,-7,-1,-0.0023517060367454212
g17716.t1,A0A364LCL0,0.9434,39.4,1,490,2.5769988170073503,158,83,249,33585.7890625,0.33615508675575256,0.25140219926834106,0.39498451352119446,0.270121693611145,0.12486279010772705,485,74,0,701,3,27,25,2,0.17551020408163265,0.015814118087291718,0.019473189488053322,0.012294313870370388,0.0720457062125206,0.0684879869222641,0.06019948795437813,0.05681217089295387,0.029904361814260483,0.040362417697906494,0.09972955286502838,0.17039214074611664,0.060495421290397644,0.06805063039064407,0.01745818555355072,0.02933381125330925,0.07326982170343399,0.003650614060461521,0.08887247741222382,1,338,2.417595270917075,139,39,160,26831.392578125,0.23091349005699158,0.27866053581237793,0.4904260039329529,0.29482918977737427,0.19559676945209503,312,40,0,250,0,24,23,1,0.22781065088757396,0.006971912924200296,0.05169106274843216,0.04876312240958214,0.026323985308408737,0.06217062845826149,0.05795317888259888,0.046420369297266006,0.06789747625589371,0.10811936855316162,0.18670982122421265,0.0,0.05394149199128151,0.12769928574562073,0.02444355934858322,0.004350651055574417,0.029248248785734177,0.013353561982512474,0.0,0.04858207702636719,0.00011751107376767322,0.0,0.04859626293182373,152,0.1594035460902754,19,44,89,6754.396484375,0.10524159669876099,-0.027258336544036865,-0.09544149041175842,173,34,0,451,3,1,-0.052300446805941314
g4337.t1,A0A364KLG5,0.9414,51.2,1,204,2.2264776515908244,110,21,73,24002.69140625,0.23583896458148956,0.2030280977487564,0.531929075717926,0.5182676911354065,0.013661406002938747,167,13,3,77,33,32,2,30,0.3235294117647059,0.029951272532343864,0.03814544528722763,0.014321270398795605,0.061016395688056946,0.01850765384733677,0.05269434303045273,0.013530046679079533,0.004374710377305746,0.03479096665978432,0.28946131467819214,0.22880634665489197,0.0436449758708477,0.00013135967310518026,0.029203837737441063,0.04745655506849289,0.007124491035938263,0.01908825896680355,0.06775073707103729,1,354,3.669490923082925,140,22,192,56890.11328125,0.2512897849082947,0.261539101600647,0.4683241844177246,0.35545414686203003,0.11287007480859756,225,12,2,120,40,48,22,26,0.4152542372881356,0.017179597169160843,0.04100712016224861,0.0364309661090374,0.07635039836168289,0.052756790071725845,0.016334038227796555,0.0027519017457962036,0.040814150124788284,0.1833951473236084,0.17205899953842163,0.01884695515036583,0.11772336810827255,0.07205592095851898,0.03790624067187309,0.007089426275342703,0.020406074821949005,0.0,0.0,0.027736246585845947,0.01593703031539917,0.00890048872679472,0.03431915119290352,-150,-1.4430132714921005,-30,-1,-119,-32887.421875,-0.015450820326805115,-0.058511003851890564,0.06360489130020142,-58,1,1,-43,-7,4,-0.0917248255234297
g18969.t1,A0A364L9K7,0.9395,25.7,1,126,1.32123851641507,45,42,39,13880.615234375,0.08982028067111969,0.44470158219337463,0.4520623981952667,0.2767864465713501,0.17527595162391663,121,10,6,78,1,11,7,4,0.29365079365079366,0.0,0.05615673214197159,0.01806146278977394,0.007527756970375776,0.009530441835522652,0.00936085730791092,0.07705695182085037,0.0483526736497879,0.06901275366544724,0.23502080142498016,0.04176563024520874,0.22217537462711334,0.09821902215480804,0.013415781781077385,0.04371898993849754,0.0,0.01324433833360672,0.03094257041811943,1,132,1.3346900285019363,45,42,45,14192.7451171875,0.1507023274898529,0.44434818625450134,0.3999480605125427,0.1947488933801651,0.20519915223121643,119,7,1,119,-5,6,9,-3,0.2803030303030303,0.028406847268342972,0.11248481273651123,0.00816342607140541,0.00022733771766070276,0.021824421361088753,0.003136081388220191,0.047319673001766205,0.10806568711996078,,0.1947488933801651,0.005001429468393326,0.12856513261795044,0.09713345021009445,0.06190398707985878,0.0,0.10417882353067398,0.006437892094254494,0.0,0.0274871326982975,0.007716512307524681,0.0,0.04363634064793587,-6,-0.013451512086866346,0,0,-6,-312.1298828125,-0.060882046818733215,0.000353395938873291,0.052114337682724,2,3,5,-41,6,7,0.013347763347763386
g906.t1,A0A364L6M1,0.9392,35.8,1,885,3.0482095969791447,255,200,430,38557.953125,0.17850589752197266,0.461465060710907,0.3357546925544739,0.20882365107536316,0.12693101167678833,831,95,50,819,-13,26,22,4,0.14350282485875707,0.022870942950248718,0.07128219306468964,0.009023870341479778,0.02967984415590763,0.06835711747407913,0.006490825675427914,0.07760494202375412,0.033295173197984695,0.06438387930393219,0.12655186653137207,0.0822717696428299,0.12008362263441086,0.04932607710361481,0.024274324998259544,0.012129584327340126,0.011045817285776138,0.012301022186875343,0.16069786250591278,1,726,2.569795765444912,211,158,357,31769.341796875,0.19614842534065247,0.4044184982776642,0.3764111399650574,0.1554633378982544,0.22094778716564178,693,57,15,728,-27,17,33,-16,0.13774104683195593,0.07527705281972885,0.09152132272720337,0.02161777764558792,0.013992350548505783,0.0762423723936081,0.00538276694715023,0.02339758351445198,0.12219088524580002,0.019850386306643486,0.13561294972896576,0.023021984845399857,0.057126134634017944,0.09875689446926117,0.00700552761554718,0.011720947921276093,0.11217884719371796,0.01563073694705963,0.0026984973810613155,0.004623210523277521,0.0019042011117562652,0.0,0.09857683628797531,159,0.4784138315342328,44,42,73,6788.611328125,-0.01764252781867981,0.0570465624332428,-0.040656447410583496,138,38,35,91,14,20,0.00576177802680114
g13233.t1,A0A364LAC9,0.938,74.1,1,196,1.8827831557396033,69,46,81,22115.73828125,0.2593945264816284,0.21583223342895508,0.5000346302986145,0.317759245634079,0.18227538466453552,156,22,9,95,1,17,10,7,0.2602040816326531,0.023637643083930016,0.0206465944647789,0.00889573059976101,0.11374110728502274,0.03340965136885643,0.0036473418585956097,0.042041242122650146,0.025879913941025734,0.004704727791249752,0.09676097333431244,0.22099830210208893,0.06583458930253983,0.14023412764072418,0.024738680571317673,0.046363465487957,0.0008587312768213451,0.037736568599939346,0.08011862635612488,1,199,1.8308118504952156,70,46,83,22789.25,0.35603687167167664,0.15041160583496094,0.4805395007133484,0.34163111448287964,0.13890840113162994,166,25,6,118,2,16,11,5,0.2663316582914573,0.06762407720088959,0.020145710557699203,0.008191942237317562,0.11205276101827621,0.022936275228857994,0.004813786130398512,0.0203991811722517,0.03564092516899109,0.17407430708408356,0.16755680739879608,0.01301207672804594,0.037607479840517044,0.10326746851205826,0.10070405900478363,0.043825842440128326,0.029292453080415726,0.0,0.009752035140991211,0.0029473977629095316,0.0011326555395498872,0.0017206951742991805,0.0330541618168354,-3,0.051971305244387755,-1,0,-2,-673.51171875,-0.09664234519004822,0.06542062759399414,0.019495129585266113,-10,-3,3,-23,-1,2,-0.006127576658804201
g8346.t1,A0A364LED0,0.9378,49.5,1,231,2.7802152612774296,62,51,118,30962.802734375,0.10334102809429169,0.3642672896385193,0.5208820700645447,0.4743519425392151,0.04653015732765198,165,10,1,132,36,42,4,38,0.341991341991342,0.023201834410429,0.22966405749320984,0.0010254414519295096,0.04474698752164841,0.012504860758781433,0.0,0.017107678577303886,0.014552715234458447,0.01390133984386921,0.2773086726665497,0.1970432549715042,0.09124457836151123,0.02942247875034809,0.01150957215577364,0.01705174520611763,0.005835601594299078,0.0,0.013773642480373383,1,200,2.3516360424601466,65,51,84,24246.5703125,0.14898259937763214,0.21753716468811035,0.6232590079307556,0.5289174318313599,0.09434156864881516,151,11,0,133,25,34,4,30,0.295,0.07882262766361237,0.046256326138973236,0.040724098682403564,0.012375721707940102,0.029224323108792305,0.0015968671068549156,0.030175400897860527,0.0001300384319620207,0.2783656418323517,0.25055181980133057,0.010221258737146854,0.036680348217487335,0.09421154856681824,0.02124093472957611,0.0,0.02907656691968441,0.0,0.00010553888569120318,0.005722107831388712,0.0,,0.03462442755699158,31,0.428579218817283,-3,0,34,6716.232421875,-0.045641571283340454,0.14673012495040894,-0.10237693786621094,14,-1,1,-1,11,8,0.04699134199134203
g12290.t1,A0A364L658,0.9374,50.0,1,156,2.478647148409182,61,19,76,28795.35546875,0.46132615208625793,0.18214641511440277,0.3107251226902008,0.270952433347702,0.03977271541953087,98,8,0,84,16,20,5,15,0.391025641025641,0.008515870198607445,0.03657899051904678,0.0012044596951454878,0.1173195093870163,0.12069057673215866,0.0,0.001991370925679803,0.005826297216117382,0.053012605756521225,0.07494505494832993,0.1960073560476303,0.023854048922657967,0.03778134286403656,0.045802321285009384,0.07929869741201401,0.04446122795343399,0.08208048343658447,0.05270485207438469,1,148,1.6506329831407147,73,21,54,17712.1796875,0.12434554845094681,0.2416592240333557,0.6131688356399536,0.33842524886131287,0.27474361658096313,125,10,0,80,2,19,10,9,0.30405405405405406,0.008379608392715454,0.027792396023869514,0.0,0.024227997288107872,0.03825473412871361,0.0007286616018973291,0.05955306440591812,0.0751502588391304,0.19859130680561066,0.1398339569568634,0.02082633599638939,0.0861474797129631,0.19959333539009094,0.04146029055118561,0.00637578871101141,0.010185967199504375,0.008959812112152576,0.008965147659182549,0.0,0.00491846539080143,,0.05798030272126198,8,0.8280141652684672,-12,-2,22,11083.17578125,0.3369806036353111,-0.05951280891895294,-0.3024437129497528,-27,-2,0,4,14,6,0.08697158697158697
g3004.t1,A0A364L8U8,0.9339,58.1,1,110,1.6000043424900363,10,51,49,17625.23828125,0.15378043055534363,0.27052709460258484,0.5338677167892456,0.525459885597229,0.00840784888714552,75,2,0,59,24,20,2,18,0.3,0.0,0.027138803154230118,0.058120232075452805,0.002929023699834943,0.026544276624917984,0.0050840554758906364,0.0028622462414205074,0.002363137435168028,0.060516759753227234,0.3049934506416321,0.22046642005443573,0.05365437641739845,0.0055456021800637245,0.041824761778116226,0.06539620459079742,0.0,0.053826864808797836,0.06873379647731781,1,109,1.5147470245498256,9,58,42,16743.00390625,0.16402487456798553,0.2767512798309326,0.5239133238792419,0.4051201045513153,0.11879324913024902,71,1,0,73,14,14,5,9,0.3394495412844037,0.0,0.00018831661145668477,0.0005781303625553846,0.012526157312095165,0.02331792563199997,0.001734391087666154,0.025177039206027985,0.03442300483584404,0.20366650819778442,0.20145361125469208,0.035310547798871994,0.10397204756736755,0.08437024056911469,0.06283372640609741,0.0560360848903656,0.10694216936826706,0.0,0.0,0.007576599717140198,0.0,,0.03989357501268387,1,0.08525731794021074,1,-7,7,882.234375,-0.010244444012641907,-0.006224185228347778,0.009954392910003662,4,1,0,-14,10,9,-0.0394495412844037
g13233.t1,A0A364L5L7,0.9332,65.8,1,196,1.8827831557396033,69,46,81,22115.73828125,0.2593945264816284,0.21583223342895508,0.5000346302986145,0.317759245634079,0.18227538466453552,156,22,9,95,1,17,10,7,0.2602040816326531,0.023637643083930016,0.0206465944647789,0.00889573059976101,0.11374110728502274,0.03340965136885643,0.0036473418585956097,0.042041242122650146,0.025879913941025734,0.004704727791249752,0.09676097333431244,0.22099830210208893,0.06583458930253983,0.14023412764072418,0.024738680571317673,0.046363465487957,0.0008587312768213451,0.037736568599939346,0.08011862635612488,1,192,1.7534238935783515,71,46,75,20967.79296875,0.30146175622940063,0.11316141486167908,0.5697214007377625,0.3473365902900696,0.22238479554653168,161,24,13,91,-3,18,14,4,0.2552083333333333,0.01043233834207058,0.017940454185009003,0.01870284229516983,0.11778229475021362,0.04185565188527107,0.06837884336709976,0.0032315021380782127,0.08339425176382065,0.1326904147863388,0.21464616060256958,0.01565549708902836,0.02881314791738987,0.13899056613445282,0.05979866534471512,0.0,0.02233315259218216,0.0,0.009752035140991211,0.0032139611430466175,0.0,0.00841029454022646,0.013730015605688095,4,0.12935926216125182,-2,0,6,1147.9453125,-0.04206722974777222,0.102670818567276,-0.06968677043914795,-5,-2,-4,4,4,3,0.004995748299319758
g16603.t3,A0A364L0K7,0.9267,66.9,1,727,4.248470445460001,258,135,334,68972.2109375,0.12098310887813568,0.2515506446361542,0.6217643618583679,0.27146828174591064,0.3502960801124573,681,142,5,454,-17,68,75,-7,0.24484181568088034,0.012165806256234646,0.0527428574860096,0.014612728729844093,0.020737426355481148,0.0175798237323761,0.007380488328635693,0.07144814729690552,0.005680397152900696,0.0159141942858696,0.23786909878253937,0.03359919413924217,0.14714916050434113,0.27884796261787415,0.005701863672584295,0.031237225979566574,0.00893398653715849,0.012993215583264828,0.015451284125447273,1,700,4.0714636098246935,272,135,293,58398.9921875,0.18204699456691742,0.1702556610107422,0.6438155174255371,0.20055226981639862,0.44326329231262207,605,93,0,387,-39,48,77,-29,0.22714285714285715,0.04135295748710632,0.04425441101193428,0.013678641989827156,0.0175943560898304,0.026518752798438072,0.018484828993678093,0.00698761036619544,0.11287524551153183,0.009341200813651085,0.1912110596895218,0.00388177577406168,0.03666815161705017,0.33038803935050964,0.04345853254199028,0.0007735004182904959,0.03341022878885269,0.009955148212611675,0.0,0.023702263832092285,0.010161803103983402,0.0,0.035256605595350266,27,0.17700683563530717,-14,0,41,10573.21875,-0.06106388568878174,0.08129498362541199,-0.02205115556716919,76,49,5,67,22,22,0.017698958538023196
g3012.t1,A0A364KLQ7,0.9247,42.7,1,150,1.603613286869384,55,31,64,16971.275390625,0.09639070183038712,0.15950754284858704,0.743911623954773,0.4989701807498932,0.24494150280952454,138,14,1,115,4,20,12,8,0.26666666666666666,0.0041825976222753525,0.00570354238152504,0.0,0.002471535000950098,0.04277656599879265,0.0,0.13264580070972443,0.0,0.01401179563254118,0.47126710414886475,0.02770300582051277,0.057706039398908615,0.11229568719863892,0.00019011808035429567,0.018669258803129196,0.02528136782348156,0.0015209446428343654,0.08208616822957993,1,155,1.6103648209089791,56,27,72,17301.91015625,0.11399257928133011,0.1340918093919754,0.7519155740737915,0.4252969026565552,0.32661867141723633,129,17,0,105,-2,19,15,4,0.23870967741935484,0.009108003228902817,0.013799889013171196,0.0014918798115104437,0.0,0.0003729699528776109,0.0025810287334024906,0.010057433508336544,0.11403675377368927,0.15339475870132446,0.2719021737575531,0.0,0.016097186133265495,0.21258193254470825,0.07582267373800278,0.0,0.046019554138183594,0.0014884262345731258,0.0,0.026107896119356155,0.0,0.0011332087451592088,0.045492660254240036,-5,-0.006751534039595164,-1,4,-8,-330.634765625,-0.017601877450942993,0.025415733456611633,-0.008003950119018555,9,-3,1,10,6,4,0.027956989247311825
g18248.t1,A0A364L7J0,0.9242,27.6,1,550,3.1460266816251785,266,93,191,43479.7578125,0.20037256181240082,0.1448494791984558,0.6263962984085083,0.3509387969970703,0.2754575312137604,480,70,10,97,-2,53,37,16,0.22181818181818183,0.02453554794192314,0.04576003551483154,0.001527915126644075,0.03567036613821983,0.03889322653412819,0.023655438795685768,0.06095419451594353,0.02172616496682167,0.03557591885328293,0.24503719806671143,0.10590158402919769,0.026840783655643463,0.21450333297252655,0.02838156744837761,0.054390888661146164,0.0,0.01981353759765625,0.013418666087090969,1,567,3.0845891954957128,288,100,179,40248.3828125,0.20619656145572662,0.2063748687505722,0.5151315331459045,0.2816704213619232,0.2334611415863037,485,57,6,102,-5,42,35,7,0.18518518518518517,0.032572172582149506,0.02684907428920269,0.0003133527934551239,0.07071492820978165,0.027143331244587898,0.012567763216793537,0.021778522059321404,0.10883212089538574,0.1297466903924942,0.15192373096942902,0.07229688763618469,0.07022113353013992,0.12462901324033737,0.013242765329778194,0.029593495652079582,0.053776003420352936,0.0034135684836655855,0.0,0.0203621294349432,,0.0,0.033436793833971024,-17,0.06143748612946576,-22,-7,12,3231.375,-0.005823999643325806,-0.061525389552116394,0.11126476526260376,-5,13,4,-5,3,9,0.036632996632996656
g3860.t1,A0A364L4A4,0.9224,43.7,1,528,3.024662746807705,266,79,183,39315.2109375,0.19939731061458588,0.17687927186489105,0.6143938899040222,0.3388661742210388,0.275527685880661,434,48,1,91,-6,41,34,7,0.20643939393939395,0.012177710421383381,0.04934816434979439,0.013115501031279564,0.051201481372117996,0.02650817297399044,0.008863414637744427,0.1636258363723755,0.018325144425034523,0.022500747814774513,0.23444321751594543,0.10442298650741577,0.044134944677352905,0.11190186440944672,0.009329613298177719,0.08680687099695206,0.0034468830563127995,0.010392782278358936,0.029454758390784264,1,580,3.2470467741386866,261,96,223,47215.32421875,0.207439586520195,0.23488546907901764,0.5543355941772461,0.21613451838493347,0.338201105594635,462,60,1,127,-29,37,46,-9,0.2103448275862069,0.021942144259810448,0.04450087994337082,0.015053289011120796,0.04191208258271217,0.042025595903396606,0.0005466947332024574,0.017065685242414474,0.12524932622909546,0.07763445377349854,0.13850003480911255,0.0033394084312021732,0.06566332280635834,0.21295179426670074,0.069954052567482,0.01414416916668415,0.05905351787805557,0.0,0.0,0.00420416658744216,0.012710652314126492,0.0,0.03354877606034279,-52,-0.2223840273309814,5,-17,-40,-7900.11328125,-0.00804227590560913,-0.05800619721412659,0.06005829572677612,-28,-12,0,-36,23,16,-0.0039054336468129502
g14442.t1,A0A364LD44,0.922,59.8,1,166,2.0664616875148276,88,14,64,21574.732421875,0.17131900787353516,0.15461423993110657,0.6585189700126648,0.2952336370944977,0.3632853925228119,153,19,4,93,-11,17,28,-11,0.3313253012048193,0.015254313126206398,0.036010898649692535,0.0,0.0067298440262675285,0.048291683197021484,0.0,0.12293408811092377,0.002195547567680478,0.033477336168289185,0.21317221224308014,0.08206142485141754,0.038698695600032806,0.24035130441188812,0.015547730028629303,0.08953902870416641,0.001794625073671341,0.0,0.04423175007104874,1,159,1.9771693208735608,90,14,55,19732.48828125,0.12382275611162186,0.2242867797613144,0.6486232876777649,0.16443867981433868,0.4841845631599426,148,19,1,36,-18,11,26,-15,0.32075471698113206,0.0,0.020078720524907112,0.0013081153156235814,0.014950128272175789,0.036623500287532806,0.004741917829960585,0.0056111677549779415,0.11528489738702774,0.07126455754041672,0.09317413717508316,0.003267178777605295,0.08615004271268845,0.3688996732234955,0.048551980406045914,0.0,0.08126562088727951,0.009709510020911694,0.0,0.0014716298319399357,0.017483605071902275,0.0,0.029873140156269073,7,0.08929236664126683,-2,0,9,1842.244140625,0.0474962517619133,-0.06967253983020782,0.009895682334899902,5,0,3,57,7,4,0.01057058422368723
g18654.t1,A0A364KV62,0.9219,31.9,1,303,1.955943044241631,136,56,111,21896.19140625,0.15454931557178497,0.18726448714733124,0.6555562019348145,0.5134763121604919,0.14207985997200012,296,44,0,467,8,32,14,18,0.18811881188118812,0.06857603043317795,0.034317269921302795,0.0008841389790177345,0.0,0.021658046171069145,0.0,0.07425345480442047,0.04200773313641548,0.020893463864922523,0.466846764087677,0.04662953317165375,0.015305474400520325,0.06782640516757965,0.002629999304190278,0.06316325068473816,0.0,0.0011519759427756071,0.0738564059138298,1,304,1.9486102623200723,137,59,108,21222.73046875,0.22961170971393585,0.27476924657821655,0.4956190884113312,0.2898487150669098,0.20577040314674377,299,42,0,305,-3,23,22,1,0.20065789473684212,0.016335854306817055,0.0012058621505275369,0.004343088250607252,0.006295248866081238,0.09228376299142838,0.006654772441834211,0.07253054529428482,0.05420297384262085,0.05723980814218521,0.2326088845729828,0.0,0.06752945482730865,0.15156741440296173,0.05128977447748184,0.003344716504216194,0.0588131919503212,0.0,,0.053407542407512665,0.0,0.0,0.07034710794687271,-1,0.007332781921558729,-1,-3,3,673.4609375,-0.07506239414215088,-0.08750475943088531,0.15993711352348328,-3,2,0,162,11,17,-0.012539082855653999
g14003.t1,A0A364L3L6,0.921,30.0,1,141,1.4828874839418211,50,44,47,16040.8046875,0.24362069368362427,0.3389342725276947,0.4158359169960022,0.2605290412902832,0.1553068459033966,135,22,1,272,2,11,11,0,0.28368794326241137,0.05085661634802818,0.03266759216785431,0.0013850938994437456,0.0,0.013879084028303623,0.009051577188074589,0.08050781488418579,0.006633237469941378,0.06400386244058609,0.2001488357782364,0.060380224138498306,0.0725732371211052,0.07479902356863022,0.001609169295988977,0.10671938210725784,0.0,0.06311403214931488,0.1616712063550949,1,149,1.528388847141558,49,44,56,16643.947265625,0.2187114655971527,0.27659672498703003,0.5027532577514648,0.28793007135391235,0.21482321619987488,141,21,0,170,-2,15,20,-5,0.2751677852348993,0.08050889521837234,0.019931310787796974,0.0,0.011825278401374817,0.03363388776779175,0.0032867302652448416,0.06973245739936829,0.13287515938282013,0.14281801879405975,0.1451120674610138,0.0019385702908039093,0.12975353002548218,0.08194804936647415,0.08635495603084564,0.00038771406980231404,0.029433172196149826,0.0,0.0,0.0,0.002713998546823859,0.0,0.027746250852942467,-8,-0.045501363199736966,1,0,-9,-603.142578125,0.024909228086471558,0.06233754754066467,-0.08691734075546265,-6,1,1,102,4,5,0.008520158027512048
g19569.t1,A0A364L997,0.9206,50.8,1,144,2.7625355572844077,46,32,66,27741.259765625,0.14425019919872284,0.12080865353345871,0.7198118567466736,0.5421422719955444,0.17766962945461273,97,8,0,120,15,30,16,14,0.4513888888888889,0.05100569128990173,0.06982080638408661,0.004160591866821051,0.006048046052455902,0.0032566399313509464,0.006156399380415678,0.0667404755949974,0.006695515476167202,0.0,0.4402162730693817,0.10192598402500153,0.014147995039820671,0.11092915385961533,0.015129336155951023,0.0730147510766983,0.0,0.00046523427590727806,0.025983745232224464,1,124,1.9719440306387455,30,35,59,21266.037109375,0.2052437663078308,0.17265290021896362,0.6195240616798401,0.3552865982055664,0.2642374038696289,79,5,0,141,4,20,13,7,0.3790322580645161,0.04506171867251396,0.04370862618088722,0.005703209433704615,0.0,0.03155837580561638,0.02502737008035183,0.02208765037357807,0.09446140378713608,0.14706027507781982,0.20822633802890778,0.002579290419816971,0.06691852957010269,0.16977602243423462,0.09843771904706955,0.0004551689198706299,0.009367592632770538,0.004303417168557644,0.0,0.0,0.00470341183245182,,0.024867301806807518,20,0.7905915266456622,16,-3,7,6475.22265625,-0.06099356710910797,-0.05184424668550491,0.1002877950668335,18,3,0,-21,11,7,0.07235663082437277
g8731.t1,A0A364L525,0.9191,26.7,1,204,2.1209919773537687,98,32,74,23047.4296875,0.3188368082046509,0.3746495544910431,0.22069133818149567,0.1613880842924118,0.05930325388908386,174,12,50,214,-4,10,11,-1,0.27450980392156865,0.002930339192971587,0.040674541145563126,0.0,0.09003928303718567,0.03191268444061279,0.01707950234413147,0.030151188373565674,0.006971070077270269,0.08728010207414627,0.08676473051309586,0.07462335377931595,0.1107187569141388,0.029152069240808487,0.08582233637571335,0.06927397102117538,0.1049969419836998,0.0001399959292029962,0.1092865988612175,1,295,2.55927884716668,142,34,119,29665.962890625,0.2739274203777313,0.23825831711292267,0.47329995036125183,0.2344641536474228,0.23883581161499023,251,23,40,59,-13,19,25,-6,0.2745762711864407,0.017287949100136757,0.04287904128432274,0.03954503312706947,0.028713317587971687,0.061840929090976715,0.0076133799739181995,0.019541865214705467,0.08338815718889236,0.12707576155662537,0.10738839209079742,0.014514297246932983,0.0388050340116024,0.15544766187667847,0.04033876210451126,0.03752308338880539,0.042288098484277725,0.00246406439691782,0.019718466326594353,0.035777926445007324,0.04483207315206528,0.0059095388278365135,0.04928971454501152,-91,-0.4382868698129112,-44,-2,-45,-6618.533203125,0.044909387826919556,0.13639123737812042,-0.25260861217975616,-77,-11,10,155,9,5,-6.64672648720277e-05
g18654.t1,A0A364KT16,0.9149,33.4,1,303,1.955943044241631,136,56,111,21896.19140625,0.15454931557178497,0.18726448714733124,0.6555562019348145,0.5134763121604919,0.14207985997200012,296,44,0,467,8,32,14,18,0.18811881188118812,0.06857603043317795,0.034317269921302795,0.0008841389790177345,0.0,0.021658046171069145,0.0,0.07425345480442047,0.04200773313641548,0.020893463864922523,0.466846764087677,0.04662953317165375,0.015305474400520325,0.06782640516757965,0.002629999304190278,0.06316325068473816,0.0,0.0011519759427756071,0.0738564059138298,1,305,1.9554312179842024,141,61,103,21368.7734375,0.18919463455677032,0.2953058183193207,0.5154995918273926,0.3015362620353699,0.2139633297920227,300,36,0,145,-4,24,21,3,0.19344262295081968,0.019971506670117378,0.041154876351356506,0.004340945743024349,0.006139097269624472,0.08334842324256897,0.010116565972566605,0.02391751855611801,0.12312991172075272,0.0066649396903812885,0.29487133026123047,0.0,0.035998616367578506,0.09083342552185059,0.05021316558122635,0.014646371826529503,0.08858836442232132,0.0,,0.004759501665830612,0.0,0.0,0.1013055071234703,-2,0.000511826257428627,-5,-5,8,527.41796875,-0.03464531898498535,-0.10804133117198944,0.14005661010742188,-4,8,0,322,12,15,-0.005323811069631562
g13126.t1,A0A364L0M7,0.9134,37.9,1,475,3.5459949687802097,241,60,174,48665.03515625,0.295164555311203,0.2719237804412842,0.43151938915252686,0.3303597569465637,0.10115962475538254,382,47,5,295,19,39,18,21,0.2926315789473684,0.030698515474796295,0.03421700745820999,0.03365621715784073,0.07128839939832687,0.025438467040657997,0.053816650062799454,0.048401277512311935,0.023979907855391502,0.04355432093143463,0.21691060066223145,0.11344917118549347,0.08783549815416336,0.0527583472430706,0.00139232340734452,0.009168194606900215,0.03086911328136921,0.042557552456855774,0.03770270198583603,1,320,2.861729716880522,146,61,113,32771.91015625,0.1921246498823166,0.28469181060791016,0.5209190845489502,0.29950329661369324,0.22141577303409576,289,40,0,163,-3,26,25,1,0.290625,0.07153967022895813,0.019283641129732132,0.009198310784995556,0.02874426357448101,0.04987353831529617,0.020637312904000282,0.06791539490222931,0.034016311168670654,0.21939785778522491,0.08010544627904892,0.002264456357806921,0.11159953474998474,0.18739944696426392,0.007843824103474617,0.001769938739016652,0.03204745799303055,0.03132764622569084,0.010978101752698421,0.011716100387275219,,0.0,0.04464747756719589,155,0.6842652518996877,95,-1,61,15893.125,0.10303990542888641,-0.012768030166625977,-0.08939969539642334,93,7,5,132,22,20,0.002006578947368387
g18654.t1,A0A364KUQ7,0.913,33.5,1,303,1.955943044241631,136,56,111,21896.19140625,0.15454931557178497,0.18726448714733124,0.6555562019348145,0.5134763121604919,0.14207985997200012,296,44,0,467,8,32,14,18,0.18811881188118812,0.06857603043317795,0.034317269921302795,0.0008841389790177345,0.0,0.021658046171069145,0.0,0.07425345480442047,0.04200773313641548,0.020893463864922523,0.466846764087677,0.04662953317165375,0.015305474400520325,0.06782640516757965,0.002629999304190278,0.06316325068473816,0.0,0.0011519759427756071,0.0738564059138298,1,314,1.961685598782308,145,62,107,21686.96484375,0.24870048463344574,0.2798920273780823,0.47140753269195557,0.3201709985733032,0.15123651921749115,294,30,0,375,-2,20,19,1,0.18789808917197454,0.06252086907625198,0.02569066360592842,0.006045632530003786,0.016811929643154144,0.11180946230888367,0.0,0.0481950007379055,0.05960589274764061,0.03435247391462326,0.28581851720809937,0.0,0.08611486852169037,0.09163063019514084,0.04684619605541229,0.0002975562820211053,0.038056157529354095,0.0,,0.010414469987154007,,,0.07578971982002258,-11,-0.0057425545406770695,-9,-6,4,209.2265625,-0.09415116906166077,-0.09262754023075104,0.1841486692428589,2,14,0,92,10,17,0.00022072270921358328
g18995.t1,A0A364KME0,0.9125,55.8,1,179,1.7417721843661573,61,47,71,19546.92578125,0.3295390009880066,0.14910562336444855,0.48805269598960876,0.29835188388824463,0.18970085680484772,158,29,0,190,-1,14,13,1,0.2569832402234637,0.014030667021870613,0.010369095019996166,0.004411641042679548,0.01831864006817341,0.04454490914940834,0.008823282085359097,0.08132703602313995,0.004734247922897339,0.05824337154626846,0.15329968929290771,0.14505217969417572,0.012942974455654621,0.10837382823228836,0.033302661031484604,0.09073567390441895,0.06156987324357033,0.046867650002241135,0.05840430036187172,1,184,1.7553722452296197,65,46,73,19987.42578125,0.3274103105068207,0.18969637155532837,0.46002691984176636,0.34720364212989807,0.11282329261302948,152,18,0,141,4,15,9,6,0.2826086956521739,0.022875046357512474,0.044772639870643616,0.006020204164087772,0.043908633291721344,0.058437228202819824,0.01885036565363407,0.020529767498373985,0.029656710103154182,0.06018560379743576,0.2870180308818817,0.02286641113460064,0.0367124080657959,0.08316656947135925,0.12169899791479111,0.026635752990841866,0.045481231063604355,0.044648319482803345,0.0,0.02967713586986065,0.005327150691300631,,0.03618011251091957,-5,-0.013600060863462327,-4,1,-2,-440.5,0.002128690481185913,-0.04059074819087982,0.028025776147842407,6,11,0,49,-5,-5,-0.025625455428710198
g2301.t2,A0A364KLX6,0.9115,42.0,1,450,3.420828569539247,50,183,217,37762.015625,0.19987498223781586,0.22768187522888184,0.5694558024406433,0.3676396608352661,0.2018161565065384,400,63,4,341,0,35,27,8,0.2111111111111111,0.04879758879542351,0.016364118084311485,0.009235232137143612,0.016910163685679436,0.018671376630663872,0.02225419320166111,0.03193841129541397,0.008602327667176723,0.07627369463443756,0.306112676858902,0.06152698025107384,0.07820405811071396,0.16987772285938263,0.002987298183143139,0.039155472069978714,0.04058600589632988,0.01350018847733736,0.0390024334192276,1,582,3.311993386566814,62,190,330,62912.140625,0.2893173396587372,0.2489752322435379,0.4604281783103943,0.2437649518251419,0.2166632115840912,440,75,1,339,-14,34,43,-9,0.2852233676975945,0.05673614516854286,0.09381181746721268,5.128654447617009e-05,0.00020046914869453758,0.07136832922697067,0.05672711506485939,0.008449678309261799,0.0694451853632927,0.0931382104754448,0.15062673389911652,0.0012792376801371574,0.04754404351115227,0.1472180187702179,0.05634217709302902,0.03155828267335892,0.05050702765583992,0.0,0.0,0.016384800896048546,0.0,0.0,0.048611387610435486,-132,0.10883518297243322,-12,-7,-113,-25150.125,-0.08944235742092133,-0.021293357014656067,0.10902762413024902,-40,-12,3,2,14,17,-0.07411225658648338
g18654.t1,A0A364LEQ2,0.9111,29.8,1,303,1.955943044241631,136,56,111,21896.19140625,0.15454931557178497,0.18726448714733124,0.6555562019348145,0.5134763121604919,0.14207985997200012,296,44,0,467,8,32,14,18,0.18811881188118812,0.06857603043317795,0.034317269921302795,0.0008841389790177345,0.0,0.021658046171069145,0.0,0.07425345480442047,0.04200773313641548,0.020893463864922523,0.466846764087677,0.04662953317165375,0.015305474400520325,0.06782640516757965,0.002629999304190278,0.06316325068473816,0.0,0.0011519759427756071,0.0738564059138298,1,980,3.725623996891425,338,172,470,49548.4296875,0.19294750690460205,0.20900598168373108,0.5803786516189575,0.32424721121788025,0.25613150000572205,833,107,3,455,-5,62,58,4,0.1510204081632653,0.004099530167877674,0.03978246450424194,0.02530653215944767,0.047393303364515305,0.05433114245533943,0.013477953150868416,0.03384711220860481,0.10962788760662079,0.1033947765827179,0.22085243463516235,0.017667798325419426,0.043834835290908813,0.14650359749794006,0.03258790448307991,0.030407622456550598,0.05012303218245506,0.0,,0.008893100544810295,0.0017569755436852574,0.0,0.01611199788749218,-677,-1.769680952649794,-202,-116,-359,-27652.23828125,-0.03839819133281708,-0.02174149453639984,0.07517755031585693,-537,-63,-3,12,13,14,0.03709840371792281
g19068.t1,A0A364KP31,0.9108,31.0,1,410,2.6524342760848127,125,95,190,37802.76953125,0.10011668503284454,0.22126884758472443,0.657682478427887,0.5212277173995972,0.1364547610282898,316,43,31,562,14,45,24,21,0.2,0.0011949295876547694,0.051786258816719055,0.010711021721363068,0.012688277289271355,0.004091063514351845,0.011266478337347507,0.026558199897408485,0.014082832261919975,0.006279084365814924,0.4268331527709961,0.09439456462860107,0.03646710142493248,0.10989656299352646,0.020931970328092575,0.050562139600515366,0.0008535211090929806,0.0030726760160177946,0.10194255411624908,1,355,2.476490283282981,125,67,163,30807.7890625,0.1897018551826477,0.22909961640834808,0.5751240849494934,0.2832236588001251,0.2919004559516907,264,44,7,529,-5,26,27,-1,0.2084507042253521,0.016959013417363167,0.06349766999483109,0.0008187502971850336,0.028486967086791992,0.020401153713464737,0.020527375862002373,0.01104780938476324,0.1558201014995575,0.09267531335353851,0.1905483454465866,0.006074427627027035,0.047807466238737106,0.13608033955097198,0.06742435693740845,0.0034561397042125463,0.07107546925544739,0.01638760417699814,0.0,0.002094630151987076,0.030352221801877022,0.0,0.034852463752031326,55,0.1759439928018316,0,28,27,6994.98046875,-0.08958517014980316,-0.007830768823623657,0.08255839347839355,52,-1,24,33,19,22,-0.008450704225352101
g9706.t1,A0A364KMR5,0.9081,44.0,1,152,1.7514890442680935,55,36,61,18925.16015625,0.17782334983348846,0.25823310017585754,0.5308648943901062,0.47266608476638794,0.05819881334900856,116,14,0,234,28,23,4,19,0.28289473684210525,0.03322499990463257,0.05953484773635864,0.00236742221750319,0.0,0.012786732986569405,0.02284562774002552,0.020991960540413857,0.018433712422847748,0.026285985484719276,0.26970377564430237,0.20296227931976318,0.11802010238170624,0.03720685467123985,0.03307880461215973,0.07266157120466232,0.035792943090200424,0.00017048977315425873,0.03359103202819824,1,148,1.8615429129240653,41,37,70,21154.173828125,0.13683703541755676,0.19129709899425507,0.6712557673454285,0.5644991993904114,0.10675656795501709,101,11,0,179,25,24,9,15,0.3108108108108108,0.016222838312387466,0.029995322227478027,0.11568793654441833,0.008388890884816647,0.02486809529364109,0.016777778044342995,0.011397668160498142,0.015500984154641628,0.29981210827827454,0.26468706130981445,0.0006101010949350893,0.011221854016184807,0.09125558286905289,0.05349660664796829,0.005948485806584358,0.010456427000463009,0.00034097954630851746,,0.011134345084428787,0.0,,0.012537891045212746,4,-0.11005386865597178,14,-1,-9,-2229.013671875,0.0409863144159317,0.06693600118160248,-0.14039087295532227,15,3,0,55,3,4,-0.027916073968705546
g13973.t1,A0A364L3L6,0.9023,29.9,1,139,1.4653399776339953,50,47,42,15485.7666015625,0.24038146436214447,0.34224724769592285,0.41695457696914673,0.2768353819847107,0.14011918008327484,138,20,1,224,2,11,8,3,0.302158273381295,0.06879813969135284,0.05815906077623367,0.0012263826793059707,0.008750935085117817,0.010834491811692715,0.010417780838906765,0.054368048906326294,0.0075008017010986805,0.035613905638456345,0.21735695004463196,0.059478454291820526,0.07575986534357071,0.08575113862752914,0.00041671120561659336,0.07325372844934464,0.0,0.06832639127969742,0.1639871895313263,1,149,1.528388847141558,49,44,56,16643.947265625,0.2187114655971527,0.27659672498703003,0.5027532577514648,0.28793007135391235,0.21482321619987488,141,21,0,170,-2,15,20,-5,0.2751677852348993,0.08050889521837234,0.019931310787796974,0.0,0.011825278401374817,0.03363388776779175,0.0032867302652448416,0.06973245739936829,0.13287515938282013,0.14281801879405975,0.1451120674610138,0.0019385702908039093,0.12975353002548218,0.08194804936647415,0.08635495603084564,0.00038771406980231404,0.029433172196149826,0.0,0.0,0.0,0.002713998546823859,0.0,0.027746250852942467,-10,-0.06304886950756283,1,3,-14,-1158.1806640625,0.02166999876499176,0.06565052270889282,-0.08579868078231812,-3,-1,1,54,4,8,0.026990488146395653
g14011.t1,A0A364L3L6,0.8964,30.6,1,141,1.4855288482726174,50,44,47,15874.400390625,0.16649675369262695,0.39219245314598083,0.4413107633590698,0.2708379030227661,0.1704728752374649,135,20,1,233,1,11,10,1,0.2907801418439716,0.021743616089224815,0.09851173311471939,0.0010070056887343526,0.017581211403012276,0.018496178090572357,0.0002032546908594668,0.10572250932455063,0.012800412252545357,0.1643611639738083,0.20225173234939575,0.06858616322278976,0.03882328420877457,0.06475038081407547,,0.07331406325101852,0.0,0.0351584292948246,0.07668882608413696,1,149,1.528388847141558,49,44,56,16643.947265625,0.2187114655971527,0.27659672498703003,0.5027532577514648,0.28793007135391235,0.21482321619987488,141,21,0,170,-2,15,20,-5,0.2751677852348993,0.08050889521837234,0.019931310787796974,0.0,0.011825278401374817,0.03363388776779175,0.0032867302652448416,0.06973245739936829,0.13287515938282013,0.14281801879405975,0.1451120674610138,0.0019385702908039093,0.12975353002548218,0.08194804936647415,0.08635495603084564,0.00038771406980231404,0.029433172196149826,0.0,0.0,0.0,0.002713998546823859,0.0,0.027746250852942467,-8,-0.04285999886894065,1,0,-9,-769.546875,-0.05221471190452576,0.1155957281589508,-0.06144249439239502,-6,-1,1,63,3,6,0.015612356609072287
g11087.t1,A0A364KRJ5,0.891,89.3,1,103,2.274646028889123,49,0,54,22393.53125,0.2290414720773697,0.12820476293563843,0.6029806733131409,0.5717524886131287,0.031228255480527878,71,10,0,20,18,24,4,20,0.42718446601941745,0.04209933802485466,0.004610683303326368,0.034028712660074234,0.05518411099910736,0.010518120601773262,0.021468494087457657,0.004692354239523411,0.061176322400569916,0.022122763097286224,0.3180809020996094,0.2536715567111969,0.00471204798668623,0.02653590217232704,0.039773084223270416,0.09375931322574615,0.0037461803294718266,0.0022659229580312967,0.001554237212985754,1,103,2.2913896406702077,49,0,54,22269.78515625,0.20359933376312256,0.17250028252601624,0.5825042724609375,0.5510071516036987,0.03149711713194847,71,10,0,18,18,24,4,20,0.44660194174757284,0.01126135140657425,0.023941820487380028,0.035472214221954346,0.031103916466236115,0.010866335593163967,0.0007244223961606622,0.10080015659332275,0.005571219138801098,0.2460542619228363,0.30495285987854004,0.04139609634876251,0.00588849326595664,0.025925898924469948,0.1321122944355011,0.01159075926989317,0.0,,,0.0059402636252343655,,,0.006397584918886423,0,-0.016743611781084855,0,0,0,123.74609375,0.02544213831424713,-0.04429551959037781,0.02047640085220337,0,0,0,2,0,0,-0.019417475728155387
g7761.t1,A0A364L3N6,0.8904,53.4,1,590,3.21443410175121,293,95,202,49414.30859375,0.325496643781662,0.19474786520004272,0.4579184353351593,0.2878328859806061,0.17008554935455322,524,68,6,52,0,40,35,5,0.21016949152542372,0.049243293702602386,0.039918314665555954,0.029002217575907707,0.06525944918394089,0.00992496032267809,0.012247323989868164,0.05324642360210419,0.02675754390656948,0.026265747845172882,0.14909742772579193,0.13873544335365295,0.04665030166506767,0.11683914065361023,0.02183704823255539,0.09578991681337357,0.08167893439531326,0.011352774687111378,0.025761956349015236,1,585,3.1223148081984182,278,92,215,48316.3203125,0.35393303632736206,0.20597663521766663,0.43741899728775024,0.22909404337406158,0.20832495391368866,528,76,0,40,-7,36,34,2,0.21367521367521367,0.036724500358104706,0.023625871166586876,0.01505544874817133,0.03272201865911484,0.03554634749889374,0.015025418251752853,0.04450200870633125,0.06311889737844467,0.12191294133663177,0.1071811094880104,0.0026711856480687857,0.0523974783718586,0.1452060490846634,0.12126990407705307,0.014491179026663303,0.01463056169450283,0.0,0.0003917747235391289,0.0981537327170372,,0.0,0.055765289813280106,5,0.09211929355279169,15,3,-13,1097.98828125,-0.028436392545700073,-0.011228770017623901,0.020499438047409058,-4,-8,6,12,7,3,-0.003505722149789947
g18654.t1,A0A364KLX0,0.8901,30.2,1,303,1.955943044241631,136,56,111,21896.19140625,0.15454931557178497,0.18726448714733124,0.6555562019348145,0.5134763121604919,0.14207985997200012,296,44,0,467,8,32,14,18,0.18811881188118812,0.06857603043317795,0.034317269921302795,0.0008841389790177345,0.0,0.021658046171069145,0.0,0.07425345480442047,0.04200773313641548,0.020893463864922523,0.466846764087677,0.04662953317165375,0.015305474400520325,0.06782640516757965,0.002629999304190278,0.06316325068473816,0.0,0.0011519759427756071,0.0738564059138298,1,315,1.9762320941592184,146,59,110,21766.078125,0.24304378032684326,0.3368377983570099,0.4174641966819763,0.22331193089485168,0.19415229558944702,295,26,0,283,-7,20,19,1,0.2,0.04159048944711685,0.10585559159517288,0.0033722841180860996,0.01882614567875862,0.06961994618177414,0.02786862663924694,0.030207941308617592,0.045890431851148605,0.12027706205844879,0.1030348613858223,0.0026541773695498705,0.07530468702316284,0.1482618749141693,0.059197042137384415,0.01927085779607296,0.052532803267240524,0.0,,0.00667068175971508,0.0,0.0,0.06956447660923004,-12,-0.0202890499175874,-10,-3,1,130.11328125,-0.08849446475505829,-0.14957331120967865,0.23809200525283813,1,18,0,184,15,17,-0.011881188118811892
g19502.t2,A0A364L3C5,0.8877,40.2,1,350,2.146238970986476,17,174,159,25342.0859375,0.1676000952720642,0.23029498755931854,0.5847468972206116,0.40470603108406067,0.1800408810377121,311,30,55,330,1,26,17,9,0.19142857142857142,0.021154986694455147,0.029558083042502403,0.0011371690779924393,0.00611134385690093,0.04108941927552223,0.005173664074391127,0.11650404334068298,0.0406024307012558,0.015147740021348,0.31000879406929016,0.0946972444653511,0.06652789562940598,0.06353683769702911,0.017358053475618362,0.01521961111575365,0.011452965438365936,0.014760375022888184,0.07732167840003967,1,362,2.1205141945840777,14,185,163,25329.359375,0.19100846350193024,0.27398645877838135,0.527472972869873,0.29243165254592896,0.23504133522510529,316,28,2,284,-8,22,18,4,0.1878453038674033,0.01680302433669567,0.004837674554437399,0.0,0.060662854462862015,0.06268687546253204,0.0023999602999538183,0.04012706130743027,0.10561418533325195,0.1986103653907776,0.09382128715515137,0.007532096467912197,0.0976272001862526,0.12942712008953094,0.013080832548439503,0.001618233392946422,0.10460199415683746,0.05263770744204521,0.0,0.019234931096434593,0.014521734789013863,0.0,0.026792533695697784,-12,0.02572477640239823,3,-11,-4,12.7265625,-0.023408368229866028,-0.043691471219062805,0.057273924350738525,-5,2,53,46,9,5,0.003583267561168113
g18654.t1,A0A364KUC3,0.8873,33.3,1,303,1.955943044241631,136,56,111,21896.19140625,0.15454931557178497,0.18726448714733124,0.6555562019348145,0.5134763121604919,0.14207985997200012,296,44,0,467,8,32,14,18,0.18811881188118812,0.06857603043317795,0.034317269921302795,0.0008841389790177345,0.0,0.021658046171069145,0.0,0.07425345480442047,0.04200773313641548,0.020893463864922523,0.466846764087677,0.04662953317165375,0.015305474400520325,0.06782640516757965,0.002629999304190278,0.06316325068473816,0.0,0.0011519759427756071,0.0738564059138298,1,310,1.9608975469714045,135,61,114,21044.22265625,0.2619704604148865,0.2909599244594574,0.4293234050273895,0.1909952163696289,0.23832820355892181,308,34,0,268,-9,19,24,-5,0.2129032258064516,0.009286238811910152,0.08276457339525223,0.03523167967796326,0.003296186914667487,0.15413230657577515,0.030204473063349724,0.07255775481462479,0.054060425609350204,0.07583725452423096,0.11515795439481735,0.01774625852704048,0.0809156596660614,0.18426775932312012,0.05278895050287247,0.007355969399213791,0.010044185444712639,0.0,,0.0049063097685575485,0.0,0.0,0.009446070529520512,-7,-0.004954502729773491,1,-5,-3,851.96875,-0.1074211448431015,-0.10369543731212616,0.22623279690742493,-12,10,0,199,17,23,-0.024784413925263482
g18654.t1,A0A364LBN6,0.8834,33.1,1,303,1.955943044241631,136,56,111,21896.19140625,0.15454931557178497,0.18726448714733124,0.6555562019348145,0.5134763121604919,0.14207985997200012,296,44,0,467,8,32,14,18,0.18811881188118812,0.06857603043317795,0.034317269921302795,0.0008841389790177345,0.0,0.021658046171069145,0.0,0.07425345480442047,0.04200773313641548,0.020893463864922523,0.466846764087677,0.04662953317165375,0.015305474400520325,0.06782640516757965,0.002629999304190278,0.06316325068473816,0.0,0.0011519759427756071,0.0738564059138298,1,308,1.9592338593039045,133,58,117,21431.619140625,0.21220663189888,0.3130493760108948,0.47250863909721375,0.2781314551830292,0.19437716901302338,295,39,0,461,-3,22,22,0,0.20454545454545456,0.05196995660662651,0.045393772423267365,0.006678678095340729,0.01911994442343712,0.04890839755535126,0.0011941089760512114,0.02050141617655754,0.07878386229276657,0.03505702689290047,0.2430744767189026,0.0022353571839630604,0.06962580233812332,0.11559328436851501,0.05944150686264038,0.025443073362112045,0.09380191564559937,0.0,,0.0,0.006129635497927666,0.0,0.07704778760671616,-5,-0.0032908150622734667,3,-2,-6,464.572265625,-0.05765731632709503,-0.12578488886356354,0.1830475628376007,1,5,0,6,11,18,-0.01642664266426644
g19681.t1,A0A364LAZ3,0.8827,45.7,1,148,3.1939856876203736,76,0,72,30252.01171875,0.26055383682250977,0.18377643823623657,0.4799026846885681,0.27855268120765686,0.20134997367858887,100,9,0,74,1,15,15,0,0.5067567567567568,0.022291017696261406,0.058199573308229446,0.05883926898241043,0.05556756258010864,0.06132663041353226,0.015785029157996178,0.05207342654466629,0.007492304779589176,0.023494170978665352,0.17643558979034424,0.1021171286702156,0.012642563320696354,0.14927653968334198,0.07576707005500793,0.057588573545217514,0.024744097143411636,0.016638271510601044,0.023108558729290962,1,99,2.1709497803441824,50,0,49,20542.15625,0.27470964193344116,0.1423630267381668,0.43323713541030884,0.3507421612739563,0.08249497413635254,73,9,0,26,7,15,7,8,0.46464646464646464,0.02430638298392296,0.016313249245285988,0.0653594508767128,0.011780212633311749,0.1209532767534256,0.021518521010875702,0.01632041297852993,0.05669815093278885,0.25086385011672974,0.09987833350896835,0.14969027042388916,0.017719488590955734,0.02579681947827339,0.0639519989490509,0.009267100133001804,0.015862777829170227,0.006612646859139204,,0.0,0.0229321476072073,,0.0107876630499959,49,1.0230359072761912,26,0,23,9709.85546875,-0.014155805110931396,0.04141341149806976,0.04666554927825928,27,0,0,48,-6,-8,0.04211029211029216
g497.t1,A0A364L354,0.8813,50.3,1,651,3.369440423598083,269,86,296,55085.11328125,0.1725480556488037,0.3158682584762573,0.4591970443725586,0.24977384507656097,0.2094232141971588,538,41,35,114,-5,37,38,-1,0.23195084485407066,0.01866714470088482,0.03279145061969757,0.006582419853657484,0.07309673726558685,0.03465167060494423,0.00673153530806303,0.03306930884718895,0.009824715554714203,0.08548341691493988,0.16791364550590515,0.08186018466949463,0.0735187754034996,0.17635388672351837,0.052386704832315445,0.01812906749546528,0.013237686827778816,0.005459201522171497,0.10766749083995819,1,1127,4.232865948045876,557,134,436,71263.84375,0.2340138554573059,0.2593042552471161,0.4877685010433197,0.27361127734184265,0.21415725350379944,956,89,6,400,-3,54,44,10,0.1650399290150843,0.03241626173257828,0.06485749781131744,0.014735402539372444,0.03647880256175995,0.03144476190209389,0.0482662059366703,0.022218329831957817,0.07298403978347778,0.12041344493627548,0.15319783985614777,0.01891333796083927,0.06152821704745293,0.14117321372032166,0.026481295004487038,0.017731700092554092,0.04269365221261978,0.002575020771473646,0.0,0.027844777330756187,0.013350052759051323,0.0,0.05327114090323448,-476,-0.8634255244477931,-288,-48,-140,-16178.73046875,-0.0614657998085022,0.056564003229141235,-0.02857145667076111,-418,-48,29,-286,-2,-11,0.06691091583898637
g11863.t1,A0A364KRX2,0.8809,45.6,1,496,2.5830976233896292,203,85,208,33827.1171875,0.3025849461555481,0.24902601540088654,0.41083383560180664,0.21288159489631653,0.19795222580432892,431,59,6,400,-10,26,26,0,0.1935483870967742,0.010492176748812199,0.04282873496413231,0.000858450832311064,0.08288602530956268,0.06177366524934769,0.002148152096197009,0.11011254042387009,0.006485773250460625,0.032639503479003906,0.12929268181324005,0.08358890563249588,0.07619676738977432,0.08783968538045883,0.03755522891879082,0.05773934721946716,0.04060506820678711,0.009156809188425541,0.08306139707565308,1,843,3.1117411781708384,372,139,332,43813.859375,0.2609359622001648,0.21841320395469666,0.5034588575363159,0.32943177223205566,0.17402711510658264,772,100,0,219,-13,41,39,2,0.15183867141162516,0.10120571404695511,0.029707079753279686,0.006784919183701277,0.022463977336883545,0.05191029608249664,0.02823660895228386,0.012696207500994205,0.07493216544389725,0.18584954738616943,0.14358222484588623,0.017191965132951736,0.07370985299348831,0.09909495711326599,0.011868887580931187,0.008395202457904816,0.037945620715618134,0.03778368607163429,0.006955370772629976,0.0366385281085968,0.0002167250931961462,0.0,0.057569511234760284,-347,-0.5286435547812092,-169,-54,-124,-9986.7421875,0.0416489839553833,0.03061281144618988,-0.09262502193450928,-341,-41,6,181,3,-2,0.04170971568514903
g19137.t2,A0A364KQQ1,0.8734,45.2,1,569,2.893005667893344,202,110,257,42669.1171875,0.22510617971420288,0.23743018507957458,0.5184895396232605,0.38653436303138733,0.13195517659187317,491,60,15,254,15,48,30,18,0.18980667838312829,0.02524428814649582,0.037538252770900726,0.02152944728732109,0.05992529168725014,0.017615508288145065,0.023042753338813782,0.05518516153097153,0.006485894322395325,0.06881581246852875,0.19825173914432526,0.18828262388706207,0.0835021585226059,0.07677000761032104,0.018974030390381813,0.04015181586146355,0.04249722138047218,0.016407346352934837,0.019558627158403397,1,586,2.870789902387454,207,111,268,47040.5234375,0.26703935861587524,0.2565308213233948,0.4637567400932312,0.33330094814300537,0.13045576214790344,494,55,8,213,4,38,29,9,0.20819112627986347,0.04918186366558075,0.07713298499584198,0.0038533788174390793,0.029686253517866135,0.03339432552456856,0.04631689563393593,0.01101370807737112,0.024226680397987366,0.16978874802589417,0.1635122001171112,0.012673130258917809,0.0483684204518795,0.10622907429933548,0.059059519320726395,0.021113451570272446,0.03281788527965546,0.00022196753707248718,0.0,0.000205772346816957,0.028081288561224937,0.0,0.08334444463253021,-17,0.022215765505889884,-5,-1,-11,-4371.40625,-0.04193317890167236,-0.01910063624382019,0.0547327995300293,-3,5,7,41,11,9,-0.018384447896735184
g8228.t1,A0A364LCB3,0.8713,58.3,1,161,3.630897550666757,25,49,87,36981.6953125,0.2729588449001312,0.3226589858531952,0.3992345929145813,0.3055434823036194,0.0936911478638649,79,11,0,0,13,22,7,15,0.515527950310559,0.009420698508620262,0.07763608545064926,0.0007673220825381577,0.0021811779588460922,0.13231752812862396,0.037072066217660904,0.013994247652590275,0.00600478844717145,0.05197444558143616,0.250274121761322,0.055269330739974976,0.17603686451911926,0.0796969011425972,0.005147579591721296,0.05447894334793091,0.004013367462903261,0.028850950300693512,0.0005987857584841549,1,116,2.3745954629905257,24,49,43,21365.86328125,0.30381566286087036,0.23214592039585114,0.4614797830581665,0.31301239132881165,0.14846742153167725,86,17,0,0,8,17,8,9,0.4396551724137931,0.06932829320430756,0.02801976166665554,,0.0027182535268366337,0.06965097784996033,0.005518662743270397,0.0123716676607728,0.01846705563366413,0.047024309635162354,0.2659880816936493,0.0025586241390556097,0.053735096007585526,0.13000036776065826,0.08548678457736969,0.020232444629073143,0.047598183155059814,0.004624097142368555,0.009640666656196117,0.038961634039878845,0.011918624863028526,0.0,0.09042123705148697,45,1.2563020876762314,1,0,44,15615.83203125,-0.030856817960739136,0.09051306545734406,-0.062245190143585205,-7,-6,0,0,5,6,0.07587277789676589
g2271.t1,A0A364KUP6,0.8709,67.1,1,70,1.3746790054506806,0,31,39,14606.509765625,0.1947566419839859,0.1939614862203598,0.606047511100769,0.49379944801330566,0.11224808543920517,38,6,0,0,4,13,6,7,0.38571428571428573,0.008394117467105389,0.0002158616844099015,,0.022124342620372772,0.018113620579242706,0.025317635387182236,0.015973765403032303,0.03852212429046631,0.04502078890800476,0.12434215843677521,0.3694572448730469,0.11020271480083466,0.09627431631088257,0.005234335083514452,0.11842741817235947,0.0,0.002379514742642641,0.0,1,68,1.337426714389904,0,31,37,14220.4609375,0.2051028460264206,0.13552957773208618,0.6593676209449768,0.4849228858947754,0.17444472014904022,43,7,0,0,5,12,10,2,0.39705882352941174,0.01996672712266445,0.05351538583636284,,0.004960644990205765,0.030403882265090942,0.0004537892818916589,0.0,0.10523061454296112,0.3993901014328003,0.0855327919125557,,0.034632354974746704,0.0692141205072403,0.13412103056907654,0.015196766704320908,0.0,,,0.0,,0.0032171187922358513,0.04416472837328911,2,0.037252291060776654,0,0,2,386.048828125,-0.010346204042434692,0.05843190848827362,-0.053320109844207764,-5,-1,0,0,-1,5,-0.01134453781512601
g17346.t1,A0A364KNX8,0.8687,33.2,1,294,2.3424626950180745,223,2,69,26873.8125,0.4092886447906494,0.24013303220272064,0.31356433033943176,0.23307040333747864,0.08049394190311432,278,10,10,668,7,18,9,9,0.24489795918367346,0.02055189199745655,0.024243729189038277,0.040008775889873505,0.09548478573560715,0.03596372902393341,0.02569344826042652,0.04239286109805107,0.0006003141752444208,0.010619898326694965,0.14696663618087769,0.08610375225543976,0.10031802207231522,0.038101084530353546,0.03701398894190788,0.04883955046534538,0.058350544422864914,0.05366808548569679,0.061180755496025085,1,337,2.481933198476271,234,0,103,34812.58203125,0.325100839138031,0.1464538276195526,0.5284453630447388,0.36944347620010376,0.15900187194347382,301,12,10,625,11,27,12,15,0.228486646884273,0.03800169751048088,0.031064661219716072,0.0008320370106957853,0.05755634978413582,0.014829332940280437,0.01858074963092804,0.02720336616039276,0.10365497320890427,0.17256568372249603,0.19687782227993011,0.0,0.03437202796339989,0.05534690245985985,0.04400435462594032,0.0250178724527359,0.02471870929002762,0.07073661684989929,0.003161526285111904,0.024746451526880264,0.10236403346061707,0.0,0.0282630305737257,-43,-0.13947050345819667,-11,2,-34,-7938.76953125,0.08418780565261841,0.09367920458316803,-0.214881032705307,-23,-2,0,43,-4,-6,0.01641131229940046
g19137.t1,A0A364KQQ1,0.8681,43.2,1,547,3.0639668593656313,189,100,258,49588.3984375,0.24886317551136017,0.23377810418605804,0.501091480255127,0.37438535690307617,0.1267060935497284,445,50,14,258,14,44,34,10,0.21937842778793418,0.026195121929049492,0.03320854529738426,0.010421904735267162,0.06274323910474777,0.020886365324258804,0.019323281943798065,0.052842237055301666,0.007385197561234236,0.06898657232522964,0.2001575082540512,0.17422786355018616,0.09430750459432602,0.07386385649442673,0.01626734808087349,0.04323422163724899,0.06601881235837936,0.01007789932191372,0.01650989055633545,1,586,2.870789902387454,207,111,268,47040.5234375,0.26703935861587524,0.2565308213233948,0.4637567400932312,0.33330094814300537,0.13045576214790344,494,55,8,213,4,38,29,9,0.20819112627986347,0.04918186366558075,0.07713298499584198,0.0038533788174390793,0.029686253517866135,0.03339432552456856,0.04631689563393593,0.01101370807737112,0.024226680397987366,0.16978874802589417,0.1635122001171112,0.012673130258917809,0.0483684204518795,0.10622907429933548,0.059059519320726395,0.021113451570272446,0.03281788527965546,0.00038421250064857304,0.0029584679286926985,0.000205772346816957,0.028081288561224937,0.0,0.08334444463253021,-39,0.19317695697817738,-18,-11,-10,2547.875,-0.018176183104515076,-0.02275271713733673,0.03733474016189575,-49,-5,6,45,10,1,0.011187301508070707
g9728.t1,A0A364LAK5,0.8672,68.7,1,95,1.8080708015595255,9,22,64,16641.54296875,0.38505157828330994,0.3428803086280823,0.2622095048427582,0.18945060670375824,0.07275888323783875,48,1,21,51,8,10,4,6,0.42105263157894735,0.0011633102549239993,0.055797282606363297,0.04297877103090286,0.13782572746276855,0.03308803588151932,0.02811332978308201,0.003220900660380721,0.045340146869421005,0.060312893241643906,0.17138181626796722,0.01806880533695221,0.0917636901140213,0.06953798234462738,0.009858640842139721,0.09766332060098648,0.014347492717206478,0.07285033166408539,0.042325422167778015,1,82,1.7851019021332089,6,22,54,15365.771484375,0.4719240665435791,0.268851101398468,0.25672903656959534,0.2008775770664215,0.05585145577788353,47,3,15,47,7,6,2,4,0.4634146341463415,0.04542196914553642,0.04692123085260391,,0.16028793156147003,0.038937099277973175,0.05753525719046593,0.06644918769598007,0.004924689885228872,0.12383246421813965,0.07704511284828186,0.002495833206921816,0.07817991822957993,0.05092676728963852,0.07258683443069458,0.024959217756986618,0.03128844127058983,,0.004362109582871199,0.07219574600458145,,0.008031344972550869,0.03798095881938934,13,0.022968899426316636,3,0,10,1275.771484375,-0.08687248826026917,0.07402920722961426,0.005480468273162842,1,-2,6,4,1,2,-0.04236200256739414
g11348.t1,A0A364KUU9,0.8657,52.6,1,1371,4.040746963869525,618,215,538,69696.5625,0.16187533736228943,0.30623045563697815,0.5183209180831909,0.29596632719039917,0.22235460579395294,1261,161,33,793,8,63,57,6,0.1436907366885485,0.017096899449825287,0.06092727929353714,0.0052310992032289505,0.018090473487973213,0.06974592059850693,0.00461569894105196,0.03781687095761299,0.01724994368851185,0.10401840507984161,0.2002955675125122,0.09567075967788696,0.08076915144920349,0.18453772366046906,0.013573331758379936,0.03747911378741264,0.0003208930429536849,0.00828666053712368,0.038034599274396896,1,628,2.861152436042726,211,136,281,39024.046875,0.2070772498846054,0.18925997614860535,0.5893192887306213,0.3689502775669098,0.22036902606487274,572,80,1,228,-6,40,35,5,0.1751592356687898,0.08233816921710968,0.03263961896300316,0.006095512770116329,0.02609676867723465,0.06468590348958969,0.005539624951779842,0.04709810018539429,0.06790735572576523,0.05474522337317467,0.3142050504684448,0.014343381859362125,0.039795033633708954,0.15246166288852692,0.0,0.015205759555101395,0.024955544620752335,0.006239687092602253,0.0,0.00785469263792038,0.0053563425317406654,0.0010503475787118077,0.037625834345817566,743,1.179594527826799,407,79,257,30672.515625,-0.04520191252231598,0.1169704794883728,-0.07099837064743042,689,81,32,565,14,1,-0.03146849898024129
g6532.t2,A0A364LBU5,0.8631,42.0,1,229,2.5179034593369156,77,30,122,26914.435546875,0.1520087718963623,0.3456436097621918,0.4992307722568512,0.3612622618675232,0.1379685252904892,163,18,3,185,8,26,18,8,0.314410480349345,0.0600251629948616,0.007073015905916691,0.05691145732998848,0.010189937427639961,0.028212424367666245,0.02517514117062092,0.08582104742527008,0.029099861159920692,0.0718287006020546,0.19774486124515533,0.16351740062236786,0.09117484092712402,0.05214748531579971,0.0031169219873845577,0.0,0.018222006037831306,0.010184095241129398,0.08955573290586472,1,183,2.2007846250818752,64,32,87,21611.279296875,0.2475072294473648,0.1946563571691513,0.5470982193946838,0.384484201669693,0.16261395812034607,151,12,1,141,4,22,15,7,0.3224043715846995,0.04110352322459221,0.0027822235133498907,0.0,0.055436715483665466,0.03212221339344978,0.02418646775186062,0.04146166518330574,0.06740367412567139,0.11437350511550903,0.27011072635650635,0.010738184675574303,0.054862018674612045,0.09521029144525528,0.061812497675418854,0.012839728966355324,0.03626493737101555,0.0,0.0,0.00895795039832592,0.011048139072954655,0.0,0.05928551405668259,46,0.3171188342550404,13,-2,35,5303.15625,-0.0954984575510025,0.15098725259304047,-0.04786744713783264,12,6,2,44,4,1,-0.007993891235354489
g17133.t1,A0A364LB81,0.8623,70.8,1,132,2.719183544500486,67,0,65,26825.0,0.2623627781867981,0.2362091839313507,0.4868113696575165,0.39765915274620056,0.08915220946073532,84,1,0,0,9,19,8,11,0.4318181818181818,0.047841042280197144,0.02429058589041233,0.03415015712380409,0.020890556275844574,0.005893784575164318,0.009141379036009312,0.028026403859257698,0.027099085971713066,0.040130939334630966,0.2581024765968323,0.13955670595169067,0.10806509852409363,0.061125803738832474,0.014616681262850761,0.1399884819984436,0.013351226225495338,0.025256333872675896,0.002473324304446578,1,133,2.9398569111574524,60,0,73,29486.6015625,0.19532786309719086,0.34631386399269104,0.431283563375473,0.3623936176300049,0.06889000535011292,85,0,0,0,13,18,6,12,0.45112781954887216,0.024458620697259903,0.0691693127155304,0.028533726930618286,0.078176349401474,0.023851970210671425,0.0003282724355813116,0.03355724737048149,0.0031159219797700644,0.11444291472434998,0.24795065820217133,0.027074772864580154,0.12387599796056747,0.06577408313751221,0.063807412981987,0.004705238156020641,0.05364682152867317,,,0.0,,,0.037530768662691116,-1,-0.22067336665696624,7,0,-8,-2661.6015625,0.06703491508960724,-0.11010468006134033,0.05552780628204346,-1,1,0,0,-4,-1,-0.019309637730690332
g16495.t1,A0A364L2Z9,0.8594,45.6,1,293,2.376564677465417,131,44,118,32126.3515625,0.23843830823898315,0.29863980412483215,0.42511677742004395,0.34116047620773315,0.08395633101463318,269,31,4,17,3,24,15,9,0.25597269624573377,0.010935749858617783,0.03214188665151596,0.048291705548763275,0.0702160969376564,0.014864086173474789,0.03632240742444992,0.0343913659453392,0.01718028448522091,0.044070515781641006,0.15753690898418427,0.1836235672235489,0.10564696788787842,0.049564965069293976,0.03780509904026985,0.050992004573345184,0.015959691256284714,0.03914826363325119,0.045698054134845734,1,296,2.7653752443952824,132,45,119,34074.24609375,0.2804412543773651,0.2568468153476715,0.4578114449977875,0.36154893040657043,0.09626247733831406,262,26,3,133,2,26,15,11,0.27702702702702703,0.03501911833882332,0.0435597226023674,0.06488768756389618,0.10093638300895691,0.020773870870471,0.0005681498441845179,0.014859814196825027,0.014469660818576813,0.16882073879241943,0.1927282065153122,0.004900555592030287,0.007728771306574345,0.08179282397031784,0.06587716937065125,0.0023543378338217735,0.032228734344244,0.0,0.005610366351902485,0.05491221696138382,0.0,0.0,0.09358207881450653,-3,-0.38881056692986515,-1,-1,-1,-1947.89453125,-0.04200294613838196,0.041792988777160645,-0.03269466757774353,7,5,1,-116,1,-2,-0.021054330781293262
g7782.t1,A0A364LCW1,0.8518,23.8,1,142,2.2874228933075225,24,32,86,25373.328125,0.2839159667491913,0.22556370496749878,0.4905204772949219,0.2854354977607727,0.2050849348306656,90,7,3,57,1,16,16,0,0.45774647887323944,0.03721655160188675,0.058277107775211334,0.0032337575685232878,0.056307073682546616,0.01999896764755249,0.013135070912539959,0.09397570788860321,0.027098998427391052,0.05201223865151405,0.2134031504392624,0.07203236222267151,0.02251088246703148,0.11110921204090118,0.0,0.07208234816789627,0.016785504296422005,0.052113596349954605,0.06243070587515831,1,156,3.509558845488393,82,32,42,27603.3359375,0.27367082238197327,0.13192036747932434,0.5670064091682434,0.37517493963241577,0.19183143973350525,137,10,0,4,0,24,18,6,0.42948717948717946,0.09772863239049911,0.0651213675737381,0.014060311950743198,0.06615958362817764,0.00467558903619647,0.019966822117567062,0.0009351177723146975,0.07551059126853943,0.11822465807199478,0.2569502890110016,0.027402397245168686,0.019240600988268852,0.11632084101438522,0.0671391710639,0.018001016229391098,0.02553003840148449,0.016276851296424866,0.0,0.0,0.0,0.0026044370606541634,0.004428484942764044,-14,-1.2221359521808703,-58,0,44,-2230.0078125,0.010245144367218018,0.09364333748817444,-0.07648593187332153,-47,-3,3,53,1,-6,0.028259299386059977
g989.t1,A0A364L360,0.8407,57.6,1,140,2.8686087486956064,71,6,63,26767.908203125,0.296612948179245,0.26669663190841675,0.42966118454933167,0.3389461636543274,0.09071499109268188,103,6,0,16,8,19,13,6,0.4785714285714286,0.019715240225195885,0.05948610231280327,0.01216532289981842,0.01735745184123516,0.0915667861700058,0.039656952023506165,0.007834582589566708,0.007982601411640644,0.010442446917295456,0.2189328372478485,0.12001335620880127,0.15773144364356995,0.0828804075717926,0.007029212545603514,0.10606973618268967,0.004942052066326141,0.010125179775059223,0.01888875663280487,1,139,2.859727128265207,69,6,64,26389.5390625,0.22390593588352203,0.1935451775789261,0.5825488567352295,0.42724815011024475,0.15530069172382355,102,10,0,49,10,22,14,8,0.39568345323741005,0.02924034558236599,0.010025820694863796,0.009091525338590145,0.0396556481719017,0.019595643505454063,0.001711725490167737,0.008338799700140953,0.04357384145259857,0.2881774604320526,0.13907070457935333,0.0,0.11537104099988937,0.11172684282064438,0.0685347393155098,0.028610270470380783,0.0029883526731282473,0.007179549429565668,0.0,0.03655756637454033,,0.0,0.04772963747382164,1,0.00888162043039964,2,0,-1,378.369140625,0.07270701229572296,0.07315145432949066,-0.15288767218589783,1,-4,0,-33,-2,-2,0.08288797533401854
g3111.t1,A0A364KW18,0.8397,28.8,1,163,1.6772262322248805,59,55,49,17623.921875,0.2125270664691925,0.22585706412792206,0.5616159439086914,0.31399524211883545,0.24762064218521118,153,31,0,321,-8,17,18,-1,0.294478527607362,0.0043896897695958614,0.05070775747299194,0.003603118471801281,0.0,0.13546797633171082,0.04111922159790993,0.16675196588039398,0.0,0.08394932746887207,0.31399524211883545,0.0,0.01327626220881939,0.0808686763048172,0.0,0.024215131998062134,0.0,0.007335054688155651,0.07432059943675995,1,178,1.7397194702434808,49,49,80,19646.388671875,0.1237233504652977,0.11357744038105011,0.7626991868019104,0.2295365035533905,0.5331626534461975,146,19,0,65,-12,13,21,-8,0.28651685393258425,0.019972531124949455,0.009431793354451656,0.0,0.0034488511737436056,0.015109251253306866,0.02439773455262184,0.03341597691178322,0.13092558085918427,0.027066117152571678,0.20247040688991547,0.0,0.007078186608850956,0.40223708748817444,0.03435753658413887,0.003773568896576762,0.023987751454114914,0.0,,0.02266387827694416,0.0,0.0,0.039663732051849365,-15,-0.062493238018600294,10,6,-31,-2022.466796875,0.0888037160038948,0.11227962374687195,-0.201083242893219,7,12,0,256,4,7,0.007961673674777736
g6110.t1,A0A364KTV1,0.8359,21.4,1,156,2.0199289067783317,59,12,85,20548.259765625,0.20809006690979004,0.09770672023296356,0.647406816482544,0.5534389019012451,0.09396795183420181,114,24,0,78,20,25,8,17,0.28205128205128205,0.010520529933273792,0.018989024683833122,0.00692641269415617,0.025212660431861877,0.010363508015871048,0.015074193477630615,0.043024882674217224,0.009182010777294636,0.001081260503269732,0.3188423812389374,0.23459652066230774,0.011075207963585854,0.05094306915998459,0.046796299517154694,0.04897748678922653,0.0021482014562934637,0.032253630459308624,0.05045280233025551,1,104,1.902199911226923,60,0,44,16945.16796875,0.06397809088230133,0.29730936884880066,0.5639920830726624,0.4732458293437958,0.09074627608060837,83,2,0,15,10,16,5,11,0.3942307692307692,0.009710961021482944,0.058290619403123856,0.020745519548654556,0.04150959476828575,0.0030465759336948395,0.0005712329875677824,0.01953359693288803,0.0359809510409832,0.257168173789978,0.21607765555381775,0.07472049444913864,0.09301749616861343,0.054765328764915466,0.0,0.006664385087788105,0.09595967829227448,0.06353987008333206,0.0,0.0024753427132964134,,,0.009762457571923733,52,0.1177289955514087,-1,12,41,3603.091796875,0.1441119760274887,-0.1996026486158371,0.08341473340988159,31,22,0,63,10,6,-0.11217948717948717
g17996.t1,A0A364KPZ5,0.8347,35.4,1,298,3.657187665186396,59,39,200,46581.91015625,0.13608688116073608,0.38027307391166687,0.4613321125507355,0.38588470220565796,0.0754474475979805,151,13,0,77,49,47,12,35,0.37583892617449666,0.011949650943279266,0.03393319621682167,0.0313771590590477,0.02916101925075054,0.049509238451719284,0.01322034653276205,0.011653203517198563,0.003386403899639845,0.015988975763320923,0.2849787771701813,0.10090591013431549,0.2860261797904968,0.06379424035549164,0.022307872772216797,0.005374545697122812,0.011221105232834816,0.002975282957777381,0.009561151266098022,1,199,2.70276252961374,52,38,109,29413.431640625,0.12010084092617035,0.177942156791687,0.6469582915306091,0.4591318964958191,0.18782642483711243,113,6,0,99,19,31,18,13,0.36180904522613067,0.015135595574975014,0.06239049881696701,0.01997371017932892,0.010087063536047935,0.006252692546695471,0.020440692082047462,0.01714521460235119,0.059934765100479126,0.10224226862192154,0.35688963532447815,0.054998692125082016,0.042902491986751556,0.1278916746377945,0.012795642949640751,0.0003215863252989948,0.0,0.012675692327320576,,0.04091674089431763,0.0141508299857378,,0.03553024306893349,99,0.9544251355726563,7,1,91,17168.478515625,0.015986040234565735,0.20233091711997986,-0.18562617897987366,38,7,0,-22,30,22,0.014029880948365991
g11515.t1,A0A364KSG2,0.8316,26.5,1,319,2.255651972743377,143,88,88,27181.0625,0.22671018540859222,0.31521013379096985,0.3678238093852997,0.28667765855789185,0.08114617317914963,280,24,3,353,1,21,14,7,0.2445141065830721,0.017457108944654465,0.049871500581502914,0.02326211705803871,0.04676192253828049,0.03815789893269539,0.0,0.03629463538527489,0.02977469190955162,0.10581986606121063,0.21713000535964966,0.0695476308465004,0.04984698444604874,0.04485153406858444,0.09025590866804123,0.06079363450407982,0.046397678554058075,0.017141958698630333,0.05663497373461723,1,273,2.5326059633539573,110,84,79,28179.41015625,0.19458487629890442,0.29646554589271545,0.5087205171585083,0.2741575837135315,0.2345629334449768,237,18,0,198,-8,19,19,0,0.26373626373626374,0.023594573140144348,0.012896748259663582,0.0005672798142768443,0.041540052741765976,0.03960138186812401,0.0,0.02687634341418743,0.10995138436555862,0.18850840628147125,0.08564915508031845,0.00022900027397554368,0.04770791158080101,0.12461155652999878,0.03707948327064514,0.036413293331861496,0.05644775182008743,0.0,0.0,0.0065265074372291565,0.00982959195971489,,0.1519695222377777,46,-0.27695399061058046,33,4,9,-998.34765625,0.032125309109687805,0.018744587898254395,-0.14089670777320862,43,6,3,155,9,7,-0.019222157153191644
g14424.t1,A0A364L1Q2,0.8276,59.1,1,128,2.1174080204807844,38,46,44,22751.9140625,0.2065204381942749,0.17737969756126404,0.5962307453155518,0.47851720452308655,0.1177135780453682,100,24,0,9,9,22,9,13,0.3515625,0.027695370838046074,0.008367042057216167,,0.035028126090765,0.019712185487151146,0.0015599570469930768,0.022598421201109886,0.017868155613541603,0.025164904072880745,0.2949829399585724,0.18353426456451416,0.1194334402680397,0.09511515498161316,0.019869090989232063,0.07819835841655731,0.02704126201570034,0.017285175621509552,0.0065461499616503716,1,639,3.036920131340841,138,207,294,42102.96875,0.24322541058063507,0.28700754046440125,0.4462065100669861,0.27973660826683044,0.16646990180015564,522,52,25,820,-26,30,29,1,0.17683881064162754,0.028678108006715775,0.053779639303684235,0.005708921235054731,0.0377686507999897,0.04899177700281143,0.018484435975551605,0.03103901818394661,0.050655387341976166,0.1138496845960617,0.16588692367076874,0.023560604080557823,0.021965807303786278,0.11581451445817947,0.04214511811733246,0.01790105737745762,0.08238638937473297,0.0,0.0,0.013306474313139915,0.035949788987636566,0.0,0.09212775528430939,-511,-0.9195121108600568,-100,-161,-250,-19351.0546875,-0.03670497238636017,-0.10962784290313721,0.15002423524856567,-422,-28,-25,-811,35,12,0.17472368935837246
g15399.t1,A0A364L7D3,0.8262,38.9,1,421,7.368758355471609,316,0,105,52203.1796875,0.15330800414085388,0.1562027931213379,0.6853114366531372,0.4384562075138092,0.24685528874397278,388,43,1,359,-13,54,59,-5,0.332541567695962,0.02524241991341114,0.018147438764572144,0.027985958382487297,0.04572765901684761,0.005686286371201277,0.010622428730130196,0.06567414104938507,0.009250023402273655,0.012855565175414085,0.33449965715408325,0.10395656526088715,0.06906154006719589,0.1811811625957489,0.005177722312510014,0.024865416809916496,0.0103218462318182,0.02138538286089897,0.01890225149691105,1,641,7.521481397633294,448,9,184,60360.84375,0.1612597107887268,0.19747890532016754,0.5857410430908203,0.26426899433135986,0.32147204875946045,632,63,5,447,-38,44,72,-28,0.25585023400936036,0.01203679759055376,0.029327958822250366,0.007734694518148899,0.06696952879428864,0.022659745067358017,0.020033173263072968,0.017406703904271126,0.12604869902133942,0.1798032969236374,0.08446568250656128,0.05552036687731743,0.04104095324873924,0.19542336463928223,0.033094942569732666,0.0032072574831545353,0.06430204212665558,0.009456542320549488,0.0,0.0009597399039193988,0.0022985346149653196,0.0029375487938523293,0.034728992730379105,-220,-0.15272304216168475,-132,-9,-79,-8157.6640625,-0.007951706647872925,-0.04127611219882965,0.0995703935623169,-244,-20,-4,-88,25,23,0.07669133368660164
g10223.t1,A0A364L263,0.8227,48.8,1,207,2.179815486482689,66,47,94,25107.529296875,0.22781571745872498,0.36617252230644226,0.3949277997016907,0.23462040722370148,0.160307377576828,167,18,2,177,-2,15,13,2,0.2898550724637681,0.005502453539520502,0.026043402031064034,0.006098122335970402,0.025824468582868576,0.057974785566329956,0.03251280263066292,0.07317838072776794,0.016992097720503807,0.04696160554885864,0.1388811320066452,0.09573928266763687,0.12592244148254395,0.08712899684906006,0.011084009893238544,0.07170391082763672,0.007952915504574776,0.023388655856251717,0.048347387462854385,1,192,2.1860496562631315,69,30,93,24983.763671875,0.22971001267433167,0.2984265089035034,0.4690738618373871,0.2756761610507965,0.19339768588542938,162,23,4,161,-7,17,16,1,0.3020833333333333,0.031079955399036407,0.0061989943496882915,0.0187724307179451,0.03254472091794014,0.0038743712939321995,0.004778392147272825,0.0012914573308080435,0.08267074823379517,0.17440232634544373,0.10127382725477219,0.0027896310202777386,0.05427443981170654,0.11072693765163422,0.07865366339683533,0.03732311353087425,0.08712826669216156,0.002955709584057331,0.09580747783184052,0.0364190973341465,0.0050366828218102455,0.09537914395332336,0.03538177162408829,15,-0.0062341697804426666,-3,17,1,123.765625,-0.0018942952156066895,0.06774601340293884,-0.07414606213569641,5,-5,-2,16,5,1,-0.012228260869565188
g11288.t1,A0A364LCV0,0.8221,24.4,1,148,1.6435495604508368,46,43,59,18673.5625,0.25120216608047485,0.37346258759498596,0.369633287191391,0.1989503800868988,0.1706829071044922,131,25,0,103,0,13,14,-1,0.30405405405405406,0.015793969854712486,0.013661438599228859,0.04173007234930992,0.08731590956449509,0.03818589076399803,0.009196554310619831,0.06958544254302979,0.013198227621614933,0.06027233228087425,0.1522035002708435,0.046746861189603806,0.08586383610963821,0.10109744966030121,0.005701966118067503,0.09604458510875702,0.0046652453020215034,0.0,0.1587366759777069,1,782,4.681136708919114,100,102,580,95331.125,0.25313735008239746,0.24124880135059357,0.45196333527565,0.20996186137199402,0.24200144410133362,363,25,0,315,-47,43,67,-24,0.3273657289002558,0.049631115049123764,0.06086903437972069,0.008602550253272057,0.03303779661655426,0.09667342156171799,0.03267592936754227,0.018584519624710083,0.045856934040784836,0.13888628780841827,0.07107556611299515,0.053650591522455215,0.08484279364347458,0.19614452123641968,0.00010153702896786854,0.020318875089287758,0.02047172747552395,0.0,,0.020698679611086845,0.0,0.0,0.04787817597389221,-634,-3.037587148468277,-54,-59,-521,-76657.5625,-0.0019351840019226074,0.1322137862443924,-0.08233004808425903,-232,0,0,-212,47,23,-0.023311674846201724
g9054.t1,A0A364KVP4,0.8205,31.1,1,291,2.047393218132021,98,70,123,25129.87109375,0.43365606665611267,0.3638971149921417,0.1758783757686615,0.1374237984418869,0.0384545736014843,253,23,12,237,0,11,4,7,0.23024054982817868,0.008853389881551266,0.03263823688030243,0.013299571350216866,0.08268629014492035,0.06051162630319595,0.07511099427938461,0.03226274996995926,0.008421370759606361,0.09267071634531021,0.06372653692960739,0.07369726151227951,0.1094745397567749,0.006191822700202465,0.026568494737148285,0.07389990985393524,0.07780728489160538,0.054529763758182526,0.0964696928858757,1,223,1.6665014834358198,74,51,98,18219.359375,0.20412537455558777,0.467237651348114,0.3181358873844147,0.017720112577080727,0.3004157543182373,198,14,1,272,-28,2,22,-20,0.2600896860986547,0.019085261970758438,0.08012756705284119,0.07575324177742004,0.07029436528682709,0.025678684934973717,0.011507097631692886,0.010001517832279205,0.22153359651565552,0.0013898127945140004,0.016330299898982048,0.010501055046916008,0.021614335477352142,0.07888219505548477,0.03930758312344551,0.029220573604106903,0.05351832136511803,0.0002567897317931056,0.010922995395958424,0.007437963970005512,0.0015938493888825178,0.0,0.22622264921665192,68,0.3808917346962011,24,19,25,6910.51171875,0.2295306921005249,-0.10334053635597229,-0.14225751161575317,55,9,11,-35,28,27,-0.029849136270476
g17056.t1,A0A364KV40,0.8173,18.9,1,303,1.9716711723186628,137,56,110,22106.390625,0.1592468023300171,0.2542554438114166,0.5650888085365295,0.40231066942214966,0.1627781242132187,286,29,0,224,8,28,16,12,0.20462046204620463,0.04416033625602722,0.09541546553373337,0.00014262780314311385,0.0002919107209891081,0.04145132005214691,0.004372005350887775,0.028400029987096786,0.014874137006700039,0.04054427146911621,0.4002934396266937,0.00201729079708457,0.08480876684188843,0.1343781054019928,0.02140888385474682,0.06692787259817123,0.0011676428839564323,0.0008757321047596633,0.01847018674015999,1,299,1.9507824830080058,123,53,123,21835.70703125,0.2022559642791748,0.17198511958122253,0.5955032706260681,0.25970643758773804,0.3357968032360077,290,25,3,63,-8,18,22,-4,0.18394648829431437,0.08266888558864594,0.0887705609202385,0.0043857768177986145,0.001313038170337677,0.025858817622065544,0.023416174575686455,0.021446745842695236,0.1332172155380249,0.11282768845558167,0.14687876403331757,0.030255703255534172,0.02936330810189247,0.20257960259914398,0.06654433161020279,0.0010107711423188448,0.01998370699584484,0.0,,0.0,0.001443958724848926,0.0007377507863566279,0.0072972760535776615,4,0.020888689310657016,14,3,-13,270.68359375,-0.043009161949157715,0.08227032423019409,-0.030414462089538574,-4,4,-3,161,16,16,0.020673973751890257
g18089.t1,A0A364KN20,0.8129,30.4,1,174,1.647493245579111,6,75,93,17972.796875,0.32502490282058716,0.16811911761760712,0.4487570822238922,0.3633829951286316,0.08537406474351883,119,18,0,80,3,17,7,10,0.23563218390804597,0.05031820759177208,0.014491756446659565,0.016405127942562103,0.016336673870682716,0.06714136898517609,0.051730964332818985,0.06028743460774422,0.05146504566073418,0.012325191870331764,0.3503371775150299,0.013045787811279297,0.0033460878767073154,0.02508663386106491,0.058098871260881424,0.08232708275318146,0.004606227856129408,0.052388228476047516,0.07008592784404755,1,1767,5.39750782421781,459,224,1084,144031.625,0.25972989201545715,0.21044979989528656,0.5110170245170593,0.33516114950180054,0.1758558601140976,1212,177,8,626,24,123,81,42,0.2178834182229768,0.02238488756120205,0.05507650598883629,0.00042103484156541526,0.06312268227338791,0.07426571100950241,0.02141532674431801,0.008882394060492516,0.06461150199174881,0.17359048128128052,0.16157065331935883,0.018803313374519348,0.06227907910943031,0.11124435067176819,0.02042796090245247,0.03042800910770893,0.02159191109240055,0.00017610989743843675,0.0,0.027349282056093216,0.0003360247646924108,0.002109977649524808,0.06008889526128769,-1593,-3.750014578638699,-453,-149,-991,-126058.828125,0.06529501080513,-0.04233068227767944,-0.062259942293167114,-1093,-159,-8,-546,-21,-32,0.017748765685069168
g16504.t1,A0A364LB81,0.8125,55.9,1,137,3.0471079050608516,57,0,80,29588.169921875,0.2448669970035553,0.2675378620624542,0.477003812789917,0.37585127353668213,0.10115255415439606,85,3,0,0,13,21,8,13,0.45985401459854014,0.059351544827222824,0.0562918484210968,0.056048549711704254,0.014168849214911461,0.0730426162481308,0.017769936472177505,0.02697022631764412,0.03768236190080643,0.02146695740520954,0.2321590781211853,0.14369218051433563,0.094229556620121,0.07418233156204224,0.010591362603008747,0.07126492261886597,0.000981436693109572,0.008287686854600906,0.0018185707740485668,1,133,2.9398569111574524,60,0,73,29486.6015625,0.19532786309719086,0.34631386399269104,0.431283563375473,0.3623936176300049,0.06889000535011292,85,0,0,0,13,18,6,12,0.45112781954887216,0.024458620697259903,0.0691693127155304,0.028533726930618286,0.078176349401474,0.023851970210671425,0.0003282724355813116,0.03355724737048149,0.0031159219797700644,0.11444291472434998,0.24795065820217133,0.027074772864580154,0.12387599796056747,0.06577408313751221,0.063807412981987,0.004705238156020641,0.05364682152867317,,,0.0,,,0.037530768662691116,4,0.1072509939033992,-3,0,7,101.568359375,0.04953913390636444,-0.07877600193023682,0.04572024941444397,0,3,0,0,0,1,0.008726195049667984
g12849.t1,A0A364KTY1,0.8121,37.0,1,455,2.5761646849027033,143,104,208,31546.583984375,0.2263197898864746,0.33460667729377747,0.4192190170288086,0.2125973105430603,0.2066216915845871,385,42,15,561,-9,26,22,4,0.1912087912087912,0.03220117464661598,0.027938110753893852,0.019848117604851723,0.056947335600852966,0.022089887410402298,0.01734541915357113,0.10065393149852753,0.014321040362119675,0.11934319138526917,0.08911792933940887,0.12347941100597382,0.09759727865457535,0.10596776008605957,0.01985454000532627,0.06801250576972961,0.02035347744822502,0.009370007552206516,0.03489575907588005,1,471,2.61077781116869,144,97,230,36098.953125,0.27251338958740234,0.2711954414844513,0.42516663670539856,0.15386894345283508,0.2712976932525635,394,49,16,353,-23,19,27,-8,0.2059447983014862,0.036994580179452896,0.04794791713356972,0.05123238265514374,0.047946441918611526,0.058917563408613205,0.03074692375957966,0.01942124217748642,0.1851365715265274,0.09152942150831223,0.062339525669813156,0.031124480068683624,0.047282177954912186,0.08616109937429428,0.06445508450269699,0.009283355437219143,0.03736472502350807,0.0,0.020663153380155563,0.020110635086894035,0.0040588160045444965,0.012080819346010685,0.05586618930101395,-16,-0.03461312626598678,-1,7,-22,-4552.369140625,-0.046193599700927734,0.06341123580932617,-0.005947619676589966,-9,-7,-1,208,14,12,-0.014736007092695014
g7743.t1,A0A364KU30,0.8114,37.9,1,503,3.887454739699156,171,99,233,58581.94140625,0.16091705858707428,0.3280367851257324,0.5110461115837097,0.2706053555011749,0.24044078588485718,406,61,2,171,-5,55,51,4,0.32803180914512925,0.026732327416539192,0.1417854130268097,0.0028175690677016973,0.007604287937283516,0.06591610610485077,0.0016961010405793786,0.07604479789733887,0.013824592344462872,0.015885312110185623,0.2395082712173462,0.031097067520022392,0.09442248195409775,0.1643960028886795,0.0,0.02933969534933567,0.0034148043487221003,0.008812397718429565,0.059301432222127914,1,134,2.2127163065569735,13,43,78,20707.9765625,0.36989498138427734,0.22565150260925293,0.3623601198196411,0.1838790625333786,0.1784810572862625,93,17,1,51,-4,12,10,2,0.3582089552238806,0.018792835995554924,0.05740426480770111,0.004291683901101351,0.169382706284523,0.027578681707382202,0.00810221116989851,0.0746268630027771,0.0696074590086937,0.10043429583311081,0.08344476670026779,0.04209337756037712,0.01268408540636301,0.10887361317873001,0.08234351873397827,0.001370335347019136,0.06153184175491333,0.01740134507417679,0.0,0.06232469901442528,0.0,0.0,0.01511276327073574,369,1.6747384331421826,158,56,155,37873.96484375,-0.20897792279720306,0.10238528251647949,0.1486859917640686,313,44,1,120,-1,2,-0.030177146078751327
g14424.t1,A0A364L5G7,0.8093,33.3,1,128,2.1174080204807844,38,46,44,22751.9140625,0.2065204381942749,0.17737969756126404,0.5962307453155518,0.47851720452308655,0.1177135780453682,100,24,0,9,9,22,9,13,0.3515625,0.027695370838046074,0.008367042057216167,,0.035028126090765,0.019712185487151146,0.0015599570469930768,0.022598421201109886,0.017868155613541603,0.025164904072880745,0.2949829399585724,0.18353426456451416,0.1194334402680397,0.09511515498161316,0.019869090989232063,0.07819835841655731,0.02704126201570034,0.017285175621509552,0.0065461499616503716,1,96,1.707044523101133,8,52,36,17248.568359375,0.25539422035217285,0.1700773537158966,0.5363894104957581,0.15226900577545166,0.3841204345226288,78,11,0,0,-13,8,18,-10,0.40625,0.04779764264822006,0.003332992549985647,0.0012795787770301104,0.014029625803232193,0.01627436652779579,0.033164188265800476,0.002992986934259534,0.07061507552862167,0.11429990828037262,0.037969090044498444,0.038139134645462036,0.017115123569965363,0.3135053217411041,0.11214083433151245,0.01851910538971424,0.04400377720594406,0.0,0.0,0.013468439690768719,,0.0,0.10135289281606674,32,0.4103634973796513,30,-6,8,5503.345703125,-0.04887378215789795,0.007302343845367432,0.0598413348197937,22,13,0,9,22,23,-0.0546875
g54.t1,A0A364KZ31,0.8087,28.6,1,558,2.5803796211611187,171,121,266,33739.359375,0.2869706451892853,0.27858683466911316,0.42004841566085815,0.2740670144557953,0.14598140120506287,521,55,12,638,-3,35,20,15,0.17562724014336917,0.01686355285346508,0.07585203647613525,0.0053398036397993565,0.05783090740442276,0.045852985233068466,0.02327522449195385,0.0609174408018589,0.0075963763520121574,0.04316944256424904,0.2005193829536438,0.0735476166009903,0.08148714900016785,0.08506394922733307,0.014394139871001244,0.06254787743091583,0.06164932623505592,0.017723936587572098,0.05521881952881813,1,551,2.717516013300892,164,126,261,34778.93359375,0.4049684405326843,0.3946046531200409,0.1987764835357666,0.06790634244680405,0.13087013363838196,481,22,6,355,-27,7,18,-11,0.1869328493647913,0.07221730053424835,0.08165119588375092,0.016057608649134636,0.12515893578529358,0.05306404456496239,0.052536435425281525,0.018817532807588577,0.0741119459271431,0.03403903916478157,0.03386731073260307,0.001650507329031825,0.047763850539922714,0.056758202612400055,0.04523155465722084,0.016591563820838928,0.11792448163032532,0.0012268422869965434,0.009923207573592663,0.04016859829425812,0.0,0.0,0.11238998919725418,7,-0.13713639213977347,7,-5,5,-1039.57421875,-0.11799779534339905,-0.11601781845092773,0.22127193212509155,40,33,6,283,24,26,-0.011305609221422125
g17056.t1,A0A364LC86,0.8083,21.3,1,303,1.9716711723186628,137,56,110,22106.390625,0.1592468023300171,0.2542554438114166,0.5650888085365295,0.40231066942214966,0.1627781242132187,286,29,0,224,8,28,16,12,0.20462046204620463,0.04416033625602722,0.09541546553373337,0.00014262780314311385,0.0002919107209891081,0.04145132005214691,0.004372005350887775,0.028400029987096786,0.014874137006700039,0.04054427146911621,0.4002934396266937,0.00201729079708457,0.08480876684188843,0.1343781054019928,0.02140888385474682,0.06692787259817123,0.0011676428839564323,0.0008757321047596633,0.01847018674015999,1,310,1.970898050727658,141,57,112,21491.23828125,0.21162530779838562,0.2534940242767334,0.5106425285339355,0.32529416680336,0.18534831702709198,296,43,0,160,-5,24,22,2,0.1935483870967742,0.0699067935347557,0.06085726246237755,0.0,0.0036677573807537556,0.045142143964767456,0.003732790471985936,0.0565362349152565,0.04801534488797188,0.052859239280223846,0.27243489027023315,0.024238262325525284,0.08641432225704193,0.1373329907655716,0.07499530911445618,0.01044770609587431,0.026229212060570717,0.0,,0.003732790471985936,0.0,,0.023457001894712448,-7,0.0007731215910049549,-4,-1,-2,615.15234375,-0.05237850546836853,0.0007614195346832275,0.054446280002593994,-10,-14,0,64,13,10,0.011072074949430438
g7156.t1,A0A364L1L1,0.8068,22.9,1,210,2.6414763408433584,28,54,128,30694.65234375,0.2810809016227722,0.1914982944726944,0.5135028958320618,0.3704933524131775,0.14300954341888428,154,22,1,179,3,22,16,6,0.3380952380952381,0.01708383299410343,0.054036613553762436,0.025723392143845558,0.07342682778835297,0.006751158274710178,0.025753794237971306,0.06457110494375229,0.025718918070197105,0.0202911589294672,0.3124403953552246,0.058052971959114075,0.0125760892406106,0.07843843847513199,0.01391783356666565,0.06529957056045532,0.06309415400028229,0.029671574011445045,0.041446808725595474,1,418,3.26401922796545,151,71,196,46355.28515625,0.2033618688583374,0.23489652574062347,0.5380591154098511,0.3458135724067688,0.19224557280540466,316,46,1,131,13,42,25,17,0.2751196172248804,0.02845858782529831,0.027023430913686752,0.013211546465754509,0.05204051733016968,0.030602268874645233,0.01329449936747551,0.008750932291150093,0.044518567621707916,0.24392858147621155,0.10188495367765427,0.0236824844032526,0.0773465558886528,0.14772701263427734,0.04723258689045906,0.004037073347717524,0.049268774688243866,0.0,0.011705323122441769,0.023241622373461723,0.0044547016732394695,0.010572354309260845,0.048722922801971436,-208,-0.6225428871220915,-123,-17,-68,-15660.6328125,0.07771903276443481,-0.04339823126792908,-0.024556219577789307,-162,-24,0,48,-10,-11,0.06297562087035774
g12528.t1,A0A364KRA2,0.806,38.2,1,121,2.6990049196439503,54,0,67,26250.85546875,0.4204479157924652,0.08002988994121552,0.38564398884773254,0.23151186108589172,0.15413214266300201,72,16,0,78,6,14,10,4,0.48760330578512395,0.013643235899508,0.013889061287045479,0.022013725712895393,0.05137723311781883,0.08451584726572037,0.022738728672266006,0.00913115032017231,0.04076402261853218,0.0033630752004683018,0.03040912374854088,0.20110274851322174,0.0,0.14500097930431366,0.11387819051742554,0.09218961000442505,0.04031514748930931,0.04603877663612366,0.0,1,87,2.5134130088117703,45,0,42,19816.59375,0.4018433690071106,0.21677808463573456,0.38137850165367126,0.21420875191688538,0.16716976463794708,67,9,0,96,3,8,6,2,0.5057471264367817,0.03320794180035591,0.01514230016618967,0.01824229210615158,0.027842290699481964,0.059011008590459824,0.03370383009314537,0.062465738505125046,0.040210384875535965,0.11291512101888657,0.10129362344741821,0.0,0.011497055180370808,0.12695938348770142,0.11263088136911392,0.039728183299303055,0.04759269580245018,0.06962936371564865,,0.035657674074172974,0.060061581432819366,,0.06183798611164093,34,0.18559191083217996,9,0,25,6434.26171875,0.018604546785354614,-0.13674819469451904,0.004265487194061279,5,7,0,-18,3,2,-0.018143820651657705
g54.t1,A0A364LCR9,0.7966,25.7,1,558,2.5803796211611187,171,121,266,33739.359375,0.2869706451892853,0.27858683466911316,0.42004841566085815,0.2740670144557953,0.14598140120506287,521,55,12,638,-3,35,20,15,0.17562724014336917,0.01686355285346508,0.07585203647613525,0.0053398036397993565,0.05783090740442276,0.045852985233068466,0.02327522449195385,0.0609174408018589,0.0075963763520121574,0.04316944256424904,0.2005193829536438,0.0735476166009903,0.08148714900016785,0.08506394922733307,0.014394139871001244,0.06254787743091583,0.06164932623505592,0.017723936587572098,0.05521881952881813,1,604,2.6941179875752277,168,132,304,35908.58984375,0.3350076377391815,0.3579726815223694,0.30195674300193787,0.14397084712982178,0.15798591077327728,548,18,3,623,-21,14,21,-7,0.18874172185430463,0.10039496421813965,0.04236714541912079,0.019528016448020935,0.07484026998281479,0.016173798590898514,0.060032445937395096,0.0405876561999321,0.11045218259096146,0.030512426048517227,0.11345840990543365,0.005062935408204794,0.06554688513278961,0.04753372073173523,0.05268698185682297,0.006739083211869001,0.08170417696237564,0.0012268422869965434,0.009923207573592663,0.011221562512218952,0.012918534688651562,0.0,0.10823880881071091,-46,-0.11373836641410895,3,-11,-38,-2169.23046875,-0.04803699254989624,-0.07938584685325623,0.11809167265892029,-27,37,9,15,18,22,-0.01311448171093546
g17056.t1,A0A364L7B7,0.7961,23.0,1,303,1.9716711723186628,137,56,110,22106.390625,0.1592468023300171,0.2542554438114166,0.5650888085365295,0.40231066942214966,0.1627781242132187,286,29,0,224,8,28,16,12,0.20462046204620463,0.04416033625602722,0.09541546553373337,0.00014262780314311385,0.0002919107209891081,0.04145132005214691,0.004372005350887775,0.028400029987096786,0.014874137006700039,0.04054427146911621,0.4002934396266937,0.00201729079708457,0.08480876684188843,0.1343781054019928,0.02140888385474682,0.06692787259817123,0.0011676428839564323,0.0008757321047596633,0.01847018674015999,1,327,1.9689967687336483,148,51,128,22431.85546875,0.227145716547966,0.2597997188568115,0.509618878364563,0.25712260603904724,0.25249627232551575,318,48,2,313,-7,18,23,-5,0.1743119266055046,0.060555215924978256,0.028701500967144966,0.11610722541809082,0.0033734014723449945,0.058371420949697495,0.02168997749686241,0.0461466908454895,0.06666404008865356,0.015237485058605671,0.24188512563705444,0.00343569228425622,0.051197540014982224,0.185832217335701,0.04835682362318039,0.027463162317872047,0.0008444383274763823,0.0,,0.007335721515119076,0.0,0.0,0.01680232398211956,-24,0.002674403585014584,-11,5,-18,-325.46484375,-0.06789891421794891,-0.0055442750453948975,0.05546993017196655,-32,-19,-2,-89,15,17,0.03030853544070003
g11863.t1,A0A364KU90,0.7953,19.4,1,496,2.5830976233896292,203,85,208,33827.1171875,0.3025849461555481,0.24902601540088654,0.41083383560180664,0.21288159489631653,0.19795222580432892,431,59,6,400,-10,26,26,0,0.1935483870967742,0.010492176748812199,0.04282873496413231,0.000858450832311064,0.08288602530956268,0.06177366524934769,0.002148152096197009,0.11011254042387009,0.006485773250460625,0.032639503479003906,0.12929268181324005,0.08358890563249588,0.07619676738977432,0.08783968538045883,0.03755522891879082,0.05773934721946716,0.04060506820678711,0.009156809188425541,0.08306139707565308,1,457,2.688998354337188,189,80,188,35273.453125,0.2744271755218506,0.23832480609416962,0.46253451704978943,0.33601802587509155,0.1265164464712143,406,37,0,383,5,31,17,14,0.2100656455142232,0.07365136593580246,0.03402923047542572,0.020287523046135902,0.05064161866903305,0.017013859003782272,0.008502759970724583,0.014994639903306961,0.02092697098851204,0.1766909658908844,0.15932708978652954,0.024713490158319473,0.07466991245746613,0.10558947920799255,0.05981890484690666,0.006128648295998573,0.0022426291834563017,0.03778368607163429,0.006955370772629976,0.0318821482360363,0.02678787149488926,,0.09210088849067688,39,-0.10590073094755859,14,5,20,-1446.3359375,0.02815777063369751,0.010701209306716919,-0.05170068144798279,25,22,6,17,-15,-14,-0.016517258417449
g7348.t1,A0A364KNE7,0.7948,23.5,1,211,4.387062326047493,92,25,94,43882.13671875,0.16779989004135132,0.2780662477016449,0.5541338920593262,0.49709048867225647,0.0570434108376503,147,5,1,66,42,45,9,36,0.5355450236966824,0.027609020471572876,0.047930434346199036,0.008463820442557335,0.008014503866434097,0.04080420732498169,0.01224199216812849,0.02290736325085163,0.0030546309426426888,0.01758412830531597,0.3794797658920288,0.11761073023080826,0.18564197421073914,0.03413604199886322,,0.04223275184631348,0.02705814130604267,0.009839281439781189,0.015391241759061813,1,147,2.2057526706330433,64,34,49,22594.20703125,0.2922709584236145,0.14635001122951508,0.5233339667320251,0.41067561507225037,0.11265834420919418,125,7,0,21,14,24,9,15,0.38095238095238093,0.07206457853317261,0.04009821638464928,0.023668330162763596,0.011281527578830719,0.033831559121608734,0.006568990182131529,0.00883160624653101,0.02945493347942829,0.18519112467765808,0.2254844605922699,0.03804498165845871,0.014008844271302223,0.08320341259241104,0.066194549202919,0.04644020274281502,0.03272832930088043,0.0,0.0,0.03413018956780434,0.021759415045380592,,0.027014687657356262,64,2.18130965541445,28,-9,45,21287.9296875,-0.12447106838226318,0.13171623647212982,0.030799925327301025,22,-2,1,45,28,21,0.1545926427443015
g13681.t1,A0A364L028,0.7938,29.3,1,70,2.8410021659947886,40,0,30,21126.20703125,0.2180406153202057,0.3265664279460907,0.455392986536026,0.35355204343795776,0.10184097290039062,48,3,1,0,2,12,8,4,0.7142857142857143,0.0012218175688758492,0.06848698109388351,0.0457078218460083,0.03619634360074997,0.014509082771837711,0.003665452590212226,0.05288156494498253,0.007316499017179012,0.10044396668672562,0.33260464668273926,0.020947353914380074,0.03583230450749397,0.0489594042301178,,0.07714005559682846,0.03628939762711525,0.04901846498250961,0.02333737537264824,1,90,3.3521418353673065,48,0,42,25173.17578125,0.34178242087364197,0.3108072876930237,0.3474103510379791,0.2640360891819,0.0833742767572403,61,2,1,0,3,14,9,5,0.6555555555555556,0.004998784977942705,0.013763891533017159,0.08839471638202667,0.06626594811677933,0.04575810953974724,0.043904829770326614,0.025654448196291924,0.027083611115813255,0.14258234202861786,0.12145374715328217,,0.050633762031793594,0.05629066005349159,0.17125336825847626,0.007434091065078974,0.04948468506336212,,0.04544147849082947,0.00140991376247257,0.0007573552429676056,0.03154430910944939,0.051331471651792526,-20,-0.5111396693725179,-8,0,-12,-4046.96875,-0.12374180555343628,0.015759140253067017,0.10798263549804688,-13,1,0,0,-1,-1,0.058730158730158744
g3103.t1,A0A364KQA6,0.7937,28.9,1,69,1.5342732332373246,53,0,16,13706.1640625,0.25274547934532166,0.14386770129203796,0.5288287401199341,0.32111138105392456,0.2077174335718155,64,14,15,92,-3,9,11,-2,0.463768115942029,0.0002300414489582181,,0.11662323027849197,0.04893811419606209,0.11818502098321915,0.0,0.053829699754714966,0.014546077698469162,0.01129960361868143,0.25123170018196106,0.06987964361906052,0.0009219462517648935,0.15388773381710052,0.0745580717921257,0.02677561156451702,0.039548616856336594,0.0009416336542926729,,1,163,2.8662269631845114,86,0,77,32650.578125,0.176172137260437,0.1739805042743683,0.6366862058639526,0.1351703703403473,0.5015157461166382,104,8,13,55,-51,5,49,-44,0.49693251533742333,0.014158057048916817,0.04008639603853226,,0.03004142828285694,0.0335967130959034,0.009264344349503517,0.010532930493354797,0.050994422286748886,0.07273150235414505,0.062438853085041046,0.013161148875951767,0.047226764261722565,0.4505213797092438,0.04634637385606766,0.0,0.012408223003149033,0.01812644675374031,0.0004768335784319788,0.03330250456929207,0.009462733753025532,0.0,0.06372618675231934,-94,-1.3319537299471869,-33,0,-61,-18944.4140625,0.07657334208488464,-0.030112802982330322,-0.10785746574401855,-40,6,2,37,48,42,-0.03316439939539434
g9719.t2,A0A364KZ51,0.793,26.9,1,470,3.4489790697023754,113,144,213,43901.9375,0.30902260541915894,0.2679043710231781,0.3866540491580963,0.23268093168735504,0.15397310256958008,410,44,1,359,-14,22,26,-4,0.2553191489361702,0.004409663379192352,0.052519313991069794,0.055476896464824677,0.07664962112903595,0.0545627661049366,0.04457758367061615,0.06538697332143784,0.008524889126420021,0.09649521112442017,0.0946594774723053,0.13802146911621094,0.011810528114438057,0.08858612179756165,0.036419086158275604,0.03954591974616051,0.07862033694982529,0.010656686499714851,0.043077535927295685,1,460,3.6409223358779506,94,148,218,43539.625,0.3572452664375305,0.15747328102588654,0.43222376704216003,0.2384035289287567,0.19382025301456451,363,34,0,348,-11,28,26,2,0.2391304347826087,0.03524403274059296,0.030544016510248184,0.0250348299741745,0.052391231060028076,0.01945776864886284,0.03364073112607002,0.007278760429471731,0.05622897297143936,0.0559266097843647,0.1824769228696823,0.05305759608745575,0.020617280155420303,0.13759128749370575,0.028828607872128487,0.04362114891409874,0.023665864020586014,0.0,0.0,0.06991548836231232,0.07414625585079193,0.0009006359614431858,0.049431897699832916,10,-0.1919432661755751,19,-4,-5,362.3125,-0.04822266101837158,0.11043108999729156,-0.04556971788406372,47,10,1,11,-3,-6,0.01618871415356149
g19605.t1,A0A364LD74,0.7928,39.5,1,211,3.1603068729060575,90,10,111,36990.1796875,0.22083789110183716,0.1375708281993866,0.6415911912918091,0.4842310845851898,0.15736012160778046,123,12,0,3,40,47,13,34,0.4028436018957346,0.029732510447502136,0.024712566286325455,0.03514320030808449,0.03355061635375023,0.033383842557668686,0.01788155734539032,0.004008196294307709,0.010651377029716969,0.006339737214148045,0.302545964717865,0.18168510496616364,0.047006502747535706,0.15335193276405334,,0.0559593066573143,0.03837992250919342,0.008984391577541828,0.004448233172297478,1,226,2.9768345444676343,102,12,112,35230.609375,0.13867606222629547,0.16430644690990448,0.6600615382194519,0.5144956707954407,0.14556583762168884,169,18,0,27,27,37,13,24,0.34513274336283184,0.06518606841564178,0.017584051936864853,0.027683958411216736,0.0009158361353911459,0.007599350996315479,0.01132087130099535,0.011031217873096466,0.013162121176719666,0.19478662312030792,0.31970909237861633,0.03695590794086456,0.04018129035830498,0.13240373134613037,0.012306160293519497,0.016534872353076935,0.03907761722803116,0.002965721534565091,0.009269202128052711,0.02426339127123356,0.0005495016230270267,0.0,0.028748326003551483,-15,0.1834723284384232,-12,-2,-1,1759.5703125,0.08216182887554169,-0.026735618710517883,-0.018470346927642822,-46,-6,0,-24,13,10,0.057710858532902753
g11483.t1,A0A364L8E6,0.7919,48.9,1,189,2.7487863981264047,61,25,103,28982.81640625,0.29926812648773193,0.13256078958511353,0.5681711435317993,0.18292416632175446,0.38524696230888367,135,18,0,105,-15,15,30,-15,0.3492063492063492,0.02082018554210663,0.009786550886929035,0.016356637701392174,0.0912008211016655,0.019173135980963707,0.002431409666314721,0.27412861585617065,0.00454153073951602,0.030570155009627342,0.15256404876708984,0.030360126867890358,0.03505813330411911,0.11111834645271301,0.0,0.10641955584287643,0.03862764686346054,0.02059534192085266,0.036247774958610535,1,172,2.5232750018583534,66,15,91,25887.55078125,0.31357187032699585,0.2160964012145996,0.46996498107910156,0.19043265283107758,0.2795323133468628,126,12,0,84,-17,11,24,-13,0.3430232558139535,0.007339375093579292,0.014284555800259113,0.05593369901180267,0.05155140161514282,0.02036658674478531,0.09212712943553925,0.017175810411572456,0.11932583898305893,0.09220067411661148,0.0982319638133049,0.00036680034827440977,0.02210300602018833,0.16020648181438446,0.14218738675117493,0.0,0.05325459688901901,0.0,0.0,0.0,0.0,0.0,0.053344737738370895,17,0.22551139626805128,-5,10,12,3095.265625,-0.014303743839263916,-0.08353561162948608,0.09820616245269775,9,6,0,21,2,-2,0.0061830933923957
g17056.t1,A0A364L1T2,0.7878,23.1,1,303,1.9716711723186628,137,56,110,22106.390625,0.1592468023300171,0.2542554438114166,0.5650888085365295,0.40231066942214966,0.1627781242132187,286,29,0,224,8,28,16,12,0.20462046204620463,0.04416033625602722,0.09541546553373337,0.00014262780314311385,0.0002919107209891081,0.04145132005214691,0.004372005350887775,0.028400029987096786,0.014874137006700039,0.04054427146911621,0.4002934396266937,0.00201729079708457,0.08480876684188843,0.1343781054019928,0.02140888385474682,0.06692787259817123,0.0011676428839564323,0.0008757321047596633,0.01847018674015999,1,299,1.9761852092695738,131,49,119,21499.791015625,0.14668145775794983,0.3080870509147644,0.5428760051727295,0.21505030989646912,0.3278256952762604,273,16,0,90,-6,20,23,-3,0.19732441471571907,0.06758293509483337,0.07570400089025497,0.0007401025504805148,0.00705344881862402,0.03731352835893631,0.016780845820903778,0.020365029573440552,0.08250049501657486,0.011777556501328945,0.2032727301120758,0.0023555110674351454,0.0772475004196167,0.24532519280910492,0.012510880827903748,0.001333553227595985,0.09955213218927383,0.0,,0.0,0.004106254316866398,0.0,0.03447829559445381,4,-0.004514036950910905,6,7,-9,606.599609375,0.01256534457206726,-0.05383160710334778,0.02221280336380005,13,13,0,134,14,15,0.0072960473304855555
g12174.t1,A0A364LEF0,0.7878,21.7,1,225,1.6449461221056636,85,51,89,18509.83203125,0.20690254867076874,0.19965696334838867,0.5673162937164307,0.3810279667377472,0.18628837168216705,204,20,5,405,2,19,14,5,0.21333333333333335,0.03040526993572712,0.040602441877126694,0.00017431526794098318,0.09363581240177155,0.03529062122106552,0.0,0.12056343257427216,0.022846128791570663,0.020009396597743034,0.3579534590244293,0.023074496537446976,0.06349366903305054,0.06572496145963669,0.02612408436834812,0.046176329255104065,0.0005229457747191191,0.0,0.05235670506954193,1,247,1.6664517151231146,95,52,100,18737.90625,0.05740858614444733,0.22167323529720306,0.6987307667732239,0.3031389117240906,0.3955918848514557,231,24,3,251,-8,14,17,-3,0.21052631578947367,0.008265289478003979,0.01614639349281788,0.021143395453691483,0.0075608124025166035,0.007909124717116356,0.016835710033774376,0.019844358786940575,0.15214262902736664,0.0,0.3031389117240906,0.022187456488609314,0.06090759113430977,0.24344921112060547,0.007915533147752285,0.008922118693590164,0.08496107906103134,0.0008715762523934245,0.00017431526794098318,0.0,0.0,0.0,0.01867041178047657,-22,-0.02150559301745103,-10,-1,-11,-228.07421875,0.1494939625263214,-0.022016271948814392,-0.1314144730567932,-27,-4,2,154,10,8,0.0028070175438596745
g1259.t1,A0A364L9E2,0.7877,19.3,1,191,1.5445783784625133,66,46,79,17340.41796875,0.2100527137517929,0.3317936956882477,0.4260016083717346,0.2959679961204529,0.13003356754779816,170,18,2,69,0,16,10,6,0.2094240837696335,0.00018182871281169355,0.013815322890877724,0.00037214168696664274,0.027081498876214027,0.029432548210024834,0.0007273148512467742,0.07866029441356659,0.031770866364240646,0.019972046837210655,0.24300743639469147,0.05296057462692261,0.17854464054107666,0.05137326568365097,0.03215193375945091,0.1461212933063507,0.006136095616966486,0.0,0.08731868863105774,1,259,1.7633823525571097,105,54,100,20921.796875,0.22653824090957642,0.29860618710517883,0.47107037901878357,0.2507767379283905,0.22029370069503784,250,29,0,153,-8,21,17,4,0.18532818532818532,0.04775732755661011,0.05969598889350891,0.05069660022854805,0.04749956354498863,0.04561632126569748,0.005706116557121277,0.018389813601970673,0.020208319649100304,0.14324887096881866,0.10752785950899124,0.003785097738727927,0.038884107023477554,0.2000853419303894,0.06237135827541351,0.007717517204582691,0.11758285015821457,0.00037214168696664274,0.0,0.009870038367807865,0.0,0.0,0.0133568299934268,-68,-0.2188039740945964,-39,-8,-21,-3581.37890625,-0.01648552715778351,0.03318750858306885,-0.04506877064704895,-80,-11,2,-84,8,2,0.024095898441448188
g17056.t1,A0A364L6I3,0.7867,22.7,1,303,1.9716711723186628,137,56,110,22106.390625,0.1592468023300171,0.2542554438114166,0.5650888085365295,0.40231066942214966,0.1627781242132187,286,29,0,224,8,28,16,12,0.20462046204620463,0.04416033625602722,0.09541546553373337,0.00014262780314311385,0.0002919107209891081,0.04145132005214691,0.004372005350887775,0.028400029987096786,0.014874137006700039,0.04054427146911621,0.4002934396266937,0.00201729079708457,0.08480876684188843,0.1343781054019928,0.02140888385474682,0.06692787259817123,0.0011676428839564323,0.0008757321047596633,0.01847018674015999,1,298,1.9576859731592822,132,56,110,21205.017578125,0.14314128458499908,0.20312732458114624,0.6537313461303711,0.32593223452568054,0.32779914140701294,304,34,0,152,-5,24,25,-1,0.21140939597315436,0.015949003398418427,0.033537063747644424,0.02040577307343483,0.019216248765587807,0.0582701750099659,0.013957050628960133,0.011892251670360565,0.133611798286438,0.029980512335896492,0.2959516942501068,0.0,0.025339685380458832,0.19418734312057495,0.02235877327620983,0.012933563441038132,0.07987605035305023,0.0,,0.00045647870865650475,0.0,,0.03207648918032646,5,0.013985199159380679,5,0,0,901.373046875,0.016105517745018005,0.051128119230270386,-0.08864253759384155,-18,-5,0,72,13,13,-0.006788933926949736
g9603.t1,A0A364KY16,0.7857,34.7,1,435,3.1203692902726146,154,48,233,48122.3515625,0.1140534058213234,0.37746885418891907,0.4783770442008972,0.29915735125541687,0.17921976745128632,384,63,1,155,11,39,25,14,0.27586206896551724,0.0068571120500564575,0.08344616740942001,0.0,0.006906026508659124,0.07270056754350662,0.0070480648428201675,0.06799335032701492,0.012001901865005493,0.16827329993247986,0.23206844925880432,0.06708887219429016,0.08226842433214188,0.1112264022231102,0.030100621283054352,0.014440189115703106,0.0035535870119929314,0.0025478545576334,0.03147906810045242,1,470,3.3866500751084976,160,51,259,55055.0234375,0.2241075038909912,0.2264706939458847,0.5408881306648254,0.3359011113643646,0.20498701930046082,341,35,1,173,7,42,33,9,0.2765957446808511,0.03777248412370682,0.05101846903562546,0.026345960795879364,0.026762645691633224,0.05373488366603851,0.00017581753490958363,0.027512097731232643,0.06002936139702797,0.2209477424621582,0.11495333909988403,0.008533700369298458,0.025905275717377663,0.14495767652988434,0.0434236153960228,0.02221161685883999,0.022513343021273613,0.0,0.0,0.022387433797121048,0.017639009281992912,0.0,0.07317553460597992,-35,-0.266280784835883,-6,-3,-26,-6932.671875,-0.11005409806966782,0.15099816024303436,-0.06251108646392822,43,28,0,-18,4,5,-0.0007336757153338369
g6985.t1,A0A364L755,0.7845,28.8,1,433,2.553806595457821,85,143,205,30275.16015625,0.2718857526779175,0.2775956094264984,0.41690123081207275,0.2400437295436859,0.17685748636722565,345,44,18,498,-7,27,25,2,0.20323325635103925,0.029910525307059288,0.07565617561340332,0.008229830302298069,0.048832446336746216,0.03398983180522919,0.0403888002038002,0.07084763050079346,0.009119203314185143,0.06811791658401489,0.0703284814953804,0.16971524059772491,0.05881219357252121,0.10600985586643219,0.033617403358221054,0.04674924165010452,0.05945373699069023,0.012561158277094364,0.0576602965593338,1,497,2.487398008828306,134,135,228,34819.41015625,0.23365876078605652,0.233201801776886,0.5060632824897766,0.23763567209243774,0.2684275805950165,401,64,10,447,-25,24,31,-7,0.1790744466800805,0.012469656765460968,0.02840537019073963,0.020227598026394844,0.01658494956791401,0.055177729576826096,0.02081163600087166,0.011844289489090443,0.1281616985797882,0.09508100152015686,0.14255468547344208,0.027076147496700287,0.0332745686173439,0.14026588201522827,0.08626680821180344,0.008432529866695404,0.08412275463342667,0.0,0.0,0.0339154489338398,0.0,0.0,0.05532722920179367,-64,0.06640858662951521,-49,8,-23,-4544.25,0.03822699189186096,0.04439380764961243,-0.08916205167770386,-56,-20,8,51,18,9,0.024158809670958764
g10208.t1,A0A364LCV0,0.7829,16.4,1,144,1.4792408304801195,47,42,55,15679.07421875,0.28581514954566956,0.2108878642320633,0.48706090450286865,0.31847214698791504,0.1685887575149536,141,28,0,51,3,16,10,6,0.2638888888888889,0.05738167464733124,0.004938882309943438,0.0,0.0,0.05903201177716255,0.00020578678231686354,0.15177586674690247,0.06129373237490654,0.04499499499797821,0.2674552798271179,0.05101688578724861,0.035292062908411026,0.016812879592180252,0.01623603142797947,0.0870867371559143,0.005762029904872179,0.07634688913822174,0.06436818838119507,1,782,4.681136708919114,100,102,580,95331.125,0.25313735008239746,0.24124880135059357,0.45196333527565,0.20996186137199402,0.24200144410133362,363,25,0,315,-47,43,67,-24,0.3273657289002558,0.049631115049123764,0.06086903437972069,0.008602550253272057,0.03303779661655426,0.09667342156171799,0.03267592936754227,0.018584519624710083,0.045856934040784836,0.13888628780841827,0.07107556611299515,0.053650591522455215,0.08484279364347458,0.19614452123641968,0.00010153702896786854,0.020318875089287758,0.02047172747552395,0.0,0.0,0.020698679611086845,0.0,0.0,0.04787817597389221,-638,-3.201895878438995,-53,-60,-525,-79652.05078125,0.032677799463272095,-0.030360937118530273,0.03509756922721863,-222,3,0,-264,50,30,-0.06347684001136689
g7435.t1,A0A364L2V3,0.7822,23.1,1,147,1.9100186389879357,9,77,61,20329.58984375,0.3472413122653961,0.4858601689338684,0.1572684496641159,0.11026427149772644,0.04700416326522827,99,2,6,197,-2,7,5,2,0.3469387755102041,0.003809083718806505,0.038468774408102036,0.05315149948000908,0.05856465548276901,0.04761354625225067,0.011744674295186996,0.03847040981054306,0.02061043120920658,0.013244454748928547,0.06137647479772568,0.048887792974710464,0.10026969760656357,0.00853375717997551,0.009630111046135426,0.07137533277273178,0.12244953960180283,0.029011700302362442,0.25965002179145813,1,169,3.131615855877098,11,77,81,27149.328125,0.4764682948589325,0.11301515251398087,0.3654066026210785,0.15601690113544464,0.20938971638679504,111,12,6,42,-12,11,19,-8,0.39644970414201186,0.02180861309170723,0.017596730962395668,0.00464539835229516,0.18928954005241394,0.048607368022203445,0.027096528559923172,0.008653594180941582,0.03601808845996857,0.03880231827497482,0.11721457540988922,0.04510996490716934,0.028388163074851036,0.17337162792682648,0.07439558953046799,0.054906126111745834,0.021531706675887108,0.002672772388905287,0.00046528028906323016,0.02282317355275154,0.03754129260778427,0.00034840486478060484,0.0318511538207531,-22,-1.2215972168891625,-2,0,-20,-6819.73828125,-0.12922698259353638,0.37284501641988754,-0.20813815295696259,-12,-10,0,155,10,10,-0.04951092863180778
g15163.t1,A0A364LAV8,0.7779,31.1,1,324,2.188264981103039,206,6,112,26601.05859375,0.375009685754776,0.271691232919693,0.32308104634284973,0.2338697612285614,0.08921130746603012,287,11,2,962,5,15,10,5,0.19444444444444445,0.01581483706831932,0.02890351600944996,0.0683174729347229,0.06734538823366165,0.049231499433517456,0.004851756617426872,0.051367126405239105,0.0,0.01746317557990551,0.1082172840833664,0.12565244734287262,0.09690205752849579,0.037844181060791016,0.03021797351539135,0.05283500254154205,0.051064733415842056,0.02667359635233879,0.05089172348380089,1,315,2.898805225587148,208,8,99,33302.5234375,0.46402671933174133,0.18205004930496216,0.288953959941864,0.22920392453670502,0.05975007638335228,302,19,1,688,-2,20,9,11,0.2698412698412698,0.0219571590423584,0.031295761466026306,0.04324023053050041,0.11754663288593292,0.05254942178726196,0.041055042296648026,0.0018165353685617447,0.007578584365546703,0.07159721106290817,0.15760667622089386,0.06496922671794891,0.0072024199180305,0.052171491086483,0.057527150958776474,0.009010392241179943,0.08577936142683029,0.10719285905361176,0.009213297627866268,0.08794310688972473,0.07643778622150421,0.0,0.012715748511254787,9,-0.7105402444841089,-2,-2,13,-6701.46484375,-0.08901703357696533,0.08964118361473083,0.03412708640098572,-15,-8,1,274,7,-6,-0.07539682539682538
g16684.t1,A0A364KQP5,0.7764,46.3,1,575,4.080729058303957,154,145,276,68731.2578125,0.2497273087501526,0.20671933889389038,0.5382852554321289,0.3194403648376465,0.218844935297966,446,58,5,440,-12,63,55,8,0.30782608695652175,0.013012931682169437,0.022548621520400047,0.006737368181347847,0.027133850380778313,0.06487561762332916,0.025861000642180443,0.08350542932748795,0.00224476819857955,0.026431571692228317,0.25339263677597046,0.06604774296283722,0.08118602633476257,0.13533951342105865,0.0052681127563118935,0.06031638756394386,0.034763310104608536,0.018871638923883438,0.05891791731119156,1,563,4.086099982873022,83,144,336,59172.66796875,0.23518744111061096,0.1416170746088028,0.6130170822143555,0.23736260831356049,0.3756544291973114,398,54,2,341,-33,40,56,-16,0.2664298401420959,0.05900710076093674,0.04255912825465202,0.002373110270127654,0.05190161243081093,0.04087284579873085,0.027723493054509163,0.004435044713318348,0.10965146869421005,0.03364358842372894,0.20371901988983154,0.010178463533520699,0.03542538732290268,0.26600292325019836,0.028751937672495842,0.007470287382602692,0.01872015930712223,0.004892556928098202,0.008653063327074051,0.01652187667787075,0.0029382770881056786,0.0,0.03810424357652664,12,-0.005370924569064961,71,1,-60,9558.58984375,0.014539867639541626,0.06510226428508759,-0.07473182678222656,48,4,3,99,21,24,0.04139624681442583
g7070.t1,A0A364KN29,0.7751,20.0,1,202,1.6750418025097786,117,20,65,18242.109375,0.1898135244846344,0.17328138649463654,0.6202923655509949,0.36916986107826233,0.25112250447273254,196,20,0,312,4,19,16,3,0.26732673267326734,0.029873833060264587,0.04259426146745682,0.014868363738059998,0.03219097852706909,0.051686838269233704,0.00017687352374196053,0.1449456661939621,0.020482489839196205,0.02701215073466301,0.34878572821617126,0.02038414031267166,0.024464232847094536,0.10617685317993164,0.01661265827715397,0.03700507432222366,0.038879916071891785,0.0,0.04385989159345627,1,211,1.716826751528966,111,20,80,19779.39453125,0.22257612645626068,0.3609527051448822,0.3522173762321472,0.16130131483078003,0.1909160614013672,194,28,0,311,-3,12,13,-1,0.23222748815165878,0.01042894832789898,0.05799075961112976,0.0009787598391994834,0.01842215284705162,0.019575197249650955,0.010113852098584175,0.04672232270240784,0.07402835786342621,0.02736358717083931,0.13393771648406982,0.0642538070678711,0.11505750566720963,0.11688770353794098,0.08669103682041168,0.03996231034398079,0.06193589046597481,0.0,0.0,0.018433311954140663,0.018949322402477264,,0.07826746255159378,-9,-0.04178494901918728,6,0,-15,-1537.28515625,-0.03276260197162628,-0.18767131865024567,0.26807498931884766,2,-8,0,1,7,4,0.035099244521608564
g16684.t2,A0A364KQP5,0.7745,46.0,1,590,4.090335920518937,186,145,259,64842.49609375,0.19972115755081177,0.2035898119211197,0.5818460583686829,0.34712544083595276,0.2347206175327301,471,59,11,468,-10,59,52,7,0.2745762711864407,0.015327959321439266,0.04229355975985527,0.005760630592703819,0.013037053868174553,0.06291951984167099,0.017764229327440262,0.0889531597495079,0.0018399761756882071,0.01654750481247902,0.2738991379737854,0.07322631776332855,0.07576772570610046,0.1457674503326416,0.014842919073998928,0.061342503875494,0.01604403741657734,0.00900651328265667,0.060120537877082825,1,563,4.086099982873022,83,144,336,59172.66796875,0.23518744111061096,0.1416170746088028,0.6130170822143555,0.23736260831356049,0.3756544291973114,398,54,2,341,-33,40,56,-16,0.2664298401420959,0.05900710076093674,0.04255912825465202,0.002373110270127654,0.05190161243081093,0.04087284579873085,0.027723493054509163,0.004435044713318348,0.10965146869421005,0.03364358842372894,0.20371901988983154,0.010178463533520699,0.03542538732290268,0.26600292325019836,0.028751937672495842,0.007470287382602692,0.01872015930712223,0.004279338289052248,0.0012598911998793483,0.01652187667787075,0.0029382770881056786,0.0,0.03810424357652664,27,0.004235937645915122,103,1,-77,5669.828125,-0.035466283559799194,0.061972737312316895,-0.031171023845672607,73,5,9,127,23,23,0.00814643104434476
g12174.t1,A0A364L7T6,0.7727,17.8,1,225,1.6449461221056636,85,51,89,18509.83203125,0.20690254867076874,0.19965696334838867,0.5673162937164307,0.3810279667377472,0.18628837168216705,204,20,5,405,2,19,14,5,0.21333333333333335,0.03040526993572712,0.040602441877126694,0.00017431526794098318,0.09363581240177155,0.03529062122106552,0.0,0.12056343257427216,0.022846128791570663,0.020009396597743034,0.3579534590244293,0.023074496537446976,0.06349366903305054,0.06572496145963669,0.02612408436834812,0.046176329255104065,0.0005229457747191191,0.0,0.05235670506954193,1,245,1.6713690720898764,104,54,87,18408.681640625,0.20908458530902863,0.3117173910140991,0.4492011070251465,0.2384338080883026,0.21076729893684387,249,23,9,238,-3,14,16,-2,0.22040816326530613,0.05253976956009865,0.01644260250031948,0.008994321338832378,0.0,0.06555213034152985,0.02445031702518463,0.039817970246076584,0.06560713052749634,0.08369085192680359,0.15474295616149902,0.029996978119015694,0.09763369709253311,0.14516018331050873,0.02342519722878933,0.016650943085551262,0.08064121007919312,0.0008715762523934245,0.00017431526794098318,0.024888776242733,0.001577457645907998,0.0,0.06818757206201553,-20,-0.026422949984212796,-19,-3,2,101.150390625,-0.0021820366382598877,-0.11206042766571045,0.11811518669128418,-45,-3,-4,167,5,7,-0.007074829931972781
g17056.t1,A0A364LBK8,0.7724,21.7,1,303,1.9716711723186628,137,56,110,22106.390625,0.1592468023300171,0.2542554438114166,0.5650888085365295,0.40231066942214966,0.1627781242132187,286,29,0,224,8,28,16,12,0.20462046204620463,0.04416033625602722,0.09541546553373337,0.00014262780314311385,0.0002919107209891081,0.04145132005214691,0.004372005350887775,0.028400029987096786,0.014874137006700039,0.04054427146911621,0.4002934396266937,0.00201729079708457,0.08480876684188843,0.1343781054019928,0.02140888385474682,0.06692787259817123,0.0011676428839564323,0.0008757321047596633,0.01847018674015999,1,302,1.9471086328772969,134,57,111,21863.609375,0.12685054540634155,0.3263779580593109,0.5013186931610107,0.2739734351634979,0.22734521329402924,302,28,0,90,1,19,19,0,0.17880794701986755,0.004547942895442247,0.06839364022016525,0.003806697903200984,0.0,0.0396575964987278,0.008519039489328861,0.005269000772386789,0.10094521194696426,0.04963139072060585,0.22434204816818237,0.045452892780303955,0.02965276502072811,0.12640000879764557,0.06541897356510162,0.0,0.0972587913274765,0.0,,0.008706990629434586,0.0,,0.12199706584215164,1,0.024562539441365994,3,-1,-1,242.78125,0.03239625692367554,-0.07212251424789429,0.0637701153755188,-16,1,0,134,7,12,0.02581251502633708
g17056.t1,A0A364LBR0,0.7723,24.1,1,303,1.9716711723186628,137,56,110,22106.390625,0.1592468023300171,0.2542554438114166,0.5650888085365295,0.40231066942214966,0.1627781242132187,286,29,0,224,8,28,16,12,0.20462046204620463,0.04416033625602722,0.09541546553373337,0.00014262780314311385,0.0002919107209891081,0.04145132005214691,0.004372005350887775,0.028400029987096786,0.014874137006700039,0.04054427146911621,0.4002934396266937,0.00201729079708457,0.08480876684188843,0.1343781054019928,0.02140888385474682,0.06692787259817123,0.0011676428839564323,0.0008757321047596633,0.01847018674015999,1,304,1.9282067632653925,130,55,119,21461.296875,0.13218744099140167,0.28798702359199524,0.5752162337303162,0.2463642954826355,0.32885196805000305,277,22,0,96,-5,19,21,-2,0.18092105263157895,0.039210572838783264,0.09146761894226074,0.003970131743699312,0.016086654737591743,0.01830066181719303,0.0,0.03930903226137161,0.08131300657987595,0.026314962655305862,0.22004935145378113,0.004609205294400454,0.06607984006404877,0.2475389540195465,0.05504303425550461,0.003546524792909622,0.06729169934988022,0.0,,0.0,0.0,0.0,0.019868740811944008,-1,0.043464409053270314,7,1,-9,645.09375,0.027059361338615417,-0.03373157978057861,-0.010127425193786621,9,7,0,128,13,14,0.023699409414625672
g17056.t1,A0A364LC19,0.7721,19.3,1,303,1.9716711723186628,137,56,110,22106.390625,0.1592468023300171,0.2542554438114166,0.5650888085365295,0.40231066942214966,0.1627781242132187,286,29,0,224,8,28,16,12,0.20462046204620463,0.04416033625602722,0.09541546553373337,0.00014262780314311385,0.0002919107209891081,0.04145132005214691,0.004372005350887775,0.028400029987096786,0.014874137006700039,0.04054427146911621,0.4002934396266937,0.00201729079708457,0.08480876684188843,0.1343781054019928,0.02140888385474682,0.06692787259817123,0.0011676428839564323,0.0008757321047596633,0.01847018674015999,1,641,2.7385526433288314,277,115,249,32895.5078125,0.184096097946167,0.26963523030281067,0.5384367108345032,0.21602025628089905,0.3224164843559265,604,57,5,498,-15,29,35,-6,0.15288611544461778,0.035706691443920135,0.035633206367492676,0.008018040098249912,0.010102723725140095,0.07191915065050125,0.009795053862035275,0.04102737456560135,0.17813189327716827,0.07621687650680542,0.13980336487293243,0.007831853814423084,0.062434252351522446,0.14428456127643585,0.04369237273931503,0.003758218139410019,0.043425366282463074,0.0,,0.009121877141296864,0.0,0.0035486314445734024,0.07554837316274643,-338,-0.7668814710101686,-140,-59,-139,-10789.1171875,-0.024849295616149902,-0.015379786491394043,0.026652097702026367,-318,-28,-5,-274,23,18,0.05173434660158685
g5214.t1,A0A364KTP7,0.7688,23.2,1,500,2.7138689704375536,150,90,260,33522.421875,0.21622774004936218,0.430347740650177,0.3269341289997101,0.2574458718299866,0.06948825716972351,390,33,39,748,12,28,14,14,0.178,0.01847318932414055,0.1533178687095642,0.009690267033874989,0.017832353711128235,0.06580235064029694,0.0022137591149657965,0.019789069890975952,0.024595672264695168,0.026356343179941177,0.2054489552974701,0.051996901631355286,0.12786869704723358,0.04969919100403786,0.026490405201911926,0.09390726685523987,0.01087629422545433,0.0071225292049348354,0.0885189101099968,1,288,1.965503939126588,72,63,153,23919.2890625,0.26301419734954834,0.1833469271659851,0.5477472543716431,0.3055787980556488,0.24216844141483307,244,34,17,114,-3,21,20,1,0.19444444444444445,0.023731106892228127,0.09449949115514755,0.0,0.022662034258246422,0.07020770013332367,0.001753609743900597,0.014849692583084106,0.12766148149967194,0.10832180082798004,0.19725699722766876,0.005891685839742422,0.0003959632304031402,0.11450695991516113,0.05430903285741806,0.022931821644306183,0.02379761077463627,0.0,0.0,0.04894772917032242,0.01847112365067005,0.0,0.04980417713522911,212,0.7483650313109655,78,27,107,9603.1328125,-0.04678645730018616,0.2470008134841919,-0.22081312537193298,146,-1,22,634,15,13,-0.016444444444444456
g17056.t1,A0A364KVQ3,0.7687,21.3,1,303,1.9716711723186628,137,56,110,22106.390625,0.1592468023300171,0.2542554438114166,0.5650888085365295,0.40231066942214966,0.1627781242132187,286,29,0,224,8,28,16,12,0.20462046204620463,0.04416033625602722,0.09541546553373337,0.00014262780314311385,0.0002919107209891081,0.04145132005214691,0.004372005350887775,0.028400029987096786,0.014874137006700039,0.04054427146911621,0.4002934396266937,0.00201729079708457,0.08480876684188843,0.1343781054019928,0.02140888385474682,0.06692787259817123,0.0011676428839564323,0.0008757321047596633,0.01847018674015999,1,208,1.9083379807593106,74,29,105,19905.228515625,0.3208128809928894,0.35549208521842957,0.24821610748767853,0.13740959763526917,0.11080650985240936,173,30,2,96,-8,8,11,-3,0.2644230769230769,0.047728441655635834,0.03400576114654541,0.04614291712641716,0.06608688831329346,0.08846981078386307,0.01882103830575943,0.04373836889863014,0.0825817734003067,0.1291409432888031,0.008268669247627258,0.0754789412021637,0.1136336401104927,0.02822474204003811,0.0543975755572319,0.04198271036148071,0.03262869268655777,0.0,,0.003326397854834795,0.0,0.00820834469050169,0.07713436335325241,95,0.06333319155935224,63,27,5,2201.162109375,-0.16156607866287231,-0.10123664140701294,0.316872701048851,113,-1,-2,128,16,15,-0.0598026148768723
g17056.t1,A0A364LEB5,0.7683,19.4,1,303,1.9716711723186628,137,56,110,22106.390625,0.1592468023300171,0.2542554438114166,0.5650888085365295,0.40231066942214966,0.1627781242132187,286,29,0,224,8,28,16,12,0.20462046204620463,0.04416033625602722,0.09541546553373337,0.00014262780314311385,0.0002919107209891081,0.04145132005214691,0.004372005350887775,0.028400029987096786,0.014874137006700039,0.04054427146911621,0.4002934396266937,0.00201729079708457,0.08480876684188843,0.1343781054019928,0.02140888385474682,0.06692787259817123,0.0011676428839564323,0.0008757321047596633,0.01847018674015999,1,311,2.009062324266968,117,51,143,23215.046875,0.20332835614681244,0.26867058873176575,0.5095636248588562,0.23819145560264587,0.27137213945388794,284,28,1,315,-9,17,22,-5,0.19614147909967847,0.02764405868947506,0.04537755995988846,0.0027163296472281218,0.00027797024813480675,0.0674014464020729,0.022518321871757507,0.027211694046854973,0.11895348876714706,0.10677444934844971,0.13141700625419617,0.018437447026371956,0.03731009364128113,0.15241865813732147,0.07942141592502594,0.0,0.12407106906175613,0.0,,0.0016678215470165014,0.004397306125611067,0.0,0.03198385238647461,-8,-0.037391151948305223,20,5,-33,-1108.65625,-0.04408155381679535,-0.014415144920349121,0.05552518367767334,2,1,-1,-91,17,17,0.008478982946526159
g7156.t1,A0A364LDG5,0.766,28.0,1,210,2.6414763408433584,28,54,128,30694.65234375,0.2810809016227722,0.1914982944726944,0.5135028958320618,0.3704933524131775,0.14300954341888428,154,22,1,179,3,22,16,6,0.3380952380952381,0.01708383299410343,0.054036613553762436,0.025723392143845558,0.07342682778835297,0.006751158274710178,0.025753794237971306,0.06457110494375229,0.025718918070197105,0.0202911589294672,0.3124403953552246,0.058052971959114075,0.0125760892406106,0.07843843847513199,0.01391783356666565,0.06529957056045532,0.06309415400028229,0.029671574011445045,0.041446808725595474,1,207,2.042679696310218,24,65,118,25199.27734375,0.3393906354904175,0.1546410471200943,0.441454142332077,0.32572999596595764,0.115724116563797,132,14,0,257,3,20,10,10,0.26570048309178745,0.020172130316495895,0.02001197636127472,0.0025024416390806437,0.13861700892448425,0.013185326009988785,0.010237460024654865,0.003582234960049391,0.05077369138598442,0.07747917622327805,0.248250812292099,0.06451412290334702,0.020615074783563614,0.06495043635368347,0.07113499194383621,0.02663257345557213,0.07379022985696793,0.0,0.011705323122441769,0.059411127120256424,0.0,,0.03413909301161766,3,0.5987966445331403,4,-11,10,5495.375,-0.058309733867645264,0.0368572473526001,0.07204875349998474,22,8,1,-78,0,-4,0.07239475500345066
g11518.t1,A0A364L3V0,0.7642,26.3,1,504,2.747106705455714,140,150,214,39000.6640625,0.17374926805496216,0.16099058091640472,0.6454048156738281,0.5154024362564087,0.13000236451625824,432,44,12,266,12,41,25,16,0.19246031746031747,0.03726432844996452,0.03988640755414963,0.0008178747957572341,0.03680943697690964,0.03959749639034271,0.0005791138391941786,0.019500738009810448,0.03824875131249428,0.02609654888510704,0.4113657474517822,0.10403674840927124,0.032898642122745514,0.11050163954496384,0.019855313003063202,0.034762486815452576,0.024240046739578247,0.0004963832907378674,0.022455858066678047,1,442,2.712056989599029,105,144,193,36553.5390625,0.22136230766773224,0.16857481002807617,0.5969685912132263,0.36647534370422363,0.23049324750900269,380,64,0,62,-1,35,32,3,0.20135746606334842,0.04417102411389351,0.025521278381347656,0.00690053217113018,0.04996028169989586,0.028637133538722992,0.012004590593278408,0.01801813207566738,0.0739426240324974,0.2750805914402008,0.09139475226402283,0.01309431903064251,0.03530126437544823,0.15655061602592468,0.07078911364078522,0.01580016128718853,0.0402800589799881,0.0,0.0005865145358256996,0.0,0.0,0.0,0.042553532868623734,62,0.035049715856684927,35,6,21,2447.125,-0.04761303961277008,-0.007584229111671448,0.04843622446060181,52,-20,12,204,13,13,-0.008897148603030952
g9379.t1,A0A364L491,0.7641,14.1,1,408,2.3245226907904093,150,104,154,28408.8671875,0.24426761269569397,0.24389371275901794,0.4886831045150757,0.309919536113739,0.17876358330249786,355,32,12,234,0,24,16,8,0.18382352941176472,0.0006710945744998753,0.019330041483044624,0.0012337923981249332,0.045264411717653275,0.06221338361501694,0.06963802129030228,0.038058191537857056,0.010972431860864162,0.046923309564590454,0.11391071230173111,0.1960088312625885,0.09483896195888519,0.1407053917646408,0.023155508562922478,0.034303002059459686,0.026385368779301643,0.005792341195046902,0.03419986367225647,1,1025,4.069671214511262,257,192,576,88224.8203125,0.1844514012336731,0.41574546694755554,0.3575386703014374,0.22121979296207428,0.1363188773393631,720,96,23,218,-4,47,48,-1,0.23902439024390243,0.015421309508383274,0.07830104231834412,0.03769530728459358,0.03628656268119812,0.03883575648069382,0.017393920570611954,0.025551747530698776,0.05185801535844803,0.17595542967319489,0.0452643558382988,0.0422644205391407,0.11950984597206116,0.08446087688207626,0.029433194547891617,0.008374957367777824,0.07588411122560501,,0.036395300179719925,0.016629358753561974,0.022076362743973732,0.0021908620838075876,0.07661255449056625,-617,-1.7451485237208524,-107,-88,-422,-59815.953125,0.059816211462020874,-0.1718517541885376,0.1311444342136383,-365,-64,-11,16,4,9,-0.05520086083213771
g7782.t1,A0A364LBF0,0.764,40.8,1,142,2.2874228933075225,24,32,86,25373.328125,0.2839159667491913,0.22556370496749878,0.4905204772949219,0.2854354977607727,0.2050849348306656,90,7,3,57,1,16,16,0,0.45774647887323944,0.03721655160188675,0.058277107775211334,0.0032337575685232878,0.056307073682546616,0.01999896764755249,0.013135070912539959,0.09397570788860321,0.027098998427391052,0.05201223865151405,0.2134031504392624,0.07203236222267151,0.02251088246703148,0.11110921204090118,0.0,0.07208234816789627,0.016785504296422005,0.052113596349954605,0.06243070587515831,1,114,2.2226968042268345,32,32,50,21044.7734375,0.23920953273773193,0.19350960850715637,0.5669800639152527,0.40576374530792236,0.16121628880500793,73,5,0,3,2,20,14,6,0.3684210526315789,0.020816316828131676,0.032548412680625916,0.0,0.027590278536081314,0.010885589756071568,0.00393733661621809,0.007359272334724665,0.05049026384949684,0.0794125348329544,0.32635122537612915,0.00030080508440732956,0.02958465740084648,0.1107260137796402,0.08195944130420685,0.01730048656463623,0.06972548365592957,0.016276851296424866,0.0,0.07672008126974106,,0.0,0.05429176241159439,28,0.064726089080688,-8,0,36,4328.5546875,0.04470643401145935,0.03205409646034241,-0.07645958662033081,17,2,3,54,-1,-6,0.08932542624166051
g1259.t1,A0A364KWZ9,0.7624,15.0,1,191,1.5445783784625133,66,46,79,17340.41796875,0.2100527137517929,0.3317936956882477,0.4260016083717346,0.2959679961204529,0.13003356754779816,170,18,2,69,0,16,10,6,0.2094240837696335,0.00018182871281169355,0.013815322890877724,0.00037214168696664274,0.027081498876214027,0.029432548210024834,0.0007273148512467742,0.07866029441356659,0.031770866364240646,0.019972046837210655,0.24300743639469147,0.05296057462692261,0.17854464054107666,0.05137326568365097,0.03215193375945091,0.1461212933063507,0.006136095616966486,0.0,0.08731868863105774,1,253,1.7172097109900732,110,40,103,19025.234375,0.406347393989563,0.14892496168613434,0.4447275996208191,0.2747303247451782,0.16999725997447968,248,23,1,170,-3,19,16,3,0.21739130434782608,0.06615513563156128,0.014546331949532032,0.0005049124592915177,0.03035714663565159,0.144148051738739,0.0,0.02169780433177948,0.06366217881441116,0.06457330286502838,0.21015703678131104,0.0,0.039060018956661224,0.1063351035118103,0.04992727190256119,0.03646249324083328,0.04828730970621109,0.00037214168696664274,0.0,0.05676725134253502,0.02253006584942341,0.0,0.024828579276800156,-62,-0.1726313325275599,-44,6,-24,-1684.81640625,-0.19629468023777008,0.18286873400211334,-0.018725991249084473,-78,-5,1,-101,3,3,-0.007967220578192574
g19068.t1,A0A364L5L6,0.7606,36.7,1,410,2.6524342760848127,125,95,190,37802.76953125,0.10011668503284454,0.22126884758472443,0.657682478427887,0.5212277173995972,0.1364547610282898,316,43,31,562,14,45,24,21,0.2,0.0011949295876547694,0.051786258816719055,0.010711021721363068,0.012688277289271355,0.004091063514351845,0.011266478337347507,0.026558199897408485,0.014082832261919975,0.006279084365814924,0.4268331527709961,0.09439456462860107,0.03646710142493248,0.10989656299352646,0.020931970328092575,0.050562139600515366,0.0008535211090929806,0.0030726760160177946,0.10194255411624908,1,497,2.935285047947624,130,97,270,44819.6640625,0.23939654231071472,0.20015166699886322,0.5568876266479492,0.3232736885547638,0.23361390829086304,357,56,30,595,-2,38,37,1,0.24346076458752516,0.05604984611272812,0.04721296206116676,0.002321493113413453,0.01669500581920147,0.025124341249465942,0.02886287495493889,0.016950540244579315,0.10272981971502304,0.11609876155853271,0.20717495679855347,0.0035641775466501713,0.03704557195305824,0.13088412582874298,0.05351278558373451,0.020649278536438942,0.04020468890666962,0.01638760417699814,0.0,0.03383507579565048,0.00466732494533062,0.0,0.05641641840338707,-87,-0.28285077186281127,-5,-2,-80,-7016.89453125,-0.13927985727787018,0.021117180585861206,0.10079485177993774,-41,-13,1,-33,16,20,-0.04346076458752515
g17056.t1,A0A364L4G0,0.7538,19.6,1,303,1.9716711723186628,137,56,110,22106.390625,0.1592468023300171,0.2542554438114166,0.5650888085365295,0.40231066942214966,0.1627781242132187,286,29,0,224,8,28,16,12,0.20462046204620463,0.04416033625602722,0.09541546553373337,0.00014262780314311385,0.0002919107209891081,0.04145132005214691,0.004372005350887775,0.028400029987096786,0.014874137006700039,0.04054427146911621,0.4002934396266937,0.00201729079708457,0.08480876684188843,0.1343781054019928,0.02140888385474682,0.06692787259817123,0.0011676428839564323,0.0008757321047596633,0.01847018674015999,1,351,2.0730508583162126,140,57,154,23105.203125,0.14555291831493378,0.32085564732551575,0.5146483778953552,0.3463923931121826,0.1682559698820114,349,53,6,360,-6,22,21,1,0.1908831908831909,0.04262975975871086,0.050182491540908813,0.00027292431332170963,0.00013646215666085482,0.03105144575238228,0.017874235287308693,0.03140309080481529,0.08329285681247711,0.25023970007896423,0.09615270048379898,0.018942994996905327,0.03821674734354019,0.0849631130695343,0.03372105956077576,0.020139966160058975,0.13110971450805664,0.0,,0.0,0.0,0.0,0.0696706771850586,-48,-0.10137968599754976,-3,-1,-44,-998.8125,0.013693884015083313,-0.06660020351409912,0.050440430641174316,-63,-24,-6,-136,14,11,0.013737271163013737
g17056.t1,A0A364KPQ8,0.7534,23.3,1,303,1.9716711723186628,137,56,110,22106.390625,0.1592468023300171,0.2542554438114166,0.5650888085365295,0.40231066942214966,0.1627781242132187,286,29,0,224,8,28,16,12,0.20462046204620463,0.04416033625602722,0.09541546553373337,0.00014262780314311385,0.0002919107209891081,0.04145132005214691,0.004372005350887775,0.028400029987096786,0.014874137006700039,0.04054427146911621,0.4002934396266937,0.00201729079708457,0.08480876684188843,0.1343781054019928,0.02140888385474682,0.06692787259817123,0.0011676428839564323,0.0008757321047596633,0.01847018674015999,1,297,1.965641394512777,123,54,120,21845.61328125,0.0814201831817627,0.2536565661430359,0.6614121794700623,0.439132422208786,0.22227981686592102,283,34,0,192,-1,25,23,2,0.19865319865319866,0.004283232614398003,0.06000090762972832,0.001181581406854093,0.013456398621201515,0.027750326320528984,0.000728386512491852,0.04068863019347191,0.09590655565261841,0.02360289730131626,0.4155295193195343,0.003511071437969804,0.10481889545917511,0.1263732761144638,0.03520184010267258,0.0,0.001014222390949726,0.0,,0.0,0.0,,0.04595232754945755,6,0.006029777805885761,14,2,-10,260.77734375,0.0778266191482544,0.0005988776683807373,-0.09632337093353271,3,-5,0,32,9,10,0.0059672633930059615
g6373.t1,A0A364KN20,0.7516,30.4,1,239,2.9706958746035705,3,88,148,35406.88671875,0.3794080317020416,0.453254759311676,0.16733725368976593,0.15308299660682678,0.014254244975745678,118,19,0,39,4,13,2,11,0.3389121338912134,0.06012590974569321,0.0438600555062294,0.21171070635318756,0.020777102559804916,0.19047312438488007,0.041491881012916565,0.008109789341688156,0.028047800064086914,0.02869575470685959,0.06467713415622711,0.08840587735176086,0.11736370623111725,0.0061444551683962345,0.0,0.02971671149134636,0.036549925804138184,0.0,0.023309621959924698,1,1767,5.39750782421781,459,224,1084,144031.625,0.25972989201545715,0.21044979989528656,0.5110170245170593,0.33516114950180054,0.1758558601140976,1212,177,8,626,24,123,81,42,0.2178834182229768,0.02238488756120205,0.05507650598883629,0.00042103484156541526,0.06312268227338791,0.07426571100950241,0.02141532674431801,0.008882394060492516,0.06461150199174881,0.17359048128128052,0.16157065331935883,0.018803313374519348,0.06227907910943031,0.11124435067176819,0.02042796090245247,0.03042800910770893,0.02159191109240055,0.00027338293148204684,0.0002671502297744155,0.027349282056093216,0.0003360247646924108,0.002109977649524808,0.06008889526128769,-1528,-2.426811949614239,-456,-136,-936,-108624.73828125,0.11967813968658447,0.24280495941638947,-0.3436797708272934,-1094,-158,-8,-587,-20,-31,0.12102871566823659
g10715.t1,A0A364KWC1,0.7468,25.4,1,1163,4.684382814546927,319,117,727,123301.1875,0.05582519993185997,0.16184617578983307,0.7709887623786926,0.5664402842521667,0.20454846322536469,827,226,10,593,46,174,109,65,0.2751504729148753,0.006218790542334318,0.016913749277591705,0.0,0.003480344545096159,0.028284981846809387,0.00889234896749258,0.013414932414889336,0.004220476374030113,0.10534487664699554,0.5283849239349365,0.038055311888456345,0.022312484681606293,0.1911335289478302,0.011339915916323662,0.0026160806883126497,0.0,0.006332657765597105,0.013028091751039028,1,538,2.604447437979928,214,94,230,35922.4921875,0.20394740998744965,0.28187569975852966,0.4830203950405121,0.19160662591457367,0.291413813829422,450,52,2,400,-25,24,35,-11,0.19144981412639406,0.029079046100378036,0.07017231732606888,0.031017092987895012,0.024681977927684784,0.052268899977207184,0.02707844041287899,0.017061136662960052,0.13122953474521637,0.10059619694948196,0.0910104289650917,0.031156465411186218,0.04369095340371132,0.16018429398536682,0.016230737790465355,0.03664437681436539,0.05200906842947006,0.0,2.6502417313167825e-05,0.017694473266601562,0.0002694590075407177,0.0,0.06792514771223068,625,2.0799353765669992,105,23,497,87378.6953125,-0.14812221005558968,-0.1200295239686966,0.28796836733818054,377,174,8,193,71,76,0.08370065878848126
g17056.t1,A0A364L225,0.746,23.6,1,303,1.9716711723186628,137,56,110,22106.390625,0.1592468023300171,0.2542554438114166,0.5650888085365295,0.40231066942214966,0.1627781242132187,286,29,0,224,8,28,16,12,0.20462046204620463,0.04416033625602722,0.09541546553373337,0.00014262780314311385,0.0002919107209891081,0.04145132005214691,0.004372005350887775,0.028400029987096786,0.014874137006700039,0.04054427146911621,0.4002934396266937,0.00201729079708457,0.08480876684188843,0.1343781054019928,0.02140888385474682,0.06692787259817123,0.0011676428839564323,0.0008757321047596633,0.01847018674015999,1,306,1.9498216635290788,132,53,121,21666.412109375,0.1446339190006256,0.21602246165275574,0.5768802762031555,0.2751874327659607,0.30169281363487244,306,27,0,149,-10,18,27,-9,0.1830065359477124,0.03162766620516777,0.11886485666036606,0.004267731681466103,0.011317864060401917,0.02928956225514412,0.008261390961706638,0.00923931784927845,0.1327422559261322,0.02833644486963749,0.24685098230838776,0.062463317066431046,0.010589133016765118,0.16895058751106262,0.059669867157936096,0.0,0.043200887739658356,0.0,,0.004467578139156103,0.0,,0.029860543087124825,-3,0.021849508789584027,5,3,-11,439.978515625,0.01461288332939148,0.03823298215866089,-0.011791467666625977,-20,2,0,75,18,21,0.02161392609849222
g999.t1,A0A364L0Y8,0.7404,8.9,1,328,2.8005023690056854,133,52,143,41512.59375,0.23915372788906097,0.44979628920555115,0.24699686467647552,0.1589481681585312,0.08804870396852493,272,23,0,33,1,20,20,0,0.3384146341463415,0.018030313774943352,0.07146458327770233,0.0,0.04790341854095459,0.040777020156383514,0.034564126282930374,0.02415998838841915,0.008462254889309406,0.23430554568767548,0.11097613722085953,0.04797204211354256,0.10171866416931152,0.06388870626688004,0.06405317783355713,0.04344913735985756,0.00567388953641057,0.04875582456588745,0.033845219761133194,1,272,2.0182940229497213,67,95,110,21801.86328125,0.16251541674137115,0.2065034955739975,0.6055608987808228,0.3368092477321625,0.26875171065330505,269,41,3,114,-4,22,21,1,0.22426470588235295,0.0437517911195755,0.04023612290620804,0.0,0.021163150668144226,0.009145265445113182,0.02022795006632805,0.031168460845947266,0.15674157440662384,0.09298212081193924,0.24382713437080383,0.025420069694519043,0.046195439994335175,0.11201012879610062,0.06659933924674988,0.0,0.04391515254974365,0.0,0.0,0.0,0.001627934630960226,0.0,0.04498833790421486,56,0.7822083460559641,66,-43,33,19710.73046875,0.07663831114768982,0.24329279363155365,-0.35856403410434723,3,-18,-3,-81,5,-1,0.11414992826398854
g17056.t1,A0A364L4E9,0.7364,19.8,1,303,1.9716711723186628,137,56,110,22106.390625,0.1592468023300171,0.2542554438114166,0.5650888085365295,0.40231066942214966,0.1627781242132187,286,29,0,224,8,28,16,12,0.20462046204620463,0.04416033625602722,0.09541546553373337,0.00014262780314311385,0.0002919107209891081,0.04145132005214691,0.004372005350887775,0.028400029987096786,0.014874137006700039,0.04054427146911621,0.4002934396266937,0.00201729079708457,0.08480876684188843,0.1343781054019928,0.02140888385474682,0.06692787259817123,0.0011676428839564323,0.0008757321047596633,0.01847018674015999,1,312,2.0678684980240183,144,49,119,23530.0859375,0.20781904458999634,0.24370285868644714,0.5378293395042419,0.19108079373836517,0.3467485010623932,298,42,3,135,-12,21,25,-4,0.21153846153846154,0.053352560847997665,0.0630888119339943,0.008809912949800491,0.03989378735423088,0.010040905326604843,0.010358921252191067,0.018551990389823914,0.13710546493530273,0.08051688224077225,0.11056392639875412,0.010648757219314575,0.05467639118432999,0.20964305102825165,0.058246299624443054,0.01261543482542038,0.019600532948970795,0.0,,0.023311126977205276,0.0,0.053816672414541245,0.025158537551760674,-9,-0.09619732570535544,-7,7,-9,-1423.6953125,-0.04857224225997925,0.010552585124969482,0.027259469032287598,-12,-13,-3,89,20,16,-0.00691799949225691
g7070.t1,A0A364KR57,0.7276,19.4,1,202,1.6750418025097786,117,20,65,18242.109375,0.1898135244846344,0.17328138649463654,0.6202923655509949,0.36916986107826233,0.25112250447273254,196,20,0,312,4,19,16,3,0.26732673267326734,0.029873833060264587,0.04259426146745682,0.014868363738059998,0.03219097852706909,0.051686838269233704,0.00017687352374196053,0.1449456661939621,0.020482489839196205,0.02701215073466301,0.34878572821617126,0.02038414031267166,0.024464232847094536,0.10617685317993164,0.01661265827715397,0.03700507432222366,0.038879916071891785,0.0,0.04385989159345627,1,224,1.784323340903206,115,16,93,19881.693359375,0.2541879117488861,0.220998615026474,0.5106618404388428,0.2180221974849701,0.2926396429538727,219,19,0,210,-1,17,15,2,0.25892857142857145,0.027378452941775322,0.00965214055031538,0.045699574053287506,0.002921171486377716,0.13404777646064758,0.005517768207937479,0.04556800797581673,0.0772949606180191,0.027009915560483932,0.19101224839687347,0.014151660725474358,0.05047564581036568,0.21534468233585358,0.05916820093989372,0.006491491571068764,0.010949281044304371,0.0,0.0,0.009737237356603146,0.008925802074372768,,0.058653976768255234,-22,-0.10928153839342736,2,4,-28,-1639.583984375,-0.06437438726425171,-0.04771722853183746,0.1096305251121521,-23,1,0,102,5,1,0.00839816124469589
g12820.t1,A0A364KMY3,0.7256,32.0,1,368,2.4443348459447383,61,128,179,31412.25,0.37180671095848083,0.2441805601119995,0.3290277123451233,0.2709738612174988,0.0580538734793663,271,28,2,449,-6,20,10,10,0.22282608695652173,0.013273482210934162,0.048060834407806396,0.0,0.06245144084095955,0.04107944294810295,0.06998057663440704,0.021799977868795395,0.023646850138902664,0.06929837912321091,0.09775647521018982,0.17321740090847015,0.04383743554353714,0.03625389561057091,0.05498507246375084,0.06004931405186653,0.02403324283659458,0.09754960983991623,0.05788196995854378,1,379,2.2303296088808398,62,154,163,28791.935546875,0.28086918592453003,0.24433325231075287,0.4722222089767456,0.2155366986989975,0.2566854953765869,306,29,1,389,-17,21,23,-2,0.20316622691292877,0.04183537885546684,0.05191754922270775,0.008664012886583805,0.05909581854939461,0.03429165482521057,0.02706589177250862,0.01952316239476204,0.08824735134840012,0.01044116448611021,0.20509552955627441,0.0025753462687134743,0.04995572566986084,0.1684381365776062,0.07101494818925858,0.019162984564900398,0.04607193171977997,0.0033896337263286114,0.0014550909399986267,0.015128672122955322,0.013273841701447964,0.0,0.06820087879896164,-11,0.2140052370638985,-1,-26,16,2620.314453125,0.0909375250339508,-0.00015269219875335693,-0.14319449663162231,-35,-1,1,60,11,12,0.019659860043592964
g17131.t1,A0A364LAX0,0.7249,59.3,1,139,3.298464949867283,75,0,64,32066.634765625,0.23031750321388245,0.17220044136047363,0.5817344188690186,0.461780309677124,0.11995416134595871,101,11,0,18,16,26,8,18,0.4748201438848921,0.07826277613639832,0.046018801629543304,0.022185616195201874,0.012847251258790493,0.06582322716712952,0.007813953794538975,0.035383932292461395,0.008598648943006992,0.008079110644757748,0.33514347672462463,0.126636803150177,0.07232513278722763,0.08457023650407791,0.015747595578432083,0.0633566677570343,0.0,0.002213641069829464,0.014993134886026382,1,140,3.0734488314269774,71,0,69,35226.21484375,0.22044268250465393,0.17670519649982452,0.5885135531425476,0.4836999475955963,0.10481362044811249,106,14,0,18,17,28,8,20,0.5642857142857143,0.07384225726127625,0.0747225433588028,0.0251311045140028,0.00895125325769186,0.0692831501364708,0.0014321088092401624,0.022852005437016487,0.03142552822828293,0.0838504433631897,0.39984947443008423,0.014338615350425243,0.0026883212849497795,0.07338808476924896,0.06317850947380066,0.003755396232008934,0.0017006293637678027,,,0.0,,,0.04961060732603073,-1,0.22501611844030567,4,0,-5,-3159.580078125,0.009874820709228516,-0.004504755139350891,-0.006779134273529053,-5,-3,0,0,-1,-2,-0.0894655704008222
g15154.t1,A0A364KP00,0.7196,14.0,1,443,2.5336073591686694,134,114,195,28850.81640625,0.18849119544029236,0.3011382222175598,0.4578763544559479,0.2023358941078186,0.2555404305458069,401,55,16,452,-13,21,29,-8,0.19413092550790068,0.027137786149978638,0.08938507735729218,0.026968808844685555,0.05994858592748642,0.05272737890481949,0.00787913054227829,0.1398330181837082,0.010235325433313847,0.05014000087976456,0.15483234822750092,0.04750355705618858,0.08649289608001709,0.1157074123620987,0.05249420180916786,0.00964974332600832,0.026563310995697975,0.0,0.037916116416454315,1,365,2.0606218296980634,118,74,173,22972.958984375,0.26079532504081726,0.3397871255874634,0.3963373303413391,0.1981690675020218,0.19816823303699493,346,45,1,109,-4,14,20,-6,0.19452054794520549,0.021035000681877136,0.02549140714108944,0.008631034754216671,0.07127482444047928,0.044192757457494736,0.05820295214653015,0.030282892286777496,0.07874540239572525,0.09864887595176697,0.09952019900083542,0.0030802881810814142,0.11338680982589722,0.11942283064126968,0.03926708921790123,0.025561850517988205,0.08695359528064728,0.0045852563343942165,0.0,0.0012608458055183291,0.0,0.00014224460755940527,0.07489913702011108,78,0.472985529470606,16,40,22,5877.857421875,-0.0723041296005249,-0.038648903369903564,0.061539024114608765,55,10,15,343,-9,-2,-0.0003896224373048096
g8504.t1,A0A364KUT2,0.7138,20.8,1,669,3.899974050034017,262,101,306,56793.95703125,0.19244912266731262,0.1890450268983841,0.5949262976646423,0.38026270270347595,0.21466363966464996,529,67,0,164,-1,60,44,16,0.22122571001494767,0.01808399148285389,0.04234341159462929,0.004817137494683266,0.02848919667303562,0.018963363021612167,0.027093874290585518,0.018103471025824547,0.013390335254371166,0.044290415942668915,0.2573702335357666,0.12289243936538696,0.03225267305970192,0.19656017422676086,0.023579519242048264,0.02810930833220482,0.03966715559363365,0.0316445492208004,0.045967165380716324,1,555,3.1883638375406362,214,108,233,49815.578125,0.2852897644042969,0.2304292917251587,0.48281583189964294,0.37003132700920105,0.11278456449508667,505,70,0,228,9,42,24,18,0.22342342342342342,0.05752110853791237,0.0018046951154246926,0.016952842473983765,0.04244454205036163,0.03671837970614433,0.03104924038052559,0.01917232759296894,0.04647531732916832,0.19987373054027557,0.17015759646892548,0.0014650714583694935,0.05931217595934868,0.06630924344062805,0.03587369620800018,0.01818682812154293,0.04176773503422737,0.0003976800653617829,0.005983894690871239,0.06349597126245499,0.0,0.0,0.091419517993927,114,0.711610212493381,48,-7,73,6978.37890625,-0.09284064173698425,-0.0413842648267746,0.11211046576499939,24,-3,0,-64,-10,-2,-0.0021977134084757433
g5214.t1,A0A364KQA2,0.7092,19.5,1,500,2.7138689704375536,150,90,260,33522.421875,0.21622774004936218,0.430347740650177,0.3269341289997101,0.2574458718299866,0.06948825716972351,390,33,39,748,12,28,14,14,0.178,0.01847318932414055,0.1533178687095642,0.009690267033874989,0.017832353711128235,0.06580235064029694,0.0022137591149657965,0.019789069890975952,0.024595672264695168,0.026356343179941177,0.2054489552974701,0.051996901631355286,0.12786869704723358,0.04969919100403786,0.026490405201911926,0.09390726685523987,0.01087629422545433,0.0071225292049348354,0.0885189101099968,1,322,2.5041865775177405,102,52,168,32436.62109375,0.22518198192119598,0.2920531630516052,0.4474143385887146,0.2502778172492981,0.1971365064382553,258,36,3,56,1,27,23,4,0.2670807453416149,0.06455919146537781,0.10962086170911789,0.02025286667048931,0.04305791109800339,0.028835635632276535,0.005922982934862375,0.01284264586865902,0.09125298261642456,0.12134583294391632,0.12893199920654297,0.03535047173500061,0.061528295278549194,0.10588355362415314,0.05277952179312706,0.005073089152574539,0.03519464656710625,0.0,0.0,0.020093409344553947,0.004860225599259138,0.0,0.05261383205652237,178,0.20968239291981305,48,38,92,1085.80078125,-0.008954241871833801,0.13829457759857178,-0.12048020958900452,132,-3,36,692,11,10,-0.08908074534161492
g4988.t1,A0A364KXY7,0.7069,28.7,1,695,11.610843746233094,557,0,138,106676.796875,0.04469902813434601,0.7047445178031921,0.25049588084220886,0.23560406267642975,0.01489180512726307,665,36,5,54,76,80,10,70,0.539568345323741,0.012917034327983856,0.01285711769014597,0.0020689505618065596,0.0019357440760359168,0.016612542793154716,0.005010492634028196,0.004646661225706339,0.00352686969563365,0.018762096762657166,0.1963556706905365,0.039248399436473846,0.620519757270813,0.010245145298540592,6.049199873814359e-05,0.0069831302389502525,0.0,0.001240086043253541,0.04700968787074089,1,1500,5.6838269330850935,373,11,1116,154878.046875,0.3488326966762543,0.3169431984424591,0.2953304648399353,0.20678091049194336,0.08854953944683075,675,96,3,194,29,80,57,23,0.2813333333333333,0.040374960750341415,0.03216269239783287,0.04852326214313507,0.03638088330626488,0.12523901462554932,0.02877461165189743,0.02205250784754753,0.03058898262679577,0.1114363819360733,0.09534455090761185,0.038893599063158035,0.08889251202344894,0.05796055868268013,0.0488431379199028,0.017247134819626808,0.05715884640812874,0.0,0.0,0.05191047862172127,6.249845318961889e-05,0.0,0.06815338134765625,-805,5.9270168131480006,184,-11,-978,-48201.25,-0.30413366854190826,0.38780131936073303,-0.04483458399772644,-10,-60,2,-140,47,47,0.25823501199040766
g18427.t1,A0A364L7I8,0.7064,28.5,1,192,2.817183379484323,8,59,125,35307.7734375,0.261465460062027,0.13544608652591705,0.5969194769859314,0.2686866223812103,0.32823288440704346,127,40,0,92,-15,25,39,-14,0.453125,0.0022720859851688147,0.0343090295791626,0.0019646012224256992,0.029614202678203583,0.010415629483759403,0.06359699368476868,0.13147777318954468,0.013018897734582424,0.05180530622601509,0.2582877278327942,0.010398892685770988,0.011824247427284718,0.1967550814151764,0.0061688912101089954,0.10941197723150253,0.0169973224401474,0.017738521099090576,0.022524001076817513,1,194,2.6899283719259715,7,59,128,34494.15234375,0.2040911316871643,0.16878356039524078,0.621618926525116,0.19995135068893433,0.42166754603385925,122,12,0,127,-24,15,36,-21,0.39690721649484534,0.02398376725614071,0.017463471740484238,0.00753797497600317,0.07830216735601425,0.010008665733039379,0.0,0.04386315122246742,0.16406196355819702,0.006730507127940655,0.1932208389043808,0.00550634553655982,0.03024652600288391,0.25760558247566223,0.0554162822663784,0.01916908472776413,0.003931182436645031,0.011418764479458332,0.0,0.01721116341650486,0.0,,0.06574127078056335,-2,0.12725500755835162,1,0,-3,813.62109375,0.05737432837486267,-0.03333747386932373,-0.02469944953918457,5,28,0,-35,9,7,0.05621778350515466
g3192.t1,A0A364L8K8,0.7045,35.0,1,243,2.8515525794392897,75,42,126,37060.5859375,0.12065663188695908,0.3342282772064209,0.545115053653717,0.3448982238769531,0.20021682977676392,176,26,0,462,-3,30,29,1,0.411522633744856,0.0179346464574337,0.054811857640743256,0.008226892910897732,0.004574556834995747,0.0686914399266243,0.008292392827570438,0.0264766626060009,0.005087000783532858,0.07547444105148315,0.31447556614875793,0.03042266145348549,0.13722044229507446,0.17374016344547272,0.0,0.0,0.012101532891392708,0.008806821890175343,0.05111513286828995,1,406,2.772766478987769,175,64,167,32516.78515625,0.21171508729457855,0.1584153026342392,0.6289969086647034,0.2986237704753876,0.3303731381893158,357,33,0,614,-4,31,36,-5,0.22660098522167488,0.045226264744997025,0.055178381502628326,0.0017838255735114217,0.009913659654557705,0.08171109855175018,0.02561611495912075,0.021209092810750008,0.07207204401493073,0.045986827462911606,0.25263696908950806,0.0008726837695576251,0.04190950095653534,0.2583010494709015,0.03486001864075661,0.005159808788448572,0.029271533712744713,0.0002552295627538115,0.0022925236262381077,0.009228119626641273,0.0,0.0,0.009062978439033031,-163,0.0787861004515209,-100,-22,-41,4543.80078125,-0.09105845540761948,0.1758129745721817,-0.08388185501098633,-181,-7,0,-152,1,6,0.1849216485231811
g6827.t1,A0A364KZS5,0.7037,18.6,1,176,1.7498201592905276,52,51,73,20316.9375,0.15511298179626465,0.44832873344421387,0.3384191691875458,0.189107283949852,0.14931190013885498,139,9,1,294,-5,11,13,-2,0.3068181818181818,0.004923130385577679,0.050460465252399445,0.0,0.021001840010285378,0.014567132107913494,0.02268820069730282,0.06269726157188416,0.025405090302228928,0.015750225633382797,0.12970435619354248,0.059402916580438614,0.21059846878051758,0.08661463111639023,0.05813911557197571,0.08609289675951004,0.0058397878892719746,0.0,0.13147804141044617,1,168,1.528044909950173,57,42,69,16496.466796875,0.2121565341949463,0.2595699429512024,0.5031071305274963,0.13486157357692719,0.36824557185173035,141,19,3,169,-4,10,15,-5,0.25595238095238093,0.05526990815997124,0.050612643361091614,0.008010277524590492,0.0005867704167030752,0.058045677840709686,0.00645447475835681,0.03434683382511139,0.11831515282392502,0.08936065435409546,0.04550091549754143,0.025166351348161697,0.10744298994541168,0.24993041157722473,0.07305103540420532,0.0,0.007110371254384518,0.0,0.014636454172432423,0.018748672679066658,,0.0,0.05204682797193527,8,0.22177524934035464,-5,9,4,3820.470703125,-0.05704355239868164,0.18875879049301147,-0.16468796133995056,-2,-10,-2,125,-1,3,0.05086580086580089
g9054.t1,A0A364L3C0,0.6999,21.5,1,291,2.047393218132021,98,70,123,25129.87109375,0.43365606665611267,0.3638971149921417,0.1758783757686615,0.1374237984418869,0.0384545736014843,253,23,12,237,0,11,4,7,0.23024054982817868,0.008853389881551266,0.03263823688030243,0.013299571350216866,0.08268629014492035,0.06051162630319595,0.07511099427938461,0.03226274996995926,0.008421370759606361,0.09267071634531021,0.06372653692960739,0.07369726151227951,0.1094745397567749,0.006191822700202465,0.026568494737148285,0.07389990985393524,0.07780728489160538,0.054529763758182526,0.0964696928858757,1,405,2.6164562324483,144,61,200,35577.0859375,0.3779895603656769,0.26898035407066345,0.3235967457294464,0.15138952434062958,0.17220722138881683,341,51,12,407,-15,17,26,-9,0.2271604938271605,0.011859935708343983,0.11168177425861359,0.006133669055998325,0.14561156928539276,0.055872004479169846,0.02702612429857254,0.004841525573283434,0.06519755721092224,0.032657451927661896,0.11873207241296768,0.029433395713567734,0.06939168274402618,0.10700967162847519,0.07101141661405563,0.011245770379900932,0.04749831557273865,0.0002567897317931056,0.010922995395958424,0.022969525307416916,0.0323931910097599,0.010102415457367897,0.0193309523165226,-114,-0.5690630143162791,-46,9,-77,-10447.21484375,0.05566650629043579,0.09491676092147827,-0.1477183699607849,-88,-28,0,-170,15,16,0.0030800560010181832
g1259.t1,A0A364LC66,0.697,15.1,1,191,1.5445783784625133,66,46,79,17340.41796875,0.2100527137517929,0.3317936956882477,0.4260016083717346,0.2959679961204529,0.13003356754779816,170,18,2,69,0,16,10,6,0.2094240837696335,0.00018182871281169355,0.013815322890877724,0.00037214168696664274,0.027081498876214027,0.029432548210024834,0.0007273148512467742,0.07866029441356659,0.031770866364240646,0.019972046837210655,0.24300743639469147,0.05296057462692261,0.17854464054107666,0.05137326568365097,0.03215193375945091,0.1461212933063507,0.006136095616966486,0.0,0.08731868863105774,1,239,1.6462750777813828,97,44,98,18094.3671875,0.21163871884346008,0.2294670194387436,0.5587158799171448,0.34446221590042114,0.21425370872020721,240,30,0,72,-9,17,17,0,0.21338912133891214,0.09092298150062561,0.026905089616775513,0.017899764701724052,0.01293995138257742,0.0176534540951252,0.02977905608713627,0.03843894228339195,0.1475069224834442,0.018113842234015465,0.32634836435317993,0.00017831771401688457,0.07814443111419678,0.066746786236763,0.048433300107717514,0.003922989591956139,0.054502811282873154,0.00037214168696664274,0.0,0.002139812568202615,0.005847183056175709,0.0,0.013575979508459568,-48,-0.10169669931886949,-31,2,-19,-753.94921875,-0.0015860050916671753,0.10232667624950409,-0.13271427154541016,-70,-12,2,-3,9,6,-0.003965037569278629
g6412.t1,A0A364L2K2,0.6934,30.9,1,152,1.8154133398516852,85,13,54,18219.9296875,0.32221719622612,0.24573446810245514,0.3924204111099243,0.16162802278995514,0.2307923585176468,130,13,1,73,-12,11,20,-9,0.3026315789473684,0.04250425100326538,0.07725293189287186,0.0,0.03806602582335472,0.0,0.1431606262922287,0.12813591957092285,0.0008854441693983972,0.009171728976070881,0.1571112722158432,0.004516750108450651,0.05740075930953026,0.10265642404556274,0.039628058671951294,0.07705853879451752,0.0,0.02142775058746338,0.1010235995054245,1,144,1.811695601907499,80,10,54,17343.970703125,0.22616398334503174,0.2608264088630676,0.5130095481872559,0.2883062958717346,0.22470331192016602,127,13,0,108,-11,13,17,-4,0.3263888888888889,0.033328380435705185,0.011635237373411655,0.022910548374056816,0.05030035600066185,0.03739257901906967,0.01783369481563568,0.06653173267841339,0.1683770716190338,0.1308605670928955,0.1574457287788391,,0.01586371473968029,0.0563262477517128,0.07803279161453247,0.0010907488176599145,0.04844231531023979,,0.0,0.008185439743101597,,0.0,0.09544284641742706,8,0.0037177379441861724,5,3,0,875.958984375,0.09605321288108826,-0.015091940760612488,-0.12058913707733154,3,0,1,-35,-1,-5,-0.023757309941520477
g17147.t1,A0A364L954,0.6905,11.1,1,141,1.4663900310620577,9,69,63,16577.0703125,0.3035757541656494,0.3396572172641754,0.3460448980331421,0.20544981956481934,0.14059512317180634,117,14,1,92,5,14,10,4,0.28368794326241137,0.020998835563659668,0.03194239363074303,0.0007608065498061478,0.06240816041827202,0.054100800305604935,0.0,0.07476316392421722,0.025042617693543434,0.18046627938747406,0.1926569789648056,0.012792824767529964,0.05599435791373253,0.06583195179700851,0.01072212215512991,0.09716569632291794,0.021994218230247498,0.046908024698495865,0.045450739562511444,1,186,2.678200848837478,10,64,112,29207.677734375,0.2543858289718628,0.3410366475582123,0.38197848200798035,0.1655595302581787,0.21641893684864044,115,17,1,160,-3,15,15,0,0.3870967741935484,0.0005523455329239368,0.06685475260019302,0.050280824303627014,0.013493822887539864,0.05026344582438469,0.01902804523706436,0.02195747382938862,0.1386844515800476,0.10208507627248764,0.06347446888685226,0.022599078714847565,0.039251312613487244,0.07773450016975403,0.09110846370458603,0.019111156463623047,0.05776211991906166,0.0,0.0,0.03126275911927223,0.029565807431936264,0.010285978205502033,0.09464417397975922,-45,-1.2118108177754203,-1,5,-49,-12630.607421875,0.04918992519378662,-0.0013794302940368652,-0.03593358397483826,2,-3,0,-68,8,4,-0.10340883093113701
g15515.t1,A0A364KN09,0.6895,41.5,1,298,3.5824336478394323,119,0,179,51492.42578125,0.09304536879062653,0.35831794142723083,0.547759473323822,0.3056870698928833,0.2420724332332611,219,27,0,223,25,44,38,6,0.4664429530201342,0.01538125704973936,0.04646603763103485,0.0,0.0,0.035333242267370224,0.004386242013424635,0.05109913647174835,0.0014411937445402145,0.22945833206176758,0.27825403213500977,0.027433043345808983,0.04132148623466492,0.19097328186035156,0.0008772484143264592,0.037819307297468185,0.00012532119581010193,0.0,0.039567407220602036,1,103,2.0226806381400557,62,0,41,20295.46875,0.22366751730442047,0.15992474555969238,0.6164077520370483,0.3653326630592346,0.2510750889778137,76,13,0,94,5,21,17,4,0.4854368932038835,0.03797777369618416,0.014087485149502754,0.0,0.0027026371099054813,0.07788453996181488,0.0,0.026544813066720963,0.0819803923368454,0.12973496317863464,0.23559768497943878,,0.0,0.16909469664096832,0.1009690910577774,0.0,0.016472352668642998,0.0,6.346136069623753e-05,0.004133444745093584,0.0,,0.10282009094953537,195,1.5597530096993766,57,0,138,31196.95703125,-0.13062214851379395,0.19839319586753845,-0.06864827871322632,143,14,0,129,20,2,-0.01899394018374928
g19580.t1,A0A364KZ85,0.6864,34.2,1,241,2.569825178165303,87,25,129,32494.0,0.22919495403766632,0.2249806523323059,0.543838381767273,0.15659092366695404,0.3872474431991577,188,30,1,164,-23,20,38,-18,0.34024896265560167,0.01618536002933979,0.019260982051491737,0.021117566153407097,0.06521527469158173,0.04860103875398636,0.028398850932717323,0.22334083914756775,0.0006950767710804939,0.02368343248963356,0.09965788573026657,0.056933045387268066,0.033970948308706284,0.16390661895275116,0.0019859333988279104,0.05480765551328659,0.0,0.015986764803528786,0.12625263631343842,1,234,2.837061456184708,60,30,144,37693.2421875,0.22536830604076385,0.1339792162179947,0.6395527720451355,0.1350913643836975,0.504461407661438,151,7,2,194,-37,15,43,-28,0.3717948717948718,0.011042417027056217,0.008602410554885864,0.00972692109644413,0.022148964926600456,0.008602678775787354,0.022084834054112434,0.011069201864302158,0.31373676657676697,0.06042787805199623,0.07466348260641098,0.0010997789213433862,0.025578876957297325,0.19072459638118744,0.09383435547351837,0.001284001860767603,0.04296635836362839,0.0,0.0,0.049850232899188995,0.016520822420716286,0.0,0.0360354408621788,7,-0.26723627801940486,27,-5,-15,-5199.2421875,0.003826647996902466,0.09100143611431122,-0.09571439027786255,37,23,-1,-30,14,10,-0.031545909139270134
g11568.t1,A0A364KN06,0.6818,53.8,1,180,2.971874915130754,12,36,132,34304.9765625,0.22369249165058136,0.19440197944641113,0.5782535076141357,0.21829354763031006,0.3599599301815033,93,14,1,36,-9,23,28,-5,0.45555555555555555,0.020311539992690086,0.025907058268785477,0.019216012209653854,0.06103089079260826,0.013920103199779987,0.030065355822443962,0.11032471060752869,0.006671159993857145,0.007049523293972015,0.12799963355064392,0.09029390662908554,0.04710710048675537,0.2496352195739746,0.0036520378198474646,0.05057220906019211,0.027758726850152016,0.017964458093047142,0.08845112472772598,1,149,2.528432034893913,23,36,90,26647.15234375,0.19258661568164825,0.16195592284202576,0.6438832879066467,0.24900835752487183,0.3948749005794525,102,26,0,31,-8,20,26,-6,0.40939597315436244,0.010376966558396816,0.014651174657046795,0.05843165144324303,0.00951281376183033,0.02409573458135128,0.007507213857024908,0.011332294903695583,0.13677965104579926,0.05180022120475769,0.19720813632011414,0.0015740931266918778,0.02004338428378105,0.25809526443481445,0.059776585549116135,0.06799805164337158,0.051683008670806885,0.0020692048128694296,0.0,0.008354801684617996,0.004964448045939207,0.0,0.005814418196678162,31,0.44344288023684086,-11,0,42,7657.82421875,0.031105875968933105,0.032446056604385376,-0.06562978029251099,-9,-12,1,5,-1,1,0.04615958240119311
g4920.t3,A0A364LBV8,0.6795,16.2,1,306,2.604009486701002,189,12,105,27151.58203125,0.2725813686847687,0.2720043957233429,0.365825355052948,0.19576531648635864,0.17006005346775055,289,39,0,370,-3,18,16,2,0.238562091503268,0.03566858917474747,0.05269097909331322,0.005709104705601931,0.023113135248422623,0.05768044292926788,0.023242807015776634,0.06889481842517853,0.004018700681626797,0.03564074635505676,0.14537473022937775,0.0503905825316906,0.10202746093273163,0.10116522759199142,0.08958885073661804,0.03250988945364952,0.0025655936915427446,0.06758397817611694,0.07191739976406097,1,467,3.119220074941221,307,23,137,33631.1640625,0.2501388192176819,0.29236188530921936,0.4293442964553833,0.234023779630661,0.19532053172588348,500,73,0,243,-8,36,27,9,0.18629550321199143,0.036966606974601746,0.03785848990082741,0.0035822580102831125,0.050895582884550095,0.03326902166008949,0.016394661739468575,0.029229626059532166,0.05815243721008301,0.11728402972221375,0.11673973500728607,0.02815501019358635,0.0907103419303894,0.13716810941696167,0.06722746044397354,0.03109055571258068,0.06093792989850044,0.030216941609978676,0.0,0.014294938184320927,0.0,0.0,0.07004322856664658,-161,-0.5152105882402189,-118,-11,-32,-6479.58203125,0.022442549467086792,-0.020357489585876465,-0.0635189414024353,-211,-34,0,127,5,-7,0.05226658829127656
g9379.t2,A0A364L491,0.679,14.1,1,495,2.6409849150514453,182,137,176,36173.89453125,0.3522472381591797,0.2384823113679886,0.39554697275161743,0.19335544109344482,0.2021915167570114,479,57,25,277,-6,20,23,-3,0.19393939393939394,0.019180526956915855,0.01510600559413433,0.035983916372060776,0.07656572759151459,0.054320015013217926,0.05788903310894966,0.0319378599524498,0.006793820299208164,0.05194436013698578,0.10374429821968079,0.08961115777492523,0.07739261537790298,0.17025364935398102,0.013723519630730152,0.0651860311627388,0.038432784378528595,0.04067311808466911,0.0478607676923275,1,1025,4.069671214511262,257,192,576,88224.8203125,0.1844514012336731,0.41574546694755554,0.3575386703014374,0.22121979296207428,0.1363188773393631,720,96,23,218,-4,47,48,-1,0.23902439024390243,0.015421309508383274,0.07830104231834412,0.03769530728459358,0.03628656268119812,0.03883575648069382,0.017393920570611954,0.025551747530698776,0.05185801535844803,0.17595542967319489,0.0452643558382988,0.0422644205391407,0.11950984597206116,0.08446087688207626,0.029433194547891617,0.008374957367777824,0.07588411122560501,0.0,0.0034008254297077656,0.016629358753561974,0.022076362743973732,0.0021908620838075876,0.07661255449056625,-530,-1.4286862994598164,-75,-55,-400,-52050.92578125,0.1677958369255066,-0.17726315557956696,0.038008302450180054,-241,-39,2,59,-2,-2,-0.04508499630450849
g3990.t1,A0A364KQ54,0.6752,27.4,1,259,2.329165429580628,33,64,162,25688.548828125,0.21137242019176483,0.22488658130168915,0.5184397101402283,0.3705098032951355,0.14792987704277039,177,22,3,88,30,28,10,18,0.22393822393822393,0.00600887555629015,0.016447022557258606,0.11067686229944229,0.051858339458703995,0.040894877165555954,0.011178622953593731,0.05692589655518532,0.02053789049386978,0.0009819116676226258,0.19354960322380066,0.17696021497249603,0.03141480311751366,0.09100398421287537,0.04530131816864014,0.07305411994457245,0.008289765566587448,0.005643521901220083,0.044828109443187714,1,409,3.058064924221511,65,81,263,46610.58203125,0.25084710121154785,0.22337697446346283,0.5041671395301819,0.39825648069381714,0.10591062903404236,250,20,6,38,43,44,12,32,0.254278728606357,0.01681297831237316,0.03541673347353935,0.018586887046694756,0.020409876480698586,0.023197537288069725,0.023233836516737938,0.022571459412574768,0.019483419135212898,0.302030473947525,0.09622601419687271,0.02160879783332348,0.07392868399620056,0.0864272192120552,0.06233583390712738,0.019382571801543236,0.03746092692017555,0.014444288797676563,0.0,0.05903477966785431,0.026439685374498367,0.0,0.035412274301052094,-150,-0.7288994946408831,-32,-17,-101,-20922.033203125,-0.03947468101978302,0.0015096068382263184,0.014272570610046387,-73,2,-3,50,-13,-14,-0.03034050466813304
g1192.t1,A0A364L692,0.6724,37.8,1,721,3.7279018970424707,307,123,291,56303.7890625,0.1307472437620163,0.26507917046546936,0.4992351531982422,0.271592378616333,0.2276427298784256,610,88,7,123,-3,50,45,5,0.217753120665742,0.013387219049036503,0.06993542611598969,0.01118048932403326,0.027086149901151657,0.03489544615149498,0.014898259192705154,0.08049912750720978,0.012670625001192093,0.017689678817987442,0.15289077162742615,0.11870160698890686,0.09990665316581726,0.14714361727237701,0.10493847727775574,0.010819154791533947,0.011633122339844704,0.018027879297733307,0.053696293383836746,1,192,3.5429718928627296,29,26,137,34907.734375,0.3426043391227722,0.19661685824394226,0.40599876642227173,0.28461188077926636,0.12138681858778,100,14,3,68,-5,19,14,5,0.4427083333333333,0.03965640813112259,0.03923581540584564,0.03889443725347519,0.024693457409739494,0.057987477630376816,0.036476410925388336,0.03541039675474167,0.06415913254022598,0.14988021552562714,0.1347316950559616,0.05478006228804588,0.0230039544403553,0.05722770094871521,0.0680866688489914,0.022158080711960793,0.016674745827913284,0.0,0.0,0.08527981489896774,0.008266030810773373,0.006552834063768387,0.036844681948423386,529,0.18493000417974104,278,97,154,21396.0546875,-0.21185709536075592,0.0684623122215271,0.09323638677597046,510,74,4,55,2,0,-0.2249552126675913
g2428.t1,A0A364KPF9,0.6711,18.2,1,229,2.681107068061874,175,0,54,30427.09765625,0.40167301893234253,0.2499607801437378,0.33474522829055786,0.24531026184558868,0.08943500369787216,197,11,0,169,12,17,8,9,0.31004366812227074,0.0006362512358464301,0.041312478482723236,0.02037871442735195,0.08541040122509003,0.05283994600176811,0.0271467175334692,0.022797338664531708,0.00031087282695807517,0.0532013475894928,0.17423275113105774,0.07107750326395035,0.11053779721260071,0.06663765758275986,0.013620920479297638,0.09142757952213287,0.09044887125492096,0.036478400230407715,0.024219568818807602,1,176,2.023615915125306,145,0,31,19098.234375,0.3537561297416687,0.33224567770957947,0.2640380263328552,0.20748375356197357,0.05655427649617195,181,5,0,110,8,12,5,7,0.26704545454545453,0.015035551972687244,0.016725530847907066,0.15154039859771729,0.0854860320687294,0.05954120308160782,0.023821206763386726,0.026062123477458954,0.0454198494553566,0.048068687319755554,0.15941505134105682,0.04996023699641228,0.07979275286197662,0.011134415864944458,0.03293168172240257,0.0776485726237297,0.0,0.017284823581576347,0.0,0.05929189920425415,,,0.058124840259552,53,0.6574911529365677,30,0,23,11328.86328125,0.04791688919067383,-0.08228489756584167,0.07070720195770264,16,6,0,59,4,2,0.04299821357681621
g9095.t1,A0A364KN20,0.67,17.1,1,227,3.175433447336742,3,79,145,38521.76953125,0.538021445274353,0.28794553875923157,0.16230255365371704,0.15606480836868286,0.00623774528503418,113,10,1,76,4,12,4,8,0.44052863436123346,0.05520240589976311,0.03492291271686554,0.04217478632926941,0.05786004662513733,0.21668408811092377,0.13249124586582184,0.003700411878526211,0.017904814332723618,0.04725656658411026,0.13930290937423706,0.0167619027197361,0.11168541759252548,0.0025373331736773252,0.011730381287634373,0.06021980941295624,0.0,0.014909109100699425,0.034001052379608154,1,1767,5.39750782421781,459,224,1084,144031.625,0.25972989201545715,0.21044979989528656,0.5110170245170593,0.33516114950180054,0.1758558601140976,1212,177,8,626,24,123,81,42,0.2178834182229768,0.02238488756120205,0.05507650598883629,0.00042103484156541526,0.06312268227338791,0.07426571100950241,0.02141532674431801,0.008882394060492516,0.06461150199174881,0.17359048128128052,0.16157065331935883,0.018803313374519348,0.06227907910943031,0.11124435067176819,0.02042796090245247,0.03042800910770893,0.02159191109240055,0.0006547956145368516,0.0,0.027349282056093216,0.0003360247646924108,0.002109977649524808,0.06008889526128769,-1540,-2.222074376881068,-456,-145,-939,-105509.85546875,0.2782915532588959,0.07749573886394501,-0.3487144708633423,-1099,-167,-7,-550,-20,-34,0.22264521613825666
g8636.t1,A0A364KTK5,0.6654,19.6,1,257,1.8492381696623434,110,34,113,21964.2421875,0.27565115690231323,0.1656031757593155,0.518928587436676,0.2598102390766144,0.25911828875541687,247,30,5,101,1,17,20,-3,0.2178988326848249,0.026367852464318275,0.056615378707647324,0.0011751996353268623,0.035815875977277756,0.055087484419345856,0.008366599678993225,0.07726766169071198,0.0023503992706537247,0.031322259455919266,0.19603581726551056,0.06377439945936203,0.05829489976167679,0.1818506419658661,0.03981710597872734,0.11909449100494385,0.0,0.0,0.015845034271478653,1,245,1.859484908425645,89,39,117,20429.330078125,0.1829020231962204,0.24310792982578278,0.53740394115448,0.2388235330581665,0.2985803782939911,226,40,5,96,-6,15,19,-4,0.23673469387755103,0.045227088034152985,0.04168666899204254,0.0,0.07153414189815521,0.0254993699491024,0.006475415080785751,0.039585456252098083,0.10672556608915329,0.08309189230203629,0.155731663107872,0.03658609837293625,0.10249979794025421,0.1918548345565796,0.005920510273426771,0.012940028682351112,0.0346016027033329,0.03091885894536972,0.0,0.012778490781784058,0.0025269913021475077,0.0,0.024734394624829292,12,-0.010246738763301622,21,-5,-4,1534.912109375,0.09274913370609283,-0.07750475406646729,-0.018475353717803955,21,-10,0,5,7,1,-0.018835861192726122
g14312.t1,A0A364KKX8,0.6644,21.2,1,309,2.905674307403476,95,32,182,40345.015625,0.23261430859565735,0.4831660985946655,0.28295978903770447,0.1173657774925232,0.16559401154518127,198,23,9,130,-5,16,18,-2,0.33980582524271846,0.03168373182415962,0.20841585099697113,0.050245024263858795,0.07091832160949707,0.05706486105918884,0.010461987927556038,0.031105749309062958,0.025679221376776695,0.01483452320098877,0.028082240372896194,0.0892835408449173,0.13929307460784912,0.1344882696866989,0.0012598104076460004,0.01762891560792923,7.815056596882641e-05,0.04477836191654205,0.044698383659124374,1,351,3.057274798773907,124,42,185,41103.046875,0.17565029859542847,0.46648362278938293,0.3521922826766968,0.21518608927726746,0.1370062232017517,269,41,5,42,4,27,16,11,0.29914529914529914,0.036240726709365845,0.17487138509750366,0.0016377399442717433,0.03075190633535385,0.028380829840898514,0.015041373670101166,0.010656867176294327,0.04101108759641647,0.16275112330913544,0.05243496596813202,0.005673697218298912,0.17367731034755707,0.09599514305591583,0.000313995813485235,0.0356329120695591,0.034925177693367004,0.0,0.0,0.02544211782515049,0.0038464488461613655,0.0,0.07071516662836075,-42,-0.1516004913704312,-29,-10,-3,-758.03125,0.05696401000022888,0.016682475805282593,-0.06923249363899231,-71,-18,4,88,-9,-13,0.040660526097419325
g11756.t1,A0A364L1R9,0.6595,18.3,1,134,1.8975037254834155,58,23,53,19460.09375,0.40138357877731323,0.25209930539131165,0.33398672938346863,0.2036444991827011,0.1303422451019287,108,9,0,106,2,13,8,5,0.3582089552238806,0.0,0.03319036588072777,0.1152421236038208,0.040455982089042664,0.10953167080879211,0.009940632618963718,0.05353568494319916,0.009020895697176456,0.016112633049488068,0.05140890181064606,0.15223559737205505,0.054768018424510956,0.07680653035640717,0.012530367821455002,0.04946776106953621,0.04654534161090851,0.000994819332845509,0.02376524917781353,1,137,2.368935360911824,35,25,77,22715.421875,0.4525552988052368,0.07964477688074112,0.46149179339408875,0.3907661437988281,0.07072558999061584,84,10,0,35,12,19,8,11,0.34306569343065696,0.06221355125308037,0.0,0.02602754533290863,0.0026631781365722418,0.0641123577952385,0.18139110505580902,0.03393710404634476,0.025417277589440346,0.20139795541763306,0.18936820328235626,0.006308156996965408,0.00850900448858738,0.04530831426382065,0.07209756225347519,0.004945566412061453,0.00682287011295557,0.14444735646247864,0.0,0.006533937528729439,0.05859801918268204,0.0,0.0043482533656060696,-3,-0.4714316354284085,23,-2,-24,-3255.328125,-0.051171720027923584,0.17245452851057053,-0.12750506401062012,24,-1,0,71,-10,-6,0.015143261793223617
g4551.t1,A0A364LBT6,0.6583,25.4,1,142,2.1566445379236145,22,46,74,23968.32421875,0.14541013538837433,0.2878069281578064,0.5667829513549805,0.39894524216651917,0.1678377240896225,80,7,0,22,2,18,15,3,0.352112676056338,0.0,0.00484621524810791,0.007498238235712051,0.010500133037567139,0.042915232479572296,0.005760913249105215,0.05084813013672829,0.0,0.05800251662731171,0.24483247101306915,0.15411272644996643,0.1077684685587883,0.11698959767818451,0.0,0.0358993262052536,0.013057857751846313,0.03727666288614273,0.10969148576259613,1,190,3.0187952164851692,17,48,125,37355.234375,0.24022607505321503,0.24897761642932892,0.4848439395427704,0.25977733731269836,0.22506658732891083,98,7,0,93,-3,18,19,-1,0.46842105263157896,0.027105677872896194,0.04974093660712242,0.00871148519217968,0.0271765124052763,0.03292029723525047,0.01858406886458397,0.008894081227481365,0.05256911739706993,0.09140068292617798,0.1683766394853592,0.025952382013201714,0.040917571634054184,0.1724974662065506,0.0455540269613266,0.026674021035432816,0.05740401893854141,0.0,,0.03506023809313774,0.027151241898536682,,0.08330954611301422,-48,-0.8621506785615547,5,-2,-51,-13386.91015625,-0.0948159396648407,0.03882931172847748,0.08193901181221008,-18,0,0,-71,5,4,-0.11630837657524096
g11483.t1,A0A364KZ85,0.6417,24.2,1,189,2.7487863981264047,61,25,103,28982.81640625,0.29926812648773193,0.13256078958511353,0.5681711435317993,0.18292416632175446,0.38524696230888367,135,18,0,105,-15,15,30,-15,0.3492063492063492,0.02082018554210663,0.009786550886929035,0.016356637701392174,0.0912008211016655,0.019173135980963707,0.002431409666314721,0.27412861585617065,0.00454153073951602,0.030570155009627342,0.15256404876708984,0.030360126867890358,0.03505813330411911,0.11111834645271301,0.0,0.10641955584287643,0.03862764686346054,0.02059534192085266,0.036247774958610535,1,234,2.837061456184708,60,30,144,37693.2421875,0.22536830604076385,0.1339792162179947,0.6395527720451355,0.1350913643836975,0.504461407661438,151,7,2,194,-37,15,43,-28,0.3717948717948718,0.011042417027056217,0.008602410554885864,0.00972692109644413,0.022148964926600456,0.008602678775787354,0.022084834054112434,0.011069201864302158,0.31373676657676697,0.06042787805199623,0.07466348260641098,0.0010997789213433862,0.025578876957297325,0.19072459638118744,0.09383435547351837,0.001284001860767603,0.04296635836362839,0.0,0.0,0.049850232899188995,0.016520822420716286,0.0,0.0360354408621788,-45,-0.08827505805830338,1,-5,-41,-8710.42578125,0.07389982044696808,-0.0014184266328811646,-0.07138162851333618,-16,11,-2,-89,22,13,-0.02258852258852262
g7397.t1,A0A364KKE8,0.6397,24.7,1,204,2.2546124618325227,110,0,94,26503.041015625,0.200095072388649,0.2934451997280121,0.49912604689598083,0.3733935058116913,0.12573255598545074,143,26,1,239,17,24,11,13,0.3333333333333333,0.000730454979930073,0.052691150456666946,0.06864507496356964,0.04075320437550545,0.043459296226501465,0.021670162677764893,0.03176417574286461,0.0003652274899650365,0.07209865003824234,0.1806931495666504,0.1927003562450409,0.07470263540744781,0.09396838396787643,0.007333685178309679,0.046763770282268524,0.028363224118947983,0.003403238719329238,0.012749260291457176,1,123,1.9360939138636828,79,0,44,19708.126953125,0.26668307185173035,0.11646002531051636,0.56910640001297,0.438833087682724,0.13027332723140717,113,19,0,36,2,15,11,4,0.34146341463414637,0.027775822207331657,0.0132610397413373,0.05876420810818672,0.018991118296980858,0.0749821662902832,0.0063849445432424545,0.0,0.00927907507866621,0.1974492073059082,0.24138391017913818,0.04775043949484825,0.02181669883430004,0.12099426239728928,0.016214214265346527,0.03650505468249321,0.016010204330086708,0.014951741322875023,0.012193200178444386,0.013424755074083805,0.07240500301122665,0.0,0.006607868708670139,81,0.31851854796883994,31,0,50,6794.9140625,-0.06658799946308136,0.17698517441749573,-0.06998035311698914,30,7,1,203,15,9,-0.008130081300813052
g10723.t1,A0A364L8D2,0.638,11.1,1,278,2.0752657901712372,11,171,96,23793.189453125,0.33147138357162476,0.220084086060524,0.42898255586624146,0.21054930984973907,0.21843329071998596,233,34,0,151,5,15,10,5,0.19424460431654678,0.01809108629822731,0.03593611344695091,0.019920730963349342,0.06245652958750725,0.013495872728526592,0.037017885595560074,0.10217317938804626,0.024106452241539955,0.05091579258441925,0.045087192207574844,0.16546210646629333,0.011562764644622803,0.1162601038813591,0.01946200430393219,0.055331047624349594,0.0805511325597763,0.01451005320996046,0.07434605807065964,1,355,2.3661221929428398,56,193,106,28556.158203125,0.4595010578632355,0.2072465866804123,0.32004547119140625,0.17846187949180603,0.1415836215019226,314,23,0,291,-3,12,13,-1,0.21690140845070421,0.08911087363958359,0.027366288006305695,0.036084964871406555,0.0689026415348053,0.015589975751936436,0.015476986765861511,0.058703891932964325,0.06152351573109627,0.11793375015258789,0.06052813306450844,0.01320687960833311,0.04703085124492645,0.08006010204553604,0.13732053339481354,0.04877282679080963,0.0011170150246471167,0.05001775920391083,0.003296182956546545,0.07981625199317932,0.004510985221713781,0.0,0.036943573504686356,-77,-0.2908564027716025,-45,-22,-10,-4762.96875,-0.12802967429161072,0.012837499380111694,0.1089370846748352,-81,11,0,-140,8,6,-0.022656804134157438
g12820.t1,A0A364L9W4,0.6375,25.1,1,368,2.4443348459447383,61,128,179,31412.25,0.37180671095848083,0.2441805601119995,0.3290277123451233,0.2709738612174988,0.0580538734793663,271,28,2,449,-6,20,10,10,0.22282608695652173,0.013273482210934162,0.048060834407806396,0.0,0.06245144084095955,0.04107944294810295,0.06998057663440704,0.021799977868795395,0.023646850138902664,0.06929837912321091,0.09775647521018982,0.17321740090847015,0.04383743554353714,0.03625389561057091,0.05498507246375084,0.06004931405186653,0.02403324283659458,0.09754960983991623,0.05788196995854378,1,394,2.4306993264883383,53,160,181,31970.6875,0.3373316824436188,0.5126257538795471,0.1500425934791565,0.09895684570074081,0.05108575522899628,328,4,1,391,-16,7,9,-2,0.24619289340101522,0.059892456978559494,0.040653884410858154,0.012087001465260983,0.04036650434136391,0.08655594289302826,0.06063342094421387,0.06163785606622696,0.05059264972805977,,0.09895684570074081,0.0,0.046002499759197235,0.0004931057337671518,0.058765485882759094,0.0007041532662697136,0.10410778224468231,0.0033896337263286114,0.0014550909399986267,0.030413707718253136,0.0,0.0,0.2481367290019989,-26,0.013635519456399958,8,-32,-2,-558.4375,0.03447502851486206,-0.2684451937675476,0.1789851188659668,-57,24,1,58,10,12,-0.023366806444493488
g7070.t1,A0A364KZQ4,0.6359,20.0,1,202,1.6750418025097786,117,20,65,18242.109375,0.1898135244846344,0.17328138649463654,0.6202923655509949,0.36916986107826233,0.25112250447273254,196,20,0,312,4,19,16,3,0.26732673267326734,0.029873833060264587,0.04259426146745682,0.014868363738059998,0.03219097852706909,0.051686838269233704,0.00017687352374196053,0.1449456661939621,0.020482489839196205,0.02701215073466301,0.34878572821617126,0.02038414031267166,0.024464232847094536,0.10617685317993164,0.01661265827715397,0.03700507432222366,0.038879916071891785,0.0,0.04385989159345627,1,232,1.7669139458062122,115,20,97,18874.1484375,0.32427600026130676,0.3148058354854584,0.3526131212711334,0.15516088902950287,0.19745223224163055,219,10,3,245,-2,15,14,1,0.23275862068965517,0.06269155442714691,0.04858449846506119,0.03521084412932396,0.031213797628879547,0.17976877093315125,0.0,0.0102370111271739,0.08820069581270218,0.05270138382911682,0.10245952010154724,0.008305075578391552,0.07361967116594315,0.10925153642892838,0.016128338873386383,0.022355549037456512,0.05526464432477951,0.0,0.0,0.012118002399802208,0.0,0.0,0.09188917279243469,-30,-0.09187214329643356,2,0,-32,-632.0390625,-0.13446247577667236,-0.14152444899082184,0.26767924427986145,-23,10,-3,67,6,2,0.034568111983612176
g8636.t1,A0A364LE40,0.6338,18.8,1,257,1.8492381696623434,110,34,113,21964.2421875,0.27565115690231323,0.1656031757593155,0.518928587436676,0.2598102390766144,0.25911828875541687,247,30,5,101,1,17,20,-3,0.2178988326848249,0.026367852464318275,0.056615378707647324,0.0011751996353268623,0.035815875977277756,0.055087484419345856,0.008366599678993225,0.07726766169071198,0.0023503992706537247,0.031322259455919266,0.19603581726551056,0.06377439945936203,0.05829489976167679,0.1818506419658661,0.03981710597872734,0.11909449100494385,0.0,0.0,0.015845034271478653,1,238,1.8689112023844383,92,31,115,20392.3046875,0.223989337682724,0.2938676178455353,0.4440074861049652,0.18614134192466736,0.25786617398262024,228,24,0,137,-7,9,18,-9,0.24369747899159663,0.035333894193172455,0.044431015849113464,0.004678173456341028,0.0052213822491467,0.08790024369955063,0.004980192054063082,0.07422169297933578,0.049635495990514755,0.040738485753536224,0.14540286362171173,0.03813557326793671,0.08092094957828522,0.20823067426681519,0.016847725957632065,0.04998737573623657,0.04911872744560242,0.03091885894536972,0.0,0.017562832683324814,0.006155680399388075,0.0,0.0404970645904541,19,-0.019673032722094863,18,3,-2,1571.9375,0.05166181921958923,-0.1282644420862198,0.07492110133171082,19,6,5,-36,8,6,-0.025798646306771728
g11518.t1,A0A364KTW5,0.6304,17.4,1,504,2.747106705455714,140,150,214,39000.6640625,0.17374926805496216,0.16099058091640472,0.6454048156738281,0.5154024362564087,0.13000236451625824,432,44,12,266,12,41,25,16,0.19246031746031747,0.03726432844996452,0.03988640755414963,0.0008178747957572341,0.03680943697690964,0.03959749639034271,0.0005791138391941786,0.019500738009810448,0.03824875131249428,0.02609654888510704,0.4113657474517822,0.10403674840927124,0.032898642122745514,0.11050163954496384,0.019855313003063202,0.034762486815452576,0.024240046739578247,0.0004963832907378674,0.022455858066678047,1,519,2.6976055432576653,81,175,263,42469.9296875,0.21608687937259674,0.1887241154909134,0.5874215960502625,0.25663721561431885,0.330784410238266,352,34,15,108,-11,32,43,-11,0.19653179190751446,0.017108922824263573,0.043807461857795715,0.016797389835119247,0.05035590007901192,0.010554979555308819,0.004862239118665457,0.015980301424860954,0.10751745849847794,0.07467824220657349,0.18195897340774536,0.0077673750929534435,0.039589568972587585,0.22326697409152985,0.06361772865056992,0.04535037651658058,0.04921615123748779,0.0,0.0005865145358256996,0.02423672005534172,0.0,0.0,0.0233332309871912,-15,0.049501162198048565,59,-25,-49,-3469.265625,-0.04233761131763458,-0.027733534574508667,0.057983219623565674,80,10,-3,158,23,27,-0.004071474447196993
g17321.t1,A0A364L5E0,0.621,40.1,1,355,2.950300821102063,153,48,154,31343.37109375,0.1658967137336731,0.25813913345336914,0.5452871322631836,0.3516550362110138,0.19363214075565338,293,51,2,358,4,33,27,6,0.23098591549295774,0.005250037182122469,0.0554676428437233,0.012988487258553505,0.02404615841805935,0.014514808543026447,0.0016470705159008503,0.08996947109699249,0.023243170231580734,0.04634837806224823,0.2656727731227875,0.0859823003411293,0.0,0.10366267710924149,0.03067701868712902,0.05183466896414757,0.03942675143480301,0.00010294190724380314,0.11790204048156738,1,367,2.715795244287818,147,49,171,33109.640625,0.24190717935562134,0.18064118921756744,0.5527229309082031,0.34114307165145874,0.21157987415790558,308,39,4,306,-4,31,24,7,0.20435967302452315,0.025618335232138634,0.02841520681977272,0.0,0.08596716076135635,0.006659644655883312,0.009062882512807846,0.01101010013371706,0.04972267895936966,0.061414193361997604,0.27972888946533203,0.02472861111164093,0.05001554265618324,0.16185718774795532,0.05212491378188133,0.018125765025615692,0.03263482078909874,0.029074274003505707,0.00218940619379282,0.026163049042224884,0.01818544790148735,0.0,0.058565523475408554,-12,0.23450557681424522,6,-1,-17,-1766.26953125,-0.07601046562194824,0.0774979442358017,-0.007435798645019531,-15,12,-2,52,8,-1,0.02662624246843459
g8731.t1,A0A364KRL0,0.6197,8.8,1,204,2.1209919773537687,98,32,74,23047.4296875,0.3188368082046509,0.3746495544910431,0.22069133818149567,0.1613880842924118,0.05930325388908386,174,12,50,214,-4,10,11,-1,0.27450980392156865,0.002930339192971587,0.040674541145563126,0.0,0.09003928303718567,0.03191268444061279,0.01707950234413147,0.030151188373565674,0.006971070077270269,0.08728010207414627,0.08676473051309586,0.07462335377931595,0.1107187569141388,0.029152069240808487,0.08582233637571335,0.06927397102117538,0.1049969419836998,0.0001399959292029962,0.1092865988612175,1,241,1.8023226493098177,122,32,87,20002.544921875,0.15475063025951385,0.22216078639030457,0.6182493567466736,0.23234155774116516,0.3859078288078308,243,37,3,241,-7,16,20,-4,0.21161825726141079,0.012743235565721989,0.062046438455581665,0.0061296578496694565,0.01984073407948017,0.01855028048157692,0.006129658315330744,0.00992011558264494,0.10199714452028275,0.1320147067308426,0.10032684355974197,0.0048392037861049175,0.01834539882838726,0.2839106619358063,0.07555881887674332,0.01467523816972971,0.08676537126302719,0.00246406439691782,0.019718466326594353,0.006290964782238007,0.0009617056930437684,0.0,0.03895381838083267,-37,0.318669328043951,-24,0,-13,3044.884765625,0.16408617794513702,0.15248876810073853,-0.3975580185651779,-69,-25,47,-27,3,3,0.06289154666015787
g6368.t1,A0A364L866,0.6172,34.2,1,154,2.1758994708884005,45,21,88,25188.38671875,0.2555209994316101,0.22065797448158264,0.5215201377868652,0.32114437222480774,0.2003757357597351,110,10,0,51,-3,16,14,2,0.38311688311688313,0.000512386322952807,0.05873631685972214,0.02113473229110241,0.05731717497110367,0.07047276198863983,0.022160708904266357,0.0413723848760128,0.0011499489191919565,0.08942119777202606,0.23577851057052612,0.085365891456604,0.039414312690496445,0.1590033322572708,0.002300866646692157,0.07034378498792648,0.01818971522152424,0.015755878761410713,0.010801482014358044,1,135,2.015501171079272,53,23,59,20816.525390625,0.27872854471206665,0.43132925033569336,0.2869972884654999,0.13420341908931732,0.15279385447502136,106,16,0,25,-9,6,11,-5,0.34074074074074073,0.08034214377403259,0.015555980615317822,0.06265871226787567,0.042779795825481415,0.05655962601304054,0.00534016452729702,0.030835041776299477,0.04198775440454483,0.002125792670994997,0.1320776343345642,0.002944986103102565,0.12949751317501068,0.11080610752105713,0.0467420369386673,0.01518992893397808,0.0003041033342014998,0.0007685794844292104,,0.0317748486995697,,,0.19247789680957794,19,0.16039829980912845,-8,-2,29,4371.861328125,-0.023207545280456543,-0.21067127585411072,0.23452284932136536,4,-6,0,26,6,7,0.0423761423761424
g6448.t1,A0A364KKW4,0.615,40.7,1,129,2.873380461765209,47,2,80,29817.890625,0.3604658544063568,0.28795358538627625,0.33668777346611023,0.21522262692451477,0.12146514654159546,82,7,0,52,-3,12,13,-1,0.49612403100775193,0.010144452564418316,0.022994114086031914,0.049151040613651276,0.0896371454000473,0.046836968511343,0.008759946562349796,0.0523102693259716,0.016185754910111427,0.05483440309762955,0.06671451777219772,0.14850811660289764,0.07070018351078033,0.06915488839149475,0.01489280629903078,0.0679209902882576,0.07929206639528275,0.0,0.060293424874544144,1,483,3.326702106868584,216,30,237,48851.1640625,0.28820961713790894,0.2032550424337387,0.49435675144195557,0.33045101165771484,0.16390573978424072,383,55,6,117,-6,37,30,7,0.2484472049689441,0.032758887857198715,0.036576490849256516,0.0008390550501644611,0.03087761625647545,0.032184988260269165,0.058691103011369705,0.009743349626660347,0.04725901782512665,0.24393916130065918,0.08651185780763626,0.014178553596138954,0.04710622504353523,0.11664672195911407,0.04949646443128586,0.033882882446050644,0.04771164432168007,0.05787429213523865,0.013794668018817902,0.04431252181529999,0.00600513955578208,0.0,0.06127827242016792,-354,-0.453321645103375,-169,-28,-157,-19033.2734375,0.07225623726844788,0.08469854295253754,-0.15766897797584534,-301,-48,-6,-65,3,-8,0.24767682603880783
g6101.t1,A0A364KZ32,0.6135,19.4,1,243,2.092024919895347,205,0,38,23231.287109375,0.5886284112930298,0.19222475588321686,0.17011843621730804,0.1325140744447708,0.03760436549782753,246,11,3,264,5,8,4,4,0.25925925925925924,0.017038891091942787,0.032262735068798065,0.04278711602091789,0.15925297141075134,0.027935044839978218,0.0499996691942215,0.014260259456932545,0.01153359841555357,0.07544075697660446,0.11194080859422684,0.020573260262608528,0.03020056150853634,0.023344101384282112,0.049028392881155014,0.05911579355597496,0.2352346032857895,0.024444283917546272,0.0,1,268,2.6071743597069177,184,0,84,31187.685546875,0.4414435029029846,0.30970412492752075,0.23813509941101074,0.12104103714227676,0.11709407716989517,250,10,0,303,-5,10,11,-1,0.2947761194029851,0.05965356156229973,0.010841628536581993,0.08705869317054749,0.05110715329647064,0.046865466982126236,0.033312760293483734,0.00206911563873291,0.08403531461954117,0.08609558641910553,0.03494545817375183,0.010717268101871014,0.10286245495080948,0.0330587662756443,0.07310577481985092,0.02555357664823532,0.07585836946964264,0.015607180073857307,0.0,0.09048574417829514,0.06135944277048111,0.0,0.031013887375593185,-25,-0.5151494398115708,21,0,-46,-7956.3984375,0.14718490839004517,-0.1174793690443039,-0.0680166631937027,-4,1,3,-39,10,5,-0.03551686014372585
g17606.t1,A0A364L4N6,0.6095,19.8,1,220,3.2206613397347494,23,66,131,42491.59375,0.2324582040309906,0.5142225623130798,0.25278764963150024,0.21854369342327118,0.034243978559970856,116,14,0,0,12,22,9,13,0.4636363636363636,0.014503346756100655,0.005662139505147934,0.00029681032174266875,0.032718315720558167,0.04303468391299248,0.02923944965004921,0.011035649105906487,0.025672204792499542,0.055955126881599426,0.05519092082977295,0.16335275769233704,0.39679691195487976,0.023208335041999817,0.0005315362941473722,0.019581550732254982,0.02739996463060379,0.0644838735461235,0.029839392751455307,1,143,2.7661574338613506,10,62,71,29046.62109375,0.27301105856895447,0.3144536316394806,0.41086912155151367,0.23319588601589203,0.17767320573329926,93,8,0,19,4,14,10,4,0.4125874125874126,0.07635727524757385,0.08463889360427856,0.005331918131560087,0.02711370401084423,0.06387194246053696,0.013599728234112263,0.013293140567839146,0.03962331637740135,0.13724085688591003,0.09595503658056259,0.0016662245616316795,0.1229114681482315,0.1380498856306076,0.06090600788593292,0.016533436253666878,0.028181450441479683,0.001497014774940908,,0.012663306668400764,0.0019656706135720015,,0.06009674817323685,77,0.45450390587339884,13,4,60,13444.97265625,-0.04055285453796387,0.19976893067359924,-0.15808147192001343,23,6,0,-19,8,9,0.05104895104895102
g8504.t2,A0A364KYG3,0.6095,18.0,1,698,4.143144801139897,290,111,297,55399.51953125,0.1499190330505371,0.20841966569423676,0.6033775210380554,0.3727097809314728,0.23066772520542145,603,70,0,205,-1,56,50,6,0.19627507163323782,0.020565493032336235,0.044258393347263336,0.011336428113281727,0.023468632251024246,0.02660437487065792,0.00996926799416542,0.027292149141430855,0.009747013449668884,0.040342800319194794,0.23320883512496948,0.1395009458065033,0.04603957384824753,0.20337557792663574,0.0382838137447834,0.012950246222317219,0.01729769818484783,0.038364432752132416,0.05527980625629425,1,715,3.1164809079768623,238,155,322,50064.46875,0.30456191301345825,0.2532115578651428,0.409892201423645,0.18715879321098328,0.22273337841033936,604,69,6,286,-20,35,40,-5,0.20279720279720279,0.038701482117176056,0.05524379760026932,0.008270957507193089,0.09275157004594803,0.06346788257360458,0.018935704603791237,0.024910863488912582,0.10001301765441895,0.05051803216338158,0.1366407722234726,0.032334379851818085,0.04092082008719444,0.12272033840417862,0.05787508562207222,0.018393876031041145,0.04225971922278404,0.0006988969398662448,0.0014156568795442581,0.014436312951147556,0.0,0.0,0.08160541206598282,-17,1.0266638931630347,52,-44,-25,5335.05078125,-0.15464287996292114,-0.04479189217090607,0.1934853196144104,-1,1,-6,-81,19,11,-0.006522131163964967
g19580.t1,A0A364L8E6,0.6007,16.0,1,241,2.569825178165303,87,25,129,32494.0,0.22919495403766632,0.2249806523323059,0.543838381767273,0.15659092366695404,0.3872474431991577,188,30,1,164,-23,20,38,-18,0.34024896265560167,0.01618536002933979,0.019260982051491737,0.021117566153407097,0.06521527469158173,0.04860103875398636,0.028398850932717323,0.22334083914756775,0.0006950767710804939,0.02368343248963356,0.09965788573026657,0.056933045387268066,0.033970948308706284,0.16390661895275116,0.0019859333988279104,0.05480765551328659,0.0,0.015986764803528786,0.12625263631343842,1,172,2.5232750018583534,66,15,91,25887.55078125,0.31357187032699585,0.2160964012145996,0.46996498107910156,0.19043265283107758,0.2795323133468628,126,12,0,84,-17,11,24,-13,0.3430232558139535,0.007339375093579292,0.014284555800259113,0.05593369901180267,0.05155140161514282,0.02036658674478531,0.09212712943553925,0.017175810411572456,0.11932583898305893,0.09220067411661148,0.0982319638133049,0.00036680034827440977,0.02210300602018833,0.16020648181438446,0.14218738675117493,0.0,0.05325459688901901,0.0,0.0,0.0,0.0,0.0,0.053344737738370895,69,0.0465501763069498,21,10,38,6606.44921875,-0.08437691628932953,0.008884251117706299,0.07387340068817139,62,18,1,80,-6,-5,-0.002774293158351815
g7743.t1,A0A364L7Z6,0.5942,29.3,1,503,3.887454739699156,171,99,233,58581.94140625,0.16091705858707428,0.3280367851257324,0.5110461115837097,0.2706053555011749,0.24044078588485718,406,61,2,171,-5,55,51,4,0.32803180914512925,0.026732327416539192,0.1417854130268097,0.0028175690677016973,0.007604287937283516,0.06591610610485077,0.0016961010405793786,0.07604479789733887,0.013824592344462872,0.015885312110185623,0.2395082712173462,0.031097067520022392,0.09442248195409775,0.1643960028886795,0.0,0.02933969534933567,0.0034148043487221003,0.008812397718429565,0.059301432222127914,1,473,3.9685361427437518,37,111,325,72324.5625,0.1729375272989273,0.15389305353164673,0.6686109304428101,0.2684076428413391,0.4002033472061157,253,49,0,98,-57,42,88,-46,0.39112050739957716,0.027921289205551147,0.024660233408212662,0.01798349618911743,0.0332765094935894,0.05066794529557228,0.026955561712384224,0.021513549610972404,0.18474382162094116,0.01448526419699192,0.25392237305641174,0.004558559041470289,0.0363691970705986,0.21545948088169098,0.018636856228113174,0.004370962735265493,0.04399760067462921,0.01740134507417679,0.0,0.0111083984375,0.0,0.0,0.009368986822664738,30,-0.08108140304459566,134,-12,-92,-13742.62109375,-0.012020468711853027,0.1741437315940857,-0.15756481885910034,153,12,2,73,52,50,-0.0630886982544479
g4337.t1,A0A364L306,0.5917,25.3,1,204,2.2264776515908244,110,21,73,24002.69140625,0.23583896458148956,0.2030280977487564,0.531929075717926,0.5182676911354065,0.013661406002938747,167,13,3,77,33,32,2,30,0.3235294117647059,0.029951272532343864,0.03814544528722763,0.014321270398795605,0.061016395688056946,0.01850765384733677,0.05269434303045273,0.013530046679079533,0.004374710377305746,0.03479096665978432,0.28946131467819214,0.22880634665489197,0.0436449758708477,0.00013135967310518026,0.029203837737441063,0.04745655506849289,0.007124491035938263,0.01908825896680355,0.06775073707103729,1,174,2.056810536816174,68,25,81,23769.833984375,0.20480045676231384,0.26393774151802063,0.5026523470878601,0.43455520272254944,0.06809718161821365,141,16,0,79,19,21,7,14,0.3103448275862069,0.020940858870744705,0.04536808654665947,0.012919322587549686,0.03610716387629509,0.07517897337675095,0.0013574123149737716,0.025399168953299522,0.007172196637839079,0.1749240607023239,0.25963112711906433,0.028609393164515495,0.04988669976592064,0.06092498451471329,0.062316492199897766,0.004072236362844706,0.0029279913287609816,0.0,0.0,0.00027148245135322213,0.004555829800665379,0.0,0.12743648886680603,30,0.16966711477465024,42,-4,-8,232.857421875,0.03103850781917572,-0.06090964376926422,0.029276728630065918,26,-3,3,-2,14,16,0.013184584178498993
g17362.t1,A0A364LE35,0.5889,86.6,1,128,2.5986396276005843,32,34,62,20124.677734375,0.09695469588041306,0.29303666949272156,0.5967532396316528,0.45437753200531006,0.14237570762634277,107,10,6,3,15,22,9,13,0.4375,0.01048660185188055,0.04241957888007164,0.04557080194354057,0.06274566799402237,0.01843770034611225,0.0,0.03357545658946037,0.04940330609679222,0.02501795068383217,0.3381252586841583,0.11625229567289352,0.08363863080739975,0.1088002398610115,0.013255380094051361,0.0003145578084513545,0.003206556895747781,0.001763606327585876,0.046986378729343414,1,409,3.4964530705381995,181,38,190,40292.56640625,0.2122197449207306,0.21456806361675262,0.5489802956581116,0.39137211441993713,0.15760818123817444,318,27,9,225,18,45,23,22,0.26405867970660146,0.010573689825832844,0.04290667548775673,0.036444664001464844,0.08229275047779083,0.05717383697628975,0.012812471948564053,0.01637226901948452,0.053533948957920074,0.1605246514081955,0.23084746301174164,0.02423189766705036,0.024897128343582153,0.10407422482967377,0.01912490837275982,0.008961427956819534,0.057484325021505356,,0.0,0.02064003050327301,0.000640623620711267,0.011625259183347225,0.024837767705321312,-281,-0.8978134429376152,-149,-4,-128,-20167.888671875,-0.11526504904031754,0.07846860587596893,0.04777294397354126,-211,-17,-3,-222,-3,-9,0.17344132029339854
g17362.t1,A0A364KLM8,0.5848,50.0,1,128,2.5986396276005843,32,34,62,20124.677734375,0.09695469588041306,0.29303666949272156,0.5967532396316528,0.45437753200531006,0.14237570762634277,107,10,6,3,15,22,9,13,0.4375,0.01048660185188055,0.04241957888007164,0.04557080194354057,0.06274566799402237,0.01843770034611225,0.0,0.03357545658946037,0.04940330609679222,0.02501795068383217,0.3381252586841583,0.11625229567289352,0.08363863080739975,0.1088002398610115,0.013255380094051361,0.0003145578084513545,0.003206556895747781,0.001763606327585876,0.046986378729343414,1,154,3.9457079245426296,18,43,93,27976.23046875,0.13596278429031372,0.1957172453403473,0.6424440741539001,0.4468631148338318,0.19558092951774597,99,13,6,30,16,30,15,15,0.43506493506493504,0.049120064824819565,0.06311092525720596,0.004681270569562912,0.04021096229553223,0.001915939268656075,0.013124149292707443,0.058230262249708176,0.08766698837280273,0.08157501369714737,0.3652881383895874,0.025875909253954887,0.028699219226837158,0.10791395604610443,0.0003394153609406203,0.02894563041627407,0.02202667109668255,,0.0,0.002306634094566107,,0.00011270231334492564,0.018856190145015717,-26,-1.3470682969420453,14,-9,-31,-7851.552734375,-0.039008088409900665,0.09731942415237427,-0.045690834522247314,8,-3,0,-27,-1,-2,0.0024350649350649567
g5965.t1,A0A364L6B7,0.5806,62.8,1,216,2.243143771032309,178,0,38,23999.44140625,0.12794536352157593,0.35399025678634644,0.5180643200874329,0.2320980578660965,0.28596624732017517,214,30,0,167,-7,17,18,-1,0.25462962962962965,0.003202100982889533,0.04962029680609703,0.05625449866056442,0.026075726374983788,0.010080126114189625,0.024468546733260155,0.08018316328525543,0.009587911888957024,0.02637399733066559,0.14778465032577515,0.08431342244148254,0.1538860946893692,0.20578308403491974,0.0,0.02621118351817131,0.0262162983417511,0.00793211068958044,0.05826745927333832,1,261,1.9325339213287605,201,0,60,22021.03125,0.15491753816604614,0.21839983761310577,0.6149999499320984,0.17195218801498413,0.4430477023124695,277,45,0,237,-20,14,28,-14,0.23371647509578544,0.04556714743375778,0.07473350316286087,0.026245487853884697,0.04671017453074455,0.018541373312473297,0.0,0.009923350997269154,0.1110084280371666,0.04408592730760574,0.12786626815795898,0.011682679876685143,0.05415170267224312,0.3320392966270447,0.028274552896618843,0.01582428067922592,0.015498419292271137,0.0037592784501612186,0.0,0.0,0.0,0.0,0.037847377359867096,-45,0.31060984970354855,-23,0,-22,1978.41015625,-0.026972174644470215,0.13559041917324066,-0.09693562984466553,-63,-15,0,-70,13,13,0.020913154533844208
g5964.t1,A0A364KZ98,0.579,13.7,1,257,2.890078713983306,58,49,150,36655.14453125,0.3190099000930786,0.31345880031585693,0.30644720792770386,0.18326003849506378,0.12318716198205948,189,27,4,185,0,20,16,4,0.35019455252918286,0.008846311829984188,0.07365413010120392,0.01762411557137966,0.04506848007440567,0.030544182285666466,0.012675510719418526,0.03492312878370285,0.013111067935824394,0.0,0.14771808683872223,0.035541944205760956,0.13569091260433197,0.08826404064893723,0.06108405068516731,0.046277642250061035,0.15617649257183075,0.019421279430389404,0.02295568957924843,1,182,2.553826016681035,46,38,98,24858.2109375,0.423011839389801,0.21014659106731415,0.35498669743537903,0.28695881366729736,0.06802785396575928,144,11,0,41,1,14,10,4,0.3516483516483517,0.08438443392515182,0.09196852147579193,0.0,0.0355616956949234,0.07808176428079605,0.02977956086397171,0.03504383563995361,0.054833244532346725,0.1508881002664566,0.13607071340084076,0.011855022981762886,0.02619260363280773,0.013194601982831955,0.07093781977891922,0.006554596126079559,0.03995326906442642,0.0,0.050422895699739456,0.11771199852228165,0.0,0.0,0.01698833517730236,75,0.33625269730227103,12,11,52,11796.93359375,-0.10400193929672241,0.10331220924854279,-0.04853948950767517,45,16,4,144,-1,0,-0.0014537991191688193
g8504.t1,A0A364KYG3,0.5766,18.0,1,669,3.899974050034017,262,101,306,56793.95703125,0.19244912266731262,0.1890450268983841,0.5949262976646423,0.38026270270347595,0.21466363966464996,529,67,0,164,-1,60,44,16,0.22122571001494767,0.01808399148285389,0.04234341159462929,0.004817137494683266,0.02848919667303562,0.018963363021612167,0.027093874290585518,0.018103471025824547,0.013390335254371166,0.044290415942668915,0.2573702335357666,0.12289243936538696,0.03225267305970192,0.19656017422676086,0.023579519242048264,0.02810930833220482,0.03966715559363365,0.0316445492208004,0.045967165380716324,1,715,3.1164809079768623,238,155,322,50064.46875,0.30456191301345825,0.2532115578651428,0.409892201423645,0.18715879321098328,0.22273337841033936,604,69,6,286,-20,35,40,-5,0.20279720279720279,0.038701482117176056,0.05524379760026932,0.008270957507193089,0.09275157004594803,0.06346788257360458,0.018935704603791237,0.024910863488912582,0.10001301765441895,0.05051803216338158,0.1366407722234726,0.032334379851818085,0.04092082008719444,0.12272033840417862,0.05787508562207222,0.018393876031041145,0.04225971922278404,0.0003976800653617829,0.005983894690871239,0.014436312951147556,0.0,0.0,0.08160541206598282,-46,0.7834931420571549,24,-54,-16,6729.48828125,-0.11211279034614563,-0.06416653096675873,0.18503409624099731,-75,-2,-6,-122,19,21,0.01842850721774489
g10910.t1,A0A364LAJ8,0.5673,10.5,1,353,2.0973131337787545,97,98,158,24941.53515625,0.21020451188087463,0.0971151813864708,0.6702383756637573,0.4509773850440979,0.21926099061965942,322,27,18,158,-4,27,24,3,0.19830028328611898,0.0049040489830076694,0.02361469529569149,0.0139326062053442,0.031441036611795425,0.050486691296100616,0.048811253160238266,0.10738832503557205,0.007179520092904568,0.002401886275038123,0.2835428714752197,0.1674344837665558,0.011291055008769035,0.11187265068292618,0.022441957145929337,0.05360740050673485,0.0023256095591932535,0.018628470599651337,0.038695402443408966,1,367,2.0445616621200595,121,81,165,24325.18359375,0.2689216732978821,0.16750136017799377,0.5542249083518982,0.2820298969745636,0.272195041179657,333,37,13,81,-2,24,26,-2,0.19346049046321526,0.02325994148850441,0.062029533088207245,0.0,0.004753951448947191,0.08539698272943497,0.009948166087269783,0.029788820073008537,0.1704011857509613,0.07693714648485184,0.20509271323680878,0.009352014400064945,0.029539769515395164,0.10179385542869568,0.11611609160900116,0.016182349994778633,0.009478191845119,0.0,0.0,0.013264220207929611,0.0,0.0,0.036665044724941254,-14,0.05275147165869498,-24,17,-7,616.3515625,-0.058717161417007446,-0.07038617879152298,0.11601346731185913,-11,-10,5,77,-2,5,0.004839792822903727
g14897.t1,A0A364L8K3,0.566,13.7,1,192,2.1713683709361433,104,3,85,23644.66796875,0.36279749870300293,0.3186495900154114,0.31122565269470215,0.26097410917282104,0.050251543521881104,186,11,2,239,8,14,5,9,0.3125,0.06594612449407578,0.020753905177116394,0.0,0.09234904497861862,0.009279265068471432,0.048700589686632156,0.04998484253883362,0.021081967279314995,0.05359147861599922,,0.26097410917282104,0.08968473225831985,0.0002666974032763392,0.007327308412641287,0.0751633420586586,0.0573037751019001,0.00941572617739439,0.13215720653533936,1,227,2.347659443444894,116,3,108,28944.927734375,0.3376277685165405,0.2899383306503296,0.3525576591491699,0.11661636829376221,0.23594129085540771,201,10,2,244,-14,5,18,-13,0.32158590308370044,0.05740005522966385,0.06229395791888237,0.04859457165002823,0.0714128240942955,0.062603659927845,0.027726009488105774,0.0179539043456316,0.14631402492523193,0.0873790979385376,0.029237275943160057,0.019876273348927498,0.036011192947626114,0.08962728828191757,0.044267792254686356,0.010255414992570877,0.029092997312545776,0.004639632534235716,0.0013802926987409592,0.06396199762821198,0.0,0.0,0.09599170833826065,-35,-0.17629107250875053,-12,0,-23,-5300.259765625,0.025169730186462402,0.028711259365081787,-0.04133200645446777,-15,1,0,-5,22,22,-0.009085903083700442
g8640.t1,A0A364KZC1,0.5615,40.9,1,188,3.4479473025801397,40,19,129,41931.2734375,0.24944724142551422,0.2682850658893585,0.4713219404220581,0.3610803484916687,0.1102416142821312,84,5,0,264,18,30,11,19,0.4521276595744681,0.024546552449464798,0.057569779455661774,0.055777713656425476,0.02016049437224865,0.07264961302280426,0.05124766752123833,0.008647325448691845,0.007369557395577431,0.0627060979604721,0.10865096002817154,0.25242939591407776,0.07693597674369812,0.10159429162740707,0.010945701971650124,0.008920414373278618,0.0306866392493248,0.01115401554852724,0.007925937883555889,1,163,3.0659400524133016,40,17,106,33687.22265625,0.22450730204582214,0.16950468719005585,0.5896061062812805,0.37028029561042786,0.21932575106620789,95,9,0,166,11,28,16,12,0.44785276073619634,0.02231662906706333,0.005143707152456045,0.011098907329142094,0.010727306827902794,0.09153653681278229,0.0,0.029059063643217087,0.024256624281406403,0.27852365374565125,0.0917566791176796,0.016381949186325073,0.025348488241434097,0.19506914913654327,0.038377705961465836,0.003926960285753012,0.019083406776189804,0.030081843957304955,0.0,0.04105229675769806,0.01656985841691494,,0.07977110892534256,25,0.3820072501668381,0,2,23,8244.05078125,0.024939939379692078,0.09878037869930267,-0.11828416585922241,-11,-4,0,98,7,7,0.004274898838271757
g17056.t1,A0A364L0B0,0.5608,14.0,1,303,1.9716711723186628,137,56,110,22106.390625,0.1592468023300171,0.2542554438114166,0.5650888085365295,0.40231066942214966,0.1627781242132187,286,29,0,224,8,28,16,12,0.20462046204620463,0.04416033625602722,0.09541546553373337,0.00014262780314311385,0.0002919107209891081,0.04145132005214691,0.004372005350887775,0.028400029987096786,0.014874137006700039,0.04054427146911621,0.4002934396266937,0.00201729079708457,0.08480876684188843,0.1343781054019928,0.02140888385474682,0.06692787259817123,0.0011676428839564323,0.0008757321047596633,0.01847018674015999,1,343,2.002252269222002,181,55,107,22503.31640625,0.19748620688915253,0.2163277119398117,0.5742990970611572,0.237934410572052,0.33636462688446045,310,17,1,400,-5,20,25,-5,0.1749271137026239,0.016931574791669846,0.025664737448096275,0.025881951674818993,0.01153540052473545,0.0534810833632946,0.0,0.03252323716878891,0.0965997576713562,0.11095833778381348,0.12697607278823853,0.011886983178555965,0.07502926141023636,0.23976488411426544,0.04870199039578438,0.03437040001153946,0.03339549899101257,0.0,,0.032465748488903046,0.0,0.0,0.0238330215215683,-40,-0.0305810969033391,-44,1,3,-396.92578125,-0.03823940455913544,0.03792773187160492,-0.009210288524627686,-24,12,-1,-176,13,17,0.029693348343580728
g3978.t1,A0A364KLM8,0.555,75.4,1,173,3.7284815093430272,27,42,104,28789.15234375,0.16279107332229614,0.2874334454536438,0.5475403666496277,0.4161463975906372,0.13139395415782928,108,16,6,40,23,33,13,20,0.4277456647398844,0.04625784233212471,0.06954866647720337,0.0027507739141583443,0.024849653244018555,0.03113642893731594,0.0360012948513031,0.058318257331848145,0.07275652140378952,0.010287909768521786,0.3204761743545532,0.09567023068666458,0.09479855000972748,0.07307568937540054,0.0022351073566824198,0.0034757591784000397,0.013897309079766273,0.007172803860157728,0.030062709003686905,1,154,3.9457079245426296,18,43,93,27976.23046875,0.13596278429031372,0.1957172453403473,0.6424440741539001,0.4468631148338318,0.19558092951774597,99,13,6,30,16,30,15,15,0.43506493506493504,0.049120064824819565,0.06311092525720596,0.004681270569562912,0.04021096229553223,0.001915939268656075,0.013124149292707443,0.058230262249708176,0.08766698837280273,0.08157501369714737,0.3652881383895874,0.025875909253954887,0.028699219226837158,0.10791395604610443,0.0003394153609406203,0.02894563041627407,0.02202667109668255,,0.007228315342217684,0.002306634094566107,,0.00011270231334492564,0.018856190145015717,19,-0.2172264151996024,9,-1,11,812.921875,0.026828289031982422,0.09171620011329651,-0.09490370750427246,9,3,0,10,7,5,-0.007319270325050642
g9207.t1,A0A364L7D3,0.5475,24.8,1,870,6.641111418412547,623,14,233,75213.875,0.16789984703063965,0.25097161531448364,0.553777813911438,0.2895544469356537,0.2642233967781067,841,117,1,390,-15,85,85,0,0.25517241379310346,0.0364379808306694,0.0362580232322216,0.0037018321454524994,0.018914232030510902,0.04916103184223175,0.00801708921790123,0.07745243608951569,0.01737734116613865,0.026756858453154564,0.19002600014209747,0.09952844679355621,0.10404102504253387,0.1867709457874298,0.02735077776014805,0.0398745983839035,0.0001715931430226192,0.012011520564556122,0.06283651292324066,1,641,7.521481397633294,448,9,184,60360.84375,0.1612597107887268,0.19747890532016754,0.5857410430908203,0.26426899433135986,0.32147204875946045,632,63,5,447,-38,44,72,-28,0.25585023400936036,0.01203679759055376,0.029327958822250366,0.007734694518148899,0.06696952879428864,0.022659745067358017,0.020033173263072968,0.017406703904271126,0.12604869902133942,0.1798032969236374,0.08446568250656128,0.05552036687731743,0.04104095324873924,0.19542336463928223,0.033094942569732666,0.0032072574831545353,0.06430204212665558,0.003311803098767996,0.0,0.0009597399039193988,0.0022985346149653196,0.0029375487938523293,0.034728992730379105,229,-0.8803699792207471,175,5,49,14853.03125,0.006640136241912842,0.0534927099943161,-0.031963229179382324,209,54,-4,-57,23,28,-0.0006778202162568969
g16879.t1,A0A364L403,0.5429,19.3,1,140,4.070655885642068,90,0,50,39922.21875,0.3654177784919739,0.1668960154056549,0.46194788813591003,0.20896033942699432,0.2529875338077545,90,1,0,60,-4,16,22,-6,0.7142857142857143,0.040662411600351334,0.009909688495099545,0.045820772647857666,0.10539034754037857,0.00800126139074564,0.009940959513187408,0.047161053866147995,0.0018954772967845201,0.03988819569349289,0.1312621831893921,0.07769817858934402,0.051487453281879425,0.20582646131515503,0.005738277919590473,0.06209232285618782,0.08324543386697769,0.02953803725540638,0.015929942950606346,1,161,4.928916273019087,101,0,60,38733.8046875,0.46353355050086975,0.16821780800819397,0.363006055355072,0.1385629028081894,0.2244431972503662,124,2,0,11,-16,12,25,-13,0.639751552795031,0.03821025416254997,0.05819995328783989,0.024341439828276634,0.15904925763607025,0.020658530294895172,0.023740649223327637,0.0022491139825433493,0.02735087089240551,0.04642125219106674,0.09214164316654205,0.005242523271590471,0.03891131281852722,0.19709229469299316,0.08645772188901901,0.056059349328279495,0.03402253985404968,0.026547012850642204,0.001964487601071596,0.05289582908153534,0.026461979374289513,,0.01049344427883625,-21,-0.8582603873770198,-11,0,-10,1188.4140625,-0.09811577200889587,-0.0013217926025390625,0.09894183278083801,-34,-1,0,49,12,7,0.07453416149068326
g7435.t1,A0A364L1X2,0.5362,12.3,1,147,1.9100186389879357,9,77,61,20329.58984375,0.3472413122653961,0.4858601689338684,0.1572684496641159,0.11026427149772644,0.04700416326522827,99,2,6,197,-2,7,5,2,0.3469387755102041,0.003809083718806505,0.038468774408102036,0.05315149948000908,0.05856465548276901,0.04761354625225067,0.011744674295186996,0.03847040981054306,0.02061043120920658,0.013244454748928547,0.06137647479772568,0.048887792974710464,0.10026969760656357,0.00853375717997551,0.009630111046135426,0.07137533277273178,0.12244953960180283,0.029011700302362442,0.25965002179145813,1,199,1.9487154601505232,20,86,93,21339.755859375,0.25803688168525696,0.2165154367685318,0.4574545621871948,0.18028518557548523,0.277169406414032,169,28,0,183,-7,13,20,-7,0.2663316582914573,0.014515087008476257,0.02661396935582161,0.0,0.0331125445663929,0.056946806609630585,0.005913516040891409,0.038517944514751434,0.08266216516494751,0.0355614572763443,0.14472371339797974,0.06799308955669403,0.021313413977622986,0.19450725615024567,0.11621516197919846,0.019181568175554276,0.0744524747133255,0.002672772388905287,0.00046528028906323016,0.0015119884628802538,0.01064023096114397,0.0,0.05561764910817146,-52,-0.03869682116258755,-11,-9,-32,-1010.166015625,0.08920443058013916,0.2693447321653366,-0.3001861125230789,-70,-26,6,14,5,9,0.0806071172187468
g9275.t1,A0A364KZX5,0.526,17.5,1,143,2.2094791523677535,33,41,69,20855.189453125,0.2159562110900879,0.23212751746177673,0.527164101600647,0.43795454502105713,0.08920956403017044,102,11,0,42,20,26,7,19,0.3706293706293706,0.014852344058454037,0.035008322447538376,0.02286769077181816,0.0652707889676094,0.041669923812150955,0.0,0.028876278549432755,0.032685570418834686,0.037645962089300156,0.22576434910297394,0.2121901959180832,0.047784965485334396,0.060333285480737686,0.024752099066972733,0.07143107056617737,0.000302369415294379,0.022429700940847397,0.056135017424821854,1,161,2.028024067976774,8,53,100,23508.18359375,0.1749202162027359,0.11768244206905365,0.6686849594116211,0.6256001591682434,0.04308474436402321,92,5,1,59,24,28,4,24,0.2795031055900621,0.004666569642722607,0.043942127376794815,0.03668169677257538,0.02464589849114418,0.024911031126976013,0.012876658700406551,0.012732096016407013,0.035171493887901306,0.24025613069534302,0.38534408807754517,0.03871237114071846,0.0040581077337265015,0.007913252338767052,0.006026039831340313,0.0022988643031567335,0.011578167788684368,0.0,0.0,0.09462978690862656,0.0048653800040483475,0.0,0.008690256625413895,-18,0.18145508439097968,25,-12,-31,-2652.994140625,0.04103599488735199,0.11444507539272308,-0.14152085781097412,10,6,-1,-17,-4,-5,0.09112626503930854
g17056.t1,A0A364L0Z7,0.5077,18.3,1,303,1.9716711723186628,137,56,110,22106.390625,0.1592468023300171,0.2542554438114166,0.5650888085365295,0.40231066942214966,0.1627781242132187,286,29,0,224,8,28,16,12,0.20462046204620463,0.04416033625602722,0.09541546553373337,0.00014262780314311385,0.0002919107209891081,0.04145132005214691,0.004372005350887775,0.028400029987096786,0.014874137006700039,0.04054427146911621,0.4002934396266937,0.00201729079708457,0.08480876684188843,0.1343781054019928,0.02140888385474682,0.06692787259817123,0.0011676428839564323,0.0008757321047596633,0.01847018674015999,1,350,2.0216641436902862,145,57,148,24080.43359375,0.27676883339881897,0.2405792623758316,0.4672694802284241,0.25384628772735596,0.2134232372045517,315,26,6,158,-8,16,18,-2,0.17714285714285713,0.05302269011735916,0.04535079374909401,0.0045827459543943405,0.05774637311697006,0.05158629268407822,0.004101770464330912,0.08735080808401108,0.08297081291675568,0.06316109746694565,0.19068515300750732,0.015382353216409683,0.0065604611299932,0.13045240938663483,0.06533774733543396,0.012193122878670692,0.05486129969358444,0.0,,0.01793595962226391,0.014844901859760284,0.0,0.041873153299093246,-47,-0.049992971371623396,-8,-1,-38,-1974.04296875,-0.11752203106880188,0.013676181435585022,0.09781932830810547,-29,3,-6,66,16,14,0.027477604903347497
