incendi_protein,ortholog_accession,alntmscore,pident,incendi_num_chains,incendi_num_residues,incendi_rg_nm,incendi_helix_num,incendi_strand_num,incendi_coil_num,incendi_total_sasa_A2,incendi_frac_sasa_hydrophobic,incendi_frac_sasa_polar,incendi_frac_sasa_charged,incendi_frac_sasa_pos,incendi_frac_sasa_neg,incendi_num_hbonds,incendi_num_salt_bridges,incendi_num_disulfides,incendi_num_pipi,incendi_net_charge,incendi_num_exposed_pos,incendi_num_exposed_neg,incendi_surface_net_charge,incendi_highly_exposed_frac,incendi_frac_sasa_PHE,incendi_frac_sasa_TRP,incendi_frac_sasa_PRO,incendi_frac_sasa_GLU,incendi_frac_sasa_LYS,incendi_frac_sasa_GLY,incendi_frac_sasa_CYS,incendi_frac_sasa_MET,incendi_frac_sasa_VAL,incendi_frac_sasa_ASN,incendi_frac_sasa_THR,incendi_frac_sasa_ILE,incendi_frac_sasa_SER,incendi_frac_sasa_HIS,incendi_frac_sasa_ASP,incendi_frac_sasa_TYR,incendi_frac_sasa_ARG,incendi_frac_sasa_ALA,incendi_frac_sasa_LEU,incendi_frac_sasa_GLN,ortholog_num_chains,ortholog_num_residues,ortholog_rg_nm,ortholog_helix_num,ortholog_strand_num,ortholog_coil_num,ortholog_total_sasa_A2,ortholog_frac_sasa_hydrophobic,ortholog_frac_sasa_polar,ortholog_frac_sasa_charged,ortholog_frac_sasa_pos,ortholog_frac_sasa_neg,ortholog_num_hbonds,ortholog_num_salt_bridges,ortholog_num_disulfides,ortholog_num_pipi,ortholog_net_charge,ortholog_num_exposed_pos,ortholog_num_exposed_neg,ortholog_surface_net_charge,ortholog_highly_exposed_frac,ortholog_frac_sasa_PHE,ortholog_frac_sasa_TRP,ortholog_frac_sasa_PRO,ortholog_frac_sasa_GLU,ortholog_frac_sasa_LYS,ortholog_frac_sasa_GLY,ortholog_frac_sasa_MET,ortholog_frac_sasa_VAL,ortholog_frac_sasa_ASN,ortholog_frac_sasa_THR,ortholog_frac_sasa_ILE,ortholog_frac_sasa_SER,ortholog_frac_sasa_HIS,ortholog_frac_sasa_ASP,ortholog_frac_sasa_TYR,ortholog_frac_sasa_ARG,ortholog_frac_sasa_ALA,ortholog_frac_sasa_LEU,ortholog_frac_sasa_GLN,ortholog_frac_sasa_CYS,diff_num_residues,diff_rg_nm,diff_helix_num,diff_strand_num,diff_coil_num,diff_total_sasa_A2,diff_frac_sasa_hydrophobic,diff_frac_sasa_polar,diff_frac_sasa_charged,diff_num_hbonds,diff_num_salt_bridges,diff_num_disulfides,diff_num_pipi,diff_net_charge,diff_surface_net_charge,diff_highly_exposed_frac
g8636.t1,I0HYF7,0.9942,65.5,1,257,1.8492381696623434,110,34,113,21964.2421875,0.27565115690231323,0.1656031757593155,0.518928587436676,0.2598102390766144,0.25911828875541687,247,30,5,101,1,17,20,-3,0.2178988326848249,0.0,0.03091885894536972,0.055087484419345856,0.1818506419658661,0.19603581726551056,0.0023503992706537247,0.0,0.11909449100494385,0.008366599678993225,0.015845034271478653,0.056615378707647324,0.0,0.031322259455919266,0.03981710597872734,0.07726766169071198,0.0011751996353268623,0.06377439945936203,0.026367852464318275,0.035815875977277756,0.05829489976167679,1,248,1.74567616007796,118,35,95,19457.18359375,0.17610539495944977,0.12729139626026154,0.689876139163971,0.319987952709198,0.3698882460594177,237,23,0,142,-1,19,21,-2,0.22983870967741934,0.008954713121056557,0.03209502622485161,0.03449222818017006,0.28766539692878723,0.19211676716804504,0.019910184666514397,0.02608656696975231,0.0016582801472395658,0.021811049431562424,0.009949681349098682,0.015229192562401295,0.028690990060567856,0.006727080792188644,0.08222281187772751,0.007594063878059387,0.12787115573883057,0.05593111366033554,0.0016582803800702095,0.03933542221784592,,9,0.10356200958438344,-8,-1,18,2507.05859375,0.09954576194286346,0.038311779499053955,-0.17094755172729492,10,7,5,-41,2,-1,-0.01193987699259444
g8504.t2,I0HZV7,0.9914,64.5,1,698,4.143144801139897,290,111,297,55399.51953125,0.1499190330505371,0.20841966569423676,0.6033775210380554,0.3727097809314728,0.23066772520542145,603,70,0,205,-1,56,50,6,0.19627507163323782,0.01729769818484783,0.0006988969398662448,0.02660437487065792,0.20337557792663574,0.23320883512496948,0.009747013449668884,0.0014156568795442581,0.012950246222317219,0.00996926799416542,0.05527980625629425,0.044258393347263336,0.038364432752132416,0.040342800319194794,0.0382838137447834,0.027292149141430855,0.011336428113281727,0.1395009458065033,0.020565493032336235,0.023468632251024246,0.04603957384824753,1,467,2.5199645727115483,187,103,177,28544.0,0.25408291816711426,0.22201316058635712,0.5239039063453674,0.2329719215631485,0.2909319996833801,440,60,0,203,-18,21,31,-10,0.17130620985010706,0.023632241412997246,,0.015010812319815159,0.1831859052181244,0.10016517341136932,0.03852938488125801,0.031899891793727875,0.01924651674926281,0.03936124965548515,0.03784850612282753,0.03590695932507515,0.03438744321465492,0.0,0.10774613171815872,0.006959014572203159,0.13280673325061798,0.0624343678355217,0.0659521296620369,0.06492755562067032,,231,1.6231802284283487,103,8,120,26855.51953125,-0.10416388511657715,-0.013593494892120361,0.07947361469268799,163,10,0,2,17,16,0.024968861783130764
g19137.t2,I0I5X5,0.9773,41.9,1,569,2.893005667893344,202,110,257,42669.1171875,0.22510617971420288,0.23743018507957458,0.5184895396232605,0.38653436303138733,0.13195517659187317,491,60,15,254,15,48,30,18,0.18980667838312829,0.04249722138047218,0.00022196753707248718,0.017615508288145065,0.07677000761032104,0.19825173914432526,0.006485894322395325,0.0,0.04015181586146355,0.023042753338813782,0.019558627158403397,0.037538252770900726,0.016407346352934837,0.06881581246852875,0.018974030390381813,0.05518516153097153,0.02152944728732109,0.18828262388706207,0.02524428814649582,0.05992529168725014,0.0835021585226059,1,490,2.448757469574152,190,114,186,29434.107421875,0.29170799255371094,0.2081352025270462,0.4966907203197479,0.26339098811149597,0.23329974710941315,458,51,7,330,-6,27,34,-7,0.17142857142857143,0.06541816145181656,0.02437300607562065,0.05794362351298332,0.17395983636379242,0.11382432281970978,0.0288500115275383,0.045843467116355896,0.01698530651628971,0.018175199627876282,0.06083983555436134,0.0,0.048922449350357056,0.0034661253448575735,0.05933991074562073,0.02358892373740673,0.1495666652917862,0.04513247311115265,0.03601192310452461,0.027758782729506493,0.0,79,0.4442481983191917,12,-4,71,13235.009765625,-0.06660181283950806,0.02929498255252838,0.021798819303512573,33,9,8,-76,21,25,0.018378106954556855
g993.t1,I0I3H9,0.9716,60.1,1,391,2.1962757915272944,128,99,164,25109.80859375,0.23503397405147552,0.2732967436313629,0.46269190311431885,0.3056989908218384,0.15699289739131927,393,57,23,373,-1,25,20,5,0.1867007672634271,0.02384405955672264,0.0,0.07299453765153885,0.06832105666399002,0.24923601746559143,0.03359481319785118,0.0,0.04113921523094177,0.003641469171270728,0.09088678658008575,0.028887681663036346,0.04612765461206436,0.03782058134675026,0.028977401554584503,0.08867184072732925,0.00963690597563982,0.05646299198269844,0.034308817237615585,0.01297824177891016,0.07246996462345123,1,404,2.205401236451216,136,95,173,25279.921875,0.2273446023464203,0.2864890396595001,0.48161768913269043,0.23421740531921387,0.24740029871463776,396,62,11,156,-9,17,21,-4,0.17326732673267325,0.021697567775845528,0.0,0.03735235333442688,0.21082739531993866,0.1650867760181427,0.02484498918056488,0.0347699373960495,0.03426297381520271,0.02263336442410946,0.059599991887807846,0.010401870124042034,0.027744576334953308,0.004548662807792425,0.03657291457056999,0.038223810493946075,0.06913062930107117,0.041935089975595474,0.046924807131290436,0.1134423017501831,0.0,-13,-0.009125444923921755,-8,4,-9,-170.11328125,0.007689371705055237,-0.013192296028137207,-0.018925786018371582,-3,-5,12,217,8,9,0.013433440530753848
g9582.t1,I0I1B5,0.9704,47.2,1,662,2.455538719520821,225,162,275,30119.490234375,0.21166224777698517,0.25988298654556274,0.48219841718673706,0.3267870843410492,0.15541133284568787,642,84,28,886,-3,28,24,4,0.13897280966767372,0.008881594054400921,0.007605865132063627,0.09702692180871964,0.10934823006391525,0.171965092420578,0.016182510182261467,0.0,0.019952263683080673,0.013570665381848812,0.04229828715324402,0.07792972773313522,0.015077739953994751,0.023203903809189796,0.04625634476542473,0.04606310650706291,0.0034765054006129503,0.1548219472169876,0.04066315293312073,0.008884035982191563,0.0967920646071434,1,637,2.428954860702168,207,158,272,30750.59375,0.23259666562080383,0.27118635177612305,0.49548250436782837,0.1992747038602829,0.2962077856063843,617,81,5,1104,-8,28,33,-5,0.13971742543171115,0.00010492630826774985,0.01791645772755146,0.09416401386260986,0.23484931886196136,0.12546706199645996,0.03316297009587288,0.05278434604406357,0.00113744440022856,0.06593412905931473,0.045911286026239395,0.01686682179570198,0.03303372487425804,0.0007344841724261642,0.06135847419500351,0.023635810241103172,0.07380764186382294,0.010184700600802898,0.03943793848156929,0.06950843334197998,0.0,25,0.026583858818653106,18,4,3,-631.103515625,-0.020934417843818665,-0.011303365230560303,-0.013284087181091309,25,3,23,-218,5,9,-0.0007446157640374207
g9582.t1,I0I1B4,0.9666,39.8,1,662,2.455538719520821,225,162,275,30119.490234375,0.21166224777698517,0.25988298654556274,0.48219841718673706,0.3267870843410492,0.15541133284568787,642,84,28,886,-3,28,24,4,0.13897280966767372,0.008881594054400921,0.007605865132063627,0.09702692180871964,0.10934823006391525,0.171965092420578,0.016182510182261467,0.0,0.019952263683080673,0.013570665381848812,0.04229828715324402,0.07792972773313522,0.015077739953994751,0.023203903809189796,0.04625634476542473,0.04606310650706291,0.0034765054006129503,0.1548219472169876,0.04066315293312073,0.008884035982191563,0.0967920646071434,1,626,2.399790199715258,204,170,252,29111.26953125,0.19082456827163696,0.20719444751739502,0.5941222906112671,0.21767815947532654,0.37644413113594055,614,103,0,672,-15,29,42,-13,0.12939297124600638,0.000324924272717908,0.014607472345232964,0.08336705714464188,0.26452869176864624,0.10903767496347427,0.03664420172572136,0.0031076278537511826,0.0006650097202509642,0.06832587718963623,0.010526446625590324,0.050281163305044174,0.03558926284313202,0.007858742959797382,0.1119154542684555,0.0042341225780546665,0.10864047706127167,0.026771172881126404,0.011700146831572056,0.051874514669179916,0.0,36,0.055748519805562946,21,-8,23,1008.220703125,0.020837679505348206,0.052688539028167725,-0.11192387342453003,28,-19,28,214,12,17,0.009579838421667347
g7479.t2,I0I4H8,0.9557,42.9,1,192,1.6386317911069535,104,23,65,17331.380859375,0.19094640016555786,0.40771400928497314,0.3921232223510742,0.276321679353714,0.11580157279968262,194,14,0,339,0,16,14,2,0.2604166666666667,0.05789820849895477,0.0,0.09443321079015732,0.09775718301534653,0.244684636592865,0.033391375094652176,0.0,0.03694372624158859,0.00037233575130812824,0.1947356015443802,0.07742227613925934,0.0,0.008385459892451763,0.00921634491533041,0.018044382333755493,0.019131679087877274,0.0316370464861393,0.0012989308452233672,0.0,0.07464759051799774,1,204,1.6457230245874042,109,23,72,17477.8515625,0.18953607976436615,0.3193444013595581,0.48558124899864197,0.17949549853801727,0.3060857653617859,191,18,0,299,-7,13,19,-6,0.25,0.05242858827114105,0.001292254077270627,0.050363656133413315,0.1616271287202835,0.10942352563142776,0.07899600267410278,0.03905308246612549,0.0031383312307298183,0.1335010975599289,0.03478984534740448,0.0,0.002026475965976715,0.00553823122754693,0.1444586217403412,0.029807912185788155,0.07007197290658951,0.043260179460048676,0.0,0.040223076939582825,,-12,-0.007091233480450709,-5,0,-7,-146.470703125,0.0014103204011917114,0.08836960792541504,-0.09345802664756775,3,-4,0,40,7,8,0.010416666666666685
g16310.t1,I0I1H3,0.9541,44.6,1,435,2.320556812092378,166,89,180,30792.310546875,0.1490073800086975,0.3049319386482239,0.5047375559806824,0.28843241930007935,0.21630510687828064,403,44,11,74,4,24,17,7,0.18620689655172415,0.004381823353469372,0.009568474255502224,0.041468244045972824,0.16144688427448273,0.20450274646282196,0.021323151886463165,0.0,0.04029974713921547,0.014326762408018112,0.02434893697500229,0.048811379820108414,0.008592300117015839,0.021403977647423744,0.04132314398884773,0.05485822260379791,0.03864015266299248,0.08392966538667679,0.016748085618019104,0.013621940277516842,0.15040434896945953,1,391,2.02826784982056,159,97,135,24761.46875,0.1978079378604889,0.26362481713294983,0.522314727306366,0.2420119345188141,0.2803027927875519,392,50,6,21,-6,23,24,-1,0.16879795396419436,0.007113308180123568,,0.025018583983182907,0.23389919102191925,0.18441157042980194,0.055904388427734375,0.07529642432928085,0.033180274069309235,0.08209694921970367,0.017685847356915474,0.007427392061799765,0.048921383917331696,0.01625247672200203,0.04640359431505203,0.03755000978708267,0.05760037153959274,0.04591033235192299,0.00386162125505507,0.021466216072440147,0.0,44,0.2922889622718179,7,-8,45,6030.841796875,-0.04880055785179138,0.04130712151527405,-0.017577171325683594,11,-6,5,53,10,8,0.017408942587529785
g7479.t1,I0I4H8,0.9525,43.4,1,196,1.6664771428489458,104,23,69,17998.828125,0.25062841176986694,0.38030195236206055,0.36745625734329224,0.2674902379512787,0.09996604919433594,190,14,0,354,1,15,12,3,0.23979591836734693,0.06328027695417404,0.0,0.09076026827096939,0.08292480558156967,0.24302928149700165,0.026258522644639015,0.0,0.03566126525402069,0.0005377927445806563,0.17541499435901642,0.07247363775968552,0.0,0.017123540863394737,0.0016133782919496298,0.017041238024830818,0.019799120724201202,0.024460917338728905,0.0010714984964579344,0.05931730940937996,0.06923211365938187,1,204,1.6457230245874042,109,23,72,17477.8515625,0.18953607976436615,0.3193444013595581,0.48558124899864197,0.17949549853801727,0.3060857653617859,191,18,0,299,-7,13,19,-6,0.25,0.05242858827114105,0.001292254077270627,0.050363656133413315,0.1616271287202835,0.10942352563142776,0.07899600267410278,0.03905308246612549,0.0031383312307298183,0.1335010975599289,0.03478984534740448,0.0,0.002026475965976715,0.00553823122754693,0.1444586217403412,0.029807912185788155,0.07007197290658951,0.043260179460048676,0.0,0.040223076939582825,,-8,0.02075411826154161,-5,0,-3,520.9765625,0.06109233200550079,0.06095755100250244,-0.11812499165534973,-1,-4,0,55,8,9,-0.010204081632653073
g497.t1,I0HYI0,0.9524,35.7,1,651,3.369440423598083,269,86,296,55085.11328125,0.1725480556488037,0.3158682584762573,0.4591970443725586,0.24977384507656097,0.2094232141971588,538,41,35,114,-5,37,38,-1,0.23195084485407066,0.013237686827778816,0.002575020771473646,0.03465167060494423,0.17635388672351837,0.16791364550590515,0.009824715554714203,0.0,0.01812906749546528,0.00673153530806303,0.10766749083995819,0.03279145061969757,0.005459201522171497,0.08548341691493988,0.052386704832315445,0.03306930884718895,0.006582419853657484,0.08186018466949463,0.01866714470088482,0.07309673726558685,0.0735187754034996,1,514,2.861228884379855,182,148,184,32914.21875,0.22441138327121735,0.155878946185112,0.5802316665649414,0.3595855236053467,0.2206461876630783,474,47,4,309,-1,36,26,10,0.17898832684824903,0.02044558897614479,0.00626453198492527,0.046452008187770844,0.17623959481716156,0.17304225265979767,0.023073874413967133,0.04429928585886955,0.008724575862288475,0.024976512417197227,0.006629902869462967,0.025117453187704086,0.03713129833340645,0.03947801515460014,0.04440658912062645,0.02978585660457611,0.18654324114322662,0.030544189736247063,0.04256375506520271,0.03428148850798607,0.0,137,0.508211539218228,87,-62,112,22170.89453125,-0.051863327622413635,0.15998931229114532,-0.12103462219238281,64,-6,31,-195,-4,-11,0.052962518005821635
g7755.t1,I0I3H7,0.9509,44.4,1,445,2.267878742323239,209,68,168,27515.828125,0.17512159049510956,0.2953236401081085,0.512191653251648,0.29932257533073425,0.2128690630197525,441,46,17,73,-2,32,22,10,0.16404494382022472,0.0,0.003506694221869111,0.036950357258319855,0.18063469231128693,0.21959297358989716,0.030708031728863716,0.0,0.07359686493873596,0.007033014204353094,0.05830985680222511,0.042631275951862335,0.01538457628339529,0.019558602944016457,0.017363158985972404,0.032234370708465576,0.05120289325714111,0.07972957193851471,0.006880631670355797,0.03176946938037872,0.0929129496216774,1,427,2.2828721212731886,208,73,146,28286.6640625,0.2560582756996155,0.18389640748500824,0.5007143616676331,0.24995651841163635,0.2507578134536743,437,53,1,95,-13,24,25,-1,0.1756440281030445,0.007186156697571278,0.040720656514167786,0.04300287365913391,0.19845154881477356,0.10228029638528824,0.04740249738097191,0.053081076592206955,0.027950294315814972,0.03513628616929054,0.053819868713617325,0.011932719498872757,0.025860700756311417,0.059331003576517105,0.05230626091361046,0.007133788894861937,0.14767621457576752,0.028383154422044754,0.043801333755254745,0.014543270692229271,0.0,18,-0.014993378949949676,1,-5,22,-770.8359375,-0.08093668520450592,0.11142723262310028,0.011477291584014893,4,-7,16,-22,11,11,-0.011599084282819777
g11365.t1,I0I0B1,0.9447,48.3,1,120,2.1025773968364163,9,39,72,21296.087890625,0.2499450445175171,0.2351689487695694,0.5148860216140747,0.3345035910606384,0.18038244545459747,67,7,0,30,2,17,11,6,0.4,0.007120917085558176,0.0,0.03469552844762802,0.11935973167419434,0.26940178871154785,0.025246908888220787,0.0,0.06990508735179901,0.020150678232312202,0.033577241003513336,0.015112890861928463,0.028180649504065514,0.12218204140663147,,0.061022717505693436,0.039049871265888214,0.06510178744792938,0.004052743781358004,0.0858394205570221,0.0,1,95,1.5523011143432448,3,38,54,15166.046875,0.274779736995697,0.21079182624816895,0.514428436756134,0.19505265355110168,0.31937581300735474,59,12,0,0,-3,10,11,-1,0.3684210526315789,0.037230901420116425,,0.015317857265472412,0.27292248606681824,0.14933474361896515,0.01922828145325184,0.03808114677667618,0.007997117936611176,0.059002384543418884,0.06582510471343994,0.030422965064644814,0.008471118286252022,,0.04645334184169769,0.04326411709189415,0.04571792110800743,0.02715347148478031,0.11857624351978302,0.015000813640654087,,25,0.5502762824931715,6,1,18,6130.041015625,-0.02483469247817993,0.02437712252140045,0.00045758485794067383,8,-5,0,30,5,7,0.031578947368421095
g10268.t3,I0I0J0,0.9446,58.1,1,692,3.463541666437159,249,173,270,55948.4921875,0.2163972407579422,0.25248050689697266,0.5173553228378296,0.37840908765792847,0.13894623517990112,606,101,6,110,7,61,32,29,0.2153179190751445,0.046412110328674316,0.005154614802449942,0.04819837957620621,0.08485826104879379,0.21072210371494293,0.03056117333471775,0.0,0.04081026837229729,0.014868145808577538,0.029309185221791267,0.009236032143235207,0.00668971287086606,0.05272052437067032,0.013766856864094734,0.05408798158168793,0.03548869118094444,0.16768698394298553,0.030981600284576416,0.023282431066036224,0.09516490250825882,1,634,3.1534596053121757,263,172,199,43266.93359375,0.18659883737564087,0.3114756643772125,0.4997110366821289,0.2828250825405121,0.21688590943813324,591,92,0,81,-17,41,44,-3,0.20189274447949526,0.013721437193453312,0.0,0.05246300995349884,0.10879820585250854,0.1733027845621109,0.043780531734228134,0.018725160509347916,0.050485704094171524,0.05257447063922882,0.05142168700695038,0.0011185954790562391,0.059554312378168106,0.002214500680565834,0.1080877035856247,0.011702396906912327,0.10952230542898178,0.04077010974287987,0.009314827620983124,0.09244226664304733,0.0,58,0.31008206112498327,-14,1,71,12681.55859375,0.02979840338230133,-0.05899515748023987,0.017644286155700684,15,9,6,29,24,32,0.013425174595649236
g9582.t1,I0I5K3,0.9354,33.6,1,662,2.455538719520821,225,162,275,30119.490234375,0.21166224777698517,0.25988298654556274,0.48219841718673706,0.3267870843410492,0.15541133284568787,642,84,28,886,-3,28,24,4,0.13897280966767372,0.008881594054400921,0.007605865132063627,0.09702692180871964,0.10934823006391525,0.171965092420578,0.016182510182261467,0.0,0.019952263683080673,0.013570665381848812,0.04229828715324402,0.07792972773313522,0.015077739953994751,0.023203903809189796,0.04625634476542473,0.04606310650706291,0.0034765054006129503,0.1548219472169876,0.04066315293312073,0.008884035982191563,0.0967920646071434,1,654,2.4279494704834894,219,161,274,30007.154296875,0.27784785628318787,0.25609466433525085,0.4528690278530121,0.184499129652977,0.2683699131011963,630,108,13,697,-13,28,35,-7,0.13149847094801223,0.004193510394543409,0.0019964149687439203,0.11398836225271225,0.21263597905635834,0.058241188526153564,0.037813447415828705,0.04720820486545563,0.04219571873545647,0.021376974880695343,0.06390758603811264,0.00010752589878393337,0.04879334941506386,0.01318846084177494,0.05573393031954765,0.004845683462917805,0.12625794112682343,0.057036738842725754,0.011121408082544804,0.07935760170221329,0.0,8,0.02758924903733151,6,1,1,112.3359375,-0.0661856085062027,0.0037883222103118896,0.029329389333724976,12,-24,15,189,10,11,0.007474338719661494
g9539.t1,I0HZL6,0.9268,27.9,1,202,1.8343617880113237,107,16,79,21400.287109375,0.2422642707824707,0.2093578577041626,0.5368098616600037,0.4707939624786377,0.06601585447788239,171,16,0,41,17,25,9,16,0.2376237623762376,0.003316965652629733,0.0,0.0,0.027993427589535713,0.2071748822927475,0.037671223282814026,0.0,0.06891179084777832,0.004372363910079002,0.063624307513237,0.0010553982574492693,0.10553981363773346,0.05053596943616867,0.011568048037588596,0.03802243620157242,0.007397626992315054,0.263619065284729,0.04040667414665222,0.019716648384928703,0.049073342233896255,1,145,1.7357287885014725,95,16,34,17474.9453125,0.12857075035572052,0.23439379036426544,0.5682125091552734,0.4231181740760803,0.14509433507919312,143,21,0,68,8,19,11,8,0.2827586206896552,0.009231921285390854,0.0,0.042034417390823364,0.14509433507919312,0.16208404302597046,0.059423189610242844,0.02750256098806858,0.0005539152771234512,0.006712239235639572,0.035788651555776596,0.0,0.05083639547228813,0.06882303208112717,0.0,0.0732690840959549,0.2610341012477875,0.04389343038201332,0.005354513879865408,0.008364209905266762,,57,0.09863299950985116,12,0,45,3925.341796875,0.11369352042675018,-0.025035932660102844,-0.031402647495269775,28,-5,0,-27,9,8,-0.04513485831341757
g7761.t1,I0I0B2,0.9264,50.8,1,590,3.21443410175121,293,95,202,49414.30859375,0.325496643781662,0.19474786520004272,0.4579184353351593,0.2878328859806061,0.17008554935455322,524,68,6,52,0,40,35,5,0.21016949152542372,0.08167893439531326,0.0,0.00992496032267809,0.11683914065361023,0.14909742772579193,0.02675754390656948,0.0003917747235391289,0.09578991681337357,0.012247323989868164,0.025761956349015236,0.039918314665555954,0.011352774687111378,0.026265747845172882,0.02183704823255539,0.05324642360210419,0.029002217575907707,0.13873544335365295,0.049243293702602386,0.06525944918394089,0.04665030166506767,1,543,2.6676774122943896,291,96,156,35459.3125,0.30003297328948975,0.23106646537780762,0.46890053153038025,0.21670269966125488,0.252197802066803,509,89,0,38,-15,31,36,-5,0.1731123388581952,0.008462340570986271,0.015286809764802456,0.017379647120833397,0.18370367586612701,0.12863506376743317,0.0334513857960701,0.14605988562107086,0.008826312609016895,0.03569816052913666,0.03584412485361099,0.011125744320452213,0.010922728106379509,0.0,0.06849414855241776,0.020524412393569946,0.08806764334440231,0.06625857949256897,0.026633672416210175,0.09462565183639526,0.0,47,0.5467566894568203,2,-1,46,13954.99609375,0.02546367049217224,-0.03631860017776489,-0.010982096195220947,15,-21,6,14,15,10,0.037057152667228505
g10910.t1,I0HZH0,0.9261,44.0,1,353,2.0973131337787545,97,98,158,24941.53515625,0.21020451188087463,0.0971151813864708,0.6702383756637573,0.4509773850440979,0.21926099061965942,322,27,18,158,-4,27,24,3,0.19830028328611898,0.0023256095591932535,0.0,0.050486691296100616,0.11187265068292618,0.2835428714752197,0.007179520092904568,0.0,0.05360740050673485,0.048811253160238266,0.038695402443408966,0.02361469529569149,0.018628470599651337,0.002401886275038123,0.022441957145929337,0.10738832503557205,0.0139326062053442,0.1674344837665558,0.0049040489830076694,0.031441036611795425,0.011291055008769035,1,336,2.0206682059841103,106,100,130,22331.65234375,0.29264262318611145,0.10781022906303406,0.5705839395523071,0.31075841188430786,0.25982552766799927,349,42,1,138,-4,24,23,1,0.19047619047619047,0.004767942242324352,0.0,0.0389704555273056,0.1235639750957489,0.2498186081647873,0.017755042761564255,0.059517450630664825,0.039397772401571274,0.001983750145882368,0.018102305009961128,0.01170312985777855,0.00409448379650712,0.028963088989257812,0.13626156747341156,0.03910085931420326,0.06093982234597206,0.04809923842549324,0.09018664062023163,0.02677379734814167,0.0,17,0.07664492779464416,-9,-2,28,2609.8828125,-0.08243811130523682,-0.010695047676563263,0.0996544361114502,-27,-15,17,20,0,2,0.007824092809928518
g13230.t2,I0I0J0,0.9206,50.6,1,664,3.112250189716827,257,172,235,43306.078125,0.14197281002998352,0.23163534700870514,0.5955191254615784,0.31732073426246643,0.2781984508037567,610,91,0,275,-16,46,44,2,0.17620481927710843,0.006705505773425102,0.012516943737864494,0.04040049761533737,0.22285126149654388,0.2151007056236267,0.047905333340168,0.0,0.029208898544311523,0.00886616948992014,0.050241317600011826,0.02919507771730423,0.006630999967455864,0.027041207998991013,0.030872728675603867,0.05534714087843895,0.03483595326542854,0.10222001373767853,0.02624952606856823,0.011394263245165348,0.04241646081209183,1,634,3.1534596053121757,263,172,199,43266.93359375,0.18659883737564087,0.3114756643772125,0.4997110366821289,0.2828250825405121,0.21688590943813324,591,92,0,81,-17,41,44,-3,0.20189274447949526,0.013721437193453312,0.0,0.05246300995349884,0.10879820585250854,0.1733027845621109,0.043780531734228134,0.018725160509347916,0.050485704094171524,0.05257447063922882,0.05142168700695038,0.0011185954790562391,0.059554312378168106,0.002214500680565834,0.1080877035856247,0.011702396906912327,0.10952230542898178,0.04077010974287987,0.009314827620983124,0.09244226664304733,0.0,30,-0.04120941559534863,-6,0,36,39.14453125,-0.04462602734565735,-0.07984031736850739,0.09580808877944946,19,-1,0,194,1,5,-0.02568792520238683
g9582.t1,I0I3X1,0.9145,31.2,1,662,2.455538719520821,225,162,275,30119.490234375,0.21166224777698517,0.25988298654556274,0.48219841718673706,0.3267870843410492,0.15541133284568787,642,84,28,886,-3,28,24,4,0.13897280966767372,0.008881594054400921,0.007605865132063627,0.09702692180871964,0.10934823006391525,0.171965092420578,0.016182510182261467,0.0,0.019952263683080673,0.013570665381848812,0.04229828715324402,0.07792972773313522,0.015077739953994751,0.023203903809189796,0.04625634476542473,0.04606310650706291,0.0034765054006129503,0.1548219472169876,0.04066315293312073,0.008884035982191563,0.0967920646071434,1,595,2.403905292129171,190,148,257,29974.109375,0.1609313189983368,0.16979338228702545,0.6409689784049988,0.2886562645435333,0.35231271386146545,563,86,4,488,-19,28,41,-13,0.14789915966386555,0.0,0.0016146666603162885,0.08171863108873367,0.2895355224609375,0.09801590442657471,0.047720447182655334,0.006673955358564854,0.03265976533293724,0.017971618101000786,0.03171762079000473,0.00769852614030242,0.019370079040527344,0.028306344524025917,0.06277719885110855,0.002847500843927264,0.19064036011695862,0.017479781061410904,0.013085994869470596,0.05016609653830528,0.0,67,0.05163342739164989,35,14,18,145.380859375,0.050730928778648376,0.09008960425853729,-0.15877056121826172,79,-2,24,398,16,17,-0.008926349996191824
g13230.t1,I0I0J0,0.9122,50.3,1,665,3.177007303403427,254,171,240,46123.33984375,0.17832255363464355,0.23652715981006622,0.5555390119552612,0.29561930894851685,0.2599197030067444,600,88,0,273,-16,46,50,-4,0.18345864661654135,0.011122804135084152,0.01985517330467701,0.03527291864156723,0.20582608878612518,0.21221081912517548,0.05092325806617737,0.0,0.03142022341489792,0.019727235659956932,0.05504898354411125,0.03107178583741188,0.014130856841802597,0.02757701836526394,0.029611261561512947,0.0540936179459095,0.027342576533555984,0.08340846747159958,0.02461928315460682,0.022174056619405746,0.04456355422735214,1,634,3.1534596053121757,263,172,199,43266.93359375,0.18659883737564087,0.3114756643772125,0.4997110366821289,0.2828250825405121,0.21688590943813324,591,92,0,81,-17,41,44,-3,0.20189274447949526,0.013721437193453312,0.0,0.05246300995349884,0.10879820585250854,0.1733027845621109,0.043780531734228134,0.018725160509347916,0.050485704094171524,0.05257447063922882,0.05142168700695038,0.0011185954790562391,0.059554312378168106,0.002214500680565834,0.1080877035856247,0.011702396906912327,0.10952230542898178,0.04077010974287987,0.009314827620983124,0.09244226664304733,0.0,31,0.023547698091251235,-9,-1,41,2856.40625,-0.008276283740997314,-0.0749485045671463,0.055827975273132324,9,-4,0,192,1,-1,-0.018434097862953913
g8272.t1,I0I680,0.912,25.4,1,105,1.2689113732412907,42,29,34,12866.880859375,0.22228989005088806,0.17020253837108612,0.606504499912262,0.36402755975723267,0.24247688055038452,94,11,1,102,-2,14,12,2,0.3523809523809524,0.031094692647457123,0.04448729380965233,0.0599096454679966,0.22845207154750824,0.36402755975723267,0.01902945339679718,0.0,0.06749023497104645,0.0,0.04145314171910286,0.0944204181432724,0.005636072717607021,0.0,0.0010030546691268682,0.014024828560650349,0.0,,0.013671944849193096,0.0,0.015299538150429726,1,232,2.2358107778606597,75,56,101,20883.587890625,0.29075103998184204,0.29239779710769653,0.38116255402565,0.3037586212158203,0.0774039477109909,196,21,1,71,4,19,11,8,0.2543103448275862,0.0012360122054815292,0.026675928384065628,0.10734686255455017,0.058938708156347275,0.0956178829073906,0.021839620545506477,0.06644541770219803,0.026646777987480164,0.05504950135946274,0.007675762753933668,0.03103015013039112,0.04873697832226753,0.03568863123655319,0.01846524327993393,0.0,0.20814074575901031,0.031215384602546692,0.00015450152568519115,0.15909592807292938,0.0,-127,-0.9668994046193691,-33,-27,-67,-8016.70703125,-0.06846114993095398,-0.12219525873661041,0.22534194588661194,-102,-10,0,31,-6,-6,0.09807060755336622
g12174.t1,I0I293,0.8999,35.3,1,225,1.6449461221056636,85,51,89,18509.83203125,0.20690254867076874,0.19965696334838867,0.5673162937164307,0.3810279667377472,0.18628837168216705,204,20,5,405,2,19,14,5,0.21333333333333335,0.0005229457747191191,0.0008715762523934245,0.03529062122106552,0.06572496145963669,0.3579534590244293,0.022846128791570663,0.00017431526794098318,0.046176329255104065,0.0,0.05235670506954193,0.040602441877126694,0.0,0.020009396597743034,0.02612408436834812,0.12056343257427216,0.00017431526794098318,0.023074496537446976,0.03040526993572712,0.09363581240177155,0.06349366903305054,1,304,2.232529011210434,120,60,124,24988.4140625,0.1958533376455307,0.23196910321712494,0.5707571506500244,0.19748306274414062,0.37327414751052856,262,35,0,356,-15,15,25,-10,0.2138157894736842,0.013299534097313881,0.0,0.04717276617884636,0.29672494530677795,0.03604690730571747,0.04231170937418938,0.02635939046740532,0.026599068194627762,0.021446865051984787,0.03943388909101486,0.022208930924534798,0.029678305611014366,0.0014203385217115283,0.07654917985200882,0.0029491924215108156,0.16143617033958435,0.027287619188427925,0.032926034182310104,0.09614913910627365,0.0,-79,-0.5875828891047703,-35,-9,-35,-6478.58203125,0.011049211025238037,-0.03231213986873627,-0.00344085693359375,-58,-15,5,49,17,15,-0.00048245614035086204
g1082.t1,I0HZK7,0.8977,22.3,1,185,2.5258546201278564,48,43,94,28348.470703125,0.16636575758457184,0.08881130814552307,0.6678089499473572,0.5551813840866089,0.11262751370668411,138,15,8,11,23,31,10,21,0.31891891891891894,0.021511467173695564,0.00022763459128327668,0.045299284160137177,0.11017542332410812,0.3513188362121582,0.02441323734819889,0.0,0.04393208399415016,0.005121778231114149,0.0041277119889855385,0.01699439249932766,0.021819185465574265,0.011606411077082157,0.07701397687196732,0.002452083397656679,0.02787378802895546,0.20386257767677307,0.02845432236790657,0.0,0.0037957660388201475,1,106,1.7827899333611787,45,32,29,16819.509765625,0.20047059655189514,0.1987147331237793,0.6008146405220032,0.5126734375953674,0.08814120292663574,83,5,0,35,11,21,8,13,0.33962264150943394,0.04835894703865051,0.008632509969174862,0.06035759299993515,0.06973951309919357,0.17582358419895172,0.03521377593278885,0.00038366709486581385,0.00038366709486581385,0.037883613258600235,0.0021101690363138914,0.0009591677226126194,0.0011378807248547673,0.0,0.018401695415377617,0.08755498379468918,0.3368498980998993,0.0744890421628952,0.006906007882207632,0.03481431305408478,,79,0.7430646867666777,3,11,65,11528.9609375,-0.0341048389673233,-0.10990342497825623,0.066994309425354,55,10,8,-24,12,8,-0.020703722590515006
g16310.t1,I0I9Q5,0.8893,35.2,1,435,2.320556812092378,166,89,180,30792.310546875,0.1490073800086975,0.3049319386482239,0.5047375559806824,0.28843241930007935,0.21630510687828064,403,44,11,74,4,24,17,7,0.18620689655172415,0.004381823353469372,0.009568474255502224,0.041468244045972824,0.16144688427448273,0.20450274646282196,0.021323151886463165,0.0,0.04029974713921547,0.014326762408018112,0.02434893697500229,0.048811379820108414,0.008592300117015839,0.021403977647423744,0.04132314398884773,0.05485822260379791,0.03864015266299248,0.08392966538667679,0.016748085618019104,0.013621940277516842,0.15040434896945953,1,402,2.115813677172008,153,93,156,26886.66796875,0.24832355976104736,0.15133315324783325,0.5944018363952637,0.3101520240306854,0.28424984216690063,374,34,6,37,-8,21,22,-1,0.17661691542288557,0.002280103275552392,0.0416523739695549,0.00011726949014700949,0.1530139446258545,0.12860429286956787,0.031092040240764618,0.04198645427823067,0.008400380611419678,0.002468131249770522,0.026929710060358047,0.02521991729736328,0.012340656481683254,0.005941442213952541,0.13123588263988495,0.013799872249364853,0.18154773116111755,0.06127401068806648,0.06739304959774017,0.06470274925231934,0.0,33,0.2047431349203701,13,-4,24,3905.642578125,-0.09931617975234985,0.15359878540039062,-0.0896642804145813,29,10,5,37,12,8,0.009589981128838576
g16310.t1,I0I5H1,0.8878,33.6,1,435,2.320556812092378,166,89,180,30792.310546875,0.1490073800086975,0.3049319386482239,0.5047375559806824,0.28843241930007935,0.21630510687828064,403,44,11,74,4,24,17,7,0.18620689655172415,0.004381823353469372,0.009568474255502224,0.041468244045972824,0.16144688427448273,0.20450274646282196,0.021323151886463165,0.0,0.04029974713921547,0.014326762408018112,0.02434893697500229,0.048811379820108414,0.008592300117015839,0.021403977647423744,0.04132314398884773,0.05485822260379791,0.03864015266299248,0.08392966538667679,0.016748085618019104,0.013621940277516842,0.15040434896945953,1,401,2.0335452015228417,168,79,154,24161.83984375,0.1798298954963684,0.18164953589439392,0.6024875044822693,0.3011041581630707,0.301383376121521,402,56,3,51,-10,23,25,-2,0.14713216957605985,0.0,0.039370592683553696,0.03017979860305786,0.24666011333465576,0.08559854328632355,0.05045565590262413,0.03561506047844887,0.005047079175710678,0.021605342626571655,0.015329157002270222,0.0041397069580852985,0.009978467598557472,0.036033086478710175,0.054723259061574936,0.004807400982826948,0.21550564467906952,0.062017813324928284,0.003459834260866046,0.07867226749658585,0.0008012335747480392,34,0.2870116105695364,-2,10,26,6630.470703125,-0.0308225154876709,0.12328240275382996,-0.09774994850158691,1,-12,8,23,14,9,0.0390747269756643
g11863.t1,I0I8J3,0.887,20.9,1,496,2.5830976233896292,203,85,208,33827.1171875,0.3025849461555481,0.24902601540088654,0.41083383560180664,0.21288159489631653,0.19795222580432892,431,59,6,400,-10,26,26,0,0.1935483870967742,0.04060506820678711,0.03778368607163429,0.06177366524934769,0.08783968538045883,0.12929268181324005,0.006485773250460625,0.006955370772629976,0.05773934721946716,0.002148152096197009,0.08306139707565308,0.04282873496413231,0.009156809188425541,0.032639503479003906,0.03755522891879082,0.11011254042387009,0.000858450832311064,0.08358890563249588,0.010492176748812199,0.08288602530956268,0.07619676738977432,1,433,2.296746383891053,195,82,156,26504.46875,0.2290934920310974,0.21093332767486572,0.5292483568191528,0.29519563913345337,0.23405279219150543,429,55,0,719,-16,23,24,-1,0.17782909930715934,0.0,0.0,0.08229272812604904,0.14790555834770203,0.06261222809553146,0.023167919367551804,0.0,0.008275267668068409,0.013041515834629536,0.03672262281179428,0.004139021970331669,0.012258868664503098,0.030724728479981422,0.086147241294384,0.01062079332768917,0.2325834184885025,0.11617882549762726,0.01820765808224678,0.1124294176697731,0.0026921918615698814,63,0.2863512394985763,8,3,52,7322.6484375,0.07349145412445068,0.03809268772602081,-0.11841452121734619,2,4,6,-319,6,1,0.015719287789614844
g11863.t1,I0I8J2,0.8869,21.3,1,496,2.5830976233896292,203,85,208,33827.1171875,0.3025849461555481,0.24902601540088654,0.41083383560180664,0.21288159489631653,0.19795222580432892,431,59,6,400,-10,26,26,0,0.1935483870967742,0.04060506820678711,0.03778368607163429,0.06177366524934769,0.08783968538045883,0.12929268181324005,0.006485773250460625,0.006955370772629976,0.05773934721946716,0.002148152096197009,0.08306139707565308,0.04282873496413231,0.009156809188425541,0.032639503479003906,0.03755522891879082,0.11011254042387009,0.000858450832311064,0.08358890563249588,0.010492176748812199,0.08288602530956268,0.07619676738977432,1,448,2.42883878923279,201,80,167,30924.388671875,0.2257082462310791,0.23335474729537964,0.5175250768661499,0.12569685280323029,0.3918282389640808,422,54,7,256,-26,18,37,-19,0.20982142857142858,0.0,0.0,0.08506732434034348,0.24906542897224426,0.018148133531212807,0.021933823823928833,0.04979291930794716,0.023580076172947884,0.027313541620969772,0.044785596430301666,0.010642334818840027,0.017461620271205902,0.02341187559068203,0.14276280999183655,0.006440326105803251,0.10754872113466263,0.03231515362858772,0.024310434237122536,0.11541985720396042,0.0,48,0.15425883415683916,2,5,41,2902.728515625,0.076876699924469,0.015671268105506897,-0.10669124126434326,9,5,-1,144,16,19,-0.016273041474654387
g8455.t1,I0HZJ4,0.8864,29.0,1,81,1.473097812659034,27,16,38,15193.8056640625,0.3363012671470642,0.15136954188346863,0.41113877296447754,0.35324063897132874,0.0578981451690197,62,3,0,0,11,12,4,8,0.3950617283950617,0.0,,0.035464007407426834,0.05520041286945343,0.21563172340393066,0.0,0.0,0.12421087175607681,0.0027461466379463673,0.06476611644029617,0.019077783450484276,0.04003908112645149,0.024487106129527092,0.10119032114744186,0.0026977320667356253,0.0037837359122931957,0.13760890066623688,0.0029536643996834755,0.1308874785900116,0.0392548032104969,1,64,1.3238221630691813,18,15,31,13195.5859375,0.2628248333930969,0.14074201881885529,0.5740956664085388,0.3251175880432129,0.24897806346416473,49,6,0,0,3,11,7,4,0.453125,,,0.022740088403224945,0.24897806346416473,0.09023187309503555,0.039009708911180496,0.1291520595550537,0.0017116195522248745,0.05119030177593231,0.0035841369535773993,0.045724693685770035,0.00024451708304695785,0.022337472066283226,0.0,0.0053180549293756485,0.23488573729991913,0.05469378083944321,0.008802615106105804,0.04139529913663864,,17,0.14927564958985262,9,1,7,1998.2197265625,0.07347643375396729,0.010627523064613342,-0.16295689344406128,13,-3,0,0,8,4,-0.058063271604938294
g5486.t1,I0I4F1,0.8812,28.2,1,286,1.9952821200332238,98,57,131,23708.03515625,0.21555015444755554,0.3744758069515228,0.35423925518989563,0.09794367849826813,0.2562956213951111,248,22,8,399,-15,10,24,-14,0.20279720279720279,0.02242465503513813,0.0,0.03382476046681404,0.16565030813217163,0.044362615793943405,0.040108248591423035,0.0,0.07944127917289734,0.008982273750007153,0.15033932030200958,0.05834711343050003,0.023253636434674263,0.010271433740854263,0.05573472008109093,0.09064531326293945,0.04779515042901039,0.053581058979034424,0.01932549849152565,0.028298037126660347,0.0676145926117897,1,314,2.2883119330052053,140,54,120,26615.0078125,0.2571620047092438,0.20127667486667633,0.5415613055229187,0.33541783690452576,0.20614345371723175,293,43,0,92,3,26,14,12,0.2197452229299363,0.026761502027511597,0.027147721499204636,0.04715859889984131,0.1552380621433258,0.06322711706161499,0.014485065825283527,0.05247454717755318,0.02654353529214859,0.02484751120209694,0.01415078155696392,0.020003003999590874,0.017613189294934273,0.0,0.05090541020035744,0.006268046796321869,0.27219071984291077,0.04778258129954338,0.009290514513850212,0.12391208857297897,,-28,-0.2930298129719815,-42,3,11,-2906.97265625,-0.04161185026168823,0.1731991320848465,-0.18732205033302307,-45,-21,8,307,-18,-26,-0.016948020132733527
g14210.t1,I0I716,0.8742,19.2,1,118,1.8469997613887725,98,0,20,17653.09375,0.30991774797439575,0.19816656410694122,0.4142962694168091,0.2650167942047119,0.14927944540977478,121,14,2,49,-6,12,13,-1,0.3813559322033898,0.008773205801844597,0.027233490720391273,0.025040190666913986,0.11689721047878265,0.12714144587516785,0.005292144138365984,0.03294973447918892,0.11380001157522202,0.0,0.013244648464024067,0.04039689525961876,0.06068133935332298,0.019647466018795967,0.07761948555707932,0.03238224238157272,0.026392905041575432,0.13787534832954407,0.04313492774963379,0.031254544854164124,0.06024277210235596,1,169,1.7306961483470964,131,0,38,17440.01953125,0.2165737748146057,0.2704397141933441,0.4789675772190094,0.12915894389152527,0.3498086631298065,186,13,0,97,-21,8,19,-11,0.27218934911242604,0.0,0.0,0.0014800654025748372,0.21725988388061523,0.036556873470544815,0.0,0.10476192086935043,0.036261603236198425,0.08424605429172516,0.012757129967212677,0.010982389561831951,0.0036875102669000626,0.03401893377304077,0.13254880905151367,0.04752849042415619,0.09260207414627075,0.04347692430019379,0.01961086504161358,0.12222053855657578,,-51,0.11630361304167613,-33,0,-18,213.07421875,0.09334397315979004,-0.0722731500864029,-0.06467130780220032,-65,1,2,-48,15,10,0.10916658309096378
g8272.t1,I0HZH8,0.8727,28.8,1,105,1.2689113732412907,42,29,34,12866.880859375,0.22228989005088806,0.17020253837108612,0.606504499912262,0.36402755975723267,0.24247688055038452,94,11,1,102,-2,14,12,2,0.3523809523809524,0.031094692647457123,0.04448729380965233,0.0599096454679966,0.22845207154750824,0.36402755975723267,0.01902945339679718,0.0,0.06749023497104645,0.0,0.04145314171910286,0.0944204181432724,0.005636072717607021,0.0,0.0010030546691268682,0.014024828560650349,0.0,,0.013671944849193096,0.0,0.015299538150429726,1,108,1.2814919181741788,41,27,40,13408.2490234375,0.3649143874645233,0.18329018354415894,0.45011091232299805,0.16178005933761597,0.2883308529853821,87,7,1,46,-5,8,11,-3,0.2962962962962963,0.05101544409990311,0.04096820577979088,0.06757014989852905,0.2871496081352234,0.1364179253578186,0.005053416825830936,0.1545865386724472,0.020054567605257034,0.10754071176052094,0.004812777508050203,0.00048127779155038297,0.015422080643475056,0.001684472314082086,0.0011812496231868863,0.00498209660872817,0.02536213956773281,0.030238207429647446,0.0,0.04547911137342453,0.0,-3,-0.012580544932888182,1,2,-6,-541.3681640625,-0.14262449741363525,-0.013087645173072815,0.15639358758926392,7,4,0,56,3,5,0.056084656084656126
g8272.t1,I0I2W6,0.8725,22.8,1,105,1.2689113732412907,42,29,34,12866.880859375,0.22228989005088806,0.17020253837108612,0.606504499912262,0.36402755975723267,0.24247688055038452,94,11,1,102,-2,14,12,2,0.3523809523809524,0.031094692647457123,0.04448729380965233,0.0599096454679966,0.22845207154750824,0.36402755975723267,0.01902945339679718,0.0,0.06749023497104645,0.0,0.04145314171910286,0.0944204181432724,0.005636072717607021,0.0,0.0010030546691268682,0.014024828560650349,0.0,,0.013671944849193096,0.0,0.015299538150429726,1,404,2.6812706189289073,252,27,125,32593.19140625,0.14147348701953888,0.30430954694747925,0.5049443244934082,0.32316312193870544,0.18178115785121918,338,42,1,119,3,27,21,6,0.2202970297029703,0.0,9.899448923533782e-05,0.021778788417577744,0.131378635764122,0.13812151551246643,0.03219648078083992,0.022739391773939133,0.023913472890853882,0.020208690315485,0.0062837377190589905,0.013841172680258751,0.05149722099304199,0.04927278310060501,0.05040253326296806,0.0,0.18504159152507782,0.03597305715084076,0.023128598928451538,0.19412341713905334,0.0,-299,-1.4123592456876166,-210,2,-91,-19726.310546875,0.08081640303134918,-0.13410700857639313,0.10156017541885376,-244,-31,0,-17,-5,-4,0.1320839226779821
g14139.t3,I0I7T2,0.8679,27.9,1,1050,3.8948154799484467,521,170,359,55246.484375,0.26322320103645325,0.2018013447523117,0.5181013345718384,0.2986232042312622,0.21947811543941498,982,94,18,827,7,48,39,9,0.14095238095238094,0.05772702768445015,0.0007989975274540484,0.04009738937020302,0.14455269277095795,0.19435325264930725,0.005315564572811127,0.006388102192431688,0.027500785887241364,0.017506176605820656,0.059487178921699524,0.009251234121620655,0.0386626161634922,0.016796987503767014,0.016874125227332115,0.07492540776729584,0.019542517140507698,0.10426995903253555,0.014951102435588837,0.06597912311553955,0.08501974493265152,1,600,3.6140749888328325,305,104,191,37761.0546875,0.3565482795238495,0.15797683596611023,0.4469554126262665,0.2224055677652359,0.22454982995986938,576,55,3,191,-14,24,26,-2,0.17833333333333334,0.0312032513320446,0.027145281434059143,0.06637156754732132,0.11250371485948563,0.03673722594976425,0.029684217646718025,0.028923513367772102,0.03942948579788208,0.023615527898073196,0.03308697044849396,0.01971474289894104,0.027043117210268974,0.038519419729709625,0.11204611510038376,0.015948453918099403,0.18566833436489105,0.049422282725572586,0.09433814138174057,0.02859855256974697,0.0,450,0.28074049111561417,216,66,168,17485.4296875,-0.09332507848739624,0.04382450878620148,0.0711459219455719,406,39,15,636,21,11,-0.037380952380952404
g18246.t1,I0HZI7,0.8665,29.9,1,151,2.024442043339488,36,36,79,22806.216796875,0.25544631481170654,0.16739384829998016,0.5771598219871521,0.4468950033187866,0.13026483356952667,100,8,3,38,9,21,10,11,0.304635761589404,0.0022636258509010077,,0.06391150504350662,0.06955000758171082,0.1916472464799881,0.008272933773696423,0.0,0.08620937913656235,0.0,0.029125316068530083,0.07055679708719254,0.019757898524403572,0.0004244298324920237,0.0,0.060714833438396454,0.026162164285779,0.2552477717399597,0.03732724487781525,0.045976672321558,0.03285219520330429,1,99,1.6442312503241714,35,20,44,16270.1591796875,0.18975646793842316,0.2837523818016052,0.47461438179016113,0.41644591093063354,0.058168500661849976,69,6,0,3,8,13,3,10,0.3939393939393939,0.03252294659614563,0.026348920539021492,0.019831068813800812,0.026742950081825256,0.11466667801141739,0.00790529977530241,0.0,0.04982198402285576,0.08995256572961807,0.016517939046025276,0.020461546257138252,0.03489628806710243,0.051876746118068695,0.03142554685473442,,0.30177924036979675,0.01151496171951294,0.029255034402012825,0.09933240711688995,0.03514786809682846,52,0.3802107930153167,1,16,35,6536.0576171875,0.06568984687328339,-0.11635853350162506,0.10254544019699097,31,2,3,35,1,1,-0.08930363234998995
g8228.t1,I0HZL3,0.8598,27.1,1,161,3.630897550666757,25,49,87,36981.6953125,0.2729588449001312,0.3226589858531952,0.3992345929145813,0.3055434823036194,0.0936911478638649,79,11,0,0,13,22,7,15,0.515527950310559,0.004013367462903261,0.004624097142368555,0.13231752812862396,0.0796969011425972,0.250274121761322,0.00600478844717145,0.009640666656196117,0.05447894334793091,0.037072066217660904,0.0005987857584841549,0.07763608545064926,0.028850950300693512,0.05197444558143616,0.005147579591721296,0.013994247652590275,0.0007673220825381577,0.055269330739974976,0.009420698508620262,0.0021811779588460922,0.17603686451911926,1,102,1.9363012631998617,26,48,28,17128.396484375,0.38813668489456177,0.15405653417110443,0.4565131962299347,0.3285350203514099,0.1279781609773636,80,14,0,16,3,14,10,4,0.43137254901960786,0.07195890694856644,,0.08654042333364487,0.059282176196575165,0.1418507993221283,0.009399369359016418,0.09654337167739868,0.01711197942495346,0.03360005095601082,0.015596398152410984,0.043381281197071075,0.018322642892599106,0.0012935426784679294,0.06869598478078842,0.00925550889223814,0.1866842359304428,0.050672631710767746,0.021928107365965843,0.06788256764411926,,59,1.6945962874668954,-1,1,59,19853.298828125,-0.11517783999443054,0.16860245168209076,-0.057278603315353394,-1,-3,0,-16,10,11,0.08415540129095112
g11355.t1,I0HZY2,0.8578,25.9,1,220,1.9654968528649903,71,52,97,21077.068359375,0.1808115839958191,0.2630024552345276,0.5548344254493713,0.38975587487220764,0.1650785505771637,198,26,3,112,3,21,14,7,0.24545454545454545,0.0,0.0,0.08545439690351486,0.05357879400253296,0.3454539477825165,0.004129758104681969,0.0071318200789391994,0.07759951055049896,0.001530832494609058,0.06796625256538391,0.05743618682026863,0.0,0.023420779034495354,0.0013515488244593143,0.11149974912405014,0.041010912507772446,0.04430197551846504,0.013777492567896843,0.0024493320379406214,0.06190674751996994,1,154,1.4714117337705317,50,49,55,15846.435546875,0.1109963059425354,0.36338508129119873,0.49407559633255005,0.28615397214889526,0.20792163908481598,152,11,1,135,-5,14,13,1,0.3051948051948052,0.0,0.0,0.032369885593652725,0.15738694369792938,0.23210753500461578,0.05281994864344597,0.04634008929133415,0.003257814096286893,0.062611885368824,0.042827166616916656,0.023530954495072365,0.06987142562866211,0.03154297545552254,0.050534702837467194,0.0642099380493164,0.054046425968408585,0.005497561302036047,0.0,0.07104475796222687,0.0,66,0.4940851190944586,21,3,42,5230.6328125,0.06981527805328369,-0.10038262605667114,0.06075882911682129,46,15,2,-23,8,6,-0.05974025974025973
g8504.t2,I0HZV9,0.8576,21.5,1,698,4.143144801139897,290,111,297,55399.51953125,0.1499190330505371,0.20841966569423676,0.6033775210380554,0.3727097809314728,0.23066772520542145,603,70,0,205,-1,56,50,6,0.19627507163323782,0.01729769818484783,0.0006988969398662448,0.02660437487065792,0.20337557792663574,0.23320883512496948,0.009747013449668884,0.0014156568795442581,0.012950246222317219,0.00996926799416542,0.05527980625629425,0.044258393347263336,0.038364432752132416,0.040342800319194794,0.0382838137447834,0.027292149141430855,0.011336428113281727,0.1395009458065033,0.020565493032336235,0.023468632251024246,0.04603957384824753,1,506,2.7020594442516073,213,106,187,33172.96484375,0.3099454939365387,0.2453804463148117,0.43505606055259705,0.2084229290485382,0.22663313150405884,482,70,1,161,-7,24,27,-3,0.1857707509881423,0.040463872253894806,0.0,0.06486392021179199,0.12320601940155029,0.09898515045642853,0.012268000282347202,0.03199588507413864,0.01788998395204544,0.023667769506573677,0.03737106919288635,0.03394525125622749,0.03279934078454971,0.009618070907890797,0.10342711210250854,0.024379171431064606,0.10943777114152908,0.09525039047002792,0.02553616836667061,0.11489508301019669,0.0,192,1.4410853568882898,77,5,110,22226.5546875,-0.1600264608860016,-0.03696078062057495,0.16832146048545837,121,0,-1,44,6,9,0.010504320645095516
g906.t1,I0HZA1,0.8571,30.1,1,885,3.0482095969791447,255,200,430,38557.953125,0.17850589752197266,0.461465060710907,0.3357546925544739,0.20882365107536316,0.12693101167678833,831,95,50,819,-13,26,22,4,0.14350282485875707,0.011045817285776138,0.01563073694705963,0.06835711747407913,0.04932607710361481,0.12655186653137207,0.033295173197984695,0.0026984973810613155,0.012129584327340126,0.006490825675427914,0.16069786250591278,0.07128219306468964,0.012301022186875343,0.06438387930393219,0.024274324998259544,0.07760494202375412,0.009023870341479778,0.0822717696428299,0.022870942950248718,0.02967984415590763,0.12008362263441086,1,790,2.6937878424618065,257,161,372,35433.63671875,0.2442566156387329,0.3126886785030365,0.40254896879196167,0.13669614493846893,0.26585280895233154,731,100,6,554,-23,23,39,-16,0.12531645569620253,0.03490016609430313,0.0017969337059184909,0.054117169231176376,0.21073506772518158,0.041049353778362274,0.029559770599007607,0.06808124482631683,0.011747811920940876,0.024632398039102554,0.07708096504211426,0.003240750404074788,0.05041138827800751,0.04050568863749504,0.05511774867773056,0.02292492799460888,0.09564679116010666,0.05023428052663803,0.020138252526521683,0.10646922141313553,0.001609995262697339,95,0.35442175451733826,-2,39,58,3124.31640625,-0.06575071811676025,0.14877638220787048,-0.06679427623748779,100,-5,44,265,10,20,0.018186369162554533
g8272.t1,I0I9N8,0.8541,27.8,1,105,1.2689113732412907,42,29,34,12866.880859375,0.22228989005088806,0.17020253837108612,0.606504499912262,0.36402755975723267,0.24247688055038452,94,11,1,102,-2,14,12,2,0.3523809523809524,0.031094692647457123,0.04448729380965233,0.0599096454679966,0.22845207154750824,0.36402755975723267,0.01902945339679718,0.0,0.06749023497104645,0.0,0.04145314171910286,0.0944204181432724,0.005636072717607021,0.0,0.0010030546691268682,0.014024828560650349,0.0,,0.013671944849193096,0.0,0.015299538150429726,1,167,2.21466735737135,88,25,54,20377.669921875,0.4402962625026703,0.21660462021827698,0.34215807914733887,0.22080379724502563,0.12135428190231323,154,11,1,58,1,14,10,4,0.3413173652694611,0.07493589073419571,0.0958428680896759,0.0471845306456089,0.11388764530420303,0.024668013677001,0.022432871162891388,0.0009319576201960444,0.041642721742391586,0.016775235533714294,0.011774225160479546,0.034675877541303635,0.03648369759321213,0.0009409908670932055,0.007466628681868315,0.0,0.1961357593536377,0.026985440403223038,0.11809701472520828,0.12913860380649567,0.0,-62,-0.9457559841300591,-46,4,-20,-7510.7890625,-0.21800637245178223,-0.04640208184719086,0.2643464207649231,-60,0,0,44,-3,-2,0.011063587111491302
g906.t1,I0I154,0.8501,29.9,1,885,3.0482095969791447,255,200,430,38557.953125,0.17850589752197266,0.461465060710907,0.3357546925544739,0.20882365107536316,0.12693101167678833,831,95,50,819,-13,26,22,4,0.14350282485875707,0.011045817285776138,0.01563073694705963,0.06835711747407913,0.04932607710361481,0.12655186653137207,0.033295173197984695,0.0026984973810613155,0.012129584327340126,0.006490825675427914,0.16069786250591278,0.07128219306468964,0.012301022186875343,0.06438387930393219,0.024274324998259544,0.07760494202375412,0.009023870341479778,0.0822717696428299,0.022870942950248718,0.02967984415590763,0.12008362263441086,1,746,2.9117610733610624,255,157,334,37236.26171875,0.2278515249490738,0.33627334237098694,0.415656179189682,0.18979936838150024,0.22585681080818176,718,95,5,411,-20,31,36,-5,0.15147453083109919,0.008466081693768501,0.0,0.08010559529066086,0.15988077223300934,0.04262921214103699,0.08026771247386932,0.03213440626859665,0.01635919138789177,0.06909186393022537,0.03603992611169815,0.013296516612172127,0.028604939579963684,0.020218905061483383,0.06597603857517242,0.010068711824715137,0.14717015624046326,0.06167217344045639,0.015817560255527496,0.11220020055770874,0.0,139,0.13644852361808235,0,43,96,1321.69140625,-0.049345627427101135,0.12519171833992004,-0.07990148663520813,113,0,45,408,7,9,-0.007971705972342119
g6448.t1,I0I4R9,0.8497,36.5,1,129,2.873380461765209,47,2,80,29817.890625,0.3604658544063568,0.28795358538627625,0.33668777346611023,0.21522262692451477,0.12146514654159546,82,7,0,52,-3,12,13,-1,0.49612403100775193,0.07929206639528275,0.05787429213523865,0.046836968511343,0.06915488839149475,0.06671451777219772,0.016185754910111427,0.013794668018817902,0.0679209902882576,0.008759946562349796,0.060293424874544144,0.022994114086031914,0.0,0.05483440309762955,0.01489280629903078,0.0523102693259716,0.049151040613651276,0.14850811660289764,0.010144452564418316,0.0896371454000473,0.07070018351078033,1,81,1.1686322279416659,46,2,33,12685.6328125,0.24846048653125763,0.10131780058145523,0.6502217650413513,0.09117981791496277,0.5590419173240662,73,5,0,10,-16,5,17,-12,0.3950617283950617,0.0004970955778844655,,,0.3976764380931854,0.050456542521715164,0.021624453365802765,0.1309969574213028,0.00025434649433009326,0.028156138956546783,0.002034771954640746,0.012208632193505764,0.027600400149822235,,0.16136549413204193,0.0,0.040723271667957306,0.062068160623311996,0.04243527352809906,0.021902021020650864,,48,1.704748233823543,1,0,47,17132.2578125,0.11200536787509918,0.18663578480482101,-0.3135339915752411,9,2,0,42,13,11,0.10106230261269022
g999.t1,I0I2K2,0.8398,19.2,1,328,2.8005023690056854,133,52,143,41512.59375,0.23915372788906097,0.44979628920555115,0.24699686467647552,0.1589481681585312,0.08804870396852493,272,23,0,33,1,20,20,0,0.3384146341463415,0.00567388953641057,0.0,0.040777020156383514,0.06388870626688004,0.11097613722085953,0.008462254889309406,0.0,0.04344913735985756,0.034564126282930374,0.033845219761133194,0.07146458327770233,0.04875582456588745,0.23430554568767548,0.06405317783355713,0.02415998838841915,0.0,0.04797204211354256,0.018030313774943352,0.04790341854095459,0.10171866416931152,1,405,3.9434496119821603,157,126,122,35591.625,0.23024015128612518,0.2590911388397217,0.49148029088974,0.2877033054828644,0.2037769854068756,396,48,6,151,-9,29,32,-3,0.2740740740740741,0.012308363802731037,0.0010809599189087749,0.04966812953352928,0.13596950471401215,0.02081495150923729,0.0295743178576231,0.011831463314592838,0.009254757314920425,0.01777242124080658,0.021565470844507217,0.001330884755589068,0.053184282034635544,0.01918843761086464,0.06780748069286346,0.021424364298582077,0.2668883502483368,0.07823297381401062,0.06653260439634323,0.11529485881328583,0.00027543946634978056,-77,-1.1429472429764749,-24,-74,21,5920.96875,0.008913576602935791,0.19070515036582947,-0.24448342621326447,-124,-25,-6,-118,10,3,0.0643405600722674
g17828.t1,I0I082,0.8398,29.8,1,350,2.0061134840051293,149,57,144,22926.57421875,0.16255256533622742,0.2272518277168274,0.5911124348640442,0.43749895691871643,0.15361353754997253,343,69,18,265,2,32,20,12,0.1657142857142857,0.003796606557443738,0.003911109641194344,0.06220117211341858,0.08843888342380524,0.3301481604576111,0.025430241599678993,0.0,0.05790165439248085,0.011821647174656391,0.10086952149868011,0.011233043856918812,0.00014073390047997236,0.014363600872457027,0.01908307708799839,0.0651746317744255,0.023146413266658783,0.10735081136226654,0.003364779520779848,0.019414860755205154,0.05220900475978851,1,310,1.8897132242576418,140,58,112,20578.34375,0.2038828730583191,0.238016739487648,0.5347297191619873,0.2786248028278351,0.25610488653182983,307,43,10,119,-4,17,20,-3,0.1967741935483871,0.026626262813806534,0.013708442449569702,0.09342734515666962,0.21650655567646027,0.07610786706209183,0.030177908018231392,0.0031398735009133816,0.006830986589193344,0.021443728357553482,0.04515954852104187,0.0006128745735622942,0.05563364923000336,0.023370616137981415,0.03959832713007927,0.0,0.20251692831516266,0.031008342280983925,0.028528736904263496,0.08560192584991455,0.0,40,0.11640025974748758,9,-1,32,2348.23046875,-0.041330307722091675,-0.010764911770820618,0.056382715702056885,36,26,8,146,6,15,-0.031059907834101397
g17828.t1,I0I9S9,0.8371,26.6,1,350,2.0061134840051293,149,57,144,22926.57421875,0.16255256533622742,0.2272518277168274,0.5911124348640442,0.43749895691871643,0.15361353754997253,343,69,18,265,2,32,20,12,0.1657142857142857,0.003796606557443738,0.003911109641194344,0.06220117211341858,0.08843888342380524,0.3301481604576111,0.025430241599678993,0.0,0.05790165439248085,0.011821647174656391,0.10086952149868011,0.011233043856918812,0.00014073390047997236,0.014363600872457027,0.01908307708799839,0.0651746317744255,0.023146413266658783,0.10735081136226654,0.003364779520779848,0.019414860755205154,0.05220900475978851,1,330,1.9282625555063047,155,59,116,21279.3671875,0.22796612977981567,0.22297315299510956,0.5392423868179321,0.2821316123008728,0.25711071491241455,338,37,0,310,-3,20,21,-1,0.19696969696969696,0.040029771625995636,0.0025776748079806566,0.03788969665765762,0.16159474849700928,0.11566787958145142,0.025720486417412758,0.03275076672434807,0.035611819475889206,0.004012659192085266,0.05671040341258049,0.019893895834684372,0.00044451310532167554,0.00981833040714264,0.09551595896482468,0.059656061232089996,0.1664637178182602,0.02019321918487549,0.039019279181957245,0.07642902433872223,0.0,20,0.07785092849882469,-6,-2,28,1647.20703125,-0.06541356444358826,0.0042786747217178345,0.05187004804611206,5,32,18,-45,5,13,-0.03125541125541126
g11518.t1,I0HZL4,0.8333,32.1,1,504,2.747106705455714,140,150,214,39000.6640625,0.17374926805496216,0.16099058091640472,0.6454048156738281,0.5154024362564087,0.13000236451625824,432,44,12,266,12,41,25,16,0.19246031746031747,0.024240046739578247,0.0,0.03959749639034271,0.11050163954496384,0.4113657474517822,0.03824875131249428,0.0005865145358256996,0.034762486815452576,0.0005791138391941786,0.022455858066678047,0.03988640755414963,0.0004963832907378674,0.02609654888510704,0.019855313003063202,0.019500738009810448,0.0008178747957572341,0.10403674840927124,0.03726432844996452,0.03680943697690964,0.032898642122745514,1,372,2.1895230125610525,90,131,151,24889.7421875,0.2224968820810318,0.14267247915267944,0.6239177584648132,0.29604145884513855,0.3278762996196747,325,45,2,130,-13,26,30,-4,0.20161290322580644,0.010241052135825157,0.0008901784312911332,0.059192296117544174,0.20470339059829712,0.2161136120557785,0.040715139359235764,0.06465500593185425,0.019312039017677307,0.03601497784256935,0.04583587124943733,0.008741196244955063,0.0019031274132430553,0.010912848636507988,0.12317291647195816,0.0015526473289355636,0.07992783188819885,0.04252450540661812,0.01694062165915966,0.016650719568133354,0.0,132,0.5575836928946614,50,19,63,14110.921875,-0.04874761402606964,0.01831810176372528,0.021487057209014893,107,-1,10,136,25,20,-0.009152585765488969
g11365.t1,I0I7B7,0.8331,34.6,1,120,2.1025773968364163,9,39,72,21296.087890625,0.2499450445175171,0.2351689487695694,0.5148860216140747,0.3345035910606384,0.18038244545459747,67,7,0,30,2,17,11,6,0.4,0.007120917085558176,0.0,0.03469552844762802,0.11935973167419434,0.26940178871154785,0.025246908888220787,0.0,0.06990508735179901,0.020150678232312202,0.033577241003513336,0.015112890861928463,0.028180649504065514,0.12218204140663147,,0.061022717505693436,0.039049871265888214,0.06510178744792938,0.004052743781358004,0.0858394205570221,0.0,1,96,1.465259581643209,9,36,51,14682.2333984375,0.21558777987957,0.487548291683197,0.29686394333839417,0.13646052777767181,0.16040337085723877,66,12,0,2,-4,9,12,-3,0.3229166666666667,0.0,,0.015163338743150234,0.12883536517620087,0.07415808737277985,0.06849357485771179,0.09057090431451797,0.0,0.11649920046329498,0.10749857127666473,0.0,0.08461795002222061,,0.0315680131316185,0.09257002174854279,0.062302447855472565,0.006592756137251854,0.10326077789068222,0.01786899007856846,,24,0.6373178151932073,0,3,21,6613.8544921875,0.03435726463794708,-0.2523793429136276,0.21802207827568054,1,-5,0,28,6,9,0.07708333333333334
g19604.t1,I0HZI1,0.8268,28.1,1,146,2.028281823110018,60,31,55,21651.3671875,0.2616809010505676,0.17190800607204437,0.5664110779762268,0.47278282046318054,0.09362825006246567,125,21,0,31,19,24,7,17,0.3424657534246575,0.06899753212928772,0.0,0.04023614153265953,0.05134548991918564,0.1811002492904663,0.004666802939027548,0.0,0.07419469952583313,0.0074982354417443275,0.033588483929634094,0.01723228022456169,0.0002980454883072525,0.017052212730050087,,0.04228275269269943,0.07961904257535934,0.29168254137039185,0.04088226333260536,0.029573988169431686,0.019749173894524574,1,129,1.9177207667409104,46,29,54,18616.375,0.26890572905540466,0.19357717037200928,0.5218243598937988,0.42769113183021545,0.094133161008358,93,13,0,50,13,19,9,10,0.3643410852713178,0.0,,0.06291430443525314,0.07128793746232986,0.1518702656030655,0.033532314002513885,0.0925445482134819,0.028758874163031578,0.049619127064943314,0.03815304860472679,0.0008665882050991058,0.02232922986149788,0.015692804008722305,0.022845230996608734,0.018532048910856247,0.27582085132598877,0.058930858969688416,0.024890566244721413,0.03141140937805176,0.0,17,0.11056105636910774,14,2,1,3034.9921875,-0.007224828004837036,-0.021669164299964905,0.04458671808242798,32,8,0,-19,6,7,-0.021875331846660295
g17828.t1,I0HYS9,0.8245,22.1,1,350,2.0061134840051293,149,57,144,22926.57421875,0.16255256533622742,0.2272518277168274,0.5911124348640442,0.43749895691871643,0.15361353754997253,343,69,18,265,2,32,20,12,0.1657142857142857,0.003796606557443738,0.003911109641194344,0.06220117211341858,0.08843888342380524,0.3301481604576111,0.025430241599678993,0.0,0.05790165439248085,0.011821647174656391,0.10086952149868011,0.011233043856918812,0.00014073390047997236,0.014363600872457027,0.01908307708799839,0.0651746317744255,0.023146413266658783,0.10735081136226654,0.003364779520779848,0.019414860755205154,0.05220900475978851,1,344,1.9570664572499021,159,59,126,21391.515625,0.17425090074539185,0.32608383893966675,0.46191051602363586,0.22088168561458588,0.2410288155078888,366,44,4,372,-9,19,23,-4,0.2063953488372093,0.000884365348611027,0.008899146690964699,0.04306602105498314,0.12650302052497864,0.1030760109424591,0.03984944149851799,0.009399669244885445,0.005580820608884096,0.040944136679172516,0.025990471243858337,0.03184248134493828,0.0763702392578125,0.03775472193956375,0.11452577263116837,0.030655033886432648,0.11780569702386856,0.06285811215639114,0.011720268987119198,0.08981873095035553,0.02245580032467842,6,0.04904702675522721,-10,-2,18,1535.05859375,-0.011698335409164429,-0.09883201122283936,0.12920191884040833,-23,25,14,-107,11,16,-0.040681063122923605
g11518.t1,I0I2N2,0.8147,30.1,1,504,2.747106705455714,140,150,214,39000.6640625,0.17374926805496216,0.16099058091640472,0.6454048156738281,0.5154024362564087,0.13000236451625824,432,44,12,266,12,41,25,16,0.19246031746031747,0.024240046739578247,0.0,0.03959749639034271,0.11050163954496384,0.4113657474517822,0.03824875131249428,0.0005865145358256996,0.034762486815452576,0.0005791138391941786,0.022455858066678047,0.03988640755414963,0.0004963832907378674,0.02609654888510704,0.019855313003063202,0.019500738009810448,0.0008178747957572341,0.10403674840927124,0.03726432844996452,0.03680943697690964,0.032898642122745514,1,399,2.1607334656218886,94,140,165,25029.35546875,0.25953611731529236,0.16281764209270477,0.5666652917861938,0.2721196115016937,0.2945457398891449,369,58,2,130,-10,25,29,-4,0.18295739348370926,0.009539375081658363,0.00012645901006180793,0.05757596343755722,0.17093198001384735,0.20287925004959106,0.036046698689460754,0.1034858301281929,0.021006127819418907,0.03441566973924637,0.052344854921102524,0.007400394883006811,0.01624191179871559,0.010980887338519096,0.12361373752355576,0.0006445523467846215,0.06924032419919968,0.042920101433992386,0.017481863498687744,0.023123959079384804,0.0,105,0.5863732398338253,46,10,49,13971.30859375,-0.0857868492603302,-0.0018270611763000488,0.07873952388763428,63,-14,10,136,22,20,0.009502923976608207
g17828.t1,I0I2T1,0.8119,26.3,1,350,2.0061134840051293,149,57,144,22926.57421875,0.16255256533622742,0.2272518277168274,0.5911124348640442,0.43749895691871643,0.15361353754997253,343,69,18,265,2,32,20,12,0.1657142857142857,0.003796606557443738,0.003911109641194344,0.06220117211341858,0.08843888342380524,0.3301481604576111,0.025430241599678993,0.0,0.05790165439248085,0.011821647174656391,0.10086952149868011,0.011233043856918812,0.00014073390047997236,0.014363600872457027,0.01908307708799839,0.0651746317744255,0.023146413266658783,0.10735081136226654,0.003364779520779848,0.019414860755205154,0.05220900475978851,1,337,1.9735866819492853,154,61,122,22439.05078125,0.25388360023498535,0.21944008767604828,0.47744888067245483,0.2673009932041168,0.2101479321718216,327,55,3,156,-6,20,19,1,0.19287833827893175,0.015817072242498398,0.0,0.07247094810009003,0.14490382373332977,0.025119148194789886,0.012133770622313023,0.003526427550241351,0.015519654378294945,0.04002002254128456,0.03523130714893341,0.04280681908130646,0.04656982421875,0.049227502197027206,0.06524408608675003,0.021512553095817566,0.24218186736106873,0.051713090389966965,0.05202959477901459,0.06033188849687576,0.0036407283041626215,13,0.03252680205584402,-5,-4,22,487.5234375,-0.09133103489875793,0.007811740040779114,0.11366355419158936,16,14,15,109,8,11,-0.027164052564646046
g6110.t1,I0HZI8,0.8118,28.8,1,156,2.0199289067783317,59,12,85,20548.259765625,0.20809006690979004,0.09770672023296356,0.647406816482544,0.5534389019012451,0.09396795183420181,114,24,0,78,20,25,8,17,0.28205128205128205,0.0021482014562934637,0.06353987008333206,0.010363508015871048,0.05094306915998459,0.3188423812389374,0.009182010777294636,0.0,0.04897748678922653,0.015074193477630615,0.05045280233025551,0.018989024683833122,0.032253630459308624,0.001081260503269732,0.046796299517154694,0.043024882674217224,0.00692641269415617,0.23459652066230774,0.010520529933273792,0.025212660431861877,0.011075207963585854,1,126,2.1812348976061338,64,8,54,19575.265625,0.16877304017543793,0.1284879595041275,0.7027390003204346,0.5869437456130981,0.11579524725675583,99,9,0,5,19,29,10,19,0.3968253968253968,,,0.010054490529000759,0.05429986119270325,0.2663332521915436,0.029484320431947708,0.028326865285634995,0.011043457314372063,0.04398149251937866,0.01972944103181362,0.03039114736020565,0.0017717689042910933,0.0,0.06149539351463318,0.024738669395446777,0.32061058282852173,0.08895708620548248,0.0,0.006309846416115761,0.002472415566444397,30,-0.16130599082780206,-5,4,31,972.994140625,0.03931702673435211,-0.03078123927116394,-0.055332183837890625,15,15,0,73,1,-2,-0.11477411477411475
g11518.t1,I0I6Z7,0.8089,28.0,1,504,2.747106705455714,140,150,214,39000.6640625,0.17374926805496216,0.16099058091640472,0.6454048156738281,0.5154024362564087,0.13000236451625824,432,44,12,266,12,41,25,16,0.19246031746031747,0.024240046739578247,0.0,0.03959749639034271,0.11050163954496384,0.4113657474517822,0.03824875131249428,0.0005865145358256996,0.034762486815452576,0.0005791138391941786,0.022455858066678047,0.03988640755414963,0.0004963832907378674,0.02609654888510704,0.019855313003063202,0.019500738009810448,0.0008178747957572341,0.10403674840927124,0.03726432844996452,0.03680943697690964,0.032898642122745514,1,638,3.9345133559145498,230,183,225,40214.2578125,0.15750780701637268,0.30359965562820435,0.5298038125038147,0.2791456878185272,0.2506580948829651,587,65,0,64,-9,37,40,-3,0.1865203761755486,0.006980348378419876,0.005857073701918125,0.05482643097639084,0.13815395534038544,0.014801125973463058,0.041091565042734146,0.0037730431649833918,0.015419288538396358,0.009693327359855175,0.041643790900707245,8.023389091249555e-05,0.04700041562318802,0.009088682942092419,0.11250415444374084,0.0009408561163581908,0.26434457302093506,0.054686907678842545,0.015884481370449066,0.16322970390319824,0.0,-134,-1.1874066504588359,-90,-33,-11,-1213.59375,0.016241461038589478,-0.14260907471179962,0.11560100317001343,-155,-21,12,202,21,19,0.005939941284768879
g10690.t1,I0HZJ7,0.8036,20.7,1,187,2.1213994932845908,39,81,67,21746.30859375,0.17932699620723724,0.06933891773223877,0.7138857245445251,0.606195330619812,0.10769044607877731,137,20,1,45,20,32,7,25,0.2620320855614973,0.0016320934519171715,0.029343824833631516,0.036586564034223557,0.06209946796298027,0.3343316614627838,0.011864127591252327,0.0,0.05657052993774414,0.01394698116928339,0.007858047261834145,0.002626724075525999,0.019585121423006058,0.0036247367970645428,0.03744833916425705,0.04559096321463585,0.0,0.2718636393547058,0.007576662115752697,0.014085204340517521,0.04336528480052948,1,179,2.196219078199897,39,64,76,23449.12890625,0.14515137672424316,0.16615374386310577,0.6458503007888794,0.5590259432792664,0.08682438731193542,137,17,0,5,14,21,9,12,0.2681564245810056,0.0,,0.06278987973928452,0.02514728531241417,0.38146042823791504,0.0317925326526165,0.03455592319369316,0.0234727393835783,0.003914449363946915,0.014891490340232849,0.003715137718245387,0.02994437888264656,0.04284457489848137,0.061677105724811554,0.027693917974829674,0.17756545543670654,0.017040157690644264,0.003577540162950754,0.057916972786188126,,8,-0.07481958491530616,0,17,-9,-1702.8203125,0.03417561948299408,-0.096814826130867,0.06803542375564575,0,3,1,40,6,13,-0.0061243390195082625
g17606.t1,I0I2P5,0.8024,31.9,1,220,3.2206613397347494,23,66,131,42491.59375,0.2324582040309906,0.5142225623130798,0.25278764963150024,0.21854369342327118,0.034243978559970856,116,14,0,0,12,22,9,13,0.4636363636363636,0.02739996463060379,0.001497014774940908,0.04303468391299248,0.023208335041999817,0.05519092082977295,0.025672204792499542,,0.019581550732254982,0.02923944965004921,0.029839392751455307,0.005662139505147934,0.0644838735461235,0.055955126881599426,0.0005315362941473722,0.011035649105906487,0.00029681032174266875,0.16335275769233704,0.014503346756100655,0.032718315720558167,0.39679691195487976,1,137,2.5221236231763937,10,62,65,25431.171875,0.40962880849838257,0.25024327635765076,0.34012800455093384,0.15171882510185242,0.18840916454792023,95,11,0,24,-3,11,13,-2,0.38686131386861317,0.08297299593687057,0.0,0.10460596531629562,0.1510528326034546,0.02603163570165634,0.032256145030260086,0.09624400734901428,0.018240883946418762,0.0,0.030589429661631584,0.039956528693437576,0.03694139048457146,,0.03735632449388504,0.037288498133420944,0.12568719685077667,0.061411842703819275,0.006196563132107258,0.11316780000925064,,83,0.6985377165583557,13,4,66,17060.421875,-0.17717060446739197,0.2639792859554291,-0.0873403549194336,21,3,0,-24,15,15,0.07677504976775046
g12849.t1,I0I7F4,0.7969,19.7,1,455,2.5761646849027033,143,104,208,31546.583984375,0.2263197898864746,0.33460667729377747,0.4192190170288086,0.2125973105430603,0.2066216915845871,385,42,15,561,-9,26,22,4,0.1912087912087912,0.02035347744822502,0.0,0.022089887410402298,0.10596776008605957,0.08911792933940887,0.014321040362119675,0.020663153380155563,0.06801250576972961,0.01734541915357113,0.03489575907588005,0.027938110753893852,0.009370007552206516,0.11934319138526917,0.01985454000532627,0.10065393149852753,0.019848117604851723,0.12347941100597382,0.03220117464661598,0.056947335600852966,0.09759727865457535,1,447,2.347206173285,156,110,181,27894.953125,0.3593008816242218,0.23282390832901,0.39084523916244507,0.21379131078720093,0.17705389857292175,402,45,3,161,-5,21,23,-2,0.16331096196868009,0.00011566774628590792,0.001966351643204689,0.033343229442834854,0.10254029929637909,0.012876885943114758,0.009268879890441895,0.05866251513361931,0.03937677666544914,0.03446553647518158,0.0018322245450690389,0.010157302021980286,0.05589926615357399,0.017029980197548866,0.07451359182596207,0.009891685098409653,0.2009144425392151,0.09709052741527557,0.11858853697776794,0.10429935902357101,0.017166955396533012,8,0.2289585116177033,-13,-6,27,3651.630859375,-0.1329810917377472,0.10178276896476746,0.028373777866363525,-17,-3,12,400,-4,6,0.02789782924011111
g4920.t3,I0I577,0.7951,20.4,1,306,2.604009486701002,189,12,105,27151.58203125,0.2725813686847687,0.2720043957233429,0.365825355052948,0.19576531648635864,0.17006005346775055,289,39,0,370,-3,18,16,2,0.238562091503268,0.0025655936915427446,0.030216941609978676,0.05768044292926788,0.10116522759199142,0.14537473022937775,0.004018700681626797,0.0,0.03250988945364952,0.023242807015776634,0.07191739976406097,0.05269097909331322,0.06758397817611694,0.03564074635505676,0.08958885073661804,0.06889481842517853,0.005709104705601931,0.0503905825316906,0.03566858917474747,0.023113135248422623,0.10202746093273163,1,476,3.058448652395199,309,19,148,32933.6640625,0.27461129426956177,0.18110573291778564,0.4977102279663086,0.2212102860212326,0.27650001645088196,490,62,0,159,-10,26,25,1,0.1869747899159664,0.011070731095969677,0.015076365321874619,0.05744200572371483,0.24183185398578644,0.04119196906685829,0.031171439215540886,0.04149530455470085,0.028215669095516205,0.0006727557047270238,0.02706843614578247,0.004851648584008217,0.031985558569431305,0.04657270014286041,0.03466813638806343,0.009111308492720127,0.1800183206796646,0.06698416918516159,0.04947539046406746,0.08109624683856964,0.0,-170,-0.45443916569419684,-120,-7,-43,-5782.08203125,-0.002029925584793091,0.09089866280555725,-0.1318848729133606,-201,-23,0,211,7,1,0.0515873015873016
g11355.t1,I0I0T8,0.7881,20.8,1,220,1.9654968528649903,71,52,97,21077.068359375,0.1808115839958191,0.2630024552345276,0.5548344254493713,0.38975587487220764,0.1650785505771637,198,26,3,112,3,21,14,7,0.24545454545454545,0.0,0.0,0.08545439690351486,0.05357879400253296,0.3454539477825165,0.004129758104681969,0.0071318200789391994,0.07759951055049896,0.001530832494609058,0.06796625256538391,0.05743618682026863,0.0,0.023420779034495354,0.0013515488244593143,0.11149974912405014,0.041010912507772446,0.04430197551846504,0.013777492567896843,0.0024493320379406214,0.06190674751996994,1,181,1.6143082125148307,57,51,73,17808.208984375,0.29814413189888,0.12505051493644714,0.5231330394744873,0.310111939907074,0.21302108466625214,176,23,1,71,-4,17,14,3,0.2541436464088398,0.021741969510912895,0.0,0.01957959681749344,0.11507278680801392,0.09004832059144974,0.02607683651149273,0.06975174695253372,0.0,0.05733934044837952,0.00035410476266406476,0.0,0.027061233296990395,0.05367228388786316,0.09794828295707703,0.0,0.22006361186504364,0.0389898419380188,0.1480810046195984,0.014219002798199654,0.0,39,0.3511886403501596,14,1,24,3268.859375,-0.11733254790306091,0.13795194029808044,0.03170138597488403,22,3,2,41,7,4,-0.008689100954294343
g4920.t1,I0I577,0.7861,20.8,1,691,3.2956773349744206,356,91,244,41215.2421875,0.24952644109725952,0.30071085691452026,0.39141762256622314,0.16602657735347748,0.22539103031158447,648,78,1,542,-17,28,34,-6,0.16931982633863965,0.0017612959491088986,0.0149033572524786,0.05118047073483467,0.13657550513744354,0.1261250376701355,0.02486160583794117,0.004122856538742781,0.03929081931710243,0.06613831222057343,0.030961602926254272,0.07454370707273483,0.029292721301317215,0.034502699971199036,0.058345068246126175,0.08881552517414093,0.008359969593584538,0.03990154340863228,0.0365510992705822,0.01040837075561285,0.12335844337940216,1,476,3.058448652395199,309,19,148,32933.6640625,0.27461129426956177,0.18110573291778564,0.4977102279663086,0.2212102860212326,0.27650001645088196,490,62,0,159,-10,26,25,1,0.1869747899159664,0.011070731095969677,0.015076365321874619,0.05744200572371483,0.24183185398578644,0.04119196906685829,0.031171439215540886,0.04149530455470085,0.028215669095516205,0.0006727557047270238,0.02706843614578247,0.004851648584008217,0.031985558569431305,0.04657270014286041,0.03466813638806343,0.009111308492720127,0.1800183206796646,0.06698416918516159,0.04947539046406746,0.08109624683856964,0.0,215,0.23722868257922158,47,72,96,8281.578125,-0.025084853172302246,0.11960512399673462,-0.10629260540008545,158,16,1,383,-7,-7,-0.017654963577326738
g15154.t1,I0I9A7,0.7809,18.6,1,443,2.5336073591686694,134,114,195,28850.81640625,0.18849119544029236,0.3011382222175598,0.4578763544559479,0.2023358941078186,0.2555404305458069,401,55,16,452,-13,21,29,-8,0.19413092550790068,0.026563310995697975,0.0045852563343942165,0.05272737890481949,0.1157074123620987,0.15483234822750092,0.010235325433313847,0.0,0.00964974332600832,0.00787913054227829,0.037916116416454315,0.08938507735729218,0.0,0.05014000087976456,0.05249420180916786,0.1398330181837082,0.026968808844685555,0.04750355705618858,0.027137786149978638,0.05994858592748642,0.08649289608001709,1,369,2.1492875453739595,138,78,153,27123.140625,0.23121273517608643,0.19149313867092133,0.5514117479324341,0.2940996587276459,0.2573120892047882,321,41,0,118,-9,21,21,0,0.17344173441734417,0.002736060880124569,0.0,0.029144994914531708,0.2080148309469223,0.0074844397604465485,0.006618319544941187,0.060148585587739944,0.04933822154998779,0.016952883452177048,0.029255446046590805,0.00278992997482419,0.0019870486576110125,0.02588239125907421,0.0492972657084465,0.031130554154515266,0.2866152226924896,0.05454418808221817,0.03251073509454727,0.1055489107966423,0.0,74,0.3843198137947099,-4,36,42,1727.67578125,-0.04272153973579407,0.10964508354663849,-0.0935353934764862,80,14,16,334,-4,-8,0.020689191090556502
g8272.t1,I0HYK5,0.7777,20.6,1,105,1.2689113732412907,42,29,34,12866.880859375,0.22228989005088806,0.17020253837108612,0.606504499912262,0.36402755975723267,0.24247688055038452,94,11,1,102,-2,14,12,2,0.3523809523809524,0.031094692647457123,0.04448729380965233,0.0599096454679966,0.22845207154750824,0.36402755975723267,0.01902945339679718,0.0,0.06749023497104645,0.0,0.04145314171910286,0.0944204181432724,0.005636072717607021,0.0,0.0010030546691268682,0.014024828560650349,0.0,,0.013671944849193096,0.0,0.015299538150429726,1,125,1.4882219689011331,54,23,48,15646.15625,0.4219869375228882,0.2756604850292206,0.27101048827171326,0.15709495544433594,0.11391551792621613,108,8,1,78,3,8,4,4,0.344,0.0,0.0036531302612274885,0.05999113619327545,0.09610198438167572,0.030582306906580925,0.02907867543399334,0.13693790137767792,0.00020151823991909623,0.025821629911661148,0.03957943618297577,0.025777466595172882,0.031100274994969368,0.03134214133024216,0.017813531681895256,0.00020621974545065314,0.12651264667510986,0.050687745213508606,0.1447380632162094,0.1498742401599884,0.0,-20,-0.21931059565984246,-12,6,-14,-2779.275390625,-0.19969704747200012,-0.10545794665813446,0.3354940116405487,-14,3,0,24,-5,-2,0.008380952380952433
g4256.t1,I0I5X9,0.7539,18.8,1,319,1.94901360017685,187,38,94,21934.888671875,0.20605206489562988,0.31150567531585693,0.48244231939315796,0.3150503635406494,0.16739197075366974,339,46,6,268,1,25,18,7,0.21316614420062696,0.008304016664624214,0.030293498188257217,0.061315782368183136,0.10194198042154312,0.2892073094844818,0.017995158210396767,0.0001437429600628093,0.029908625409007072,0.008090309798717499,0.08220966905355453,0.034166183322668076,0.004412895999848843,0.09647579491138458,0.0,0.06544999778270721,0.00784595962613821,0.02584303915500641,0.05641569197177887,0.0073112305253744125,0.07266916334629059,1,362,2.049732467759095,211,37,114,24400.8125,0.30840229988098145,0.20155170559883118,0.46924659609794617,0.18824440240859985,0.2810021936893463,379,45,2,182,-9,17,21,-4,0.20441988950276244,0.0,0.0007782988832332194,0.06647606939077377,0.1270296275615692,0.07316578179597855,0.03467947989702225,0.06563660502433777,0.017322273924946785,0.02318527363240719,0.09707749634981155,0.0,0.012270359322428703,0.02079947479069233,0.1539725512266159,0.016666319221258163,0.1150786355137825,0.0875789001584053,0.0706101655960083,0.017672773450613022,0.0,-43,-0.10071886758224502,-24,1,-20,-2465.923828125,-0.10235023498535156,0.10995396971702576,0.013195723295211792,-40,1,4,86,10,11,0.008746254697864525
g7761.t1,I0I849,0.7431,26.7,1,590,3.21443410175121,293,95,202,49414.30859375,0.325496643781662,0.19474786520004272,0.4579184353351593,0.2878328859806061,0.17008554935455322,524,68,6,52,0,40,35,5,0.21016949152542372,0.08167893439531326,0.0,0.00992496032267809,0.11683914065361023,0.14909742772579193,0.02675754390656948,0.0003917747235391289,0.09578991681337357,0.012247323989868164,0.025761956349015236,0.039918314665555954,0.011352774687111378,0.026265747845172882,0.02183704823255539,0.05324642360210419,0.029002217575907707,0.13873544335365295,0.049243293702602386,0.06525944918394089,0.04665030166506767,1,542,2.6814261493505094,286,102,154,32439.25390625,0.19466790556907654,0.16925367712974548,0.6054356098175049,0.40097182989120483,0.20446377992630005,489,67,2,54,2,36,31,5,0.16236162361623616,0.03133124113082886,0.0,0.03150295838713646,0.15984824299812317,0.07072903960943222,0.018630940467119217,0.03403634950518608,0.02237945795059204,0.020294005051255226,0.017127636820077896,0.01730451174080372,0.05134858936071396,0.030642878264188766,0.04461551830172539,0.037367209792137146,0.330242782831192,0.03820725902915001,0.019906144589185715,0.024193691089749336,0.0002915898512583226,48,0.5330079524007005,7,-7,48,16975.0546875,0.13082873821258545,0.02549418807029724,-0.14751717448234558,35,1,4,-2,-2,0,0.04780786790918756
g6448.t1,I0I3X4,0.7359,20.6,1,129,2.873380461765209,47,2,80,29817.890625,0.3604658544063568,0.28795358538627625,0.33668777346611023,0.21522262692451477,0.12146514654159546,82,7,0,52,-3,12,13,-1,0.49612403100775193,0.07929206639528275,0.05787429213523865,0.046836968511343,0.06915488839149475,0.06671451777219772,0.016185754910111427,0.013794668018817902,0.0679209902882576,0.008759946562349796,0.060293424874544144,0.022994114086031914,0.0,0.05483440309762955,0.01489280629903078,0.0523102693259716,0.049151040613651276,0.14850811660289764,0.010144452564418316,0.0896371454000473,0.07070018351078033,1,86,1.264991589394795,46,2,38,13687.2255859375,0.25350111722946167,0.21651282906532288,0.5299860239028931,0.2256055474281311,0.3043804466724396,66,8,0,21,-5,10,9,1,0.37209302325581395,0.0509185716509819,,0.008004211820662022,0.2702173590660095,0.1228976845741272,0.01437366846948862,0.13204650580883026,0.029702501371502876,0.04061552509665489,0.03768911212682724,0.0004714682581834495,0.01661277376115322,,0.034163109958171844,0.10100115835666656,0.1027078777551651,0.02290235459804535,0.009455498307943344,0.006220604293048382,,43,1.6083888723704138,1,0,42,16130.6650390625,0.10696473717689514,0.07144075632095337,-0.19329825043678284,16,-1,0,31,2,-2,0.12403100775193798
g61.t1,I0I915,0.7329,20.6,1,415,3.109915750654057,3,183,229,40901.6328125,0.4978996813297272,0.3158808946609497,0.16330423951148987,0.1283370405435562,0.03496718779206276,340,24,0,559,-1,11,10,1,0.2819277108433735,0.06643909960985184,0.02312919870018959,0.06699153780937195,0.01221032626926899,0.017054781317710876,0.00711023947224021,0.007019984070211649,0.0623537078499794,0.023273074999451637,0.07522650808095932,0.09810543060302734,0.08876729011535645,0.07720338553190231,0.022915169596672058,0.02275686338543892,7.888551044743508e-05,0.11128225922584534,0.02811666950583458,0.13882912695407867,0.051136478781700134,1,455,4.101417469055856,70,148,237,44581.7109375,0.40010687708854675,0.21151933073997498,0.3706364929676056,0.16912595927715302,0.20151056349277496,350,29,0,356,-16,20,29,-9,0.2835164835164835,0.004704295191913843,0.024060556665062904,0.1056503877043724,0.11086536943912506,0.04255969077348709,0.011365801095962524,0.06926421076059341,0.05890047177672386,0.02152339369058609,0.05963559076189995,0.037494104355573654,0.04668663442134857,0.017737312242388725,0.0906452015042305,0.020164746791124344,0.12656627595424652,0.042612843215465546,0.05741999298334122,0.04943111911416054,0.0027120504528284073,-40,-0.9915017184017989,-67,35,-8,-3680.078125,0.09779280424118042,0.10436156392097473,-0.20733225345611572,-10,-5,0,203,15,10,-0.0015887726731100282
g906.t1,I0I5L4,0.7237,17.4,1,885,3.0482095969791447,255,200,430,38557.953125,0.17850589752197266,0.461465060710907,0.3357546925544739,0.20882365107536316,0.12693101167678833,831,95,50,819,-13,26,22,4,0.14350282485875707,0.011045817285776138,0.01563073694705963,0.06835711747407913,0.04932607710361481,0.12655186653137207,0.033295173197984695,0.0026984973810613155,0.012129584327340126,0.006490825675427914,0.16069786250591278,0.07128219306468964,0.012301022186875343,0.06438387930393219,0.024274324998259544,0.07760494202375412,0.009023870341479778,0.0822717696428299,0.022870942950248718,0.02967984415590763,0.12008362263441086,1,400,2.5561939437433185,157,42,201,35254.1796875,0.2801162004470825,0.2072543054819107,0.48279187083244324,0.312933087348938,0.16985881328582764,371,55,0,54,-4,28,23,5,0.2175,0.04437374323606491,0.0,0.04084581881761551,0.11833544075489044,0.14185459911823273,0.02341250143945217,0.054419245570898056,0.022079557180404663,0.006549233105033636,0.07136515527963638,0.00018304475815966725,0.02682088129222393,0.02983766421675682,0.051523372530937195,0.0008049221942201257,0.17107848823070526,0.05844467133283615,0.05977008491754532,0.06841481477022171,0.009886807762086391,485,0.4920156532358262,98,158,229,3303.7734375,-0.10161030292510986,0.2542107552289963,-0.14703717827796936,460,40,50,765,-9,-1,-0.07399717514124293
g7856.t2,I0HZK8,0.7216,30.5,1,230,3.8043823446891203,55,19,156,54686.890625,0.12524494528770447,0.064219631254673,0.7851603031158447,0.6247646808624268,0.16039571166038513,97,10,0,27,30,63,29,34,0.5217391304347826,0.013677322305738926,,0.034134119749069214,0.10715168714523315,0.5385177135467529,0.02143891528248787,,0.039352286607027054,0.0008260050090029836,0.0017942291451618075,0.009011889807879925,0.004658338613808155,0.02034900337457657,0.02537505142390728,0.05324403569102287,0.0035907665733247995,0.08624690026044846,0.02266499772667885,0.009931867010891438,0.008034828118979931,1,75,2.2824078210530394,10,15,50,18978.1171875,0.14710736274719238,0.12617060542106628,0.6873576641082764,0.6173438429832458,0.0700138658285141,42,0,0,29,11,15,4,11,0.49333333333333335,0.03584583103656769,0.029886262491345406,0.020903972908854485,0.0700138658285141,0.20405548810958862,0.01856147311627865,0.028211282566189766,0.013728499412536621,0.038822051137685776,0.02906023897230625,0.0005100421258248389,0.02494395337998867,0.039364319294691086,0.0,0.00829192716628313,0.4132883548736572,0.018021488562226295,0.0,0.006490953266620636,,155,1.5219745236360809,45,4,106,35708.7734375,-0.021862417459487915,-0.06195097416639328,0.09780263900756836,55,10,0,-2,19,23,0.02840579710144925
g3990.t1,I0HZK9,0.7216,29.3,1,259,2.329165429580628,33,64,162,25688.548828125,0.21137242019176483,0.22488658130168915,0.5184397101402283,0.3705098032951355,0.14792987704277039,177,22,3,88,30,28,10,18,0.22393822393822393,0.008289765566587448,0.014444288797676563,0.040894877165555954,0.09100398421287537,0.19354960322380066,0.02053789049386978,0.0,0.07305411994457245,0.011178622953593731,0.044828109443187714,0.016447022557258606,0.005643521901220083,0.0009819116676226258,0.04530131816864014,0.05692589655518532,0.11067686229944229,0.17696021497249603,0.00600887555629015,0.051858339458703995,0.03141480311751366,1,276,2.219503240033588,23,81,172,24526.8046875,0.16432848572731018,0.14954052865505219,0.6822594404220581,0.5277585387229919,0.15450094640254974,188,23,0,18,33,34,13,21,0.2318840579710145,0.0,0.004698340315371752,0.06309989839792252,0.10170955210924149,0.16496475040912628,0.04837832599878311,0.0033948333002626896,0.021597670391201973,0.05105215683579445,0.028171436861157417,0.014279167167842388,0.009420746006071568,0.003871503984555602,0.05279139429330826,0.0,0.36279377341270447,0.03829152137041092,0.018967047333717346,0.012517863884568214,0.0,-17,0.10966218954703999,10,-17,-10,1161.744140625,0.04704393446445465,0.07534605264663696,-0.16381973028182983,-11,-1,3,70,-3,-3,-0.00794583403279056
g18228.t1,I0I9U8,0.7079,22.6,1,109,1.311509278040779,40,2,67,13364.9365234375,0.1550847440958023,0.39457079768180847,0.450344443321228,0.3810012638568878,0.0693431869149208,86,7,1,85,6,12,6,6,0.3486238532110092,0.0014154886594042182,0.0,0.06470022350549698,0.058255188167095184,0.30437275767326355,0.0468825027346611,0.0,0.07569100707769394,0.0,0.1772020310163498,0.0,0.013278030790388584,0.07758445292711258,0.0,0.01108799409121275,0.0,0.07662849873304367,0.0,0.0,0.09290176630020142,1,124,1.96979010042089,70,4,50,18098.96875,0.4202291667461395,0.13628031313419342,0.443490594625473,0.3069865107536316,0.13650411367416382,124,16,1,94,4,12,6,6,0.3870967741935484,0.06881314516067505,0.010652270168066025,0.020323051139712334,0.04394569247961044,0.0900563970208168,0.01615787483751774,0.0570899061858654,0.012122522108256817,0.0005246466025710106,0.0367555096745491,0.052403394132852554,0.029939955100417137,0.0,0.09255842119455338,0.0,0.216930091381073,0.0350378155708313,0.16378703713417053,0.05290234088897705,0.0,-15,-0.6582808223801109,-30,-2,17,-4734.0322265625,-0.2651444226503372,0.25829048454761505,0.006853848695755005,-38,-9,0,-9,2,0,-0.03847292098253918
g4256.t1,I0HZH9,0.7066,19.0,1,319,1.94901360017685,187,38,94,21934.888671875,0.20605206489562988,0.31150567531585693,0.48244231939315796,0.3150503635406494,0.16739197075366974,339,46,6,268,1,25,18,7,0.21316614420062696,0.008304016664624214,0.030293498188257217,0.061315782368183136,0.10194198042154312,0.2892073094844818,0.017995158210396767,0.0001437429600628093,0.029908625409007072,0.008090309798717499,0.08220966905355453,0.034166183322668076,0.004412895999848843,0.09647579491138458,0.0,0.06544999778270721,0.00784595962613821,0.02584303915500641,0.05641569197177887,0.0073112305253744125,0.07266916334629059,1,373,2.0815940725715953,227,42,104,23755.873046875,0.2653418481349945,0.1586584895849228,0.5614848732948303,0.23739302158355713,0.3240917921066284,393,57,0,166,-11,23,27,-4,0.18230563002680966,0.0,0.0,0.07417332381010056,0.19765716791152954,0.11036226153373718,0.024461984634399414,0.027310756966471672,0.03818075731396675,0.0,0.028267642483115196,0.03407431021332741,0.022372029721736908,0.01451476477086544,0.12643465399742126,0.008605841547250748,0.12703077495098114,0.07259088009595871,0.0190118420869112,0.07495100051164627,0.0,-54,-0.13258047239474524,-40,-4,-10,-1820.984375,-0.059289783239364624,0.15284718573093414,-0.07904255390167236,-54,-11,6,102,12,11,0.0308605141738173
g8636.t1,I0HZE4,0.7004,18.2,1,257,1.8492381696623434,110,34,113,21964.2421875,0.27565115690231323,0.1656031757593155,0.518928587436676,0.2598102390766144,0.25911828875541687,247,30,5,101,1,17,20,-3,0.2178988326848249,0.0,0.03091885894536972,0.055087484419345856,0.1818506419658661,0.19603581726551056,0.0023503992706537247,0.0,0.11909449100494385,0.008366599678993225,0.015845034271478653,0.056615378707647324,0.0,0.031322259455919266,0.03981710597872734,0.07726766169071198,0.0011751996353268623,0.06377439945936203,0.026367852464318275,0.035815875977277756,0.05829489976167679,1,241,1.9991215804895717,94,45,102,23096.40234375,0.28194543719291687,0.29837489128112793,0.3905177414417267,0.19588586688041687,0.19463182985782623,214,18,0,79,-5,15,18,-3,0.26556016597510373,0.0012572917621582747,0.0012386952294036746,0.07555172592401505,0.09018576890230179,0.07273830473423004,0.017004631459712982,0.07744906097650528,0.0,0.09440620243549347,0.04705541953444481,0.04868810251355171,0.014597898349165916,0.029161997139453888,0.10444607585668564,0.0024572545662522316,0.12314756959676743,0.03745165839791298,0.04030890017747879,0.11091753095388412,0.01193593442440033,16,-0.14988341082722823,16,-11,11,-1132.16015625,-0.006294280290603638,-0.13277171552181244,0.12841084599494934,33,12,5,22,6,0,-0.04766133329027883
g9275.t1,I0HZL7,0.6935,30.9,1,143,2.2094791523677535,33,41,69,20855.189453125,0.2159562110900879,0.23212751746177673,0.527164101600647,0.43795454502105713,0.08920956403017044,102,11,0,42,20,26,7,19,0.3706293706293706,0.000302369415294379,0.0,0.041669923812150955,0.060333285480737686,0.22576434910297394,0.032685570418834686,0.0,0.07143107056617737,0.0,0.056135017424821854,0.035008322447538376,0.022429700940847397,0.037645962089300156,0.024752099066972733,0.028876278549432755,0.02286769077181816,0.2121901959180832,0.014852344058454037,0.0652707889676094,0.047784965485334396,1,143,2.2111106877262077,13,46,84,24188.8203125,0.23852942883968353,0.12340912222862244,0.6070095300674438,0.5379002094268799,0.0691092386841774,86,9,0,5,27,25,6,19,0.3356643356643357,0.0017340696649625897,,0.024122299626469612,0.06493807584047318,0.3320343494415283,0.005556763149797916,0.08014204353094101,0.02632606402039528,0.02195359766483307,0.02213885821402073,0.02574426494538784,0.02616405300796032,0.031051931902766228,0.0041711642406880856,0.0,0.20586585998535156,0.0,0.08046069741249084,0.04759586229920387,0.0,0,-0.0016315353584541725,20,-5,-15,-3333.630859375,-0.022573217749595642,0.1087183952331543,-0.07984542846679688,16,2,0,37,-7,0,0.03496503496503495
g11900.t1,I0IA06,0.6923,13.5,1,357,1.9132011353182052,162,52,143,22064.43359375,0.18525250256061554,0.27249544858932495,0.5162443518638611,0.34969714283943176,0.1665472388267517,360,52,4,131,1,24,16,8,0.18207282913165265,0.00014623290917370468,0.0,0.07442254573106766,0.1145615428686142,0.285403311252594,0.06261204928159714,0.0,0.06423971056938171,0.0021934935357421637,0.0476655550301075,0.031187156215310097,0.0,0.023030994459986687,0.02600768208503723,0.05198569595813751,0.015662673860788345,0.06429381668567657,0.03547654673457146,0.008773974142968655,0.09233701229095459,1,341,1.915917135793702,169,53,119,21766.7890625,0.2675636410713196,0.16944511234760284,0.56047123670578,0.34051579236984253,0.2199554592370987,317,46,4,370,-1,28,22,6,0.1935483870967742,0.002913958625867963,0.0,0.10209165513515472,0.17712917923927307,0.18476919829845428,0.06076917052268982,0.04012075066566467,0.024935930967330933,0.00014485305291600525,0.08538928627967834,0.0,0.010203924030065536,0.002519953064620495,0.042826276272535324,0.0,0.15574657917022705,0.09720489382743835,0.0002964650630019605,0.012937886640429497,0.0,16,-0.0027160004754966938,-7,-1,24,297.64453125,-0.08231113851070404,0.1030503362417221,-0.044226884841918945,43,6,0,-239,2,2,-0.011475557965121536
g11348.t1,I0I786,0.6917,19.6,1,1371,4.040746963869525,618,215,538,69696.5625,0.16187533736228943,0.30623045563697815,0.5183209180831909,0.29596632719039917,0.22235460579395294,1261,161,33,793,8,63,57,6,0.1436907366885485,0.0003208930429536849,0.006239687092602253,0.06974592059850693,0.18453772366046906,0.2002955675125122,0.01724994368851185,0.0,0.03747911378741264,0.00461569894105196,0.038034599274396896,0.06092727929353714,0.00828666053712368,0.10401840507984161,0.013573331758379936,0.03781687095761299,0.0052310992032289505,0.09567075967788696,0.017096899449825287,0.018090473487973213,0.08076915144920349,1,654,2.4460774267895107,270,115,269,31192.205078125,0.19015051424503326,0.2718077600002289,0.49743637442588806,0.28375911712646484,0.21367724239826202,634,106,20,711,-1,36,33,3,0.12538226299694188,0.024618906900286674,0.0,0.0685691237449646,0.167381152510643,0.1757676601409912,0.022586850449442863,0.04554899409413338,0.006309887859970331,0.05645587667822838,0.059613291174173355,0.0013447301462292671,0.03779907524585724,0.04060535505414009,0.04629610478878021,0.03872232139110565,0.10799144208431244,0.036943573504686356,0.006815300788730383,0.056630320847034454,0.0,717,1.5946695370800144,348,100,269,38504.357421875,-0.028275176882743835,0.03442269563674927,0.020884543657302856,627,55,13,82,9,3,0.018308473691606625
g8731.t1,I0I4N7,0.6877,15.2,1,204,2.1209919773537687,98,32,74,23047.4296875,0.3188368082046509,0.3746495544910431,0.22069133818149567,0.1613880842924118,0.05930325388908386,174,12,50,214,-4,10,11,-1,0.27450980392156865,0.1049969419836998,0.00246406439691782,0.03191268444061279,0.029152069240808487,0.08676473051309586,0.006971070077270269,0.019718466326594353,0.06927397102117538,0.01707950234413147,0.1092865988612175,0.040674541145563126,0.0001399959292029962,0.08728010207414627,0.08582233637571335,0.030151188373565674,0.0,0.07462335377931595,0.002930339192971587,0.09003928303718567,0.1107187569141388,1,234,2.768137999901548,127,24,83,28524.935546875,0.30971285700798035,0.2746669352054596,0.41562026739120483,0.2555347979068756,0.16008542478084564,215,17,4,118,1,16,13,3,0.2948717948717949,0.027034049853682518,0.026468485593795776,0.031106123700737953,0.09795995056629181,0.11088824272155762,0.024862850084900856,0.07364342361688614,0.007804809138178825,0.03197481110692024,0.029120953753590584,0.05869542807340622,0.07873541116714478,0.0,0.06212547793984413,0.0,0.144646555185318,0.052047185599803925,0.03291335701942444,0.10997288674116135,0.0,-30,-0.6471460225477794,-29,8,-9,-5477.505859375,0.009123951196670532,0.0999826192855835,-0.19492892920970917,-41,-5,46,96,-5,-4,-0.020361990950226228
g4551.t1,I0HYT2,0.682,30.3,1,142,2.1566445379236145,22,46,74,23968.32421875,0.14541013538837433,0.2878069281578064,0.5667829513549805,0.39894524216651917,0.1678377240896225,80,7,0,22,2,18,15,3,0.352112676056338,0.013057857751846313,0.0,0.042915232479572296,0.11698959767818451,0.24483247101306915,0.0,,0.0358993262052536,0.005760913249105215,0.10969148576259613,0.00484621524810791,0.03727666288614273,0.05800251662731171,0.0,0.05084813013672829,0.007498238235712051,0.15411272644996643,0.0,0.010500133037567139,0.1077684685587883,1,152,2.5621723210334166,29,49,74,28112.833984375,0.21300676465034485,0.19671346247196198,0.5511667728424072,0.2731289863586426,0.27803775668144226,85,16,0,27,-5,20,22,-2,0.375,0.01951112039387226,0.028578052297234535,0.005853335838764906,0.19692638516426086,0.1590643972158432,0.0,0.07622815668582916,0.034874770790338516,0.02879343181848526,0.03863498196005821,0.024101970717310905,0.09474597871303558,0.039113011211156845,0.081111378967762,0.027671167626976967,0.11406457424163818,0.0018232575384899974,0.02203608863055706,0.006867910735309124,,-10,-0.4055277831098021,-7,-3,0,-4144.509765625,-0.06759662926197052,0.09109346568584442,0.015616178512573242,-5,-9,0,-5,7,5,-0.022887323943661997
g9659.t1,I0HZL1,0.6819,20.1,1,411,5.047028024967083,179,32,200,55979.94921875,0.14776694774627686,0.1657632440328598,0.6598882079124451,0.5649566650390625,0.09493153542280197,289,32,2,87,60,75,17,58,0.3284671532846715,0.02098006382584572,0.008159319870173931,0.02134673111140728,0.059811782091856,0.32015737891197205,0.03661646321415901,0.008264079689979553,0.01919170282781124,0.012795532122254372,0.021589025855064392,0.018380574882030487,0.0221196748316288,0.01624291203916073,0.026581596583127975,0.03511975333094597,0.018571164458990097,0.24479930102825165,0.018917890265583992,0.0242560226470232,0.04609902575612068,1,211,2.7808366551030193,74,19,118,26503.15625,0.2398325800895691,0.2150431126356125,0.5328932404518127,0.32562556862831116,0.2072676569223404,139,4,0,10,10,24,15,9,0.3127962085308057,0.03742991015315056,0.0006087097572162747,0.023587409406900406,0.16137953102588654,0.16601811349391937,0.04498988389968872,0.022580109536647797,0.05426045134663582,0.02432761900126934,0.023508932441473007,0.006668052636086941,0.03726740553975105,0.012231113389134407,0.04588811844587326,0.008089716546237469,0.15960747003555298,0.08398464322090149,0.01071329228579998,0.07685955613851547,,200,2.2661913698640634,105,13,82,29476.79296875,-0.09206563234329224,-0.049279868602752686,0.12699496746063232,150,28,2,77,50,49,0.015670944753865823
g10564.t1,I0I2N6,0.6771,23.0,1,216,1.9539862031752204,89,52,75,21133.625,0.13286033272743225,0.1903979778289795,0.6272935271263123,0.5261198878288269,0.10117363929748535,162,13,2,94,19,31,10,21,0.24537037037037038,0.0015267357230186462,0.0,0.011297845281660557,0.06698759645223618,0.43669259548187256,0.0051804594695568085,0.00046387393376789987,0.06225648894906044,0.026100222021341324,0.033213190734386444,0.004274860490113497,0.0,0.03187601640820503,0.049448173493146896,0.034186046570539474,0.0055584232322871685,0.08942732959985733,0.024045372381806374,0.007633678615093231,0.10983113944530487,1,239,1.9732966510883851,89,50,100,21607.36328125,0.1708916276693344,0.11862847208976746,0.6947263479232788,0.5020609498023987,0.19266539812088013,205,22,0,22,7,23,17,6,0.20502092050209206,0.000447978702140972,0.0005973049555905163,0.06060602515935898,0.12996233999729156,0.36931777000427246,0.004435529932379723,0.04243888705968857,0.0,0.022874148562550545,0.04100250080227852,0.0,0.008596237748861313,0.015753569081425667,0.06270306557416916,0.006603930611163378,0.13274313509464264,0.06067904829978943,0.006122375372797251,0.03511612117290497,,-23,-0.01931044791316472,0,2,-25,-473.73828125,-0.03803129494190216,0.07176950573921204,-0.06743282079696655,-43,-9,2,72,12,15,0.04034944986827832
g497.t1,I0I982,0.6741,17.7,1,651,3.369440423598083,269,86,296,55085.11328125,0.1725480556488037,0.3158682584762573,0.4591970443725586,0.24977384507656097,0.2094232141971588,538,41,35,114,-5,37,38,-1,0.23195084485407066,0.013237686827778816,0.002575020771473646,0.03465167060494423,0.17635388672351837,0.16791364550590515,0.009824715554714203,0.0,0.01812906749546528,0.00673153530806303,0.10766749083995819,0.03279145061969757,0.005459201522171497,0.08548341691493988,0.052386704832315445,0.03306930884718895,0.006582419853657484,0.08186018466949463,0.01866714470088482,0.07309673726558685,0.0735187754034996,1,442,2.5265863592001514,214,86,142,31581.05078125,0.3101823627948761,0.28459101915359497,0.38997381925582886,0.1898321509361267,0.20014165341854095,411,41,0,63,-4,25,21,4,0.17873303167420815,0.0060278624296188354,0.00020433432655408978,0.04546438157558441,0.1380145400762558,0.056187160313129425,0.03789277747273445,0.06716448813676834,0.0128404526039958,0.035211678594350815,0.05779874697327614,0.0481523796916008,0.021799923852086067,0.015252833254635334,0.06212712079286575,0.03308658301830292,0.1336449682712555,0.08644811809062958,0.043880313634872437,0.09880130738019943,,209,0.8428540643979314,55,0,154,23504.0625,-0.1376343071460724,0.031277239322662354,0.06922322511672974,127,0,35,51,-1,-5,0.053217813179862516
g4337.t1,I0HZI2,0.673,26.0,1,204,2.2264776515908244,110,21,73,24002.69140625,0.23583896458148956,0.2030280977487564,0.531929075717926,0.5182676911354065,0.013661406002938747,167,13,3,77,33,32,2,30,0.3235294117647059,0.007124491035938263,0.0,0.01850765384733677,0.00013135967310518026,0.28946131467819214,0.004374710377305746,0.0,0.04745655506849289,0.05269434303045273,0.06775073707103729,0.03814544528722763,0.01908825896680355,0.03479096665978432,0.029203837737441063,0.013530046679079533,0.014321270398795605,0.22880634665489197,0.029951272532343864,0.061016395688056946,0.0436449758708477,1,133,1.612412955791918,48,27,58,16929.90234375,0.26120680570602417,0.2506961226463318,0.48336002230644226,0.3907303512096405,0.09262964129447937,115,14,0,88,12,18,6,12,0.3233082706766917,0.01256976742297411,0.0,0.13707120716571808,0.06294833868741989,0.2271626591682434,0.031839706003665924,0.060736726969480515,0.01048204768449068,0.033915579319000244,0.027317900210618973,0.0,0.01105319894850254,0.004737034905701876,0.029681311920285225,0.06505897641181946,0.16356772184371948,0.024355478584766388,0.015991564840078354,0.08151073008775711,0.0,71,0.6140646957989064,62,-6,15,7072.7890625,-0.025367841124534607,-0.04766802489757538,0.048569053411483765,52,-1,3,-11,21,18,0.0002211410880141873
g9007.t1,I0I0M8,0.664,16.3,1,744,3.782896553502419,86,287,371,62353.796875,0.32810062170028687,0.4941551983356476,0.16017447412014008,0.10884403437376022,0.05133045092225075,518,30,2,807,-18,15,12,3,0.24193548387096775,0.022147197276353836,0.011560384184122086,0.0829702615737915,0.030694779008626938,0.009445619769394398,0.013578016310930252,0.007247761823236942,0.05642951279878616,0.07007759809494019,0.10539819300174713,0.1326451450586319,0.019805658608675003,0.06385105848312378,0.017569709569215775,0.02063567005097866,0.04743987321853638,0.0993984118103981,0.007962952367961407,0.0571470782160759,0.12399514764547348,1,683,3.5416750571337836,59,204,420,64209.63671875,0.48112615942955017,0.3475523293018341,0.16963596642017365,0.05697636678814888,0.11265961080789566,452,39,1,394,-13,9,17,-8,0.2679355783308931,0.07501894980669022,0.007939529605209827,0.16756181418895721,0.07002538442611694,0.000147883765748702,0.03151461482048035,0.05089041218161583,0.01953701302409172,0.05166254937648773,0.1023392528295517,0.038231223821640015,0.05450174957513809,0.0016855719732120633,0.04263421148061752,0.013158044777810574,0.05682848393917084,0.03739915415644646,0.08454805612564087,0.0943761020898819,0.0,61,0.24122149636863544,27,83,-49,-1855.83984375,-0.1530255377292633,0.14660286903381348,-0.00946149230003357,66,-9,1,413,-5,11,-0.02600009445992535
g6448.t1,I0I8R7,0.6489,15.1,1,129,2.873380461765209,47,2,80,29817.890625,0.3604658544063568,0.28795358538627625,0.33668777346611023,0.21522262692451477,0.12146514654159546,82,7,0,52,-3,12,13,-1,0.49612403100775193,0.07929206639528275,0.05787429213523865,0.046836968511343,0.06915488839149475,0.06671451777219772,0.016185754910111427,0.013794668018817902,0.0679209902882576,0.008759946562349796,0.060293424874544144,0.022994114086031914,0.0,0.05483440309762955,0.01489280629903078,0.0523102693259716,0.049151040613651276,0.14850811660289764,0.010144452564418316,0.0896371454000473,0.07070018351078033,1,106,1.3578904315738425,59,2,45,15211.4736328125,0.2616001069545746,0.23539231717586517,0.5030075907707214,0.22925223410129547,0.2737553119659424,91,12,0,0,-10,7,13,-6,0.330188679245283,0.0,,0.0,0.1638018786907196,0.03912690654397011,0.0019090139539912343,0.15711891651153564,0.0729779377579689,,0.11626826971769333,0.0,0.05158841609954834,,0.10995342582464218,0.0,0.19012533128261566,0.03150323033332825,0.0,0.06562662869691849,,23,1.5154900301913663,-12,0,35,14606.4169921875,0.09886574745178223,0.05256126821041107,-0.1663198173046112,-9,-5,0,52,7,5,0.16593535176246893
g18246.t1,I0HZJ6,0.6484,15.7,1,151,2.024442043339488,36,36,79,22806.216796875,0.25544631481170654,0.16739384829998016,0.5771598219871521,0.4468950033187866,0.13026483356952667,100,8,3,38,9,21,10,11,0.304635761589404,0.0022636258509010077,,0.06391150504350662,0.06955000758171082,0.1916472464799881,0.008272933773696423,0.0,0.08620937913656235,0.0,0.029125316068530083,0.07055679708719254,0.019757898524403572,0.0004244298324920237,0.0,0.060714833438396454,0.026162164285779,0.2552477717399597,0.03732724487781525,0.045976672321558,0.03285219520330429,1,121,1.4891806111394315,50,25,46,15966.267578125,0.27664998173713684,0.14309868216514587,0.5388561487197876,0.3867191970348358,0.15213699638843536,116,17,0,42,11,17,9,8,0.3305785123966942,0.0023881644010543823,,0.020208517089486122,0.12736470997333527,0.12535758316516876,0.022573014721274376,0.09929544478654861,0.06862540543079376,0.04308687523007393,0.004647959489375353,0.013943878002464771,0.03823890909552574,0.04139512777328491,0.0247722826898098,0.003811975009739399,0.26136162877082825,0.057840533554553986,0.014348046854138374,0.030739959329366684,,30,0.5352614322000566,-14,11,33,6839.94921875,-0.021203666925430298,0.02429516613483429,0.0383036732673645,-16,-9,3,-4,-2,3,-0.02594275080729025
g7573.t1,I0HZJ6,0.643,20.0,1,224,2.3156935645587446,90,31,103,28181.84765625,0.2388809472322464,0.19548720121383667,0.5534380078315735,0.35842254757881165,0.19501544535160065,178,23,1,136,17,26,15,11,0.27232142857142855,0.03246041014790535,,0.04024835675954819,0.13354596495628357,0.2237412929534912,0.010480896569788456,0.007536967284977436,0.05808843672275543,0.023236295208334923,0.0638958066701889,0.01507094781845808,0.03788546472787857,0.023083828389644623,0.012193845584988594,0.06146948039531708,0.05140846222639084,0.13468128442764282,0.04516928270459175,0.0017926907166838646,0.024010302498936653,1,121,1.4891806111394315,50,25,46,15966.267578125,0.27664998173713684,0.14309868216514587,0.5388561487197876,0.3867191970348358,0.15213699638843536,116,17,0,42,11,17,9,8,0.3305785123966942,0.0023881644010543823,,0.020208517089486122,0.12736470997333527,0.12535758316516876,0.022573014721274376,0.09929544478654861,0.06862540543079376,0.04308687523007393,0.004647959489375353,0.013943878002464771,0.03823890909552574,0.04139512777328491,0.0247722826898098,0.003811975009739399,0.26136162877082825,0.057840533554553986,0.014348046854138374,0.030739959329366684,,103,0.8265129534193132,40,6,57,12215.580078125,-0.03776903450489044,0.052388519048690796,0.014581859111785889,62,6,1,94,6,3,-0.058257083825265676
g8731.t1,I0I9M7,0.6408,12.6,1,204,2.1209919773537687,98,32,74,23047.4296875,0.3188368082046509,0.3746495544910431,0.22069133818149567,0.1613880842924118,0.05930325388908386,174,12,50,214,-4,10,11,-1,0.27450980392156865,0.1049969419836998,0.00246406439691782,0.03191268444061279,0.029152069240808487,0.08676473051309586,0.006971070077270269,0.019718466326594353,0.06927397102117538,0.01707950234413147,0.1092865988612175,0.040674541145563126,0.0001399959292029962,0.08728010207414627,0.08582233637571335,0.030151188373565674,0.0,0.07462335377931595,0.002930339192971587,0.09003928303718567,0.1107187569141388,1,455,2.9209326290483832,191,70,194,40899.9609375,0.415755957365036,0.24265915155410767,0.3415849506855011,0.08498052507638931,0.2566043734550476,407,49,7,508,-30,16,31,-15,0.26153846153846155,0.054192718118429184,0.0,0.09502290189266205,0.18757271766662598,0.021135494112968445,0.02656143344938755,0.048235245048999786,0.04589296132326126,0.052262984216213226,0.0521208755671978,0.013943520374596119,0.028486343100667,0.0,0.06903169304132462,0.008991270326077938,0.06384503096342087,0.06918872892856598,0.0892798900604248,0.06186231970787048,0.012373936362564564,-251,-0.7999406516946146,-93,-38,-120,-17852.53125,-0.09691914916038513,0.13199040293693542,-0.12089361250400543,-233,-37,43,-294,26,14,0.012971342383107098
g7782.t1,I0I2N9,0.6398,25.0,1,142,2.2874228933075225,24,32,86,25373.328125,0.2839159667491913,0.22556370496749878,0.4905204772949219,0.2854354977607727,0.2050849348306656,90,7,3,57,1,16,16,0,0.45774647887323944,0.016785504296422005,0.016276851296424866,0.01999896764755249,0.11110921204090118,0.2134031504392624,0.027098998427391052,0.0,0.07208234816789627,0.013135070912539959,0.06243070587515831,0.058277107775211334,0.052113596349954605,0.05201223865151405,0.0,0.09397570788860321,0.0032337575685232878,0.07203236222267151,0.03721655160188675,0.056307073682546616,0.02251088246703148,1,129,2.085875887287913,62,18,49,20193.265625,0.4363771080970764,0.14373533427715302,0.41988763213157654,0.22358989715576172,0.19629770517349243,94,8,0,0,-6,13,16,-3,0.46511627906976744,0.0,0.00792114157229662,0.020582398399710655,0.16928541660308838,0.191131591796875,0.022401943802833557,0.13959991931915283,0.049034252762794495,0.0323500782251358,0.026621880009770393,0.016617460176348686,0.0004684214072767645,,0.027012299746274948,,0.03245830908417702,0.13982708752155304,0.06279483437538147,0.06189301609992981,,13,0.2015470060196094,-38,14,37,5180.0625,-0.15246114134788513,0.08182837069034576,0.07063284516334534,-4,-1,3,57,7,3,-0.007369800196527998
g6827.t1,I0I2E6,0.6393,16.0,1,176,1.7498201592905276,52,51,73,20316.9375,0.15511298179626465,0.44832873344421387,0.3384191691875458,0.189107283949852,0.14931190013885498,139,9,1,294,-5,11,13,-2,0.3068181818181818,0.0058397878892719746,0.0,0.014567132107913494,0.08661463111639023,0.12970435619354248,0.025405090302228928,0.014636454172432423,0.08609289675951004,0.02268820069730282,0.13147804141044617,0.050460465252399445,0.0,0.015750225633382797,0.05813911557197571,0.06269726157188416,0.0,0.059402916580438614,0.004923130385577679,0.021001840010285378,0.21059846878051758,1,145,1.4488965576023913,48,45,52,15093.923828125,0.21904563903808594,0.33014926314353943,0.4109076261520386,0.1891036182641983,0.22180399298667908,122,9,1,70,-3,8,10,-2,0.33793103448275863,0.0,0.0,0.025224220007658005,0.18583574891090393,0.026857789605855942,0.029597122222185135,0.0627954974770546,0.0,0.03160156309604645,0.07601112872362137,0.0,0.06580336391925812,0.03989742696285248,0.03596825152635574,0.02055971696972847,0.16224583983421326,0.0813370868563652,0.04968884214758873,0.10636749118566513,0.0002088910696329549,31,0.30092360168813626,4,6,21,5223.013671875,-0.06393265724182129,0.11817947030067444,-0.0724884569644928,17,0,0,224,-2,0,-0.031112852664576807
g4551.t1,I0I3A0,0.6384,26.0,1,142,2.1566445379236145,22,46,74,23968.32421875,0.14541013538837433,0.2878069281578064,0.5667829513549805,0.39894524216651917,0.1678377240896225,80,7,0,22,2,18,15,3,0.352112676056338,0.013057857751846313,0.0,0.042915232479572296,0.11698959767818451,0.24483247101306915,0.0,,0.0358993262052536,0.005760913249105215,0.10969148576259613,0.00484621524810791,0.03727666288614273,0.05800251662731171,0.0,0.05084813013672829,0.007498238235712051,0.15411272644996643,0.0,0.010500133037567139,0.1077684685587883,1,146,2.8253395591789023,36,48,62,26570.517578125,0.26921167969703674,0.21896761655807495,0.5095550417900085,0.2764170467853546,0.23313800990581512,96,13,0,51,-5,15,18,-3,0.3972602739726027,0.029864292591810226,,0.006193099543452263,0.18803706765174866,0.14339609444141388,0.01424846425652504,0.08714237064123154,0.052787505090236664,0.04834485054016113,0.00896945409476757,0.04924655705690384,0.012771885842084885,0.0022656661458313465,0.04510094225406647,0.04211015999317169,0.13302093744277954,0.01775933802127838,0.02621852420270443,0.09252280741930008,,-4,-0.6686950212552878,-14,-2,12,-2602.193359375,-0.12380154430866241,0.06883931159973145,0.057227909564971924,-16,-6,0,-29,7,6,-0.045147597916264715
g5810.t1,I0HYW5,0.6295,21.9,1,286,4.760696534554028,154,64,68,41607.51171875,0.2975045442581177,0.12626266479492188,0.5548347234725952,0.39033520221710205,0.16449955105781555,239,17,0,101,4,35,28,7,0.40559440559440557,0.025668125599622726,0.011399439536035061,0.024970201775431633,0.13538087904453278,0.22763244807720184,0.007824952714145184,,0.04294787719845772,0.007056795991957188,0.02402600646018982,0.024569358676671982,0.02512529492378235,0.00972498208284378,0.021397991105914116,0.029118681326508522,0.0060623399913311005,0.162702739238739,0.040086355060338974,0.12025047838687897,0.05405502766370773,1,315,5.863365641167874,175,63,77,50699.82421875,0.2856365144252777,0.2754870653152466,0.4374872148036957,0.30619490146636963,0.13129234313964844,270,24,0,61,-4,34,27,7,0.40634920634920635,0.05092791095376015,0.00012728037836495787,0.02581470087170601,0.09129717200994492,0.07380823791027069,0.005063448566943407,0.03544442355632782,0.022815629839897156,0.07459153980016708,0.028102688491344452,0.021446742117404938,0.03697565570473671,0.0013891919516026974,0.039995163679122925,0.027229351922869682,0.23238666355609894,0.04641320928931236,0.08264663815498352,0.10352436453104019,,-29,-1.1026691066138463,-21,1,-9,-9092.3125,0.011868029832839966,-0.1492244005203247,0.11734750866889954,-31,-7,0,40,8,0,-0.0007548007548007774
g6827.t1,I0I5L1,0.6271,18.7,1,176,1.7498201592905276,52,51,73,20316.9375,0.15511298179626465,0.44832873344421387,0.3384191691875458,0.189107283949852,0.14931190013885498,139,9,1,294,-5,11,13,-2,0.3068181818181818,0.0058397878892719746,0.0,0.014567132107913494,0.08661463111639023,0.12970435619354248,0.025405090302228928,0.014636454172432423,0.08609289675951004,0.02268820069730282,0.13147804141044617,0.050460465252399445,0.0,0.015750225633382797,0.05813911557197571,0.06269726157188416,0.0,0.059402916580438614,0.004923130385577679,0.021001840010285378,0.21059846878051758,1,166,1.744403253703734,61,55,50,19222.759765625,0.15447425842285156,0.2556841969490051,0.558856189250946,0.15447910130023956,0.4043771028518677,139,18,0,200,-7,10,16,-6,0.30120481927710846,0.028496284037828445,0.000164023571414873,0.022156238555908203,0.3152620196342468,0.028979865834116936,0.049296144396066666,0.02592162974178791,0.012588773854076862,0.029786037281155586,0.04800308495759964,0.01591411419212818,0.022883465513586998,0.03098527528345585,0.08911506831645966,0.02045372687280178,0.12549924850463867,0.0445525124669075,0.004680674988776445,0.0852617621421814,,10,0.005416905586793641,-9,-4,23,1094.177734375,0.0006387233734130859,0.19264453649520874,-0.22043702006340027,0,-9,1,94,2,4,0.005613362541073363
g18742.t1,I0I2P2,0.6243,16.0,1,141,2.234134233405739,65,33,43,22340.64453125,0.24901485443115234,0.4033357799053192,0.34764936566352844,0.27435845136642456,0.07329091429710388,125,22,0,37,7,20,10,10,0.41134751773049644,0.007221246603876352,,0.05540649965405464,0.055084846913814545,0.13949638605117798,0.0,,0.060173358768224716,0.010772601701319218,0.034425221383571625,0.05549074709415436,0.01723221316933632,0.03439483046531677,,0.01820606179535389,0.0694064125418663,0.13486208021640778,0.002455224050208926,0.0957537367939949,0.20961855351924896,1,107,1.5096687360611494,35,35,37,16015.146484375,0.3072482645511627,0.26504844427108765,0.42375198006629944,0.2181493192911148,0.20560269057750702,76,9,0,14,1,9,9,0,0.3177570093457944,0.033782389014959335,,0.02536664716899395,0.1772526651620865,0.11405884474515915,0.02683613821864128,0.06332431733608246,0.061795055866241455,0.0,0.065315842628479,0.0006044052424840629,0.01742607168853283,0.0039512841030955315,0.02835003286600113,0.0033606586512178183,0.10409047454595566,0.05323755741119385,0.06913788616657257,0.15210974216461182,,34,0.7244654973445894,30,-2,6,6325.498046875,-0.058233410120010376,0.13828733563423157,-0.076102614402771,49,13,0,23,6,10,0.09359050838470206
g4920.t3,I0HZP1,0.6207,19.2,1,306,2.604009486701002,189,12,105,27151.58203125,0.2725813686847687,0.2720043957233429,0.365825355052948,0.19576531648635864,0.17006005346775055,289,39,0,370,-3,18,16,2,0.238562091503268,0.0025655936915427446,0.030216941609978676,0.05768044292926788,0.10116522759199142,0.14537473022937775,0.004018700681626797,0.0,0.03250988945364952,0.023242807015776634,0.07191739976406097,0.05269097909331322,0.06758397817611694,0.03564074635505676,0.08958885073661804,0.06889481842517853,0.005709104705601931,0.0503905825316906,0.03566858917474747,0.023113135248422623,0.10202746093273163,1,462,3.0650340515632317,285,35,142,32710.78125,0.3191940188407898,0.20738615095615387,0.4286518692970276,0.15206076204776764,0.27659112215042114,474,52,0,60,-10,25,31,-6,0.21428571428571427,0.034819431602954865,0.004335601348429918,0.05342583730816841,0.22460073232650757,0.04671662673354149,0.03395494073629379,0.06294460594654083,0.012280353344976902,0.03012583963572979,0.038007039576768875,0.08655492216348648,0.04589883238077164,0.044767968356609344,0.05199039727449417,0.019285015761852264,0.10534412413835526,0.045370280742645264,0.019462980329990387,0.04011448100209236,0.0,-156,-0.46102456486222954,-96,-23,-37,-5559.19921875,-0.04661265015602112,0.06461824476718903,-0.06282651424407959,-185,-13,0,310,7,8,0.024276377217553713
g14312.t1,I0IA62,0.6187,20.2,1,309,2.905674307403476,95,32,182,40345.015625,0.23261430859565735,0.4831660985946655,0.28295978903770447,0.1173657774925232,0.16559401154518127,198,23,9,130,-5,16,18,-2,0.33980582524271846,7.815056596882641e-05,0.0,0.05706486105918884,0.1344882696866989,0.028082240372896194,0.025679221376776695,0.0,0.01762891560792923,0.010461987927556038,0.044698383659124374,0.20841585099697113,0.04477836191654205,0.01483452320098877,0.0012598104076460004,0.031105749309062958,0.050245024263858795,0.0892835408449173,0.03168373182415962,0.07091832160949707,0.13929307460784912,1,291,2.7191480369217693,171,33,87,30561.07421875,0.09965204447507858,0.215827077627182,0.684520959854126,0.38281816244125366,0.3017027974128723,284,27,0,29,-18,28,32,-4,0.27835051546391754,0.030722903087735176,0.00010356924758525565,0.030195018276572227,0.2718818187713623,0.1495528519153595,0.004614096600562334,0.0172252394258976,0.00031673096236772835,0.05121303349733353,0.022640954703092575,0.0002111539797624573,0.020618140697479248,0.0,0.029820941388607025,0.028463214635849,0.23326529562473297,0.01549301017075777,0.005384426098316908,0.08827763050794601,0.0,18,0.18652627048170656,-76,-1,95,9783.94140625,0.13296226412057877,0.2673390209674835,-0.4015611708164215,-86,-4,9,101,13,2,0.061455309778800926
g9256.t2,I0HYW7,0.6184,13.7,1,109,2.8910394727259368,11,10,88,24855.955078125,0.35817721486091614,0.20252755284309387,0.4392951428890228,0.2826054096221924,0.15668974816799164,43,1,9,60,5,12,8,4,0.5412844036697247,0.09021780639886856,0.0,0.04784277081489563,0.12064944207668304,0.16733942925930023,0.03330662101507187,0.02359989657998085,0.07627977430820465,0.04673152416944504,0.025871993973851204,0.019597506150603294,0.02538057044148445,0.04606778547167778,0.0,0.0360402874648571,0.029541734606027603,0.11526600271463394,0.037714648991823196,0.03401016443967819,0.024542000144720078,1,733,5.956245424434902,172,226,335,67978.1015625,0.2289033979177475,0.1986083984375,0.5265138745307922,0.3703096807003021,0.1562042236328125,539,63,374,314,1,63,47,16,0.25375170532060026,0.0,0.007365647703409195,0.034097157418727875,0.12530599534511566,0.06059654802083969,0.03419862315058708,0.044029075652360916,0.028110438957810402,0.007538535166531801,0.02335641346871853,0.009581186808645725,0.021407609805464745,0.045974258333444595,0.030898233875632286,0.024460190907120705,0.3097131550312042,0.04296593368053436,0.06275396049022675,0.06624523550271988,0.0214017853140831,-624,-3.0652059517089656,-161,-216,-247,-43122.146484375,0.12927381694316864,0.003919154405593872,-0.08721873164176941,-496,-62,-365,-254,4,-12,0.2875326983491245
g5964.t1,I0HZQ2,0.6102,15.7,1,257,2.890078713983306,58,49,150,36655.14453125,0.3190099000930786,0.31345880031585693,0.30644720792770386,0.18326003849506378,0.12318716198205948,189,27,4,185,0,20,16,4,0.35019455252918286,0.15617649257183075,0.0,0.030544182285666466,0.08826404064893723,0.14771808683872223,0.013111067935824394,0.050422895699739456,0.046277642250061035,0.012675510719418526,0.02295568957924843,0.07365413010120392,0.019421279430389404,0.0,0.06108405068516731,0.03492312878370285,0.01762411557137966,0.035541944205760956,0.008846311829984188,0.04506848007440567,0.13569091260433197,1,177,1.6611072994015301,57,37,83,18683.234375,0.4525018632411957,0.20929615199565887,0.3042449951171875,0.15880414843559265,0.14544086158275604,147,6,1,14,-1,10,9,1,0.2937853107344633,0.05163652449846268,0.0003453948302194476,0.08756491541862488,0.11387088894844055,0.027804838493466377,0.027406489476561546,0.05725406855344772,0.033668119460344315,0.02117803692817688,0.027893755584955215,0.0003453948302194476,0.058905716985464096,0.03395698964595795,0.031569961458444595,0.0,0.13099931180477142,0.0960693359375,0.125618115067482,0.07391215115785599,0.0,80,1.228971414581776,1,12,67,17971.91015625,-0.13349196314811707,0.10416264832019806,0.0022022128105163574,42,21,3,171,1,3,0.05640924179471957
g16188.t2,I0I7G7,0.6096,17.9,1,76,1.1612962467528984,18,26,32,11969.802734375,0.09278129041194916,0.4334450662136078,0.47109857201576233,0.25387972593307495,0.21721884608268738,70,10,0,2,0,9,9,0,0.42105263157894735,0.004852029494941235,,0.0040433574467897415,0.14957036077976227,0.16026602685451508,0.1964900642633438,,0.0,0.0,0.026923036202788353,0.0646112933754921,0.0,0.037307821214199066,0.0026750671677291393,0.06764848530292511,0.0,0.09361370652914047,0.019493307918310165,0.06439258903265,0.10811285674571991,1,83,1.2300477126768798,25,23,35,12978.703125,0.13754315674304962,0.2600778043270111,0.5783780217170715,0.4146558344364166,0.1637222021818161,64,4,0,0,-1,7,7,0,0.39759036144578314,0.0,,0.039776500314474106,0.038626719266176224,,0.09712637960910797,0.004915331024676561,0.014068357646465302,0.011220342479646206,0.020757969468832016,0.0,0.03272337093949318,0.024001041427254677,0.12509548664093018,,0.4146558344364166,0.058499526232481,0.02028343826532364,0.09824978560209274,,-7,-0.0687514659239814,-7,3,-3,-1008.900390625,-0.044761866331100464,0.17336726188659668,-0.1072794497013092,6,6,0,2,1,0,0.02346227013316421
g15674.t1,I0I180,0.6079,12.3,1,441,3.626821886904685,63,199,179,44695.515625,0.26505008339881897,0.32769104838371277,0.3489745855331421,0.22337393462657928,0.1256006509065628,349,21,9,73,6,31,18,13,0.29705215419501135,0.03100033476948738,0.0006483325851149857,0.04026833921670914,0.08941009640693665,0.1359587162733078,0.007813788019120693,0.007409874815493822,0.06132066994905472,0.012916979379951954,0.03277643024921417,0.060026865452528,0.0317600816488266,0.062195226550102234,0.05828431248664856,0.03619055449962616,0.01578742265701294,0.08741521835327148,0.03385147452354431,0.05328384414315224,0.14168143272399902,1,403,3.1105168406262766,107,146,150,38833.671875,0.1628320962190628,0.2227049618959427,0.6060965061187744,0.3446897566318512,0.2614067494869232,345,26,1,31,-17,35,41,-6,0.2506203473945409,8.308630640385672e-05,0.010385788045823574,0.03559666872024536,0.22332768142223358,0.08646716922521591,0.03983292728662491,0.022450290620326996,0.019421357661485672,0.044331569224596024,0.025404687970876694,0.02093774825334549,0.021794088184833527,0.008366436697542667,0.03807907924056053,,0.2582226097583771,0.033032674342393875,0.020924489945173264,0.09134168177843094,0.0,38,0.5163050462784082,-44,53,29,5861.84375,0.10221798717975616,0.10498608648777008,-0.2571219205856323,4,-5,8,42,23,19,0.04643180680047043
g5964.t1,I0I6J6,0.6054,18.0,1,257,2.890078713983306,58,49,150,36655.14453125,0.3190099000930786,0.31345880031585693,0.30644720792770386,0.18326003849506378,0.12318716198205948,189,27,4,185,0,20,16,4,0.35019455252918286,0.15617649257183075,0.0,0.030544182285666466,0.08826404064893723,0.14771808683872223,0.013111067935824394,0.050422895699739456,0.046277642250061035,0.012675510719418526,0.02295568957924843,0.07365413010120392,0.019421279430389404,0.0,0.06108405068516731,0.03492312878370285,0.01762411557137966,0.035541944205760956,0.008846311829984188,0.04506848007440567,0.13569091260433197,1,236,2.827026717679445,90,44,102,27898.919921875,0.3723278045654297,0.22607417404651642,0.3543511629104614,0.18658819794654846,0.16776295006275177,205,29,1,118,-3,16,14,2,0.3177966101694915,0.0,0.02254980430006981,0.0326765812933445,0.14642657339572906,0.10477300733327866,0.028780179098248482,0.07253096997737885,0.0495537593960762,0.025237683206796646,0.04285581037402153,0.015683751553297043,0.04044186323881149,0.047246769070625305,0.021336397156119347,0.03141878917813301,0.0818151980638504,0.04332704842090607,0.1360059231519699,0.05733984336256981,0.0,21,0.06305199630386138,-32,5,48,8756.224609375,-0.053317904472351074,0.08738462626934052,-0.04790395498275757,-16,-2,3,67,3,2,0.032397942359691345
g16603.t3,I0I222,0.6037,33.4,1,727,4.248470445460001,258,135,334,68972.2109375,0.12098310887813568,0.2515506446361542,0.6217643618583679,0.27146828174591064,0.3502960801124573,681,142,5,454,-17,68,75,-7,0.24484181568088034,0.00893398653715849,0.009955148212611675,0.0175798237323761,0.27884796261787415,0.23786909878253937,0.005680397152900696,0.0,0.031237225979566574,0.007380488328635693,0.015451284125447273,0.0527428574860096,0.012993215583264828,0.0159141942858696,0.005701863672584295,0.07144814729690552,0.014612728729844093,0.03359919413924217,0.012165806256234646,0.020737426355481148,0.14714916050434113,1,629,3.2939471633577377,269,117,243,37426.4140625,0.11156055331230164,0.22879424691200256,0.6120111346244812,0.18196728825569153,0.43004390597343445,602,116,0,445,-24,32,50,-18,0.16057233704292528,0.0022414703853428364,0.014380743727087975,0.030226435512304306,0.26261329650878906,0.06835830211639404,0.0,0.005160169675946236,0.00706532271578908,0.02426932007074356,0.01945352740585804,0.000172420812305063,0.07785404473543167,0.04763404279947281,0.16743060946464539,0.00641860906034708,0.11360897868871689,0.02749522030353546,0.024818770587444305,0.10079876333475113,,98,0.9545232821022629,-11,18,91,31545.796875,0.009422555565834045,0.02275639772415161,0.009753227233886719,79,26,5,9,7,11,0.08426947863795506
g1192.t2,I0I0B2,0.5912,20.1,1,528,3.0033016049495105,275,88,165,35937.41015625,0.2050510048866272,0.22855666279792786,0.5490633249282837,0.34290486574172974,0.20615845918655396,482,72,4,98,1,40,29,11,0.19507575757575757,0.0020649947691708803,0.0,0.03644755482673645,0.11097133904695511,0.1820213496685028,0.02720293402671814,0.0,0.052069373428821564,0.035880204290151596,0.06867659837007523,0.031925685703754425,0.00951693207025528,0.004246100317686796,0.01732899621129036,0.09518713504076004,0.0018588202074170113,0.16088353097438812,0.04218226671218872,0.026889681816101074,0.09464650601148605,1,543,2.6676774122943896,291,96,156,35459.3125,0.30003297328948975,0.23106646537780762,0.46890053153038025,0.21670269966125488,0.252197802066803,509,89,0,38,-15,31,36,-5,0.1731123388581952,0.008462340570986271,0.015286809764802456,0.017379647120833397,0.18370367586612701,0.12863506376743317,0.0334513857960701,0.14605988562107086,0.008826312609016895,0.03569816052913666,0.03584412485361099,0.011125744320452213,0.010922728106379509,0.0,0.06849414855241776,0.020524412393569946,0.08806764334440231,0.06625857949256897,0.026633672416210175,0.09462565183639526,0.0,-15,0.3356241926551209,-16,-8,9,478.09765625,-0.09498196840286255,-0.0025098025798797607,0.08016279339790344,-27,-17,4,60,16,16,0.021963418717562355
g1259.t1,I0I367,0.5884,10.6,1,191,1.5445783784625133,66,46,79,17340.41796875,0.2100527137517929,0.3317936956882477,0.4260016083717346,0.2959679961204529,0.13003356754779816,170,18,2,69,0,16,10,6,0.2094240837696335,0.006136095616966486,0.00037214168696664274,0.029432548210024834,0.05137326568365097,0.24300743639469147,0.031770866364240646,0.0,0.1461212933063507,0.0007273148512467742,0.08731868863105774,0.013815322890877724,0.0,0.019972046837210655,0.03215193375945091,0.07866029441356659,0.00037214168696664274,0.05296057462692261,0.00018182871281169355,0.027081498876214027,0.17854464054107666,1,231,1.7231044684067622,68,67,96,18952.25,0.2891654074192047,0.17007999122142792,0.5252655148506165,0.23696155846118927,0.2883039116859436,217,26,10,282,-9,15,15,0,0.22077922077922077,0.013859262689948082,0.004256151616573334,0.06265055388212204,0.23483872413635254,0.03490801900625229,0.025670625269412994,0.010071445256471634,0.019566655158996582,0.020199019461870193,0.0563105084002018,0.0026618356350809336,0.011734801344573498,0.015489155426621437,0.05346517264842987,0.0016985794063657522,0.20205353200435638,0.14545521140098572,0.030644293874502182,0.05446644872426987,0.0,-40,-0.1785260899442489,-2,-21,-17,-1611.83203125,-0.0791126936674118,0.16171370446681976,-0.09926390647888184,-47,-8,-8,-213,9,6,-0.011355137009587263
g14210.t1,I0I466,0.588,16.0,1,118,1.8469997613887725,98,0,20,17653.09375,0.30991774797439575,0.19816656410694122,0.4142962694168091,0.2650167942047119,0.14927944540977478,121,14,2,49,-6,12,13,-1,0.3813559322033898,0.008773205801844597,0.027233490720391273,0.025040190666913986,0.11689721047878265,0.12714144587516785,0.005292144138365984,0.03294973447918892,0.11380001157522202,0.0,0.013244648464024067,0.04039689525961876,0.06068133935332298,0.019647466018795967,0.07761948555707932,0.03238224238157272,0.026392905041575432,0.13787534832954407,0.04313492774963379,0.031254544854164124,0.06024277210235596,1,141,1.6092381906401574,111,0,30,15391.2109375,0.2733759582042694,0.24958044290542603,0.47354355454444885,0.28071925044059753,0.19282427430152893,164,24,0,63,-10,12,13,-1,0.3120567375886525,0.006379220634698868,0.0,0.08322534710168839,0.1170596107840538,0.1238192766904831,0.041634928435087204,0.006165506783872843,0.025156276300549507,0.014150982722640038,0.0744849368929863,0.015093764290213585,0.0,0.0035000198986381292,0.07576467841863632,0.013725368306040764,0.15689998865127563,0.04096844419836998,0.09638740122318268,0.10558422654867172,,-23,0.23776157074861515,-13,0,-10,2261.8828125,0.03654178977012634,-0.0514138787984848,-0.05924728512763977,-43,-10,2,-14,4,0,0.06929919461473733
g19156.t1,I0IA51,0.5868,9.4,1,381,2.062407351011316,109,136,136,24245.626953125,0.1352640837430954,0.20558859407901764,0.6202356219291687,0.3969697058200836,0.22326594591140747,374,49,0,518,-7,24,20,4,0.18635170603674542,0.00026615490787662566,0.0,0.06574025750160217,0.12986132502555847,0.30571624636650085,0.016576619818806648,0.0,0.004888872150331736,0.030395852401852608,0.05866719037294388,0.013041590340435505,0.0030607813969254494,0.028928134590387344,0.03891170024871826,0.09340459108352661,0.01851775124669075,0.09125346690416336,0.025189829990267754,0.005722330417484045,0.06985730677843094,1,324,1.906747770758157,52,115,157,23032.44921875,0.28361284732818604,0.22686085104942322,0.48812544345855713,0.17700694501399994,0.3111185133457184,311,31,1,370,-12,12,24,-12,0.1697530864197531,0.029558353126049042,0.03440229967236519,0.05502224713563919,0.2219722867012024,0.1320110410451889,0.04249089956283569,0.038417838513851166,0.0,0.04414607211947441,0.008685392327606678,0.0009806088637560606,0.023498160764575005,0.001400869688950479,0.08914622664451599,0.014040197245776653,0.04499591886997223,0.06319212913513184,0.06203937157988548,0.09400013834238052,0.0,57,0.15565958025315885,57,21,-21,1213.177734375,-0.14834876358509064,-0.02127225697040558,0.13211017847061157,63,18,-1,148,5,16,0.016598619616992327
g12174.t1,I0I8R2,0.5728,14.5,1,225,1.6449461221056636,85,51,89,18509.83203125,0.20690254867076874,0.19965696334838867,0.5673162937164307,0.3810279667377472,0.18628837168216705,204,20,5,405,2,19,14,5,0.21333333333333335,0.0005229457747191191,0.0008715762523934245,0.03529062122106552,0.06572496145963669,0.3579534590244293,0.022846128791570663,0.00017431526794098318,0.046176329255104065,0.0,0.05235670506954193,0.040602441877126694,0.0,0.020009396597743034,0.02612408436834812,0.12056343257427216,0.00017431526794098318,0.023074496537446976,0.03040526993572712,0.09363581240177155,0.06349366903305054,1,284,2.6384525481757573,87,70,127,29956.85546875,0.3777223527431488,0.23059099912643433,0.3789351284503937,0.13400691747665405,0.24492822587490082,249,28,1,157,-14,12,22,-10,0.2605633802816901,0.0,0.07108990103006363,0.04929728806018829,0.19604235887527466,0.006306790746748447,0.019858716055750847,0.1122254878282547,0.0413445383310318,0.015588129870593548,0.060482677072286606,0.0007539451471529901,0.06749629974365234,0.012751522473990917,0.04888586699962616,0.008892642334103584,0.12770012021064758,0.038666609674692154,0.0643446072936058,0.04300475865602493,0.015267767943441868,-59,-0.9935064260700937,-2,-19,-38,-11447.0234375,-0.17081980407238007,-0.030934035778045654,0.188381165266037,-45,-8,4,248,16,15,-0.04723004694835678
g12672.t1,I0I899,0.5665,11.4,1,91,1.3269169128144385,10,36,45,14148.2666015625,0.22108659148216248,0.19037865102291107,0.5671776533126831,0.3277606666088104,0.23941707611083984,68,2,0,67,1,11,10,1,0.3626373626373626,0.0,0.0,0.0782836452126503,0.12196826189756393,0.15460477769374847,0.0006754835485480726,0.0,0.10564076900482178,0.0,0.036441490054130554,0.01293659582734108,0.0,0.04138381406664848,0.021357061341404915,0.11744880676269531,,0.17315584421157837,0.03716214373707771,0.0,0.09894127398729324,1,109,1.5806577011682885,33,24,52,16885.57421875,0.1565438210964203,0.3238024413585663,0.4888581931591034,0.1837071031332016,0.3051510751247406,65,3,0,145,-3,6,10,-4,0.3761467889908257,0.0,0.0,0.04433125630021095,0.1519998162984848,0.09073223173618317,0.03472870960831642,0.05395522713661194,0.007643319666385651,0.000753430649638176,0.06790117174386978,0.0,0.07747034728527069,0.03079555742442608,0.1531512588262558,0.0360431894659996,0.09297488629817963,0.03935319185256958,0.011260828003287315,0.10690558701753616,,-18,-0.25374078835385006,-23,12,-7,-2737.3076171875,0.06454277038574219,-0.1334237903356552,0.07831946015357971,3,-1,0,-78,4,5,-0.013509426353463083
g15154.t1,I0I4W6,0.564,15.1,1,443,2.5336073591686694,134,114,195,28850.81640625,0.18849119544029236,0.3011382222175598,0.4578763544559479,0.2023358941078186,0.2555404305458069,401,55,16,452,-13,21,29,-8,0.19413092550790068,0.026563310995697975,0.0045852563343942165,0.05272737890481949,0.1157074123620987,0.15483234822750092,0.010235325433313847,0.0,0.00964974332600832,0.00787913054227829,0.037916116416454315,0.08938507735729218,0.0,0.05014000087976456,0.05249420180916786,0.1398330181837082,0.026968808844685555,0.04750355705618858,0.027137786149978638,0.05994858592748642,0.08649289608001709,1,307,2.0913634850273195,110,70,127,24230.56640625,0.1937955915927887,0.17139679193496704,0.5931746363639832,0.30273503065109253,0.29043957591056824,267,32,3,276,-6,21,20,1,0.18892508143322476,0.0,0.016240475699305534,0.049402423202991486,0.21019797027111053,0.10085546970367432,0.031245851889252663,0.0761633813381195,0.028553538024425507,0.0671231672167778,0.01940191723406315,0.002396882977336645,0.01885671727359295,0.04163297265768051,0.08024157583713531,0.034769151359796524,0.2018795907497406,0.01686580292880535,0.004173086024820805,0.0,0.0,136,0.4422438741413499,24,44,68,4620.25,-0.005304396152496338,0.12974143028259277,-0.13529828190803528,134,23,13,176,-7,-9,0.005205844074675919
g10910.t1,I0IA49,0.5519,9.0,1,353,2.0973131337787545,97,98,158,24941.53515625,0.21020451188087463,0.0971151813864708,0.6702383756637573,0.4509773850440979,0.21926099061965942,322,27,18,158,-4,27,24,3,0.19830028328611898,0.0023256095591932535,0.0,0.050486691296100616,0.11187265068292618,0.2835428714752197,0.007179520092904568,0.0,0.05360740050673485,0.048811253160238266,0.038695402443408966,0.02361469529569149,0.018628470599651337,0.002401886275038123,0.022441957145929337,0.10738832503557205,0.0139326062053442,0.1674344837665558,0.0049040489830076694,0.031441036611795425,0.011291055008769035,1,275,1.9554518424573264,111,69,95,21276.9375,0.2706977128982544,0.1631292849779129,0.5488866567611694,0.29474493861198425,0.25414174795150757,258,25,0,12,-2,22,17,5,0.20727272727272728,0.012889844365417957,0.00326473917812109,0.11538032442331314,0.20523971319198608,0.11777214705944061,0.02464509755373001,0.029058771207928658,0.028233196586370468,0.04756365716457367,0.011525037698447704,0.009029568172991276,0.034446243196725845,0.017286360263824463,0.04890202730894089,0.007330355234444141,0.17697276175022125,0.062436483800411224,0.010404747910797596,0.03761889412999153,0.0,78,0.1418612913214281,-14,29,63,3664.59765625,-0.06049320101737976,-0.06601410359144211,0.12135171890258789,64,2,18,146,-2,-2,-0.008972443986608292
g13714.t1,I0I535,0.5442,19.0,1,112,4.715270006503892,105,0,7,28262.30859375,0.2417970597743988,0.17250797152519226,0.5824472308158875,0.3861323595046997,0.19631479680538177,121,12,0,8,0,27,25,2,0.7142857142857143,0.010046456940472126,,,0.12541335821151733,0.27458062767982483,0.00011416428606025875,0.010242555290460587,0.06070423871278763,0.0325368195772171,0.010631154291331768,0.012778591364622116,0.04577988013625145,0.05410544574260712,0.0032478035427629948,0.07090142369270325,0.038066256791353226,0.11155176907777786,0.017467135563492775,0.07526253908872604,0.04656980559229851,1,158,6.341659978076736,135,4,19,35761.63671875,0.25914400815963745,0.18857522308826447,0.5275238752365112,0.3073980510234833,0.22012582421302795,163,16,0,0,-5,23,26,-3,0.620253164556962,0.012089971452951431,,0.017279749736189842,0.20450592041015625,0.07148563861846924,0.0014988339971750975,0.0640333890914917,0.021022116765379906,0.01863665133714676,0.001351298182271421,0.03780371695756912,0.023771174252033234,0.02475689724087715,0.015619905665516853,0.021279314532876015,0.23591244220733643,0.012721537612378597,0.09419351071119308,0.12203794717788696,,-46,-1.626389971572844,-30,-4,-12,-7499.328125,-0.017346948385238647,-0.016067251563072205,0.05492335557937622,-42,-4,0,8,5,5,0.0940325497287523
g18742.t1,I0I657,0.5442,13.3,1,141,2.234134233405739,65,33,43,22340.64453125,0.24901485443115234,0.4033357799053192,0.34764936566352844,0.27435845136642456,0.07329091429710388,125,22,0,37,7,20,10,10,0.41134751773049644,0.007221246603876352,,0.05540649965405464,0.055084846913814545,0.13949638605117798,0.0,,0.060173358768224716,0.010772601701319218,0.034425221383571625,0.05549074709415436,0.01723221316933632,0.03439483046531677,,0.01820606179535389,0.0694064125418663,0.13486208021640778,0.002455224050208926,0.0957537367939949,0.20961855351924896,1,104,1.5195537879528045,39,36,29,15654.853515625,0.27478402853012085,0.2734605669975281,0.3883448839187622,0.15546153485774994,0.23288334906101227,68,7,0,9,1,8,7,1,0.3269230769230769,0.020956942811608315,,0.07604341208934784,0.123776875436306,0.038136329501867294,0.03296925500035286,0.07004556059837341,0.07805894315242767,0.01654025726020336,0.044629551470279694,0.002061051782220602,0.009663448669016361,0.06341050565242767,0.10910645872354507,0.022595742717385292,0.11732520163059235,0.02081662230193615,0.006801470182836056,0.10141206532716751,0.04565029218792915,37,0.7145804454529343,26,-3,14,6685.791015625,-0.025769174098968506,0.12987521290779114,-0.040695518255233765,57,15,0,28,6,9,0.08442444080741951
g7573.t1,I0HZI7,0.5371,9.2,1,224,2.3156935645587446,90,31,103,28181.84765625,0.2388809472322464,0.19548720121383667,0.5534380078315735,0.35842254757881165,0.19501544535160065,178,23,1,136,17,26,15,11,0.27232142857142855,0.03246041014790535,,0.04024835675954819,0.13354596495628357,0.2237412929534912,0.010480896569788456,0.007536967284977436,0.05808843672275543,0.023236295208334923,0.0638958066701889,0.01507094781845808,0.03788546472787857,0.023083828389644623,0.012193845584988594,0.06146948039531708,0.05140846222639084,0.13468128442764282,0.04516928270459175,0.0017926907166838646,0.024010302498936653,1,99,1.6442312503241714,35,20,44,16270.1591796875,0.18975646793842316,0.2837523818016052,0.47461438179016113,0.41644591093063354,0.058168500661849976,69,6,0,3,8,13,3,10,0.3939393939393939,0.03252294659614563,0.026348920539021492,0.019831068813800812,0.026742950081825256,0.11466667801141739,0.00790529977530241,0.0,0.04982198402285576,0.08995256572961807,0.016517939046025276,0.020461546257138252,0.03489628806710243,0.051876746118068695,0.03142554685473442,,0.30177924036979675,0.01151496171951294,0.029255034402012825,0.09933240711688995,0.03514786809682846,125,0.6714623142345733,55,11,59,11911.6884765625,0.04912447929382324,-0.08826518058776855,0.07882362604141235,109,17,1,133,9,1,-0.12161796536796537
g3016.t1,I0I535,0.5336,20.7,1,234,4.996792984144962,159,21,54,35438.21875,0.19714266061782837,0.23393212258815765,0.529402494430542,0.379173219203949,0.1502292901277542,219,28,10,11,4,33,26,7,0.452991452991453,0.02894674427807331,,0.03104054182767868,0.127893328666687,0.24425102770328522,0.015123623423278332,0.0,0.055186592042446136,0.010197272524237633,0.06905704736709595,0.011893670074641705,0.025766322389245033,0.007281405385583639,0.039522670209407806,0.022335955873131752,0.0064103733748197556,0.13492220640182495,0.013222298584878445,0.032782889902591705,0.12416601181030273,1,158,6.341659978076736,135,4,19,35761.63671875,0.25914400815963745,0.18857522308826447,0.5275238752365112,0.3073980510234833,0.22012582421302795,163,16,0,0,-5,23,26,-3,0.620253164556962,0.012089971452951431,,0.017279749736189842,0.20450592041015625,0.07148563861846924,0.0014988339971750975,0.0640333890914917,0.021022116765379906,0.01863665133714676,0.001351298182271421,0.03780371695756912,0.023771174252033234,0.02475689724087715,0.015619905665516853,0.021279314532876015,0.23591244220733643,0.012721537612378597,0.09419351071119308,0.12203794717788696,,76,-1.344866993931774,24,17,35,-323.41796875,-0.06200134754180908,0.04535689949989319,0.0018786191940307617,56,12,10,11,9,10,-0.167261711565509
g9719.t2,I0I2U8,0.5248,11.5,1,470,3.4489790697023754,113,144,213,43901.9375,0.30902260541915894,0.2679043710231781,0.3866540491580963,0.23268093168735504,0.15397310256958008,410,44,1,359,-14,22,26,-4,0.2553191489361702,0.07862033694982529,0.0,0.0545627661049366,0.08858612179756165,0.0946594774723053,0.008524889126420021,0.0,0.03954591974616051,0.04457758367061615,0.043077535927295685,0.052519313991069794,0.010656686499714851,0.09649521112442017,0.036419086158275604,0.06538697332143784,0.055476896464824677,0.13802146911621094,0.004409663379192352,0.07664962112903595,0.011810528114438057,1,414,5.5306607407378925,185,61,168,44718.25,0.37958505749702454,0.14095567166805267,0.44110891222953796,0.24883699417114258,0.19227196276187897,352,42,0,148,-5,31,27,4,0.2922705314009662,0.06281711161136627,0.05571647360920906,0.05607729032635689,0.1475486159324646,0.017802992835640907,0.007610135246068239,0.05610109120607376,0.01673944480717182,0.03548315167427063,0.0338408499956131,0.007777696009725332,0.007900390774011612,0.03835032507777214,0.04472333937883377,0.014911691658198833,0.23103398084640503,0.05011238157749176,0.07424356788396835,0.04120946675539017,,56,-2.081681671035517,-72,83,45,-816.3125,-0.0705624520778656,0.12694869935512543,-0.05445486307144165,58,2,1,211,-9,-8,-0.03695138246479601
g9275.t1,I0HZK3,0.5235,15.9,1,143,2.2094791523677535,33,41,69,20855.189453125,0.2159562110900879,0.23212751746177673,0.527164101600647,0.43795454502105713,0.08920956403017044,102,11,0,42,20,26,7,19,0.3706293706293706,0.000302369415294379,0.0,0.041669923812150955,0.060333285480737686,0.22576434910297394,0.032685570418834686,0.0,0.07143107056617737,0.0,0.056135017424821854,0.035008322447538376,0.022429700940847397,0.037645962089300156,0.024752099066972733,0.028876278549432755,0.02286769077181816,0.2121901959180832,0.014852344058454037,0.0652707889676094,0.047784965485334396,1,90,1.6062594278544737,0,47,43,17176.7109375,0.27380937337875366,0.18536607921123505,0.5376918911933899,0.3941161334514618,0.14357580244541168,63,8,1,21,8,14,7,7,0.34444444444444444,0.0,,0.036458320915699005,0.1103205680847168,0.1878606379032135,0.0,0.05799020081758499,0.09759897738695145,0.05186670646071434,0.023164208978414536,0.0060575357638299465,0.0009392211795784533,0.0031326243188232183,0.03325523063540459,0.05723387375473976,0.2062554955482483,0.021097922697663307,0.05460640788078308,0.05216207727789879,0.0,53,0.6032197245132798,33,-6,26,3678.478515625,-0.05785316228866577,0.04676143825054169,-0.01052778959274292,39,3,-1,21,12,12,0.026184926184926183
g2271.t1,I0I9P8,0.5215,12.6,1,70,1.3746790054506806,0,31,39,14606.509765625,0.1947566419839859,0.1939614862203598,0.606047511100769,0.49379944801330566,0.11224808543920517,38,6,0,0,4,13,6,7,0.38571428571428573,0.0,,0.018113620579242706,0.09627431631088257,0.12434215843677521,0.03852212429046631,,0.11842741817235947,0.025317635387182236,0.0,0.0002158616844099015,0.002379514742642641,0.04502078890800476,0.005234335083514452,0.015973765403032303,,0.3694572448730469,0.008394117467105389,0.022124342620372772,0.11020271480083466,1,72,1.2225888816540136,8,39,25,12936.15234375,0.24199877679347992,0.30874884128570557,0.41124287247657776,0.302293598651886,0.10894928872585297,58,6,0,37,3,10,5,5,0.4027777777777778,0.0,,0.06476981192827225,0.09310656040906906,0.1288190335035324,0.0088711092248559,0.11249325424432755,0.002681079087778926,0.12929794192314148,0.012459670193493366,0.004988417029380798,0.0,0.038009606301784515,0.0158427394926548,0.15812011063098907,0.17347455024719238,0.0007312033558264375,0.056334998458623886,,,-2,0.15209012379666698,-8,-8,14,1670.357421875,-0.04724213480949402,-0.11478735506534576,0.19480463862419128,-20,0,0,-37,1,2,-0.01706349206349206
g7782.t1,I0I1S7,0.5192,16.8,1,142,2.2874228933075225,24,32,86,25373.328125,0.2839159667491913,0.22556370496749878,0.4905204772949219,0.2854354977607727,0.2050849348306656,90,7,3,57,1,16,16,0,0.45774647887323944,0.016785504296422005,0.016276851296424866,0.01999896764755249,0.11110921204090118,0.2134031504392624,0.027098998427391052,0.0,0.07208234816789627,0.013135070912539959,0.06243070587515831,0.058277107775211334,0.052113596349954605,0.05201223865151405,0.0,0.09397570788860321,0.0032337575685232878,0.07203236222267151,0.03721655160188675,0.056307073682546616,0.02251088246703148,1,109,2.1042493332321777,26,26,57,19871.263671875,0.2035694718360901,0.2840745747089386,0.5123559236526489,0.39653274416923523,0.1158231720328331,68,12,0,0,7,15,8,7,0.41284403669724773,,,0.07680217921733856,0.08403670787811279,0.18214410543441772,0.11534251272678375,0.09382419288158417,0.0007933531305752695,0.004451373592019081,0.04756620153784752,0.0,0.014756368473172188,0.0,0.03178646042943001,0.029745444655418396,0.2143886536359787,0.02922704443335533,0.002922704443335533,0.07221268862485886,0.0,33,0.1831735600753448,-2,6,29,5502.064453125,0.0803464949131012,-0.05851086974143982,-0.02183544635772705,22,-5,3,57,-6,-7,0.04490244217599171
g16757.t1,I0HZI6,0.5189,26.4,1,197,2.4973801951512273,97,10,90,28808.484375,0.15957318246364594,0.19550150632858276,0.6088588833808899,0.4035293757915497,0.2053295075893402,152,15,0,39,19,30,17,13,0.3299492385786802,0.024466685950756073,0.0,0.029567964375019073,0.15148918330669403,0.2507661283016205,0.011800489388406277,,0.0389733612537384,0.007478105835616589,0.008345458656549454,0.02678734064102173,0.004367995075881481,0.08555056154727936,0.0360664464533329,0.053840335458517075,0.04755733162164688,0.15276320278644562,0.0024639968760311604,0.05225507169961929,0.015460323542356491,1,213,1.8462309403572872,100,19,94,20194.763671875,0.16570068895816803,0.1825588345527649,0.6334409117698669,0.5063832998275757,0.12705764174461365,188,29,6,144,17,26,11,15,0.23943661971830985,0.03510236367583275,0.0,0.027480686083436012,0.07282263040542603,0.153267964720726,0.012305541895329952,0.06107274815440178,0.012835850939154625,0.017860334366559982,0.0687730610370636,0.004952914081513882,0.0372903048992157,0.018299531191587448,0.054235007613897324,0.01070418581366539,0.3531152904033661,0.023007087409496307,0.0012490310473367572,0.03562541678547859,0.0,-16,0.6511492547939401,-3,-9,-4,8613.720703125,-0.006127506494522095,0.012942671775817871,-0.02458202838897705,-36,-14,-6,-105,2,-2,0.09051261886037035
g2271.t1,I0I5E4,0.5173,26.4,1,70,1.3746790054506806,0,31,39,14606.509765625,0.1947566419839859,0.1939614862203598,0.606047511100769,0.49379944801330566,0.11224808543920517,38,6,0,0,4,13,6,7,0.38571428571428573,0.0,,0.018113620579242706,0.09627431631088257,0.12434215843677521,0.03852212429046631,,0.11842741817235947,0.025317635387182236,0.0,0.0002158616844099015,0.002379514742642641,0.04502078890800476,0.005234335083514452,0.015973765403032303,,0.3694572448730469,0.008394117467105389,0.022124342620372772,0.11020271480083466,1,91,1.4303456916133206,18,35,38,14910.3896484375,0.15837301313877106,0.3060727119445801,0.5112061500549316,0.11363520473241806,0.39757096767425537,66,2,1,7,-12,4,15,-11,0.42857142857142855,0.004111520946025848,,0.02010507881641388,0.3817155361175537,0.03127030283212662,0.11132921278476715,0.021739782765507698,0.07344630360603333,0.0767093226313591,0.021206112578511238,0.013873322866857052,0.04708771035075188,0.024348141625523567,0.015855420380830765,0.03975134342908859,0.08236489444971085,0.017955919727683067,0.007141062058508396,0.0025375480763614178,0.007451482117176056,-21,-0.05566668616264003,-18,-4,1,-303.8798828125,0.036383628845214844,-0.11211122572422028,0.0948413610458374,-28,4,-1,-7,16,18,-0.042857142857142816
g10268.t2,I0I5E6,0.5069,14.4,1,357,2.3910150954573104,270,2,85,28269.8828125,0.36910247802734375,0.2616197466850281,0.3692777454853058,0.25150036811828613,0.11777739226818085,302,8,6,454,8,17,10,7,0.20168067226890757,0.09898997843265533,0.026821419596672058,0.024289662018418312,0.07071104645729065,0.13804595172405243,0.0030794390477240086,0.0,0.0,0.036408647894859314,0.054604820907115936,0.01639586314558983,0.06117565929889679,0.01854843460023403,0.0,0.0470663458108902,0.09355518221855164,0.1134544089436531,0.0034240109380334616,0.11799306422472,0.07543602585792542,1,312,1.9399296864672748,253,0,59,22227.03515625,0.505254864692688,0.14811141788959503,0.2796637713909149,0.26743456721305847,0.012229199521243572,301,11,0,439,6,12,2,10,0.1858974358974359,0.034693989902734756,0.059940189123153687,0.03527464345097542,0.007122467737644911,0.04318111017346382,0.030226116999983788,0.0605863556265831,0.03642602264881134,0.002012960147112608,0.027854319661855698,0.014773090369999409,0.04231677204370499,0.06696992367506027,0.005106731317937374,0.007409484591335058,0.22425347566604614,0.024531658738851547,0.2390289306640625,0.035939473658800125,0.002352291950955987,45,0.4510854089900356,17,2,26,6042.84765625,-0.13615238666534424,0.11350832879543304,0.08961397409439087,1,-3,6,15,2,-3,0.015783236371471665
