incendi_protein,ortholog_accession,alntmscore,pident,incendi_num_chains,incendi_num_residues,incendi_rg_nm,incendi_helix_num,incendi_strand_num,incendi_coil_num,incendi_total_sasa_A2,incendi_frac_sasa_hydrophobic,incendi_frac_sasa_polar,incendi_frac_sasa_charged,incendi_frac_sasa_pos,incendi_frac_sasa_neg,incendi_num_hbonds,incendi_num_salt_bridges,incendi_num_disulfides,incendi_num_pipi,incendi_net_charge,incendi_num_exposed_pos,incendi_num_exposed_neg,incendi_surface_net_charge,incendi_highly_exposed_frac,incendi_frac_sasa_ALA,incendi_frac_sasa_GLY,incendi_frac_sasa_HIS,incendi_frac_sasa_VAL,incendi_frac_sasa_SER,incendi_frac_sasa_GLU,incendi_frac_sasa_ARG,incendi_frac_sasa_ASP,incendi_frac_sasa_THR,incendi_frac_sasa_CYS,incendi_frac_sasa_TYR,incendi_frac_sasa_LYS,incendi_frac_sasa_PRO,incendi_frac_sasa_ASN,incendi_frac_sasa_LEU,incendi_frac_sasa_GLN,incendi_frac_sasa_MET,incendi_frac_sasa_TRP,incendi_frac_sasa_ILE,incendi_frac_sasa_PHE,ortholog_num_chains,ortholog_num_residues,ortholog_rg_nm,ortholog_helix_num,ortholog_strand_num,ortholog_coil_num,ortholog_total_sasa_A2,ortholog_frac_sasa_hydrophobic,ortholog_frac_sasa_polar,ortholog_frac_sasa_charged,ortholog_frac_sasa_pos,ortholog_frac_sasa_neg,ortholog_num_hbonds,ortholog_num_salt_bridges,ortholog_num_disulfides,ortholog_num_pipi,ortholog_net_charge,ortholog_num_exposed_pos,ortholog_num_exposed_neg,ortholog_surface_net_charge,ortholog_highly_exposed_frac,ortholog_frac_sasa_ALA,ortholog_frac_sasa_GLY,ortholog_frac_sasa_HIS,ortholog_frac_sasa_VAL,ortholog_frac_sasa_SER,ortholog_frac_sasa_GLU,ortholog_frac_sasa_ARG,ortholog_frac_sasa_ASP,ortholog_frac_sasa_THR,ortholog_frac_sasa_CYS,ortholog_frac_sasa_TYR,ortholog_frac_sasa_LYS,ortholog_frac_sasa_PRO,ortholog_frac_sasa_ASN,ortholog_frac_sasa_LEU,ortholog_frac_sasa_GLN,ortholog_frac_sasa_MET,ortholog_frac_sasa_TRP,ortholog_frac_sasa_ILE,ortholog_frac_sasa_PHE,diff_num_residues,diff_rg_nm,diff_helix_num,diff_strand_num,diff_coil_num,diff_total_sasa_A2,diff_frac_sasa_hydrophobic,diff_frac_sasa_polar,diff_frac_sasa_charged,diff_num_hbonds,diff_num_salt_bridges,diff_num_disulfides,diff_num_pipi,diff_net_charge,diff_surface_net_charge,diff_highly_exposed_frac
g12123.t1,XP_069270679.1,1.004,80.9,1,188,2.6794486177425423,61,31,96,30202.45703125,0.36847934126853943,0.23715999722480774,0.3160320222377777,0.16757157444953918,0.14846044778823853,136,13,1,215,-2,14,12,2,0.3829787234042553,0.021523425355553627,0.013282856903970242,0.07832864671945572,0.0054483599960803986,0.04365483671426773,0.03800952434539795,0.07746615260839462,0.11045092344284058,0.09162453562021255,0.0,0.0,0.09010542184114456,0.024563726037740707,0.027030061930418015,0.09930583089590073,0.061567701399326324,0.09796126186847687,0.0,0.0,0.11967670172452927,1,147,1.5796511287597599,54,31,62,15763.8701171875,0.20746725797653198,0.18896909058094025,0.564750075340271,0.30093443393707275,0.26381561160087585,123,12,3,176,-1,14,12,2,0.2925170068027211,0.0460529625415802,0.024997657164931297,0.038813598453998566,0.00961995217949152,0.04884656146168709,0.04164479300379753,0.1613517850637436,0.22217081487178802,0.051568057388067245,0.0,0.0,0.13958264887332916,0.019635265693068504,0.02989497222006321,0.019853942096233368,0.0336618535220623,0.04386933892965317,0.0,0.03815718740224838,0.030278615653514862,41,1.0997974889827824,7,0,34,14438.5869140625,0.16101208329200745,0.04819090664386749,-0.2487180531024933,13,1,-2,39,-1,0,0.09046171660153424
g16570.t1,XP_069267677.1,1.003,79.7,1,148,1.9196067995034243,79,0,69,19365.67578125,0.1566627472639084,0.2616055905818939,0.5548286437988281,0.48765087127685547,0.06717776507139206,113,7,0,38,17,20,7,13,0.30405405405405406,0.05762325972318649,0.014116404578089714,0.026903046295046806,0.0003332232008688152,0.06564563512802124,0.03810206428170204,0.1788848340511322,0.02907569520175457,0.07076434046030045,0.0,0.06242356449365616,0.30876603722572327,0.021648112684488297,0.008008714765310287,0.0009996696608141065,0.04064694419503212,0.00016281309945043176,0.017081784084439278,0.05548166483640671,0.00333223189227283,1,151,1.9208718604557369,79,0,72,19216.158203125,0.15639357268810272,0.2730504870414734,0.5641786456108093,0.4816984534263611,0.08248019963502884,114,6,0,69,17,22,7,15,0.2980132450331126,0.051890697330236435,0.023858988657593727,0.006377310026437044,0.00480425450950861,0.05088775232434273,0.047702375799417496,0.20887725055217743,0.03477781265974045,0.0850713923573494,0.0,0.056079164147377014,0.27282118797302246,0.022331763058900833,0.015436212532222271,0.001316467416472733,0.04171697050333023,0.01668238453567028,0.023607969284057617,0.03156234323978424,0.00419769948348403,-3,-0.0012650609523126022,0,0,-3,149.517578125,0.00026917457580566406,-0.011444896459579468,-0.009350001811981201,-1,1,0,-31,0,-2,0.006040809020941451
g5966.t1,XP_069269725.1,1.002,75.5,1,250,2.0607518638818925,206,0,44,24794.93359375,0.11648157984018326,0.26064392924308777,0.6228744387626648,0.26398032903671265,0.35889410972595215,269,45,0,271,-12,18,25,-7,0.236,0.03115091845393181,0.00814177468419075,0.0,0.00013012925046496093,0.013505926355719566,0.23743614554405212,0.04177522659301758,0.12145798653364182,0.06675466895103455,0.0,0.026775330305099487,0.22220511734485626,0.010469267144799232,0.05532991141080856,0.0051784696988761425,0.09013631194829941,0.05614948272705078,0.0,0.013143054209649563,0.00026025850092992187,1,261,1.9404785979757888,204,0,57,21770.59375,0.13851197063922882,0.2770686745643616,0.5720179080963135,0.20907816290855408,0.362939715385437,271,42,0,256,-19,15,25,-10,0.2222222222222222,0.04806194454431534,0.015077088959515095,0.012401442043483257,0.00444619869813323,0.03295745328068733,0.2881612777709961,0.048425544053316116,0.07477841526269913,0.06866127252578735,0.0,0.025233812630176544,0.16065262258052826,0.014376042410731316,0.013497564010322094,0.020304307341575623,0.12164149433374405,0.039170533418655396,0.0,0.012152942828834057,0.0,-11,0.12027326590610365,2,0,-13,3024.33984375,-0.022030390799045563,-0.016424745321273804,0.05085653066635132,-2,3,0,15,7,3,0.013777777777777778
g9632.t1,XP_069269017.1,1.002,71.8,1,149,1.610963471187802,53,27,69,16667.53515625,0.21633310616016388,0.19649150967597961,0.5654603242874146,0.32735496759414673,0.2381054013967514,126,8,1,119,1,16,13,3,0.28187919463087246,0.05168657377362251,0.0005697040469385684,0.021715018898248672,0.005789827089756727,0.05803646892309189,0.15081267058849335,0.1302105337381363,0.08729271590709686,0.0021294094622135162,0.0058816964738070965,0.009339910000562668,0.19714440405368805,0.019551850855350494,0.03870841860771179,0.04083270952105522,0.08182589709758759,0.09847215563058853,0.0,0.0,0.0,1,149,1.6032663024521867,52,28,69,16582.7734375,0.2652902901172638,0.22060181200504303,0.5063250064849854,0.22122526168823242,0.28509968519210815,135,11,0,101,-3,13,13,0,0.2751677852348993,0.06912513077259064,0.0,0.007782886736094952,0.055472198873758316,0.007605448830872774,0.19596894085407257,0.1078493520617485,0.08913075178861618,0.01511008944362402,0.0,0.005894222762435675,0.11337591707706451,0.019846362993121147,0.07493127882480621,0.02607267163693905,0.11706076562404633,0.09477391839027405,0.0,0.0,0.0,0,0.007697168735615323,1,-1,0,84.76171875,-0.048957183957099915,-0.024110302329063416,0.0591353178024292,-9,-3,1,18,4,3,0.006711409395973145
g3990.t1,XP_069270513.1,1.001,70.1,1,259,2.329165429580628,33,64,162,25688.548828125,0.21137242019176483,0.22488658130168915,0.5184397101402283,0.3705098032951355,0.14792987704277039,177,22,3,88,30,28,10,18,0.22393822393822393,0.00600887555629015,0.02053789049386978,0.04530131816864014,0.011178622953593731,0.0009819116676226258,0.09100398421287537,0.17696021497249603,0.05692589655518532,0.016447022557258606,0.0,0.11067686229944229,0.19354960322380066,0.040894877165555954,0.044828109443187714,0.051858339458703995,0.03141480311751366,0.07305411994457245,0.014444288797676563,0.005643521901220083,0.008289765566587448,1,254,2.2969001701571505,27,64,163,24764.59765625,0.1906753033399582,0.29289355874061584,0.4613666832447052,0.33759215474128723,0.12377456575632095,174,17,0,36,30,26,7,19,0.24803149606299213,0.012101992964744568,0.018239594995975494,0.05506442114710808,0.010813958942890167,0.01818653754889965,0.11619742959737778,0.1396346539258957,0.00757712684571743,0.0357174351811409,0.0,0.11188632249832153,0.19795750081539154,0.028755178675055504,0.07679444551467896,0.035144854336977005,0.03206922113895416,0.053280990570783615,0.0,0.0032186012249439955,0.04735972359776497,5,0.03226525942347758,6,0,-1,923.951171875,0.02069711685180664,-0.0680069774389267,0.05707302689552307,3,5,3,52,0,-1,-0.024093272124768195
g5060.t1,XP_069267876.1,1.0,71.5,1,204,2.1731062886063817,82,32,90,25548.6015625,0.2369786500930786,0.19067078828811646,0.523618757724762,0.5033678412437439,0.020250968635082245,162,21,2,125,42,29,1,28,0.27941176470588236,0.027536695823073387,0.007577431388199329,0.04873181879520416,0.007758031133562326,0.027068568393588066,0.00024682257208041847,0.33593225479125977,0.020004145801067352,0.007307574152946472,0.0,0.06671684235334396,0.16743551194667816,0.05556207150220871,0.03868703544139862,0.032456666231155396,0.043313346803188324,0.042659692466259,0.04827320575714111,0.004672749433666468,0.018059544265270233,1,203,2.176662001745526,79,32,92,25764.513671875,0.19439077377319336,0.224159374833107,0.5557687282562256,0.5355736613273621,0.020195074379444122,165,23,2,123,44,32,1,31,0.30049261083743845,0.011828534305095673,0.0036269701085984707,0.025681134313344955,0.019160524010658264,0.015960803255438805,0.0001223770814249292,0.31550508737564087,0.0200726967304945,0.005529808811843395,0.0,0.07034711539745331,0.22006860375404358,0.053579382598400116,0.028840569779276848,0.0062416233122348785,0.09985410422086716,0.03692672401666641,0.03598351404070854,0.0,0.030670462176203728,1,-0.0035557131391441565,3,0,-2,-215.912109375,0.042587876319885254,-0.03348858654499054,-0.03214997053146362,-3,-2,0,2,-2,-3,-0.021080846131556086
g18620.t1,XP_069269013.1,1.0,66.6,1,170,2.0195423793335525,82,26,62,21161.18359375,0.14441081881523132,0.33781877160072327,0.49852490425109863,0.31076791882514954,0.1877569854259491,155,21,0,67,4,18,11,7,0.3235294117647059,0.015143189579248428,0.00014899855887051672,0.019245408475399017,0.006521652918308973,0.012696162797510624,0.1637682467699051,0.16648468375205994,0.023988766595721245,0.10393877327442169,0.004323851782828569,0.0690116211771965,0.1442832201719284,0.007294455077499151,0.08646345883607864,0.015857374295592308,0.0612359344959259,0.04381667822599411,,0.012197979725897312,0.04357949271798134,1,169,1.960362650079125,84,26,59,20866.97265625,0.2618098258972168,0.2095823436975479,0.5043213367462158,0.26948681473731995,0.23483450710773468,159,19,0,61,0,13,9,4,0.2958579881656805,0.03243846073746681,0.0,0.024286596104502678,0.0015462456503883004,0.030747678130865097,0.1753854900598526,0.16478656232357025,0.05944902077317238,0.039881590753793716,0.0040716142393648624,0.0,0.1047002300620079,0.04896261915564537,0.03943096101284027,0.042367126792669296,0.0954504907131195,0.014230119064450264,,0.0027832419145852327,0.11948198080062866,1,0.059179729254427604,-2,0,3,294.2109375,-0.11739900708198547,0.12823642790317535,-0.0057964324951171875,-4,2,0,6,4,3,0.027671423599025413
g11214.t1,XP_069267630.1,0.9998,61.4,1,165,2.3906160910884964,48,35,82,27818.755859375,0.15487708151340485,0.372802734375,0.4588206112384796,0.35240688920021057,0.10641368478536606,117,16,0,28,25,26,6,20,0.4,0.05350746214389801,0.030185900628566742,0.013499611988663673,0.016005869954824448,0.04633647948503494,0.012580771930515766,0.14130108058452606,0.09383290261030197,0.06138839200139046,,0.03554763272404671,0.2111058533191681,0.029894931241869926,0.028884615749120712,0.0,0.17045968770980835,0.055468834936618805,0.0,0.0,0.0,1,133,1.7433550484881122,45,40,48,18482.0703125,0.14817389845848083,0.2735428214073181,0.5665866136550903,0.4723573327064514,0.09422924369573593,105,12,0,5,21,26,10,16,0.3684210526315789,0.07591496407985687,0.014120296575129032,0.011696665547788143,0.00017457710055168718,0.1435629278421402,0.085691437125206,0.1762302815914154,0.008537810295820236,0.04158860445022583,,0.007002437487244606,0.2961270809173584,0.014664475806057453,0.03283590450882912,0.02155601792037487,0.034432653337717056,0.03586385026574135,0.0,0.0,0.0,32,0.6472610426003842,3,-5,34,9336.685546875,0.006703183054924011,0.09925991296768188,-0.10776600241661072,12,4,0,23,4,4,0.031578947368421095
g11479.t1,XP_069270789.1,0.9986,60.3,1,281,2.330517654540377,53,86,142,31332.375,0.25071844458580017,0.23203732073307037,0.49085092544555664,0.44757992029190063,0.0432710237801075,199,25,2,61,32,31,6,25,0.26334519572953735,0.02830422669649124,0.01617160066962242,0.026393229141831398,0.0267739649862051,0.03449101001024246,0.03803824633359909,0.1839355081319809,0.005232775118201971,0.028523623943328857,0.0,0.00888865627348423,0.26364439725875854,0.04448650777339935,0.01605161838233471,0.07971608638763428,0.1279108226299286,0.056067679077386856,0.003668042365461588,0.011701932176947594,0.0,1,306,2.7826718303870916,75,92,139,35431.2734375,0.33911195397377014,0.1344977766275406,0.5011423826217651,0.4089144468307495,0.09222795814275742,238,23,3,96,26,33,12,21,0.29411764705882354,0.020722784101963043,0.03333449363708496,0.025247791782021523,0.03105313703417778,0.011167197488248348,0.02937667816877365,0.24158108234405518,0.06285127997398376,0.039957672357559204,0.00949955452233553,0.014271709136664867,0.16733334958553314,0.01265387237071991,0.006246778182685375,0.11315010488033295,0.020020365715026855,0.11613395810127258,0.011613015085458755,0.009288622066378593,0.02449646219611168,-25,-0.4521541758467147,-22,-6,3,-4098.8984375,-0.08839350938796997,0.09753954410552979,-0.010291457176208496,-39,2,-1,-35,6,4,-0.030772451329286188
g16188.t1,XP_069271054.1,0.9949,94.7,1,304,2.5053124964118396,72,108,124,26965.6328125,0.1199176013469696,0.35164782404899597,0.520289957523346,0.3554421067237854,0.16484780609607697,281,35,0,8,0,31,18,13,0.24671052631578946,0.03535644710063934,0.13777919113636017,0.008144630119204521,0.0,0.017909536138176918,0.13207577168941498,0.1848689764738083,0.032772038131952286,0.06848782300949097,,0.0,0.1705731451511383,0.0023930801544338465,0.04880328103899956,0.07953567802906036,0.0786680057644844,0.0,,0.0,0.0026323883794248104,1,305,2.5029891837699343,72,109,124,27267.62890625,0.11339110881090164,0.3789719343185425,0.49957817792892456,0.3372417986392975,0.16233637928962708,267,33,0,8,0,31,20,11,0.25901639344262295,0.03647886589169502,0.09518489241600037,0.008058926090598106,0.0,0.021379007026553154,0.12553061544895172,0.16227738559246063,0.036805760115385056,0.06977326422929764,,0.0,0.17496439814567566,0.000591644027736038,0.12180136889219284,0.07336238026618958,0.07083334773778915,0.0,,0.0002366576372878626,0.00272156298160553,-1,0.0023233126419053285,0,-1,0,-301.99609375,0.006526492536067963,-0.02732411026954651,0.020711779594421387,14,2,0,0,0,2,-0.012305867126833486
g7755.t1,XP_069272060.1,0.9948,71.4,1,445,2.267878742323239,209,68,168,27515.828125,0.17512159049510956,0.2953236401081085,0.512191653251648,0.29932257533073425,0.2128690630197525,441,46,17,73,-2,32,22,10,0.16404494382022472,0.006880631670355797,0.030708031728863716,0.017363158985972404,0.007033014204353094,0.019558602944016457,0.18063469231128693,0.07972957193851471,0.032234370708465576,0.042631275951862335,0.0,0.05120289325714111,0.21959297358989716,0.036950357258319855,0.05830985680222511,0.03176946938037872,0.0929129496216774,0.07359686493873596,0.003506694221869111,0.01538457628339529,0.0,1,449,2.2568786464541972,205,66,178,26703.42578125,0.2882997691631317,0.21468445658683777,0.49544498324394226,0.2990207076072693,0.19642427563667297,438,40,26,157,-6,26,17,9,0.16703786191536749,0.05623941123485565,0.025941651314496994,0.0015707759885117412,0.03241483122110367,0.022605272009968758,0.1271938532590866,0.11213324218988419,0.06923042982816696,0.02324797958135605,0.0,0.03824027255177498,0.1868874430656433,0.048408325761556625,0.058802805840969086,0.030207229778170586,0.045846469700336456,0.08449777960777283,0.004905732348561287,0.030659867450594902,0.0009666313999332488,-4,0.011000095869041715,4,2,-10,812.40234375,-0.11317817866802216,0.08063918352127075,0.01674667000770569,3,6,-9,-84,4,1,-0.002992918095142766
g12109.t2,XP_069266538.1,0.9947,55.6,1,160,2.622392035098308,33,34,93,30858.55078125,0.3216227889060974,0.17495572566986084,0.477888822555542,0.4443657398223877,0.033523079007864,87,6,0,34,25,26,7,19,0.4125,0.01738034188747406,0.027645133435726166,0.025532672181725502,0.003709305077791214,0.009262535721063614,0.033420905470848083,0.2691367566585541,0.00010217543604085222,0.03177787363529205,0.0,0.047682471573352814,0.17522898316383362,0.09525346010923386,0.02681606635451317,0.13359373807907104,0.03177165240049362,0.05370178818702698,0.002091184491291642,0.005646198056638241,0.010246804915368557,1,160,2.5757035527761882,32,34,94,30039.990234375,0.31221356987953186,0.1946232169866562,0.4288468360900879,0.321072518825531,0.1077742800116539,100,8,0,4,16,23,10,13,0.41875,0.027755098417401314,0.0260971337556839,0.06431635469198227,0.047161731868982315,0.019606418907642365,0.0923452153801918,0.21991561353206635,0.015429062768816948,0.030565958470106125,,0.03438925743103027,0.10115693509578705,0.06841912865638733,0.03660133108496666,0.09906978905200958,0.047363102436065674,0.05415806919336319,,0.004908950999379158,0.010740836150944233,0,0.04668848232211964,1,0,-1,818.560546875,0.009409219026565552,-0.01966749131679535,0.0490419864654541,-13,-2,0,30,9,6,-0.006250000000000033
g9275.t1,XP_069270238.1,0.9947,74.6,1,143,2.2094791523677535,33,41,69,20855.189453125,0.2159562110900879,0.23212751746177673,0.527164101600647,0.43795454502105713,0.08920956403017044,102,11,0,42,20,26,7,19,0.3706293706293706,0.014852344058454037,0.032685570418834686,0.024752099066972733,0.0,0.037645962089300156,0.060333285480737686,0.2121901959180832,0.028876278549432755,0.035008322447538376,0.0,0.02286769077181816,0.22576434910297394,0.041669923812150955,0.056135017424821854,0.0652707889676094,0.047784965485334396,0.07143107056617737,0.0,0.022429700940847397,0.000302369415294379,1,145,2.2798508002654185,32,41,72,21574.052734375,0.22287608683109283,0.20257465541362762,0.5699357390403748,0.4595435559749603,0.11039222776889801,100,10,1,46,23,29,8,21,0.3448275862068966,0.011658611707389355,0.009823013097047806,0.00461350753903389,0.0,0.037954866886138916,0.0878344252705574,0.16904382407665253,0.022557802498340607,0.03127548471093178,0.0,0.016209160909056664,0.2904996871948242,0.04043101146817207,0.06931661814451218,0.06953027099370956,0.03799550607800484,0.0672152191400528,0.009272521361708641,0.024768464267253876,0.0,-2,-0.07037164789766504,1,0,-3,-718.86328125,-0.006919875741004944,0.02955286204814911,-0.04277163743972778,2,1,-1,-4,-3,-2,0.02580178442247405
g4920.t2,XP_069268101.1,0.9944,86.5,1,375,2.1765045700415944,164,74,137,25467.02734375,0.22058700025081635,0.2903071641921997,0.45907530188560486,0.1551227569580078,0.30395254492759705,357,44,1,194,-12,15,24,-9,0.18933333333333333,0.045396074652671814,0.04467226564884186,0.030030544847249985,0.06830267608165741,0.03176998347043991,0.19961456954479218,0.05659398436546326,0.10433798283338547,0.08734250068664551,0.0,0.011790509335696697,0.09852875769138336,0.022467952221632004,0.008434658870100975,0.008347430266439915,0.10629723966121674,0.07227201014757156,0.0,0.0013936455361545086,0.002407205756753683,1,538,3.144760170193257,192,66,280,57991.90625,0.3385910391807556,0.2542223334312439,0.3625054955482483,0.2777836322784424,0.08472184836864471,387,43,1,522,7,30,21,9,0.2620817843866171,0.021031862124800682,0.015866482630372047,0.04468116536736488,0.02303263731300831,0.07338326424360275,0.05648002028465271,0.22386445105075836,0.028241824358701706,0.042240262031555176,0.004676958080381155,0.025953760370612144,0.053919222205877304,0.030361615121364594,0.01899022050201893,0.06873905658721924,0.07311137765645981,0.06633156538009644,0.029316918924450874,0.024276964366436005,0.07550041377544403,-163,-0.9682556001516627,-28,8,-143,-32524.87890625,-0.11800403892993927,0.03608483076095581,0.09656980633735657,-30,1,0,-328,-19,-18,-0.07274845105328379
g8749.t1,XP_069269177.1,0.9896,69.7,1,172,1.4744341612294183,23,56,93,15771.875,0.20759722590446472,0.13824602961540222,0.6541568040847778,0.49790364503860474,0.1562531292438507,164,21,6,144,4,22,10,12,0.2441860465116279,0.005932702217251062,0.023813478648662567,0.0,0.004807214718312025,0.010493364185094833,0.08307071775197983,0.1386576145887375,0.07318239659070969,0.0179047379642725,0.0,0.003445143112912774,0.35924601554870605,0.05049761012196541,0.08258930593729019,0.0256040021777153,0.0,0.07314082235097885,0.014320316724479198,0.029203053563833237,0.004091519396752119,1,372,2.7022686660657023,168,59,145,30262.16796875,0.2088068276643753,0.20374728739261627,0.5736055970191956,0.33279523253440857,0.2408103495836258,372,66,6,173,-8,32,30,2,0.20430107526881722,0.039510853588581085,0.024623310193419456,0.013840298168361187,0.03535158559679985,0.027854932472109795,0.19774380326271057,0.038288477808237076,0.04306652769446373,0.015183432027697563,0.0,0.006086717359721661,0.2945067584514618,0.03246312960982323,0.06726201623678207,0.0,0.0627368688583374,0.050233930349349976,0.0,0.0008529584156349301,0.050394367426633835,-200,-1.227834504836284,-145,-3,-52,-14490.29296875,-0.0012096017599105835,-0.06550125777721405,0.08055120706558228,-208,-45,0,-29,12,10,0.03988497124281068
g8222.t1,XP_069271278.1,0.9894,65.9,1,392,2.258954131961477,182,80,130,25874.578125,0.10449530929327011,0.18441170454025269,0.6857633590698242,0.35784879326820374,0.32791462540626526,361,59,7,339,-2,31,31,0,0.18622448979591838,0.007717152126133442,0.02897600829601288,0.02532966062426567,0.018829621374607086,0.005996556021273136,0.1796286404132843,0.10836198180913925,0.14828595519065857,0.031096933409571648,0.0,0.022118965163826942,0.2494867891073227,0.014091040939092636,0.053328439593315125,0.027433883398771286,0.04289480671286583,0.005384807009249926,0.0,0.014329067431390285,0.01670973002910614,1,390,2.249495243122369,180,77,133,26372.70703125,0.15066875517368317,0.22456258535385132,0.6095157265663147,0.2766232192516327,0.3328925371170044,358,51,2,216,-4,27,26,1,0.18974358974358974,0.012445247732102871,0.02763514406979084,0.015253003686666489,0.03265751898288727,0.04584607481956482,0.1839594841003418,0.17133092880249023,0.1489330679178238,0.027968622744083405,0.0,0.0051910667680203915,0.10529227554798126,0.0135802011936903,0.0692732036113739,0.028506185859441757,0.048648469150066376,0.05797411501407623,0.0,0.0009787532035261393,0.004526733420789242,2,0.00945888883910806,2,3,-3,-498.12890625,-0.046173445880413055,-0.04015088081359863,0.07624763250350952,3,8,5,123,2,-1,-0.003519099947671356
g10520.t1,XP_069268101.1,0.9887,86.5,1,375,2.1760859970077844,166,74,135,25400.98828125,0.22010527551174164,0.28134486079216003,0.4682852625846863,0.15146516263484955,0.31682008504867554,362,42,1,193,-12,17,24,-7,0.184,0.04349618777632713,0.045027971267700195,0.030264632776379585,0.06754764169454575,0.035954613238573074,0.20016498863697052,0.05329602584242821,0.11665509641170502,0.094855897128582,0.0,0.012580414302647114,0.09816912561655045,0.022644702345132828,0.007590104825794697,0.007485753390938044,0.0853358656167984,0.0739770159125328,0.00012702443927992135,0.0007621466065756977,0.004064782056957483,1,538,3.144760170193257,192,66,280,57991.90625,0.3385910391807556,0.2542223334312439,0.3625054955482483,0.2777836322784424,0.08472184836864471,387,43,1,522,7,30,21,9,0.2620817843866171,0.021031862124800682,0.015866482630372047,0.04468116536736488,0.02303263731300831,0.07338326424360275,0.05648002028465271,0.22386445105075836,0.028241824358701706,0.042240262031555176,0.004676958080381155,0.025953760370612144,0.053919222205877304,0.030361615121364594,0.01899022050201893,0.06873905658721924,0.07311137765645981,0.06633156538009644,0.029316918924450874,0.024276964366436005,0.07550041377544403,-163,-0.9686741731854727,-26,8,-145,-32590.91796875,-0.11848576366901398,0.027122527360916138,0.10577976703643799,-25,-1,0,-329,-19,-16,-0.07808178438661711
g16485.t1,XP_069266273.1,0.9882,61.5,1,104,2.114236623803046,10,32,62,20260.8828125,0.15742559731006622,0.3080880045890808,0.4799848198890686,0.465045303106308,0.014939459972083569,46,4,6,3,26,25,1,24,0.4519230769230769,0.018313752487301826,0.02024967037141323,0.054501622915267944,0.09005876630544662,0.10214176774024963,0.0,0.17397283017635345,0.014939459972083569,0.0,0.0012631082208827138,0.09016833454370499,0.2910725176334381,0.010192002169787884,0.047146398574113846,0.02420600689947605,0.04711869731545448,0.0003225702967029065,,0.011625251732766628,0.0027072506491094828,1,106,2.1213963407164993,10,35,61,20682.10546875,0.15895423293113708,0.23820345103740692,0.545994222164154,0.5065873861312866,0.039406776428222656,50,4,6,0,26,27,2,25,0.42452830188679247,0.020741771906614304,0.044911257922649384,0.05684810131788254,0.015912678092718124,0.0051482198759913445,0.01951359212398529,0.11976923793554306,0.019893184304237366,0.018554123118519783,0.0,0.12449198216199875,0.38681817054748535,0.009360400028526783,0.0,0.017784759402275085,0.04509789124131203,0.00015303990221582353,,0.0,0.09500156342983246,-2,-0.007159716913453185,0,-3,1,-421.22265625,-0.0015286356210708618,0.06988455355167389,-0.06600940227508545,-4,0,0,3,0,-1,0.027394775036284458
g4256.t1,XP_069267058.1,0.9877,56.0,1,319,1.94901360017685,187,38,94,21934.888671875,0.20605206489562988,0.31150567531585693,0.48244231939315796,0.3150503635406494,0.16739197075366974,339,46,6,268,1,25,18,7,0.21316614420062696,0.05641569197177887,0.017995158210396767,0.0,0.008090309798717499,0.09647579491138458,0.10194198042154312,0.02584303915500641,0.06544999778270721,0.034166183322668076,0.0001437429600628093,0.00784595962613821,0.2892073094844818,0.061315782368183136,0.08220966905355453,0.0073112305253744125,0.07266916334629059,0.029908625409007072,0.030293498188257217,0.004412895999848843,0.008304016664624214,1,324,1.9521342645252326,194,38,92,22295.72265625,0.25430846214294434,0.2228984385728836,0.5096036195755005,0.3037462532520294,0.2058573216199875,340,44,3,228,-4,23,21,2,0.17901234567901234,0.10693199932575226,0.01479356363415718,0.013189539313316345,0.008393524214625359,0.0267319492995739,0.14320975542068481,0.040078990161418915,0.06264756619930267,0.034852538257837296,0.0,0.00466674892231822,0.2636672854423523,0.05222264677286148,0.08230888098478317,0.0017365912208333611,0.05954475700855255,0.05546581372618675,0.0,0.002124548889696598,0.02743333950638771,-5,-0.0031206643483825403,-7,0,2,-360.833984375,-0.04825639724731445,0.08860723674297333,-0.02716130018234253,-1,2,3,40,5,5,0.034153798521614626
g12290.t2,XP_069269769.1,0.987,50.3,1,173,2.2155522676809487,75,19,79,25286.88671875,0.38806575536727905,0.15232513844966888,0.44641661643981934,0.4092274308204651,0.037189193069934845,113,7,0,64,22,27,4,23,0.31213872832369943,0.013270151801407337,0.0046425675973296165,0.013192502781748772,0.0,0.035009197890758514,0.0269327312707901,0.24885843694210052,0.01025646273046732,0.04558063670992851,0.0,0.01591981016099453,0.16036896407604218,0.10844804346561432,0.022149011492729187,0.07740229368209839,0.02902390994131565,0.09061604738235474,0.0006379880360327661,0.0965428501367569,0.0011483784765005112,1,146,1.6356319992340473,71,18,57,17364.7890625,0.12513963878154755,0.24242433905601501,0.5886393785476685,0.3319065570831299,0.2567328214645386,120,14,0,81,4,19,10,9,0.3150684931506849,0.006874959450215101,0.059253741055727005,0.04379661753773689,0.0,0.0602242685854435,0.2205996960401535,0.18461644649505615,0.03613312914967537,0.02192130871117115,,0.0,0.14729012548923492,0.033817362040281296,0.014229589141905308,0.021553924307227135,0.08679544180631638,0.050461091101169586,0.005388481076806784,0.007043824065476656,0.0,27,0.5799202684469014,4,1,22,7922.09765625,0.2629261165857315,-0.09009920060634613,-0.14222276210784912,-7,-7,0,-17,18,14,-0.0029297648269854815
g993.t1,XP_069272017.1,0.9866,66.3,1,391,2.1962757915272944,128,99,164,25109.80859375,0.23503397405147552,0.2732967436313629,0.46269190311431885,0.3056989908218384,0.15699289739131927,393,57,23,373,-1,25,20,5,0.1867007672634271,0.034308817237615585,0.03359481319785118,0.028977401554584503,0.003641469171270728,0.03782058134675026,0.06832105666399002,0.05646299198269844,0.08867184072732925,0.028887681663036346,0.0,0.00963690597563982,0.24923601746559143,0.07299453765153885,0.09088678658008575,0.01297824177891016,0.07246996462345123,0.04113921523094177,0.0,0.04612765461206436,0.02384405955672264,1,390,2.1860264634253217,131,100,159,24815.5703125,0.2108401358127594,0.26321253180503845,0.5147196054458618,0.2554447054862976,0.2592748999595642,388,47,6,308,-8,20,21,-1,0.18461538461538463,0.04000753536820412,0.010732052847743034,0.0112278051674366,0.018471473827958107,0.045538343489170074,0.15863879024982452,0.02886303700506687,0.10063610225915909,0.07768021523952484,0.0,0.011680735275149345,0.2265816479921341,0.028155280277132988,0.05473180487751961,0.024966595694422722,0.06284938752651215,0.06397215276956558,0.0,0.017546910792589188,0.0177201759070158,1,0.010249328101972655,-3,-1,5,294.23828125,0.024193838238716125,0.010084211826324463,-0.05202770233154297,5,10,17,65,7,6,0.0020853826480424775
g18228.t1,XP_069264965.1,0.9864,60.1,1,109,1.311509278040779,40,2,67,13364.9365234375,0.1550847440958023,0.39457079768180847,0.450344443321228,0.3810012638568878,0.0693431869149208,86,7,1,85,6,12,6,6,0.3486238532110092,0.0,0.0468825027346611,0.0,0.0,0.07758445292711258,0.058255188167095184,0.07662849873304367,0.01108799409121275,0.0,0.0,0.0,0.30437275767326355,0.06470022350549698,0.1772020310163498,0.0,0.09290176630020142,0.07569100707769394,0.0,0.013278030790388584,0.0014154886594042182,1,112,1.3360282463428923,43,2,67,14242.033203125,0.1955115795135498,0.23423749208450317,0.570250928401947,0.40304186940193176,0.16720907390117645,91,7,1,88,5,15,7,8,0.33035714285714285,0.02938447706401348,0.04044273495674133,0.0,0.0,0.05492953211069107,0.1100863441824913,0.020668568089604378,0.05712273344397545,0.013289031572639942,0.0,0.0,0.38237327337265015,0.04367268830537796,0.015091938897967339,0.0,0.11048422753810883,0.09620551019906998,0.0,0.02492060512304306,0.0013283155858516693,-3,-0.024518968302113198,-3,0,0,-877.0966796875,-0.0404268354177475,0.1603333055973053,-0.119906485080719,-5,0,0,-3,1,-2,0.018266710353866344
g2677.t1,XP_069272156.1,0.9849,64.1,1,146,2.8428864702513956,14,22,110,27516.423828125,0.2018314152956009,0.34910181164741516,0.38815149664878845,0.2517652213573456,0.13638627529144287,59,4,10,0,20,17,9,8,0.4383561643835616,0.029375849291682243,0.040187958627939224,0.060915276408195496,0.05816042795777321,0.021151762455701828,0.12524473667144775,0.19202633202075958,0.011141534894704819,0.05509759113192558,0.010085110552608967,0.020570000633597374,0.059738896787166595,0.014188330620527267,0.01986146718263626,0.016064472496509552,0.18214789032936096,0.060601264238357544,,0.02004058286547661,0.0034005087800323963,1,118,1.9975279953360097,13,26,79,19751.125,0.24567635357379913,0.20814433693885803,0.48587408661842346,0.35186144709587097,0.1340126097202301,58,2,10,6,23,19,6,13,0.3728813559322034,0.08741424232721329,0.05385516211390495,0.060305338352918625,0.04747820645570755,0.024009188637137413,0.05140271782875061,0.15279707312583923,0.08260989934206009,0.0016336011467501521,0.015009707771241665,0.06626154482364655,0.19906438887119293,0.016826095059514046,0.013424848206341267,0.004247363191097975,0.03395027294754982,0.08382949233055115,,0.0021236815955489874,0.0037572828587144613,28,0.845358474915386,1,-4,31,7765.298828125,-0.04384493827819824,0.14095747470855713,-0.09772258996963501,1,2,0,-6,-3,-5,0.06547480845135822
g9539.t1,XP_069269422.1,0.9848,71.2,1,202,1.8343617880113237,107,16,79,21400.287109375,0.2422642707824707,0.2093578577041626,0.5368098616600037,0.4707939624786377,0.06601585447788239,171,16,0,41,17,25,9,16,0.2376237623762376,0.04040667414665222,0.037671223282814026,0.011568048037588596,0.004372363910079002,0.05053596943616867,0.027993427589535713,0.263619065284729,0.03802243620157242,0.0010553982574492693,0.0,0.007397626992315054,0.2071748822927475,0.0,0.063624307513237,0.019716648384928703,0.049073342233896255,0.06891179084777832,0.0,0.10553981363773346,0.003316965652629733,1,213,2.188812225738077,105,16,92,26458.34375,0.26247715950012207,0.2179507464170456,0.5173816680908203,0.32881873846054077,0.18856297433376312,182,19,5,22,6,22,14,8,0.27699530516431925,0.033331774175167084,0.0357036255300045,0.0021904287859797478,0.08023076504468918,0.07227575778961182,0.07972334325313568,0.21119393408298492,0.10883961617946625,0.04776753485202789,0.0,0.007457916624844074,0.11762479692697525,0.006951044779270887,0.03705833479762077,0.01664295233786106,0.01768757961690426,0.0862058624625206,0.0,0.03643191233277321,0.0026828593108803034,-11,-0.35445043772675344,2,0,-13,-5058.056640625,-0.020212888717651367,-0.008592888712882996,0.01942819356918335,-11,-3,-5,19,11,8,-0.03937154278808164
g6110.t1,XP_069266314.1,0.9841,70.5,1,156,2.0199289067783317,59,12,85,20548.259765625,0.20809006690979004,0.09770672023296356,0.647406816482544,0.5534389019012451,0.09396795183420181,114,24,0,78,20,25,8,17,0.28205128205128205,0.010520529933273792,0.009182010777294636,0.046796299517154694,0.015074193477630615,0.001081260503269732,0.05094306915998459,0.23459652066230774,0.043024882674217224,0.018989024683833122,0.0,0.00692641269415617,0.3188423812389374,0.010363508015871048,0.05045280233025551,0.025212660431861877,0.011075207963585854,0.04897748678922653,0.06353987008333206,0.032253630459308624,0.0021482014562934637,1,155,1.9862613749953189,61,12,82,20438.4140625,0.1502639204263687,0.14706800878047943,0.6551616191864014,0.5235887765884399,0.13157278299331665,110,16,0,82,20,20,7,13,0.2709677419354839,0.003788802307099104,0.010580177418887615,0.04750639572739601,0.0003157335158903152,0.016166700050234795,0.10043902695178986,0.2719641923904419,0.03113376349210739,0.047153886407613754,0.0,0.033992867916822433,0.25162458419799805,0.0007893337751738727,0.016391770914196968,0.03015255182981491,0.022782601416110992,0.046736884862184525,0.03911789879202843,0.026740172877907753,0.002622549654915929,1,0.03366753178301285,-2,0,3,109.845703125,0.057826146483421326,-0.04936128854751587,-0.007754802703857422,4,8,0,-4,0,4,0.011083540115798152
g19156.t1,XP_069272728.1,0.9836,56.8,1,381,2.062407351011316,109,136,136,24245.626953125,0.1352640837430954,0.20558859407901764,0.6202356219291687,0.3969697058200836,0.22326594591140747,374,49,0,518,-7,24,20,4,0.18635170603674542,0.025189829990267754,0.016576619818806648,0.03891170024871826,0.030395852401852608,0.028928134590387344,0.12986132502555847,0.09125346690416336,0.09340459108352661,0.013041590340435505,0.0,0.01851775124669075,0.30571624636650085,0.06574025750160217,0.05866719037294388,0.005722330417484045,0.06985730677843094,0.004888872150331736,0.0,0.0030607813969254494,0.00026615490787662566,1,404,2.1303255550019915,116,128,160,24740.78125,0.20487509667873383,0.1413150131702423,0.6322851181030273,0.3249671757221222,0.3073180019855499,398,42,3,382,-13,26,29,-3,0.16584158415841585,0.050065889954566956,0.01955278404057026,0.021524732932448387,0.03272758051753044,0.014617453329265118,0.2106434851884842,0.10717319697141647,0.09667448699474335,0.03167196735739708,0.00013208069140091538,0.0,0.2177940011024475,0.05408318713307381,0.02006891369819641,0.022169984877109528,0.055271826684474945,0.004303664434701204,0.0009128985111601651,0.03513449430465698,0.0054773916490375996,-23,-0.06791820399067561,-7,8,-24,-495.154296875,-0.06961101293563843,0.06427358090877533,-0.012049496173858643,-24,7,-3,136,6,7,0.020510121878329568
g1275.t1,XP_069266092.1,0.9824,68.8,1,349,2.1422740814549726,36,162,151,25549.08203125,0.2141849398612976,0.21629486978054047,0.5693963766098022,0.3353751301765442,0.23402121663093567,340,38,83,265,-2,31,22,9,0.18624641833810887,0.014990860596299171,0.0,0.00012388653703965247,0.02235836535692215,0.009806891903281212,0.18323104083538055,0.1855563074350357,0.05079018697142601,0.04390062391757965,0.00037022691685706377,0.028438767418265343,0.1498187929391861,0.023472318425774574,0.06028947979211807,0.031451109796762466,0.07348886132240295,0.08827788382768631,0.021780606359243393,0.011853810399770737,0.0,1,354,2.1626664133670372,36,167,151,26658.37890625,0.20953449606895447,0.19771048426628113,0.5927550196647644,0.38953524827957153,0.20321984589099884,341,30,54,236,-2,27,18,9,0.17796610169491525,0.01633394882082939,0.00024206620582845062,0.0,0.0046347505412995815,0.06350422650575638,0.13754168152809143,0.3209354877471924,0.065678171813488,0.02076488733291626,0.0,0.0037520260084420443,0.06859969347715378,0.016097404062747955,0.062433287501335144,0.045590467751026154,0.04701399430632591,0.08305516839027405,0.02639397792518139,0.007867151871323586,0.009561615064740181,-5,-0.020392331912064687,0,-5,0,-1109.296875,0.00465044379234314,0.01858438551425934,-0.023358643054962158,-1,8,29,29,0,0,0.00828031664319362
g10564.t1,XP_069271929.1,0.9822,61.7,1,216,1.9539862031752204,89,52,75,21133.625,0.13286033272743225,0.1903979778289795,0.6272935271263123,0.5261198878288269,0.10117363929748535,162,13,2,94,19,31,10,21,0.24537037037037038,0.024045372381806374,0.0051804594695568085,0.049448173493146896,0.026100222021341324,0.03187601640820503,0.06698759645223618,0.08942732959985733,0.034186046570539474,0.004274860490113497,0.00046387393376789987,0.0055584232322871685,0.43669259548187256,0.011297845281660557,0.033213190734386444,0.007633678615093231,0.10983113944530487,0.06225648894906044,0.0,0.0,0.0015267357230186462,1,217,1.9619606408906933,89,52,76,20866.64453125,0.12467092275619507,0.2555714249610901,0.5625897645950317,0.5053186416625977,0.0572710819542408,184,13,0,25,18,31,12,19,0.22580645161290322,0.014815988950431347,0.0058511486276984215,0.0571679063141346,0.011133142746984959,0.04064124822616577,0.01133262924849987,0.1491525024175644,0.04593844711780548,0.01963057555258274,0.0031320604030042887,0.005225589964538813,0.35616618394851685,0.02041076123714447,0.10823608934879303,0.010823888704180717,0.0728546753525734,0.06655938178300858,0.0,0.0,0.0009277617791667581,-1,-0.007974437715472904,0,0,-1,266.98046875,0.008189409971237183,-0.0651734471321106,0.06470376253128052,-22,0,2,69,1,2,0.019563918757467158
g126.t2,XP_069268734.1,0.9808,71.8,1,208,2.2003923981262967,51,59,98,24601.044921875,0.2603777050971985,0.06380213052034378,0.6378771066665649,0.5460005402565002,0.0918765738606453,157,21,9,86,27,32,10,22,0.2403846153846154,0.04886312782764435,0.006946217734366655,0.0379430428147316,0.006253570783883333,0.0027034194208681583,0.04443170130252838,0.31060707569122314,0.047444865107536316,0.0019673227798193693,0.006571150850504637,0.01858130469918251,0.2353934943675995,0.020329002290964127,0.009407195262610912,0.09591658413410187,0.01762552373111248,0.04553479328751564,0.0034100261982530355,0.03193898871541023,0.00813160091638565,1,224,2.3278598789438574,66,58,100,25449.46875,0.21940095722675323,0.10730516165494919,0.6436688303947449,0.5491876006126404,0.09448124468326569,169,28,5,86,23,31,13,18,0.23214285714285715,0.09123104810714722,0.005949131678789854,0.02962510660290718,0.024676334112882614,0.008399040438234806,0.06435526907444,0.36240458488464355,0.030125994235277176,0.0,0.006719470489770174,0.03825781121850014,0.18678298592567444,0.004806171637028456,0.006840430200099945,0.019397715106606483,0.041139278560876846,0.03827575221657753,0.0,0.03746401518583298,0.0035499087534844875,-16,-0.12746748081756065,-15,1,-2,-848.423828125,0.04097674787044525,-0.04350303113460541,-0.005791723728179932,-12,-7,4,0,4,4,0.00824175824175824
g19604.t1,XP_069267437.1,0.9799,65.0,1,146,2.028281823110018,60,31,55,21651.3671875,0.2616809010505676,0.17190800607204437,0.5664110779762268,0.47278282046318054,0.09362825006246567,125,21,0,31,19,24,7,17,0.3424657534246575,0.04088226333260536,0.004666802939027548,,0.0074982354417443275,0.017052212730050087,0.05134548991918564,0.29168254137039185,0.04228275269269943,0.01723228022456169,0.0,0.07961904257535934,0.1811002492904663,0.04023614153265953,0.033588483929634094,0.029573988169431686,0.019749173894524574,0.07419469952583313,0.0,0.0002980454883072525,0.06899753212928772,1,143,1.9706780533965607,61,30,52,20320.310546875,0.25752338767051697,0.25093746185302734,0.44428738951683044,0.38406670093536377,0.06022069603204727,122,20,1,63,18,20,4,16,0.34965034965034963,0.03207442909479141,0.010348823852837086,0.04725180193781853,0.009836888872087002,0.028533117845654488,0.036352869123220444,0.23307855427265167,0.023867826908826828,0.003652038751170039,0.0,0.07917921245098114,0.1509881168603897,0.016513565555214882,0.012461177073419094,0.03214995190501213,0.11676309257745743,0.0783541351556778,,0.03444895148277283,0.054145440459251404,3,0.05760376971345749,-1,1,3,1331.056640625,0.004157513380050659,-0.07902945578098297,0.12212368845939636,3,1,-1,-32,1,1,-0.007184596225692119
g17440.t1,XP_069269965.1,0.9797,56.5,1,545,3.0138208508090467,276,105,164,39272.46484375,0.20173035562038422,0.22920948266983032,0.533074676990509,0.300033301115036,0.23304136097431183,481,61,5,54,-1,42,31,11,0.1944954128440367,0.03197179362177849,0.023535743355751038,0.03598550334572792,0.010844852775335312,0.031424615532159805,0.12480393797159195,0.10319766402244568,0.10823741555213928,0.045046404004096985,0.0,0.043940961360931396,0.19683563709259033,0.019635755568742752,0.04281196743249893,0.057384833693504333,0.042449772357940674,0.05633876100182533,0.004765162710100412,0.020378410816192627,0.00041078991489484906,1,567,3.0943596278626977,288,104,175,39976.25390625,0.19513088464736938,0.2022637575864792,0.523033857345581,0.2996619641780853,0.22337186336517334,482,66,6,105,-3,45,38,7,0.19400352733686066,0.040500394999980927,0.02891898714005947,0.07957145571708679,0.00831329170614481,0.030353648588061333,0.13052885234355927,0.14027540385723114,0.09284301102161407,0.026136908680200577,0.0,0.001749893301166594,0.15938657522201538,0.025792740285396576,0.0636146292090416,0.0687016025185585,0.0514896921813488,0.011572201736271381,,0.025964699685573578,0.014285946264863014,-22,-0.08053877705365098,-12,1,-11,-703.7890625,0.0065994709730148315,0.026945725083351135,0.010040819644927979,-1,-5,-1,-51,2,4,0.0004918855071760486
g1192.t2,XP_069265860.1,0.9784,59.8,1,528,3.0033016049495105,275,88,165,35937.41015625,0.2050510048866272,0.22855666279792786,0.5490633249282837,0.34290486574172974,0.20615845918655396,482,72,4,98,1,40,29,11,0.19507575757575757,0.04218226671218872,0.02720293402671814,0.01732899621129036,0.035880204290151596,0.004246100317686796,0.11097133904695511,0.16088353097438812,0.09518713504076004,0.031925685703754425,0.0,0.0018588202074170113,0.1820213496685028,0.03644755482673645,0.06867659837007523,0.026889681816101074,0.09464650601148605,0.052069373428821564,0.0,0.00951693207025528,0.0020649947691708803,1,539,3.0729130149656876,281,88,170,39344.85546875,0.17984351515769958,0.23839381337165833,0.5546595454216003,0.29478538036346436,0.259874165058136,472,42,2,148,1,44,34,10,0.18738404452690166,0.026517342776060104,0.033816732466220856,0.027103140950202942,0.005248436238616705,0.034499023109674454,0.18634724617004395,0.13922405242919922,0.07352692633867264,0.020000312477350235,0.0,0.006811660248786211,0.15556131303310394,0.04362575337290764,0.08578865975141525,0.023729626089334488,0.0574774295091629,0.03545458987355232,0.00041003405931405723,0.025176091119647026,0.01968163438141346,-11,-0.0696114100161771,-6,0,-5,-3407.4453125,0.025207489728927612,-0.009837150573730469,-0.00559622049331665,10,30,2,-50,0,1,0.007691713048855908
g14037.t1,XP_069268780.1,0.978,46.3,1,192,1.8702556126109449,89,44,59,21508.3984375,0.18113695085048676,0.2142724245786667,0.5797368884086609,0.4978347718715668,0.08190210163593292,148,25,0,27,19,28,8,20,0.2552083333333333,0.0013501198263838887,0.07225237786769867,0.02485371194779873,0.07895737141370773,0.06426101922988892,0.04575077444314957,0.15440848469734192,0.036151330918073654,0.020670589059591293,0.0,0.01397812832146883,0.34342631697654724,0.016801491379737854,0.011755354702472687,0.0,0.03135496750473976,0.06273633986711502,,0.0,0.02129163034260273,1,201,1.9375741515531855,98,47,56,22417.81640625,0.1200723648071289,0.28034546971321106,0.5658592581748962,0.3776078224182129,0.18825145065784454,159,29,0,24,14,27,10,17,0.24875621890547264,0.04508831351995468,0.017870105803012848,0.033722884953022,0.0052039180882275105,0.0279337577521801,0.11342008411884308,0.20752249658107758,0.07483136653900146,0.010454226285219193,,0.06344930082559586,0.17008529603481293,0.011514220386743546,0.039544086903333664,0.0,0.12109402567148209,0.045888129621744156,,0.012377787381410599,0.0,-9,-0.0673185389422406,-9,-3,3,-909.41796875,0.06106458604335785,-0.06607304513454437,0.013877630233764648,-11,-4,0,3,5,3,0.006452114427860672
g5143.t2,XP_069268606.1,0.9779,61.4,1,187,2.2903760365856862,60,28,99,25756.947265625,0.17183227837085724,0.1470026671886444,0.6654812097549438,0.5460999608039856,0.11938126385211945,129,7,2,33,40,37,7,30,0.2994652406417112,0.0,0.03022579848766327,0.015683835372328758,0.006012910511344671,0.021468760445713997,0.06231394410133362,0.33246126770973206,0.05706731602549553,0.026135126128792763,0.0,0.025573289021849632,0.21363867819309235,0.013779587112367153,0.03892762213945389,0.059317514300346375,0.00467207795009017,0.07693836092948914,,0.008017214015126228,0.007766676135361195,1,184,2.287730243306291,62,28,94,25765.92578125,0.2110080122947693,0.1986783891916275,0.5583697557449341,0.4219513237476349,0.1364184468984604,136,15,0,7,29,27,6,21,0.31521739130434784,0.01885763369500637,0.0237857885658741,0.03194384649395943,0.011896403506398201,0.016446949914097786,0.06036364659667015,0.26395997405052185,0.07605480402708054,0.024413226172327995,,0.027425630018115044,0.15799134969711304,0.0032558580860495567,0.09887568652629852,0.05437023937702179,0.007731116376817226,0.07867380231618881,,0.008390096947550774,0.03556399047374725,3,0.002645793279395292,-2,0,5,-8.978515625,-0.03917573392391205,-0.05167572200298309,0.10711145401000977,-7,-8,2,26,11,9,-0.015752150662636633
g8272.t1,XP_069272085.1,0.9763,52.9,1,105,1.2689113732412907,42,29,34,12866.880859375,0.22228989005088806,0.17020253837108612,0.606504499912262,0.36402755975723267,0.24247688055038452,94,11,1,102,-2,14,12,2,0.3523809523809524,0.013671944849193096,0.01902945339679718,0.0010030546691268682,0.0,0.0,0.22845207154750824,,0.014024828560650349,0.0944204181432724,0.0,0.0,0.36402755975723267,0.0599096454679966,0.04145314171910286,0.0,0.015299538150429726,0.06749023497104645,0.04448729380965233,0.005636072717607021,0.031094692647457123,1,154,2.6336283528557,42,27,85,29916.998046875,0.29764923453330994,0.23409098386764526,0.4681519567966461,0.39753958582878113,0.07061239331960678,91,10,1,69,6,18,10,8,0.45454545454545453,0.04042651504278183,0.008782212622463703,0.00010784993355628103,0.010865796357393265,0.07877914607524872,0.04280108958482742,0.3016333281993866,0.02781129814684391,0.05801979452371597,0.0,0.011931325308978558,0.09590622037649155,0.038595519959926605,0.0174732469022274,0.050775185227394104,0.05910525470972061,0.06037438288331032,0.01648915372788906,0.025991834700107574,0.054130829870700836,-49,-1.3647169796144094,0,2,-51,-17050.1171875,-0.07535934448242188,-0.06388844549655914,0.13835254311561584,3,1,0,33,-8,-6,-0.10216450216450212
g6397.t1,XP_069269787.1,0.9751,62.1,1,173,5.488487289593995,97,12,64,35389.3203125,0.1429259479045868,0.3427773714065552,0.5122960209846497,0.5017601251602173,0.01053598988801241,127,6,6,13,39,40,3,37,0.5953757225433526,0.021373089402914047,0.010975854471325874,0.002000601962208748,0.015681734308600426,0.013619238510727882,0.006081275176256895,0.22750526666641235,0.0044547137804329395,0.005283869802951813,0.0013364141341298819,0.034266818314790726,0.27425476908683777,0.03714212402701378,0.006797023117542267,0.011031919158995152,0.270498126745224,0.04256238415837288,,0.0043762982822954655,0.010758399963378906,1,120,3.0580185290350115,43,12,65,23974.28125,0.19658945500850677,0.20268656313419342,0.6007239818572998,0.5435025095939636,0.05722144991159439,78,10,6,5,25,28,8,20,0.525,0.020988913252949715,0.02216557040810585,0.0,0.007402101065963507,0.04373493045568466,0.0468255989253521,0.30942004919052124,0.010395849123597145,0.003095424035564065,0.00725789088755846,0.049765802919864655,0.23408243060112,0.06411007046699524,0.038666848093271255,0.018168792128562927,0.03800010681152344,0.04998573660850525,,0.018976295366883278,0.016957540065050125,53,2.4304687605589836,54,0,-1,11415.0390625,-0.05366350710391998,0.14009080827236176,-0.08842796087265015,49,-4,0,8,14,17,0.07037572254335256
g8345.t1,XP_069270783.1,0.9732,75.5,1,100,2.8975981520966276,40,9,51,23015.90234375,0.2805209755897522,0.23268592357635498,0.46861183643341064,0.44915905594825745,0.019452810287475586,66,1,10,29,29,25,1,24,0.53,0.015420645475387573,0.00294394139200449,0.018181215971708298,0.006448633968830109,0.005585134960711002,0.019452810287475586,0.19600850343704224,,0.06155981868505478,0.0,0.06414492428302765,0.2531505525112152,0.031121665611863136,0.055828757584095,0.11047805100679398,0.042623370885849,0.0824698731303215,0.02476898953318596,0.0,0.009813138283789158,1,105,3.5308738769890415,18,6,81,25503.80078125,0.26008111238479614,0.29079097509384155,0.42709654569625854,0.3493654429912567,0.07773112505674362,49,3,13,3,10,17,5,12,0.6095238095238096,0.03262865170836449,0.0115699153393507,0.022031398490071297,0.025935035198926926,0.025395672768354416,0.07451680302619934,0.24889197945594788,0.0032143299467861652,0.1543436199426651,0.020902834832668304,0.00012362808047328144,0.10047345608472824,0.020998166874051094,0.02504654973745346,0.06767545640468597,0.05340877175331116,0.03548742085695267,,0.04081157594919205,0.03654477000236511,-5,-0.6332757248924139,22,3,-30,-2487.8984375,0.020439863204956055,-0.05810505151748657,0.0415152907371521,17,-2,-3,26,19,12,-0.07952380952380955
g10910.t1,XP_069271877.1,0.9724,58.0,1,353,2.0973131337787545,97,98,158,24941.53515625,0.21020451188087463,0.0971151813864708,0.6702383756637573,0.4509773850440979,0.21926099061965942,322,27,18,158,-4,27,24,3,0.19830028328611898,0.0049040489830076694,0.007179520092904568,0.022441957145929337,0.048811253160238266,0.002401886275038123,0.11187265068292618,0.1674344837665558,0.10738832503557205,0.02361469529569149,0.0,0.0139326062053442,0.2835428714752197,0.050486691296100616,0.038695402443408966,0.031441036611795425,0.011291055008769035,0.05360740050673485,0.0,0.018628470599651337,0.0023256095591932535,1,337,2.025376805570753,109,98,130,22285.189453125,0.2390711009502411,0.21173864603042603,0.5486243367195129,0.2639705538749695,0.28465381264686584,343,41,3,138,-2,23,25,-2,0.21068249258160238,0.018383855000138283,0.03480629250407219,0.0005659338785335422,0.03478409722447395,0.01759391464293003,0.15160515904426575,0.0473073311150074,0.1330486387014389,0.027196349576115608,0.0,0.019564330577850342,0.2166632115840912,0.048482947051525116,0.05240042507648468,0.03706103563308716,0.060177337378263474,0.03499915450811386,0.039815690368413925,0.02468220144510269,0.0008621043525636196,16,0.07193632820800167,-12,0,28,2656.345703125,-0.028866589069366455,-0.11462346464395523,0.12161403894424438,-21,-14,15,20,-2,5,-0.012382209295483393
g7398.t1,XP_069272378.1,0.9712,70.0,1,119,1.4226617985513614,36,26,57,14764.744140625,0.1353181153535843,0.14495691657066345,0.6032256484031677,0.3185387849807739,0.2846868336200714,98,16,0,63,4,14,12,2,0.33613445378151263,0.026758991181850433,0.011497417464852333,0.1164993867278099,0.006337383296340704,0.023004114627838135,0.2107286900281906,0.09202907979488373,0.0739581435918808,0.005244730971753597,,0.03579210117459297,0.2265097051858902,0.06572715938091278,0.03558206558227539,0.009178278967738152,0.0338364876806736,0.027097776532173157,,0.0,0.0002185304620070383,1,119,1.4266593818046265,38,26,55,14979.84375,0.13326819241046906,0.23976507782936096,0.6252763271331787,0.2988815903663635,0.3263947665691376,106,17,0,66,0,13,16,-3,0.3277310924369748,0.05234038084745407,0.004464315250515938,0.0016903713112697005,0.01335433591157198,0.00989264901727438,0.2375061959028244,0.0808790773153305,0.08888854086399078,0.020598437637090683,0.10616617649793625,0.02009890414774418,0.21800251305103302,0.04670088738203049,0.019861862063407898,0.018308361992239952,0.05868273600935936,0.001056482084095478,,0.0,0.0015077475691214204,0,-0.003997583253265047,-2,0,2,-215.099609375,0.0020499229431152344,-0.09480816125869751,-0.022050678730010986,-8,-1,0,-3,4,5,0.00840336134453784
g16255.t1,XP_069265188.1,0.971,55.3,1,133,2.144857704304464,28,12,93,20715.52734375,0.21841119229793549,0.08536121994256973,0.6962275505065918,0.5259143114089966,0.17031319439411163,87,9,1,78,27,28,6,22,0.38345864661654133,0.0034017523285001516,0.005437219515442848,0.0,0.04641497880220413,0.005762934219092131,0.14065423607826233,0.20030401647090912,0.029658960178494453,0.015525294467806816,0.010258521884679794,0.013953541405498981,0.32561030983924866,0.0048284041695296764,0.008842556737363338,0.01012407336384058,0.025581154972314835,0.06060704216361046,0.0,0.06764688342809677,0.02538806013762951,1,131,2.139671653209868,27,14,90,20564.625,0.28499680757522583,0.04510848969221115,0.6539955139160156,0.5916935801506042,0.06230191886425018,83,3,0,20,25,27,6,21,0.35877862595419846,0.10210488736629486,0.005305911879986525,0.01589915342628956,0.011296647600829601,0.004524999298155308,0.03987773135304451,0.21226753294467926,0.02242419496178627,0.006058208178728819,,0.0013798875734210014,0.37942609190940857,0.028958147391676903,0.003232197603210807,0.017729461193084717,0.024607282131910324,0.04710064455866814,0.0,0.0588223971426487,0.01898464374244213,2,0.005186051094596245,1,-2,3,150.90234375,-0.06658561527729034,0.04025273025035858,0.04223203659057617,4,6,1,58,2,1,0.024680020662342872
g836.t1,XP_069271739.1,0.9707,54.8,1,438,2.5190672629591004,174,77,187,30274.5,0.16245809197425842,0.3455755412578583,0.4752095937728882,0.24195976555347443,0.23324981331825256,386,38,15,240,-7,23,27,-4,0.18493150684931506,0.013215471059083939,0.006444052793085575,0.016756786033511162,0.026714222505688667,0.08220678567886353,0.14780586957931519,0.056325528770685196,0.08544393628835678,0.04964691027998924,0.001822694088332355,0.03544485941529274,0.18563425540924072,0.04155506566166878,0.10656026005744934,0.01065487414598465,0.06344995647668839,0.037489280104637146,0.012507101520895958,0.012149705551564693,0.008172363042831421,1,421,2.4885897438283484,174,74,173,29191.921875,0.20215341448783875,0.24210092425346375,0.5473833084106445,0.2261740118265152,0.32120925188064575,370,33,15,241,-10,22,27,-5,0.18527315914489312,0.0016579310176894069,0.015365655533969402,0.00836234912276268,0.022019725292921066,0.04752814769744873,0.23167966306209564,0.07052787393331528,0.0895295962691307,0.01942281797528267,0.0026710520032793283,0.025355050340294838,0.1556461602449417,0.08438851684331894,0.017710188403725624,0.016235126182436943,0.11404800415039062,0.03817439079284668,0.00010842682240763679,0.011384458281099796,0.02818482741713524,17,0.03047751913075203,0,3,14,1082.578125,-0.03969532251358032,0.10347461700439453,-0.07217371463775635,16,5,0,-1,3,1,-0.00034165229557805987
g1831.t2,XP_069271983.1,0.9692,75.4,1,464,2.340615807481516,228,83,153,32746.9609375,0.16194161772727966,0.3193812072277069,0.5047740340232849,0.2172977477312088,0.2874763011932373,430,54,37,380,-23,24,34,-10,0.17025862068965517,0.016053592786192894,0.022558551281690598,0.01390314381569624,0.034704580903053284,0.03293941915035248,0.193879634141922,0.10319939255714417,0.09359666705131531,0.03688766062259674,0.0014955726219341159,0.003562482539564371,0.11409833282232285,0.021864594891667366,0.12444239854812622,0.018819160759449005,0.09749510884284973,0.024183576926589012,0.006794797722250223,0.005517659708857536,0.03400364890694618,1,447,2.178123455394104,217,82,148,28234.849609375,0.1525406837463379,0.24492105841636658,0.5879033207893372,0.2197500467300415,0.36815327405929565,405,47,13,417,-22,24,32,-8,0.17002237136465326,0.01611281931400299,0.0177752748131752,0.01463503111153841,0.0025140566285699606,0.10338656604290009,0.2527434825897217,0.10366468131542206,0.11540982872247696,0.006360338069498539,0.0016202995320782065,0.004134395159780979,0.11608535051345825,0.027423467487096786,0.0677419900894165,0.004342461936175823,0.0439021997153759,0.038376543670892715,0.007423548959195614,0.01542716659605503,0.04092062637209892,17,0.16249235208741197,11,1,5,4512.111328125,0.009400933980941772,0.07446014881134033,-0.08312928676605225,25,7,24,-37,-1,-2,0.0002362493250019082
g11501.t1,XP_069264763.1,0.9672,41.0,1,73,1.1535497828751045,15,28,30,12046.9111328125,0.19458751380443573,0.2072584629058838,0.5568488836288452,0.4152238965034485,0.14162495732307434,62,5,0,63,2,11,6,5,0.3561643835616438,0.0,0.03300269693136215,0.041305165737867355,0.04114840552210808,,0.08273058384656906,0.2085188925266266,0.058894380927085876,0.03761773928999901,0.0,0.08597677201032639,0.2067050188779831,0.0,0.04327085614204407,0.06111893057823181,0.0073903934098780155,0.04919925704598427,0.04285309091210365,0.0002678318414837122,,1,194,4.032520055465762,12,25,157,48276.05078125,0.12418048083782196,0.1446230411529541,0.6943194270133972,0.550557017326355,0.14376240968704224,76,20,0,21,16,50,29,21,0.5567010309278351,0.01030136551707983,0.013000473380088806,0.03687701374292374,0.00160404818598181,0.05286936089396477,0.03465171530842781,0.48798292875289917,0.10911070555448532,0.003876449540257454,0.0,0.023780815303325653,0.0625741109251976,0.04277005046606064,0.015256524085998535,0.01199510507285595,0.03583942726254463,0.04985383152961731,0.004133623093366623,0.0006531159742735326,0.002869348507374525,-121,-2.8789702725906574,3,3,-127,-36229.1396484375,0.07040703296661377,0.06263542175292969,-0.137470543384552,-14,-15,0,42,-14,-16,-0.20053664736619126
g9724.t1,XP_069266275.1,0.9672,71.4,1,82,1.2726359941757288,18,25,39,13130.404296875,0.12976957857608795,0.1812882125377655,0.6869857907295227,0.42245781421661377,0.2645280361175537,60,8,0,27,1,12,9,3,0.4024390243902439,0.019792158156633377,0.07883810251951218,0.0019565012771636248,0.0012174500152468681,0.014887974597513676,0.19343239068984985,0.21749961376190186,0.07109565287828445,0.06736717373132706,,,0.20495817065238953,0.0039316946640610695,,0.053021080791950226,0.020194964483380318,0.003426213748753071,0.012778008356690407,0.008081109263002872,0.027521861717104912,1,163,2.7139727888137957,20,28,115,26922.50390625,0.1928989440202713,0.3309732675552368,0.46653425693511963,0.3110564649105072,0.15547777712345123,77,14,0,6,3,18,13,5,0.4233128834355828,0.00778996990993619,0.06235185265541077,0.009593546390533447,0.004913673270493746,0.05190695449709892,0.13047797977924347,0.19257782399654388,0.024999799206852913,0.07284244894981384,0.003398563014343381,0.01690531335771084,0.11847863346338272,0.04058397561311722,0.024081718176603317,0.055812202394008636,0.09948642551898956,0.03832879662513733,,0.014141790568828583,0.031328532844781876,-81,-1.4413367946380669,-2,-3,-76,-13792.099609375,-0.06312936544418335,-0.1496850550174713,0.22045153379440308,-17,-6,0,21,-2,-2,-0.020873859045338894
g10982.t1,XP_069267732.1,0.9646,50.0,1,271,2.34154070971633,115,92,64,27625.74609375,0.20187003910541534,0.2526140511035919,0.5339963436126709,0.33857014775276184,0.19542621076107025,257,32,3,146,-8,23,20,3,0.25092250922509224,0.0330449678003788,0.01614394411444664,0.01151957269757986,0.010261975228786469,0.013362182304263115,0.12041474878787994,0.10616955906152725,0.07501146197319031,0.02322850562632084,0.0,0.012475020252168179,0.23240059614181519,0.04015614464879036,0.10365559905767441,0.07216023653745651,0.08374878019094467,0.0345672182738781,0.0,0.006540514063090086,0.005138975568115711,1,267,2.2919412405205177,120,91,56,26768.109375,0.2316746860742569,0.1280169039964676,0.6384165287017822,0.31024253368377686,0.328173965215683,260,35,1,173,-14,22,26,-4,0.25842696629213485,0.03253910318017006,0.015846915543079376,0.0018919153371825814,0.006007611285895109,0.061972957104444504,0.18837739527225494,0.2338337004184723,0.13979655504226685,0.02808747999370098,0.0,0.0016490444540977478,0.07640882581472397,0.041148681193590164,0.003787959460169077,0.06035329028964043,0.016672542318701744,0.0787285640835762,0.0,0.012897452339529991,0.0,4,0.04959946919581215,-5,1,8,857.63671875,-0.029804646968841553,0.12459714710712433,-0.10442018508911133,-3,-3,2,-27,6,7,-0.007504457067042614
g17716.t1,XP_069267426.1,0.9634,52.7,1,490,2.5769988170073503,158,83,249,33585.7890625,0.33615508675575256,0.25140219926834106,0.39498451352119446,0.270121693611145,0.12486279010772705,485,74,0,701,3,27,25,2,0.17551020408163265,0.015814118087291718,0.029904361814260483,0.01745818555355072,0.06019948795437813,0.040362417697906494,0.06805063039064407,0.17039214074611664,0.05681217089295387,0.019473189488053322,0.0,0.012294313870370388,0.09972955286502838,0.0684879869222641,0.08887247741222382,0.0720457062125206,0.060495421290397644,0.02933381125330925,0.013353561982512474,0.003650614060461521,0.07326982170343399,1,503,2.5855344328777283,166,79,258,33424.15234375,0.298928439617157,0.24388502538204193,0.4399474561214447,0.2966592013835907,0.1432882696390152,491,68,1,639,0,30,29,1,0.16699801192842942,0.03735090419650078,0.015445100143551826,0.01723908819258213,0.06436294317245483,0.020025819540023804,0.07023214548826218,0.12138586491346359,0.07305611670017242,0.0383068285882473,0.00469281617552042,0.02229420281946659,0.1752733290195465,0.07888256758451462,0.08190508186817169,0.05243151634931564,0.06121518090367317,0.00029330101097002625,0.00227278470993042,0.0,0.0633343905210495,-13,-0.008535615870377988,-8,4,-9,161.63671875,0.03722664713859558,0.007517173886299133,-0.044962942600250244,-6,6,-1,62,3,1,0.00851219215320323
g2272.t1,XP_069270553.1,0.9619,60.1,1,146,1.7195007224562324,71,0,75,18389.125,0.19686245918273926,0.12252200394868851,0.6656394600868225,0.4387543201446533,0.2268851399421692,123,18,37,129,11,20,13,7,0.3013698630136986,0.014036757871508598,0.03509477898478508,0.014976066537201405,0.007895676419138908,0.005666156765073538,0.21487900614738464,0.1443052887916565,0.01200614869594574,0.009705724194645882,0.0,0.0010287555633112788,0.2944490313529968,0.04281210899353027,0.037290532141923904,0.011931244283914566,0.03373606503009796,0.0515785738825798,0.0,0.018247785046696663,0.050360314548015594,1,148,1.7547811852458808,71,0,77,18899.84375,0.11889442056417465,0.24904394149780273,0.6109134554862976,0.3724879026412964,0.23842552304267883,110,2,36,184,6,18,12,6,0.3108108108108108,0.011527099646627903,0.017156241461634636,0.02114822156727314,0.0,0.031379394233226776,0.15116384625434875,0.13769285380840302,0.08726169168949127,0.01636558771133423,0.0,0.0016682603163644671,0.23479503393173218,0.04199666157364845,0.08346208930015564,0.00751159805804491,0.09901236742734909,0.00810665637254715,0.0,0.012446855194866657,0.03730553761124611,-2,-0.03528046278964836,0,0,-2,-510.71875,0.0779680386185646,-0.12652193754911423,0.0547260046005249,13,16,1,-55,5,1,-0.009440947797112187
g7743.t1,XP_069271646.1,0.9585,45.2,1,503,3.887454739699156,171,99,233,58581.94140625,0.16091705858707428,0.3280367851257324,0.5110461115837097,0.2706053555011749,0.24044078588485718,406,61,2,171,-5,55,51,4,0.32803180914512925,0.026732327416539192,0.013824592344462872,0.0,0.0016961010405793786,0.015885312110185623,0.1643960028886795,0.031097067520022392,0.07604479789733887,0.1417854130268097,0.0,0.0028175690677016973,0.2395082712173462,0.06591610610485077,0.059301432222127914,0.007604287937283516,0.09442248195409775,0.02933969534933567,0.01740134507417679,0.008812397718429565,0.0034148043487221003,1,121,1.3691776754432023,13,49,59,14101.0361328125,0.29228878021240234,0.3833516836166382,0.3243594765663147,0.22096635401248932,0.10339312255382538,117,21,0,59,-3,11,7,4,0.2975206611570248,0.06254221498966217,0.07681679725646973,,0.056261997669935226,0.16061735153198242,0.042220018804073334,0.11638211458921432,0.061173103749752045,0.035647667944431305,,0.004248392302542925,0.1045842170715332,0.060303155332803726,0.04015602171421051,0.01095637958496809,0.06586547940969467,0.09696225821971893,0.0,0.0,0.00526277394965291,382,2.5182770642559538,158,50,174,44480.9052734375,-0.13137172162532806,-0.05531489849090576,0.18668663501739502,289,40,2,112,-2,0,0.030511147988104448
g15457.t1,XP_069265812.1,0.9569,45.9,1,113,1.4592481058269784,12,59,42,15725.140625,0.2946751117706299,0.23829509317874908,0.45361554622650146,0.31156373023986816,0.1420518457889557,84,12,10,55,6,13,8,5,0.2831858407079646,0.011476267129182816,0.013720009475946426,0.013414262793958187,0.017183994874358177,0.046710483729839325,0.12721438705921173,0.19735410809516907,0.014837447553873062,0.0065658860839903355,0.0012030362850055099,0.015948213636875153,0.1142096146941185,0.030572406947612762,0.025867611169815063,0.0,0.12827986478805542,0.09496618062257767,0.05836592987179756,0.04558761417865753,0.03652273863554001,1,112,1.4263187456463065,9,59,44,15050.068359375,0.1555500477552414,0.4213367998600006,0.41990968585014343,0.26152291893959045,0.1583867222070694,88,12,10,67,1,13,10,3,0.32142857142857145,0.009433048777282238,0.012430396862328053,0.0032035813201218843,0.006187910679727793,0.15514981746673584,0.15608222782611847,0.17288337647914886,0.0023044974077492952,0.023221604526042938,0.0018854978261515498,0.0663456842303276,0.08863956481218338,0.0023582621943205595,0.07465211302042007,0.027646208181977272,0.08765164762735367,0.0964139848947525,0.0,0.013510627672076225,0.0,1,0.03292936018067194,3,0,-2,675.072265625,0.1391250640153885,-0.18304170668125153,0.03370586037635803,-4,0,0,-12,5,2,-0.038242730720606855
g12109.t1,XP_069266538.1,0.956,55.9,1,109,2.721759771145236,29,25,55,27430.169921875,0.2697376608848572,0.1524025797843933,0.5504588484764099,0.49540975689888,0.0550491027534008,58,6,0,27,17,23,9,14,0.5137614678899083,0.01662803441286087,0.028251832351088524,0.02740090899169445,0.01003552507609129,0.0,0.054589323699474335,0.2814917266368866,0.0004597836232278496,0.019886378198862076,0.0,0.032210465520620346,0.2139180302619934,0.07569588720798492,0.0340069904923439,0.12316965311765671,0.03804691508412361,0.026679717004299164,0.00882438663393259,0.007998679764568806,0.0007057658513076603,1,160,2.5757035527761882,32,34,94,30039.990234375,0.31221356987953186,0.1946232169866562,0.4288468360900879,0.321072518825531,0.1077742800116539,100,8,0,4,16,23,10,13,0.41875,0.027755098417401314,0.0260971337556839,0.06431635469198227,0.047161731868982315,0.019606418907642365,0.0923452153801918,0.21991561353206635,0.015429062768816948,0.030565958470106125,,0.03438925743103027,0.10115693509578705,0.06841912865638733,0.03660133108496666,0.09906978905200958,0.047363102436065674,0.05415806919336319,,0.004908950999379158,0.010740836150944233,-51,0.14605621836904792,-3,-9,-39,-2609.8203125,-0.04247590899467468,-0.04222063720226288,0.12161201238632202,-42,-2,0,23,1,1,0.09501146788990827
g4337.t1,XP_069268837.1,0.9549,51.5,1,204,2.2264776515908244,110,21,73,24002.69140625,0.23583896458148956,0.2030280977487564,0.531929075717926,0.5182676911354065,0.013661406002938747,167,13,3,77,33,32,2,30,0.3235294117647059,0.029951272532343864,0.004374710377305746,0.029203837737441063,0.05269434303045273,0.03479096665978432,0.00013135967310518026,0.22880634665489197,0.013530046679079533,0.03814544528722763,0.0,0.014321270398795605,0.28946131467819214,0.01850765384733677,0.06775073707103729,0.061016395688056946,0.0436449758708477,0.04745655506849289,0.0,0.01908825896680355,0.007124491035938263,1,203,2.2004902268167763,106,21,76,23748.71484375,0.20501890778541565,0.1740364134311676,0.6154466867446899,0.48189976811408997,0.1335468739271164,170,11,0,103,29,31,8,23,0.31527093596059114,0.03578701615333557,0.01886270008981228,0.005497996229678392,0.020786873996257782,0.027295006439089775,0.10471219569444656,0.30173537135124207,0.028834672644734383,0.02280002273619175,0.0,0.016595561057329178,0.1801644116640091,0.041947267949581146,0.03586491942405701,0.031516872346401215,0.05261820927262306,0.018802613019943237,0.0,0.0,0.056178271770477295,1,0.02598742477404814,4,0,-3,253.9765625,0.030820056796073914,0.028991684317588806,-0.08351761102676392,-3,2,3,-26,4,7,0.008258475804114762
g18246.t1,XP_069267435.1,0.9542,75.4,1,151,2.024442043339488,36,36,79,22806.216796875,0.25544631481170654,0.16739384829998016,0.5771598219871521,0.4468950033187866,0.13026483356952667,100,8,3,38,9,21,10,11,0.304635761589404,0.03732724487781525,0.008272933773696423,0.0,0.0,0.0004244298324920237,0.06955000758171082,0.2552477717399597,0.060714833438396454,0.07055679708719254,0.0,0.026162164285779,0.1916472464799881,0.06391150504350662,0.029125316068530083,0.045976672321558,0.03285219520330429,0.08620937913656235,,0.019757898524403572,0.0022636258509010077,1,152,2.0633976035480184,31,34,87,23288.134765625,0.25888919830322266,0.09708940237760544,0.6024492979049683,0.47817009687423706,0.12427918612957001,104,4,1,21,13,20,6,14,0.28289473684210525,0.05179519206285477,0.0202418714761734,0.04157209023833275,0.0020782339852303267,0.0,0.03926316276192665,0.3123251795768738,0.08501601219177246,0.03335195407271385,0.0,0.017824562266469002,0.1658449023962021,0.03006511740386486,0.0,0.08078406006097794,0.025671010836958885,0.08199052512645721,,0.010652040131390095,0.0015240382635965943,-1,-0.038955560208530304,5,2,-8,-481.91796875,-0.0034428834915161133,0.07030444592237473,-0.025289475917816162,-4,4,2,17,-4,-3,0.02174102474729872
g18248.t1,XP_069272532.1,0.9529,58.3,1,550,3.1460266816251785,266,93,191,43479.7578125,0.20037256181240082,0.1448494791984558,0.6263962984085083,0.3509387969970703,0.2754575312137604,480,70,10,97,-2,53,37,16,0.22181818181818183,0.02453554794192314,0.02172616496682167,0.02838156744837761,0.023655438795685768,0.03557591885328293,0.21450333297252655,0.10590158402919769,0.06095419451594353,0.04576003551483154,0.0,0.001527915126644075,0.24503719806671143,0.03889322653412819,0.013418666087090969,0.03567036613821983,0.026840783655643463,0.054390888661146164,0.0034135684836655855,0.01981353759765625,0.0,1,544,3.1064598977125004,265,87,192,43731.1796875,0.20321442186832428,0.2753628194332123,0.510116457939148,0.2506778836250305,0.2594386041164398,432,68,10,44,-4,41,31,10,0.20404411764705882,0.03293294087052345,0.055200956761837006,0.011306206695735455,0.031301338225603104,0.02021876536309719,0.20633317530155182,0.10371220111846924,0.053105428814888,0.025180848315358162,0.0,0.00836710911244154,0.1469656527042389,0.025167394429445267,0.02938058041036129,0.010698298923671246,0.13701456785202026,0.07056166231632233,0.014525107108056545,0.01802765391767025,0.0,6,0.039566783912678094,1,6,-1,-251.421875,-0.002841860055923462,-0.13051334023475647,0.11627984046936035,48,2,0,53,2,6,0.01777406417112301
g11062.t1,XP_069272112.1,0.9482,61.7,1,419,2.361187925480142,179,79,161,28696.703125,0.17723339796066284,0.31956005096435547,0.5020822286605835,0.2935865819454193,0.2084956169128418,384,49,4,485,-10,22,26,-4,0.19809069212410502,0.00966950599104166,0.03734462335705757,0.0011243614135310054,0.038843944668769836,0.07596263289451599,0.11864497512578964,0.12181055545806885,0.08985062688589096,0.05519191175699234,0.0,0.03503473475575447,0.17177604138851166,0.046243518590927124,0.06624173372983932,0.02717622183263302,0.04978441819548607,0.01243675872683525,0.0020238503348082304,0.04061472415924072,0.0002248722594231367,1,438,2.384985113698853,181,82,175,30657.1953125,0.18905481696128845,0.3439876139163971,0.4657186269760132,0.3080539107322693,0.1576647013425827,386,59,2,374,-4,28,21,7,0.182648401826484,0.05267718434333801,0.11222343146800995,0.0012389342300593853,0.011156072840094566,0.131373792886734,0.06788383424282074,0.1886429637670517,0.08978086709976196,0.07029785215854645,0.0,0.0010380629682913423,0.11941096186637878,0.04497808963060379,0.02606196142733097,0.029224786907434464,0.002992499154061079,0.03904704377055168,0.0,0.0070250858552753925,0.004946560598909855,-19,-0.023797188218710907,-2,-3,-14,-1960.4921875,-0.01182141900062561,-0.024427562952041626,0.03636360168457031,-2,-10,2,111,-6,-11,0.015442290297621009
g10690.t1,XP_069265903.1,0.9477,50.2,1,187,2.1213994932845908,39,81,67,21746.30859375,0.17932699620723724,0.06933891773223877,0.7138857245445251,0.606195330619812,0.10769044607877731,137,20,1,45,20,32,7,25,0.2620320855614973,0.007576662115752697,0.011864127591252327,0.03744833916425705,0.01394698116928339,0.0036247367970645428,0.06209946796298027,0.2718636393547058,0.04559096321463585,0.002626724075525999,0.0,0.0,0.3343316614627838,0.036586564034223557,0.007858047261834145,0.014085204340517521,0.04336528480052948,0.05657052993774414,0.029343824833631516,0.019585121423006058,0.0016320934519171715,1,191,2.0886938431016793,39,85,67,21951.833984375,0.1671658158302307,0.0943988785147667,0.6677197217941284,0.5075662732124329,0.16015349328517914,151,19,0,15,10,26,9,17,0.24607329842931938,0.023449335247278214,0.000881897984072566,0.07071549445390701,0.015533281490206718,0.016804944723844528,0.10665537416934967,0.24594497680664062,0.05349813029170036,0.0369483157992363,0.0,0.0032101687975227833,0.26162126660346985,0.03136585280299187,0.03266436979174614,0.010288809426128864,0.0038891807198524475,0.04538000002503395,,0.03159799054265022,0.009550542570650578,-4,0.032705650182911494,0,-4,0,-205.525390625,0.01216118037700653,-0.025059960782527924,0.04616600275039673,-14,1,1,30,10,8,0.015958787132177937
g8504.t2,XP_069269637.1,0.9476,70.6,1,698,4.143144801139897,290,111,297,55399.51953125,0.1499190330505371,0.20841966569423676,0.6033775210380554,0.3727097809314728,0.23066772520542145,603,70,0,205,-1,56,50,6,0.19627507163323782,0.020565493032336235,0.009747013449668884,0.0382838137447834,0.00996926799416542,0.040342800319194794,0.20337557792663574,0.1395009458065033,0.027292149141430855,0.044258393347263336,0.0014156568795442581,0.011336428113281727,0.23320883512496948,0.02660437487065792,0.05527980625629425,0.023468632251024246,0.04603957384824753,0.012950246222317219,0.0006988969398662448,0.038364432752132416,0.01729769818484783,1,525,3.0154734196524102,191,111,223,42285.28125,0.2888740599155426,0.20420987904071808,0.5043411254882812,0.2924800515174866,0.21186113357543945,460,43,0,159,-14,27,31,-4,0.2057142857142857,0.06378788501024246,0.017485065385699272,0.002574911341071129,0.021405577659606934,0.07393110543489456,0.14298206567764282,0.19969511032104492,0.06887904554605484,0.04410463199019432,,0.007734083570539951,0.09278496354818344,0.020213665440678596,0.041846804320812225,0.048439037054777145,0.019108187407255173,0.039553117007017136,,0.04186469316482544,0.05361009016633034,173,1.1276713814874868,99,0,74,13114.23828125,-0.1389550268650055,0.004209786653518677,0.09903639554977417,143,27,0,46,13,10,-0.009439214081047892
g13233.t1,XP_069270725.1,0.9466,73.4,1,196,1.8827831557396033,69,46,81,22115.73828125,0.2593945264816284,0.21583223342895508,0.5000346302986145,0.317759245634079,0.18227538466453552,156,22,9,95,1,17,10,7,0.2602040816326531,0.023637643083930016,0.025879913941025734,0.024738680571317673,0.0036473418585956097,0.004704727791249752,0.14023412764072418,0.22099830210208893,0.042041242122650146,0.0206465944647789,0.009752035140991211,0.00889573059976101,0.09676097333431244,0.03340965136885643,0.08011862635612488,0.11374110728502274,0.06583458930253983,0.046363465487957,0.0,0.037736568599939346,0.0008587312768213451,1,199,1.8367830874282065,70,46,83,22895.86328125,0.3844062387943268,0.15853264927864075,0.4410093128681183,0.293226957321167,0.14778240025043488,163,20,6,110,2,15,11,4,0.271356783919598,0.05704432725906372,0.021126706153154373,0.01605178415775299,0.005633694585412741,0.030270908027887344,0.10328880697488785,0.09376610815525055,0.04449357092380524,0.020609168335795403,0.0048489999026060104,0.008285081014037132,0.19946083426475525,0.060455821454524994,0.027374928817152977,0.028735371306538582,0.04601684957742691,0.1836051195859909,0.0,0.045994967222213745,0.0029368861578404903,-3,0.0460000683113968,-1,0,-2,-780.125,-0.12501171231269836,0.05729958415031433,0.059025317430496216,-7,2,3,-15,-1,3,-0.011152702286944927
g14424.t1,XP_069267515.1,0.9451,64.4,1,128,2.1174080204807844,38,46,44,22751.9140625,0.2065204381942749,0.17737969756126404,0.5962307453155518,0.47851720452308655,0.1177135780453682,100,24,0,9,9,22,9,13,0.3515625,0.027695370838046074,0.017868155613541603,0.019869090989232063,0.0015599570469930768,0.025164904072880745,0.09511515498161316,0.18353426456451416,0.022598421201109886,0.008367042057216167,0.0,,0.2949829399585724,0.019712185487151146,0.0065461499616503716,0.035028126090765,0.1194334402680397,0.07819835841655731,0.0,0.017285175621509552,0.02704126201570034,1,114,1.8913512379420276,39,45,30,18085.1875,0.17662924528121948,0.19314835965633392,0.6122351288795471,0.42350077629089355,0.18873433768749237,99,17,1,0,4,17,9,8,0.37719298245614036,0.004460205789655447,0.00214089872315526,0.017987286671996117,0.011774942278862,0.07660587877035141,0.11097835749387741,0.20297332108020782,0.07775599509477615,0.04468690976500511,0.0,0.024939987808465958,0.22052742540836334,0.019624905660748482,0.041287861764431,0.032093144953250885,0.0034868158400058746,0.06791411340236664,0.0,0.009625909850001335,0.031136024743318558,14,0.22605678253875672,-1,1,14,4666.7265625,0.02989119291305542,-0.015768662095069885,-0.01600438356399536,1,7,-1,9,5,5,-0.025630482456140358
g11355.t1,XP_069267279.1,0.9445,55.1,1,220,1.9654968528649903,71,52,97,21077.068359375,0.1808115839958191,0.2630024552345276,0.5548344254493713,0.38975587487220764,0.1650785505771637,198,26,3,112,3,21,14,7,0.24545454545454545,0.013777492567896843,0.004129758104681969,0.0013515488244593143,0.001530832494609058,0.023420779034495354,0.05357879400253296,0.04430197551846504,0.11149974912405014,0.05743618682026863,0.0071318200789391994,0.041010912507772446,0.3454539477825165,0.08545439690351486,0.06796625256538391,0.0024493320379406214,0.06190674751996994,0.07759951055049896,0.0,0.0,0.0,1,225,1.996346298922875,69,54,102,21875.1953125,0.25610384345054626,0.2933571934700012,0.44630637764930725,0.2294919639825821,0.21681435406208038,218,24,0,124,-5,15,13,2,0.24888888888888888,0.05489811301231384,0.016817664727568626,0.004232560750097036,0.013854256831109524,0.012875574640929699,0.1764565110206604,0.04796747490763664,0.04035785794258118,0.07254742085933685,0.0,0.03416432812809944,0.18152451515197754,0.06295471638441086,0.07029467076063156,0.0060474150814116,0.0866575539112091,0.0900532603263855,0.0,0.027287116274237633,0.0010089464485645294,-5,-0.030849446057884755,2,-2,-5,-798.126953125,-0.07529225945472717,-0.030354738235473633,0.10852804780006409,-20,2,3,-12,8,5,-0.0034343434343434287
g11756.t1,XP_069266165.1,0.9431,34.9,1,134,1.8975037254834155,58,23,53,19460.09375,0.40138357877731323,0.25209930539131165,0.33398672938346863,0.2036444991827011,0.1303422451019287,108,9,0,106,2,13,8,5,0.3582089552238806,0.0,0.009020895697176456,0.012530367821455002,0.009940632618963718,0.016112633049488068,0.07680653035640717,0.15223559737205505,0.05353568494319916,0.03319036588072777,0.0,0.1152421236038208,0.05140890181064606,0.10953167080879211,0.02376524917781353,0.040455982089042664,0.054768018424510956,0.04946776106953621,0.14444735646247864,0.000994819332845509,0.04654534161090851,1,181,2.994958686008929,36,24,121,39351.375,0.3572455644607544,0.25471818447113037,0.35644644498825073,0.28178757429122925,0.07465891540050507,89,12,0,27,13,21,9,12,0.580110497237569,0.030171649530529976,0.0060541569255292416,0.031589776277542114,0.03964334353804588,0.06313705444335938,0.07457879185676575,0.21600988507270813,8.012390753719956e-05,0.07034915685653687,0.0162848848849535,0.009063862264156342,0.06577768921852112,0.033857591450214386,0.04861108958721161,0.06596317142248154,0.04121797904372215,0.04557336866855621,0.018887121230363846,0.07233282923698425,0.05081653222441673,-47,-1.0974549605255133,22,-1,-68,-19891.28125,0.04413801431655884,-0.0026188790798187256,-0.022459715604782104,19,-3,0,79,-11,-7,-0.22190154201368845
g297.t1,XP_069267781.1,0.942,33.4,1,371,2.0730140808750215,160,55,156,23958.78125,0.13704881072044373,0.20721741020679474,0.6218618154525757,0.4393329918384552,0.18252883851528168,346,39,10,221,4,29,22,7,0.1725067385444744,0.008349584415555,0.01704944297671318,0.033871959894895554,0.00094269507098943,0.03519299998879433,0.12373329699039459,0.021028490737080574,0.05879553407430649,0.007780198939144611,0.0,0.0167193952947855,0.4183045029640198,0.01831521838903427,0.03457609936594963,0.012239684350788593,0.09589928388595581,0.06286059319972992,0.0,0.034341033548116684,0.0,1,372,2.0747689817700636,162,56,154,24119.36328125,0.2498181313276291,0.2393593043088913,0.5085917711257935,0.27600765228271484,0.2325841337442398,353,48,2,190,-9,25,29,-4,0.1935483870967742,0.04870166257023811,0.021086672320961952,0.0022309122141450644,0.0014715151628479362,0.026555323973298073,0.12328033149242401,0.07950417697429657,0.109303779900074,0.04701791703701019,0.0,0.0013072426663711667,0.1965034455060959,0.025015756487846375,0.05535592511296272,0.09133069217205048,0.0880362018942833,0.08329848945140839,0.0,0.0,0.0,-1,-0.0017549008950421552,-2,-1,2,-160.58203125,-0.11276932060718536,-0.03214189410209656,0.11327004432678223,-7,-9,8,31,13,11,-0.021041648552299785
g16599.t1,XP_069264710.1,0.9405,62.6,1,111,1.370954604937526,55,20,36,14863.111328125,0.23938480019569397,0.23204532265663147,0.5285698771476746,0.47354772686958313,0.05502215027809143,104,7,3,49,11,17,5,12,0.24324324324324326,0.027786774560809135,0.001060674898326397,0.0,0.0,0.032275572419166565,0.013808570802211761,0.12836645543575287,0.04121357575058937,0.0036904311273247004,0.0,0.11401324719190598,0.34518125653266907,0.005210020113736391,0.01138492114841938,0.05492229387164116,0.06962050497531891,0.12042268365621567,,0.02018882893025875,0.010854208841919899,1,106,1.3738211454929479,49,19,38,14950.6572265625,0.38742005825042725,0.09309661388397217,0.5055046677589417,0.4316718876361847,0.07383283227682114,86,3,3,0,8,14,7,7,0.3113207547169811,0.04941914975643158,0.003163391724228859,0.013978595845401287,0.0,0.029790682718157768,0.012442675419151783,0.062450308352708817,0.06139015778899193,0.00902970414608717,0.0,0.03681343421339989,0.36922159790992737,0.037983089685440063,0.01429941225796938,0.12223804742097855,,0.14713434875011444,,0.020718049257993698,0.009927399456501007,5,-0.0028665405554217926,6,1,-2,-87.5458984375,-0.14803525805473328,0.1389487087726593,0.02306520938873291,18,4,0,49,3,5,-0.06807751147373786
g1082.t1,XP_069269377.1,0.9404,59.2,1,185,2.5258546201278564,48,43,94,28348.470703125,0.16636575758457184,0.08881130814552307,0.6678089499473572,0.5551813840866089,0.11262751370668411,138,15,8,11,23,31,10,21,0.31891891891891894,0.02845432236790657,0.02441323734819889,0.07701397687196732,0.005121778231114149,0.011606411077082157,0.11017542332410812,0.20386257767677307,0.002452083397656679,0.01699439249932766,0.0,0.02787378802895546,0.3513188362121582,0.045299284160137177,0.0041277119889855385,0.0,0.0037957660388201475,0.04393208399415016,0.00022763459128327668,0.021819185465574265,0.021511467173695564,1,187,2.555758992109267,73,49,65,25921.181640625,0.17265412211418152,0.22195225954055786,0.5175198316574097,0.42107757925987244,0.09644223749637604,151,10,0,17,21,28,7,21,0.32620320855614976,0.0762414038181305,0.04008032754063606,0.08787381649017334,0.018744684755802155,0.023672224953770638,0.040791105479002,0.30951130390167236,0.05565112829208374,0.04165548086166382,0.0,0.04459993168711662,0.11156630516052246,0.022405549883842468,0.010010043159127235,0.00024895055685192347,0.061934251338243484,0.02963193878531456,0.002240555128082633,0.023141050711274147,0.0,-2,-0.029904371981410716,-25,-6,29,2427.2890625,-0.00628836452960968,-0.1331409513950348,0.1502891182899475,-13,5,8,-6,2,0,-0.007284289637230823
g7573.t2,XP_069272655.1,0.9387,56.9,1,297,2.7195429221342686,128,31,138,34608.01953125,0.16389073431491852,0.3022613823413849,0.5317035913467407,0.35679081082344055,0.17491279542446136,232,32,0,187,34,43,17,26,0.26936026936026936,0.015340633690357208,0.004455966409295797,0.0021443169098347425,0.03519462049007416,0.02716919407248497,0.13908034563064575,0.06630261242389679,0.035832442343235016,0.002051085699349642,0.0,0.04757744073867798,0.29048821330070496,0.013518519699573517,0.08836228400468826,0.013586243614554405,0.1326453685760498,0.03819870203733444,,0.011467433534562588,0.03658458590507507,1,300,2.593051347790237,138,37,125,32781.421875,0.16781200468540192,0.14023692905902863,0.6824457049369812,0.28351542353630066,0.39893028140068054,257,40,0,229,8,34,34,0,0.24333333333333335,0.051523420959711075,0.012951849028468132,0.009505371563136578,0.0030467198230326176,0.023191411048173904,0.2954604923725128,0.12466806918382645,0.10346980392932892,0.007726291660219431,,0.05776883661746979,0.1588473618030548,0.0218505859375,0.017513765022158623,0.005348358303308487,0.021084783598780632,0.03614314645528793,0.0,0.024508090689778328,0.025391677394509315,-3,0.12649157434403158,-10,-6,13,1826.59765625,-0.0039212703704833984,0.16202445328235626,-0.15074211359024048,-25,-8,0,-42,26,26,0.02602693602693601
g12290.t1,XP_069269769.1,0.9365,52.8,1,156,2.478647148409182,61,19,76,28795.35546875,0.46132615208625793,0.18214641511440277,0.3107251226902008,0.270952433347702,0.03977271541953087,98,8,0,84,16,20,5,15,0.391025641025641,0.008515870198607445,0.005826297216117382,0.045802321285009384,0.0,0.053012605756521225,0.03778134286403656,0.1960073560476303,0.001991370925679803,0.03657899051904678,0.008965147659182549,0.0012044596951454878,0.07494505494832993,0.12069057673215866,0.05270485207438469,0.1173195093870163,0.023854048922657967,0.07929869741201401,0.008959812112152576,0.08208048343658447,0.04446122795343399,1,146,1.6356319992340473,71,18,57,17364.7890625,0.12513963878154755,0.24242433905601501,0.5886393785476685,0.3319065570831299,0.2567328214645386,120,14,0,81,4,19,10,9,0.3150684931506849,0.006874959450215101,0.059253741055727005,0.04379661753773689,0.0,0.0602242685854435,0.2205996960401535,0.18461644649505615,0.03613312914967537,0.02192130871117115,,0.0,0.14729012548923492,0.033817362040281296,0.014229589141905308,0.021553924307227135,0.08679544180631638,0.050461091101169586,0.005388481076806784,0.007043824065476656,0.0,10,0.8430151491751345,-10,1,19,11430.56640625,0.3361865133047104,-0.060277923941612244,-0.27791425585746765,-22,-6,0,3,12,6,0.07595714787495611
g7743.t1,XP_069266756.1,0.9362,41.5,1,503,3.887454739699156,171,99,233,58581.94140625,0.16091705858707428,0.3280367851257324,0.5110461115837097,0.2706053555011749,0.24044078588485718,406,61,2,171,-5,55,51,4,0.32803180914512925,0.026732327416539192,0.013824592344462872,0.0,0.0016961010405793786,0.015885312110185623,0.1643960028886795,0.031097067520022392,0.07604479789733887,0.1417854130268097,0.0,0.0028175690677016973,0.2395082712173462,0.06591610610485077,0.059301432222127914,0.007604287937283516,0.09442248195409775,0.02933969534933567,0.01740134507417679,0.008812397718429565,0.0034148043487221003,1,139,2.333186583792851,9,43,87,22489.4609375,0.4653055667877197,0.16380517184734344,0.36098986864089966,0.19093160331249237,0.1700582653284073,97,17,1,79,-4,12,12,0,0.4028776978417266,0.019687097519636154,0.03481533005833626,0.009899378754198551,0.0014314217260107398,0.023407036438584328,0.07358496636152267,0.13829873502254486,0.09647328406572342,0.02327992022037506,0.0,0.0,0.052632857114076614,0.07414744049310684,0.03155721724033356,0.18897901475429535,0.0507456511259079,0.08321730047464371,0.0012884950265288353,0.018937941640615463,0.0776168704032898,364,1.5542681559063052,162,56,146,36092.48046875,-0.30438850820064545,0.16423161327838898,0.15005624294281006,309,44,1,92,-1,4,-0.07484588869659736
g11087.t1,XP_069271133.1,0.9335,86.4,1,103,2.274646028889123,49,0,54,22393.53125,0.2290414720773697,0.12820476293563843,0.6029806733131409,0.5717524886131287,0.031228255480527878,71,10,0,20,18,24,4,20,0.42718446601941745,0.04209933802485466,0.061176322400569916,0.039773084223270416,0.021468494087457657,0.022122763097286224,0.02653590217232704,0.2536715567111969,0.004692354239523411,0.004610683303326368,,0.034028712660074234,0.3180809020996094,0.010518120601773262,0.001554237212985754,0.05518411099910736,0.00471204798668623,0.09375931322574615,,0.0022659229580312967,0.0037461803294718266,1,103,2.285958196581492,49,0,54,22512.58984375,0.18976078927516937,0.17352160811424255,0.6003079414367676,0.5687237977981567,0.03158411383628845,72,9,0,21,18,24,4,20,0.4368932038834951,0.009315920993685722,0.087086521089077,0.03640966862440109,0.0008599311695434153,0.009315472096204758,0.025649547576904297,0.2566835880279541,0.005934562534093857,0.034500911831855774,,0.03637299686670303,0.31204020977020264,0.010462494567036629,0.0,0.027035551145672798,0.00624568946659565,0.12130524963140488,,0.014475507661700249,0.006306161638349295,0,-0.01131216769236909,0,0,0,-119.05859375,0.03928068280220032,-0.045316845178604126,0.002672731876373291,-1,1,0,-1,0,0,-0.009708737864077666
g8731.t1,XP_069270036.1,0.9327,24.3,1,204,2.1209919773537687,98,32,74,23047.4296875,0.3188368082046509,0.3746495544910431,0.22069133818149567,0.1613880842924118,0.05930325388908386,174,12,50,214,-4,10,11,-1,0.27450980392156865,0.002930339192971587,0.006971070077270269,0.08582233637571335,0.01707950234413147,0.08728010207414627,0.029152069240808487,0.07462335377931595,0.030151188373565674,0.040674541145563126,0.019718466326594353,0.0,0.08676473051309586,0.03191268444061279,0.1092865988612175,0.09003928303718567,0.1107187569141388,0.06927397102117538,0.00246406439691782,0.0001399959292029962,0.1049969419836998,1,300,4.050770099083942,167,34,99,36109.71484375,0.2216377854347229,0.2234734296798706,0.5314240455627441,0.29960107803344727,0.23182295262813568,263,20,41,83,-11,26,30,-4,0.3233333333333333,0.022163299843668938,0.016093678772449493,0.02346472628414631,0.04217507317662239,0.03909869119524956,0.15212249755859375,0.1892673671245575,0.07970046252012253,0.01652640849351883,0.0008144627208821476,0.045557256788015366,0.11033369600772858,0.03611473739147186,0.03835494816303253,0.027870288118720055,0.0670280009508133,0.028125401586294174,0.007108897436410189,0.018317561596632004,0.03976251184940338,-96,-1.9297781217301733,-69,-2,-25,-13062.28515625,0.09719902276992798,0.15117612481117249,-0.3107327073812485,-89,-8,9,131,7,3,-0.048823529411764655
g3004.t1,XP_069266852.1,0.9318,60.0,1,110,1.6000043424900363,10,51,49,17625.23828125,0.15378043055534363,0.27052709460258484,0.5338677167892456,0.525459885597229,0.00840784888714552,75,2,0,59,24,20,2,18,0.3,0.0,0.002363137435168028,0.041824761778116226,0.0050840554758906364,0.060516759753227234,0.0055456021800637245,0.22046642005443573,0.0028622462414205074,0.027138803154230118,0.0,0.058120232075452805,0.3049934506416321,0.026544276624917984,0.06873379647731781,0.002929023699834943,0.05365437641739845,0.06539620459079742,0.0,0.053826864808797836,0.0,1,109,1.5530184413687973,9,58,42,17489.634765625,0.1966942697763443,0.19395101070404053,0.5747329592704773,0.4709136188030243,0.1038193330168724,72,3,0,73,17,16,5,11,0.3302752293577982,0.0,0.02411836013197899,0.034621767699718475,0.0,0.03992657735943794,0.07120956480503082,0.3173035681247711,0.03260975703597069,0.018804682418704033,,0.00036896669189445674,0.15361005067825317,0.025643184781074524,0.10585863143205643,0.010515550151467323,0.004873768426477909,0.0916888639330864,0.0,0.06377366930246353,0.005073003005236387,1,0.046985901121239015,1,-7,7,135.603515625,-0.04291383922100067,0.07657608389854431,-0.04086524248123169,3,-1,0,-14,7,7,-0.030275229357798195
g15161.t1,XP_069272133.1,0.9296,67.7,1,833,3.8714640830682376,327,138,368,69203.5859375,0.21048109233379364,0.2842336595058441,0.5052852630615234,0.25953903794288635,0.24574624001979828,674,89,12,297,-15,59,55,4,0.19447779111644659,0.005993233527988195,0.016382284462451935,0.0,0.0025176946073770523,0.032068248838186264,0.13160359859466553,0.12159688770771027,0.11414264142513275,0.018935419619083405,0.0,0.027139006182551384,0.1379421353340149,0.04584807902574539,0.03385915607213974,0.022167500108480453,0.15584951639175415,0.06091863662004471,0.01053701713681221,0.03321496397256851,0.029283961281180382,1,819,3.672593798058215,335,138,346,59773.73046875,0.24221397936344147,0.19989560544490814,0.5418856143951416,0.21601463854312897,0.32587096095085144,690,80,5,274,-31,50,61,-11,0.18192918192918192,0.0426328182220459,0.02120831608772278,0.01600474677979946,0.03251491114497185,0.054939813911914825,0.17239625751972198,0.13375334441661835,0.15347474813461304,0.017730558291077614,0.0,0.027671756222844124,0.08226130902767181,0.01933796890079975,0.02614348940551281,0.01498656440526247,0.05220166966319084,0.07363099604845047,0.006531499791890383,0.014393853023648262,0.03818536922335625,14,0.19887028501002257,-8,0,22,9429.85546875,-0.03173288702964783,0.08433805406093597,-0.036600351333618164,-16,9,7,23,16,15,0.012548609187264664
g9659.t1,XP_069272440.1,0.9291,58.8,1,411,5.047028024967083,179,32,200,55979.94921875,0.14776694774627686,0.1657632440328598,0.6598882079124451,0.5649566650390625,0.09493153542280197,289,32,2,87,60,75,17,58,0.3284671532846715,0.018917890265583992,0.03661646321415901,0.026581596583127975,0.012795532122254372,0.01624291203916073,0.059811782091856,0.24479930102825165,0.03511975333094597,0.018380574882030487,0.008264079689979553,0.018571164458990097,0.32015737891197205,0.02134673111140728,0.021589025855064392,0.0242560226470232,0.04609902575612068,0.01919170282781124,0.008159319870173931,0.0221196748316288,0.02098006382584572,1,372,4.104615454490933,131,36,205,46119.9140625,0.21262522041797638,0.23956169188022614,0.5213947296142578,0.3945468068122864,0.12684793770313263,245,20,0,64,38,45,16,29,0.31451612903225806,0.045190270990133286,0.05709545686841011,0.026418473571538925,0.018307171761989594,0.02534535340964794,0.11822577565908432,0.16055168211460114,0.008622177876532078,0.034945376217365265,0.0,0.005986250005662441,0.23399513959884644,0.06714426726102829,0.028787894174456596,0.022588862106204033,0.08740134537220001,0.010914514772593975,0.01024552807211876,0.015777450054883957,0.022457139566540718,39,0.9424125704761499,48,-4,-5,9860.03515625,-0.06485827267169952,-0.07379844784736633,0.13849347829818726,44,12,2,23,22,29,0.013951024252413458
g11087.t1,XP_069269301.1,0.9286,86.4,1,103,2.274646028889123,49,0,54,22393.53125,0.2290414720773697,0.12820476293563843,0.6029806733131409,0.5717524886131287,0.031228255480527878,71,10,0,20,18,24,4,20,0.42718446601941745,0.04209933802485466,0.061176322400569916,0.039773084223270416,0.021468494087457657,0.022122763097286224,0.02653590217232704,0.2536715567111969,0.004692354239523411,0.004610683303326368,,0.034028712660074234,0.3180809020996094,0.010518120601773262,0.001554237212985754,0.05518411099910736,0.00471204798668623,0.09375931322574615,,0.0022659229580312967,0.0037461803294718266,1,103,2.303725395063837,49,0,54,22446.12890625,0.19518904387950897,0.17654690146446228,0.5918275117874146,0.5605810880661011,0.03124639205634594,71,9,0,18,18,24,4,20,0.44660194174757284,0.00948724988847971,0.09269477427005768,0.036436598747968674,0.0008624773472547531,0.009058837778866291,0.025862684473395348,0.25249722599983215,0.005383703857660294,0.033051349222660065,,0.035330723971128464,0.3080838620662689,0.01092471368610859,0.0,0.028125103563070297,0.006411205977201462,0.12537752091884613,,0.014662114903330803,0.005749849136918783,0,-0.02907936617471396,0,0,0,-52.59765625,0.03385242819786072,-0.04834213852882385,0.011153161525726318,0,1,0,2,0,0,-0.019417475728155387
g13230.t2,XP_069265299.1,0.9283,63.9,1,664,3.112250189716827,257,172,235,43306.078125,0.14197281002998352,0.23163534700870514,0.5955191254615784,0.31732073426246643,0.2781984508037567,610,91,0,275,-16,46,44,2,0.17620481927710843,0.02624952606856823,0.047905333340168,0.030872728675603867,0.00886616948992014,0.027041207998991013,0.22285126149654388,0.10222001373767853,0.05534714087843895,0.02919507771730423,0.0,0.03483595326542854,0.2151007056236267,0.04040049761533737,0.050241317600011826,0.011394263245165348,0.04241646081209183,0.029208898544311523,0.012516943737864494,0.006630999967455864,0.006705505773425102,1,674,3.484356556430658,267,169,238,54661.7578125,0.23153361678123474,0.1993740200996399,0.5249903202056885,0.2508334517478943,0.2741568982601166,600,72,0,202,-25,45,51,-6,0.2314540059347181,0.02556275576353073,0.05029555782675743,0.04410196840763092,0.015286773443222046,0.033247143030166626,0.15331345796585083,0.0837591215968132,0.12084345519542694,0.029171928763389587,0.0,0.02679968997836113,0.16707433760166168,0.03736959397792816,0.026333218440413475,0.052650246769189835,0.03352648392319679,0.04692922532558441,0.012749936431646347,0.00448608910664916,0.036498989909887314,-10,-0.3721063667138309,-10,3,-3,-11355.6796875,-0.08956080675125122,0.03226132690906525,0.07052880525588989,10,19,0,73,9,8,-0.05524918665760967
g3860.t1,XP_069272311.1,0.9281,43.7,1,528,3.024662746807705,266,79,183,39315.2109375,0.19939731061458588,0.17687927186489105,0.6143938899040222,0.3388661742210388,0.275527685880661,434,48,1,91,-6,41,34,7,0.20643939393939395,0.012177710421383381,0.018325144425034523,0.009329613298177719,0.008863414637744427,0.022500747814774513,0.11190186440944672,0.10442298650741577,0.1636258363723755,0.04934816434979439,0.0,0.013115501031279564,0.23444321751594543,0.02650817297399044,0.029454758390784264,0.051201481372117996,0.044134944677352905,0.08680687099695206,0.0,0.010392782278358936,0.0034468830563127995,1,582,3.2455982252214532,266,95,221,47742.37109375,0.20409159362316132,0.25003623962402344,0.5392915606498718,0.19822131097316742,0.3410702049732208,470,61,2,75,-27,35,47,-12,0.20446735395189003,0.014370408840477467,0.01204366609454155,0.006580668035894632,0.009799454361200333,0.045187853276729584,0.2228124737739563,0.08118905127048492,0.11825772374868393,0.04766809940338135,0.0,0.013274374417960644,0.1170322597026825,0.03858957812190056,0.04251556098461151,0.041056230664253235,0.08934667706489563,0.07104199379682541,0.01236758753657341,0.01290824543684721,0.003958089742809534,-54,-0.22093547841374805,0,-16,-38,-8427.16015625,-0.0046942830085754395,-0.07315696775913239,0.07510232925415039,-36,-13,-1,16,21,19,0.0019720399875039207
g16603.t3,XP_069267700.1,0.9261,68.5,1,727,4.248470445460001,258,135,334,68972.2109375,0.12098310887813568,0.2515506446361542,0.6217643618583679,0.27146828174591064,0.3502960801124573,681,142,5,454,-17,68,75,-7,0.24484181568088034,0.012165806256234646,0.005680397152900696,0.005701863672584295,0.007380488328635693,0.0159141942858696,0.27884796261787415,0.03359919413924217,0.07144814729690552,0.0527428574860096,0.0,0.014612728729844093,0.23786909878253937,0.0175798237323761,0.015451284125447273,0.020737426355481148,0.14714916050434113,0.031237225979566574,0.009955148212611675,0.012993215583264828,0.00893398653715849,1,703,4.12173134328274,271,135,297,60133.23046875,0.1857530027627945,0.1476009041070938,0.6628175377845764,0.23820388317108154,0.4246136546134949,618,111,0,374,-30,52,71,-19,0.22759601706970128,0.05673850700259209,0.010188139043748379,0.0038285839837044477,0.007154512219130993,0.0426805205643177,0.33881789445877075,0.030931567773222923,0.08579578250646591,0.03656378760933876,0.0,0.006720198318362236,0.20727230608463287,0.026506375521421432,0.03038877062499523,0.016924742609262466,0.021059487015008926,0.04265620559453964,0.009922393597662449,0.0024023151490837336,0.023447945713996887,24,0.12673910217726103,-13,0,37,8838.98046875,-0.06476989388465881,0.10394974052906036,-0.041053175926208496,63,31,5,80,13,12,0.01724579861117906
g8346.t1,XP_069267904.1,0.9248,54.4,1,231,2.7802152612774296,62,51,118,30962.802734375,0.10334102809429169,0.3642672896385193,0.5208820700645447,0.4743519425392151,0.04653015732765198,165,10,1,132,36,42,4,38,0.341991341991342,0.023201834410429,0.014552715234458447,0.01150957215577364,0.0,0.01390133984386921,0.02942247875034809,0.1970432549715042,0.017107678577303886,0.22966405749320984,0.00010553888569120318,0.0010254414519295096,0.2773086726665497,0.012504860758781433,0.013773642480373383,0.04474698752164841,0.09124457836151123,0.01705174520611763,0.0,0.0,0.005835601594299078,1,205,2.3674982785245606,63,51,91,24737.216796875,0.146817147731781,0.16653014719486237,0.6565385460853577,0.5629210472106934,0.0936174988746643,154,7,0,138,27,35,4,31,0.3024390243902439,0.0924370288848877,0.027264783158898354,0.030114082619547844,0.001956493128091097,0.05626210197806358,0.0931076630949974,0.27283409237861633,0.0005098367691971362,0.018886001780629158,,0.023592663928866386,0.2900869846343994,0.01793728955090046,0.020691797137260437,0.011999824084341526,0.019832786172628403,0.016747480258345604,0.0,0.0,0.005739046260714531,26,0.41271698275286894,-1,0,27,6225.5859375,-0.04347611963748932,0.19773714244365692,-0.135656476020813,11,3,1,-6,9,7,0.03955231760109812
g11863.t1,XP_069269371.1,0.9233,49.1,1,496,2.5830976233896292,203,85,208,33827.1171875,0.3025849461555481,0.24902601540088654,0.41083383560180664,0.21288159489631653,0.19795222580432892,431,59,6,400,-10,26,26,0,0.1935483870967742,0.010492176748812199,0.006485773250460625,0.03755522891879082,0.002148152096197009,0.032639503479003906,0.08783968538045883,0.08358890563249588,0.11011254042387009,0.04282873496413231,0.006955370772629976,0.000858450832311064,0.12929268181324005,0.06177366524934769,0.08306139707565308,0.08288602530956268,0.07619676738977432,0.05773934721946716,0.03778368607163429,0.009156809188425541,0.04060506820678711,1,477,2.815985181127002,220,81,176,36485.734375,0.19851292669773102,0.29619303345680237,0.46032804250717163,0.3244941234588623,0.13583388924598694,483,76,0,206,-8,34,24,10,0.20545073375262055,0.05000877380371094,0.0071913632564246655,0.04496603086590767,0.007325833663344383,0.09301792085170746,0.08415251225233078,0.19613021612167358,0.05168137326836586,0.04828767105937004,,0.03327511250972748,0.12836392223834991,0.016634948551654816,0.04749550670385361,0.038478199392557144,0.06692548096179962,0.061215464025735855,0.0,0.0004421654448378831,0.024407532066106796,19,-0.23288755773737257,-17,4,32,-2658.6171875,0.10407201945781708,-0.04716701805591583,-0.04949420690536499,-52,-17,6,194,-2,-10,-0.011902346655846358
g14823.t1,XP_069265586.1,0.9216,60.9,1,245,2.724753619006677,63,78,104,31516.515625,0.25102001428604126,0.15161371231079102,0.5934125185012817,0.5083645582199097,0.08504798263311386,185,17,3,103,24,38,15,23,0.2857142857142857,0.052505481988191605,0.019490525126457214,0.00395374046638608,0.07197694480419159,0.009083166718482971,0.06474605947732925,0.14134906232357025,0.02030191197991371,0.04077284038066864,0.0,0.014224683865904808,0.3670154809951782,0.005937829148024321,0.044156529009342194,0.0187578946352005,0.023885956034064293,0.06428726762533188,0.006329812575131655,0.0,0.03122478909790516,1,256,3.010891570595463,70,78,108,36359.90625,0.2558842599391937,0.13665983080863953,0.6018804907798767,0.4743672013282776,0.12751327455043793,215,31,0,40,23,40,18,22,0.3203125,0.006610926240682602,0.02664853446185589,0.005575377028435469,0.06506231427192688,0.038379885256290436,0.08793002367019653,0.19723258912563324,0.0395832434296608,0.017606206238269806,0.0,0.0006130813853815198,0.27713465690612793,0.008305062539875507,0.035479478538036346,0.06834098696708679,0.017932627350091934,0.060269054025411606,0.0058567821979522705,0.024401232600212097,0.01703791134059429,-11,-0.2861379515887861,-7,0,-4,-4843.390625,-0.004864245653152466,0.01495388150215149,-0.00846797227859497,-30,-14,3,63,1,1,-0.0345982142857143
g6389.t1,XP_069272074.1,0.9209,67.1,1,192,2.149721056718171,79,47,66,23449.904296875,0.20985665917396545,0.22505398094654083,0.5475218892097473,0.3181656301021576,0.22935627400875092,167,35,2,88,-3,17,21,-4,0.2916666666666667,0.018002742901444435,0.006429235450923443,0.017567439004778862,0.012383383698761463,0.03335541859269142,0.12531495094299316,0.23629440367221832,0.10404133051633835,0.02722105383872986,0.0034837876446545124,0.00920889899134636,0.08187123388051987,0.0026142699643969536,0.07763946801424026,0.10284537076950073,0.06771612167358398,0.028914853930473328,0.0,0.012793025933206081,0.03230302035808563,1,213,2.6018525020281684,72,46,95,30813.287109375,0.33844926953315735,0.28502896428108215,0.3653593361377716,0.17549675703048706,0.18986257910728455,165,34,8,104,-8,16,21,-5,0.37089201877934275,0.044314026832580566,0.017745288088917732,0.011162454262375832,0.04823202267289162,0.06444762647151947,0.10979866236448288,0.10294385254383087,0.08006392419338226,0.0019585087429732084,0.04548387974500656,0.03580504283308983,0.0725528821349144,0.04853423312306404,0.029670780524611473,0.0027225331868976355,0.08991784602403641,0.14239715039730072,,0.033296290785074234,0.018953019753098488,-21,-0.4521314453099974,7,1,-29,-7363.3828125,-0.1285926103591919,-0.05997498333454132,0.1821625530719757,2,1,-6,-16,5,1,-0.07922535211267606
g16310.t1,XP_069270976.1,0.9186,49.8,1,435,2.320556812092378,166,89,180,30792.310546875,0.1490073800086975,0.3049319386482239,0.5047375559806824,0.28843241930007935,0.21630510687828064,403,44,11,74,4,24,17,7,0.18620689655172415,0.016748085618019104,0.021323151886463165,0.04132314398884773,0.014326762408018112,0.021403977647423744,0.16144688427448273,0.08392966538667679,0.05485822260379791,0.048811379820108414,0.0,0.03864015266299248,0.20450274646282196,0.041468244045972824,0.02434893697500229,0.013621940277516842,0.15040434896945953,0.04029974713921547,0.009568474255502224,0.008592300117015839,0.004381823353469372,1,423,2.154116358239763,186,87,150,26877.77734375,0.18212491273880005,0.24713332951068878,0.5510439276695251,0.35634276270866394,0.1947011798620224,397,44,13,59,3,24,17,7,0.15839243498817968,0.0052655646577477455,0.028636202216148376,0.019697852432727814,0.012184391729533672,0.032343387603759766,0.14232419431209564,0.13764241337776184,0.05237696319818497,0.07575443387031555,0.0,0.0008403159445151687,0.2187003344297409,0.021106047555804253,0.05337190628051758,0.06476651877164841,0.05618707463145256,0.07077031582593918,0.006722527090460062,0.0,0.0013095489703118801,12,0.1664404538526152,-20,2,30,3914.533203125,-0.03311753273010254,0.057798609137535095,-0.04630637168884277,6,0,-2,15,1,0,0.027814461563544474
g215.t1,XP_069269475.1,0.9179,30.1,1,219,2.8489576263516634,81,73,65,27967.03125,0.2796042859554291,0.262187659740448,0.4582080543041229,0.26098212599754333,0.1972259134054184,202,21,1,69,-5,20,21,-1,0.3242009132420091,0.0013844356872141361,0.02115890383720398,0.0,0.0,0.029567372053861618,0.1498674601316452,0.04880722984671593,0.0473584309220314,0.034421149641275406,0.0,0.01867038570344448,0.2121748924255371,0.03261278569698334,0.10712172091007233,0.08809206634759903,0.051248110830783844,0.03448997437953949,0.005191633477807045,0.01565798558294773,0.10217541456222534,1,191,1.9376548360023398,64,71,56,20591.814453125,0.27685651183128357,0.2655213475227356,0.45762214064598083,0.3203137516975403,0.13730840384960175,192,20,7,100,6,20,14,6,0.29842931937172773,0.041177015751600266,0.010405397973954678,0.0,0.027694962918758392,0.13618236780166626,0.10683784633874893,0.18584999442100525,0.030470561236143112,0.018239933997392654,0.0068238042294979095,0.023968635126948357,0.13446377217769623,0.0641462504863739,0.025206850841641426,0.064854197204113,0.04469435662031174,0.025196239352226257,0.02863566391170025,0.021936701610684395,0.003215486416593194,28,0.9113027903493236,17,2,9,7375.216796875,0.002747774124145508,-0.0033336877822875977,0.0005859136581420898,10,1,-6,-31,-11,-7,0.025771593870281384
g2301.t2,XP_069271376.1,0.9155,43.4,1,450,3.420828569539247,50,183,217,37762.015625,0.19987498223781586,0.22768187522888184,0.5694558024406433,0.3676396608352661,0.2018161565065384,400,63,4,341,0,35,27,8,0.2111111111111111,0.04879758879542351,0.008602327667176723,0.002987298183143139,0.02225419320166111,0.07627369463443756,0.16987772285938263,0.06152698025107384,0.03193841129541397,0.016364118084311485,0.0,0.009235232137143612,0.306112676858902,0.018671376630663872,0.0390024334192276,0.016910163685679436,0.07820405811071396,0.039155472069978714,0.0,0.01350018847733736,0.04058600589632988,1,589,3.3228231402470443,78,186,325,63116.9921875,0.31359225511550903,0.22834640741348267,0.45673808455467224,0.24845026433467865,0.2082878053188324,437,68,1,323,-13,34,37,-3,0.28183361629881154,0.08625732362270355,0.008763584308326244,0.0013232894707471132,0.03410811349749565,0.06514710187911987,0.1384279429912567,0.09086427837610245,0.06985988467931747,0.058014869689941406,0.0,0.0,0.1575859934091568,0.08728698641061783,0.025894446298480034,0.004754167981445789,0.07052639126777649,0.04960468038916588,0.0,0.04365740343928337,0.007923613302409649,-139,0.0980054292922028,-28,-3,-108,-25354.9765625,-0.11371727287769318,-0.0006645321846008301,0.11271771788597107,-37,-5,3,18,13,11,-0.07072250518770043
g16757.t1,XP_069266537.1,0.915,66.1,1,197,2.4973801951512273,97,10,90,28808.484375,0.15957318246364594,0.19550150632858276,0.6088588833808899,0.4035293757915497,0.2053295075893402,152,15,0,39,19,30,17,13,0.3299492385786802,0.0024639968760311604,0.011800489388406277,0.0360664464533329,0.007478105835616589,0.08555056154727936,0.15148918330669403,0.15276320278644562,0.053840335458517075,0.02678734064102173,,0.04755733162164688,0.2507661283016205,0.029567964375019073,0.008345458656549454,0.05225507169961929,0.015460323542356491,0.0389733612537384,0.0,0.004367995075881481,0.024466685950756073,1,193,2.3825197460058414,101,10,82,27401.91796875,0.23458877205848694,0.10963378101587296,0.6443544626235962,0.3898366391658783,0.25451788306236267,148,19,0,22,16,28,17,11,0.32642487046632124,0.030962597578763962,0.026923129335045815,0.011422954499721527,0.0069471863098442554,0.02506099082529545,0.20384083688259125,0.2050880342721939,0.05067703500390053,0.019519107416272163,,0.034666601568460464,0.184748575091362,0.04592207819223404,0.0,0.029327163472771645,0.0034639553632587194,0.06899964809417725,0.0,0.0,0.05243011191487312,4,0.11486044914538596,-4,0,8,1406.56640625,-0.075015589594841,0.08586772531270981,-0.0354955792427063,4,-4,0,17,3,2,0.0035243681123589554
g19502.t2,XP_069268253.1,0.9141,41.2,1,350,2.146238970986476,17,174,159,25342.0859375,0.1676000952720642,0.23029498755931854,0.5847468972206116,0.40470603108406067,0.1800408810377121,311,30,55,330,1,26,17,9,0.19142857142857142,0.021154986694455147,0.0406024307012558,0.017358053475618362,0.005173664074391127,0.015147740021348,0.06353683769702911,0.0946972444653511,0.11650404334068298,0.029558083042502403,0.0,0.0011371690779924393,0.31000879406929016,0.04108941927552223,0.07732167840003967,0.00611134385690093,0.06652789562940598,0.01521961111575365,0.05263770744204521,0.014760375022888184,0.011452965438365936,1,364,2.1579239940176853,11,186,167,25481.615234375,0.1763133406639099,0.2787422835826874,0.5181721448898315,0.2923681139945984,0.22580403089523315,319,36,4,329,-2,27,17,10,0.18956043956043955,0.040052734315395355,0.0450080968439579,0.026772253215312958,0.0005064900615252554,0.026387859135866165,0.14116841554641724,0.1945895105600357,0.08463562279939651,0.0586794838309288,0.0,0.0,0.09777859598398209,0.04897613823413849,0.07259128242731094,0.054870057851076126,0.07607554644346237,0.006330167409032583,0.013675231486558914,0.0,0.011902516707777977,-14,-0.01168502303120933,6,-12,-8,-139.529296875,-0.008713245391845703,-0.048447296023368835,0.06657475233078003,-8,-6,51,1,3,-1,0.001868131868131867
g18654.t1,XP_069267233.1,0.913,30.4,1,303,1.955943044241631,136,56,111,21896.19140625,0.15454931557178497,0.18726448714733124,0.6555562019348145,0.5134763121604919,0.14207985997200012,296,44,0,467,8,32,14,18,0.18811881188118812,0.06857603043317795,0.04200773313641548,0.002629999304190278,0.0,0.020893463864922523,0.06782640516757965,0.04662953317165375,0.07425345480442047,0.034317269921302795,,0.0008841389790177345,0.466846764087677,0.021658046171069145,0.0738564059138298,0.0,0.015305474400520325,0.06316325068473816,0.0,0.0011519759427756071,0.0,1,309,1.9476400341536968,137,59,113,21427.654296875,0.16547176241874695,0.2665027379989624,0.5307833552360535,0.23066525161266327,0.3001181483268738,293,33,3,176,-6,20,23,-3,0.16828478964401294,0.0019266251474618912,0.049698881804943085,0.03724208101630211,0.001338042551651597,0.026415538042783737,0.2065737545490265,0.026339732110500336,0.0935443714261055,0.017346492037177086,0.0,0.009937716647982597,0.20432552695274353,0.0874861627817154,0.01698741316795349,0.0009034716058522463,0.1461167186498642,0.055154312402009964,0.0014971954515203834,0.017165962606668472,0.0,-6,0.008303010087934215,-1,-3,-2,468.537109375,-0.010922446846961975,-0.07923825085163116,0.12477284669876099,3,11,-3,291,14,21,0.019834022237175175
g13126.t1,XP_069267715.1,0.9128,38.8,1,475,3.5459949687802097,241,60,174,48665.03515625,0.295164555311203,0.2719237804412842,0.43151938915252686,0.3303597569465637,0.10115962475538254,382,47,5,295,19,39,18,21,0.2926315789473684,0.030698515474796295,0.023979907855391502,0.00139232340734452,0.053816650062799454,0.04355432093143463,0.0527583472430706,0.11344917118549347,0.048401277512311935,0.03421700745820999,0.010978101752698421,0.03365621715784073,0.21691060066223145,0.025438467040657997,0.03770270198583603,0.07128839939832687,0.08783549815416336,0.009168194606900215,0.03132764622569084,0.042557552456855774,0.03086911328136921,1,320,2.844693198632191,148,61,111,33025.1171875,0.19733962416648865,0.23764313757419586,0.5547736287117004,0.3392387926578522,0.21553488075733185,303,43,0,162,-2,28,26,2,0.271875,0.035284291952848434,0.012822560034692287,0.010243612341582775,0.014948063530027866,0.07260507345199585,0.16189245879650116,0.272411048412323,0.053642403334379196,0.02021271549165249,0.0,0.001247823005542159,0.06682775914669037,0.08482059836387634,0.013591434806585312,0.02921222895383835,0.11716354638338089,0.006919859442859888,,0.01198811549693346,0.014166465029120445,155,0.7013017701480186,93,-1,63,15639.91796875,0.09782493114471436,0.03428064286708832,-0.12325423955917358,79,4,5,133,21,19,0.02075657894736843
g19569.t1,XP_069265005.1,0.9123,53.4,1,144,2.7625355572844077,46,32,66,27741.259765625,0.14425019919872284,0.12080865353345871,0.7198118567466736,0.5421422719955444,0.17766962945461273,97,8,0,120,15,30,16,14,0.4513888888888889,0.05100569128990173,0.006695515476167202,0.015129336155951023,0.006156399380415678,0.0,0.11092915385961533,0.10192598402500153,0.0667404755949974,0.06982080638408661,0.0,0.004160591866821051,0.4402162730693817,0.0032566399313509464,0.025983745232224464,0.006048046052455902,0.014147995039820671,0.0730147510766983,0.004303417168557644,0.00046523427590727806,0.0,1,123,1.9653226833568744,30,35,58,20924.2734375,0.18114589154720306,0.1584181785583496,0.6585854291915894,0.37286806106567383,0.2857174277305603,81,6,0,138,5,20,14,6,0.3902439024390244,0.01352751161903143,0.022304179146885872,0.001850413391366601,0.02343505248427391,0.03795215114951134,0.21263490617275238,0.18099945783615112,0.07308249920606613,0.013337671756744385,,0.005344305653125048,0.1918685883283615,0.052736785262823105,0.013588540256023407,0.0,0.065891332924366,0.08651211112737656,0.004934435710310936,0.0,0.0,21,0.7972128739275333,16,-3,8,6816.986328125,-0.036895692348480225,-0.0376095250248909,0.06122642755508423,16,2,0,-18,10,8,0.06114498644986449
g9706.t1,XP_069264772.1,0.9088,44.4,1,152,1.7514890442680935,55,36,61,18925.16015625,0.17782334983348846,0.25823310017585754,0.5308648943901062,0.47266608476638794,0.05819881334900856,116,14,0,234,28,23,4,19,0.28289473684210525,0.03322499990463257,0.018433712422847748,0.03307880461215973,0.02284562774002552,0.026285985484719276,0.03720685467123985,0.20296227931976318,0.020991960540413857,0.05953484773635864,,0.00236742221750319,0.26970377564430237,0.012786732986569405,0.03359103202819824,0.0,0.11802010238170624,0.07266157120466232,0.00034097954630851746,0.00017048977315425873,0.035792943090200424,1,136,1.611879239413611,38,37,61,17795.82421875,0.19052071869373322,0.13835032284259796,0.6689532399177551,0.5665127038955688,0.10244057327508926,102,10,0,191,21,22,7,15,0.3088235294117647,0.0,0.009906552731990814,0.0021757101640105247,0.016317827627062798,0.03421312943100929,0.08329733461141586,0.27791520953178406,0.019143231213092804,0.05249998718500137,,0.00017717559239827096,0.2885974943637848,0.03227659687399864,0.008178873918950558,0.0,0.0333746001124382,0.09173955768346786,0.0,0.0,0.05018673092126846,16,0.1396098048544825,17,-1,0,1129.3359375,-0.012697368860244751,0.11988277733325958,-0.13808834552764893,14,4,0,43,7,4,-0.025928792569659465
g10268.t3,XP_069271624.1,0.9066,57.3,1,692,3.463541666437159,249,173,270,55948.4921875,0.2163972407579422,0.25248050689697266,0.5173553228378296,0.37840908765792847,0.13894623517990112,606,101,6,110,7,61,32,29,0.2153179190751445,0.030981600284576416,0.03056117333471775,0.013766856864094734,0.014868145808577538,0.05272052437067032,0.08485826104879379,0.16768698394298553,0.05408798158168793,0.009236032143235207,0.0,0.03548869118094444,0.21072210371494293,0.04819837957620621,0.029309185221791267,0.023282431066036224,0.09516490250825882,0.04081026837229729,0.005154614802449942,0.00668971287086606,0.046412110328674316,1,669,3.443222228010588,269,174,226,52302.9140625,0.2494077980518341,0.22975368797779083,0.5042625069618225,0.3483903706073761,0.15587218105793,608,88,0,88,-6,56,39,17,0.2077727952167414,0.07792329043149948,0.028761472553014755,0.016575932502746582,0.01628488302230835,0.03867342695593834,0.12066499143838882,0.1442345231771469,0.03520716726779938,0.04293359816074371,,0.0006631150026805699,0.20415586233139038,0.023474203422665596,0.03768971562385559,0.0475359670817852,0.08103235810995102,0.04316744953393936,0.0,0.0016039296751841903,0.0394180566072464,23,0.0203194384265708,-20,-1,44,3645.578125,-0.03301055729389191,0.022726818919181824,0.01309281587600708,-2,13,6,22,13,12,0.0075451238584030855
g14442.t1,XP_069270476.1,0.9027,58.3,1,166,2.0664616875148276,88,14,64,21574.732421875,0.17131900787353516,0.15461423993110657,0.6585189700126648,0.2952336370944977,0.3632853925228119,153,19,4,93,-11,17,28,-11,0.3313253012048193,0.015254313126206398,0.002195547567680478,0.015547730028629303,0.0,0.033477336168289185,0.24035130441188812,0.08206142485141754,0.12293408811092377,0.036010898649692535,0.0,0.0,0.21317221224308014,0.048291683197021484,0.04423175007104874,0.0067298440262675285,0.038698695600032806,0.08953902870416641,0.009709510020911694,0.0,0.001794625073671341,1,162,2.007253210895684,86,14,62,19804.640625,0.14471015334129333,0.2024044394493103,0.6254183650016785,0.225617453455925,0.3998009264469147,157,35,1,35,-17,13,27,-14,0.3148148148148148,0.0,0.010381713509559631,0.027466999366879463,0.006516748573631048,0.026747360825538635,0.20069833099842072,0.10484455525875092,0.19910256564617157,0.030809694901108742,0.0,0.0006516748107969761,0.12077292054891586,0.04169232398271561,0.0405186228454113,0.009264079853892326,0.0932953730225563,0.06589774787425995,0.019872982054948807,0.0,0.0014662682078778744,4,0.059208476619143635,2,0,2,1770.091796875,0.02660885453224182,-0.047790199518203735,0.03310060501098633,-4,-16,3,58,6,3,0.016510486390004464
g13973.t1,XP_069269639.1,0.8943,32.4,1,139,1.4653399776339953,50,47,42,15485.7666015625,0.24038146436214447,0.34224724769592285,0.41695457696914673,0.2768353819847107,0.14011918008327484,138,20,1,224,2,11,8,3,0.302158273381295,0.06879813969135284,0.0075008017010986805,0.00041671120561659336,0.010417780838906765,0.035613905638456345,0.08575113862752914,0.059478454291820526,0.054368048906326294,0.05815906077623367,0.0,0.0012263826793059707,0.21735695004463196,0.010834491811692715,0.1639871895313263,0.008750935085117817,0.07575986534357071,0.07325372844934464,0.0,0.06832639127969742,0.0,1,150,1.5351556113905842,48,44,58,16137.166015625,0.13833624124526978,0.24847561120986938,0.5900713205337524,0.3318966329097748,0.25817468762397766,132,13,0,199,-3,15,20,-5,0.31333333333333335,0.025983113795518875,0.07073575258255005,0.02311682142317295,0.0011996702523902059,0.08435811847448349,0.15181602537631989,0.10944762825965881,0.10635867714881897,0.039083756506443024,0.0,0.0,0.22244901955127716,0.010397140868008137,0.054101839661598206,0.014995877631008625,0.0001961427042260766,0.07582245022058487,0.00159956025891006,0.0025400256272405386,0.005798405967652798,-11,-0.06981563375658895,2,3,-16,-651.3994140625,0.1020452231168747,0.09377163648605347,-0.1731167435646057,6,7,1,25,5,8,-0.01117505995203838
g3016.t1,XP_069268982.1,0.8906,31.6,1,234,4.996792984144962,159,21,54,35438.21875,0.19714266061782837,0.23393212258815765,0.529402494430542,0.379173219203949,0.1502292901277542,219,28,10,11,4,33,26,7,0.452991452991453,0.013222298584878445,0.015123623423278332,0.039522670209407806,0.010197272524237633,0.007281405385583639,0.127893328666687,0.13492220640182495,0.022335955873131752,0.011893670074641705,0.0,0.0064103733748197556,0.24425102770328522,0.03104054182767868,0.06905704736709595,0.032782889902591705,0.12416601181030273,0.055186592042446136,,0.025766322389245033,0.02894674427807331,1,230,5.320285556352716,165,23,42,37085.8671875,0.20733033120632172,0.1599024087190628,0.6302481293678284,0.41380032896995544,0.21644781529903412,238,31,0,25,1,35,29,6,0.43043478260869567,0.041311267763376236,0.008051246404647827,0.002519092056900263,0.002679211553186178,0.013114944100379944,0.1269683539867401,0.17566409707069397,0.08947943150997162,0.02739689126610756,,0.01232597604393959,0.23813627660274506,0.004350102506577969,0.03945381939411163,0.03020332008600235,0.05955953150987625,0.06215476244688034,,0.02871067449450493,0.0379209890961647,4,-0.32349257220775396,-6,-2,12,-1647.6484375,-0.010187670588493347,0.07402971386909485,-0.10084563493728638,-19,-3,10,-14,3,1,0.022556670382757327
g19681.t1,XP_069270588.1,0.8855,42.6,1,148,3.1939856876203736,76,0,72,30252.01171875,0.26055383682250977,0.18377643823623657,0.4799026846885681,0.27855268120765686,0.20134997367858887,100,9,0,74,1,15,15,0,0.5067567567567568,0.022291017696261406,0.007492304779589176,0.07576707005500793,0.015785029157996178,0.023494170978665352,0.14927653968334198,0.1021171286702156,0.05207342654466629,0.058199573308229446,,0.05883926898241043,0.17643558979034424,0.06132663041353226,0.023108558729290962,0.05556756258010864,0.012642563320696354,0.057588573545217514,0.006612646859139204,0.016638271510601044,0.024744097143411636,1,99,2.143595774889065,50,0,49,20364.689453125,0.2637806534767151,0.23332479596138,0.42287465929985046,0.3185936212539673,0.10428106039762497,68,7,0,28,5,14,8,6,0.46464646464646464,0.034693874418735504,0.012584072537720203,0.08001989126205444,0.029620733112096786,0.02315627969801426,0.04760024696588516,0.25855425000190735,0.05668080970644951,0.008843149989843369,,0.08643519133329391,0.060039352625608444,0.06622670590877533,0.0195884108543396,0.03232140839099884,0.08271771669387817,0.07540936768054962,0.02075541391968727,0.004753148183226585,0.0,49,1.0503899127313088,26,0,23,9887.322265625,-0.0032268166542053223,-0.04954835772514343,0.05702802538871765,32,2,0,46,-4,-6,0.04211029211029216
g7793.t2,XP_069266303.1,0.883,29.8,1,143,1.8519244369640455,109,0,34,18054.861328125,0.5307351350784302,0.08196493983268738,0.3791269063949585,0.30635708570480347,0.07276981323957443,143,6,0,167,8,13,5,8,0.3076923076923077,0.025095956400036812,0.008443527854979038,0.00817298423498869,0.00035741578903980553,0.026777103543281555,0.03992239758372307,0.20369552075862885,0.03284741938114166,0.006242553703486919,0.0,0.01917414925992489,0.1026616021990776,0.09785044193267822,0.021327603608369827,0.10132737457752228,0.0,0.10249680280685425,0.02785804122686386,0.11173205822706223,0.06401704996824265,1,151,1.8735057021156039,120,0,31,18497.796875,0.4568021297454834,0.22218777239322662,0.30294564366340637,0.20830397307872772,0.09464170038700104,142,2,4,142,7,9,4,5,0.31788079470198677,0.0034885737113654613,0.00240621087141335,0.018064290285110474,0.048142317682504654,0.04448796436190605,0.05731271952390671,0.07377562671899796,0.03732898086309433,0.04747134447097778,0.0010465721134096384,0.04519924521446228,0.13452835381031036,0.10709920525550842,0.07098792493343353,0.0998283326625824,0.01058850809931755,0.09443352371454239,0.06613362580537796,0.01988486759364605,0.01779172383248806,-8,-0.021581265151558338,-11,0,3,-442.935546875,0.07393300533294678,-0.14022283256053925,0.07618126273155212,1,4,-4,25,1,3,-0.01018848700967906
g8228.t1,XP_069269171.1,0.8818,59.5,1,161,3.630897550666757,25,49,87,36981.6953125,0.2729588449001312,0.3226589858531952,0.3992345929145813,0.3055434823036194,0.0936911478638649,79,11,0,0,13,22,7,15,0.515527950310559,0.009420698508620262,0.00600478844717145,0.005147579591721296,0.037072066217660904,0.05197444558143616,0.0796969011425972,0.055269330739974976,0.013994247652590275,0.07763608545064926,0.009640666656196117,0.0007673220825381577,0.250274121761322,0.13231752812862396,0.0005987857584841549,0.0021811779588460922,0.17603686451911926,0.05447894334793091,0.004624097142368555,0.028850950300693512,0.004013367462903261,1,116,2.3947920961401112,24,49,43,21660.818359375,0.31366240978240967,0.18959985673427582,0.4792003333568573,0.331166535615921,0.14803379774093628,83,15,0,0,9,18,8,10,0.4396551724137931,0.08058473467826843,0.011303790844976902,0.017537353560328484,0.006320281885564327,0.07120438665151596,0.12925633788108826,0.08756697922945023,0.01877746172249317,0.010416853241622448,0.012724225409328938,0.0090791629627347,0.24359959363937378,0.06886168569326401,0.024938935413956642,0.0043197739869356155,0.04993250593543053,0.0852145403623581,0.009831209667026997,0.021439723670482635,0.037090472877025604,45,1.2361054545266459,1,0,44,15320.876953125,-0.04070356488227844,0.13305912911891937,-0.079965740442276,-4,-4,0,0,4,5,0.07587277789676589
g550.t1,XP_069270842.1,0.8797,48.5,1,148,1.9201024065035572,55,21,72,21442.7578125,0.19918181002140045,0.11129968613386154,0.673446536064148,0.41795918345451355,0.2554874122142792,109,17,20,44,0,16,18,-2,0.32432432432432434,0.02372320368885994,0.009612618014216423,0.016071947291493416,0.00045141763985157013,0.00029408399132080376,0.16899584233760834,0.20898835361003876,0.08649156242609024,0.036943260580301285,0.0,0.0007352099637500942,0.2089708149433136,0.059384725987911224,0.005753415636718273,0.004650926683098078,0.057961106300354004,0.08302139490842819,0.0,0.02795015648007393,0.0,1,149,2.0099091989031574,57,20,72,22169.52734375,0.1995115876197815,0.1919402927160263,0.6038293838500977,0.2055387645959854,0.3982906639575958,98,6,14,21,-10,11,20,-9,0.33557046979865773,0.05191361904144287,0.010888476856052876,0.00471867760643363,0.019611358642578125,0.03765314072370529,0.32162654399871826,0.143217071890831,0.07666408270597458,0.027787672355771065,0.0,0.005417693872004747,0.06232169270515442,0.012807493098080158,0.023976901546120644,0.010905521921813488,0.08621639758348465,0.09715541452169418,0.0,0.007118172477930784,0.0,-1,-0.08980679239960021,-2,1,0,-726.76953125,-0.0003297775983810425,-0.08064060658216476,0.06961715221405029,11,11,6,23,10,7,-0.011246145474333391
g19137.t2,XP_069271858.1,0.8786,47.2,1,569,2.893005667893344,202,110,257,42669.1171875,0.22510617971420288,0.23743018507957458,0.5184895396232605,0.38653436303138733,0.13195517659187317,491,60,15,254,15,48,30,18,0.18980667838312829,0.02524428814649582,0.006485894322395325,0.018974030390381813,0.023042753338813782,0.06881581246852875,0.07677000761032104,0.18828262388706207,0.05518516153097153,0.037538252770900726,0.0,0.02152944728732109,0.19825173914432526,0.017615508288145065,0.019558627158403397,0.05992529168725014,0.0835021585226059,0.04015181586146355,0.00022196753707248718,0.016407346352934837,0.04249722138047218,1,569,2.9640392819662735,200,110,259,48957.99609375,0.3510487675666809,0.1430569291114807,0.4862884283065796,0.3649292290210724,0.12135925143957138,500,61,9,196,8,44,28,16,0.22144112478031636,0.06294531375169754,0.012454709969460964,0.019605878740549088,0.038051750510931015,0.03669014573097229,0.09667360782623291,0.2048768699169159,0.024685649201273918,0.06450090557336807,0.0,0.0019515883177518845,0.1600523293018341,0.04244241863489151,0.018086351454257965,0.06405232846736908,0.009373225271701813,0.09970816224813461,0.007579002995043993,0.031392816454172134,0.004876923747360706,0,-0.07103361407292974,2,0,-2,-6288.87890625,-0.12594258785247803,0.09437325596809387,0.03220111131668091,-9,-1,6,58,7,2,-0.03163444639718807
g8463.t1,XP_069266303.1,0.8772,31.1,1,143,1.8645441077157223,111,0,32,18367.671875,0.568501889705658,0.04660552740097046,0.379294753074646,0.3097875416278839,0.0695071890950203,138,6,0,191,8,12,5,7,0.3076923076923077,0.045780327171087265,0.004634807351976633,0.005597876850515604,0.02828196994960308,0.003636889159679413,0.06676064431667328,0.1451534628868103,0.002746552461758256,0.007681175600737333,0.0,0.012783453799784184,0.164634108543396,0.08968441188335419,0.017869198694825172,0.07694101333618164,0.0,0.13088053464889526,0.029140248894691467,0.04366834834218025,0.12412499636411667,1,151,1.8735057021156039,120,0,31,18497.796875,0.4568021297454834,0.22218777239322662,0.30294564366340637,0.20830397307872772,0.09464170038700104,142,2,4,142,7,9,4,5,0.31788079470198677,0.0034885737113654613,0.00240621087141335,0.018064290285110474,0.048142317682504654,0.04448796436190605,0.05731271952390671,0.07377562671899796,0.03732898086309433,0.04747134447097778,0.0010465721134096384,0.04519924521446228,0.13452835381031036,0.10709920525550842,0.07098792493343353,0.0998283326625824,0.01058850809931755,0.09443352371454239,0.06613362580537796,0.01988486759364605,0.01779172383248806,-8,-0.008961594399881534,-9,0,1,-130.125,0.11169975996017456,-0.17558224499225616,0.07634910941123962,-4,4,-4,49,1,2,-0.01018848700967906
g2271.t1,XP_069271526.1,0.8771,65.7,1,70,1.3746790054506806,0,31,39,14606.509765625,0.1947566419839859,0.1939614862203598,0.606047511100769,0.49379944801330566,0.11224808543920517,38,6,0,0,4,13,6,7,0.38571428571428573,0.008394117467105389,0.03852212429046631,0.005234335083514452,0.025317635387182236,0.04502078890800476,0.09627431631088257,0.3694572448730469,0.015973765403032303,0.0002158616844099015,,,0.12434215843677521,0.018113620579242706,0.0,0.022124342620372772,0.11020271480083466,0.11842741817235947,,0.002379514742642641,0.0,1,69,1.3711106078968227,0,31,38,14460.8916015625,0.20685090124607086,0.125740647315979,0.6674085259437561,0.485028475522995,0.18238002061843872,44,8,0,0,6,12,9,3,0.37681159420289856,0.0011156110558658838,0.0,,0.021855806931853294,0.07410430163145065,0.05676549673080444,0.3361448347568512,0.12561450898647308,0.02581465058028698,0.00677920738235116,,0.1488836407661438,0.02253534458577633,0.01904248259961605,0.010897381231188774,0.0,0.13683629035949707,,0.013610455207526684,0.0,1,0.0035683975538578494,0,0,1,145.6181640625,-0.012094259262084961,0.0682208389043808,-0.06136101484298706,-6,-2,0,0,-2,4,0.008902691511387173
g10396.t1,XP_069265657.1,0.8767,55.6,1,150,2.492188784509351,48,36,66,25934.296875,0.24991004168987274,0.11692671477794647,0.6326656341552734,0.5782984495162964,0.054367125034332275,105,14,3,51,28,32,6,26,0.35333333333333333,0.04766087979078293,0.016424482688307762,0.0004976493073627353,0.0,0.021841896697878838,0.05265938863158226,0.20979779958724976,0.0017077357042580843,0.01886529102921486,0.0,0.0,0.3685007095336914,0.01965714618563652,0.004156675189733505,0.035457514226436615,0.055638376623392105,0.08093617856502533,,0.0,0.06619831174612045,1,133,2.3390124668231262,46,36,51,22685.14453125,0.14427703619003296,0.19738472998142242,0.6583380699157715,0.45422959327697754,0.20410855114459991,107,21,0,53,22,26,10,16,0.3383458646616541,0.005689267069101334,0.003807828528806567,0.0,0.00013898900942876935,0.012021597474813461,0.09295535087585449,0.18589037656784058,0.11115320026874542,0.0231221541762352,,0.06085951626300812,0.2683391869068146,0.030576568096876144,0.04138248786330223,0.05020777881145477,0.05619114264845848,0.04781847447156906,,0.00028446337091736495,0.009561504237353802,17,0.15317631768622464,2,0,15,3249.15234375,0.10563300549983978,-0.08045801520347595,-0.025672435760498047,-2,-7,3,-2,6,10,0.014987468671679216
g7761.t1,XP_069271410.1,0.8722,54.6,1,590,3.21443410175121,293,95,202,49414.30859375,0.325496643781662,0.19474786520004272,0.4579184353351593,0.2878328859806061,0.17008554935455322,524,68,6,52,0,40,35,5,0.21016949152542372,0.049243293702602386,0.02675754390656948,0.02183704823255539,0.012247323989868164,0.026265747845172882,0.11683914065361023,0.13873544335365295,0.05324642360210419,0.039918314665555954,0.0003917747235391289,0.029002217575907707,0.14909742772579193,0.00992496032267809,0.025761956349015236,0.06525944918394089,0.04665030166506767,0.09578991681337357,0.0,0.011352774687111378,0.08167893439531326,1,582,3.097248550901553,277,92,213,47411.7265625,0.37645989656448364,0.18255743384361267,0.4339102506637573,0.24346674978733063,0.1904435157775879,515,69,0,42,-7,35,36,-1,0.20962199312714777,0.070874884724617,0.03127297759056091,0.007072414271533489,0.01952367275953293,0.040699735283851624,0.12363316863775253,0.13080233335494995,0.06681034713983536,0.020457593724131584,0.0,0.016485650092363358,0.11266442388296127,0.03248004987835884,0.015650775283575058,0.05366627126932144,0.057990726083517075,0.09993953257799149,,0.018850890919566154,0.08112458139657974,8,0.1171855508496571,16,3,-11,2002.58203125,-0.050963252782821655,0.012190431356430054,0.024008184671401978,9,-1,6,10,7,6,0.0005474983982759474
g4461.t1,XP_069265190.1,0.8716,49.5,1,123,1.7773531368753184,32,32,59,20167.03515625,0.21221457421779633,0.09973690658807755,0.656088650226593,0.47049060463905334,0.18559804558753967,82,7,0,16,19,23,10,13,0.34146341463414637,0.03162252530455589,0.016434812918305397,0.03195984289050102,0.03167823702096939,0.013292848132550716,0.13838227093219757,0.1448695957660675,0.04721575602889061,0.03376441448926926,,0.0,0.32562100887298584,0.051197152584791183,0.00925996620208025,0.0,0.026984866708517075,0.08060489594936371,0.006072367075830698,0.0030398310627788305,0.00799955427646637,1,122,1.7702014141178959,36,32,54,19439.8984375,0.20845162868499756,0.20855121314525604,0.5493149757385254,0.4133600890636444,0.135954812169075,88,13,0,13,16,18,5,13,0.36065573770491804,0.04670513793826103,0.04368084669113159,0.033682242035865784,0.0011618282878771424,0.050307925790548325,0.1258232593536377,0.023283135145902634,0.010131550952792168,0.013757044449448586,,0.0016219147946685553,0.3900769352912903,0.008796699345111847,0.06385170668363571,0.0033195093274116516,0.03533175215125084,0.09668411314487457,0.007302920334041119,0.019585106521844864,0.024896319955587387,1,0.007151722757422485,-4,0,5,727.13671875,0.003762945532798767,-0.1088143065571785,0.10677367448806763,-6,-6,0,3,3,0,-0.019192323070771677
g17346.t1,XP_069265227.1,0.8671,32.7,1,294,2.3424626950180745,223,2,69,26873.8125,0.4092886447906494,0.24013303220272064,0.31356433033943176,0.23307040333747864,0.08049394190311432,278,10,10,668,7,18,9,9,0.24489795918367346,0.02055189199745655,0.0006003141752444208,0.03701398894190788,0.02569344826042652,0.010619898326694965,0.038101084530353546,0.08610375225543976,0.04239286109805107,0.024243729189038277,0.003161526285111904,0.040008775889873505,0.14696663618087769,0.03596372902393341,0.061180755496025085,0.09548478573560715,0.10031802207231522,0.04883955046534538,0.07073661684989929,0.05366808548569679,0.058350544422864914,1,351,2.5061425758288913,226,4,121,33696.91015625,0.33287960290908813,0.2330385148525238,0.4086672067642212,0.33299577236175537,0.07567141205072403,309,6,3,802,12,22,13,9,0.23931623931623933,0.06192820891737938,0.01737823709845543,0.02541474997997284,0.021465608850121498,0.05246969312429428,0.06125960871577263,0.19386978447437286,0.0144118070602417,0.054744329303503036,0.0,0.03908465802669525,0.1391260027885437,0.032864466309547424,0.05922284722328186,0.04844366014003754,0.010138762183487415,0.021422548219561577,0.057035479694604874,0.015320317819714546,0.07439929246902466,-57,-0.16367988081081686,-3,-2,-52,-6823.09765625,0.07640904188156128,0.007094517350196838,-0.09510287642478943,-31,4,7,-134,-5,0,0.005581719867434137
g14003.t1,XP_069269639.1,0.867,32.6,1,141,1.4828874839418211,50,44,47,16040.8046875,0.24362069368362427,0.3389342725276947,0.4158359169960022,0.2605290412902832,0.1553068459033966,135,22,1,272,2,11,11,0,0.28368794326241137,0.05085661634802818,0.006633237469941378,0.001609169295988977,0.009051577188074589,0.06400386244058609,0.07479902356863022,0.060380224138498306,0.08050781488418579,0.03266759216785431,0.0,0.0013850938994437456,0.2001488357782364,0.013879084028303623,0.1616712063550949,0.0,0.0725732371211052,0.10671938210725784,0.0,0.06311403214931488,0.0,1,150,1.5351556113905842,48,44,58,16137.166015625,0.13833624124526978,0.24847561120986938,0.5900713205337524,0.3318966329097748,0.25817468762397766,132,13,0,199,-3,15,20,-5,0.31333333333333335,0.025983113795518875,0.07073575258255005,0.02311682142317295,0.0011996702523902059,0.08435811847448349,0.15181602537631989,0.10944762825965881,0.10635867714881897,0.039083756506443024,0.0,0.0,0.22244901955127716,0.010397140868008137,0.054101839661598206,0.014995877631008625,0.0001961427042260766,0.07582245022058487,0.00159956025891006,0.0025400256272405386,0.005798405967652798,-9,-0.05226812744876308,2,0,-11,-96.361328125,0.10528445243835449,0.09045866131782532,-0.17423540353775024,3,9,1,73,5,5,-0.029645390070921984
g5787.t1,XP_069271019.1,0.8668,42.7,1,433,4.708596670616162,98,127,208,42893.83203125,0.2988559901714325,0.38366422057151794,0.3173322081565857,0.20596660673618317,0.11136560142040253,326,29,13,384,2,19,20,-1,0.2678983833718245,0.009207678958773613,0.018057405948638916,0.0001475823955843225,0.011204601265490055,0.03910014405846596,0.06536535173654556,0.0698208287358284,0.04600025713443756,0.19526390731334686,0.012058191932737827,0.009999103844165802,0.13614578545093536,0.12960009276866913,0.07452766597270966,0.06433144956827164,0.03465777263045311,0.021956870332360268,0.0,0.025558220222592354,0.03699706122279167,1,243,3.7388542190641676,15,50,178,56057.2890625,0.28058141469955444,0.2846603989601135,0.419671893119812,0.32730036973953247,0.09237149357795715,102,10,3,74,11,28,18,10,0.5555555555555556,0.02816256880760193,0.012951324693858624,0.015086324885487556,0.013624190352857113,0.05819034203886986,0.05189010128378868,0.2274223417043686,0.04048139601945877,0.07219059020280838,0.011839781887829304,0.01433909684419632,0.09987806528806686,0.0789116770029068,0.040844716131687164,0.047727227210998535,0.07430456578731537,0.05324390530586243,0.0,0.03631385788321495,0.022597992792725563,190,0.9697424515519941,83,77,30,-13163.45703125,0.018274575471878052,0.09900382161140442,-0.10233968496322632,224,19,10,310,-9,-11,-0.2876571721837311
g14428.t1,XP_069268067.1,0.8663,57.0,1,450,2.439930496781602,170,66,214,32331.359375,0.2069125920534134,0.23861731588840485,0.5281995534896851,0.282654732465744,0.24554480612277985,379,53,25,176,-4,25,31,-6,0.18666666666666668,0.03330172225832939,0.006969493813812733,0.026270601898431778,0.03419337049126625,0.03355560451745987,0.16056080162525177,0.07412424683570862,0.08498400449752808,0.038225553929805756,0.0,0.011360212229192257,0.208530455827713,0.04011806473135948,0.08263600617647171,0.029736988246440887,0.06587044894695282,0.06686792522668839,0.0,0.0,0.0026944968849420547,1,444,2.301508369981166,158,68,218,31393.08203125,0.2650463283061981,0.15737079083919525,0.5572530627250671,0.3055722415447235,0.25168076157569885,371,48,25,182,-9,30,29,1,0.18018018018018017,0.09714148938655853,0.0164443701505661,0.02032986469566822,0.02650289423763752,0.025705471634864807,0.17862184345722198,0.1310501992702484,0.07305891811847687,0.007906944490969181,0.0,0.00020555779337882996,0.1745220571756363,0.039555490016937256,0.08676160126924515,0.03616410866379738,0.020346831530332565,0.06033783778548241,,0.002055577700957656,0.0032889246940612793,6,0.1384221268004362,12,-2,-4,938.27734375,-0.05813373625278473,0.0812465250492096,-0.02905350923538208,8,5,0,-6,5,-7,0.0064864864864865035
g11365.t1,XP_069270148.1,0.8653,45.0,1,120,2.1025773968364163,9,39,72,21296.087890625,0.2499450445175171,0.2351689487695694,0.5148860216140747,0.3345035910606384,0.18038244545459747,67,7,0,30,2,17,11,6,0.4,0.004052743781358004,0.025246908888220787,,0.020150678232312202,0.12218204140663147,0.11935973167419434,0.06510178744792938,0.061022717505693436,0.015112890861928463,0.0,0.039049871265888214,0.26940178871154785,0.03469552844762802,0.033577241003513336,0.0858394205570221,0.0,0.06990508735179901,0.0,0.028180649504065514,0.007120917085558176,1,40,1.18455799034452,3,16,21,11259.705078125,0.21834687888622284,0.29111993312835693,0.4905332624912262,0.20513570308685303,0.2853974401950836,18,4,0,0,-2,4,4,0,0.55,0.0048714675940573215,0.0048714675940573215,,0.011175720021128654,0.0749501883983612,0.20683398842811584,0.0815647691488266,0.07856346666812897,,,0.08615947514772415,0.12357092648744583,0.06418131291866302,0.06420348584651947,0.055096425116062164,0.060935307294130325,0.08044292777776718,,0.0025790121871978045,0.0,80,0.9180194064918963,6,23,51,10036.3828125,0.03159816563129425,-0.05595098435878754,0.02435275912284851,49,3,0,30,4,6,-0.15000000000000002
g17346.t1,XP_069265020.1,0.8646,32.9,1,294,2.3424626950180745,223,2,69,26873.8125,0.4092886447906494,0.24013303220272064,0.31356433033943176,0.23307040333747864,0.08049394190311432,278,10,10,668,7,18,9,9,0.24489795918367346,0.02055189199745655,0.0006003141752444208,0.03701398894190788,0.02569344826042652,0.010619898326694965,0.038101084530353546,0.08610375225543976,0.04239286109805107,0.024243729189038277,0.003161526285111904,0.040008775889873505,0.14696663618087769,0.03596372902393341,0.061180755496025085,0.09548478573560715,0.10031802207231522,0.04883955046534538,0.07073661684989929,0.05366808548569679,0.058350544422864914,1,341,2.527655358819123,223,0,118,33766.20703125,0.40833014249801636,0.16856633126735687,0.4103408753871918,0.2669767439365387,0.14336414635181427,295,14,10,670,7,24,11,13,0.22580645161290322,0.03292524814605713,0.011464180424809456,0.012762639671564102,0.04802301526069641,0.034667715430259705,0.0793704241514206,0.11509950459003448,0.06399371474981308,0.026292409747838974,0.0,0.03086915984749794,0.15187722444534302,0.014333321712911129,0.030428223311901093,0.07501105219125748,0.034844640642404556,0.1049627959728241,0.06810598820447922,0.03541187196969986,0.029556844383478165,-47,-0.1851926638010486,0,2,-49,-6892.39453125,0.0009585022926330566,0.07156670093536377,-0.09677654504776001,-17,-4,0,-2,0,-4,0.019091507570770244
g1834.t1,XP_069265162.1,0.8632,40.8,1,243,2.863646199693217,119,17,107,34081.64453125,0.2043493390083313,0.19488437473773956,0.5843285322189331,0.5034289360046387,0.08089958876371384,171,14,6,50,32,40,11,29,0.3168724279835391,0.005671632010489702,0.001607608050107956,0.016437815502285957,0.057143453508615494,0.021792588755488396,0.06507990509271622,0.128874734044075,0.015819676220417023,0.045636750757694244,0.0,0.00935889407992363,0.37455418705940247,0.07004983723163605,0.031102029606699944,0.004544212017208338,0.0853864997625351,0.057474903762340546,0.0011342527577653527,0.007384344004094601,0.0009467109339311719,1,262,3.1366963650375927,124,19,119,36967.26953125,0.3171454966068268,0.13328345119953156,0.540092945098877,0.44637465476989746,0.09371830523014069,194,24,0,77,35,42,14,28,0.36259541984732824,0.05014234408736229,0.022310243919491768,0.009478101506829262,0.022155486047267914,0.006873049773275852,0.08729758113622665,0.08564458042383194,0.006420725490897894,0.015347554348409176,0.0,0.011292550712823868,0.36073005199432373,0.07431579381227493,0.05101459473371506,0.03753089904785156,0.02644544281065464,0.011510634794831276,0.006718989461660385,0.07470931857824326,0.04006205126643181,-19,-0.27305016534437554,-5,-2,-12,-2885.625,-0.11279615759849548,0.06160092353820801,0.04423558712005615,-23,-10,6,-27,-3,1,-0.04572299186378914
g6985.t1,XP_069267178.1,0.8624,30.1,1,433,2.553806595457821,85,143,205,30275.16015625,0.2718857526779175,0.2775956094264984,0.41690123081207275,0.2400437295436859,0.17685748636722565,345,44,18,498,-7,27,25,2,0.20323325635103925,0.029910525307059288,0.009119203314185143,0.033617403358221054,0.0403888002038002,0.06811791658401489,0.10600985586643219,0.16971524059772491,0.07084763050079346,0.07565617561340332,0.0,0.008229830302298069,0.0703284814953804,0.03398983180522919,0.0576602965593338,0.048832446336746216,0.05881219357252121,0.04674924165010452,0.0,0.012561158277094364,0.05945373699069023,1,492,2.576985714390501,137,132,223,37367.7265625,0.268281489610672,0.2647491693496704,0.44117897748947144,0.2213931530714035,0.21978582441806793,397,55,11,494,-19,24,29,-5,0.1910569105691057,0.015960194170475006,0.012951329350471497,0.025790439918637276,0.020652122795581818,0.0460437647998333,0.10624302923679352,0.09868878126144409,0.11354278773069382,0.05712243914604187,0.0019406767096370459,0.04113074764609337,0.12270434945821762,0.045368678867816925,0.08393114060163498,0.050125569105148315,0.021629054099321365,0.06114070490002632,0.0,0.03412207216024399,0.04091216251254082,-59,-0.023179118932679987,-52,11,-18,-7092.56640625,0.0036042630672454834,0.012846440076828003,-0.02427774667739868,-52,-11,7,4,12,7,0.01217634578193355
g14011.t1,XP_069269639.1,0.8611,35.5,1,141,1.4855288482726174,50,44,47,15874.400390625,0.16649675369262695,0.39219245314598083,0.4413107633590698,0.2708379030227661,0.1704728752374649,135,20,1,233,1,11,10,1,0.2907801418439716,0.021743616089224815,0.012800412252545357,,0.0002032546908594668,0.1643611639738083,0.06475038081407547,0.06858616322278976,0.10572250932455063,0.09851173311471939,0.0,0.0010070056887343526,0.20225173234939575,0.018496178090572357,0.07668882608413696,0.017581211403012276,0.03882328420877457,0.07331406325101852,0.0,0.0351584292948246,0.0,1,150,1.5351556113905842,48,44,58,16137.166015625,0.13833624124526978,0.24847561120986938,0.5900713205337524,0.3318966329097748,0.25817468762397766,132,13,0,199,-3,15,20,-5,0.31333333333333335,0.025983113795518875,0.07073575258255005,0.02311682142317295,0.0011996702523902059,0.08435811847448349,0.15181602537631989,0.10944762825965881,0.10635867714881897,0.039083756506443024,0.0,0.0,0.22244901955127716,0.010397140868008137,0.054101839661598206,0.014995877631008625,0.0001961427042260766,0.07582245022058487,0.00159956025891006,0.0025400256272405386,0.005798405967652798,-9,-0.049626763117966766,2,0,-11,-262.765625,0.028160512447357178,0.14371684193611145,-0.14876055717468262,3,7,1,34,4,6,-0.022553191489361746
g11348.t1,XP_069268487.1,0.8592,54.5,1,1371,4.040746963869525,618,215,538,69696.5625,0.16187533736228943,0.30623045563697815,0.5183209180831909,0.29596632719039917,0.22235460579395294,1261,161,33,793,8,63,57,6,0.1436907366885485,0.017096899449825287,0.01724994368851185,0.013573331758379936,0.00461569894105196,0.10401840507984161,0.18453772366046906,0.09567075967788696,0.03781687095761299,0.06092727929353714,0.0,0.0052310992032289505,0.2002955675125122,0.06974592059850693,0.038034599274396896,0.018090473487973213,0.08076915144920349,0.03747911378741264,0.006239687092602253,0.00828666053712368,0.0003208930429536849,1,636,2.9072145342873617,206,133,297,39532.29296875,0.1993025541305542,0.15954650938510895,0.6270760297775269,0.40688586235046387,0.22019018232822418,571,76,1,248,3,46,31,15,0.1619496855345912,0.04787270352244377,0.04632432013750076,0.014074900187551975,0.007180522661656141,0.04743129014968872,0.1369558423757553,0.06543153524398804,0.08323432505130768,0.027394963428378105,0.0009570866823196411,0.0005713258869946003,0.34145432710647583,0.061296455562114716,0.014234130270779133,0.04038017988204956,0.022633375599980354,0.005060315132141113,0.0007178149535320699,0.02707112394273281,0.009723450057208538,735,1.1335324295821634,412,82,241,30164.26953125,-0.03742721676826477,0.1466839462518692,-0.10875511169433594,690,85,32,545,5,-9,-0.018258948846042677
g14118.t1,XP_069271777.1,0.8491,44.7,1,254,2.6220260721517694,119,25,110,33774.765625,0.266379177570343,0.22675377130508423,0.50486820936203,0.36377838253974915,0.1410898119211197,209,18,0,245,7,26,18,8,0.3425196850393701,0.014043097384274006,0.008988352492451668,0.001998889958485961,0.0069628930650651455,0.03569205105304718,0.09757845848798752,0.13281136751174927,0.043511345982551575,0.06847729533910751,0.009727680124342442,0.03214838728308678,0.23096702992916107,0.038831133395433426,0.05186079442501068,0.11641747504472733,0.019859209656715393,0.06283312290906906,0.000668718887027353,0.0042814831249415874,0.022341249510645866,1,234,3.0154132145171224,111,25,98,32156.2421875,0.3274141550064087,0.24668492376804352,0.42419737577438354,0.3054334819316864,0.11876392364501953,193,12,0,278,3,20,16,4,0.3547008547008547,0.09676951915025711,0.018392406404018402,0.0017034865450114012,0.019465891644358635,0.051419395953416824,0.08101159334182739,0.16953682899475098,0.03775233402848244,0.03634640574455261,,0.01161131914705038,0.13589663803577423,0.026475941762328148,0.059646472334861755,0.0982765406370163,0.06926893442869186,0.07518824934959412,0.0003010189684573561,0.0,0.010937021113932133,20,-0.393387142365353,8,0,12,1618.5234375,-0.061034977436065674,-0.01993115246295929,0.08067083358764648,16,6,0,-33,4,4,-0.012181169661484637
g6532.t2,XP_069269135.1,0.8482,43.0,1,229,2.5179034593369156,77,30,122,26914.435546875,0.1520087718963623,0.3456436097621918,0.4992307722568512,0.3612622618675232,0.1379685252904892,163,18,3,185,8,26,18,8,0.314410480349345,0.0600251629948616,0.029099861159920692,0.0031169219873845577,0.02517514117062092,0.0718287006020546,0.05214748531579971,0.16351740062236786,0.08582104742527008,0.007073015905916691,0.0,0.05691145732998848,0.19774486124515533,0.028212424367666245,0.08955573290586472,0.010189937427639961,0.09117484092712402,0.0,0.0,0.010184095241129398,0.018222006037831306,1,183,2.3297922918782157,66,32,85,21975.30859375,0.22815896570682526,0.2044055014848709,0.5468001365661621,0.40932533144950867,0.13747486472129822,158,10,1,137,4,25,16,9,0.32786885245901637,0.01330425776541233,0.014058568514883518,0.02063545025885105,0.024666763842105865,0.06516454368829727,0.09456807374954224,0.1991625428199768,0.042906783521175385,0.019653676077723503,0.0,0.0,0.21016275882720947,0.04305591434240341,0.04535908252000809,0.02345198579132557,0.06016961485147476,0.09137832373380661,0.02099611423909664,0.0004404779465403408,0.010865122079849243,46,0.18811116745869993,11,-2,37,4939.126953125,-0.07615019381046295,0.14123810827732086,-0.04756936430931091,5,8,2,48,4,-1,-0.01345837210967138
g3111.t1,XP_069264928.1,0.8461,27.0,1,163,1.6772262322248805,59,55,49,17623.921875,0.2125270664691925,0.22585706412792206,0.5616159439086914,0.31399524211883545,0.24762064218521118,153,31,0,321,-8,17,18,-1,0.294478527607362,0.0043896897695958614,0.0,0.0,0.04111922159790993,0.08394932746887207,0.0808686763048172,0.0,0.16675196588039398,0.05070775747299194,,0.003603118471801281,0.31399524211883545,0.13546797633171082,0.07432059943675995,0.0,0.01327626220881939,0.024215131998062134,0.0,0.007335054688155651,0.0,1,180,1.990567129903499,53,50,77,21563.96484375,0.18313728272914886,0.1805701106786728,0.636292576789856,0.22585010528564453,0.41044241189956665,157,23,0,73,-11,15,21,-6,0.31666666666666665,0.023144390434026718,0.029631517827510834,0.0,0.05011673644185066,0.05439698323607445,0.3196689486503601,0.03405611217021942,0.09077347815036774,0.00043864650069735944,0.0,0.0,0.1917939931154251,0.0035910422448068857,0.04455986246466637,0.05266861990094185,0.051543109118938446,0.04167022928595543,0.0,0.003118283348158002,0.008827978745102882,-17,-0.3133408976786185,6,5,-28,-3940.04296875,0.02938978374004364,0.04528695344924927,-0.07467663288116455,-4,8,0,248,3,5,-0.022188139059304668
g9719.t2,XP_069267038.1,0.8333,27.8,1,470,3.4489790697023754,113,144,213,43901.9375,0.30902260541915894,0.2679043710231781,0.3866540491580963,0.23268093168735504,0.15397310256958008,410,44,1,359,-14,22,26,-4,0.2553191489361702,0.004409663379192352,0.008524889126420021,0.036419086158275604,0.04457758367061615,0.09649521112442017,0.08858612179756165,0.13802146911621094,0.06538697332143784,0.052519313991069794,0.0,0.055476896464824677,0.0946594774723053,0.0545627661049366,0.043077535927295685,0.07664962112903595,0.011810528114438057,0.03954591974616051,0.0,0.010656686499714851,0.07862033694982529,1,461,3.6966203869130116,102,150,209,43660.49609375,0.31346914172172546,0.21620608866214752,0.4172718822956085,0.22146905958652496,0.19580280780792236,375,37,0,351,-3,30,21,9,0.2299349240780911,0.01958371512591839,0.014706078916788101,0.053052883595228195,0.032052505761384964,0.06879788637161255,0.14177177846431732,0.059689391404390335,0.05403104051947594,0.02229904942214489,0.0,0.028324758633971214,0.16177970170974731,0.017267517745494843,0.011087076738476753,0.05206132307648659,0.07099122554063797,0.027234556153416634,0.09780817478895187,0.02009091153740883,0.04737042635679245,9,-0.2476413172106362,11,-6,4,241.44140625,-0.004446536302566528,0.05169828236103058,-0.030617833137512207,35,7,1,8,-11,-13,0.02538422485807909
g18995.t1,XP_069271932.1,0.8319,75.2,1,179,1.7417721843661573,61,47,71,19546.92578125,0.3295390009880066,0.14910562336444855,0.48805269598960876,0.29835188388824463,0.18970085680484772,158,29,0,190,-1,14,13,1,0.2569832402234637,0.014030667021870613,0.004734247922897339,0.033302661031484604,0.008823282085359097,0.05824337154626846,0.10837382823228836,0.14505217969417572,0.08132703602313995,0.010369095019996166,0.0,0.004411641042679548,0.15329968929290771,0.04454490914940834,0.05840430036187172,0.01831864006817341,0.012942974455654621,0.09073567390441895,0.044648319482803345,0.046867650002241135,0.06156987324357033,1,183,1.7299776742016106,67,46,70,19148.984375,0.3202199935913086,0.2607369124889374,0.41061827540397644,0.25359785556793213,0.1570204347372055,170,35,0,173,-2,14,14,0,0.29508196721311475,0.03504737466573715,0.02473459392786026,0.008424850180745125,0.008198730647563934,0.021126899868249893,0.0810566172003746,0.12893471121788025,0.0759638100862503,0.0657501295208931,0.0,0.023320676758885384,0.12466312944889069,0.05881260707974434,0.04009609296917915,0.06102995201945305,0.08570853620767593,0.09093122184276581,0.003369939746335149,0.044471681118011475,0.018358489498496056,-4,0.01179451016454669,-6,1,1,397.94140625,0.009319007396697998,-0.11163128912448883,0.07743442058563232,-12,-6,0,17,1,1,-0.038098726989651055
g17199.t1,XP_069268191.1,0.8302,29.5,1,139,1.9818865411945716,52,26,61,21361.36328125,0.14648166298866272,0.14530892670154572,0.6813243627548218,0.6180561780929565,0.06326817721128464,106,9,0,40,27,30,4,26,0.34532374100719426,0.0049845147877931595,0.03801104798913002,0.026885008439421654,0.017823414877057076,0.026967868208885193,0.015629570931196213,0.17968103289604187,0.047638606280088425,0.020971274003386497,,0.0,0.4383751153945923,0.04425300285220146,0.007106059696525335,0.023552827537059784,0.05225268378853798,0.0540553517639637,0.0,0.0015104591147974133,0.0003020917938556522,1,151,2.1745251655336357,56,24,71,22427.02734375,0.20291630923748016,0.1266191005706787,0.6704646348953247,0.5130469799041748,0.15741756558418274,123,7,0,8,19,22,8,14,0.31788079470198677,0.11654358357191086,0.009774860925972462,0.0,0.002158029703423381,0.028199734166264534,0.12204781174659729,0.2785496115684509,0.03536975383758545,0.01586773991584778,,0.005639946553856134,0.23449738323688507,0.030094336718320847,0.026800012215971947,0.017695844173431396,0.040336817502975464,0.025634359568357468,0.0,0.010790148749947548,0.0,-12,-0.1926386243390641,-4,2,-10,-1065.6640625,-0.056434646248817444,0.018689826130867004,0.01085972785949707,-17,2,0,32,8,12,0.027442946305207494
g11515.t1,XP_069266356.1,0.829,28.1,1,319,2.255651972743377,143,88,88,27181.0625,0.22671018540859222,0.31521013379096985,0.3678238093852997,0.28667765855789185,0.08114617317914963,280,24,3,353,1,21,14,7,0.2445141065830721,0.017457108944654465,0.02977469190955162,0.09025590866804123,0.0,0.10581986606121063,0.04485153406858444,0.0695476308465004,0.03629463538527489,0.049871500581502914,0.0,0.02326211705803871,0.21713000535964966,0.03815789893269539,0.05663497373461723,0.04676192253828049,0.04984698444604874,0.06079363450407982,0.0,0.017141958698630333,0.046397678554058075,1,274,2.5185426082261424,110,81,83,28299.939453125,0.2639184892177582,0.2573886215686798,0.47869282960891724,0.27253618836402893,0.2061566710472107,242,19,0,197,-5,20,18,2,0.27007299270072993,0.051773589104413986,0.024179453030228615,0.0,0.004010873846709728,0.11954246461391449,0.12071245163679123,0.16739080846309662,0.08544421941041946,0.015184096992015839,,0.000564863788895309,0.1051454171538353,0.053100861608982086,0.049963947385549545,0.040811266750097275,0.04795380309224129,0.06147564575076103,0.009333846159279346,0.036799680441617966,0.00661272369325161,45,-0.2628906354827656,33,7,5,-1118.876953125,-0.037208303809165955,0.05782151222229004,-0.11086902022361755,38,5,3,156,6,5,-0.02555888611765783
g3007.t1,XP_069271992.1,0.8266,45.1,1,115,1.944947515605429,33,29,53,19039.46875,0.16629721224308014,0.4783346354961395,0.35536807775497437,0.14364679157733917,0.211721271276474,70,5,0,37,-4,7,11,-4,0.43478260869565216,0.03457110375165939,0.039246827363967896,0.0,0.0,0.007202047389000654,0.1273522675037384,0.06564503908157349,0.0843690037727356,0.019993146881461143,0.06337358057498932,0.01339502539485693,0.07800175249576569,0.01626875437796116,0.061475541442632675,0.040483102202415466,0.2736484706401825,0.07497426867485046,,0.0,0.0,1,92,1.7509269356036916,11,28,53,17360.52734375,0.18910610675811768,0.38804513216018677,0.41712263226509094,0.15310809016227722,0.2640145421028137,54,9,0,31,-5,9,11,-2,0.4673913043478261,0.01741531491279602,0.11491091549396515,0.005726171191781759,0.0,0.028049694374203682,0.14020974934101105,0.07692474871873856,0.12380480021238327,0.057850103825330734,0.0,,0.07618333399295807,0.04701291769742966,0.10142591595649719,0.0,0.08580850064754486,0.10163182020187378,,0.00817763339728117,0.014868426136672497,23,0.19402058000173739,22,1,0,1678.94140625,-0.022808894515037537,0.09028950333595276,-0.06175455451011658,16,-4,0,6,1,-2,-0.03260869565217395
g12849.t1,XP_069268358.1,0.8234,37.2,1,455,2.5761646849027033,143,104,208,31546.583984375,0.2263197898864746,0.33460667729377747,0.4192190170288086,0.2125973105430603,0.2066216915845871,385,42,15,561,-9,26,22,4,0.1912087912087912,0.03220117464661598,0.014321040362119675,0.01985454000532627,0.01734541915357113,0.11934319138526917,0.10596776008605957,0.12347941100597382,0.10065393149852753,0.027938110753893852,0.020663153380155563,0.019848117604851723,0.08911792933940887,0.022089887410402298,0.03489575907588005,0.056947335600852966,0.09759727865457535,0.06801250576972961,0.0,0.009370007552206516,0.02035347744822502,1,452,2.4631490457662832,155,93,204,30605.3203125,0.2193906307220459,0.20816364884376526,0.5321935415267944,0.2154824435710907,0.31671109795570374,404,51,18,385,-21,28,27,1,0.18584070796460178,0.043419092893600464,0.026740413159132004,0.04025218263268471,0.025054942816495895,0.05677160620689392,0.17464295029640198,0.12799175083637238,0.14206814765930176,0.02893848903477192,0.008434958755970001,0.03633096441626549,0.08749067783355713,0.04529882222414017,0.03739321231842041,0.014548560604453087,0.013554004020988941,0.0764392837882042,0.0,0.012844947166740894,0.0017850034637376666,3,0.1130156391364201,-12,11,4,941.263671875,0.006929159164428711,0.1264430284500122,-0.11297452449798584,-19,-9,-3,176,12,3,0.005368083244189414
g989.t1,XP_069267464.1,0.8222,57.6,1,140,2.8686087486956064,71,6,63,26767.908203125,0.296612948179245,0.26669663190841675,0.42966118454933167,0.3389461636543274,0.09071499109268188,103,6,0,16,8,19,13,6,0.4785714285714286,0.019715240225195885,0.007982601411640644,0.007029212545603514,0.039656952023506165,0.010442446917295456,0.0828804075717926,0.12001335620880127,0.007834582589566708,0.05948610231280327,0.0,0.01216532289981842,0.2189328372478485,0.0915667861700058,0.01888875663280487,0.01735745184123516,0.15773144364356995,0.10606973618268967,0.007179549429565668,0.010125179775059223,0.004942052066326141,1,139,2.86556727279977,69,6,64,26097.12890625,0.21055817604064941,0.21720018982887268,0.5722416043281555,0.41858088970184326,0.15366071462631226,102,10,0,49,10,23,14,9,0.37410071942446044,0.001112724537961185,0.010536865331232548,0.0,0.010632701218128204,0.06564278900623322,0.1099751740694046,0.27200618386268616,0.04368552938103676,0.022243212908506393,0.0,0.009069757536053658,0.1465747356414795,0.01598248817026615,0.029087331146001816,0.0405973382294178,0.08062025159597397,0.06793045252561569,,0.031032651662826538,0.0432698056101799,1,0.0030414758958365873,2,0,-1,670.779296875,0.08605477213859558,0.04949644207954407,-0.14258041977882385,1,-4,0,-33,-2,-3,0.10447070914696815
g6110.t1,XP_069268315.1,0.8207,23.6,1,156,2.0199289067783317,59,12,85,20548.259765625,0.20809006690979004,0.09770672023296356,0.647406816482544,0.5534389019012451,0.09396795183420181,114,24,0,78,20,25,8,17,0.28205128205128205,0.010520529933273792,0.009182010777294636,0.046796299517154694,0.015074193477630615,0.001081260503269732,0.05094306915998459,0.23459652066230774,0.043024882674217224,0.018989024683833122,0.0,0.00692641269415617,0.3188423812389374,0.010363508015871048,0.05045280233025551,0.025212660431861877,0.011075207963585854,0.04897748678922653,0.06353987008333206,0.032253630459308624,0.0021482014562934637,1,119,1.9277983728564905,61,8,50,17527.66015625,0.1339450478553772,0.16663460433483124,0.6338974833488464,0.5487350821495056,0.08516234159469604,101,4,0,19,13,21,6,15,0.3949579831932773,0.01557151973247528,0.02208882011473179,0.06552287936210632,0.0,0.01362576987594366,0.050741106271743774,0.2893718183040619,0.03442123159766197,0.04872269183397293,0.0,0.015822753310203552,0.2593633234500885,0.011781319044530392,0.04189442843198776,0.023930804803967476,0.024480147287249565,0.06241224706172943,,0.006995158735662699,0.013253984041512012,37,0.09213053392184123,-2,4,35,3020.599609375,0.07414501905441284,-0.06892788410186768,0.01350933313369751,13,20,0,59,7,2,-0.11290670114199525
g17056.t1,XP_069272160.1,0.8202,26.2,1,303,1.9716711723186628,137,56,110,22106.390625,0.1592468023300171,0.2542554438114166,0.5650888085365295,0.40231066942214966,0.1627781242132187,286,29,0,224,8,28,16,12,0.20462046204620463,0.04416033625602722,0.014874137006700039,0.02140888385474682,0.004372005350887775,0.04054427146911621,0.1343781054019928,0.00201729079708457,0.028400029987096786,0.09541546553373337,,0.00014262780314311385,0.4002934396266937,0.04145132005214691,0.01847018674015999,0.0002919107209891081,0.08480876684188843,0.06692787259817123,0.0,0.0008757321047596633,0.0011676428839564323,1,313,2.0129505265259287,140,53,120,22478.68359375,0.24213631451129913,0.20660628378391266,0.523707389831543,0.32317906618118286,0.2005283534526825,334,54,0,231,0,26,23,3,0.19488817891373802,0.11246374994516373,0.06157839298248291,0.027549980208277702,0.013012874871492386,0.04316715523600578,0.1577276885509491,0.07738742232322693,0.04280063882470131,0.04811380058526993,,0.006028597708791494,0.24579164385795593,0.03459266573190689,0.04153255373239517,0.002296608639881015,0.006185798905789852,0.07892882078886032,0.0,0.0,0.0008415935444645584,-10,-0.041279354207265806,-3,3,-10,-372.29296875,-0.08288951218128204,0.04764916002750397,0.04138141870498657,-48,-25,0,-7,8,9,0.009732283132466601
g906.t1,XP_069264744.1,0.817,28.0,1,885,3.0482095969791447,255,200,430,38557.953125,0.17850589752197266,0.461465060710907,0.3357546925544739,0.20882365107536316,0.12693101167678833,831,95,50,819,-13,26,22,4,0.14350282485875707,0.022870942950248718,0.033295173197984695,0.024274324998259544,0.006490825675427914,0.06438387930393219,0.04932607710361481,0.0822717696428299,0.07760494202375412,0.07128219306468964,0.0026984973810613155,0.009023870341479778,0.12655186653137207,0.06835711747407913,0.16069786250591278,0.02967984415590763,0.12008362263441086,0.012129584327340126,0.01563073694705963,0.012301022186875343,0.011045817285776138,1,777,2.969091421654967,249,153,375,43473.75,0.23362790048122406,0.32113200426101685,0.4118081331253052,0.2514856159687042,0.16032251715660095,737,99,1,647,-15,36,31,5,0.15315315315315314,0.022136881947517395,0.017126567661762238,0.03343198820948601,0.016031144186854362,0.05924876779317856,0.08519191294908524,0.07279203087091446,0.07513060420751572,0.04816625639796257,0.0,0.021203497424721718,0.17869357764720917,0.024829275906085968,0.12470971792936325,0.06804756820201874,0.05067719519138336,0.042414773255586624,0.00913508515805006,0.013522719033062458,0.03751044720411301,108,0.07911817532417764,6,47,55,-4915.796875,-0.055122002959251404,0.14033305644989014,-0.0760534405708313,94,-4,49,172,2,-1,-0.009650328294396077
g215.t1,XP_069269159.1,0.8138,19.9,1,219,2.8489576263516634,81,73,65,27967.03125,0.2796042859554291,0.262187659740448,0.4582080543041229,0.26098212599754333,0.1972259134054184,202,21,1,69,-5,20,21,-1,0.3242009132420091,0.0013844356872141361,0.02115890383720398,0.0,0.0,0.029567372053861618,0.1498674601316452,0.04880722984671593,0.0473584309220314,0.034421149641275406,0.0,0.01867038570344448,0.2121748924255371,0.03261278569698334,0.10712172091007233,0.08809206634759903,0.051248110830783844,0.03448997437953949,0.005191633477807045,0.01565798558294773,0.10217541456222534,1,244,2.249579830692603,90,71,83,25890.03515625,0.32334786653518677,0.14815084636211395,0.49937498569488525,0.34566357731819153,0.15371139347553253,224,26,0,100,10,24,14,10,0.2540983606557377,0.0720796138048172,0.020976942032575607,0.029126325622200966,0.04727795347571373,0.018664561212062836,0.06363362818956375,0.18727487325668335,0.09007776528596878,0.016815464943647385,0.0,0.014013657346367836,0.15838871896266937,0.05483216419816017,0.053235333412885666,0.04356761276721954,0.024444881826639175,0.04503451660275459,0.0,0.035381752997636795,0.025174254551529884,-25,0.5993777956590605,-9,2,-18,2076.99609375,-0.04374358057975769,0.11403681337833405,-0.04116693139076233,-22,-5,1,-31,-15,-11,0.0701025525862714
g11483.t1,XP_069271243.1,0.812,47.1,1,189,2.7487863981264047,61,25,103,28982.81640625,0.29926812648773193,0.13256078958511353,0.5681711435317993,0.18292416632175446,0.38524696230888367,135,18,0,105,-15,15,30,-15,0.3492063492063492,0.02082018554210663,0.00454153073951602,0.0,0.002431409666314721,0.030570155009627342,0.11111834645271301,0.030360126867890358,0.27412861585617065,0.009786550886929035,0.0,0.016356637701392174,0.15256404876708984,0.019173135980963707,0.036247774958610535,0.0912008211016655,0.03505813330411911,0.10641955584287643,0.0,0.02059534192085266,0.03862764686346054,1,208,2.4856955630200064,63,24,121,28400.51953125,0.3129563331604004,0.20222243666648865,0.48482128977775574,0.2007106989622116,0.2841106057167053,149,22,0,142,-15,14,25,-11,0.3125,0.024921037256717682,0.023459305986762047,0.0,0.0846308171749115,0.07374072819948196,0.19883021712303162,0.12056896090507507,0.08528042584657669,0.019589196890592575,0.0,0.064836286008358,0.08014170825481415,0.016891436651349068,0.0009991673287004232,0.0925418809056282,0.019597752019762993,0.08635935932397842,0.0,0.007611782755702734,0.0,-19,0.2630908351063983,-2,1,-18,582.296875,-0.013688206672668457,-0.06966164708137512,0.08334985375404358,-14,-4,0,-37,0,-4,0.03670634920634919
g16504.t1,XP_069271885.1,0.811,58.5,1,137,3.0471079050608516,57,0,80,29588.169921875,0.2448669970035553,0.2675378620624542,0.477003812789917,0.37585127353668213,0.10115255415439606,85,3,0,0,13,21,8,13,0.45985401459854014,0.059351544827222824,0.03768236190080643,0.010591362603008747,0.017769936472177505,0.02146695740520954,0.07418233156204224,0.14369218051433563,0.02697022631764412,0.0562918484210968,,0.056048549711704254,0.2321590781211853,0.0730426162481308,0.0018185707740485668,0.014168849214911461,0.094229556620121,0.07126492261886597,,0.008287686854600906,0.000981436693109572,1,179,3.2785505967214945,69,0,110,36005.03125,0.2546349763870239,0.1360739767551422,0.5644515156745911,0.4480169415473938,0.11643457412719727,90,2,11,12,19,27,10,17,0.4134078212290503,0.029773680493235588,0.026640634983778,0.0448395311832428,0.007796396501362324,0.04093369469046593,0.07365104556083679,0.1627526879310608,0.04278353601694107,0.015441606752574444,0.0,0.013722320087254047,0.2852642834186554,0.046892229467630386,0.013168476521968842,0.03593103215098381,0.026167234405875206,0.06972382217645645,0.00035845505772158504,0.0343179814517498,0.029841380193829536,-42,-0.2314426916606429,-12,0,-30,-6416.861328125,-0.009767979383468628,0.131463885307312,-0.08744770288467407,-5,1,-11,-12,-6,-4,0.04644619336948985
g18089.t1,XP_069268960.1,0.8067,31.2,1,174,1.647493245579111,6,75,93,17972.796875,0.32502490282058716,0.16811911761760712,0.4487570822238922,0.3633829951286316,0.08537406474351883,119,18,0,80,3,17,7,10,0.23563218390804597,0.05031820759177208,0.05146504566073418,0.058098871260881424,0.051730964332818985,0.012325191870331764,0.02508663386106491,0.013045787811279297,0.06028743460774422,0.014491756446659565,0.0,0.016405127942562103,0.3503371775150299,0.06714136898517609,0.07008592784404755,0.016336673870682716,0.0033460878767073154,0.08232708275318146,0.00017610989743843675,0.052388228476047516,0.004606227856129408,1,1078,3.7284458205935516,259,223,596,72501.078125,0.22225044667720795,0.28954604268074036,0.48802560567855835,0.24270261824131012,0.24532294273376465,882,157,7,494,-12,49,56,-7,0.17810760667903525,0.02213895134627819,0.013202614150941372,0.00017801369540393353,0.023528842255473137,0.08817960321903229,0.13135837018489838,0.11871170252561569,0.11396457999944687,0.0758359432220459,0.0,0.009226870723068714,0.12399090826511383,0.0730292871594429,0.027087215334177017,0.04524144157767296,0.07601381093263626,0.035440050065517426,8.900684770196676e-05,0.016331907361745834,0.006450967397540808,-904,-2.0809525750144404,-253,-148,-503,-54528.28125,0.10277445614337921,-0.12142692506313324,-0.03926852345466614,-763,-139,-7,-414,15,17,0.05752457722901072
g7348.t1,XP_069266190.1,0.8034,27.5,1,211,4.387062326047493,92,25,94,43882.13671875,0.16779989004135132,0.2780662477016449,0.5541338920593262,0.49709048867225647,0.0570434108376503,147,5,1,66,42,45,9,36,0.5355450236966824,0.027609020471572876,0.0030546309426426888,,0.01224199216812849,0.01758412830531597,0.03413604199886322,0.11761073023080826,0.02290736325085163,0.047930434346199036,0.0,0.008463820442557335,0.3794797658920288,0.04080420732498169,0.015391241759061813,0.008014503866434097,0.18564197421073914,0.04223275184631348,0.0,0.009839281439781189,0.02705814130604267,1,149,2.252970773138844,67,32,50,22862.62890625,0.24259397387504578,0.20191119611263275,0.5280066132545471,0.44305363297462463,0.08495301753282547,133,7,0,23,17,25,8,17,0.3825503355704698,0.025309648364782333,0.011560654267668724,0.027488118037581444,0.0,0.06340133398771286,0.01972113363444805,0.22952055931091309,0.06523188948631287,0.03242671117186546,,0.023528359830379486,0.21353308856487274,0.03216742351651192,0.03705384582281113,0.04086906835436821,0.03394027426838875,0.07186712324619293,0.024714989587664604,0.020851479843258858,0.026814227923750877,62,2.1340915529086493,25,-7,44,21019.5078125,-0.07479408383369446,0.07615505158901215,0.026127278804779053,14,-2,1,43,25,19,0.15299468812621264
g19068.t1,XP_069266422.1,0.8032,39.1,1,410,2.6524342760848127,125,95,190,37802.76953125,0.10011668503284454,0.22126884758472443,0.657682478427887,0.5212277173995972,0.1364547610282898,316,43,31,562,14,45,24,21,0.2,0.0011949295876547694,0.014082832261919975,0.020931970328092575,0.011266478337347507,0.006279084365814924,0.10989656299352646,0.09439456462860107,0.026558199897408485,0.051786258816719055,0.0,0.010711021721363068,0.4268331527709961,0.004091063514351845,0.10194255411624908,0.012688277289271355,0.03646710142493248,0.050562139600515366,0.01638760417699814,0.0030726760160177946,0.0008535211090929806,1,500,2.8672745421411756,119,99,282,44726.4765625,0.18825814127922058,0.21626846492290497,0.5806798338890076,0.3572990596294403,0.22338072955608368,355,57,26,660,1,37,36,1,0.224,0.05039546266198158,0.021945947781205177,0.014793517999351025,0.02423887513577938,0.038714535534381866,0.1417672336101532,0.13979056477546692,0.08161351829767227,0.04202540963888168,0.0,0.005177372135221958,0.2175084948539734,0.042826201766729355,0.041442565619945526,0.011542323045432568,0.06696262955665588,0.04473736882209778,0.0024706090334802866,0.00014427902351599187,0.011903020553290844,-90,-0.21484026605636286,6,-4,-92,-6923.70703125,-0.08814145624637604,0.005000382661819458,0.0770026445388794,-39,-14,5,-98,13,20,-0.023999999999999994
g9582.t1,XP_069270986.1,0.8021,53.8,1,662,2.455538719520821,225,162,275,30119.490234375,0.21166224777698517,0.25988298654556274,0.48219841718673706,0.3267870843410492,0.15541133284568787,642,84,28,886,-3,28,24,4,0.13897280966767372,0.04066315293312073,0.016182510182261467,0.04625634476542473,0.013570665381848812,0.023203903809189796,0.10934823006391525,0.1548219472169876,0.04606310650706291,0.07792972773313522,0.0,0.0034765054006129503,0.171965092420578,0.09702692180871964,0.04229828715324402,0.008884035982191563,0.0967920646071434,0.019952263683080673,0.007605865132063627,0.015077739953994751,0.008881594054400921,1,659,2.4713861562048733,217,161,281,30950.80078125,0.15311144292354584,0.23970846831798553,0.5459509491920471,0.32853811979293823,0.2174128144979477,624,92,5,828,-10,34,32,2,0.13201820940819423,0.025720305740833282,0.030642729252576828,0.06122905761003494,0.00851978175342083,0.03425098583102226,0.13702444732189178,0.13057664036750793,0.08038834482431412,0.01582629233598709,0.0,0.007150303106755018,0.1979614794254303,0.05583769828081131,0.044072456657886505,0.0011467235162854195,0.10776569694280624,0.04166322574019432,0.007662034593522549,0.010270600207149982,0.0022910700645297766,3,-0.01584743668405242,8,1,-6,-831.310546875,0.05855080485343933,0.02017451822757721,-0.06375253200531006,18,-8,23,58,7,2,0.006954600259479499
g16684.t1,XP_069271857.1,0.7976,48.9,1,575,4.080729058303957,154,145,276,68731.2578125,0.2497273087501526,0.20671933889389038,0.5382852554321289,0.3194403648376465,0.218844935297966,446,58,5,440,-12,63,55,8,0.30782608695652175,0.013012931682169437,0.00224476819857955,0.0052681127563118935,0.025861000642180443,0.026431571692228317,0.13533951342105865,0.06604774296283722,0.08350542932748795,0.022548621520400047,0.008653063327074051,0.006737368181347847,0.25339263677597046,0.06487561762332916,0.05891791731119156,0.027133850380778313,0.08118602633476257,0.06031638756394386,0.004892556928098202,0.018871638923883438,0.034763310104608536,1,570,3.897676770847708,96,145,329,60841.1171875,0.14785385131835938,0.1472439020872116,0.6988834142684937,0.3276199698448181,0.37126344442367554,444,70,2,360,-27,48,61,-13,0.26666666666666666,0.04925473406910896,0.010816281661391258,0.0060188742354512215,0.020258350297808647,0.059580277651548386,0.20600631833076477,0.041510209441185,0.16525712609291077,0.04550904035568237,0.0,0.002958762925118208,0.2861097455024719,0.033869028091430664,0.017828483134508133,0.015803635120391846,0.010551061481237411,0.016205506399273872,0.004189554136246443,0.005197168327867985,0.0030758751090615988,5,0.18305228745624902,58,0,-53,7890.140625,0.10187345743179321,0.05947543680667877,-0.16059815883636475,2,-12,3,80,15,21,0.041159420289855086
g19142.t1,XP_069266773.1,0.7799,27.0,1,295,4.013460366146698,31,45,219,56446.3671875,0.5756148099899292,0.18652233481407166,0.23373252153396606,0.22075000405311584,0.012982532382011414,98,14,0,15,18,22,6,16,0.49830508474576274,0.0784250944852829,0.06195303052663803,0.00413037883117795,0.04661493003368378,0.06054180487990379,0.008513886481523514,0.15098893642425537,0.004468646366149187,0.036295391619205475,,0.001675742561928928,0.06976106017827988,0.3018309772014618,0.00011214848927920684,0.01170502882450819,0.025944218039512634,0.09302454441785812,0.0,0.01817728579044342,0.025836896151304245,1,115,1.918390588162606,27,41,47,19928.255859375,0.361044317483902,0.2896396517753601,0.3414995074272156,0.23998285830020905,0.10151667147874832,85,16,0,0,0,11,9,2,0.40869565217391307,0.04214358329772949,0.01740988902747631,0.0078164953738451,0.034085094928741455,0.03482768312096596,0.06676751375198364,0.19860415160655975,0.03474915772676468,0.06548266857862473,0.004412900656461716,0.030278481543064117,0.04137871786952019,0.004695334937423468,0.05060344561934471,0.056056611239910126,0.08662458509206772,0.11308212578296661,,0.1109815239906311,0.0,180,2.095069777984092,4,4,172,36518.111328125,0.21457049250602722,-0.10311731696128845,-0.10776698589324951,13,-2,0,15,18,14,0.08960943257184967
g11355.t1,XP_069269473.1,0.7772,20.0,1,220,1.9654968528649903,71,52,97,21077.068359375,0.1808115839958191,0.2630024552345276,0.5548344254493713,0.38975587487220764,0.1650785505771637,198,26,3,112,3,21,14,7,0.24545454545454545,0.013777492567896843,0.004129758104681969,0.0013515488244593143,0.001530832494609058,0.023420779034495354,0.05357879400253296,0.04430197551846504,0.11149974912405014,0.05743618682026863,0.0071318200789391994,0.041010912507772446,0.3454539477825165,0.08545439690351486,0.06796625256538391,0.0024493320379406214,0.06190674751996994,0.07759951055049896,0.0,0.0,0.0,1,258,3.5718267527845593,63,39,156,50585.515625,0.12745247781276703,0.15876317024230957,0.7137843370437622,0.3613582253456116,0.35242611169815063,161,21,3,72,-7,38,44,-6,0.4689922480620155,0.017850592732429504,0.017088988795876503,0.0,0.01624145358800888,0.01741679385304451,0.31985360383987427,0.06445521861314774,0.03257250785827637,0.03592412918806076,0.0,0.0,0.29690301418304443,0.03826894238591194,0.035811733454465866,0.0056767757050693035,0.05252153053879738,0.0416259840130806,,0.0077887182123959064,0.0,-38,-1.606329899919569,8,13,-59,-29508.447265625,0.05335910618305206,0.10423928499221802,-0.15894991159439087,37,5,0,40,10,13,-0.22353770260747005
g13452.t1,XP_069265605.1,0.7768,24.8,1,172,1.6560846156531799,26,72,74,17761.3984375,0.1738114207983017,0.25502994656562805,0.558302104473114,0.4428313672542572,0.1154707595705986,136,22,0,77,5,19,10,9,0.2616279069767442,0.041850633919239044,0.04327975958585739,0.01285644806921482,0.003034389577805996,0.023581605404615402,0.1018017902970314,0.060988035053014755,0.013668964616954327,0.021679164841771126,0.0,0.022524775937199593,0.38184335827827454,0.024160858243703842,0.09992978721857071,0.0,0.04403485357761383,0.04881405457854271,0.0,0.05595146119594574,0.0,1,1340,6.213881422660898,779,74,487,87292.5,0.1915532797574997,0.2446042150259018,0.5310811400413513,0.3462953567504883,0.18478576838970184,1272,181,1,866,-10,80,65,15,0.1746268656716418,0.01543429959565401,0.029219850897789,0.03276146948337555,0.026222169399261475,0.046229612082242966,0.10862325131893158,0.26269233226776123,0.07616252452135086,0.031787145882844925,0.0,0.01827550306916237,0.08360301703214645,0.05821891129016876,0.023806365206837654,0.030005821958184242,0.09528574347496033,0.029835261404514313,0.007131647318601608,0.0072958157397806644,0.017409322783350945,-1168,-4.557796807007718,-753,-2,-413,-69531.1015625,-0.017741858959197998,0.010425731539726257,0.027220964431762695,-1136,-159,-1,-789,15,-6,0.08700104130510242
g12528.t1,XP_069272639.1,0.774,35.2,1,121,2.6990049196439503,54,0,67,26250.85546875,0.4204479157924652,0.08002988994121552,0.38564398884773254,0.23151186108589172,0.15413214266300201,72,16,0,78,6,14,10,4,0.48760330578512395,0.013643235899508,0.04076402261853218,0.11387819051742554,0.022738728672266006,0.0033630752004683018,0.14500097930431366,0.20110274851322174,0.00913115032017231,0.013889061287045479,,0.022013725712895393,0.03040912374854088,0.08451584726572037,0.0,0.05137723311781883,0.0,0.09218961000442505,0.06962936371564865,0.04603877663612366,0.04031514748930931,1,89,2.5496416765719956,46,0,43,20453.017578125,0.3899865448474884,0.18290115892887115,0.4162813127040863,0.22206558287143707,0.19421572983264923,65,6,0,114,4,10,6,4,0.5056179775280899,0.04320302605628967,0.03167741745710373,0.010831029154360294,0.009938504546880722,0.08436109870672226,0.11238997429609299,0.09015685319900513,0.08182575553655624,0.009149734862148762,,0.01934211142361164,0.13190871477127075,0.05220220610499382,0.023994769901037216,0.036283429712057114,0.014376018196344376,0.11271186918020248,0.05645497888326645,0.05347862094640732,0.025713907554745674,32,0.1493632430719547,8,0,24,5797.837890625,0.030461370944976807,-0.10287126898765564,-0.03063732385635376,7,10,0,-36,2,0,-0.01801467174296595
g7435.t1,XP_069267328.1,0.7731,22.2,1,147,1.9100186389879357,9,77,61,20329.58984375,0.3472413122653961,0.4858601689338684,0.1572684496641159,0.11026427149772644,0.04700416326522827,99,2,6,197,-2,7,5,2,0.3469387755102041,0.003809083718806505,0.02061043120920658,0.009630111046135426,0.011744674295186996,0.013244454748928547,0.00853375717997551,0.048887792974710464,0.03847040981054306,0.038468774408102036,0.00046528028906323016,0.05315149948000908,0.06137647479772568,0.04761354625225067,0.25965002179145813,0.05856465548276901,0.10026969760656357,0.07137533277273178,0.002672772388905287,0.029011700302362442,0.12244953960180283,1,171,2.7067870654900945,11,73,87,27867.072265625,0.4569227397441864,0.19530890882015228,0.3210192024707794,0.1883789300918579,0.1326402723789215,116,11,6,43,-5,11,15,-4,0.4093567251461988,0.024723965674638748,0.0037372601218521595,0.026749132201075554,0.029790302738547325,0.06541630625724792,0.0588780902326107,0.027229266241192818,0.0737621933221817,0.03723403438925743,0.0007920064963400364,0.003739024046808481,0.16114966571331024,0.061365239322185516,0.020728956907987595,0.17026697099208832,0.06366132199764252,0.06833158433437347,,0.05313712731003761,0.04930755868554115,-24,-0.7967684265021588,-2,4,-26,-7537.482421875,-0.10968142747879028,0.2905512601137161,-0.1637507528066635,-17,-9,0,154,3,6,-0.06241794963599473
g9054.t1,XP_069271870.1,0.7715,31.0,1,291,2.047393218132021,98,70,123,25129.87109375,0.43365606665611267,0.3638971149921417,0.1758783757686615,0.1374237984418869,0.0384545736014843,253,23,12,237,0,11,4,7,0.23024054982817868,0.008853389881551266,0.008421370759606361,0.026568494737148285,0.07511099427938461,0.09267071634531021,0.006191822700202465,0.07369726151227951,0.03226274996995926,0.03263823688030243,0.010922995395958424,0.013299571350216866,0.06372653692960739,0.06051162630319595,0.0964696928858757,0.08268629014492035,0.1094745397567749,0.07389990985393524,0.0002567897317931056,0.054529763758182526,0.07780728489160538,1,291,2.2114794631105026,93,66,132,25901.77734375,0.42140311002731323,0.20769378542900085,0.3689100444316864,0.21500061452388763,0.15390944480895996,263,31,7,347,-7,16,17,-1,0.2542955326460481,0.02492467500269413,0.030558429658412933,0.0019930964335799217,0.05206964164972305,0.047010332345962524,0.06379545480012894,0.14045153558254242,0.09011399000883102,0.04052375257015228,0.0,0.0011012369068339467,0.07454906404018402,0.05768335983157158,0.07391493022441864,0.07703329622745514,0.014585097320377827,0.07095217704772949,0.02986709028482437,0.04472009837627411,0.064152792096138,0,-0.16408624497848168,5,4,-9,-771.90625,0.012252956628799438,0.15620332956314087,-0.1930316686630249,-10,-8,5,-110,7,8,-0.024054982817869414
g17056.t1,XP_069269196.1,0.7693,18.3,1,303,1.9716711723186628,137,56,110,22106.390625,0.1592468023300171,0.2542554438114166,0.5650888085365295,0.40231066942214966,0.1627781242132187,286,29,0,224,8,28,16,12,0.20462046204620463,0.04416033625602722,0.014874137006700039,0.02140888385474682,0.004372005350887775,0.04054427146911621,0.1343781054019928,0.00201729079708457,0.028400029987096786,0.09541546553373337,,0.00014262780314311385,0.4002934396266937,0.04145132005214691,0.01847018674015999,0.0002919107209891081,0.08480876684188843,0.06692787259817123,0.0,0.0008757321047596633,0.0011676428839564323,1,339,2.0901100332112774,139,63,137,23968.53125,0.2582300305366516,0.17971999943256378,0.5236762166023254,0.36370739340782166,0.15996883809566498,317,38,4,294,-2,22,15,7,0.17994100294985252,0.04075486585497856,0.03143329173326492,0.03837381675839424,0.020210381597280502,0.06153271719813347,0.07661987096071243,0.27506598830223083,0.08334898203611374,0.023548582568764687,0.0,0.0030562691390514374,0.08864139020442963,0.11289632320404053,0.022836577147245407,0.04999076947569847,0.03731256350874901,0.019454270601272583,0.012907260097563267,0.0018846230814233422,0.00013154689804650843,-36,-0.11843886089261457,-2,-7,-27,-1862.140625,-0.09898322820663452,0.07453544437885284,0.0414125919342041,-31,-9,-4,-70,10,5,0.024679459096352108
g3103.t1,XP_069270951.1,0.767,32.8,1,69,1.5342732332373246,53,0,16,13706.1640625,0.25274547934532166,0.14386770129203796,0.5288287401199341,0.32111138105392456,0.2077174335718155,64,14,15,92,-3,9,11,-2,0.463768115942029,0.0002300414489582181,0.014546077698469162,0.0745580717921257,0.0,0.01129960361868143,0.15388773381710052,0.06987964361906052,0.053829699754714966,,0.0004768335784319788,0.11662323027849197,0.25123170018196106,0.11818502098321915,,0.04893811419606209,0.0009219462517648935,0.02677561156451702,0.01812644675374031,0.0009416336542926729,0.039548616856336594,1,145,3.11395768083966,62,0,83,34259.8359375,0.25409844517707825,0.14337486028671265,0.5770469903945923,0.1576932668685913,0.419353723526001,88,9,13,37,-30,10,35,-25,0.6,0.036292556673288345,0.003103602211922407,0.025479743257164955,0.021164439618587494,0.04500675946474075,0.36465907096862793,0.01997007057070732,0.05469465255737305,0.0783766582608223,0.0,0.005528334528207779,0.13772320747375488,0.06877590715885162,0.004250628408044577,0.04096772521734238,0.007108866702765226,0.045208871364593506,0.017861733213067055,0.003672968363389373,0.020154237747192383,-76,-1.5796844476023353,-9,0,-67,-20553.671875,-0.0013529658317565918,0.0004928410053253174,-0.0482182502746582,-24,5,2,55,27,23,-0.136231884057971
g9728.t1,XP_069270763.1,0.7668,62.6,1,95,1.8080708015595255,9,22,64,16641.54296875,0.38505157828330994,0.3428803086280823,0.2622095048427582,0.18945060670375824,0.07275888323783875,48,1,21,51,8,10,4,6,0.42105263157894735,0.0011633102549239993,0.045340146869421005,0.009858640842139721,0.02811332978308201,0.060312893241643906,0.06953798234462738,0.01806880533695221,0.003220900660380721,0.055797282606363297,0.004362109582871199,0.04297877103090286,0.17138181626796722,0.03308803588151932,0.042325422167778015,0.13782572746276855,0.0917636901140213,0.09766332060098648,,0.07285033166408539,0.014347492717206478,1,510,3.5334738013198836,311,30,169,40736.5234375,0.3797714114189148,0.33872637152671814,0.2715139091014862,0.19276586174964905,0.07874802500009537,439,12,21,699,5,24,14,10,0.21568627450980393,0.03070404939353466,0.06211010366678238,0.009988272562623024,0.01774197444319725,0.03638622164726257,0.035992566496133804,0.11613380163908005,0.04275546222925186,0.060006946325302124,0.011633149348199368,0.06732073426246643,0.0766320675611496,0.03742976859211922,0.00751853222027421,0.11492065340280533,0.09375069290399551,0.019183292984962463,0.04402456060051918,0.029210232198238373,0.08655688166618347,-415,-1.7254029997603582,-302,-8,-105,-24094.98046875,0.005280166864395142,0.004153937101364136,-0.009304404258728027,-391,-11,0,-648,3,-4,0.2053663570691434
g9379.t1,XP_069272309.1,0.7622,13.6,1,408,2.3245226907904093,150,104,154,28408.8671875,0.24426761269569397,0.24389371275901794,0.4886831045150757,0.309919536113739,0.17876358330249786,355,32,12,234,0,24,16,8,0.18382352941176472,0.0006710945744998753,0.010972431860864162,0.023155508562922478,0.06963802129030228,0.046923309564590454,0.1407053917646408,0.1960088312625885,0.038058191537857056,0.019330041483044624,0.036395300179719925,0.0012337923981249332,0.11391071230173111,0.06221338361501694,0.03419986367225647,0.045264411717653275,0.09483896195888519,0.034303002059459686,,0.005792341195046902,0.026385368779301643,1,1068,4.278717579772294,260,193,615,104625.671875,0.19777679443359375,0.31492453813552856,0.4447871744632721,0.2936013340950012,0.1511857658624649,764,103,23,266,-6,65,52,13,0.24250936329588016,0.03697847202420235,0.015211268328130245,0.04251151904463768,0.025528738275170326,0.07932700216770172,0.07957769185304642,0.24506305158138275,0.07160808145999908,0.05248994752764702,0.0,0.054614998400211334,0.04853830114006996,0.041981879621744156,0.0614563524723053,0.02379482239484787,0.051824986934661865,0.03239431232213974,0.01603836379945278,0.007062120363116264,0.01399807259440422,-660,-1.9541948889818843,-110,-89,-461,-76216.8046875,0.04649081826210022,-0.07103082537651062,0.04389593005180359,-409,-71,-11,-32,6,-5,-0.05868583388411544
g14139.t3,XP_069268683.1,0.761,26.5,1,1050,3.8948154799484467,521,170,359,55246.484375,0.26322320103645325,0.2018013447523117,0.5181013345718384,0.2986232042312622,0.21947811543941498,982,94,18,827,7,48,39,9,0.14095238095238094,0.014951102435588837,0.005315564572811127,0.016874125227332115,0.017506176605820656,0.016796987503767014,0.14455269277095795,0.10426995903253555,0.07492540776729584,0.009251234121620655,0.006388102192431688,0.019542517140507698,0.19435325264930725,0.04009738937020302,0.059487178921699524,0.06597912311553955,0.08501974493265152,0.027500785887241364,0.0007989975274540484,0.0386626161634922,0.05772702768445015,1,1063,4.0330782797324485,485,138,440,65835.5234375,0.3254379630088806,0.2690546214580536,0.36279788613319397,0.23874205350875854,0.12405586987733841,899,91,2,258,-7,38,31,7,0.15051740357478832,0.03479321300983429,0.010399391874670982,0.04270951449871063,0.02457006275653839,0.09481990337371826,0.07677431404590607,0.181984081864357,0.04728155955672264,0.060638945549726486,0.0005956260138191283,0.03589620068669319,0.05675796419382095,0.06120675057172775,0.03634699434041977,0.08588472008705139,0.030357548967003822,0.017832132056355476,0.033645641058683395,0.029728472232818604,0.037776995450258255,-13,-0.1382627997840018,36,32,-81,-10589.0390625,-0.06221476197242737,-0.06725327670574188,0.1553034484386444,83,3,16,569,14,2,-0.009565022622407382
g6373.t1,XP_069268960.1,0.7609,27.8,1,239,2.9706958746035705,3,88,148,35406.88671875,0.3794080317020416,0.453254759311676,0.16733725368976593,0.15308299660682678,0.014254244975745678,118,19,0,39,4,13,2,11,0.3389121338912134,0.06012590974569321,0.028047800064086914,0.0,0.041491881012916565,0.02869575470685959,0.0061444551683962345,0.08840587735176086,0.008109789341688156,0.0438600555062294,0.0002671502297744155,0.21171070635318756,0.06467713415622711,0.19047312438488007,0.023309621959924698,0.020777102559804916,0.11736370623111725,0.02971671149134636,0.00027338293148204684,0.0,0.036549925804138184,1,1078,3.7284458205935516,259,223,596,72501.078125,0.22225044667720795,0.28954604268074036,0.48802560567855835,0.24270261824131012,0.24532294273376465,882,157,7,494,-12,49,56,-7,0.17810760667903525,0.02213895134627819,0.013202614150941372,0.00017801369540393353,0.023528842255473137,0.08817960321903229,0.13135837018489838,0.11871170252561569,0.11396457999944687,0.0758359432220459,0.0,0.009226870723068714,0.12399090826511383,0.0730292871594429,0.027087215334177017,0.04524144157767296,0.07601381093263626,0.035440050065517426,8.900684770196676e-05,0.016331907361745834,0.006450967397540808,-839,-0.757749945989981,-256,-135,-448,-37094.19140625,0.15715758502483368,0.16370871663093567,-0.3206883519887924,-764,-138,-7,-455,16,18,0.16080452721217814
g7782.t1,XP_069270710.1,0.7597,37.7,1,142,2.2874228933075225,24,32,86,25373.328125,0.2839159667491913,0.22556370496749878,0.4905204772949219,0.2854354977607727,0.2050849348306656,90,7,3,57,1,16,16,0,0.45774647887323944,0.03721655160188675,0.027098998427391052,0.0,0.013135070912539959,0.05201223865151405,0.11110921204090118,0.07203236222267151,0.09397570788860321,0.058277107775211334,0.0,0.0032337575685232878,0.2134031504392624,0.01999896764755249,0.06243070587515831,0.056307073682546616,0.02251088246703148,0.07208234816789627,0.016276851296424866,0.052113596349954605,0.016785504296422005,1,126,2.1282338517489485,27,37,62,22947.708984375,0.3315483331680298,0.12358120083808899,0.5351489782333374,0.4434463679790497,0.0917026475071907,78,7,1,1,3,20,10,10,0.3492063492063492,0.02400166168808937,0.004921150393784046,0.00972152128815651,0.0004218128742650151,0.05590569227933884,0.0661400780081749,0.10979796946048737,0.025562573224306107,0.00994399655610323,0.0,0.0,0.33364835381507874,0.011104533448815346,0.03501734510064125,0.1111961156129837,0.017793025821447372,0.08233007043600082,0.026011792942881584,0.02867686189711094,0.04780545458197594,16,0.15918904155857394,-3,-5,24,2425.619140625,-0.0476323664188385,0.10198250412940979,-0.04462850093841553,12,0,2,56,-2,-10,0.10854012966689025
g7156.t1,XP_069264704.1,0.757,23.7,1,210,2.6414763408433584,28,54,128,30694.65234375,0.2810809016227722,0.1914982944726944,0.5135028958320618,0.3704933524131775,0.14300954341888428,154,22,1,179,3,22,16,6,0.3380952380952381,0.01708383299410343,0.025718918070197105,0.01391783356666565,0.025753794237971306,0.0202911589294672,0.07843843847513199,0.058052971959114075,0.06457110494375229,0.054036613553762436,0.011705323122441769,0.025723392143845558,0.3124403953552246,0.006751158274710178,0.041446808725595474,0.07342682778835297,0.0125760892406106,0.06529957056045532,0.0,0.029671574011445045,0.06309415400028229,1,178,1.53390162130271,33,52,93,16600.720703125,0.265423059463501,0.21557064354419708,0.4651045799255371,0.24401968717575073,0.22108493745326996,150,10,0,186,-1,14,12,2,0.25280898876404495,0.07813665270805359,0.025208821520209312,0.05390167981386185,0.0,0.06632872670888901,0.15408310294151306,0.1388578861951828,0.0670018270611763,0.025169549509882927,,0.01917092129588127,0.10516180098056793,0.08952546864748001,0.06690908968448639,0.00019436182628851384,0.012783524580299854,0.006676993798464537,0.08486434817314148,0.0,0.006025216542184353,32,1.1075747195406485,-5,2,35,14093.931640625,0.01565784215927124,-0.024072349071502686,0.04839831590652466,4,12,1,-7,4,4,0.08528624933119316
g9054.t1,XP_069271869.1,0.7567,29.9,1,291,2.047393218132021,98,70,123,25129.87109375,0.43365606665611267,0.3638971149921417,0.1758783757686615,0.1374237984418869,0.0384545736014843,253,23,12,237,0,11,4,7,0.23024054982817868,0.008853389881551266,0.008421370759606361,0.026568494737148285,0.07511099427938461,0.09267071634531021,0.006191822700202465,0.07369726151227951,0.03226274996995926,0.03263823688030243,0.010922995395958424,0.013299571350216866,0.06372653692960739,0.06051162630319595,0.0964696928858757,0.08268629014492035,0.1094745397567749,0.07389990985393524,0.0002567897317931056,0.054529763758182526,0.07780728489160538,1,291,2.0871963764952834,89,68,134,25005.337890625,0.3953969180583954,0.21461254358291626,0.3731778860092163,0.1350698620080948,0.23810800909996033,259,19,7,293,-18,10,23,-13,0.21649484536082475,0.03152474761009216,0.0342705063521862,0.016812702640891075,0.0269648227840662,0.03604226931929588,0.0960034653544426,0.11600427329540253,0.14210453629493713,0.04361572489142418,0.0005043700220994651,0.0008944147266447544,0.01906559243798256,0.05212102830410004,0.08374076336622238,0.09187242388725281,0.015544498339295387,0.07374802976846695,0.03051929362118244,0.03329085186123848,0.05535570904612541,0,-0.039803158363262536,9,2,-11,124.533203125,0.038259148597717285,0.14928457140922546,-0.1972995102405548,-6,4,5,-56,18,20,0.01374570446735393
g1259.t1,XP_069266855.1,0.7524,17.9,1,191,1.5445783784625133,66,46,79,17340.41796875,0.2100527137517929,0.3317936956882477,0.4260016083717346,0.2959679961204529,0.13003356754779816,170,18,2,69,0,16,10,6,0.2094240837696335,0.00018182871281169355,0.031770866364240646,0.03215193375945091,0.0007273148512467742,0.019972046837210655,0.05137326568365097,0.05296057462692261,0.07866029441356659,0.013815322890877724,0.0,0.00037214168696664274,0.24300743639469147,0.029432548210024834,0.08731868863105774,0.027081498876214027,0.17854464054107666,0.1461212933063507,0.00037214168696664274,0.0,0.006136095616966486,1,240,1.6330227515009381,93,43,104,17993.50390625,0.14903901517391205,0.3079780638217926,0.5303639769554138,0.3290170133113861,0.2013469934463501,220,17,0,173,-5,19,13,6,0.22916666666666666,0.020958559587597847,0.03175562992691994,0.012618995271623135,0.006977021228522062,0.07558619976043701,0.10483606904745102,0.1147645115852356,0.09651092439889908,0.017430007457733154,0.0,0.009291231632232666,0.21425248682498932,0.06030559912323952,0.10861658304929733,0.00017931728507392108,0.0652984008193016,0.06061851605772972,0.0,0.0,0.0,-49,-0.08844437303842478,-27,3,-25,-653.0859375,0.06101369857788086,0.023815631866455078,-0.1043623685836792,-50,1,2,-104,5,0,-0.01974258289703315
g9054.t1,XP_069268254.1,0.7512,23.0,1,291,2.047393218132021,98,70,123,25129.87109375,0.43365606665611267,0.3638971149921417,0.1758783757686615,0.1374237984418869,0.0384545736014843,253,23,12,237,0,11,4,7,0.23024054982817868,0.008853389881551266,0.008421370759606361,0.026568494737148285,0.07511099427938461,0.09267071634531021,0.006191822700202465,0.07369726151227951,0.03226274996995926,0.03263823688030243,0.010922995395958424,0.013299571350216866,0.06372653692960739,0.06051162630319595,0.0964696928858757,0.08268629014492035,0.1094745397567749,0.07389990985393524,0.0002567897317931056,0.054529763758182526,0.07780728489160538,1,391,2.1593914602857147,156,59,176,26759.60546875,0.2687563896179199,0.2335556298494339,0.39996251463890076,0.2030472308397293,0.19691526889801025,315,45,16,428,-17,14,21,-7,0.18925831202046037,0.03186134994029999,0.016979273408651352,0.09772542864084244,0.030626116320490837,0.06452322751283646,0.03039919212460518,0.1374596357345581,0.16651608049869537,0.037917979061603546,0.0,0.003181310836225748,0.0655875876545906,0.07113665342330933,0.05250803753733635,0.08209525048732758,0.05844578146934509,0.02000766061246395,0.0001205752560053952,0.02808578498661518,0.004823009949177504,-100,-0.1119982421536938,-58,11,-53,-1629.734375,0.16489967703819275,0.13034148514270782,-0.22408413887023926,-62,-22,-4,-191,17,14,0.040982237807718314
g497.t1,XP_069266727.1,0.7471,39.9,1,651,3.369440423598083,269,86,296,55085.11328125,0.1725480556488037,0.3158682584762573,0.4591970443725586,0.24977384507656097,0.2094232141971588,538,41,35,114,-5,37,38,-1,0.23195084485407066,0.01866714470088482,0.009824715554714203,0.052386704832315445,0.00673153530806303,0.08548341691493988,0.17635388672351837,0.08186018466949463,0.03306930884718895,0.03279145061969757,0.0,0.006582419853657484,0.16791364550590515,0.03465167060494423,0.10766749083995819,0.07309673726558685,0.0735187754034996,0.01812906749546528,0.002575020771473646,0.005459201522171497,0.013237686827778816,1,1127,4.106080245554641,548,137,442,67679.1953125,0.2602095603942871,0.2851274609565735,0.41695553064346313,0.2301974594593048,0.18675805628299713,981,105,9,499,4,42,35,7,0.16415261756876665,0.032094165682792664,0.014692994765937328,0.037707485258579254,0.04705964773893356,0.07813430577516556,0.11236542463302612,0.11374153941869736,0.0743926391005516,0.03468521311879158,0.003575802780687809,0.01695261336863041,0.11645592749118805,0.04244799539446831,0.051011357456445694,0.03810560330748558,0.08607518672943115,0.031235992908477783,0.011534040793776512,0.015634939074516296,0.04209718480706215,-476,-0.7366398219565582,-279,-51,-146,-12594.08203125,-0.0876615047454834,0.030740797519683838,0.04224151372909546,-443,-64,26,-385,-9,-8,0.06779822728530402
g8455.t1,XP_069271038.1,0.7395,34.1,1,81,1.473097812659034,27,16,38,15193.8056640625,0.3363012671470642,0.15136954188346863,0.41113877296447754,0.35324063897132874,0.0578981451690197,62,3,0,0,11,12,4,8,0.3950617283950617,0.0029536643996834755,0.0,0.10119032114744186,0.0027461466379463673,0.024487106129527092,0.05520041286945343,0.13760890066623688,0.0026977320667356253,0.019077783450484276,0.0,0.0037837359122931957,0.21563172340393066,0.035464007407426834,0.06476611644029617,0.1308874785900116,0.0392548032104969,0.12421087175607681,,0.04003908112645149,0.0,1,112,2.5591225445348584,36,17,59,25129.609375,0.3015992045402527,0.19323980808258057,0.4887883961200714,0.31222137808799744,0.17656703293323517,69,8,0,49,6,16,13,3,0.5,0.02612842433154583,0.027775878086686134,0.01637265644967556,0.004207802005112171,0.03705553337931633,0.14519979059696198,0.21592867374420166,0.03136724233627319,0.019857099279761314,,0.07585218548774719,0.09629271924495697,0.024112137034535408,0.02060846984386444,0.048998501151800156,0.012090659700334072,0.0960392951965332,0.061539825052022934,0.02632121928036213,0.014251976273953915,-31,-1.0860247318758245,-9,-1,-21,-9935.8037109375,0.03470206260681152,-0.04187026619911194,-0.07764962315559387,-7,-5,0,-49,5,5,-0.1049382716049383
g17056.t1,XP_069269387.1,0.7394,25.4,1,303,1.9716711723186628,137,56,110,22106.390625,0.1592468023300171,0.2542554438114166,0.5650888085365295,0.40231066942214966,0.1627781242132187,286,29,0,224,8,28,16,12,0.20462046204620463,0.04416033625602722,0.014874137006700039,0.02140888385474682,0.004372005350887775,0.04054427146911621,0.1343781054019928,0.00201729079708457,0.028400029987096786,0.09541546553373337,,0.00014262780314311385,0.4002934396266937,0.04145132005214691,0.01847018674015999,0.0002919107209891081,0.08480876684188843,0.06692787259817123,0.0,0.0008757321047596633,0.0011676428839564323,1,257,1.8970038562808471,90,56,111,19910.36328125,0.15253764390945435,0.2806781232357025,0.5623324513435364,0.2924765646457672,0.26985588669776917,239,32,0,229,-1,24,19,5,0.22568093385214008,0.08125333487987518,0.047070469707250595,0.004451877903193235,0.0009501542081125081,0.09618508070707321,0.1818082630634308,0.03648102283477783,0.08804763853549957,0.03940286114811897,,0.0,0.255995512008667,0.01150211226195097,0.07614372670650482,0.016800835728645325,0.02187599241733551,0.04008655995130539,0.0,0.0003241072117816657,0.001620535971596837,46,0.07466731603781573,47,0,-1,2196.02734375,0.006709158420562744,-0.02642267942428589,0.002756357192993164,47,-3,0,-5,9,7,-0.021060471805935455
g14312.t1,XP_069264759.1,0.7366,45.8,1,309,2.905674307403476,95,32,182,40345.015625,0.23261430859565735,0.4831660985946655,0.28295978903770447,0.1173657774925232,0.16559401154518127,198,23,9,130,-5,16,18,-2,0.33980582524271846,0.03168373182415962,0.025679221376776695,0.0012598104076460004,0.010461987927556038,0.01483452320098877,0.1344882696866989,0.0892835408449173,0.031105749309062958,0.20841585099697113,0.0,0.050245024263858795,0.028082240372896194,0.05706486105918884,0.044698383659124374,0.07091832160949707,0.13929307460784912,0.01762891560792923,0.0,0.04477836191654205,7.815056596882641e-05,1,297,2.8953510537865497,96,30,171,42172.21875,0.43427520990371704,0.23444071412086487,0.3253929316997528,0.08332757651805878,0.24206534028053284,199,21,1,208,-13,12,25,-13,0.36363636363636365,0.1463536024093628,0.01898367516696453,0.005891178268939257,0.03779534995555878,0.058361705392599106,0.14811548590660095,0.04532559588551521,0.09394983947277069,0.06750153005123138,0.0,0.014290968887507915,0.038001980632543564,0.052973031997680664,0.026549512520432472,0.006793585140258074,0.048753317445516586,0.01785881817340851,0.09975802153348923,0.028655031695961952,0.04408778250217438,12,0.010323253616926209,-1,2,11,-1827.203125,-0.2016609013080597,0.24872538447380066,-0.04243314266204834,-1,2,8,-78,8,11,-0.023830538393645184
g19605.t1,XP_069266006.1,0.7362,37.0,1,211,3.1603068729060575,90,10,111,36990.1796875,0.22083789110183716,0.1375708281993866,0.6415911912918091,0.4842310845851898,0.15736012160778046,123,12,0,3,40,47,13,34,0.4028436018957346,0.029732510447502136,0.010651377029716969,,0.01788155734539032,0.006339737214148045,0.15335193276405334,0.18168510496616364,0.004008196294307709,0.024712566286325455,0.009269202128052711,0.03514320030808449,0.302545964717865,0.033383842557668686,0.004448233172297478,0.03355061635375023,0.047006502747535706,0.0559593066573143,0.002965721534565091,0.008984391577541828,0.03837992250919342,1,226,2.9730547695724923,97,10,119,35135.171875,0.18863315880298615,0.13807916641235352,0.6247653365135193,0.4970022141933441,0.12776312232017517,158,14,0,32,30,38,14,24,0.36283185840707965,0.09572319686412811,0.011837009340524673,0.04852231219410896,0.011017790995538235,0.01945561356842518,0.10143617540597916,0.19724583625793457,0.026326948776841164,0.009458734653890133,0.0,0.01634768210351467,0.29975637793540955,0.01974186673760414,0.03846900910139084,0.005509942304342985,0.04251110926270485,0.015499737113714218,0.0,0.01429235190153122,0.026848264038562775,-15,0.18725210333356523,-7,0,-8,1855.0078125,0.03220473229885101,-0.0005083382129669189,0.016825854778289795,-35,-2,0,-29,10,10,0.04001174348865494
g10715.t1,XP_069264868.1,0.7297,24.8,1,1163,4.684382814546927,319,117,727,123301.1875,0.05582519993185997,0.16184617578983307,0.7709887623786926,0.5664402842521667,0.20454846322536469,827,226,10,593,46,174,109,65,0.2751504729148753,0.006218790542334318,0.004220476374030113,0.011339915916323662,0.00889234896749258,0.10534487664699554,0.1911335289478302,0.038055311888456345,0.013414932414889336,0.016913749277591705,2.6502417313167825e-05,0.0,0.5283849239349365,0.028284981846809387,0.013028091751039028,0.003480344545096159,0.022312484681606293,0.0026160806883126497,0.0,0.006332657765597105,0.0,1,520,2.4983123722717737,200,93,227,32471.0546875,0.11950387805700302,0.343614399433136,0.5105435252189636,0.17654572427272797,0.33399781584739685,496,85,2,343,-20,24,35,-11,0.19230769230769232,0.055100712925195694,0.029666462913155556,0.026338214054703712,0.014803394675254822,0.10767367482185364,0.12279058247804642,0.13704398274421692,0.21120724081993103,0.03103385865688324,0.0,0.0002913042844738811,0.039501722902059555,0.029909418895840645,0.05704011768102646,0.006038723047822714,0.11790899187326431,0.0032203742302954197,0.0,0.010331885889172554,9.936684364220127e-05,643,2.1860704422751533,119,24,500,90830.1328125,-0.06367867812514305,-0.18176822364330292,0.260445237159729,331,141,8,250,66,76,0.082842780607183
g15515.t1,XP_069266560.1,0.7274,44.5,1,298,3.5824336478394323,119,0,179,51492.42578125,0.09304536879062653,0.35831794142723083,0.547759473323822,0.3056870698928833,0.2420724332332611,219,27,0,223,25,44,38,6,0.4664429530201342,0.01538125704973936,0.0014411937445402145,0.0008772484143264592,0.004386242013424635,0.22945833206176758,0.19097328186035156,0.027433043345808983,0.05109913647174835,0.04646603763103485,6.346136069623753e-05,0.0,0.27825403213500977,0.035333242267370224,0.039567407220602036,0.0,0.04132148623466492,0.037819307297468185,0.0,0.0,0.00012532119581010193,1,167,3.257528360274097,90,0,77,34422.2265625,0.36089009046554565,0.22810359299182892,0.3679006099700928,0.2422522008419037,0.1256483942270279,107,17,1,127,10,24,17,7,0.49700598802395207,0.023292552679777145,0.013739161193370819,0.04310565069317818,0.018669944256544113,0.025294935330748558,0.11245837062597275,0.13333091139793396,0.013190023601055145,0.038142163306474686,0.028920987620949745,0.06882714480161667,0.10892131179571152,0.0434475839138031,0.022009998559951782,0.06920530647039413,0.031169215217232704,0.06785961985588074,0.012508713640272617,0.042857687920331955,0.08304866403341293,131,0.3249052875653353,29,0,102,17070.19921875,-0.26784472167491913,0.13021434843540192,0.17985886335372925,112,10,-1,96,15,-1,-0.03056303500381785
g17996.t1,XP_069271964.1,0.7231,34.2,1,298,3.657187665186396,59,39,200,46581.91015625,0.13608688116073608,0.38027307391166687,0.4613321125507355,0.38588470220565796,0.0754474475979805,151,13,0,77,49,47,12,35,0.37583892617449666,0.011949650943279266,0.003386403899639845,0.022307872772216797,0.01322034653276205,0.015988975763320923,0.06379424035549164,0.10090591013431549,0.011653203517198563,0.03393319621682167,,0.0313771590590477,0.2849787771701813,0.049509238451719284,0.009561151266098022,0.02916101925075054,0.2860261797904968,0.005374545697122812,0.012675692327320576,0.002975282957777381,0.011221105232834816,1,190,2.8414126340052213,52,29,109,32814.46875,0.20735591650009155,0.20447787642478943,0.5706546306610107,0.40614745020866394,0.1645071804523468,115,6,0,102,16,30,15,15,0.38421052631578945,0.012880830094218254,0.008581035770475864,0.01751154288649559,0.006476127542555332,0.05405300110578537,0.12174477428197861,0.09986484795808792,0.04276241734623909,0.033830270171165466,,0.035361919552087784,0.30628257989883423,0.043165527284145355,0.0,0.0007866155356168747,0.07265166938304901,0.06473734229803085,0.020735764876008034,0.004788877908140421,0.05378483980894089,108,0.8157750311811749,7,10,91,13767.44140625,-0.07126903533935547,0.17579519748687744,-0.10932251811027527,36,7,0,-25,33,20,-0.00837160014129279
g9832.t1,XP_069268074.1,0.7128,39.1,1,210,3.8465742226041915,28,29,153,59744.3828125,0.13091343641281128,0.20440571010112762,0.6646808385848999,0.36429300904273987,0.30038776993751526,54,2,0,12,-10,40,49,-9,0.6666666666666666,0.005686451215296984,0.0040946295484900475,,0.022336259484291077,0.0057168942876160145,0.24753931164741516,0.010284468531608582,0.05284847691655159,0.009116970002651215,,0.0,0.3540084958076477,0.07838078588247299,0.03840439021587372,0.0003780409460887313,0.14707282185554504,0.007822135463356972,,0.004914532881230116,0.011395234614610672,1,167,3.5721003937389577,62,29,76,33048.953125,0.1978568434715271,0.19169695675373077,0.6033719778060913,0.2859378159046173,0.317434161901474,97,5,0,0,-4,21,23,-2,0.46706586826347307,0.008981895633041859,0.02294166199862957,0.0070742154493927956,0.044283635914325714,0.009196880273520947,0.22354154288768768,0.10890617966651917,0.09389261901378632,0.029010873287916183,,0.0,0.17703160643577576,0.05950460582971573,0.06424115598201752,0.046668726950883865,0.06630638241767883,0.03431755676865578,,0.0005857758806087077,0.0035146549344062805,43,0.27447382886523375,-34,0,77,26695.4296875,-0.06694340705871582,0.01270875334739685,0.061308860778808594,-43,-3,0,12,-6,-7,0.19960079840319356
g9206.t1,XP_069272167.1,0.7056,36.5,1,146,2.9538168233677253,42,0,104,33124.390625,0.33523696660995483,0.16397996246814728,0.5007830858230591,0.25037676095962524,0.25040629506111145,55,3,0,30,-7,15,21,-6,0.5,0.07038113474845886,0.04553573951125145,0.0,0.03440655767917633,0.03656958043575287,0.1987120509147644,0.012446177192032337,0.051694247871637344,0.03938524052500725,0.0,0.016834942623972893,0.237930566072464,0.08180377632379532,0.007052621804177761,0.06674345582723618,0.018601834774017334,0.0343785360455513,0.0,0.004961092956364155,0.04256240278482437,1,182,2.822549174025526,65,0,117,31863.720703125,0.3612655997276306,0.2078668773174286,0.37768450379371643,0.14602352678775787,0.23166099190711975,82,2,0,41,-12,11,23,-12,0.47802197802197804,0.11378093808889389,0.05644789710640907,0.05318296328186989,0.010832597501575947,0.045364294201135635,0.14150166511535645,0.06947458535432816,0.09015931934118271,0.020776618272066116,0.020708877593278885,0.0015855440869927406,0.07654895633459091,0.03508209437131882,0.02608572505414486,0.06937256455421448,0.03689791262149811,0.05896037817001343,0.004554810468107462,0.03310766816139221,0.035574547946453094,-36,0.13126764934219937,-23,0,-13,1260.669921875,-0.02602863311767578,-0.04388691484928131,0.12309858202934265,-27,1,0,-11,5,6,0.021978021978021955
g14833.t1,XP_069268117.1,0.7038,23.4,1,167,3.124401727957003,88,0,79,36780.796875,0.23843860626220703,0.39285364747047424,0.3477281630039215,0.2964353859424591,0.051292769610881805,122,8,0,16,14,25,9,16,0.48502994011976047,0.017193838953971863,0.0,0.020979585126042366,0.00043861829908564687,0.21491418778896332,0.04074075445532799,0.20483334362506866,0.010552015155553818,0.07180069386959076,0.0,0.012990277260541916,0.09160204231739044,0.06143428757786751,0.015032830648124218,0.025278137996792793,0.07811571657657623,0.04399314522743225,0.016827596351504326,0.014913023449480534,0.058359961956739426,1,123,1.7718767267886142,78,0,45,18339.357421875,0.3842557668685913,0.3432920575141907,0.2660663425922394,0.25195246934890747,0.01411385927349329,119,14,0,117,8,14,4,10,0.3333333333333333,0.013547043316066265,0.015025625005364418,0.0063858251087367535,0.0312363188713789,0.030843237414956093,0.013770008459687233,0.166240856051445,0.00034384909668006003,0.03759406879544258,,0.03505019471049309,0.08571162819862366,0.047694046050310135,0.14733728766441345,0.0406365692615509,0.07744162529706955,0.08142410963773727,0.0138386907055974,0.07142986357212067,0.08444909751415253,44,1.3525250011683887,10,0,34,18441.439453125,-0.14581716060638428,0.04956158995628357,0.08166182041168213,3,-6,0,-101,6,6,0.15169660678642716
g16170.t1,XP_069267748.1,0.6979,45.2,1,196,4.460623134195305,42,0,154,60238.6953125,0.11340107023715973,0.5999835729598999,0.26112061738967896,0.22668218612670898,0.03443845361471176,70,0,0,10,28,29,6,23,0.7397959183673469,0.024032549932599068,0.006675461307168007,0.025494789704680443,0.0028388220816850662,0.013735798187553883,0.0249145720154047,0.05748838186264038,0.009523885324597359,0.05454722419381142,0.001835505710914731,0.007396199274808168,0.1691937893629074,0.04899398237466812,0.016762688755989075,0.0,0.49903061985969543,0.02784494310617447,0.00942295789718628,0.0001606880541658029,0.0001071253718691878,1,108,3.3043802936740927,29,0,79,30513.10546875,0.2237062305212021,0.16632436215877533,0.5250402092933655,0.42932263016700745,0.09571760147809982,56,4,0,0,17,25,7,18,0.6388888888888888,0.045549120754003525,0.007271825335919857,0.08492917567491531,0.032390765845775604,0.0399034321308136,0.033448949456214905,0.19038112461566925,0.062268659472465515,0.004700575023889542,0.00353411165997386,0.0014804014936089516,0.238941490650177,0.011948955245316029,0.08580510318279266,0.04546947032213211,0.02362891659140587,0.07449960708618164,0.005706098396331072,0.0,0.008142208680510521,88,1.156242840521212,13,0,75,29725.58984375,-0.11030516028404236,0.4336592108011246,-0.2639195919036865,14,-4,0,10,11,5,0.10090702947845809
g11568.t1,XP_069268973.1,0.6884,56.4,1,180,2.971874915130754,12,36,132,34304.9765625,0.22369249165058136,0.19440197944641113,0.5782535076141357,0.21829354763031006,0.3599599301815033,93,14,1,36,-9,23,28,-5,0.45555555555555555,0.020311539992690086,0.006671159993857145,0.0036520378198474646,0.030065355822443962,0.007049523293972015,0.2496352195739746,0.09029390662908554,0.11032471060752869,0.025907058268785477,0.0,0.019216012209653854,0.12799963355064392,0.013920103199779987,0.08845112472772598,0.06103089079260826,0.04710710048675537,0.05057220906019211,0.0020692048128694296,0.017964458093047142,0.027758726850152016,1,149,2.5108344449168247,22,36,91,26988.50390625,0.18733073770999908,0.17157618701457977,0.6395388841629028,0.25457483530044556,0.3849640488624573,103,25,0,31,-6,20,24,-4,0.40268456375838924,0.0102838771417737,0.009533852338790894,0.0015541838947683573,0.009444656781852245,0.0,0.29032325744628906,0.04659617319703102,0.09464077651500702,0.009420125745236874,0.0,0.05668438971042633,0.20797866582870483,0.017813339829444885,0.05821191892027855,0.009392495267093182,0.037725891917943954,0.06144989654421806,0.005738525185734034,0.06436104327440262,0.008846893906593323,31,0.46104047021392924,-10,0,41,7316.47265625,0.036361753940582275,0.02282579243183136,-0.06128537654876709,-10,-11,1,5,-3,-1,0.05287099179716631
g17131.t1,XP_069270585.1,0.6851,58.8,1,139,3.298464949867283,75,0,64,32066.634765625,0.23031750321388245,0.17220044136047363,0.5817344188690186,0.461780309677124,0.11995416134595871,101,11,0,18,16,26,8,18,0.4748201438848921,0.07826277613639832,0.008598648943006992,0.015747595578432083,0.007813953794538975,0.008079110644757748,0.08457023650407791,0.126636803150177,0.035383932292461395,0.046018801629543304,,0.022185616195201874,0.33514347672462463,0.06582322716712952,0.014993134886026382,0.012847251258790493,0.07232513278722763,0.0633566677570343,,0.002213641069829464,0.0,1,140,3.0300077573944297,70,0,70,33533.05078125,0.22657442092895508,0.1673147827386856,0.5911589860916138,0.5008318424224854,0.090327188372612,107,15,0,18,17,28,8,20,0.5571428571428572,0.08716804534196854,0.013604118488729,0.014951747842133045,0.001692471792921424,0.06372026354074478,0.07185856997966766,0.09460996836423874,0.018468623980879784,0.058222487568855286,,0.027438709512352943,0.4062218964099884,0.06022267788648605,0.001410393277183175,0.009217365644872189,0.0029188154730945826,0.06413640826940536,,0.004041234962642193,9.621988283470273e-05,-1,0.2684571924728534,5,0,-6,-1466.416015625,0.003743082284927368,0.004885658621788025,-0.009424567222595215,-6,-4,0,0,-1,-2,-0.08232271325796509
g13229.t2,XP_069271181.1,0.6753,38.3,1,632,4.107278301411501,124,143,365,74260.390625,0.3105301558971405,0.2924838662147522,0.3544774353504181,0.26220008730888367,0.09227734804153442,400,34,6,157,10,41,28,13,0.314873417721519,0.037120845168828964,0.0055304705165326595,0.04250851273536682,0.0352073535323143,0.05987812951207161,0.04799991473555565,0.0716235414147377,0.044277433305978775,0.0735803171992302,0.0,0.01654905080795288,0.19057652354240417,0.10158184915781021,0.06519051641225815,0.03047352470457554,0.07175538688898087,0.03917911648750305,4.344909029896371e-05,0.02317919209599495,0.043744828552007675,1,477,3.772200099916978,115,112,250,59101.140625,0.28559982776641846,0.17984716594219208,0.5291227698326111,0.28936848044395447,0.23975425958633423,315,38,0,144,-6,38,39,-1,0.31027253668763105,0.053437039256095886,0.01827344298362732,0.005430299788713455,0.006223674397915602,0.027271799743175507,0.21670125424861908,0.14996524155139923,0.023052986711263657,0.020119644701480865,0.0,0.03964751958847046,0.13940323889255524,0.06364978849887848,0.027203183621168137,0.08638280630111694,0.047331567853689194,0.04828253388404846,0.00804974976927042,0.004968020599335432,0.014606201089918613,155,0.33507820149452305,9,31,115,15159.25,0.024930328130722046,0.11263670027256012,-0.174645334482193,85,-4,6,13,16,14,0.004600881033887949
g3192.t1,XP_069268124.1,0.6709,34.0,1,243,2.8515525794392897,75,42,126,37060.5859375,0.12065663188695908,0.3342282772064209,0.545115053653717,0.3448982238769531,0.20021682977676392,176,26,0,462,-3,30,29,1,0.411522633744856,0.0179346464574337,0.005087000783532858,0.0,0.008292392827570438,0.07547444105148315,0.17374016344547272,0.03042266145348549,0.0264766626060009,0.054811857640743256,0.0022925236262381077,0.008226892910897732,0.31447556614875793,0.0686914399266243,0.05111513286828995,0.004574556834995747,0.13722044229507446,0.0,0.0002552295627538115,0.008806821890175343,0.012101532891392708,1,413,2.847367219963813,188,64,161,33982.1328125,0.154705211520195,0.16372430324554443,0.6796155571937561,0.3385581374168396,0.3410574197769165,365,31,0,587,-2,37,40,-3,0.22518159806295399,0.033589161932468414,0.014634433202445507,0.001954929670318961,0.011480087414383888,0.015048861503601074,0.2558229863643646,0.038848474621772766,0.08523441851139069,0.033977918326854706,0.0,0.016268035396933556,0.29970964789390564,0.053723424673080444,0.035188112407922745,0.00968256313353777,0.048606954514980316,0.03569071739912033,0.0,0.00237370771355927,0.008165555074810982,-170,0.004185359475476602,-113,-22,-35,3078.453125,-0.03404857963323593,0.17050397396087646,-0.13450050354003906,-189,-5,0,-125,-1,4,0.186341035681902
g14312.t1,XP_069270333.1,0.6669,21.1,1,309,2.905674307403476,95,32,182,40345.015625,0.23261430859565735,0.4831660985946655,0.28295978903770447,0.1173657774925232,0.16559401154518127,198,23,9,130,-5,16,18,-2,0.33980582524271846,0.03168373182415962,0.025679221376776695,0.0012598104076460004,0.010461987927556038,0.01483452320098877,0.1344882696866989,0.0892835408449173,0.031105749309062958,0.20841585099697113,0.0,0.050245024263858795,0.028082240372896194,0.05706486105918884,0.044698383659124374,0.07091832160949707,0.13929307460784912,0.01762891560792923,0.0,0.04477836191654205,7.815056596882641e-05,1,332,2.8949553961926053,130,35,167,40164.9140625,0.28393110632896423,0.24425257742404938,0.46609506011009216,0.2868953347206116,0.1791997253894806,245,31,13,40,3,28,20,8,0.3072289156626506,0.04301556944847107,0.011078961193561554,0.0057213022373616695,0.012370946817100048,0.043405234813690186,0.12649992108345032,0.22128616273403168,0.05269981548190117,0.058036480098962784,0.005342061631381512,0.0020501830149441957,0.0656091570854187,0.04418284818530083,0.0380978062748909,0.05122645944356918,0.08624184131622314,0.0764080062508583,0.004980612546205521,0.009800559841096401,0.04194611310958862,-23,0.010718911210870541,-35,-3,15,180.1015625,-0.051316797733306885,0.23891352117061615,-0.1831352710723877,-47,-8,-4,90,-8,-10,0.03257690958006787
g9379.t2,XP_069272309.1,0.6596,13.8,1,495,2.6409849150514453,182,137,176,36173.89453125,0.3522472381591797,0.2384823113679886,0.39554697275161743,0.19335544109344482,0.2021915167570114,479,57,25,277,-6,20,23,-3,0.19393939393939394,0.019180526956915855,0.006793820299208164,0.013723519630730152,0.05788903310894966,0.05194436013698578,0.17025364935398102,0.08961115777492523,0.0319378599524498,0.01510600559413433,0.0034008254297077656,0.035983916372060776,0.10374429821968079,0.054320015013217926,0.0478607676923275,0.07656572759151459,0.07739261537790298,0.0651860311627388,0.0,0.04067311808466911,0.038432784378528595,1,1068,4.278717579772294,260,193,615,104625.671875,0.19777679443359375,0.31492453813552856,0.4447871744632721,0.2936013340950012,0.1511857658624649,764,103,23,266,-6,65,52,13,0.24250936329588016,0.03697847202420235,0.015211268328130245,0.04251151904463768,0.025528738275170326,0.07932700216770172,0.07957769185304642,0.24506305158138275,0.07160808145999908,0.05248994752764702,0.0,0.054614998400211334,0.04853830114006996,0.041981879621744156,0.0614563524723053,0.02379482239484787,0.051824986934661865,0.03239431232213974,0.01603836379945278,0.007062120363116264,0.01399807259440422,-573,-1.6377326647208483,-78,-56,-439,-68451.77734375,0.15447044372558594,-0.07644222676753998,-0.04924020171165466,-285,-46,2,11,0,-16,-0.04856996935648622
g1192.t3,XP_069269784.1,0.6576,34.5,1,226,3.5743644197102347,54,36,136,44405.3046875,0.17274388670921326,0.2937721014022827,0.34300607442855835,0.19408012926578522,0.14892596006393433,118,11,10,16,3,21,16,5,0.43805309734513276,0.0024704833049327135,0.0007266128668561578,0.19047796726226807,0.009736612439155579,0.03031427040696144,0.12196216732263565,0.08291325718164444,0.026963796466588974,0.10027691721916199,0.0,0.01702810637652874,0.11116687208414078,0.04148627445101738,0.041093092411756516,0.03728826344013214,0.10433311760425568,0.03196193277835846,0.00547694880515337,0.010681207291781902,0.03364217281341553,1,186,3.137028670396163,29,26,131,32949.4453125,0.3346175253391266,0.1370919793844223,0.4888930022716522,0.3574344217777252,0.131458580493927,99,8,3,71,-2,20,13,7,0.3924731182795699,0.041755255311727524,0.014523414894938469,0.039397478103637695,0.02181699126958847,0.03408871218562126,0.06258708983659744,0.22555027902126312,0.06887149810791016,0.01573645882308483,0.0,0.049622759222984314,0.13188417255878448,0.0631897896528244,0.016214871779084206,0.012207030318677425,0.006905762478709221,0.07594667375087738,0.009045491926372051,0.030438780784606934,0.08021748065948486,40,0.4373357493140717,25,10,5,11455.859375,-0.16187363862991333,0.1566801220178604,-0.14588692784309387,19,3,7,-55,5,-2,0.04557997906556288
g7397.t1,XP_069269503.1,0.6563,26.6,1,204,2.2546124618325227,110,0,94,26503.041015625,0.200095072388649,0.2934451997280121,0.49912604689598083,0.3733935058116913,0.12573255598545074,143,26,1,239,17,24,11,13,0.3333333333333333,0.000730454979930073,0.0003652274899650365,0.007333685178309679,0.021670162677764893,0.07209865003824234,0.09396838396787643,0.1927003562450409,0.03176417574286461,0.052691150456666946,0.012193200178444386,0.06864507496356964,0.1806931495666504,0.043459296226501465,0.012749260291457176,0.04075320437550545,0.07470263540744781,0.046763770282268524,0.014951741322875023,0.003403238719329238,0.028363224118947983,1,122,1.888872044117577,79,0,43,19393.2734375,0.262623131275177,0.1018049567937851,0.588685929775238,0.43281859159469604,0.1558673083782196,113,16,0,29,3,16,10,6,0.36885245901639346,0.0091164605692029,0.0,0.046885985881090164,0.014640958048403263,0.005894654896110296,0.15017694234848022,0.29384395480155945,0.005690349731594324,0.013476335443556309,0.0,0.04397715628147125,0.1389746516942978,0.08468461781740189,0.01953628472983837,0.05197660252451897,0.018920525908470154,0.012834223918616772,0.07622668147087097,0.0031611155718564987,0.00998247042298317,82,0.3657404177149457,31,0,51,7109.767578125,-0.06252805888652802,0.191640242934227,-0.0895598828792572,30,10,1,210,14,7,-0.03551912568306015
g6448.t1,XP_069272138.1,0.6508,41.3,1,129,2.873380461765209,47,2,80,29817.890625,0.3604658544063568,0.28795358538627625,0.33668777346611023,0.21522262692451477,0.12146514654159546,82,7,0,52,-3,12,13,-1,0.49612403100775193,0.010144452564418316,0.016185754910111427,0.01489280629903078,0.008759946562349796,0.05483440309762955,0.06915488839149475,0.14850811660289764,0.0523102693259716,0.022994114086031914,0.013794668018817902,0.049151040613651276,0.06671451777219772,0.046836968511343,0.060293424874544144,0.0896371454000473,0.07070018351078033,0.0679209902882576,0.05787429213523865,0.0,0.07929206639528275,1,138,3.4395075055662114,45,2,91,30077.8671875,0.3922509551048279,0.18775132298469543,0.4155595600605011,0.2982129454612732,0.11734660714864731,76,3,0,18,-3,14,14,0,0.5434782608695652,0.025584131479263306,0.0014732868876308203,0.004438150208443403,0.039786096662282944,0.06893099844455719,0.0538770891726017,0.23453912138938904,0.06346951425075531,0.033121924847364426,,0.00432971864938736,0.06367383897304535,0.09068701416254044,0.047276776283979416,0.04323317110538483,0.03261861205101013,0.09117583930492401,,0.011907314881682396,0.0898774042725563,-9,-0.5661270438010026,2,0,-11,-259.9765625,-0.03178510069847107,0.10020226240158081,-0.07887178659439087,6,4,0,34,0,-1,-0.04735422986181326
g17321.t1,XP_069266098.1,0.6463,36.7,1,355,2.950300821102063,153,48,154,31343.37109375,0.1658967137336731,0.25813913345336914,0.5452871322631836,0.3516550362110138,0.19363214075565338,293,51,2,358,4,33,27,6,0.23098591549295774,0.005250037182122469,0.023243170231580734,0.03067701868712902,0.0016470705159008503,0.04634837806224823,0.10366267710924149,0.0859823003411293,0.08996947109699249,0.0554676428437233,0.00218940619379282,0.012988487258553505,0.2656727731227875,0.014514808543026447,0.11790204048156738,0.02404615841805935,0.0,0.05183466896414757,0.029074274003505707,0.00010294190724380314,0.03942675143480301,1,368,2.8068619837615394,152,49,167,34150.96875,0.260331392288208,0.11292117089033127,0.6035965085029602,0.3437824547290802,0.2598140239715576,310,39,4,280,-4,34,31,3,0.22282608695652173,0.04569733887910843,0.016545476391911507,0.023150872439146042,0.000850310199894011,0.025643229484558105,0.18285535275936127,0.13655804097652435,0.07695866376161575,0.019152779132127762,0.0,0.0,0.20722442865371704,0.010280968621373177,0.012325304560363293,0.08019357919692993,0.039254382252693176,0.050106681883335114,0.056198474019765854,0.015116626396775246,0.001887424266897142,-13,0.14343883734052376,1,-1,-13,-2807.59765625,-0.09443467855453491,0.14521796256303787,-0.05830937623977661,-17,12,-2,78,8,3,0.008159828536436015
g18427.t1,XP_069269990.1,0.645,27.9,1,192,2.817183379484323,8,59,125,35307.7734375,0.261465460062027,0.13544608652591705,0.5969194769859314,0.2686866223812103,0.32823288440704346,127,40,0,92,-15,25,39,-14,0.453125,0.0022720859851688147,0.013018897734582424,0.0061688912101089954,0.06359699368476868,0.05180530622601509,0.1967550814151764,0.010398892685770988,0.13147777318954468,0.0343090295791626,0.0,0.0019646012224256992,0.2582877278327942,0.010415629483759403,0.022524001076817513,0.029614202678203583,0.011824247427284718,0.10941197723150253,0.011418764479458332,0.017738521099090576,0.0169973224401474,1,210,3.0944124987739277,9,59,142,41042.51171875,0.1609012484550476,0.17878223955631256,0.6545065641403198,0.21393656730651855,0.4405699670314789,122,12,0,93,-27,17,45,-28,0.44761904761904764,0.022878188639879227,0.01880202814936638,0.005810015834867954,0.01336151547729969,0.05104239657521248,0.27348625659942627,0.021824881434440613,0.16708368062973022,0.04130735248327255,,0.009181301109492779,0.19211168587207794,0.030727604404091835,0.038653455674648285,0.01917661912739277,0.019795695319771767,0.03930564969778061,0.0013364505721256137,0.0070753260515630245,0.02703988179564476,-18,-0.2772291192896046,-1,0,-17,-5734.73828125,0.10056421160697937,-0.04333615303039551,-0.05758708715438843,5,28,0,-1,12,14,0.005505952380952361
g8640.t1,XP_069265148.1,0.6067,43.7,1,188,3.4479473025801397,40,19,129,41931.2734375,0.24944724142551422,0.2682850658893585,0.4713219404220581,0.3610803484916687,0.1102416142821312,84,5,0,264,18,30,11,19,0.4521276595744681,0.024546552449464798,0.007369557395577431,0.010945701971650124,0.05124766752123833,0.0627060979604721,0.10159429162740707,0.25242939591407776,0.008647325448691845,0.057569779455661774,0.0,0.055777713656425476,0.10865096002817154,0.07264961302280426,0.007925937883555889,0.02016049437224865,0.07693597674369812,0.008920414373278618,0.030081843957304955,0.01115401554852724,0.0306866392493248,1,175,3.2070980126487307,40,17,118,35616.1015625,0.23977790772914886,0.18807587027549744,0.5365169644355774,0.3355312645435333,0.20098572969436646,92,7,0,173,8,25,18,7,0.44571428571428573,0.025709981098771095,0.03235863894224167,0.03562930226325989,0.0033519170247018337,0.06424430012702942,0.11352256685495377,0.26150044798851013,0.08746316283941269,0.001982704969123006,,0.04597114026546478,0.0740307867527008,0.040494780987501144,0.0175948329269886,0.0074285720475018024,0.02592424675822258,0.08019102364778519,0.026452964171767235,0.0037142864894121885,0.05243438109755516,13,0.24084928993140897,0,2,11,6315.171875,0.009669333696365356,0.08020919561386108,-0.06519502401351929,-8,-2,0,91,10,12,0.00641337386018237
g17362.t1,XP_069272496.1,0.6052,86.7,1,128,2.5986396276005843,32,34,62,20124.677734375,0.09695469588041306,0.29303666949272156,0.5967532396316528,0.45437753200531006,0.14237570762634277,107,10,6,3,15,22,9,13,0.4375,0.01048660185188055,0.04940330609679222,0.013255380094051361,0.0,0.02501795068383217,0.1088002398610115,0.11625229567289352,0.03357545658946037,0.04241957888007164,0.0,0.04557080194354057,0.3381252586841583,0.01843770034611225,0.046986378729343414,0.06274566799402237,0.08363863080739975,0.0003145578084513545,,0.001763606327585876,0.003206556895747781,1,149,2.9758503836558323,29,36,84,26143.708984375,0.25077566504478455,0.26759108901023865,0.43283048272132874,0.30412760376930237,0.12870289385318756,110,11,10,3,12,22,13,9,0.44966442953020136,0.014108403585851192,0.03963180258870125,0.04880271852016449,0.0,0.021041423082351685,0.045341528952121735,0.14056046307086945,0.08336136490106583,0.040950365364551544,0.009469497948884964,0.03454604372382164,0.16356715559959412,0.021830523386597633,0.07344816625118256,0.10803305357694626,0.04850378632545471,0.06793335825204849,,0.01974089816212654,0.019129445776343346,-21,-0.377210756055248,3,-2,-22,-6019.03125,-0.1538209691643715,0.02544558048248291,0.1639227569103241,-3,-1,-4,0,3,4,-0.01216442953020136
g7743.t1,XP_069271270.1,0.5946,30.9,1,503,3.887454739699156,171,99,233,58581.94140625,0.16091705858707428,0.3280367851257324,0.5110461115837097,0.2706053555011749,0.24044078588485718,406,61,2,171,-5,55,51,4,0.32803180914512925,0.026732327416539192,0.013824592344462872,0.0,0.0016961010405793786,0.015885312110185623,0.1643960028886795,0.031097067520022392,0.07604479789733887,0.1417854130268097,0.0,0.0028175690677016973,0.2395082712173462,0.06591610610485077,0.059301432222127914,0.007604287937283516,0.09442248195409775,0.02933969534933567,0.01740134507417679,0.008812397718429565,0.0034148043487221003,1,499,4.156855556820551,46,116,337,83793.3125,0.17560581862926483,0.13389314711093903,0.6829023957252502,0.3167625665664673,0.36613982915878296,246,41,0,115,-46,57,88,-31,0.42685370741482964,0.015343600884079933,0.01794549450278282,0.007598564960062504,0.030091147869825363,0.024335401132702827,0.2357153445482254,0.04601722210645676,0.13042448461055756,0.016307059675455093,0.0,0.010914912447333336,0.27074533700942993,0.04311332106590271,0.034131407737731934,0.0500672347843647,0.030258875340223312,0.010806553065776825,0.0,0.021879196166992188,0.004304772242903709,4,-0.26940081712139463,125,-17,-104,-25211.37109375,-0.014688760042190552,0.1941436380147934,-0.17185628414154053,160,20,2,56,41,35,-0.09882189826970039
g3978.t1,XP_069266599.1,0.5819,75.1,1,173,3.7284815093430272,27,42,104,28789.15234375,0.16279107332229614,0.2874334454536438,0.5475403666496277,0.4161463975906372,0.13139395415782928,108,16,6,40,23,33,13,20,0.4277456647398844,0.04625784233212471,0.07275652140378952,0.0022351073566824198,0.0360012948513031,0.010287909768521786,0.07307568937540054,0.09567023068666458,0.058318257331848145,0.06954866647720337,0.007228315342217684,0.0027507739141583443,0.3204761743545532,0.03113642893731594,0.030062709003686905,0.024849653244018555,0.09479855000972748,0.0034757591784000397,,0.007172803860157728,0.013897309079766273,1,154,3.9454158189252007,23,44,87,27950.1875,0.14415180683135986,0.23150888085365295,0.6049197316169739,0.4172865152359009,0.18763315677642822,92,13,6,31,16,28,16,12,0.461038961038961,0.056774288415908813,0.057948287576436996,0.01941962167620659,0.018210437148809433,0.0327945277094841,0.10643257945775986,0.06839929521083832,0.08120057731866837,0.06664080172777176,0.00011280731996521354,0.005475284066051245,0.34888726472854614,0.012312512844800949,0.023065952584147453,0.03931964933872223,0.04547121003270149,0.00033973163226619363,,0.014886387623846531,0.002308783121407032,19,-0.2169343095821734,4,-2,17,838.96484375,0.01863926649093628,0.055924564599990845,-0.05737936496734619,16,3,0,9,7,8,-0.033293296299076625
g8636.t1,XP_069271186.1,0.5755,15.8,1,257,1.8492381696623434,110,34,113,21964.2421875,0.27565115690231323,0.1656031757593155,0.518928587436676,0.2598102390766144,0.25911828875541687,247,30,5,101,1,17,20,-3,0.2178988326848249,0.026367852464318275,0.0023503992706537247,0.03981710597872734,0.008366599678993225,0.031322259455919266,0.1818506419658661,0.06377439945936203,0.07726766169071198,0.056615378707647324,0.0,0.0011751996353268623,0.19603581726551056,0.055087484419345856,0.015845034271478653,0.035815875977277756,0.05829489976167679,0.11909449100494385,0.03091885894536972,0.0,0.0,1,272,2.069728019909918,95,45,132,25401.455078125,0.23142938315868378,0.33239978551864624,0.41729041934013367,0.2632159888744354,0.15407446026802063,241,19,0,216,4,16,12,4,0.22058823529411764,0.06610163301229477,0.03423137962818146,0.018880397081375122,0.04166324809193611,0.11180902272462845,0.13454321026802063,0.19054222106933594,0.01953125,0.1332041472196579,0.0,0.0068269409239292145,0.0726737305521965,0.04915755242109299,0.025256715714931488,0.0006351104821078479,0.021071597933769226,0.0,0.0,0.00685919402167201,0.06701265275478363,-15,-0.22048985024757473,15,-11,-19,-3437.212890625,0.044221773743629456,-0.16679660975933075,0.10163816809654236,6,11,5,-115,-3,-7,-0.0026894026092927348
g10268.t3,XP_069271626.1,0.5689,26.5,1,692,3.463541666437159,249,173,270,55948.4921875,0.2163972407579422,0.25248050689697266,0.5173553228378296,0.37840908765792847,0.13894623517990112,606,101,6,110,7,61,32,29,0.2153179190751445,0.030981600284576416,0.03056117333471775,0.013766856864094734,0.014868145808577538,0.05272052437067032,0.08485826104879379,0.16768698394298553,0.05408798158168793,0.009236032143235207,0.0,0.03548869118094444,0.21072210371494293,0.04819837957620621,0.029309185221791267,0.023282431066036224,0.09516490250825882,0.04081026837229729,0.005154614802449942,0.00668971287086606,0.046412110328674316,1,154,2.6887454326955202,92,12,50,25944.935546875,0.20405635237693787,0.2971224784851074,0.471923291683197,0.22648729383945465,0.24543599784374237,131,10,0,43,-8,17,20,-3,0.42207792207792205,0.025101138278841972,0.01715785637497902,0.026897922158241272,0.0,0.05232219398021698,0.19179196655750275,0.08315902203321457,0.053644031286239624,0.0849449411034584,0.0,0.013613753020763397,0.14332826435565948,0.02337992750108242,0.04913678020238876,0.09420446306467056,0.07994692027568817,0.02383263036608696,0.01751602441072464,0.01852983422577381,0.0014923358103260398,538,0.7747962337416388,157,161,220,30003.556640625,0.012340888381004333,-0.044641971588134766,0.04543203115463257,475,91,6,67,15,32,-0.20676000300277755
g6022.t1,XP_069265551.1,0.5619,46.1,1,129,2.3961749709967033,80,0,49,24521.66015625,0.22407130897045135,0.24584777653217316,0.5300808548927307,0.20936425030231476,0.32071658968925476,70,2,0,0,-7,16,21,-5,0.5271317829457365,0.07441531866788864,0.10338427126407623,,0.0017045331187546253,0.05857396125793457,0.24084164202213287,0.009293558076024055,0.07987494766712189,0.008947402238845825,,0.0,0.20007070899009705,0.015921112149953842,0.04126942157745361,0.04534050077199936,0.03367273136973381,0.0,,0.01684216782450676,0.06984768062829971,1,125,2.542377010690083,56,0,69,24741.41015625,0.41039708256721497,0.16493001580238342,0.42467284202575684,0.11229652911424637,0.31237632036209106,63,5,0,0,-11,11,23,-12,0.584,0.16293933987617493,0.06889606267213821,0.0,0.010616379790008068,0.042360641062259674,0.19842331111431122,0.031857237219810486,0.11395300179719925,0.013562309555709362,0.002773623913526535,0.0,0.08043929189443588,0.03636676445603371,0.01774538867175579,0.0685361921787262,0.019592007622122765,0.06332791596651077,,0.0,0.06861051917076111,4,-0.14620203969337986,24,0,-20,-219.75,-0.1863257735967636,0.08091776072978973,0.10540801286697388,7,-3,0,0,4,7,-0.05686821705426348
g9207.t1,XP_069266950.1,0.5466,25.4,1,870,6.641111418412547,623,14,233,75213.875,0.16789984703063965,0.25097161531448364,0.553777813911438,0.2895544469356537,0.2642233967781067,841,117,1,390,-15,85,85,0,0.25517241379310346,0.0364379808306694,0.01737734116613865,0.02735077776014805,0.00801708921790123,0.026756858453154564,0.1867709457874298,0.09952844679355621,0.07745243608951569,0.0362580232322216,0.0,0.0037018321454524994,0.19002600014209747,0.04916103184223175,0.06283651292324066,0.018914232030510902,0.10404102504253387,0.0398745983839035,0.003311803098767996,0.012011520564556122,0.0001715931430226192,1,644,7.554603570060809,443,11,190,61909.80859375,0.16293315589427948,0.19845148921012878,0.5807488560676575,0.27681612968444824,0.3039327561855316,643,77,5,450,-37,48,69,-21,0.2639751552795031,0.01950089819729328,0.0195476021617651,0.05786653980612755,0.020625215023756027,0.0230204239487648,0.19499221444129944,0.17567043006420135,0.10894053429365158,0.02049705572426319,0.003279798896983266,0.0074416943825781345,0.1011456698179245,0.03823358938097954,0.06298178434371948,0.04622767120599747,0.06168312951922417,0.029277432709932327,0.00297066243365407,0.005993442144244909,0.00010423376807011664,226,-0.9134921516482626,180,3,43,13304.06640625,0.0049666911363601685,0.05252012610435486,-0.026971042156219482,198,40,-4,-60,22,21,-0.008802741486399646
g9832.t2,XP_069268074.1,0.5448,32.3,1,257,4.712690463592435,46,29,182,65656.7578125,0.11488189548254013,0.17258808016777039,0.7122843265533447,0.4049258232116699,0.3073584735393524,83,8,0,10,2,55,52,3,0.6147859922178989,0.009368163533508778,0.0040205796249210835,0.0002457131922710687,0.01943359337747097,0.006767931394279003,0.26265615224838257,0.0555497445166111,0.04470231011509895,0.011045580729842186,,0.0,0.3493761122226715,0.046702004969120026,0.020549187436699867,0.008845674805343151,0.13020479679107666,0.022767923772335052,,0.005651402752846479,0.0021131334360688925,1,167,3.5721003937389577,62,29,76,33048.953125,0.1978568434715271,0.19169695675373077,0.6033719778060913,0.2859378159046173,0.317434161901474,97,5,0,0,-4,21,23,-2,0.46706586826347307,0.008981895633041859,0.02294166199862957,0.0070742154493927956,0.044283635914325714,0.009196880273520947,0.22354154288768768,0.10890617966651917,0.09389261901378632,0.029010873287916183,,0.0,0.17703160643577576,0.05950460582971573,0.06424115598201752,0.046668726950883865,0.06630638241767883,0.03431755676865578,,0.0005857758806087077,0.0035146549344062805,90,1.1405900698534772,-16,0,106,32607.8046875,-0.08297494798898697,-0.019108876585960388,0.10891234874725342,-14,3,0,10,6,5,0.1477201239544258
g1192.t1,XP_069269784.1,0.5435,28.1,1,721,3.7279018970424707,307,123,291,56303.7890625,0.1307472437620163,0.26507917046546936,0.4992351531982422,0.271592378616333,0.2276427298784256,610,88,7,123,-3,50,45,5,0.217753120665742,0.013387219049036503,0.012670625001192093,0.10493847727775574,0.014898259192705154,0.017689678817987442,0.14714361727237701,0.11870160698890686,0.08049912750720978,0.06993542611598969,0.0,0.01118048932403326,0.15289077162742615,0.03489544615149498,0.053696293383836746,0.027086149901151657,0.09990665316581726,0.010819154791533947,0.0,0.018027879297733307,0.011633122339844704,1,186,3.137028670396163,29,26,131,32949.4453125,0.3346175253391266,0.1370919793844223,0.4888930022716522,0.3574344217777252,0.131458580493927,99,8,3,71,-2,20,13,7,0.3924731182795699,0.041755255311727524,0.014523414894938469,0.039397478103637695,0.02181699126958847,0.03408871218562126,0.06258708983659744,0.22555027902126312,0.06887149810791016,0.01573645882308483,0.0,0.049622759222984314,0.13188417255878448,0.0631897896528244,0.016214871779084206,0.012207030318677425,0.006905762478709221,0.07594667375087738,0.009045491926372051,0.030438780784606934,0.08021748065948486,535,0.5908732266463077,278,97,160,23354.34375,-0.2038702815771103,0.12798719108104706,0.010342150926589966,511,80,4,52,-1,-2,-0.17471999761382787
g6869.t1,XP_069265769.1,0.543,30.1,1,69,1.5934609338230776,34,0,35,15469.04296875,0.27748915553092957,0.24326373636722565,0.47924718260765076,0.2622198462486267,0.21702727675437927,41,3,13,0,1,9,10,-1,0.463768115942029,0.029886921867728233,0.025976845994591713,0.0,0.0010191276669502258,0.0018344296840950847,0.17622414231300354,0.02895216830074787,0.04080314561724663,0.08982571214437485,0.0019012176198884845,,0.233267679810524,0.04057340323925018,0.07429008185863495,0.031647223979234695,0.049435459077358246,0.1693565398454666,,0.0031287127640098333,0.0018772276816889644,1,78,2.6144331916101033,33,0,45,21860.46484375,0.3094693422317505,0.2916678190231323,0.39886289834976196,0.23601403832435608,0.16284886002540588,45,4,11,11,1,10,9,1,0.5897435897435898,0.03675463795661926,0.014936689287424088,,0.0054875584319233894,0.08157528191804886,0.06094007566571236,0.0018822764977812767,0.10190878808498383,0.03270893916487694,0.005356886424124241,0.035495076328516006,0.23413173854351044,0.053279269486665726,0.03995183855295181,0.05160859599709511,0.08164309710264206,0.07278469204902649,0.04799944907426834,0.0,0.041555143892765045,-9,-1.0209722577870257,1,0,-10,-6391.421875,-0.03198018670082092,-0.04840408265590668,0.0803842842578888,-4,-1,2,-11,0,-2,-0.12597547380156077
g9206.t2,XP_069272167.1,0.5428,29.5,1,176,2.890321776422695,55,0,121,35383.015625,0.3585679829120636,0.19984544813632965,0.4415864944458008,0.24216152727603912,0.19942496716976166,71,2,0,42,-5,16,18,-2,0.5170454545454546,0.07238153368234634,0.03527108579874039,0.0,0.04697250574827194,0.0676562637090683,0.17633263766765594,0.016793981194496155,0.02309233695268631,0.039015330374240875,0.0,0.012942046858370304,0.22536754608154297,0.08957237750291824,0.027449961751699448,0.07249535620212555,0.01751076430082321,0.021707380190491676,0.0001823782513383776,0.012306373566389084,0.04295007884502411,1,182,2.822549174025526,65,0,117,31863.720703125,0.3612655997276306,0.2078668773174286,0.37768450379371643,0.14602352678775787,0.23166099190711975,82,2,0,41,-12,11,23,-12,0.47802197802197804,0.11378093808889389,0.05644789710640907,0.05318296328186989,0.010832597501575947,0.045364294201135635,0.14150166511535645,0.06947458535432816,0.09015931934118271,0.020776618272066116,0.020708877593278885,0.0015855440869927406,0.07654895633459091,0.03508209437131882,0.02608572505414486,0.06937256455421448,0.03689791262149811,0.05896037817001343,0.004554810468107462,0.03310766816139221,0.035574547946453094,-6,0.0677726023971692,-10,0,4,3519.294921875,-0.0026976168155670166,-0.008021429181098938,0.06390199065208435,-11,0,0,1,7,10,0.03902347652347654
g9095.t1,XP_069268960.1,0.5422,14.7,1,227,3.175433447336742,3,79,145,38521.76953125,0.538021445274353,0.28794553875923157,0.16230255365371704,0.15606480836868286,0.00623774528503418,113,10,1,76,4,12,4,8,0.44052863436123346,0.05520240589976311,0.017904814332723618,0.011730381287634373,0.13249124586582184,0.04725656658411026,0.0025373331736773252,0.0167619027197361,0.003700411878526211,0.03492291271686554,0.0,0.04217478632926941,0.13930290937423706,0.21668408811092377,0.034001052379608154,0.05786004662513733,0.11168541759252548,0.06021980941295624,0.0006547956145368516,0.014909109100699425,0.0,1,1078,3.7284458205935516,259,223,596,72501.078125,0.22225044667720795,0.28954604268074036,0.48802560567855835,0.24270261824131012,0.24532294273376465,882,157,7,494,-12,49,56,-7,0.17810760667903525,0.02213895134627819,0.013202614150941372,0.00017801369540393353,0.023528842255473137,0.08817960321903229,0.13135837018489838,0.11871170252561569,0.11396457999944687,0.0758359432220459,0.0,0.009226870723068714,0.12399090826511383,0.0730292871594429,0.027087215334177017,0.04524144157767296,0.07601381093263626,0.035440050065517426,8.900684770196676e-05,0.016331907361745834,0.006450967397540808,-851,-0.5530123732568097,-256,-144,-451,-33979.30859375,0.3157709985971451,-0.001600503921508789,-0.3257230520248413,-769,-147,-6,-418,16,15,0.2624210276821982
g771.t1,XP_069266999.1,0.5229,32.4,1,1741,5.496519234506544,1145,121,475,122086.640625,0.1571618765592575,0.2140987366437912,0.622509241104126,0.40498116612434387,0.2175280898809433,1754,246,17,665,-1,148,116,32,0.21137277426766227,0.019406815990805626,0.018532177433371544,0.006230134516954422,0.02101588062942028,0.025538291782140732,0.1685316264629364,0.16640213131904602,0.0489964559674263,0.029316209256649017,0.0,0.003789848880842328,0.23857903480529785,0.04347005859017372,0.036673638969659805,0.04705198481678963,0.10024856775999069,0.006822658237069845,0.009300051257014275,0.008640860207378864,0.0014535582158714533,1,2335,6.137174921425112,1667,129,539,156995.78125,0.2370871901512146,0.2215511053800583,0.5299760103225708,0.3238632380962372,0.20611274242401123,2332,307,7,683,-39,156,150,6,0.18629550321199143,0.019710861146450043,0.007242406252771616,0.01138567179441452,0.022016940638422966,0.03207382932305336,0.16034530103206635,0.2155817598104477,0.04576745629310608,0.022335480898618698,2.0814442905248143e-05,0.01739482395350933,0.10828152298927307,0.021874018013477325,0.02911314368247986,0.06971345841884613,0.1133706197142601,0.03257666900753975,0.013233323581516743,0.02866220474243164,0.02929971180856228,-594,-0.640655686918568,-522,-8,-64,-34909.140625,-0.07992531359195709,-0.00745236873626709,0.09253323078155518,-578,-61,10,-18,38,26,0.02507727105567084
g18506.t1,XP_069267478.1,0.5219,39.8,1,143,1.7844504936457461,85,12,46,17722.978515625,0.08173590898513794,0.17097201943397522,0.7472920417785645,0.41799861192703247,0.3292933702468872,144,22,0,62,-11,16,19,-3,0.26573426573426573,0.0041083903051912785,0.04776538535952568,0.0,0.008374502882361412,0.006768647115677595,0.21705512702465057,0.006968561094254255,0.11223826557397842,0.04968783259391785,,,0.4110300838947296,0.0,0.030175214633345604,0.015110514126718044,0.03657493367791176,0.049773190170526505,0.0,0.0043693059124052525,0.0,1,139,1.790437126103289,72,10,57,16992.85546875,0.17698657512664795,0.2445346713066101,0.5784786343574524,0.32375508546829224,0.25472360849380493,131,16,0,113,-10,12,16,-4,0.3237410071942446,0.008509817533195019,0.05376024171710014,,0.013291365467011929,0.07511398941278458,0.15608520805835724,0.11190565675497055,0.09863840788602829,0.013036554679274559,0.0,0.037692759186029434,0.21184943616390228,0.039494339376688004,0.0531594417989254,0.022953426465392113,0.01177169382572174,0.09143878519535065,,0.0,0.0012988342205062509,4,-0.005986632457542829,13,2,-11,730.123046875,-0.09525066614151001,-0.07356265187263489,0.16881340742111206,13,6,0,-51,-1,1,-0.05800674145997886
