incendi_protein,ortholog_accession,alntmscore,pident,incendi_num_chains,incendi_num_residues,incendi_rg_nm,incendi_helix_num,incendi_strand_num,incendi_coil_num,incendi_total_sasa_A2,incendi_frac_sasa_hydrophobic,incendi_frac_sasa_polar,incendi_frac_sasa_charged,incendi_frac_sasa_pos,incendi_frac_sasa_neg,incendi_num_hbonds,incendi_num_salt_bridges,incendi_num_disulfides,incendi_num_pipi,incendi_net_charge,incendi_num_exposed_pos,incendi_num_exposed_neg,incendi_surface_net_charge,incendi_highly_exposed_frac,incendi_frac_sasa_ILE,incendi_frac_sasa_THR,incendi_frac_sasa_ARG,incendi_frac_sasa_LYS,incendi_frac_sasa_GLY,incendi_frac_sasa_CYS,incendi_frac_sasa_ALA,incendi_frac_sasa_PRO,incendi_frac_sasa_ASN,incendi_frac_sasa_TYR,incendi_frac_sasa_TRP,incendi_frac_sasa_PHE,incendi_frac_sasa_LEU,incendi_frac_sasa_MET,incendi_frac_sasa_GLN,incendi_frac_sasa_HIS,incendi_frac_sasa_ASP,incendi_frac_sasa_VAL,incendi_frac_sasa_GLU,incendi_frac_sasa_SER,ortholog_num_chains,ortholog_num_residues,ortholog_rg_nm,ortholog_helix_num,ortholog_strand_num,ortholog_coil_num,ortholog_total_sasa_A2,ortholog_frac_sasa_hydrophobic,ortholog_frac_sasa_polar,ortholog_frac_sasa_charged,ortholog_frac_sasa_pos,ortholog_frac_sasa_neg,ortholog_num_hbonds,ortholog_num_salt_bridges,ortholog_num_disulfides,ortholog_num_pipi,ortholog_net_charge,ortholog_num_exposed_pos,ortholog_num_exposed_neg,ortholog_surface_net_charge,ortholog_highly_exposed_frac,ortholog_frac_sasa_ILE,ortholog_frac_sasa_THR,ortholog_frac_sasa_ARG,ortholog_frac_sasa_LYS,ortholog_frac_sasa_GLY,ortholog_frac_sasa_CYS,ortholog_frac_sasa_ALA,ortholog_frac_sasa_PRO,ortholog_frac_sasa_ASN,ortholog_frac_sasa_TYR,ortholog_frac_sasa_TRP,ortholog_frac_sasa_PHE,ortholog_frac_sasa_LEU,ortholog_frac_sasa_MET,ortholog_frac_sasa_GLN,ortholog_frac_sasa_HIS,ortholog_frac_sasa_ASP,ortholog_frac_sasa_VAL,ortholog_frac_sasa_GLU,ortholog_frac_sasa_SER,diff_num_residues,diff_rg_nm,diff_helix_num,diff_strand_num,diff_coil_num,diff_total_sasa_A2,diff_frac_sasa_hydrophobic,diff_frac_sasa_polar,diff_frac_sasa_charged,diff_num_hbonds,diff_num_salt_bridges,diff_num_disulfides,diff_num_pipi,diff_net_charge,diff_surface_net_charge,diff_highly_exposed_frac
g9582.t1,A0ABM5VMV1,0.9684,53.2,1,662,2.455538719520821,225,162,275,30119.490234375,0.21166224777698517,0.25988298654556274,0.48219841718673706,0.3267870843410492,0.15541133284568787,642,84,28,886,-3,28,24,4,0.13897280966767372,0.015077739953994751,0.07792972773313522,0.1548219472169876,0.171965092420578,0.016182510182261467,0.0,0.04066315293312073,0.09702692180871964,0.04229828715324402,0.0034765054006129503,0.007605865132063627,0.008881594054400921,0.008884035982191563,0.019952263683080673,0.0967920646071434,0.04625634476542473,0.04606310650706291,0.013570665381848812,0.10934823006391525,0.023203903809189796,1,648,2.40812827780726,213,161,274,29515.99609375,0.203891322016716,0.2116912603378296,0.5708112716674805,0.2831178605556488,0.2876933813095093,624,119,2,965,-12,32,38,-6,0.12808641975308643,0.0004372606927063316,0.020620347931981087,0.1393488347530365,0.1437690556049347,0.0321921780705452,0.0,0.01978604681789875,0.10874797403812408,0.03577110916376114,0.005390991922467947,0.016271330416202545,0.004496532958000898,0.024588437750935555,0.021186355501413345,0.0926499292254448,0.01360618881881237,0.031547661870718,0.008377392776310444,0.256145715713501,0.025066696107387543,14,0.04741044171356101,12,1,1,603.494140625,0.007770925760269165,0.048191726207733154,-0.08861285448074341,18,-35,26,-79,9,10,0.010886389914587291
g8455.t1,A0ABM5VJG5,0.9642,27.5,1,81,1.473097812659034,27,16,38,15193.8056640625,0.3363012671470642,0.15136954188346863,0.41113877296447754,0.35324063897132874,0.0578981451690197,62,3,0,0,11,12,4,8,0.3950617283950617,0.04003908112645149,0.019077783450484276,0.13760890066623688,0.21563172340393066,0.0,0.0,0.0029536643996834755,0.035464007407426834,0.06476611644029617,0.0037837359122931957,,0.0,0.1308874785900116,0.12421087175607681,0.0392548032104969,0.10119032114744186,0.0026977320667356253,0.0027461466379463673,0.05520041286945343,0.024487106129527092,1,60,1.1375431875825486,21,17,22,11363.076171875,0.25928276777267456,0.0946517363190651,0.6327359676361084,0.4597322642803192,0.17300376296043396,48,7,0,0,7,11,5,6,0.43333333333333335,0.0584937147796154,0.0005679001333191991,0.2427610456943512,0.2169712632894516,0.02914886362850666,,0.034874070435762405,0.06076531484723091,0.0,0.01007330883294344,,0.0,0.028111055493354797,0.06634565442800522,0.05457771196961403,0.013329452835023403,0.022334059700369835,0.010692998766899109,0.15066969394683838,0.00028395006665959954,21,0.33555462507648537,6,-1,16,3830.7294921875,0.07701849937438965,0.056717805564403534,-0.22159719467163086,14,-4,0,0,4,2,-0.03827160493827164
g993.t1,A0ABM5VPJ6,0.9589,55.2,1,391,2.1962757915272944,128,99,164,25109.80859375,0.23503397405147552,0.2732967436313629,0.46269190311431885,0.3056989908218384,0.15699289739131927,393,57,23,373,-1,25,20,5,0.1867007672634271,0.04612765461206436,0.028887681663036346,0.05646299198269844,0.24923601746559143,0.03359481319785118,0.0,0.034308817237615585,0.07299453765153885,0.09088678658008575,0.00963690597563982,0.0,0.02384405955672264,0.01297824177891016,0.04113921523094177,0.07246996462345123,0.028977401554584503,0.08867184072732925,0.003641469171270728,0.06832105666399002,0.03782058134675026,1,392,2.2114258997979164,141,93,158,23958.97265625,0.23531852662563324,0.2266707569360733,0.5275464653968811,0.23279118537902832,0.2947552800178528,389,64,0,232,-10,24,27,-3,0.20153061224489796,0.0012120268074795604,0.07644683867692947,0.14127041399478912,0.0915207490324974,0.05123334005475044,0.0,0.0249713733792305,0.068068727850914,0.0,0.03574717044830322,0.0029627319891005754,0.006448790896683931,0.080439493060112,0.0307402852922678,0.05449949577450752,0.010464318096637726,0.07258493453264236,0.020475082099437714,0.22217033803462982,0.008743894286453724,-1,-0.01515010827062202,-13,6,6,1150.8359375,-0.00028455257415771484,0.04662598669528961,-0.06485456228256226,4,-7,23,141,9,8,-0.014829844981470858
g9582.t1,A0ABM5VMD7,0.9538,40.3,1,662,2.455538719520821,225,162,275,30119.490234375,0.21166224777698517,0.25988298654556274,0.48219841718673706,0.3267870843410492,0.15541133284568787,642,84,28,886,-3,28,24,4,0.13897280966767372,0.015077739953994751,0.07792972773313522,0.1548219472169876,0.171965092420578,0.016182510182261467,0.0,0.04066315293312073,0.09702692180871964,0.04229828715324402,0.0034765054006129503,0.007605865132063627,0.008881594054400921,0.008884035982191563,0.019952263683080673,0.0967920646071434,0.04625634476542473,0.04606310650706291,0.013570665381848812,0.10934823006391525,0.023203903809189796,1,627,2.3972665541667966,200,169,258,29009.095703125,0.17261546850204468,0.13378900289535522,0.6833024024963379,0.34212633967399597,0.3411760926246643,584,86,0,673,-7,38,41,-3,0.1339712918660287,0.0006673519965261221,0.020060434937477112,0.23095236718654633,0.11117396503686905,0.04555465281009674,,0.00908716395497322,0.09781420230865479,0.037185586988925934,0.005912344437092543,0.006988159380853176,0.004815306048840284,0.01810874417424202,0.01368071511387825,0.022323252633213997,0.010293192230165005,0.09404724836349487,0.02145380899310112,0.24712882936000824,0.002752739703282714,35,0.05827216535402435,25,-7,17,1110.39453125,0.03904677927494049,0.12609398365020752,-0.20110398530960083,58,-2,28,213,4,7,0.005001517801645011
g10910.t1,A0ABM5VLY4,0.9509,44.0,1,353,2.0973131337787545,97,98,158,24941.53515625,0.21020451188087463,0.0971151813864708,0.6702383756637573,0.4509773850440979,0.21926099061965942,322,27,18,158,-4,27,24,3,0.19830028328611898,0.018628470599651337,0.02361469529569149,0.1674344837665558,0.2835428714752197,0.007179520092904568,0.0,0.0049040489830076694,0.050486691296100616,0.038695402443408966,0.0139326062053442,0.0,0.0023256095591932535,0.031441036611795425,0.05360740050673485,0.011291055008769035,0.022441957145929337,0.10738832503557205,0.048811253160238266,0.11187265068292618,0.002401886275038123,1,331,2.0221896276297113,100,95,136,22355.171875,0.21109560132026672,0.11712851375341415,0.6680315136909485,0.3650318384170532,0.30299970507621765,332,44,0,74,-3,28,25,3,0.19637462235649547,0.03657454624772072,0.008945236913859844,0.10523027926683426,0.2598015367984772,0.019533149898052216,0.0,0.016515811905264854,0.041999898850917816,0.0009872838854789734,0.014819130301475525,0.0,0.0,0.08789762854576111,0.016072750091552734,0.05143425241112709,0.00374437402933836,0.09023350477218628,0.012034967541694641,0.21276618540287018,0.021409455686807632,22,0.07512350614904317,-3,3,22,2586.36328125,-0.0008910894393920898,-0.02001333236694336,0.002206861972808838,-10,-17,18,84,-1,0,0.0019256609296235128
g7479.t2,A0ABN4IHV7,0.9462,41.6,1,192,1.6386317911069535,104,23,65,17331.380859375,0.19094640016555786,0.40771400928497314,0.3921232223510742,0.276321679353714,0.11580157279968262,194,14,0,339,0,16,14,2,0.2604166666666667,0.0,0.07742227613925934,0.0316370464861393,0.244684636592865,0.033391375094652176,0.0,0.0012989308452233672,0.09443321079015732,0.1947356015443802,0.019131679087877274,0.0,0.05789820849895477,0.0,0.03694372624158859,0.07464759051799774,0.00921634491533041,0.018044382333755493,0.00037233575130812824,0.09775718301534653,0.008385459892451763,1,204,1.681705264269441,117,21,66,17391.68359375,0.30297309160232544,0.21771137416362762,0.457285612821579,0.21333882212638855,0.24394679069519043,206,15,0,197,-4,15,17,-2,0.25980392156862747,0.0,0.007766561582684517,0.06013720482587814,0.1532016098499298,0.06150364130735397,,0.07847961038351059,0.08513303846120834,0.03816903382539749,0.05891881510615349,0.001484178937971592,0.10326828062534332,0.006973716430366039,0.018927428871393204,0.0513533279299736,0.022029832005500793,0.036474838852882385,0.008706862106919289,0.20747195184230804,0.0,-12,-0.04307347316248755,-13,2,-1,-60.302734375,-0.11202669143676758,0.19000263512134552,-0.06516239047050476,-12,-1,0,142,4,4,0.0006127450980392135
g9582.t1,A0ABM5VMR3,0.945,34.7,1,662,2.455538719520821,225,162,275,30119.490234375,0.21166224777698517,0.25988298654556274,0.48219841718673706,0.3267870843410492,0.15541133284568787,642,84,28,886,-3,28,24,4,0.13897280966767372,0.015077739953994751,0.07792972773313522,0.1548219472169876,0.171965092420578,0.016182510182261467,0.0,0.04066315293312073,0.09702692180871964,0.04229828715324402,0.0034765054006129503,0.007605865132063627,0.008881594054400921,0.008884035982191563,0.019952263683080673,0.0967920646071434,0.04625634476542473,0.04606310650706291,0.013570665381848812,0.10934823006391525,0.023203903809189796,1,630,2.399011844607743,208,160,262,29244.01171875,0.22052578628063202,0.1752791553735733,0.5927066802978516,0.23511914908885956,0.3575875163078308,588,104,0,860,-12,29,39,-10,0.14285714285714285,0.0,0.04906897246837616,0.17608141899108887,0.0590377151966095,0.055748287588357925,,0.06954359263181686,0.10752221941947937,0.0,0.011539223603904247,0.0006468987558037043,0.002071151277050376,0.015689415857195854,0.0,0.042238105088472366,0.011488329619169235,0.03620404005050659,0.02505253255367279,0.3213835060596466,0.016684573143720627,32,0.05652687491307784,17,2,13,875.478515625,-0.00886353850364685,0.08460383117198944,-0.1105082631111145,54,-20,28,26,9,14,-0.0038843331894691246
g7479.t1,A0ABN4IHV7,0.9447,41.7,1,196,1.6664771428489458,104,23,69,17998.828125,0.25062841176986694,0.38030195236206055,0.36745625734329224,0.2674902379512787,0.09996604919433594,190,14,0,354,1,15,12,3,0.23979591836734693,0.0,0.07247363775968552,0.024460917338728905,0.24302928149700165,0.026258522644639015,0.0,0.0010714984964579344,0.09076026827096939,0.17541499435901642,0.019799120724201202,0.0,0.06328027695417404,0.05931730940937996,0.03566126525402069,0.06923211365938187,0.0016133782919496298,0.017041238024830818,0.0005377927445806563,0.08292480558156967,0.017123540863394737,1,204,1.681705264269441,117,21,66,17391.68359375,0.30297309160232544,0.21771137416362762,0.457285612821579,0.21333882212638855,0.24394679069519043,206,15,0,197,-4,15,17,-2,0.25980392156862747,0.0,0.007766561582684517,0.06013720482587814,0.1532016098499298,0.06150364130735397,,0.07847961038351059,0.08513303846120834,0.03816903382539749,0.05891881510615349,0.001484178937971592,0.10326828062534332,0.006973716430366039,0.018927428871393204,0.0513533279299736,0.022029832005500793,0.036474838852882385,0.008706862106919289,0.20747195184230804,0.0,-8,-0.015228121420495233,-13,2,3,607.14453125,-0.052344679832458496,0.16259057819843292,-0.08982935547828674,-16,-1,0,157,5,5,-0.020008003201280544
g7761.t1,A0ABN4IEW9,0.9446,54.2,1,590,3.21443410175121,293,95,202,49414.30859375,0.325496643781662,0.19474786520004272,0.4579184353351593,0.2878328859806061,0.17008554935455322,524,68,6,52,0,40,35,5,0.21016949152542372,0.011352774687111378,0.039918314665555954,0.13873544335365295,0.14909742772579193,0.02675754390656948,0.0003917747235391289,0.049243293702602386,0.00992496032267809,0.025761956349015236,0.029002217575907707,0.0,0.08167893439531326,0.06525944918394089,0.09578991681337357,0.04665030166506767,0.02183704823255539,0.05324642360210419,0.012247323989868164,0.11683914065361023,0.026265747845172882,1,543,2.6530617194361357,292,94,157,33670.3359375,0.21716053783893585,0.1529175043106079,0.6299220323562622,0.3163212537765503,0.31360071897506714,507,101,0,44,-14,36,35,1,0.17679558011049723,0.004695550072938204,0.03420358523726463,0.09198790043592453,0.22433333098888397,0.034387048333883286,,0.055149294435977936,0.02903575263917446,0.01859455369412899,0.00984620675444603,,0.045633286237716675,0.03853330388665199,0.029739201068878174,0.03288401663303375,0.0,0.10341258347034454,0.014374135062098503,0.2101881504058838,0.023002082481980324,47,0.5613723823150742,1,1,45,15743.97265625,0.10833610594272614,0.041830360889434814,-0.1720035970211029,17,-33,6,8,14,4,0.03337391141492649
g9539.t1,A0ABM5VK08,0.9404,30.8,1,202,1.8343617880113237,107,16,79,21400.287109375,0.2422642707824707,0.2093578577041626,0.5368098616600037,0.4707939624786377,0.06601585447788239,171,16,0,41,17,25,9,16,0.2376237623762376,0.10553981363773346,0.0010553982574492693,0.263619065284729,0.2071748822927475,0.037671223282814026,0.0,0.04040667414665222,0.0,0.063624307513237,0.007397626992315054,0.0,0.003316965652629733,0.019716648384928703,0.06891179084777832,0.049073342233896255,0.011568048037588596,0.03802243620157242,0.004372363910079002,0.027993427589535713,0.05053596943616867,1,155,1.8194604273043227,94,16,45,19078.61328125,0.12853874266147614,0.21533633768558502,0.643795371055603,0.5206888914108276,0.1231064572930336,141,23,0,86,14,21,10,11,0.3096774193548387,0.0,0.004957885481417179,0.40166595578193665,0.11902298033237457,0.06686867028474808,0.0,0.03334280103445053,0.015558901242911816,0.031518254429101944,0.02545047737658024,0.03881816565990448,0.0,0.022276844829320908,0.010082786902785301,0.06948762387037277,0.012329568155109882,0.036627188324928284,0.008459251374006271,0.08647926151752472,0.017053447663784027,47,0.014901360707000988,13,0,34,2321.673828125,0.11372552812099457,-0.005978479981422424,-0.10698550939559937,30,-7,0,-45,3,5,-0.07205365697860111
g9582.t1,A0ABM5VMD3,0.939,32.7,1,662,2.455538719520821,225,162,275,30119.490234375,0.21166224777698517,0.25988298654556274,0.48219841718673706,0.3267870843410492,0.15541133284568787,642,84,28,886,-3,28,24,4,0.13897280966767372,0.015077739953994751,0.07792972773313522,0.1548219472169876,0.171965092420578,0.016182510182261467,0.0,0.04066315293312073,0.09702692180871964,0.04229828715324402,0.0034765054006129503,0.007605865132063627,0.008881594054400921,0.008884035982191563,0.019952263683080673,0.0967920646071434,0.04625634476542473,0.04606310650706291,0.013570665381848812,0.10934823006391525,0.023203903809189796,1,844,3.640743120701677,283,214,347,45801.69921875,0.21878758072853088,0.14300647377967834,0.6271028518676758,0.3169271945953369,0.31017565727233887,724,104,0,520,-9,45,46,-1,0.14336492890995262,0.0026016836054623127,0.010819332674145699,0.2424403876066208,0.07448679208755493,0.03287901729345322,0.0,0.02687619999051094,0.09930272400379181,0.003319540061056614,0.0010358112631365657,0.0,0.00781308114528656,0.03608900308609009,0.03730396181344986,0.05168851464986801,0.01110311783850193,0.05234725400805473,0.0088009312748909,0.25782838463783264,0.04326425865292549,-182,-1.1852044011808562,-58,-52,-72,-15682.208984375,-0.007125332951545715,0.1168765127658844,-0.14490443468093872,-82,-20,28,366,6,5,-0.004392119242278891
g16310.t1,A0ABM5VL75,0.9345,44.0,1,435,2.320556812092378,166,89,180,30792.310546875,0.1490073800086975,0.3049319386482239,0.5047375559806824,0.28843241930007935,0.21630510687828064,403,44,11,74,4,24,17,7,0.18620689655172415,0.008592300117015839,0.048811379820108414,0.08392966538667679,0.20450274646282196,0.021323151886463165,0.0,0.016748085618019104,0.041468244045972824,0.02434893697500229,0.03864015266299248,0.009568474255502224,0.004381823353469372,0.013621940277516842,0.04029974713921547,0.15040434896945953,0.04132314398884773,0.05485822260379791,0.014326762408018112,0.16144688427448273,0.021403977647423744,1,397,2.0705801945037487,149,94,154,25554.90625,0.16760529577732086,0.1886693239212036,0.6130366921424866,0.3315335512161255,0.2815031409263611,394,46,3,51,0,29,23,6,0.16624685138539042,0.0,0.061245329678058624,0.1837926059961319,0.1477409452199936,0.05808296427130699,0.0,0.04314379021525383,0.021065164357423782,0.0022294495720416307,0.015563257969915867,0.012120898813009262,0.001974093494936824,0.028755471110343933,0.043655894696712494,0.0489170178771019,0.030688634142279625,0.03481354936957359,0.016889970749616623,0.24668961763381958,0.002631296869367361,38,0.24997661758862932,17,-5,26,5237.404296875,-0.018597915768623352,0.11626261472702026,-0.1082991361618042,9,-2,8,23,4,1,0.019960045166333734
g10268.t3,A0ABM5VNI9,0.934,53.0,1,692,3.463541666437159,249,173,270,55948.4921875,0.2163972407579422,0.25248050689697266,0.5173553228378296,0.37840908765792847,0.13894623517990112,606,101,6,110,7,61,32,29,0.2153179190751445,0.00668971287086606,0.009236032143235207,0.16768698394298553,0.21072210371494293,0.03056117333471775,0.0,0.030981600284576416,0.04819837957620621,0.029309185221791267,0.03548869118094444,0.005154614802449942,0.046412110328674316,0.023282431066036224,0.04081026837229729,0.09516490250825882,0.013766856864094734,0.05408798158168793,0.014868145808577538,0.08485826104879379,0.05272052437067032,1,624,3.10649339684426,247,175,202,44505.546875,0.23717224597930908,0.18129713833332062,0.5695939064025879,0.32993337512016296,0.23966056108474731,580,104,1,86,-17,48,46,2,0.20512820512820512,0.012107102200388908,0.055958762764930725,0.17774628102779388,0.15218707919120789,0.027509892359375954,0.0,0.046801600605249405,0.06937315315008163,0.02196153625845909,0.017744706943631172,0.0,0.011672116816043854,0.034457627683877945,0.04412876442074776,0.04650347679853439,0.011936718598008156,0.04286109656095505,0.018631888553500175,0.19679947197437286,0.011618771590292454,68,0.3570482695928989,2,-2,68,11442.9453125,-0.020775005221366882,0.07118336856365204,-0.0522385835647583,26,-3,5,24,24,27,0.010189713946939377
g13230.t2,A0ABM5VNI9,0.9331,48.1,1,664,3.112250189716827,257,172,235,43306.078125,0.14197281002998352,0.23163534700870514,0.5955191254615784,0.31732073426246643,0.2781984508037567,610,91,0,275,-16,46,44,2,0.17620481927710843,0.006630999967455864,0.02919507771730423,0.10222001373767853,0.2151007056236267,0.047905333340168,0.0,0.02624952606856823,0.04040049761533737,0.050241317600011826,0.03483595326542854,0.012516943737864494,0.006705505773425102,0.011394263245165348,0.029208898544311523,0.04241646081209183,0.030872728675603867,0.05534714087843895,0.00886616948992014,0.22285126149654388,0.027041207998991013,1,624,3.10649339684426,247,175,202,44505.546875,0.23717224597930908,0.18129713833332062,0.5695939064025879,0.32993337512016296,0.23966056108474731,580,104,1,86,-17,48,46,2,0.20512820512820512,0.012107102200388908,0.055958762764930725,0.17774628102779388,0.15218707919120789,0.027509892359375954,0.0,0.046801600605249405,0.06937315315008163,0.02196153625845909,0.017744706943631172,0.0,0.011672116816043854,0.034457627683877945,0.04412876442074776,0.04650347679853439,0.011936718598008156,0.04286109656095505,0.018631888553500175,0.19679947197437286,0.011618771590292454,40,0.005756792872567029,10,-3,33,-1199.46875,-0.09519943594932556,0.05033820867538452,0.02592521905899048,30,-13,-1,189,1,0,-0.02892338585109669
g11863.t1,A0ABM5VM18,0.9323,20.8,1,496,2.5830976233896292,203,85,208,33827.1171875,0.3025849461555481,0.24902601540088654,0.41083383560180664,0.21288159489631653,0.19795222580432892,431,59,6,400,-10,26,26,0,0.1935483870967742,0.009156809188425541,0.04282873496413231,0.08358890563249588,0.12929268181324005,0.006485773250460625,0.006955370772629976,0.010492176748812199,0.06177366524934769,0.08306139707565308,0.000858450832311064,0.03778368607163429,0.04060506820678711,0.08288602530956268,0.05773934721946716,0.07619676738977432,0.03755522891879082,0.11011254042387009,0.002148152096197009,0.08783968538045883,0.032639503479003906,1,391,2.2731796893397216,196,76,119,24899.6875,0.20546087622642517,0.08017239719629288,0.7127141356468201,0.2970958352088928,0.41561830043792725,382,69,0,177,-9,27,36,-9,0.17647058823529413,0.0,0.01075528934597969,0.21373456716537476,0.08336131274700165,0.004467414692044258,,0.05911802500486374,0.04791571944952011,0.0,0.019124116748571396,0.005373436491936445,0.002202890580520034,0.05400902032852173,0.02416679821908474,0.023100169375538826,0.0016525281826034188,0.07348278164863586,0.012674976140260696,0.34213554859161377,0.022725414484739304,105,0.30991793404990764,7,9,89,8927.4296875,0.09712406992912292,0.16885361820459366,-0.3018803000450134,49,-10,6,223,-1,9,0.01707779886148006
g16310.t1,A0ABN4IHH6,0.9323,36.3,1,435,2.320556812092378,166,89,180,30792.310546875,0.1490073800086975,0.3049319386482239,0.5047375559806824,0.28843241930007935,0.21630510687828064,403,44,11,74,4,24,17,7,0.18620689655172415,0.008592300117015839,0.048811379820108414,0.08392966538667679,0.20450274646282196,0.021323151886463165,0.0,0.016748085618019104,0.041468244045972824,0.02434893697500229,0.03864015266299248,0.009568474255502224,0.004381823353469372,0.013621940277516842,0.04029974713921547,0.15040434896945953,0.04132314398884773,0.05485822260379791,0.014326762408018112,0.16144688427448273,0.021403977647423744,1,384,1.981248118012077,151,86,147,23324.455078125,0.16495972871780396,0.15371191501617432,0.6813283562660217,0.37478259205818176,0.30654576420783997,402,65,4,58,-5,29,26,3,0.18229166666666666,0.0014869734877720475,0.006828353274613619,0.3185544013977051,0.056228190660476685,0.06666725873947144,0.005017118528485298,0.04454829543828964,0.04788808152079582,0.04232614114880562,0.009346301667392254,0.0,0.004810124170035124,0.036610983312129974,0.019931936636567116,0.0071786330081522465,0.0,0.08952345699071884,0.00968332402408123,0.21702229976654053,0.016348112374544144,51,0.3393086940803012,15,3,33,7467.85546875,-0.015952348709106445,0.15122002363204956,-0.17659080028533936,1,-21,7,16,9,4,0.003915229885057492
g8272.t1,A0ABN4IGU2,0.9199,32.6,1,105,1.2689113732412907,42,29,34,12866.880859375,0.22228989005088806,0.17020253837108612,0.606504499912262,0.36402755975723267,0.24247688055038452,94,11,1,102,-2,14,12,2,0.3523809523809524,0.005636072717607021,0.0944204181432724,,0.36402755975723267,0.01902945339679718,0.0,0.013671944849193096,0.0599096454679966,0.04145314171910286,0.0,0.04448729380965233,0.031094692647457123,0.0,0.06749023497104645,0.015299538150429726,0.0010030546691268682,0.014024828560650349,0.0,0.22845207154750824,0.0,1,110,1.3119181747440611,40,28,42,13954.73046875,0.391576886177063,0.09473173320293427,0.5086046457290649,0.3475947976112366,0.16100981831550598,89,7,1,45,-2,12,9,3,0.3090909090909091,0.0,0.00023121523554436862,0.22433830797672272,0.12325653433799744,0.004382546991109848,0.0,0.15072618424892426,0.02331583760678768,0.03151654079556465,0.0,0.03486606106162071,0.0,0.0,0.16822350025177002,0.03548590466380119,0.005086734890937805,0.013604073785245419,0.014445317909121513,0.147405743598938,0.023115526884794235,-5,-0.043006801502770475,2,1,-8,-1087.849609375,-0.16928699612617493,0.07547080516815186,0.09789985418319702,5,4,0,57,0,-1,0.04329004329004332
g11863.t1,A0ABM5VNZ8,0.9167,23.0,1,496,2.5830976233896292,203,85,208,33827.1171875,0.3025849461555481,0.24902601540088654,0.41083383560180664,0.21288159489631653,0.19795222580432892,431,59,6,400,-10,26,26,0,0.1935483870967742,0.009156809188425541,0.04282873496413231,0.08358890563249588,0.12929268181324005,0.006485773250460625,0.006955370772629976,0.010492176748812199,0.06177366524934769,0.08306139707565308,0.000858450832311064,0.03778368607163429,0.04060506820678711,0.08288602530956268,0.05773934721946716,0.07619676738977432,0.03755522891879082,0.11011254042387009,0.002148152096197009,0.08783968538045883,0.032639503479003906,1,406,2.244280220314881,200,81,125,24745.23046875,0.14290939271450043,0.0937444269657135,0.7257490754127502,0.3676653504371643,0.35808372497558594,399,56,0,498,-14,27,33,-6,0.17980295566502463,0.0,0.02604799158871174,0.29613420367240906,0.07153116911649704,0.052068814635276794,,0.014167988672852516,0.03546625375747681,0.0,0.0003822537837550044,0.0010431250557303429,0.020601719617843628,0.04479195177555084,0.02308080717921257,0.012442167848348618,0.037597134709358215,0.0794110894203186,0.0037575464230030775,0.27867263555526733,0.0028031941037625074,90,0.3388174030747484,3,4,83,9081.88671875,0.15967555344104767,0.15528158843517303,-0.3149152398109436,32,3,6,-98,4,6,0.013745431431749555
g16495.t1,A0ABM5VMR4,0.9157,31.8,1,293,2.376564677465417,131,44,118,32126.3515625,0.23843830823898315,0.29863980412483215,0.42511677742004395,0.34116047620773315,0.08395633101463318,269,31,4,17,3,24,15,9,0.25597269624573377,0.03914826363325119,0.03214188665151596,0.1836235672235489,0.15753690898418427,0.01718028448522091,0.005610366351902485,0.010935749858617783,0.014864086173474789,0.045698054134845734,0.048291705548763275,0.0,0.015959691256284714,0.0702160969376564,0.050992004573345184,0.10564696788787842,0.03780509904026985,0.0343913659453392,0.03632240742444992,0.049564965069293976,0.044070515781641006,1,253,1.9505037163935752,137,36,80,21688.7421875,0.17986515164375305,0.0843551829457283,0.7357797026634216,0.411359578371048,0.32442012429237366,252,44,0,33,-2,24,23,1,0.23715415019762845,0.0014876594068482518,0.022422492504119873,0.19363142549991608,0.2177281379699707,0.02183760330080986,0.0,0.0425228551030159,0.008925956673920155,0.00014593687956221402,0.014567955397069454,0.006732900161296129,0.05351503565907478,0.046796832233667374,0.01340265292674303,0.02538120374083519,0.0,0.00218061450868845,0.006481260526925325,0.3222395181655884,0.0,40,0.426060961071842,-6,8,38,10437.609375,0.0585731565952301,0.21428462117910385,-0.3106629252433777,17,-13,4,-16,5,8,0.018818546048105317
g13230.t1,A0ABM5VNI9,0.9134,46.9,1,665,3.177007303403427,254,171,240,46123.33984375,0.17832255363464355,0.23652715981006622,0.5555390119552612,0.29561930894851685,0.2599197030067444,600,88,0,273,-16,46,50,-4,0.18345864661654135,0.014130856841802597,0.03107178583741188,0.08340846747159958,0.21221081912517548,0.05092325806617737,0.0,0.02461928315460682,0.03527291864156723,0.05504898354411125,0.027342576533555984,0.01985517330467701,0.011122804135084152,0.022174056619405746,0.03142022341489792,0.04456355422735214,0.029611261561512947,0.0540936179459095,0.019727235659956932,0.20582608878612518,0.02757701836526394,1,624,3.10649339684426,247,175,202,44505.546875,0.23717224597930908,0.18129713833332062,0.5695939064025879,0.32993337512016296,0.23966056108474731,580,104,1,86,-17,48,46,2,0.20512820512820512,0.012107102200388908,0.055958762764930725,0.17774628102779388,0.15218707919120789,0.027509892359375954,0.0,0.046801600605249405,0.06937315315008163,0.02196153625845909,0.017744706943631172,0.0,0.011672116816043854,0.034457627683877945,0.04412876442074776,0.04650347679853439,0.011936718598008156,0.04286109656095505,0.018631888553500175,0.19679947197437286,0.011618771590292454,41,0.0705139065591669,7,-4,38,1617.79296875,-0.05884969234466553,0.055230021476745605,-0.01405489444732666,20,-16,-1,187,1,-6,-0.021669558511663772
g16495.t1,A0ABN4IF88,0.909,34.1,1,293,2.376564677465417,131,44,118,32126.3515625,0.23843830823898315,0.29863980412483215,0.42511677742004395,0.34116047620773315,0.08395633101463318,269,31,4,17,3,24,15,9,0.25597269624573377,0.03914826363325119,0.03214188665151596,0.1836235672235489,0.15753690898418427,0.01718028448522091,0.005610366351902485,0.010935749858617783,0.014864086173474789,0.045698054134845734,0.048291705548763275,0.0,0.015959691256284714,0.0702160969376564,0.050992004573345184,0.10564696788787842,0.03780509904026985,0.0343913659453392,0.03632240742444992,0.049564965069293976,0.044070515781641006,1,261,1.9357829051910886,132,41,88,22447.15625,0.28192561864852905,0.1139582023024559,0.6014276146888733,0.36994677782058716,0.2314808964729309,267,36,0,8,-1,21,20,1,0.210727969348659,0.01005849801003933,0.027499251067638397,0.23867039382457733,0.13127636909484863,0.015907559543848038,,0.0520787239074707,0.013367786072194576,0.015888037160038948,0.019374458119273186,0.0,0.01997981034219265,0.11383524537086487,0.060404110699892044,0.02565835416316986,0.002688451437279582,0.008852421306073666,0.012201483361423016,0.22262845933437347,0.009630555287003517,32,0.4407817722743286,-1,3,30,9679.1953125,-0.0434873104095459,0.18468160182237625,-0.17631083726882935,2,-5,4,9,4,8,0.04524472689707476
g18246.t1,A0ABN4IFI5,0.9089,35.0,1,151,2.024442043339488,36,36,79,22806.216796875,0.25544631481170654,0.16739384829998016,0.5771598219871521,0.4468950033187866,0.13026483356952667,100,8,3,38,9,21,10,11,0.304635761589404,0.019757898524403572,0.07055679708719254,0.2552477717399597,0.1916472464799881,0.008272933773696423,0.0,0.03732724487781525,0.06391150504350662,0.029125316068530083,0.026162164285779,,0.0022636258509010077,0.045976672321558,0.08620937913656235,0.03285219520330429,0.0,0.060714833438396454,0.0,0.06955000758171082,0.0004244298324920237,1,116,1.6174617733525922,32,36,48,16671.134765625,0.18917013704776764,0.32666125893592834,0.4536685645580292,0.38725361227989197,0.0664149671792984,88,10,0,5,9,15,3,12,0.3103448275862069,0.013841675594449043,0.008313433267176151,0.2039460837841034,0.18330752849578857,0.02471587248146534,0.0017641281010583043,0.05823633819818497,0.01526325661689043,0.08830307424068451,0.06442844122648239,0.01876610517501831,0.00019354089454282075,0.0,0.05603763833642006,0.052783410996198654,0.030500037595629692,0.04901515319943428,0.02683158405125141,0.01739981770515442,0.0863528847694397,35,0.40698026998689585,4,0,31,6135.08203125,0.0662761777639389,-0.15926741063594818,0.12349125742912292,12,-2,3,33,0,-1,-0.005709065996802931
g16495.t1,A0ABM5VKN1,0.9072,42.5,1,293,2.376564677465417,131,44,118,32126.3515625,0.23843830823898315,0.29863980412483215,0.42511677742004395,0.34116047620773315,0.08395633101463318,269,31,4,17,3,24,15,9,0.25597269624573377,0.03914826363325119,0.03214188665151596,0.1836235672235489,0.15753690898418427,0.01718028448522091,0.005610366351902485,0.010935749858617783,0.014864086173474789,0.045698054134845734,0.048291705548763275,0.0,0.015959691256284714,0.0702160969376564,0.050992004573345184,0.10564696788787842,0.03780509904026985,0.0343913659453392,0.03632240742444992,0.049564965069293976,0.044070515781641006,1,271,2.0287926226251374,136,44,91,24249.521484375,0.2718908488750458,0.09024105966091156,0.6023988723754883,0.2867443859577179,0.3156545162200928,254,27,0,45,-18,20,30,-10,0.2177121771217712,0.009047813713550568,0.015095589682459831,0.11551740020513535,0.17122696340084076,0.02927158959209919,0.0,0.036638543009757996,0.017962569370865822,0.003915269393473864,0.023851774632930756,,0.0732380598783493,0.055962011218070984,0.07760854810476303,0.008862684480845928,0.03546925634145737,0.03376685827970505,0.0014332820428535342,0.28188765048980713,0.009244156070053577,22,0.34777205484027984,-5,0,27,7876.830078125,-0.03345254063606262,0.2083987444639206,-0.17728209495544434,15,4,4,-28,21,19,0.038260519123962555
g1082.t1,A0ABM5VJC6,0.9014,18.7,1,185,2.5258546201278564,48,43,94,28348.470703125,0.16636575758457184,0.08881130814552307,0.6678089499473572,0.5551813840866089,0.11262751370668411,138,15,8,11,23,31,10,21,0.31891891891891894,0.021819185465574265,0.01699439249932766,0.20386257767677307,0.3513188362121582,0.02441323734819889,0.0,0.02845432236790657,0.045299284160137177,0.0041277119889855385,0.02787378802895546,0.00022763459128327668,0.021511467173695564,0.0,0.04393208399415016,0.0037957660388201475,0.07701397687196732,0.002452083397656679,0.005121778231114149,0.11017542332410812,0.011606411077082157,1,113,1.7761266577992696,45,41,27,17179.5703125,0.1241336315870285,0.199562206864357,0.6473431587219238,0.5409030914306641,0.10644007474184036,94,13,0,0,13,23,10,13,0.36283185840707965,0.006761266849935055,0.0,0.30145198106765747,0.2394510954618454,0.031022196635603905,,0.014457318000495434,0.025166938081383705,0.08925221115350723,0.07855366915464401,,0.004695324692875147,0.033430710434913635,0.024033600464463234,,0.028961002826690674,0.062358349561691284,0.01558847725391388,0.04408172518014908,0.0007341245072893798,72,0.7497279623285868,3,2,67,11168.900390625,0.042232125997543335,-0.11075089871883392,0.02046579122543335,44,2,8,11,10,8,-0.04391293948816072
g5486.t1,A0ABM5VJW4,0.9007,23.3,1,286,1.9952821200332238,98,57,131,23708.03515625,0.21555015444755554,0.3744758069515228,0.35423925518989563,0.09794367849826813,0.2562956213951111,248,22,8,399,-15,10,24,-14,0.20279720279720279,0.023253636434674263,0.05834711343050003,0.053581058979034424,0.044362615793943405,0.040108248591423035,0.0,0.01932549849152565,0.03382476046681404,0.15033932030200958,0.04779515042901039,0.0,0.02242465503513813,0.028298037126660347,0.07944127917289734,0.0676145926117897,0.05573472008109093,0.09064531326293945,0.008982273750007153,0.16565030813217163,0.010271433740854263,1,257,1.9001232581879484,93,50,114,21154.22265625,0.2726215720176697,0.09854584187269211,0.6285275220870972,0.4322165548801422,0.19631102681159973,219,33,0,110,4,24,15,9,0.2140077821011673,0.0,0.022046567872166634,0.23388448357582092,0.1983320116996765,0.05221937969326973,,0.04477577656507492,0.08725768327713013,0.002842863090336323,0.0,0.002851564669981599,0.05926864594221115,0.006863621529191732,0.061700571328401566,0.017928969115018845,0.0003050498489756137,0.02508172206580639,0.009903687983751297,0.1712293028831482,0.003508073277771473,29,0.09515886184527544,5,7,17,2553.8125,-0.057071417570114136,0.2759299650788307,-0.27428826689720154,29,-11,8,289,-19,-23,-0.011210579303964519
g6448.t1,A0ABN4ILH2,0.894,47.4,1,129,2.873380461765209,47,2,80,29817.890625,0.3604658544063568,0.28795358538627625,0.33668777346611023,0.21522262692451477,0.12146514654159546,82,7,0,52,-3,12,13,-1,0.49612403100775193,0.0,0.022994114086031914,0.14850811660289764,0.06671451777219772,0.016185754910111427,0.013794668018817902,0.010144452564418316,0.046836968511343,0.060293424874544144,0.049151040613651276,0.05787429213523865,0.07929206639528275,0.0896371454000473,0.0679209902882576,0.07070018351078033,0.01489280629903078,0.0523102693259716,0.008759946562349796,0.06915488839149475,0.05483440309762955,1,80,1.1536399954052652,46,2,32,12013.0244140625,0.11273317039012909,0.23265793919563293,0.6546088457107544,0.16157656908035278,0.493032306432724,81,11,0,0,-11,9,17,-8,0.3875,0.0,0.0067146834917366505,0.04302890598773956,0.11854764074087143,0.08816424012184143,,0.01419838797301054,0.0064460961148142815,,0.0,,0.0002624639600981027,0.054712213575839996,0.03201084956526756,0.1041276827454567,,0.10770208388566971,0.0051031592302024364,0.3853302299976349,0.03365134075284004,49,1.7197404663599436,1,0,48,17804.8662109375,0.24773268401622772,0.05529564619064331,-0.31792107224464417,1,-4,0,52,8,7,0.10862403100775192
g8272.t1,A0ABM5VP26,0.8904,25.2,1,105,1.2689113732412907,42,29,34,12866.880859375,0.22228989005088806,0.17020253837108612,0.606504499912262,0.36402755975723267,0.24247688055038452,94,11,1,102,-2,14,12,2,0.3523809523809524,0.005636072717607021,0.0944204181432724,,0.36402755975723267,0.01902945339679718,0.0,0.013671944849193096,0.0599096454679966,0.04145314171910286,0.0,0.04448729380965233,0.031094692647457123,0.0,0.06749023497104645,0.015299538150429726,0.0010030546691268682,0.014024828560650349,0.0,0.22845207154750824,0.0,1,139,1.4691191144065696,37,38,64,15683.904296875,0.2599833905696869,0.22088225185871124,0.5191342830657959,0.4821576178073883,0.036976687610149384,99,14,6,44,6,13,5,8,0.2949640287769784,0.0,0.006049757823348045,0.378421813249588,0.10373581945896149,0.06799742579460144,0.027242669835686684,0.034214459359645844,0.08721201121807098,0.05835031718015671,0.0034175647888332605,0.03588980808854103,0.004890460055321455,0.023658189922571182,0.056010760366916656,0.05227936804294586,0.0,0.008275194093585014,0.01810770481824875,0.02870149351656437,0.005545151419937611,-34,-0.20020774116527895,5,-9,-30,-2817.0234375,-0.03769350051879883,-0.05067971348762512,0.08737021684646606,-5,-3,-5,58,-8,-6,0.05741692360397399
g5486.t1,A0ABM5VMQ2,0.8899,25.8,1,286,1.9952821200332238,98,57,131,23708.03515625,0.21555015444755554,0.3744758069515228,0.35423925518989563,0.09794367849826813,0.2562956213951111,248,22,8,399,-15,10,24,-14,0.20279720279720279,0.023253636434674263,0.05834711343050003,0.053581058979034424,0.044362615793943405,0.040108248591423035,0.0,0.01932549849152565,0.03382476046681404,0.15033932030200958,0.04779515042901039,0.0,0.02242465503513813,0.028298037126660347,0.07944127917289734,0.0676145926117897,0.05573472008109093,0.09064531326293945,0.008982273750007153,0.16565030813217163,0.010271433740854263,1,274,2.0855151463103856,109,48,117,24473.185546875,0.29619333148002625,0.14054341614246368,0.5632632374763489,0.3602724075317383,0.2029908150434494,230,30,0,87,6,21,21,0,0.23357664233576642,0.0,0.01713920757174492,0.21254612505435944,0.14772629737854004,0.03515837341547012,0.0,0.018457608297467232,0.10120166093111038,0.0018036803230643272,0.004386378452181816,0.0,0.08347838371992111,0.06808234006166458,0.02431415393948555,0.020549466833472252,0.0,0.014944780617952347,0.0006592002464458346,0.18804605305194855,0.061506301164627075,12,-0.09023302627716179,-11,9,14,-765.150390625,-0.0806431770324707,0.23393239080905914,-0.20902398228645325,18,-8,8,312,-21,-14,-0.03077943953856363
g14118.t1,A0ABN4IHV7,0.8859,44.8,1,254,2.6220260721517694,119,25,110,33774.765625,0.266379177570343,0.22675377130508423,0.50486820936203,0.36377838253974915,0.1410898119211197,209,18,0,245,7,26,18,8,0.3425196850393701,0.0042814831249415874,0.06847729533910751,0.13281136751174927,0.23096702992916107,0.008988352492451668,0.009727680124342442,0.014043097384274006,0.038831133395433426,0.05186079442501068,0.03214838728308678,0.000668718887027353,0.022341249510645866,0.11641747504472733,0.06283312290906906,0.019859209656715393,0.001998889958485961,0.043511345982551575,0.0069628930650651455,0.09757845848798752,0.03569205105304718,1,204,1.681705264269441,117,21,66,17391.68359375,0.30297309160232544,0.21771137416362762,0.457285612821579,0.21333882212638855,0.24394679069519043,206,15,0,197,-4,15,17,-2,0.25980392156862747,0.0,0.007766561582684517,0.06013720482587814,0.1532016098499298,0.06150364130735397,,0.07847961038351059,0.08513303846120834,0.03816903382539749,0.05891881510615349,0.001484178937971592,0.10326828062534332,0.006973716430366039,0.018927428871393204,0.0513533279299736,0.022029832005500793,0.036474838852882385,0.008706862106919289,0.20747195184230804,0.0,50,0.9403208078823284,2,4,44,16383.08203125,-0.03659391403198242,0.009042397141456604,0.04758259654045105,3,3,0,48,11,10,0.08271576347074261
g11365.t1,A0ABN4IJR0,0.8849,40.5,1,120,2.1025773968364163,9,39,72,21296.087890625,0.2499450445175171,0.2351689487695694,0.5148860216140747,0.3345035910606384,0.18038244545459747,67,7,0,30,2,17,11,6,0.4,0.028180649504065514,0.015112890861928463,0.06510178744792938,0.26940178871154785,0.025246908888220787,0.0,0.004052743781358004,0.03469552844762802,0.033577241003513336,0.039049871265888214,0.0,0.007120917085558176,0.0858394205570221,0.06990508735179901,0.0,,0.061022717505693436,0.020150678232312202,0.11935973167419434,0.12218204140663147,1,101,1.6165705046450176,6,40,55,16713.3359375,0.30577656626701355,0.2684931755065918,0.42573025822639465,0.21236170828342438,0.21336856484413147,62,10,0,0,-2,11,12,-1,0.3564356435643564,0.045560322701931,0.05906456336379051,0.05323661491274834,0.15912510454654694,0.041991136968135834,,0.04498116299510002,0.022973209619522095,0.02930079586803913,0.04267652705311775,,0.0,0.03977695107460022,0.11909129470586777,0.04562109708786011,,0.02622687630355358,0.033393628895282745,0.18714168667793274,0.04983904957771301,19,0.4860068921913987,3,-1,17,4582.751953125,-0.05583152174949646,-0.0333242267370224,0.08915576338768005,5,-3,0,30,4,7,0.0435643564356436
g16310.t1,A0ABM5VL27,0.881,40.3,1,435,2.320556812092378,166,89,180,30792.310546875,0.1490073800086975,0.3049319386482239,0.5047375559806824,0.28843241930007935,0.21630510687828064,403,44,11,74,4,24,17,7,0.18620689655172415,0.008592300117015839,0.048811379820108414,0.08392966538667679,0.20450274646282196,0.021323151886463165,0.0,0.016748085618019104,0.041468244045972824,0.02434893697500229,0.03864015266299248,0.009568474255502224,0.004381823353469372,0.013621940277516842,0.04029974713921547,0.15040434896945953,0.04132314398884773,0.05485822260379791,0.014326762408018112,0.16144688427448273,0.021403977647423744,1,400,2.074942090856336,148,92,160,25991.052734375,0.21758155524730682,0.1643938571214676,0.6128997802734375,0.32616811990737915,0.28673166036605835,393,51,5,64,-6,27,22,5,0.175,0.0,0.018987471237778664,0.19722051918506622,0.12894761562347412,0.06485290080308914,0.0044004484079778194,0.050946664065122604,0.013158908113837242,0.030775567516684532,0.010822099633514881,0.0,0.05462188646197319,0.03397735580801964,0.04799361899495125,0.03048986941576004,0.005124721676111221,0.01901782490313053,0.01688312739133835,0.26771390438079834,0.004065508954226971,35,0.24561472123604222,18,-3,20,4801.2578125,-0.06857417523860931,0.1405380815267563,-0.10816222429275513,10,-7,6,10,10,2,0.01120689655172416
g9582.t1,A0ABN4IGP2,0.8764,23.5,1,662,2.455538719520821,225,162,275,30119.490234375,0.21166224777698517,0.25988298654556274,0.48219841718673706,0.3267870843410492,0.15541133284568787,642,84,28,886,-3,28,24,4,0.13897280966767372,0.015077739953994751,0.07792972773313522,0.1548219472169876,0.171965092420578,0.016182510182261467,0.0,0.04066315293312073,0.09702692180871964,0.04229828715324402,0.0034765054006129503,0.007605865132063627,0.008881594054400921,0.008884035982191563,0.019952263683080673,0.0967920646071434,0.04625634476542473,0.04606310650706291,0.013570665381848812,0.10934823006391525,0.023203903809189796,1,553,2.39731911855818,189,136,228,29402.75,0.20691457390785217,0.1483500450849533,0.6207758188247681,0.36033710837364197,0.2604386806488037,501,66,0,605,-3,27,28,-1,0.14647377938517178,0.0,0.027169546112418175,0.32456734776496887,0.0357697531580925,0.04427950084209442,0.0005542904837056994,0.030982792377471924,0.0919482409954071,0.0,0.001299321767874062,0.021052241325378418,0.0,0.04607919976115227,0.00818293634802103,0.0468318909406662,0.023959577083587646,0.040981046855449677,0.008669160306453705,0.21945762634277344,0.028215495869517326,109,0.05821960096264078,36,26,47,716.740234375,0.004747673869132996,0.11153294146060944,-0.138577401638031,141,18,28,281,0,5,-0.007500969717498057
g9275.t1,A0ABN4IFF5,0.8734,32.5,1,143,2.2094791523677535,33,41,69,20855.189453125,0.2159562110900879,0.23212751746177673,0.527164101600647,0.43795454502105713,0.08920956403017044,102,11,0,42,20,26,7,19,0.3706293706293706,0.022429700940847397,0.035008322447538376,0.2121901959180832,0.22576434910297394,0.032685570418834686,0.0,0.014852344058454037,0.041669923812150955,0.056135017424821854,0.02286769077181816,0.0,0.000302369415294379,0.0652707889676094,0.07143107056617737,0.047784965485334396,0.024752099066972733,0.028876278549432755,0.0,0.060333285480737686,0.037645962089300156,1,136,2.4316554848333287,12,36,88,25114.5390625,0.21733669936656952,0.1259240210056305,0.6374619007110596,0.60054612159729,0.036915868520736694,76,6,0,5,27,27,6,21,0.38235294117647056,0.02556617744266987,0.021486444398760796,0.13825510442256927,0.4622909724712372,0.008294707164168358,0.0,0.02376754768192768,0.04707645997405052,0.018882162868976593,0.013962174765765667,,0.003083357820287347,0.034173883497714996,0.05869314447045326,0.03789718821644783,0.01927730068564415,0.013056601397693157,0.024976124987006187,0.023859264329075813,0.025401346385478973,7,-0.22217633246557522,21,5,-19,-4259.349609375,-0.0013804882764816284,0.10620349645614624,-0.1102977991104126,26,5,0,37,-7,-2,-0.011723570547099937
g8749.t1,A0ABM5VNP9,0.872,32.0,1,172,1.4744341612294183,23,56,93,15771.875,0.20759722590446472,0.13824602961540222,0.6541568040847778,0.49790364503860474,0.1562531292438507,164,21,6,144,4,22,10,12,0.2441860465116279,0.029203053563833237,0.0179047379642725,0.1386576145887375,0.35924601554870605,0.023813478648662567,0.0,0.005932702217251062,0.05049761012196541,0.08258930593729019,0.003445143112912774,0.014320316724479198,0.004091519396752119,0.0256040021777153,0.07314082235097885,0.0,0.0,0.07318239659070969,0.004807214718312025,0.08307071775197983,0.010493364185094833,1,199,2.108908714688011,20,48,131,22956.076171875,0.43771907687187195,0.25709202885627747,0.2945335805416107,0.20512470602989197,0.08940888196229935,161,20,0,146,-1,13,9,4,0.31155778894472363,0.0009710536687634885,0.06603296846151352,0.14493940770626068,0.060185302048921585,0.05479468032717705,0.005836317781358957,0.008960145525634289,0.1482921838760376,0.03621789440512657,0.0,0.0,0.019249357283115387,0.14573107659816742,0.08800522238016129,0.04144452139735222,0.010655302554368973,0.028840450569987297,0.026510048657655716,0.060568422079086304,0.052765633910894394,-27,-0.6344745534585927,3,8,-38,-7184.201171875,-0.23012185096740723,-0.11884599924087524,0.3596232235431671,3,1,6,-2,5,8,-0.06737174243309574
g8228.t1,A0ABM5VJD3,0.8714,25.2,1,161,3.630897550666757,25,49,87,36981.6953125,0.2729588449001312,0.3226589858531952,0.3992345929145813,0.3055434823036194,0.0936911478638649,79,11,0,0,13,22,7,15,0.515527950310559,0.028850950300693512,0.07763608545064926,0.055269330739974976,0.250274121761322,0.00600478844717145,0.009640666656196117,0.009420698508620262,0.13231752812862396,0.0005987857584841549,0.0007673220825381577,0.004624097142368555,0.004013367462903261,0.0021811779588460922,0.05447894334793091,0.17603686451911926,0.005147579591721296,0.013994247652590275,0.037072066217660904,0.0796969011425972,0.05197444558143616,1,105,1.9595468078828728,25,50,30,18024.697265625,0.2099568098783493,0.12065988779067993,0.6402917504310608,0.5418853759765625,0.09840627759695053,82,19,0,14,10,18,7,11,0.38095238095238093,0.006582446396350861,0.042452093213796616,0.253667950630188,0.2882174551486969,0.02121964655816555,,0.00017900696548167616,0.07866103947162628,0.008409980684518814,,,0.05602918192744255,0.0014320557238534093,0.058309901505708694,0.03547041118144989,0.029091618955135345,0.06569106876850128,0.008763179183006287,0.032715220004320145,0.01310775801539421,56,1.6713507427838843,0,-1,57,18956.998046875,0.06300203502178192,0.20199909806251526,-0.2410571575164795,-3,-8,0,-14,3,4,0.13457556935817805
g16310.t1,A0ABM5VM98,0.8703,35.6,1,435,2.320556812092378,166,89,180,30792.310546875,0.1490073800086975,0.3049319386482239,0.5047375559806824,0.28843241930007935,0.21630510687828064,403,44,11,74,4,24,17,7,0.18620689655172415,0.008592300117015839,0.048811379820108414,0.08392966538667679,0.20450274646282196,0.021323151886463165,0.0,0.016748085618019104,0.041468244045972824,0.02434893697500229,0.03864015266299248,0.009568474255502224,0.004381823353469372,0.013621940277516842,0.04029974713921547,0.15040434896945953,0.04132314398884773,0.05485822260379791,0.014326762408018112,0.16144688427448273,0.021403977647423744,1,403,2.1194109656465043,161,92,150,27566.65625,0.261313259601593,0.12615641951560974,0.603845477104187,0.3688115179538727,0.23503391444683075,378,42,1,77,-5,24,24,0,0.16377171215880892,0.0018700555665418506,0.008591968566179276,0.1971825659275055,0.1716289520263672,0.06902211159467697,0.0,0.03051338903605938,0.025510527193546295,0.0026315515860915184,0.016039801761507988,0.03927823528647423,0.03731305152177811,0.01779087819159031,0.10163428634405136,0.027423705905675888,0.008684908039867878,0.05710070580244064,0.00740283727645874,0.1779332011938095,0.002447276609018445,32,0.20114584644587374,5,-3,30,3225.654296875,-0.11230587959289551,0.17877551913261414,-0.09910792112350464,25,2,10,-3,9,7,0.022435184392915225
g999.t1,A0ABM5VPH2,0.8488,18.4,1,328,2.8005023690056854,133,52,143,41512.59375,0.23915372788906097,0.44979628920555115,0.24699686467647552,0.1589481681585312,0.08804870396852493,272,23,0,33,1,20,20,0,0.3384146341463415,0.04875582456588745,0.07146458327770233,0.04797204211354256,0.11097613722085953,0.008462254889309406,0.0,0.018030313774943352,0.040777020156383514,0.033845219761133194,0.0,0.0,0.00567388953641057,0.04790341854095459,0.04344913735985756,0.10171866416931152,0.06405317783355713,0.02415998838841915,0.034564126282930374,0.06388870626688004,0.23430554568767548,1,375,3.657527862291687,146,111,118,33932.4296875,0.19846943020820618,0.1666790395975113,0.5939545035362244,0.35758376121520996,0.23637078702449799,368,52,0,172,-4,32,34,-2,0.26666666666666666,0.0,0.0,0.20152826607227325,0.1560554951429367,0.03305119276046753,0.0,0.07295871526002884,0.03733683004975319,9.327912266599014e-05,0.031161459162831306,0.02357443794608116,0.01646282710134983,0.04440147802233696,0.0034498798195272684,0.06007213890552521,0.04089689254760742,0.05665953829884529,0.0002852621837519109,0.1797112375497818,0.04230096936225891,-47,-0.8570254932860015,-13,-59,25,7580.1640625,0.0406842976808548,0.28311724960803986,-0.34695763885974884,-96,-29,0,-139,5,2,0.07174796747967482
g17828.t1,A0ABM5VKD7,0.848,27.0,1,350,2.0061134840051293,149,57,144,22926.57421875,0.16255256533622742,0.2272518277168274,0.5911124348640442,0.43749895691871643,0.15361353754997253,343,69,18,265,2,32,20,12,0.1657142857142857,0.00014073390047997236,0.011233043856918812,0.10735081136226654,0.3301481604576111,0.025430241599678993,0.0,0.003364779520779848,0.06220117211341858,0.10086952149868011,0.023146413266658783,0.003911109641194344,0.003796606557443738,0.019414860755205154,0.05790165439248085,0.05220900475978851,0.01908307708799839,0.0651746317744255,0.011821647174656391,0.08843888342380524,0.014363600872457027,1,317,1.9715573851433459,139,48,130,21528.84765625,0.1710560917854309,0.2756919860839844,0.5391014218330383,0.36338353157043457,0.17571794986724854,304,41,0,300,2,26,18,8,0.19558359621451105,0.003147287294268608,0.04744908586144447,0.24844445288181305,0.11493907868862152,0.0459977462887764,0.0,0.04954138770699501,0.04645995795726776,0.0026446732226759195,0.040776655077934265,0.04328583553433418,0.0,0.011117305606603622,0.0007334034889936447,0.08604040741920471,0.014150540344417095,0.03222329542040825,0.016770925372838974,0.14349465072155,0.05278340354561806,33,0.03455609886178346,10,9,14,1397.7265625,-0.008503526449203491,-0.04844015836715698,0.05201101303100586,39,28,18,-35,0,4,-0.029869310500225343
g11355.t1,A0ABM5VND2,0.8423,21.2,1,220,1.9654968528649903,71,52,97,21077.068359375,0.1808115839958191,0.2630024552345276,0.5548344254493713,0.38975587487220764,0.1650785505771637,198,26,3,112,3,21,14,7,0.24545454545454545,0.0,0.05743618682026863,0.04430197551846504,0.3454539477825165,0.004129758104681969,0.0071318200789391994,0.013777492567896843,0.08545439690351486,0.06796625256538391,0.041010912507772446,0.0,0.0,0.0024493320379406214,0.07759951055049896,0.06190674751996994,0.0013515488244593143,0.11149974912405014,0.001530832494609058,0.05357879400253296,0.023420779034495354,1,154,1.4826519378019485,51,46,57,15742.8037109375,0.11056355386972427,0.23603008687496185,0.6534063220024109,0.3957267701625824,0.2576795816421509,148,23,1,121,-2,17,18,-1,0.2922077922077922,0.0,0.009632824920117855,0.20332969725131989,0.1923970878124237,0.08963101357221603,0.0,0.030826522037386894,0.008813009597361088,0.01031232625246048,0.059672314673662186,0.0,0.0,0.028465203940868378,0.038359735161066055,0.059855230152606964,0.0,0.048100169748067856,0.0040990742854774,0.20957939326763153,0.006926372647285461,66,0.48284491506304184,20,6,40,5334.2646484375,0.07024803012609482,0.026972368359565735,-0.09857189655303955,50,3,2,-9,5,8,-0.04675324675324674
g19137.t2,A0ABM5VL28,0.8387,19.7,1,569,2.893005667893344,202,110,257,42669.1171875,0.22510617971420288,0.23743018507957458,0.5184895396232605,0.38653436303138733,0.13195517659187317,491,60,15,254,15,48,30,18,0.18980667838312829,0.016407346352934837,0.037538252770900726,0.18828262388706207,0.19825173914432526,0.006485894322395325,0.0,0.02524428814649582,0.017615508288145065,0.019558627158403397,0.02152944728732109,0.00022196753707248718,0.04249722138047218,0.05992529168725014,0.04015181586146355,0.0835021585226059,0.018974030390381813,0.05518516153097153,0.023042753338813782,0.07677000761032104,0.06881581246852875,1,663,3.0120399967292677,242,172,249,36388.77734375,0.22646909952163696,0.1491663008928299,0.604123592376709,0.30160847306251526,0.30251505970954895,643,86,0,380,-8,43,38,5,0.1568627450980392,0.003369410987943411,0.027077490463852882,0.1917913258075714,0.10981717705726624,0.016335710883140564,0.0,0.027384484186768532,0.05293898656964302,0.001213060924783349,0.011328823864459991,0.03629111126065254,0.01250026747584343,0.07640964537858963,0.01254329551011324,0.06474243104457855,0.020241061225533485,0.03969710320234299,0.005031880456954241,0.26281797885894775,0.028468800708651543,-94,-0.11903432883592391,-40,-62,8,6280.33984375,-0.001362919807434082,0.08826388418674469,-0.08563405275344849,-152,-26,15,-126,23,13,0.03294393328508907
g17828.t1,A0ABM5VL38,0.8324,25.5,1,350,2.0061134840051293,149,57,144,22926.57421875,0.16255256533622742,0.2272518277168274,0.5911124348640442,0.43749895691871643,0.15361353754997253,343,69,18,265,2,32,20,12,0.1657142857142857,0.00014073390047997236,0.011233043856918812,0.10735081136226654,0.3301481604576111,0.025430241599678993,0.0,0.003364779520779848,0.06220117211341858,0.10086952149868011,0.023146413266658783,0.003911109641194344,0.003796606557443738,0.019414860755205154,0.05790165439248085,0.05220900475978851,0.01908307708799839,0.0651746317744255,0.011821647174656391,0.08843888342380524,0.014363600872457027,1,310,1.8955734061783622,131,61,118,20177.90234375,0.20020444691181183,0.23520639538764954,0.5431283712387085,0.30567100644111633,0.23745739459991455,297,43,0,161,-5,24,22,2,0.22580645161290322,0.0,0.06179835647344589,0.2628079950809479,0.04286300390958786,0.06755757331848145,0.0,0.01957666501402855,0.08322976529598236,0.02937796711921692,0.02065904624760151,0.0,0.005589381791651249,0.07499127089977264,0.005333377048373222,0.046321235597133636,0.02146071195602417,0.010007889941334724,0.011483990587294102,0.22744949162006378,0.009492219425737858,40,0.11054007782676711,18,-4,26,2748.671875,-0.03765188157558441,-0.007954567670822144,0.04798406362533569,46,26,18,104,7,10,-0.06009216589861752
g5143.t1,A0ABN4IFR2,0.8289,33.3,1,157,2.3393191713766366,52,7,98,24988.287109375,0.18236006796360016,0.1605941653251648,0.6408818364143372,0.5511572360992432,0.08972473442554474,95,3,2,32,37,31,5,26,0.3503184713375796,0.01871979609131813,0.025374876335263252,0.38349735736846924,0.16765981912612915,0.01907440461218357,0.0,0.0,0.020401330664753914,0.051380399614572525,0.027002613991498947,,0.01032978855073452,0.03814367577433586,0.08211150020360947,0.0073457565158605576,0.01616382971405983,0.05224675312638283,0.012653988786041737,0.037477973848581314,0.030416131019592285,1,150,2.896967595856735,32,22,96,27839.52734375,0.2517741620540619,0.1620183140039444,0.5729678273200989,0.4191337823867798,0.15383407473564148,95,11,0,5,20,28,10,18,0.43333333333333335,0.008228759281337261,0.004751818720251322,0.15952076017856598,0.2596130073070526,0.06652820855379105,,0.037230152636766434,0.08090401440858841,0.017163848504424095,0.0,,0.0,0.04462074115872383,0.04817330092191696,0.03823983296751976,0.013239724561572075,0.01325884647667408,0.03261718526482582,0.14057523012161255,0.035334598273038864,7,-0.5576484244800985,20,-15,2,-2851.240234375,-0.06941409409046173,-0.001424148678779602,0.06791400909423828,0,-8,2,27,17,8,-0.08301486199575375
g17606.t1,A0ABN4IES7,0.8261,25.6,1,220,3.2206613397347494,23,66,131,42491.59375,0.2324582040309906,0.5142225623130798,0.25278764963150024,0.21854369342327118,0.034243978559970856,116,14,0,0,12,22,9,13,0.4636363636363636,0.0644838735461235,0.005662139505147934,0.16335275769233704,0.05519092082977295,0.025672204792499542,,0.014503346756100655,0.04303468391299248,0.029839392751455307,0.00029681032174266875,0.001497014774940908,0.02739996463060379,0.032718315720558167,0.019581550732254982,0.39679691195487976,0.0005315362941473722,0.011035649105906487,0.02923944965004921,0.023208335041999817,0.055955126881599426,1,267,1.9196330047904917,17,140,110,22499.037109375,0.18960466980934143,0.25784531235694885,0.5525500178337097,0.25936636328697205,0.29318368434906006,214,54,0,80,-6,17,25,-8,0.20973782771535582,0.0012906737392768264,0.021178189665079117,0.2492373138666153,0.010129032656550407,0.05349433422088623,,0.05848303809762001,0.09119228273630142,0.0,0.02262207865715027,0.001425900380127132,0.004589062184095383,0.01789005845785141,0.0018269052961841226,0.10439016669988632,0.0,0.0833110511302948,0.012906737625598907,0.20987264811992645,0.05616055056452751,-47,1.3010283349442577,6,-74,21,19992.556640625,0.04285353422164917,0.256377249956131,-0.2997623682022095,-98,-40,0,-80,18,21,0.2538985359210078
g11348.t1,A0ABN4IIQ6,0.8256,28.7,1,1371,4.040746963869525,618,215,538,69696.5625,0.16187533736228943,0.30623045563697815,0.5183209180831909,0.29596632719039917,0.22235460579395294,1261,161,33,793,8,63,57,6,0.1436907366885485,0.00828666053712368,0.06092727929353714,0.09567075967788696,0.2002955675125122,0.01724994368851185,0.0,0.017096899449825287,0.06974592059850693,0.038034599274396896,0.0052310992032289505,0.006239687092602253,0.0003208930429536849,0.018090473487973213,0.03747911378741264,0.08076915144920349,0.013573331758379936,0.03781687095761299,0.00461569894105196,0.18453772366046906,0.10401840507984161,1,494,2.167976863698502,177,112,205,25221.296875,0.237557053565979,0.10204477608203888,0.6372529864311218,0.3545495271682739,0.2827034890651703,493,94,0,28,-5,28,29,-1,0.145748987854251,0.0012792942579835653,0.0007500770152546465,0.2872302532196045,0.06731926649808884,0.07956890016794205,0.0,0.06000564992427826,0.10746827721595764,0.015521425753831863,0.0027502826415002346,0.0,0.006501068361103535,0.04774856194853783,0.0145542211830616,0.0034540945198386908,0.023145107552409172,0.029840553179383278,0.0,0.25286293029785156,0.0,877,1.872770100171023,441,103,333,44475.265625,-0.07568171620368958,0.20418567955493927,-0.11893206834793091,768,67,33,765,13,7,-0.0020582511657024904
g8504.t2,A0ABN4IIK4,0.8215,22.5,1,698,4.143144801139897,290,111,297,55399.51953125,0.1499190330505371,0.20841966569423676,0.6033775210380554,0.3727097809314728,0.23066772520542145,603,70,0,205,-1,56,50,6,0.19627507163323782,0.038364432752132416,0.044258393347263336,0.1395009458065033,0.23320883512496948,0.009747013449668884,0.0014156568795442581,0.020565493032336235,0.02660437487065792,0.05527980625629425,0.011336428113281727,0.0006988969398662448,0.01729769818484783,0.023468632251024246,0.012950246222317219,0.04603957384824753,0.0382838137447834,0.027292149141430855,0.00996926799416542,0.20337557792663574,0.040342800319194794,1,478,2.567480668888643,184,113,181,31168.763671875,0.2213594913482666,0.2504578232765198,0.5281826853752136,0.22913119196891785,0.29905152320861816,474,80,0,231,-12,27,25,2,0.16527196652719664,0.056000541895627975,0.08481720834970474,0.089338019490242,0.13979317247867584,0.0433657169342041,0.0,0.0295773446559906,0.02545848861336708,0.018771883100271225,0.03165886551141739,0.0,0.0,0.072980597615242,0.016558870673179626,0.06519567966461182,0.0,0.14341306686401367,0.02078363299369812,0.1556384414434433,0.006648465059697628,220,1.5756641322512541,106,-2,116,24230.755859375,-0.07144045829772949,-0.04203815758228302,0.0751948356628418,129,-10,0,-26,11,4,0.03100310510604118
g836.t1,A0ABN4IJZ6,0.8204,20.0,1,438,2.5190672629591004,174,77,187,30274.5,0.16245809197425842,0.3455755412578583,0.4752095937728882,0.24195976555347443,0.23324981331825256,386,38,15,240,-7,23,27,-4,0.18493150684931506,0.012149705551564693,0.04964691027998924,0.056325528770685196,0.18563425540924072,0.006444052793085575,0.001822694088332355,0.013215471059083939,0.04155506566166878,0.10656026005744934,0.03544485941529274,0.012507101520895958,0.008172363042831421,0.01065487414598465,0.037489280104637146,0.06344995647668839,0.016756786033511162,0.08544393628835678,0.026714222505688667,0.14780586957931519,0.08220678567886353,1,269,1.8316492439302263,98,52,119,20967.2109375,0.28837263584136963,0.17717920243740082,0.5185670256614685,0.2750144898891449,0.24355252087116241,239,24,17,156,-4,15,17,-2,0.21189591078066913,0.009848661720752716,0.03151794523000717,0.17254433035850525,0.10247018188238144,0.02782723866403103,0.0,0.050207752734422684,0.05551352724432945,0.011922843754291534,0.001954900799319148,0.0,0.02634548582136631,0.06685447692871094,0.06262669712305069,0.09266697615385056,0.015881163999438286,0.01792643591761589,0.016976021230220795,0.22562608122825623,0.011289281770586967,169,0.6874180190288741,76,25,68,9307.2890625,-0.1259145438671112,0.16839633882045746,-0.04335743188858032,147,14,-2,84,-3,-2,-0.026964403931354075
g17606.t1,A0ABN4IMV3,0.8197,16.8,1,220,3.2206613397347494,23,66,131,42491.59375,0.2324582040309906,0.5142225623130798,0.25278764963150024,0.21854369342327118,0.034243978559970856,116,14,0,0,12,22,9,13,0.4636363636363636,0.0644838735461235,0.005662139505147934,0.16335275769233704,0.05519092082977295,0.025672204792499542,,0.014503346756100655,0.04303468391299248,0.029839392751455307,0.00029681032174266875,0.001497014774940908,0.02739996463060379,0.032718315720558167,0.019581550732254982,0.39679691195487976,0.0005315362941473722,0.011035649105906487,0.02923944965004921,0.023208335041999817,0.055955126881599426,1,125,2.1387103247415924,8,59,58,22714.234375,0.2405162751674652,0.06488774716854095,0.694595992565155,0.329741895198822,0.3648540675640106,73,13,0,0,-3,16,19,-3,0.384,0.0,0.009358630515635014,0.06498383730649948,0.26475808024406433,0.03588252142071724,,0.009233218617737293,0.04914913699030876,,0.009898127987980843,0.0,0.11375309526920319,0.026375871151685715,0.026738528162240982,0.00974846351891756,,0.0567190982401371,0.015266417525708675,0.3081349730491638,0.0,95,1.081951014993157,15,7,73,19777.359375,-0.00805807113647461,0.4493348151445389,-0.4418083429336548,43,1,0,0,15,16,0.07963636363636362
g7856.t2,A0ABM5VJC7,0.8192,40.5,1,230,3.8043823446891203,55,19,156,54686.890625,0.12524494528770447,0.064219631254673,0.7851603031158447,0.6247646808624268,0.16039571166038513,97,10,0,27,30,63,29,34,0.5217391304347826,0.004658338613808155,0.009011889807879925,0.08624690026044846,0.5385177135467529,0.02143891528248787,,0.02266499772667885,0.034134119749069214,0.0017942291451618075,0.0035907665733247995,,0.013677322305738926,0.009931867010891438,0.039352286607027054,0.008034828118979931,0.02537505142390728,0.05324403569102287,0.0008260050090029836,0.10715168714523315,0.02034900337457657,1,93,1.6732164803102978,26,15,52,17297.9296875,0.1735137552022934,0.1183580756187439,0.6419298648834229,0.4756862223148346,0.16624361276626587,64,7,0,13,11,15,7,8,0.3870967741935484,0.0,0.009478900581598282,0.09078680723905563,0.38489940762519836,0.03495125472545624,,0.034052636474370956,0.01660098135471344,0.036354657262563705,0.02952493727207184,0.016773320734500885,0.0,0.04360074922442436,0.06248607113957405,0.007319227792322636,0.06619822978973389,0.016769330948591232,0.0,0.14947429299354553,0.0007291013025678694,137,2.1311658643788225,29,4,104,37388.9609375,-0.04826880991458893,-0.05413844436407089,0.14323043823242188,33,3,0,14,19,26,0.13464235624123422
g6110.t1,A0ABM5VJ76,0.8164,23.5,1,156,2.0199289067783317,59,12,85,20548.259765625,0.20809006690979004,0.09770672023296356,0.647406816482544,0.5534389019012451,0.09396795183420181,114,24,0,78,20,25,8,17,0.28205128205128205,0.032253630459308624,0.018989024683833122,0.23459652066230774,0.3188423812389374,0.009182010777294636,0.0,0.010520529933273792,0.010363508015871048,0.05045280233025551,0.00692641269415617,0.06353987008333206,0.0021482014562934637,0.025212660431861877,0.04897748678922653,0.011075207963585854,0.046796299517154694,0.043024882674217224,0.015074193477630615,0.05094306915998459,0.001081260503269732,1,264,1.9441027218707758,79,66,119,20275.29296875,0.24829913675785065,0.13056470453739166,0.6003194451332092,0.42236143350601196,0.1779579371213913,255,37,6,73,11,26,15,11,0.24242424242424243,0.0,0.0,0.3728668987751007,0.049494534730911255,0.0643836036324501,0.007464420981705189,0.02958444319665432,0.09049756824970245,0.0,0.0,0.03564665466547012,0.006842884235084057,0.0689062550663948,0.0,0.04649942368268967,0.020816663280129433,0.02101595140993595,0.01682134158909321,0.1569419950246811,0.012217257171869278,-108,0.07582618490755588,-20,-54,-34,272.966796875,-0.04020906984806061,-0.0328579843044281,0.04708737134933472,-141,-13,-6,5,9,6,0.03962703962703962
g19604.t1,A0ABN4IFR4,0.8116,27.8,1,146,2.028281823110018,60,31,55,21651.3671875,0.2616809010505676,0.17190800607204437,0.5664110779762268,0.47278282046318054,0.09362825006246567,125,21,0,31,19,24,7,17,0.3424657534246575,0.0002980454883072525,0.01723228022456169,0.29168254137039185,0.1811002492904663,0.004666802939027548,0.0,0.04088226333260536,0.04023614153265953,0.033588483929634094,0.07961904257535934,0.0,0.06899753212928772,0.029573988169431686,0.07419469952583313,0.019749173894524574,,0.04228275269269943,0.0074982354417443275,0.05134548991918564,0.017052212730050087,1,128,1.9278426776399946,40,29,59,19027.33984375,0.19407416880130768,0.22419774532318115,0.5678455233573914,0.46541082859039307,0.10243470966815948,98,15,0,137,16,22,6,16,0.3359375,0.0,0.0016957421321421862,0.32696980237960815,0.1384410262107849,0.031038843095302582,,0.02034890651702881,0.040654752403497696,0.005304585676640272,0.08057495951652527,,0.0,0.04423954337835312,0.0511854849755764,0.0801137387752533,0.013882512226700783,0.06182074919342995,0.037645477801561356,0.040613967925310135,0.025469865649938583,18,0.10043914547002353,20,2,-4,2624.02734375,0.06760673224925995,-0.05228973925113678,-0.0014344453811645508,27,6,0,-106,3,1,0.006528253424657515
g14139.t3,A0ABM5VME2,0.8093,28.4,1,1050,3.8948154799484467,521,170,359,55246.484375,0.26322320103645325,0.2018013447523117,0.5181013345718384,0.2986232042312622,0.21947811543941498,982,94,18,827,7,48,39,9,0.14095238095238094,0.0386626161634922,0.009251234121620655,0.10426995903253555,0.19435325264930725,0.005315564572811127,0.006388102192431688,0.014951102435588837,0.04009738937020302,0.059487178921699524,0.019542517140507698,0.0007989975274540484,0.05772702768445015,0.06597912311553955,0.027500785887241364,0.08501974493265152,0.016874125227332115,0.07492540776729584,0.017506176605820656,0.14455269277095795,0.016796987503767014,1,804,3.5091944272235147,439,128,237,40693.890625,0.3534891605377197,0.07309358566999435,0.5646837949752808,0.2838532030582428,0.28083059191703796,801,104,0,205,-15,41,37,4,0.14303482587064675,0.0016650526085868478,0.0020614939276129007,0.23575074970722198,0.04810244217514992,0.018685659393668175,0.0,0.04688602313399315,0.05067034810781479,0.002800094662234187,0.014564787968993187,0.03518408164381981,0.015778355300426483,0.17111127078533173,0.006346054840832949,0.02850702591240406,0.008733467198908329,0.01876656711101532,0.025847962126135826,0.26206403970718384,0.0064745196141302586,246,0.38562105272493197,82,42,122,14552.59375,-0.09026595950126648,0.12870775908231735,-0.04658246040344238,181,-10,18,622,22,5,-0.0020824449182658133
g4920.t1,A0ABM5VK80,0.8078,22.9,1,691,3.2956773349744206,356,91,244,41215.2421875,0.24952644109725952,0.30071085691452026,0.39141762256622314,0.16602657735347748,0.22539103031158447,648,78,1,542,-17,28,34,-6,0.16931982633863965,0.029292721301317215,0.07454370707273483,0.03990154340863228,0.1261250376701355,0.02486160583794117,0.004122856538742781,0.0365510992705822,0.05118047073483467,0.030961602926254272,0.008359969593584538,0.0149033572524786,0.0017612959491088986,0.01040837075561285,0.03929081931710243,0.12335844337940216,0.058345068246126175,0.08881552517414093,0.06613831222057343,0.13657550513744354,0.034502699971199036,1,449,3.084671836039698,288,21,140,32658.822265625,0.23794707655906677,0.12876594066619873,0.5326493382453918,0.30981647968292236,0.2228327840566635,454,74,0,207,-1,38,30,8,0.1870824053452116,0.02311590500175953,0.007600190583616495,0.21783305704593658,0.09198343753814697,0.03302093967795372,,0.05791998282074928,0.05505583807826042,0.020062580704689026,0.0024203360080718994,0.021089641377329826,0.0020747066009789705,0.016411012038588524,0.060106486082077026,0.030402127653360367,0.10063771903514862,0.026426106691360474,0.002173502231016755,0.19640667736530304,0.03525976464152336,242,0.21100549893472254,68,70,104,8556.419921875,0.011579364538192749,0.17194491624832153,-0.1412317156791687,194,4,1,335,-16,-14,-0.017762579006571938
g4920.t3,A0ABM5VK80,0.8073,22.2,1,306,2.604009486701002,189,12,105,27151.58203125,0.2725813686847687,0.2720043957233429,0.365825355052948,0.19576531648635864,0.17006005346775055,289,39,0,370,-3,18,16,2,0.238562091503268,0.06758397817611694,0.05269097909331322,0.0503905825316906,0.14537473022937775,0.004018700681626797,0.0,0.03566858917474747,0.05768044292926788,0.07191739976406097,0.005709104705601931,0.030216941609978676,0.0025655936915427446,0.023113135248422623,0.03250988945364952,0.10202746093273163,0.08958885073661804,0.06889481842517853,0.023242807015776634,0.10116522759199142,0.03564074635505676,1,449,3.084671836039698,288,21,140,32658.822265625,0.23794707655906677,0.12876594066619873,0.5326493382453918,0.30981647968292236,0.2228327840566635,454,74,0,207,-1,38,30,8,0.1870824053452116,0.02311590500175953,0.007600190583616495,0.21783305704593658,0.09198343753814697,0.03302093967795372,,0.05791998282074928,0.05505583807826042,0.020062580704689026,0.0024203360080718994,0.021089641377329826,0.0020747066009789705,0.016411012038588524,0.060106486082077026,0.030402127653360367,0.10063771903514862,0.026426106691360474,0.002173502231016755,0.19640667736530304,0.03525976464152336,-143,-0.4806623493386959,-99,-9,-35,-5507.240234375,0.034634292125701904,0.14323845505714417,-0.16682398319244385,-165,-35,0,163,-2,-6,0.0514796861580564
g8504.t2,A0ABM5VN57,0.8065,20.9,1,698,4.143144801139897,290,111,297,55399.51953125,0.1499190330505371,0.20841966569423676,0.6033775210380554,0.3727097809314728,0.23066772520542145,603,70,0,205,-1,56,50,6,0.19627507163323782,0.038364432752132416,0.044258393347263336,0.1395009458065033,0.23320883512496948,0.009747013449668884,0.0014156568795442581,0.020565493032336235,0.02660437487065792,0.05527980625629425,0.011336428113281727,0.0006988969398662448,0.01729769818484783,0.023468632251024246,0.012950246222317219,0.04603957384824753,0.0382838137447834,0.027292149141430855,0.00996926799416542,0.20337557792663574,0.040342800319194794,1,578,2.7486196546973765,216,147,215,32151.7734375,0.23413600027561188,0.16665491461753845,0.5837557315826416,0.3375103771686554,0.24624532461166382,552,87,0,293,-14,33,37,-4,0.16608996539792387,0.015312918461859226,0.010276620276272297,0.18697524070739746,0.15053516626358032,0.037149373441934586,0.0,0.04019477590918541,0.04891306534409523,0.016068024560809135,0.01962946727871895,0.0,0.018665768206119537,0.051480770111083984,0.03788119554519653,0.06970123946666718,0.015453336760401726,0.06861458718776703,0.021687503904104233,0.17763075232505798,0.01383017934858799,120,1.3945251464425206,74,-36,82,23247.74609375,-0.08421696722507477,0.0417647510766983,0.01962178945541382,51,-17,0,-88,13,10,0.030185106235313952
g11355.t1,A0ABN4IIW9,0.8048,21.3,1,220,1.9654968528649903,71,52,97,21077.068359375,0.1808115839958191,0.2630024552345276,0.5548344254493713,0.38975587487220764,0.1650785505771637,198,26,3,112,3,21,14,7,0.24545454545454545,0.0,0.05743618682026863,0.04430197551846504,0.3454539477825165,0.004129758104681969,0.0071318200789391994,0.013777492567896843,0.08545439690351486,0.06796625256538391,0.041010912507772446,0.0,0.0,0.0024493320379406214,0.07759951055049896,0.06190674751996994,0.0013515488244593143,0.11149974912405014,0.001530832494609058,0.05357879400253296,0.023420779034495354,1,161,1.9276650548896879,47,38,76,20806.6171875,0.4069404900074005,0.09780551493167877,0.4952540099620819,0.4124431908130646,0.08281075954437256,148,20,1,145,7,22,8,14,0.2919254658385093,0.0,0.002153345849364996,0.2659732699394226,0.14646998047828674,0.01558411680161953,0.0,0.02437427081167698,0.051642388105392456,0.005780714564025402,0.006999015808105469,0.0,0.07132654637098312,0.1766034960746765,0.08299380540847778,0.06063432618975639,0.0,0.004091516602784395,0.0,0.07871924340724945,0.006654000375419855,59,0.03783179797530245,24,14,21,270.451171875,-0.22612890601158142,0.16519694030284882,0.05958041548728943,50,6,2,-33,-4,-7,-0.04647092038396386
g11518.t1,A0ABN4IHR0,0.8023,31.0,1,504,2.747106705455714,140,150,214,39000.6640625,0.17374926805496216,0.16099058091640472,0.6454048156738281,0.5154024362564087,0.13000236451625824,432,44,12,266,12,41,25,16,0.19246031746031747,0.0004963832907378674,0.03988640755414963,0.10403674840927124,0.4113657474517822,0.03824875131249428,0.0005865145358256996,0.03726432844996452,0.03959749639034271,0.022455858066678047,0.0008178747957572341,0.0,0.024240046739578247,0.03680943697690964,0.034762486815452576,0.032898642122745514,0.019855313003063202,0.019500738009810448,0.0005791138391941786,0.11050163954496384,0.02609654888510704,1,406,2.156823712393403,97,141,168,24812.234375,0.19477981328964233,0.18267466127872467,0.613459050655365,0.2909880578517914,0.3224709928035736,391,75,0,172,-14,24,32,-8,0.17733990147783252,0.010007036849856377,0.05493433028459549,0.12033066898584366,0.17065738141536713,0.06307768821716309,0.0,0.04931005463004112,0.040566086769104004,0.012010528706014156,0.0016519598430022597,0.0,0.0065019261091947556,0.010181138291954994,0.062136221677064896,0.04751283675432205,0.00908642541617155,0.09253980964422226,0.01607734151184559,0.22993119060993195,0.003487322712317109,98,0.5902829930623108,43,9,46,14188.4296875,-0.021030545234680176,-0.021684080362319946,0.031945765018463135,41,-31,12,94,26,24,0.015120415982484953
g10690.t1,A0ABN4IL96,0.7996,23.7,1,187,2.1213994932845908,39,81,67,21746.30859375,0.17932699620723724,0.06933891773223877,0.7138857245445251,0.606195330619812,0.10769044607877731,137,20,1,45,20,32,7,25,0.2620320855614973,0.019585121423006058,0.002626724075525999,0.2718636393547058,0.3343316614627838,0.011864127591252327,0.0,0.007576662115752697,0.036586564034223557,0.007858047261834145,0.0,0.029343824833631516,0.0016320934519171715,0.014085204340517521,0.05657052993774414,0.04336528480052948,0.03744833916425705,0.04559096321463585,0.01394698116928339,0.06209946796298027,0.0036247367970645428,1,180,2.1417461631735932,40,67,73,22181.330078125,0.19179628789424896,0.10665210336446762,0.6787720918655396,0.5097492933273315,0.1690228432416916,126,27,0,20,13,23,15,8,0.2722222222222222,0.026474131271243095,0.0001454622542951256,0.22689218819141388,0.28285709023475647,0.02170933596789837,,0.009669695980846882,0.1000923365354538,0.0027112241368740797,0.009986694902181625,,0.0034910941030830145,0.014499797485768795,0.025162292644381523,0.03167974203824997,0.02277948148548603,0.017355525866150856,0.012406948022544384,0.15166731178760529,0.040419645607471466,7,-0.020346669889002467,-1,14,-6,-435.021484375,-0.012469291687011719,-0.03731318563222885,0.035113632678985596,11,-7,1,25,7,17,-0.01019013666072488
g12849.t1,A0ABN4IIY4,0.7984,26.7,1,455,2.5761646849027033,143,104,208,31546.583984375,0.2263197898864746,0.33460667729377747,0.4192190170288086,0.2125973105430603,0.2066216915845871,385,42,15,561,-9,26,22,4,0.1912087912087912,0.009370007552206516,0.027938110753893852,0.12347941100597382,0.08911792933940887,0.014321040362119675,0.020663153380155563,0.03220117464661598,0.022089887410402298,0.03489575907588005,0.019848117604851723,0.0,0.02035347744822502,0.056947335600852966,0.06801250576972961,0.09759727865457535,0.01985454000532627,0.10065393149852753,0.01734541915357113,0.10596776008605957,0.11934319138526917,1,179,2.4770135583209023,52,24,103,24367.326171875,0.2674594819545746,0.1429508775472641,0.5895895957946777,0.4703505337238312,0.11923912167549133,108,9,1,72,7,17,13,4,0.3016759776536313,0.011296938173472881,0.0277368426322937,0.428680956363678,0.04166955500841141,0.03285868093371391,0.002717274008318782,0.07261105626821518,0.04555001109838486,0.0,0.01188353169709444,0.04627000540494919,0.0027806691359728575,0.05720796063542366,0.002251017838716507,0.0537014976143837,0.0,0.005178778897970915,0.029491828754544258,0.11406034976243973,0.01405304204672575,276,0.09915112658180103,91,80,105,7179.2578125,-0.041139692068099976,0.19165579974651337,-0.17037057876586914,277,33,14,489,-16,0,-0.1104671864448401
g5810.t1,A0ABN4IMH4,0.7978,17.7,1,286,4.760696534554028,154,64,68,41607.51171875,0.2975045442581177,0.12626266479492188,0.5548347234725952,0.39033520221710205,0.16449955105781555,239,17,0,101,4,35,28,7,0.40559440559440557,0.02512529492378235,0.024569358676671982,0.162702739238739,0.22763244807720184,0.007824952714145184,,0.040086355060338974,0.024970201775431633,0.02402600646018982,0.0060623399913311005,0.011399439536035061,0.025668125599622726,0.12025047838687897,0.04294787719845772,0.05405502766370773,0.021397991105914116,0.029118681326508522,0.007056795991957188,0.13538087904453278,0.00972498208284378,1,285,3.94353215267028,142,64,79,33957.26953125,0.33620795607566833,0.24534422159194946,0.4043157398700714,0.20772278308868408,0.19659297168254852,255,46,0,134,0,25,21,4,0.3157894736842105,0.011117086745798588,0.08390240371227264,0.1770206093788147,0.03070216067135334,0.017156770452857018,,0.050064243376255035,0.04788899049162865,0.03782062977552414,0.0357317179441452,0.07378112524747849,0.016343066468834877,0.07171680778265,0.02415824495255947,0.0683012306690216,0.014132073149085045,0.014461313374340534,0.041138384491205215,0.18213167786598206,0.002431470900774002,1,0.8171643818837482,12,0,-11,7650.2421875,-0.03870341181755066,-0.11908155679702759,0.1505189836025238,-16,-29,0,-33,4,3,0.08980493191019506
g8636.t1,A0ABM5VIS4,0.7971,25.6,1,257,1.8492381696623434,110,34,113,21964.2421875,0.27565115690231323,0.1656031757593155,0.518928587436676,0.2598102390766144,0.25911828875541687,247,30,5,101,1,17,20,-3,0.2178988326848249,0.0,0.056615378707647324,0.06377439945936203,0.19603581726551056,0.0023503992706537247,0.0,0.026367852464318275,0.055087484419345856,0.015845034271478653,0.0011751996353268623,0.03091885894536972,0.0,0.035815875977277756,0.11909449100494385,0.05829489976167679,0.03981710597872734,0.07726766169071198,0.008366599678993225,0.1818506419658661,0.031322259455919266,1,209,1.7478859576926424,92,38,79,19131.931640625,0.34172290563583374,0.20867061614990234,0.43517330288887024,0.21685869991779327,0.21831461787223816,207,24,0,73,-3,12,15,-3,0.2631578947368421,0.0010118830250576138,0.009965034201741219,0.15973563492298126,0.05712304264307022,0.028783781453967094,,0.043494537472724915,0.1050671860575676,0.0,0.0,0.08346431702375412,0.0099501833319664,0.07125210762023926,0.019134925678372383,0.1395086944103241,0.014433098956942558,0.05571854114532471,0.008347771130502224,0.16259606182575226,0.030413107946515083,48,0.10135221196970101,18,-4,34,2832.310546875,-0.06607174873352051,-0.04306744039058685,0.08375528454780579,40,6,5,28,4,0,-0.045259062052017185
g999.t1,A0ABN4IGL1,0.7963,16.2,1,328,2.8005023690056854,133,52,143,41512.59375,0.23915372788906097,0.44979628920555115,0.24699686467647552,0.1589481681585312,0.08804870396852493,272,23,0,33,1,20,20,0,0.3384146341463415,0.04875582456588745,0.07146458327770233,0.04797204211354256,0.11097613722085953,0.008462254889309406,0.0,0.018030313774943352,0.040777020156383514,0.033845219761133194,0.0,0.0,0.00567388953641057,0.04790341854095459,0.04344913735985756,0.10171866416931152,0.06405317783355713,0.02415998838841915,0.034564126282930374,0.06388870626688004,0.23430554568767548,1,881,3.7522338719952204,360,219,302,49170.9921875,0.21337507665157318,0.13429084420204163,0.647675096988678,0.37812912464141846,0.2695460319519043,848,142,3,651,-18,61,64,-3,0.16572077185017026,0.011877020820975304,0.011213146150112152,0.2570715546607971,0.12105754017829895,0.061174314469099045,0.0,0.03727690130472183,0.1123725175857544,0.0062967329286038876,0.002326376037672162,0.00038672960363328457,0.015682915225625038,0.020924946293234825,0.007732999976724386,0.03622766584157944,0.004658941645175219,0.045001208782196045,0.0071210432797670364,0.22454482316970825,0.017052611336112022,-553,-0.951731502989535,-227,-167,-159,-7658.3984375,0.025778651237487793,0.3155054450035095,-0.40067823231220245,-576,-119,-3,-618,19,3,0.17269386229617123
g6110.t1,A0ABN4IFH7,0.7954,30.2,1,156,2.0199289067783317,59,12,85,20548.259765625,0.20809006690979004,0.09770672023296356,0.647406816482544,0.5534389019012451,0.09396795183420181,114,24,0,78,20,25,8,17,0.28205128205128205,0.032253630459308624,0.018989024683833122,0.23459652066230774,0.3188423812389374,0.009182010777294636,0.0,0.010520529933273792,0.010363508015871048,0.05045280233025551,0.00692641269415617,0.06353987008333206,0.0021482014562934637,0.025212660431861877,0.04897748678922653,0.011075207963585854,0.046796299517154694,0.043024882674217224,0.015074193477630615,0.05094306915998459,0.001081260503269732,1,126,2.2362428056399763,62,6,58,20251.326171875,0.16849017143249512,0.15970124304294586,0.6718085408210754,0.5800095796585083,0.09179899841547012,95,10,0,5,19,28,10,18,0.40476190476190477,0.024455666542053223,0.029057934880256653,0.28889036178588867,0.29111918807029724,0.03165203332901001,0.003027178579941392,0.03103208728134632,0.07307939976453781,0.07185928523540497,0.023626849055290222,0.0,,0.003027178579941392,0.030044853687286377,0.00047797555453144014,0.0,0.0215764157474041,0.006850982550531626,0.07022258639335632,,30,-0.21631389886164465,-3,6,27,296.93359375,0.03959989547729492,-0.0619945228099823,-0.024401724338531494,19,14,0,73,1,-1,-0.12271062271062272
g4256.t1,A0ABN4IIR6,0.795,23.6,1,319,1.94901360017685,187,38,94,21934.888671875,0.20605206489562988,0.31150567531585693,0.48244231939315796,0.3150503635406494,0.16739197075366974,339,46,6,268,1,25,18,7,0.21316614420062696,0.004412895999848843,0.034166183322668076,0.02584303915500641,0.2892073094844818,0.017995158210396767,0.0001437429600628093,0.05641569197177887,0.061315782368183136,0.08220966905355453,0.00784595962613821,0.030293498188257217,0.008304016664624214,0.0073112305253744125,0.029908625409007072,0.07266916334629059,0.0,0.06544999778270721,0.008090309798717499,0.10194198042154312,0.09647579491138458,1,221,1.984641142479015,114,38,69,21609.6953125,0.3367340862751007,0.11506864428520203,0.5450618267059326,0.31012439727783203,0.2349373996257782,211,27,1,30,-5,20,18,2,0.2579185520361991,0.01281003374606371,0.013719509355723858,0.16242928802967072,0.1476951241493225,0.024869179353117943,0.0,0.04656927287578583,0.09362485259771347,0.013765422627329826,0.0,0.04204926639795303,0.012243431061506271,0.0817674845457077,0.007926455698907375,0.030156591907143593,0.0031355125829577446,0.04714128375053406,0.03974325582385063,0.18779613077640533,0.03255794569849968,98,-0.035627542302164805,73,0,25,325.193359375,-0.13068202137947083,0.1964370310306549,-0.06261950731277466,128,19,5,238,6,5,-0.04475240783557216
g17828.t1,A0ABM5VKF2,0.7793,17.0,1,350,2.0061134840051293,149,57,144,22926.57421875,0.16255256533622742,0.2272518277168274,0.5911124348640442,0.43749895691871643,0.15361353754997253,343,69,18,265,2,32,20,12,0.1657142857142857,0.00014073390047997236,0.011233043856918812,0.10735081136226654,0.3301481604576111,0.025430241599678993,0.0,0.003364779520779848,0.06220117211341858,0.10086952149868011,0.023146413266658783,0.003911109641194344,0.003796606557443738,0.019414860755205154,0.05790165439248085,0.05220900475978851,0.01908307708799839,0.0651746317744255,0.011821647174656391,0.08843888342380524,0.014363600872457027,1,349,2.0663024654317623,153,56,140,23282.857421875,0.21747559309005737,0.20616495609283447,0.5222077965736389,0.2935464680194855,0.22866131365299225,360,69,0,311,-2,27,23,4,0.18624641833810887,0.0035872915759682655,0.03399554640054703,0.19136740267276764,0.10217905789613724,0.06602078676223755,,0.0359032116830349,0.11011722683906555,0.006797248497605324,0.04970666766166687,0.030664781108498573,0.012585535645484924,0.0060533033683896065,0.018564244732260704,0.02729349583387375,0.054151665419340134,0.07959949225187302,0.0,0.14906181395053864,0.022351203486323357,1,-0.06018898142663298,-4,1,4,-356.283203125,-0.054923027753829956,0.02108687162399292,0.06890463829040527,-17,0,18,-46,4,8,-0.02053213262382317
g10268.t2,A0ABN4IGQ3,0.7745,13.4,1,357,2.3910150954573104,270,2,85,28269.8828125,0.36910247802734375,0.2616197466850281,0.3692777454853058,0.25150036811828613,0.11777739226818085,302,8,6,454,8,17,10,7,0.20168067226890757,0.06117565929889679,0.01639586314558983,0.1134544089436531,0.13804595172405243,0.0030794390477240086,0.0,0.0034240109380334616,0.024289662018418312,0.054604820907115936,0.09355518221855164,0.026821419596672058,0.09898997843265533,0.11799306422472,0.0,0.07543602585792542,0.0,0.0470663458108902,0.036408647894859314,0.07071104645729065,0.01854843460023403,1,276,1.8259694913207387,214,0,62,20898.4296875,0.5901047587394714,0.050875674933195114,0.35271593928337097,0.2949913442134857,0.05772457644343376,257,13,0,169,4,11,3,8,0.18840579710144928,0.0,0.0,0.2886412739753723,0.006350082810968161,0.035009488463401794,,0.06719224900007248,0.11710242927074432,0.0,0.014055727049708366,0.022817691788077354,0.08570104837417603,0.2370242029428482,0.03300365060567856,0.0,0.006303640082478523,0.0,0.02726350910961628,0.05772457644343376,0.0018104629125446081,81,0.5650456041365717,56,2,23,7371.453125,-0.22100228071212769,0.21074407175183296,0.016561806201934814,45,-5,6,285,4,-1,0.013274875167458289
g8636.t1,A0ABM5VKM6,0.7725,24.1,1,257,1.8492381696623434,110,34,113,21964.2421875,0.27565115690231323,0.1656031757593155,0.518928587436676,0.2598102390766144,0.25911828875541687,247,30,5,101,1,17,20,-3,0.2178988326848249,0.0,0.056615378707647324,0.06377439945936203,0.19603581726551056,0.0023503992706537247,0.0,0.026367852464318275,0.055087484419345856,0.015845034271478653,0.0011751996353268623,0.03091885894536972,0.0,0.035815875977277756,0.11909449100494385,0.05829489976167679,0.03981710597872734,0.07726766169071198,0.008366599678993225,0.1818506419658661,0.031322259455919266,1,172,1.5276111359010869,64,33,75,15960.3125,0.2513957619667053,0.14847791194915771,0.575982391834259,0.3694843053817749,0.20649804174900055,162,21,0,46,-4,12,16,-4,0.27325581395348836,0.0,0.004649693612009287,0.28796520829200745,0.08151914179325104,0.0986984446644783,,0.04870624095201492,0.12381844222545624,0.0,0.0005926549201831222,0.024540569633245468,0.0,0.054330501705408096,0.0,0.044537123292684555,0.02414393611252308,0.04138047248125076,0.0,0.16511757671833038,0.0,85,0.32162703376125656,46,1,38,6003.9296875,0.02425539493560791,0.017125263810157776,-0.05705380439758301,85,9,5,55,5,1,-0.05535698126866345
g5964.t1,A0ABN4IIW9,0.7701,20.2,1,257,2.890078713983306,58,49,150,36655.14453125,0.3190099000930786,0.31345880031585693,0.30644720792770386,0.18326003849506378,0.12318716198205948,189,27,4,185,0,20,16,4,0.35019455252918286,0.019421279430389404,0.07365413010120392,0.035541944205760956,0.14771808683872223,0.013111067935824394,0.050422895699739456,0.008846311829984188,0.030544182285666466,0.02295568957924843,0.01762411557137966,0.0,0.15617649257183075,0.04506848007440567,0.046277642250061035,0.13569091260433197,0.06108405068516731,0.03492312878370285,0.012675510719418526,0.08826404064893723,0.0,1,161,1.9276650548896879,47,38,76,20806.6171875,0.4069404900074005,0.09780551493167877,0.4952540099620819,0.4124431908130646,0.08281075954437256,148,20,1,145,7,22,8,14,0.2919254658385093,0.0,0.002153345849364996,0.2659732699394226,0.14646998047828674,0.01558411680161953,0.0,0.02437427081167698,0.051642388105392456,0.005780714564025402,0.006999015808105469,0.0,0.07132654637098312,0.1766034960746765,0.08299380540847778,0.06063432618975639,0.0,0.004091516602784395,0.0,0.07871924340724945,0.006654000375419855,96,0.9624136590936183,11,11,74,15848.52734375,-0.0879305899143219,0.21565328538417816,-0.18880680203437805,41,7,3,40,-7,-10,0.058269086690673544
g5964.t1,A0ABM5VND2,0.767,26.4,1,257,2.890078713983306,58,49,150,36655.14453125,0.3190099000930786,0.31345880031585693,0.30644720792770386,0.18326003849506378,0.12318716198205948,189,27,4,185,0,20,16,4,0.35019455252918286,0.019421279430389404,0.07365413010120392,0.035541944205760956,0.14771808683872223,0.013111067935824394,0.050422895699739456,0.008846311829984188,0.030544182285666466,0.02295568957924843,0.01762411557137966,0.0,0.15617649257183075,0.04506848007440567,0.046277642250061035,0.13569091260433197,0.06108405068516731,0.03492312878370285,0.012675510719418526,0.08826404064893723,0.0,1,154,1.4826519378019485,51,46,57,15742.8037109375,0.11056355386972427,0.23603008687496185,0.6534063220024109,0.3957267701625824,0.2576795816421509,148,23,1,121,-2,17,18,-1,0.2922077922077922,0.0,0.009632824920117855,0.20332969725131989,0.1923970878124237,0.08963101357221603,0.0,0.030826522037386894,0.008813009597361088,0.01031232625246048,0.059672314673662186,0.0,0.0,0.028465203940868378,0.038359735161066055,0.059855230152606964,0.0,0.048100169748067856,0.0040990742854774,0.20957939326763153,0.006926372647285461,103,1.4074267761813577,7,3,93,20912.3408203125,0.20844634622335434,0.07742871344089508,-0.34695911407470703,41,4,3,64,2,5,0.05798676032139066
g11214.t1,A0ABM5VK38,0.7657,28.7,1,165,2.3906160910884964,48,35,82,27818.755859375,0.15487708151340485,0.372802734375,0.4588206112384796,0.35240688920021057,0.10641368478536606,117,16,0,28,25,26,6,20,0.4,0.0,0.06138839200139046,0.14130108058452606,0.2111058533191681,0.030185900628566742,,0.05350746214389801,0.029894931241869926,0.028884615749120712,0.03554763272404671,0.0,0.0,0.0,0.055468834936618805,0.17045968770980835,0.013499611988663673,0.09383290261030197,0.016005869954824448,0.012580771930515766,0.04633647948503494,1,110,1.7131638611142161,6,48,56,17010.474609375,0.2559428811073303,0.11193658411502838,0.6243905425071716,0.4491516947746277,0.17523883283138275,70,11,6,0,16,19,6,13,0.33636363636363636,0.0,0.0,0.22160640358924866,0.22754532098770142,0.02310144156217575,0.010030822828412056,0.021777411922812462,0.0898379236459732,0.0,0.0,,0.055955588817596436,0.0,0.08081934601068497,0.07126469165086746,0.007729985751211643,0.024837644770741463,0.007552602794021368,0.15040120482444763,0.007539629936218262,55,0.6774522299742802,42,-13,26,10808.28125,-0.10106579959392548,0.2608661502599716,-0.16556993126869202,47,5,-6,28,9,7,0.06363636363636366
g5964.t1,A0ABM5VQ63,0.764,16.5,1,257,2.890078713983306,58,49,150,36655.14453125,0.3190099000930786,0.31345880031585693,0.30644720792770386,0.18326003849506378,0.12318716198205948,189,27,4,185,0,20,16,4,0.35019455252918286,0.019421279430389404,0.07365413010120392,0.035541944205760956,0.14771808683872223,0.013111067935824394,0.050422895699739456,0.008846311829984188,0.030544182285666466,0.02295568957924843,0.01762411557137966,0.0,0.15617649257183075,0.04506848007440567,0.046277642250061035,0.13569091260433197,0.06108405068516731,0.03492312878370285,0.012675510719418526,0.08826404064893723,0.0,1,402,2.596222068861052,159,79,164,28646.77734375,0.36311325430870056,0.11442152410745621,0.4788946807384491,0.3092765510082245,0.1696181297302246,341,54,1,228,6,30,23,7,0.2064676616915423,0.0014642169699072838,0.027606995776295662,0.2538977563381195,0.05537877231836319,0.03224215656518936,0.0,0.08421622216701508,0.13286221027374268,0.0035263150930404663,0.001210706541314721,0.0,0.0,0.08584548532962799,0.05872511491179466,0.03228599578142166,0.043570563197135925,0.02537383697926998,0.0,0.14424428343772888,0.017549356445670128,-145,0.2938566451222542,-101,-30,-14,8008.3671875,-0.04410335421562195,0.19903727620840073,-0.17244747281074524,-152,-27,3,-43,-6,-3,0.14372689083764056
g1259.t1,A0ABM5VNX1,0.7621,19.2,1,191,1.5445783784625133,66,46,79,17340.41796875,0.2100527137517929,0.3317936956882477,0.4260016083717346,0.2959679961204529,0.13003356754779816,170,18,2,69,0,16,10,6,0.2094240837696335,0.0,0.013815322890877724,0.05296057462692261,0.24300743639469147,0.031770866364240646,0.0,0.00018182871281169355,0.029432548210024834,0.08731868863105774,0.00037214168696664274,0.00037214168696664274,0.006136095616966486,0.027081498876214027,0.1461212933063507,0.17854464054107666,0.03215193375945091,0.07866029441356659,0.0007273148512467742,0.05137326568365097,0.019972046837210655,1,164,1.4716951433107712,55,40,69,15719.6435546875,0.22183074057102203,0.10917216539382935,0.6689971089363098,0.3966301679611206,0.2723669409751892,139,24,0,111,0,19,13,6,0.27439024390243905,0.0,0.024111898615956306,0.27470797300338745,0.12192220240831375,0.06445643305778503,,0.06031516194343567,0.09893323481082916,0.0,0.014446163550019264,0.0,0.0,0.03664185479283333,0.007062281481921673,,0.0,0.002808066550642252,0.01887819916009903,0.269558846950531,0.006157670635730028,27,0.07288323515174211,11,6,10,1620.7744140625,-0.011778026819229126,0.22262153029441833,-0.2429955005645752,31,-6,2,-42,0,0,-0.06496616013280554
g12849.t1,A0ABM5VPD6,0.7617,17.4,1,455,2.5761646849027033,143,104,208,31546.583984375,0.2263197898864746,0.33460667729377747,0.4192190170288086,0.2125973105430603,0.2066216915845871,385,42,15,561,-9,26,22,4,0.1912087912087912,0.009370007552206516,0.027938110753893852,0.12347941100597382,0.08911792933940887,0.014321040362119675,0.020663153380155563,0.03220117464661598,0.022089887410402298,0.03489575907588005,0.019848117604851723,0.0,0.02035347744822502,0.056947335600852966,0.06801250576972961,0.09759727865457535,0.01985454000532627,0.10065393149852753,0.01734541915357113,0.10596776008605957,0.11934319138526917,1,630,2.977093136213807,273,109,248,38694.828125,0.20354188978672028,0.10592442750930786,0.6737778186798096,0.36949825286865234,0.3042795658111572,604,97,1,345,-17,46,47,-1,0.16666666666666666,0.0,0.01690966822206974,0.20684599876403809,0.16265226900577545,0.026846840977668762,0.005794334225356579,0.03191480413079262,0.0579519160091877,0.010866014286875725,0.015408225357532501,0.003251992864534259,0.011090129613876343,0.05170568823814392,0.04729382321238518,0.018806850537657738,0.016755789518356323,0.06415050476789474,0.0003335377259645611,0.24012906849384308,0.011292493902146816,-175,-0.40092845131110355,-130,-5,-40,-7148.244140625,0.022777900099754333,0.2286822497844696,-0.254558801651001,-219,-55,14,216,8,5,0.024542124542124538
g16495.t1,A0ABN4IL85,0.7612,24.9,1,293,2.376564677465417,131,44,118,32126.3515625,0.23843830823898315,0.29863980412483215,0.42511677742004395,0.34116047620773315,0.08395633101463318,269,31,4,17,3,24,15,9,0.25597269624573377,0.03914826363325119,0.03214188665151596,0.1836235672235489,0.15753690898418427,0.01718028448522091,0.005610366351902485,0.010935749858617783,0.014864086173474789,0.045698054134845734,0.048291705548763275,0.0,0.015959691256284714,0.0702160969376564,0.050992004573345184,0.10564696788787842,0.03780509904026985,0.0343913659453392,0.03632240742444992,0.049564965069293976,0.044070515781641006,1,262,1.7889122836122335,147,43,72,19647.984375,0.2648541331291199,0.1062808409333229,0.5883733630180359,0.3235349953174591,0.2648383677005768,239,37,0,116,-5,23,19,4,0.2099236641221374,0.0,0.004515728913247585,0.16769374907016754,0.15584124624729156,0.021101197227835655,,0.05859846994280815,0.10257408767938614,0.0,0.018697837367653847,0.03797869756817818,0.009009508416056633,0.041054416447877884,0.01563895493745804,0.044795386493206024,0.04049176350235939,0.0,0.0,0.2648383677005768,0.01717069186270237,31,0.5876523938531837,-16,1,46,12478.3671875,-0.02641582489013672,0.19235896319150925,-0.16325658559799194,30,-6,4,-99,8,5,0.04604903212359637
g7573.t1,A0ABN4IH47,0.7599,21.1,1,224,2.3156935645587446,90,31,103,28181.84765625,0.2388809472322464,0.19548720121383667,0.5534380078315735,0.35842254757881165,0.19501544535160065,178,23,1,136,17,26,15,11,0.27232142857142855,0.03788546472787857,0.01507094781845808,0.13468128442764282,0.2237412929534912,0.010480896569788456,0.007536967284977436,0.04516928270459175,0.04024835675954819,0.0638958066701889,0.05140846222639084,,0.03246041014790535,0.0017926907166838646,0.05808843672275543,0.024010302498936653,0.012193845584988594,0.06146948039531708,0.023236295208334923,0.13354596495628357,0.023083828389644623,1,112,1.4437475811847504,44,27,41,15522.4638671875,0.20849159359931946,0.05996105447411537,0.7111428380012512,0.5504521131515503,0.16069073975086212,97,11,0,47,15,19,7,12,0.30357142857142855,0.0056123011745512486,0.002442227676510811,0.2197181135416031,0.3307340741157532,0.02282162941992283,,0.052290141582489014,0.0,0.016961708664894104,0.00020786302047781646,,0.0037320563569664955,0.03822784125804901,0.1086292639374733,0.0175276231020689,0.02040451020002365,0.0,0.0,0.16069073975086212,0.0,112,0.8719459833739942,46,4,62,12659.3837890625,0.03038935363292694,0.1355261467397213,-0.15770483016967773,81,12,1,89,2,-1,-0.03125
g10268.t2,A0ABN4IH55,0.7594,12.2,1,357,2.3910150954573104,270,2,85,28269.8828125,0.36910247802734375,0.2616197466850281,0.3692777454853058,0.25150036811828613,0.11777739226818085,302,8,6,454,8,17,10,7,0.20168067226890757,0.06117565929889679,0.01639586314558983,0.1134544089436531,0.13804595172405243,0.0030794390477240086,0.0,0.0034240109380334616,0.024289662018418312,0.054604820907115936,0.09355518221855164,0.026821419596672058,0.09898997843265533,0.11799306422472,0.0,0.07543602585792542,0.0,0.0470663458108902,0.036408647894859314,0.07071104645729065,0.01854843460023403,1,277,1.8356395885535008,224,0,53,20835.74609375,0.547050416469574,0.13197724521160126,0.32097238302230835,0.29972323775291443,0.021249162033200264,253,12,0,595,9,12,3,9,0.19494584837545126,0.01285307202488184,0.0,0.23137281835079193,0.0683504268527031,0.013401402160525322,,0.030816398561000824,0.11956927180290222,0.0,0.017839277163147926,0.03154945373535156,0.0638391450047493,0.23625418543815613,0.03933349624276161,0.09856857359409332,0.0,0.018373969942331314,0.012835417874157429,0.002875189995393157,0.0021679881028831005,80,0.5553755069038095,46,2,32,7434.13671875,-0.17794793844223022,0.12964250147342682,0.048305362462997437,49,-4,6,-141,-1,-2,0.00673482389345631
g11355.t1,A0ABM5VJQ9,0.7565,16.3,1,220,1.9654968528649903,71,52,97,21077.068359375,0.1808115839958191,0.2630024552345276,0.5548344254493713,0.38975587487220764,0.1650785505771637,198,26,3,112,3,21,14,7,0.24545454545454545,0.0,0.05743618682026863,0.04430197551846504,0.3454539477825165,0.004129758104681969,0.0071318200789391994,0.013777492567896843,0.08545439690351486,0.06796625256538391,0.041010912507772446,0.0,0.0,0.0024493320379406214,0.07759951055049896,0.06190674751996994,0.0013515488244593143,0.11149974912405014,0.001530832494609058,0.05357879400253296,0.023420779034495354,1,178,2.133583437100683,75,37,66,20838.609375,0.397219181060791,0.10293259471654892,0.49984821677207947,0.39446085691452026,0.10538740456104279,161,20,1,367,2,19,11,8,0.30337078651685395,0.002477360190823674,0.00872675608843565,0.2317992001771927,0.16266164183616638,0.01746525429189205,0.0,0.06930108368396759,0.047995321452617645,0.0009113432024605572,0.043207619339227676,0.11292824149131775,0.04242479056119919,0.020438220351934433,0.06155189499258995,0.03262161836028099,0.0,0.03777025640010834,0.040102265775203705,0.06761714071035385,0.0,42,-0.16808658423569267,-4,15,31,238.458984375,-0.21640759706497192,0.16006986051797867,0.05498620867729187,37,6,2,-255,1,-1,-0.0579162410623085
g8504.t1,A0ABN4IIK4,0.7552,22.7,1,669,3.899974050034017,262,101,306,56793.95703125,0.19244912266731262,0.1890450268983841,0.5949262976646423,0.38026270270347595,0.21466363966464996,529,67,0,164,-1,60,44,16,0.22122571001494767,0.0316445492208004,0.04234341159462929,0.12289243936538696,0.2573702335357666,0.013390335254371166,0.005983894690871239,0.01808399148285389,0.018963363021612167,0.045967165380716324,0.004817137494683266,0.0003976800653617829,0.03966715559363365,0.02848919667303562,0.02810930833220482,0.03225267305970192,0.023579519242048264,0.018103471025824547,0.027093874290585518,0.19656017422676086,0.044290415942668915,1,478,2.567480668888643,184,113,181,31168.763671875,0.2213594913482666,0.2504578232765198,0.5281826853752136,0.22913119196891785,0.29905152320861816,474,80,0,231,-12,27,25,2,0.16527196652719664,0.056000541895627975,0.08481720834970474,0.089338019490242,0.13979317247867584,0.0433657169342041,0.0,0.0295773446559906,0.02545848861336708,0.018771883100271225,0.03165886551141739,0.0,0.0,0.072980597615242,0.016558870673179626,0.06519567966461182,0.0,0.14341306686401367,0.02078363299369812,0.1556384414434433,0.006648465059697628,191,1.3324933811453743,78,-12,125,25625.193359375,-0.02891036868095398,-0.06141279637813568,0.06674361228942871,55,-13,0,-67,11,14,0.055953743487751034
g8504.t1,A0ABN4IIS4,0.7511,23.8,1,669,3.899974050034017,262,101,306,56793.95703125,0.19244912266731262,0.1890450268983841,0.5949262976646423,0.38026270270347595,0.21466363966464996,529,67,0,164,-1,60,44,16,0.22122571001494767,0.0316445492208004,0.04234341159462929,0.12289243936538696,0.2573702335357666,0.013390335254371166,0.005983894690871239,0.01808399148285389,0.018963363021612167,0.045967165380716324,0.004817137494683266,0.0003976800653617829,0.03966715559363365,0.02848919667303562,0.02810930833220482,0.03225267305970192,0.023579519242048264,0.018103471025824547,0.027093874290585518,0.19656017422676086,0.044290415942668915,1,426,2.5582745322196496,185,92,149,31711.853515625,0.18763631582260132,0.11793090403079987,0.689771831035614,0.43548962473869324,0.2542822062969208,406,69,0,65,-1,31,27,4,0.1784037558685446,0.024011997506022453,0.015524707734584808,0.27891990542411804,0.156569704413414,0.03431224077939987,,0.023655088618397713,0.04778307303786278,0.0387083925306797,0.00350079033523798,0.007411960046738386,0.0076309312134981155,0.018210170790553093,0.05893309786915779,0.023350410163402557,0.0046609556302428246,0.0628538504242897,0.0,0.19142834842205048,0.0025343650486320257,243,1.3416995178143676,77,9,157,25082.103515625,0.004812806844711304,0.07111412286758423,-0.09484553337097168,123,-2,0,99,0,12,0.04282195414640308
g15154.t1,A0ABM5VNE4,0.7483,20.3,1,443,2.5336073591686694,134,114,195,28850.81640625,0.18849119544029236,0.3011382222175598,0.4578763544559479,0.2023358941078186,0.2555404305458069,401,55,16,452,-13,21,29,-8,0.19413092550790068,0.0,0.08938507735729218,0.04750355705618858,0.15483234822750092,0.010235325433313847,0.0,0.027137786149978638,0.05272737890481949,0.037916116416454315,0.026968808844685555,0.0045852563343942165,0.026563310995697975,0.05994858592748642,0.00964974332600832,0.08649289608001709,0.05249420180916786,0.1398330181837082,0.00787913054227829,0.1157074123620987,0.05014000087976456,1,321,1.9693431698975823,106,81,134,21783.47265625,0.2748812139034271,0.13308124244213104,0.5877420902252197,0.25347328186035156,0.33426880836486816,276,44,0,246,-13,20,25,-5,0.205607476635514,0.0020263895858079195,0.034170664846897125,0.1627858728170395,0.09068740159273148,0.0417078472673893,0.0,0.023981304839253426,0.11154955625534058,0.0,0.004998900927603245,0.0,0.030734460800886154,0.03001750260591507,0.07154269516468048,0.03232305124402046,0.00429545110091567,0.04225549474358559,0.005029292311519384,0.29201334714889526,0.019880786538124084,122,0.5642641892710871,28,33,61,7067.34375,-0.08639001846313477,0.16805697977542877,-0.12986573576927185,125,11,16,206,0,-3,-0.011476551127613338
g8272.t1,A0ABN4IF40,0.748,19.2,1,105,1.2689113732412907,42,29,34,12866.880859375,0.22228989005088806,0.17020253837108612,0.606504499912262,0.36402755975723267,0.24247688055038452,94,11,1,102,-2,14,12,2,0.3523809523809524,0.005636072717607021,0.0944204181432724,,0.36402755975723267,0.01902945339679718,0.0,0.013671944849193096,0.0599096454679966,0.04145314171910286,0.0,0.04448729380965233,0.031094692647457123,0.0,0.06749023497104645,0.015299538150429726,0.0010030546691268682,0.014024828560650349,0.0,0.22845207154750824,0.0,1,161,2.002337861413542,42,34,85,20832.73828125,0.511935830116272,0.04886101931333542,0.4392031729221344,0.3139776289463043,0.1252254992723465,125,12,1,221,6,17,8,9,0.32298136645962733,0.017487160861492157,0.021679479628801346,0.09895515441894531,0.215022474527359,0.003210079623386264,0.0,0.07419198751449585,0.09131643176078796,,0.0009222098160535097,0.046574290841817856,0.02694535255432129,0.16035844385623932,0.08096820116043091,0.023049255833029747,0.0,0.021857617422938347,0.014093956910073757,0.103367879986763,0.0,-56,-0.7334264881722514,0,-5,-51,-7965.857421875,-0.2896459400653839,0.1213415190577507,0.16730132699012756,-31,-1,0,-119,-8,-7,0.029399585921325078
g8504.t1,A0ABM5VN57,0.7423,20.5,1,669,3.899974050034017,262,101,306,56793.95703125,0.19244912266731262,0.1890450268983841,0.5949262976646423,0.38026270270347595,0.21466363966464996,529,67,0,164,-1,60,44,16,0.22122571001494767,0.0316445492208004,0.04234341159462929,0.12289243936538696,0.2573702335357666,0.013390335254371166,0.005983894690871239,0.01808399148285389,0.018963363021612167,0.045967165380716324,0.004817137494683266,0.0003976800653617829,0.03966715559363365,0.02848919667303562,0.02810930833220482,0.03225267305970192,0.023579519242048264,0.018103471025824547,0.027093874290585518,0.19656017422676086,0.044290415942668915,1,578,2.7486196546973765,216,147,215,32151.7734375,0.23413600027561188,0.16665491461753845,0.5837557315826416,0.3375103771686554,0.24624532461166382,552,87,0,293,-14,33,37,-4,0.16608996539792387,0.015312918461859226,0.010276620276272297,0.18697524070739746,0.15053516626358032,0.037149373441934586,0.0,0.04019477590918541,0.04891306534409523,0.016068024560809135,0.01962946727871895,0.0,0.018665768206119537,0.051480770111083984,0.03788119554519653,0.06970123946666718,0.015453336760401726,0.06861458718776703,0.021687503904104233,0.17763075232505798,0.01383017934858799,91,1.1513543953366407,46,-46,91,24642.18359375,-0.041686877608299255,0.022390112280845642,0.011170566082000732,-23,-20,0,-129,13,20,0.05513574461702381
g11348.t1,A0ABN4ILL7,0.7413,22.3,1,1371,4.040746963869525,618,215,538,69696.5625,0.16187533736228943,0.30623045563697815,0.5183209180831909,0.29596632719039917,0.22235460579395294,1261,161,33,793,8,63,57,6,0.1436907366885485,0.00828666053712368,0.06092727929353714,0.09567075967788696,0.2002955675125122,0.01724994368851185,0.0,0.017096899449825287,0.06974592059850693,0.038034599274396896,0.0052310992032289505,0.006239687092602253,0.0003208930429536849,0.018090473487973213,0.03747911378741264,0.08076915144920349,0.013573331758379936,0.03781687095761299,0.00461569894105196,0.18453772366046906,0.10401840507984161,1,540,2.3401471693176354,195,114,231,27485.16796875,0.2766382098197937,0.11050881445407867,0.6126235723495483,0.4453965127468109,0.16722707450389862,510,70,0,427,15,38,16,22,0.14444444444444443,0.011162234470248222,0.0077478899620473385,0.25768062472343445,0.18771587312221527,0.048904240131378174,0.0,0.034827668219804764,0.09869976341724396,0.034519538283348083,0.0009391381754539907,0.0,0.04918736591935158,0.06322357803583145,0.0,0.009097626432776451,0.00022943179646972567,0.017580972984433174,0.01953759975731373,0.1496461182832718,0.009300385601818562,831,1.7005997945518896,423,101,307,42211.39453125,-0.11476287245750427,0.19572164118289948,-0.09430265426635742,751,91,33,366,-7,-16,-0.0007537077558959215
g11348.t1,A0ABN4IJX2,0.741,24.9,1,1371,4.040746963869525,618,215,538,69696.5625,0.16187533736228943,0.30623045563697815,0.5183209180831909,0.29596632719039917,0.22235460579395294,1261,161,33,793,8,63,57,6,0.1436907366885485,0.00828666053712368,0.06092727929353714,0.09567075967788696,0.2002955675125122,0.01724994368851185,0.0,0.017096899449825287,0.06974592059850693,0.038034599274396896,0.0052310992032289505,0.006239687092602253,0.0003208930429536849,0.018090473487973213,0.03747911378741264,0.08076915144920349,0.013573331758379936,0.03781687095761299,0.00461569894105196,0.18453772366046906,0.10401840507984161,1,569,2.289076687082572,224,128,217,27661.1640625,0.15482409298419952,0.1420891284942627,0.6794600486755371,0.3456460237503052,0.3338140547275543,596,109,0,262,-12,35,34,1,0.13532513181019332,0.012470048852264881,0.020385976880788803,0.1173337772488594,0.22831223905086517,0.017716431990265846,0.0,0.02500694803893566,0.07175936549901962,0.061460088938474655,0.03302778676152229,0.006687792483717203,0.0014818182680755854,0.02721981890499592,0.0,0.008125700056552887,0.023626727983355522,0.0938401073217392,0.01019830722361803,0.23997396230697632,0.0013731508515775204,802,1.7516702767869532,394,87,321,42035.3984375,0.007051244378089905,0.16414132714271545,-0.1611391305923462,665,52,33,531,20,5,0.008365604878355193
g19521.t1,A0ABN4IGC6,0.7409,20.5,1,185,1.6168638063228868,69,44,72,19210.61328125,0.2318929135799408,0.18757888674736023,0.5714969635009766,0.3171062171459198,0.254390686750412,162,27,2,86,0,18,17,1,0.24324324324324326,0.04684452712535858,0.03867923095822334,0.057009097188711166,0.2600971460342407,0.02121506631374359,0.003688482102006674,0.0023513901978731155,0.0023513901978731155,0.0663510113954544,0.0,0.0005038693198002875,0.0,0.05408197268843651,0.1254238337278366,0.028451839461922646,0.009031320922076702,0.13197417557239532,0.00033591288956813514,0.12241650372743607,0.02919325977563858,1,196,1.6294655131955387,73,54,69,17728.85546875,0.27118539810180664,0.1259618103504181,0.6028528213500977,0.3270665407180786,0.27578628063201904,188,22,0,149,2,17,15,2,0.23469387755102042,0.0,0.05042137950658798,0.22876110672950745,0.09830543398857117,0.02820158377289772,,0.0558544360101223,0.08203253895044327,0.02668394148349762,0.0,0.0067337797954678535,0.0667918249964714,0.024556748569011688,0.0343102365732193,0.002489828271791339,0.0,0.0607239305973053,0.0009058209834620357,0.21506235003471375,0.018165072426199913,-11,-0.01260170687265183,-4,-10,3,1481.7578125,-0.039292484521865845,0.06161707639694214,-0.031355857849121094,-26,5,2,-63,-2,-1,0.008549365692222838
g297.t1,A0ABN4IIP6,0.7332,14.1,1,371,2.0730140808750215,160,55,156,23958.78125,0.13704881072044373,0.20721741020679474,0.6218618154525757,0.4393329918384552,0.18252883851528168,346,39,10,221,4,29,22,7,0.1725067385444744,0.034341033548116684,0.007780198939144611,0.021028490737080574,0.4183045029640198,0.01704944297671318,0.0,0.008349584415555,0.01831521838903427,0.03457609936594963,0.0167193952947855,0.0,0.0,0.012239684350788593,0.06286059319972992,0.09589928388595581,0.033871959894895554,0.05879553407430649,0.00094269507098943,0.12373329699039459,0.03519299998879433,1,506,2.635259794904067,205,114,187,34435.47265625,0.3010934293270111,0.12013975530862808,0.5451930165290833,0.3554117977619171,0.18978114426136017,446,77,0,423,13,36,26,10,0.1600790513833992,0.010400515049695969,0.022397585213184357,0.21858327090740204,0.13682852685451508,0.07821155339479446,,0.0329110249876976,0.040373001247644424,0.0019302460132166743,0.008253703825175762,0.04983503744006157,0.0,0.0684892013669014,0.08053665608167648,0.004595824051648378,0.033573854714632034,0.007599657867103815,0.018547995015978813,0.1821814924478531,0.004750844556838274,-135,-0.5622457140290456,-45,-59,-31,-10476.69140625,-0.16404461860656738,0.08707765489816666,0.07666879892349243,-100,-38,10,-202,-9,-3,0.012427687161075202
g8636.t1,A0ABM5VPP2,0.7322,15.8,1,257,1.8492381696623434,110,34,113,21964.2421875,0.27565115690231323,0.1656031757593155,0.518928587436676,0.2598102390766144,0.25911828875541687,247,30,5,101,1,17,20,-3,0.2178988326848249,0.0,0.056615378707647324,0.06377439945936203,0.19603581726551056,0.0023503992706537247,0.0,0.026367852464318275,0.055087484419345856,0.015845034271478653,0.0011751996353268623,0.03091885894536972,0.0,0.035815875977277756,0.11909449100494385,0.05829489976167679,0.03981710597872734,0.07726766169071198,0.008366599678993225,0.1818506419658661,0.031322259455919266,1,216,1.8111128578250852,86,42,88,20012.22265625,0.25886937975883484,0.2240506261587143,0.47286108136177063,0.3364197015762329,0.1364414244890213,187,19,0,128,-2,17,13,4,0.23148148148148148,0.0,0.0019347453489899635,0.2588323950767517,0.0775873064994812,0.12367052584886551,0.006856085266917944,0.036136288195848465,0.09182688593864441,0.0,0.0017330829286947846,0.0,0.0009673726744949818,0.10208252817392349,0.02706855535507202,0.0703117698431015,0.04421886056661606,0.0067747789435088634,0.0007877650787122548,0.12966662645339966,0.019544430077075958,41,0.0381253118372582,24,-8,25,1952.01953125,0.016781777143478394,-0.058447450399398804,0.046067506074905396,60,11,5,-27,3,-7,-0.013582648796656577
g10564.t1,A0ABN4IER2,0.7306,23.0,1,216,1.9539862031752204,89,52,75,21133.625,0.13286033272743225,0.1903979778289795,0.6272935271263123,0.5261198878288269,0.10117363929748535,162,13,2,94,19,31,10,21,0.24537037037037038,0.0,0.004274860490113497,0.08942732959985733,0.43669259548187256,0.0051804594695568085,0.00046387393376789987,0.024045372381806374,0.011297845281660557,0.033213190734386444,0.0055584232322871685,0.0,0.0015267357230186462,0.007633678615093231,0.06225648894906044,0.10983113944530487,0.049448173493146896,0.034186046570539474,0.026100222021341324,0.06698759645223618,0.03187601640820503,1,229,1.9599925959410083,80,51,98,21027.921875,0.09081480652093887,0.12955908477306366,0.7626249194145203,0.47155898809432983,0.29106590151786804,196,22,0,27,8,27,18,9,0.23580786026200873,0.0,0.016323259100317955,0.13069263100624084,0.3408663868904114,0.03218773379921913,,0.001994733465835452,0.04163101688027382,0.008730337955057621,0.004679711535573006,0.0,0.022402392700314522,0.0011995425447821617,0.022669969126582146,0.03560177981853485,0.01700115203857422,0.0745745375752449,0.0009171480196528137,0.21649135649204254,0.032036248594522476,-13,-0.006006392765787849,9,1,-23,105.703125,0.04204552620649338,0.06083889305591583,-0.135331392288208,-34,-9,2,67,11,12,0.00956251010836165
g6827.t1,A0ABM5VNP5,0.7273,20.6,1,176,1.7498201592905276,52,51,73,20316.9375,0.15511298179626465,0.44832873344421387,0.3384191691875458,0.189107283949852,0.14931190013885498,139,9,1,294,-5,11,13,-2,0.3068181818181818,0.0,0.050460465252399445,0.059402916580438614,0.12970435619354248,0.025405090302228928,0.014636454172432423,0.004923130385577679,0.014567132107913494,0.13147804141044617,0.0,0.0,0.0058397878892719746,0.021001840010285378,0.08609289675951004,0.21059846878051758,0.05813911557197571,0.06269726157188416,0.02268820069730282,0.08661463111639023,0.015750225633382797,1,142,1.5556197982484719,48,35,59,16708.53125,0.32012230157852173,0.20238348841667175,0.4655487537384033,0.22947357594966888,0.23607514798641205,127,26,3,5,-8,11,10,1,0.30985915492957744,,0.024134062230587006,0.1836911290884018,0.04578246548771858,0.012139369733631611,0.0,0.016800371930003166,0.07758527249097824,0.0,0.00752679817378521,0.0,0.034759387373924255,0.133780375123024,0.010018168948590755,0.13098707795143127,0.011945446953177452,0.0,0.04717870429158211,0.23607514798641205,0.027596188709139824,34,0.19420036104205574,4,16,14,3608.40625,-0.16500931978225708,0.24594524502754211,-0.12712958455085754,12,-17,-2,289,3,-3,-0.0030409731113956173
g13714.t1,A0ABM5VMN4,0.7266,23.0,1,112,4.715270006503892,105,0,7,28262.30859375,0.2417970597743988,0.17250797152519226,0.5824472308158875,0.3861323595046997,0.19631479680538177,121,12,0,8,0,27,25,2,0.7142857142857143,0.04577988013625145,0.012778591364622116,0.11155176907777786,0.27458062767982483,0.00011416428606025875,0.010242555290460587,0.017467135563492775,,0.010631154291331768,0.038066256791353226,,0.010046456940472126,0.07526253908872604,0.06070423871278763,0.04656980559229851,0.0032478035427629948,0.07090142369270325,0.0325368195772171,0.12541335821151733,0.05410544574260712,1,104,4.482491216572461,101,0,3,25966.017578125,0.36362457275390625,0.06762979179620743,0.5687456130981445,0.360969215631485,0.20777645707130432,104,17,0,0,-3,20,22,-2,0.6634615384615384,0.014414199627935886,0.000497041386552155,0.17484089732170105,0.18612831830978394,0.010667485184967518,,0.029698221012949944,0.05733589082956314,,0.03285055235028267,,,0.16737866401672363,0.06336534768342972,0.022279011085629463,,,0.031432200223207474,0.20777645707130432,0.0013357014395296574,8,0.23277878993143108,4,0,4,2296.291015625,-0.12182751297950745,0.10487817972898483,0.01370161771774292,17,-5,0,8,3,4,0.050824175824175866
g11479.t1,A0ABM5VK36,0.7238,26.0,1,281,2.330517654540377,53,86,142,31332.375,0.25071844458580017,0.23203732073307037,0.49085092544555664,0.44757992029190063,0.0432710237801075,199,25,2,61,32,31,6,25,0.26334519572953735,0.011701932176947594,0.028523623943328857,0.1839355081319809,0.26364439725875854,0.01617160066962242,0.0,0.02830422669649124,0.04448650777339935,0.01605161838233471,0.00888865627348423,0.003668042365461588,0.0,0.07971608638763428,0.056067679077386856,0.1279108226299286,0.026393229141831398,0.005232775118201971,0.0267739649862051,0.03803824633359909,0.03449101001024246,1,193,1.8472938962346421,82,19,92,20247.501953125,0.07107558101415634,0.1933533400297165,0.7156983613967896,0.5875437259674072,0.12815462052822113,167,32,1,86,19,28,12,16,0.26424870466321243,0.0,0.03902650997042656,0.4133565425872803,0.17418715357780457,0.02011822909116745,0.0,0.0035058159846812487,0.035123057663440704,0.026415280997753143,0.010600009933114052,0.0,0.0,0.0174673181027174,0.004621302708983421,0.07839401066303253,0.019872695207595825,0.01948344148695469,0.010358092375099659,0.108671173453331,0.01879929006099701,88,0.48322375830573483,-29,67,50,11084.873046875,0.17964286357164383,0.03868398070335388,-0.2248474359512329,32,-7,1,-25,13,9,-0.000903508933675079
g8504.t2,A0ABN4IIS4,0.7233,23.2,1,698,4.143144801139897,290,111,297,55399.51953125,0.1499190330505371,0.20841966569423676,0.6033775210380554,0.3727097809314728,0.23066772520542145,603,70,0,205,-1,56,50,6,0.19627507163323782,0.038364432752132416,0.044258393347263336,0.1395009458065033,0.23320883512496948,0.009747013449668884,0.0014156568795442581,0.020565493032336235,0.02660437487065792,0.05527980625629425,0.011336428113281727,0.0006988969398662448,0.01729769818484783,0.023468632251024246,0.012950246222317219,0.04603957384824753,0.0382838137447834,0.027292149141430855,0.00996926799416542,0.20337557792663574,0.040342800319194794,1,426,2.5582745322196496,185,92,149,31711.853515625,0.18763631582260132,0.11793090403079987,0.689771831035614,0.43548962473869324,0.2542822062969208,406,69,0,65,-1,31,27,4,0.1784037558685446,0.024011997506022453,0.015524707734584808,0.27891990542411804,0.156569704413414,0.03431224077939987,,0.023655088618397713,0.04778307303786278,0.0387083925306797,0.00350079033523798,0.007411960046738386,0.0076309312134981155,0.018210170790553093,0.05893309786915779,0.023350410163402557,0.0046609556302428246,0.0628538504242897,0.0,0.19142834842205048,0.0025343650486320257,272,1.5848702689202474,105,19,148,23687.666015625,-0.03771728277206421,0.09048876166343689,-0.0863943099975586,197,1,0,140,0,2,0.017871315764693224
g6827.t1,A0ABM5VMP8,0.7196,24.8,1,176,1.7498201592905276,52,51,73,20316.9375,0.15511298179626465,0.44832873344421387,0.3384191691875458,0.189107283949852,0.14931190013885498,139,9,1,294,-5,11,13,-2,0.3068181818181818,0.0,0.050460465252399445,0.059402916580438614,0.12970435619354248,0.025405090302228928,0.014636454172432423,0.004923130385577679,0.014567132107913494,0.13147804141044617,0.0,0.0,0.0058397878892719746,0.021001840010285378,0.08609289675951004,0.21059846878051758,0.05813911557197571,0.06269726157188416,0.02268820069730282,0.08661463111639023,0.015750225633382797,1,173,1.5734093707371608,63,57,53,16700.2734375,0.30602553486824036,0.20554162561893463,0.4884328842163086,0.32817575335502625,0.16025707125663757,160,28,0,195,3,17,11,6,0.28901734104046245,0.009466956369578838,0.053705476224422455,0.2325640767812729,0.09561169892549515,0.09749290347099304,,0.06315921992063522,0.07237191498279572,0.0,0.008250475861132145,0.03568528592586517,0.0,0.05346822366118431,0.05912250652909279,0.022172020748257637,0.0,0.014726280234754086,0.012751410715281963,0.1455307900905609,0.023920748382806778,3,0.17641078855336678,-11,-6,20,3616.6640625,-0.1509125530719757,0.24278710782527924,-0.15001371502876282,-21,-19,1,99,-8,-8,0.017800840777719373
g876.t1,A0ABM5VME2,0.7187,21.4,1,847,3.979346324272241,442,141,264,57484.609375,0.2534797489643097,0.1771417260169983,0.5284214615821838,0.33655741810798645,0.1918640285730362,741,58,1,377,10,60,42,18,0.18417945690672963,0.07496751844882965,0.03556342050433159,0.056837741285562515,0.27971968054771423,0.010406347922980785,0.0,0.0129297636449337,0.02791890688240528,0.038404546678066254,0.00022195617202669382,0.028276128694415092,0.018017366528511047,0.0524967797100544,0.022636856883764267,0.06732036918401718,0.040957145392894745,0.031731002032756805,0.016236424446105957,0.1601330041885376,0.0252250786870718,1,804,3.5091944272235147,439,128,237,40693.890625,0.3534891605377197,0.07309358566999435,0.5646837949752808,0.2838532030582428,0.28083059191703796,801,104,0,205,-15,41,37,4,0.14303482587064675,0.0016650526085868478,0.0020614939276129007,0.23575074970722198,0.04810244217514992,0.018685659393668175,0.0,0.04688602313399315,0.05067034810781479,0.002800094662234187,0.014564787968993187,0.03518408164381981,0.015778355300426483,0.17111127078533173,0.006346054840832949,0.02850702591240406,0.008733467198908329,0.01876656711101532,0.025847962126135826,0.26206403970718384,0.0064745196141302586,43,0.4701518970487264,3,13,27,16790.71875,-0.10000941157341003,0.10404814034700394,-0.036262333393096924,-60,-46,1,172,25,14,0.041144631036082874
g3990.t1,A0ABM5VJF1,0.7184,29.7,1,259,2.329165429580628,33,64,162,25688.548828125,0.21137242019176483,0.22488658130168915,0.5184397101402283,0.3705098032951355,0.14792987704277039,177,22,3,88,30,28,10,18,0.22393822393822393,0.005643521901220083,0.016447022557258606,0.17696021497249603,0.19354960322380066,0.02053789049386978,0.0,0.00600887555629015,0.040894877165555954,0.044828109443187714,0.11067686229944229,0.014444288797676563,0.008289765566587448,0.051858339458703995,0.07305411994457245,0.03141480311751366,0.04530131816864014,0.05692589655518532,0.011178622953593731,0.09100398421287537,0.0009819116676226258,1,276,2.220237358896362,25,79,172,24478.7109375,0.18089088797569275,0.18694935739040375,0.6260624527931213,0.48061007261276245,0.1454523801803589,190,26,0,49,35,35,11,24,0.2572463768115942,0.01980978436768055,0.01992657035589218,0.2607591450214386,0.21985091269016266,0.03870990127325058,0.0,0.027586178854107857,0.07815148681402206,0.03630642220377922,0.019162753596901894,0.01673244498670101,0.007776807527989149,0.0006590514676645398,0.0,0.06328166276216507,0.0060973260551691055,0.05750163644552231,0.03017513081431389,0.08795075863599777,0.009562050923705101,-17,0.10892807068426613,8,-15,-10,1209.837890625,0.030481532216072083,0.0379372239112854,-0.10762274265289307,-13,-4,3,39,-5,-6,-0.033308152873370245
g126.t2,A0ABM5VK89,0.7142,22.2,1,208,2.2003923981262967,51,59,98,24601.044921875,0.2603777050971985,0.06380213052034378,0.6378771066665649,0.5460005402565002,0.0918765738606453,157,21,9,86,27,32,10,22,0.2403846153846154,0.03193898871541023,0.0019673227798193693,0.31060707569122314,0.2353934943675995,0.006946217734366655,0.006571150850504637,0.04886312782764435,0.020329002290964127,0.009407195262610912,0.01858130469918251,0.0034100261982530355,0.00813160091638565,0.09591658413410187,0.04553479328751564,0.01762552373111248,0.0379430428147316,0.047444865107536316,0.006253570783883333,0.04443170130252838,0.0027034194208681583,1,141,1.754465620792913,31,38,72,18908.890625,0.11786455661058426,0.15357504785060883,0.7146505117416382,0.5928635001182556,0.12178698182106018,101,12,0,25,15,20,6,14,0.2978723404255319,0.0,0.017063647508621216,0.3846087157726288,0.20825481414794922,0.03168972581624985,,0.0377640500664711,0.006767105311155319,0.0045195696875452995,0.0630389153957367,0.0,0.008019913919270039,0.019793828949332237,0.045349013060331345,0.03726320341229439,0.013909811154007912,0.0,0.0001706364710116759,0.12178698182106018,,67,0.4459267773333837,20,21,26,5692.154296875,0.14251314848661423,-0.08977291733026505,-0.07677340507507324,56,9,9,61,12,8,-0.05748772504091651
g297.t1,A0ABM5VLR6,0.7132,17.9,1,371,2.0730140808750215,160,55,156,23958.78125,0.13704881072044373,0.20721741020679474,0.6218618154525757,0.4393329918384552,0.18252883851528168,346,39,10,221,4,29,22,7,0.1725067385444744,0.034341033548116684,0.007780198939144611,0.021028490737080574,0.4183045029640198,0.01704944297671318,0.0,0.008349584415555,0.01831521838903427,0.03457609936594963,0.0167193952947855,0.0,0.0,0.012239684350788593,0.06286059319972992,0.09589928388595581,0.033871959894895554,0.05879553407430649,0.00094269507098943,0.12373329699039459,0.03519299998879433,1,287,1.9487014916508587,114,53,120,20826.36328125,0.3462168276309967,0.12436292320489883,0.5294202566146851,0.4000132977962494,0.12940701842308044,251,49,1,168,5,26,15,11,0.20557491289198607,0.0,0.00538709107786417,0.3327951729297638,0.0672181099653244,0.06134641170501709,0.01847006380558014,0.019978396594524384,0.17740043997764587,0.0009118790621869266,0.0,0.008520932868123055,0.02680220641195774,0.10964173078536987,0.0003098520974162966,0.03370564058423042,0.0,0.027603155001997948,0.003563299309462309,0.10180385410785675,0.004541818983852863,84,0.12431258922416277,46,2,36,3132.41796875,-0.20916801691055298,0.0828544870018959,0.09244155883789062,95,-10,9,53,-1,-4,-0.033068174347511664
g14210.t1,A0ABM5VJ41,0.7101,16.9,1,118,1.8469997613887725,98,0,20,17653.09375,0.30991774797439575,0.19816656410694122,0.4142962694168091,0.2650167942047119,0.14927944540977478,121,14,2,49,-6,12,13,-1,0.3813559322033898,0.06068133935332298,0.04039689525961876,0.13787534832954407,0.12714144587516785,0.005292144138365984,0.03294973447918892,0.04313492774963379,0.025040190666913986,0.013244648464024067,0.026392905041575432,0.027233490720391273,0.008773205801844597,0.031254544854164124,0.11380001157522202,0.06024277210235596,0.07761948555707932,0.03238224238157272,0.0,0.11689721047878265,0.019647466018795967,1,169,2.7246511906133115,121,0,48,25272.3828125,0.3601556122303009,0.10740261524915695,0.4695151746273041,0.4413135349750519,0.028201613575220108,165,21,0,23,4,23,8,15,0.34911242603550297,0.0,0.01138558890670538,0.24641282856464386,0.19490069150924683,0.006223853211849928,,0.06145544350147247,0.04047165438532829,0.0012524293269962072,0.0004990405286662281,0.0,0.0,0.19276760518550873,0.06546090543270111,0.07463124394416809,0.06292653828859329,0.006861806847155094,0.0,0.02133980579674244,0.013410458341240883,-51,-0.877651429224539,-23,0,-28,-7619.2890625,-0.05023786425590515,0.09076394885778427,-0.055218905210494995,-44,-7,2,26,-10,-16,0.03224350616788685
g10268.t2,A0ABM5VIW9,0.71,12.2,1,357,2.3910150954573104,270,2,85,28269.8828125,0.36910247802734375,0.2616197466850281,0.3692777454853058,0.25150036811828613,0.11777739226818085,302,8,6,454,8,17,10,7,0.20168067226890757,0.06117565929889679,0.01639586314558983,0.1134544089436531,0.13804595172405243,0.0030794390477240086,0.0,0.0034240109380334616,0.024289662018418312,0.054604820907115936,0.09355518221855164,0.026821419596672058,0.09898997843265533,0.11799306422472,0.0,0.07543602585792542,0.0,0.0470663458108902,0.036408647894859314,0.07071104645729065,0.01854843460023403,1,270,1.840920790310801,225,0,45,21082.919921875,0.4680461287498474,0.10625080019235611,0.40478652715682983,0.3531419038772583,0.05164465308189392,258,1,0,213,10,15,3,12,0.1925925925925926,0.021578747779130936,0.03562011942267418,0.329074501991272,0.024067431688308716,0.01178017072379589,,0.028660012409090996,0.11840423196554184,0.0,0.005985555704683065,0.04754038527607918,0.015151035971939564,0.22048941254615784,0.0,0.04735548794269562,0.02091653272509575,0.013279176317155361,0.01622232235968113,0.03836547210812569,0.005509467329829931,87,0.5500943051465095,45,2,40,7186.962890625,-0.09894365072250366,0.15536894649267197,-0.03550878167152405,44,7,6,241,-2,-5,0.009088079676314975
g126.t1,A0ABM5VK89,0.7073,21.1,1,229,2.4633427843142655,47,57,125,30513.638671875,0.3450966477394104,0.10918689519166946,0.49182918667793274,0.4113706648349762,0.08045853674411774,157,22,8,87,29,31,12,19,0.29694323144104806,0.06486959755420685,0.0009372056229040027,0.22543281316757202,0.18593785166740417,0.016747405752539635,0.016063863411545753,0.03999326005578041,0.022099893540143967,0.018862545490264893,0.022838754579424858,0.0024320457596331835,0.06405742466449738,0.0662880539894104,0.08127105981111526,0.015970857813954353,0.0538872592151165,0.038970015943050385,0.004085331689566374,0.04148852080106735,0.017766255885362625,1,141,1.754465620792913,31,38,72,18908.890625,0.11786455661058426,0.15357504785060883,0.7146505117416382,0.5928635001182556,0.12178698182106018,101,12,0,25,15,20,6,14,0.2978723404255319,0.0,0.017063647508621216,0.3846087157726288,0.20825481414794922,0.03168972581624985,,0.0377640500664711,0.006767105311155319,0.0045195696875452995,0.0630389153957367,0.0,0.008019913919270039,0.019793828949332237,0.045349013060331345,0.03726320341229439,0.013909811154007912,0.0,0.0001706364710116759,0.12178698182106018,,88,0.7088771635213524,16,19,53,11604.748046875,0.22723209112882614,-0.04438815265893936,-0.22282132506370544,56,10,8,62,14,5,-0.0009291089844838396
g4551.t1,A0ABM5VNN1,0.7064,29.9,1,142,2.1566445379236145,22,46,74,23968.32421875,0.14541013538837433,0.2878069281578064,0.5667829513549805,0.39894524216651917,0.1678377240896225,80,7,0,22,2,18,15,3,0.352112676056338,0.03727666288614273,0.00484621524810791,0.15411272644996643,0.24483247101306915,0.0,,0.0,0.042915232479572296,0.10969148576259613,0.007498238235712051,0.0,0.013057857751846313,0.010500133037567139,0.0358993262052536,0.1077684685587883,0.0,0.05084813013672829,0.005760913249105215,0.11698959767818451,0.05800251662731171,1,137,2.5637424548756518,24,50,63,25043.658203125,0.2592129409313202,0.1574406623840332,0.5404702425003052,0.2522622346878052,0.2882080078125,77,8,0,46,-3,16,17,-1,0.40875912408759124,0.03568780794739723,0.020165299996733665,0.1739748865365982,0.07828731834888458,0.029503794386982918,,0.01403440535068512,0.01996971294283867,0.016430281102657318,0.006066678091883659,,0.030147826299071312,0.040829531848430634,0.07285104691982269,0.07332843542098999,0.04287613928318024,0.011802652850747108,0.045692622661590576,0.27640536427497864,0.011946176178753376,5,-0.40709791695203723,-2,-4,11,-1075.333984375,-0.11380280554294586,0.1303662657737732,0.026312708854675293,3,-1,0,-24,5,4,-0.05664644803125324
g9379.t2,A0ABN4ILB6,0.7017,18.0,1,495,2.6409849150514453,182,137,176,36173.89453125,0.3522472381591797,0.2384823113679886,0.39554697275161743,0.19335544109344482,0.2021915167570114,479,57,25,277,-6,20,23,-3,0.19393939393939394,0.04067311808466911,0.01510600559413433,0.08961115777492523,0.10374429821968079,0.006793820299208164,0.0034008254297077656,0.019180526956915855,0.054320015013217926,0.0478607676923275,0.035983916372060776,0.0,0.038432784378528595,0.07656572759151459,0.0651860311627388,0.07739261537790298,0.013723519630730152,0.0319378599524498,0.05788903310894966,0.17025364935398102,0.05194436013698578,1,706,4.453298391318524,184,243,279,47688.71875,0.30437034368515015,0.12187499552965164,0.5737547278404236,0.388136625289917,0.1856181025505066,595,90,0,229,5,61,36,25,0.20113314447592068,0.0010148772271350026,0.02443024329841137,0.32411113381385803,0.06402545422315598,0.029585937038064003,,0.033353663980960846,0.09837325662374496,0.0,0.00671494472771883,0.0014208280481398106,0.07316530495882034,0.06055433675646782,0.017972802743315697,0.028825979679822922,0.0,0.04287729412317276,0.01851528510451317,0.14274081587791443,0.032317884266376495,-211,-1.8123134762670783,-2,-106,-103,-11514.82421875,0.04787689447402954,0.11660731583833694,-0.17820775508880615,-116,-33,25,48,-11,-28,-0.0071937505365267385
g8272.t1,A0ABM5VJQ0,0.6996,23.3,1,105,1.2689113732412907,42,29,34,12866.880859375,0.22228989005088806,0.17020253837108612,0.606504499912262,0.36402755975723267,0.24247688055038452,94,11,1,102,-2,14,12,2,0.3523809523809524,0.005636072717607021,0.0944204181432724,,0.36402755975723267,0.01902945339679718,0.0,0.013671944849193096,0.0599096454679966,0.04145314171910286,0.0,0.04448729380965233,0.031094692647457123,0.0,0.06749023497104645,0.015299538150429726,0.0010030546691268682,0.014024828560650349,0.0,0.22845207154750824,0.0,1,138,1.747059722428989,56,33,49,18665.642578125,0.5135915875434875,0.16007068753242493,0.32498645782470703,0.2277948409318924,0.09719160944223404,119,11,2,128,4,11,8,3,0.34057971014492755,,0.010713390074670315,0.1284029632806778,0.0993918627500534,0.046359941363334656,0.0,0.08418182283639908,0.10674034804105759,0.0,0.02990264631807804,0.0,0.0684092715382576,0.15660738945007324,0.09765268117189407,0.07136610895395279,0.0013513538287952542,0.008277041837573051,0.0,0.08891456574201584,0.0017286016372963786,-33,-0.47814834918769833,-14,-4,-15,-5798.76171875,-0.2913016974925995,0.010131850838661194,0.28151804208755493,-25,0,-1,-26,-6,-1,0.011801242236024856
g12174.t1,A0ABM5VKF6,0.6931,17.6,1,225,1.6449461221056636,85,51,89,18509.83203125,0.20690254867076874,0.19965696334838867,0.5673162937164307,0.3810279667377472,0.18628837168216705,204,20,5,405,2,19,14,5,0.21333333333333335,0.0,0.040602441877126694,0.023074496537446976,0.3579534590244293,0.022846128791570663,0.00017431526794098318,0.03040526993572712,0.03529062122106552,0.05235670506954193,0.00017431526794098318,0.0008715762523934245,0.0005229457747191191,0.09363581240177155,0.046176329255104065,0.06349366903305054,0.02612408436834812,0.12056343257427216,0.0,0.06572496145963669,0.020009396597743034,1,295,1.8265980945487073,112,70,113,20871.91015625,0.23456516861915588,0.13621902465820312,0.6292157769203186,0.45893290638923645,0.17028282582759857,275,50,1,192,9,27,13,14,0.19661016949152543,0.0,0.02470940537750721,0.3571072518825531,0.10182569921016693,0.05134473741054535,0.0,0.02643454447388649,0.071068175137043,0.0,0.0,0.012985390610992908,0.0025680812541395426,0.041383273899555206,0.06012443080544472,0.04136202484369278,0.0,0.022835273295640945,0.020001279190182686,0.14744754135608673,0.018802858889102936,-70,-0.18165197244304365,-27,-19,-24,-2362.078125,-0.027662619948387146,0.06343793869018555,-0.06189948320388794,-71,-30,4,213,-7,-9,0.016723163841807914
g12174.t1,A0ABM5VPF9,0.6896,14.6,1,225,1.6449461221056636,85,51,89,18509.83203125,0.20690254867076874,0.19965696334838867,0.5673162937164307,0.3810279667377472,0.18628837168216705,204,20,5,405,2,19,14,5,0.21333333333333335,0.0,0.040602441877126694,0.023074496537446976,0.3579534590244293,0.022846128791570663,0.00017431526794098318,0.03040526993572712,0.03529062122106552,0.05235670506954193,0.00017431526794098318,0.0008715762523934245,0.0005229457747191191,0.09363581240177155,0.046176329255104065,0.06349366903305054,0.02612408436834812,0.12056343257427216,0.0,0.06572496145963669,0.020009396597743034,1,296,2.438894214724353,106,58,132,27356.7734375,0.42248135805130005,0.10473213344812393,0.4651448428630829,0.33857959508895874,0.12656524777412415,265,46,9,109,11,29,13,16,0.23310810810810811,0.0,0.053625043481588364,0.2607076168060303,0.07787197083234787,0.0226021409034729,0.0,0.04530522599816322,0.12065482139587402,0.0,0.0,0.031088611111044884,0.0038033921737223864,0.1449226438999176,0.054887134581804276,0.014781618490815163,0.007641637697815895,0.015331510454416275,0.021819498389959335,0.11123375594615936,0.013723327778279781,-71,-0.7939480926186893,-21,-7,-43,-8846.94140625,-0.2155788093805313,0.09492482990026474,0.10217145085334778,-61,-26,-4,296,-9,-11,-0.019774774774774767
g9582.t1,A0ABM5VK22,0.6892,16.2,1,662,2.455538719520821,225,162,275,30119.490234375,0.21166224777698517,0.25988298654556274,0.48219841718673706,0.3267870843410492,0.15541133284568787,642,84,28,886,-3,28,24,4,0.13897280966767372,0.015077739953994751,0.07792972773313522,0.1548219472169876,0.171965092420578,0.016182510182261467,0.0,0.04066315293312073,0.09702692180871964,0.04229828715324402,0.0034765054006129503,0.007605865132063627,0.008881594054400921,0.008884035982191563,0.019952263683080673,0.0967920646071434,0.04625634476542473,0.04606310650706291,0.013570665381848812,0.10934823006391525,0.023203903809189796,1,644,2.744812840672149,269,151,224,34383.4296875,0.21949459612369537,0.12261679023504257,0.6490676403045654,0.35034918785095215,0.2987184226512909,624,121,1,398,-12,45,43,2,0.14906832298136646,0.015577463433146477,0.018450139090418816,0.2661623954772949,0.08418679237365723,0.03060176409780979,0.0,0.02421075664460659,0.05220477655529976,0.0003668029385153204,0.03242657333612442,0.013123344630002975,0.020081790164113045,0.049839526414871216,0.019487766548991203,0.032605573534965515,0.0088209742680192,0.058750808238983154,0.024969154968857765,0.23996762931346893,0.008165938779711723,18,-0.2892741211513279,-44,11,51,-4263.939453125,-0.007832348346710205,0.13726619631052017,-0.16686922311782837,18,-37,27,488,9,2,-0.010095513313692739
g19156.t1,A0ABM5VP78,0.6885,16.4,1,381,2.062407351011316,109,136,136,24245.626953125,0.1352640837430954,0.20558859407901764,0.6202356219291687,0.3969697058200836,0.22326594591140747,374,49,0,518,-7,24,20,4,0.18635170603674542,0.0030607813969254494,0.013041590340435505,0.09125346690416336,0.30571624636650085,0.016576619818806648,0.0,0.025189829990267754,0.06574025750160217,0.05866719037294388,0.01851775124669075,0.0,0.00026615490787662566,0.005722330417484045,0.004888872150331736,0.06985730677843094,0.03891170024871826,0.09340459108352661,0.030395852401852608,0.12986132502555847,0.028928134590387344,1,130,1.463736025700431,35,52,43,14704.587890625,0.31886395812034607,0.08098071068525314,0.6001553535461426,0.26588815450668335,0.33426719903945923,116,26,0,32,-4,12,14,-2,0.35384615384615387,0.0,0.011848920956254005,0.22591282427310944,0.03997534140944481,0.06913179904222488,,0.072931207716465,0.027851898223161697,,0.0,0.0,0.0,0.16593284904956818,0.02042650617659092,0.0,0.0,0.016724908724427223,0.03172149509191513,0.31754225492477417,,251,0.5986713253108848,74,84,93,9541.0390625,-0.18359987437725067,0.1246078833937645,0.020080268383026123,258,23,0,486,-3,6,-0.16749444780940845
g15154.t1,A0ABN4IEQ6,0.6871,13.6,1,443,2.5336073591686694,134,114,195,28850.81640625,0.18849119544029236,0.3011382222175598,0.4578763544559479,0.2023358941078186,0.2555404305458069,401,55,16,452,-13,21,29,-8,0.19413092550790068,0.0,0.08938507735729218,0.04750355705618858,0.15483234822750092,0.010235325433313847,0.0,0.027137786149978638,0.05272737890481949,0.037916116416454315,0.026968808844685555,0.0045852563343942165,0.026563310995697975,0.05994858592748642,0.00964974332600832,0.08649289608001709,0.05249420180916786,0.1398330181837082,0.00787913054227829,0.1157074123620987,0.05014000087976456,1,281,1.9730848759553223,111,74,96,21219.3828125,0.20518288016319275,0.20598037540912628,0.5420334339141846,0.2578147053718567,0.28421875834465027,264,44,2,59,-2,24,21,3,0.20640569395017794,0.001368509023450315,0.016988256946206093,0.15626978874206543,0.10154491662979126,0.10864981263875961,0.0,0.049565065652132034,0.052808213979005814,0.0020941251423209906,0.017772329971194267,0.00045616968418471515,0.01961529441177845,0.05144963040947914,0.007588960696011782,0.06047584488987923,0.046803299337625504,0.004053527023643255,0.022331036627292633,0.2801652252674103,0.0,162,0.5605224832133471,23,40,99,7631.43359375,-0.01669168472290039,0.09515784680843353,-0.0841570794582367,137,11,14,393,-11,-11,-0.012274768442277262
g12174.t1,A0ABN4ILS0,0.6853,14.9,1,225,1.6449461221056636,85,51,89,18509.83203125,0.20690254867076874,0.19965696334838867,0.5673162937164307,0.3810279667377472,0.18628837168216705,204,20,5,405,2,19,14,5,0.21333333333333335,0.0,0.040602441877126694,0.023074496537446976,0.3579534590244293,0.022846128791570663,0.00017431526794098318,0.03040526993572712,0.03529062122106552,0.05235670506954193,0.00017431526794098318,0.0008715762523934245,0.0005229457747191191,0.09363581240177155,0.046176329255104065,0.06349366903305054,0.02612408436834812,0.12056343257427216,0.0,0.06572496145963669,0.020009396597743034,1,226,1.6500321539145346,88,40,98,18073.44140625,0.19065269827842712,0.2493411749601364,0.5514573454856873,0.3014007806777954,0.25005656480789185,199,27,0,95,3,21,11,10,0.2079646017699115,0.015888649970293045,0.021303750574588776,0.2141944020986557,0.0872063934803009,0.05076361447572708,,0.040523868054151535,0.0637529194355011,0.029510419815778732,0.0010467246174812317,0.005884508602321148,0.003570483298972249,0.036556195467710495,0.02447606436908245,0.13387511670589447,0.008548790588974953,0.0,0.0,0.25005656480789185,0.01284153014421463,-1,-0.005086031808871017,-3,11,-9,436.390625,0.016249850392341614,-0.04968421161174774,0.015858948230743408,5,-7,5,310,-1,-5,0.005368731563421852
g4551.t1,A0ABN4ILQ0,0.6851,23.4,1,142,2.1566445379236145,22,46,74,23968.32421875,0.14541013538837433,0.2878069281578064,0.5667829513549805,0.39894524216651917,0.1678377240896225,80,7,0,22,2,18,15,3,0.352112676056338,0.03727666288614273,0.00484621524810791,0.15411272644996643,0.24483247101306915,0.0,,0.0,0.042915232479572296,0.10969148576259613,0.007498238235712051,0.0,0.013057857751846313,0.010500133037567139,0.0358993262052536,0.1077684685587883,0.0,0.05084813013672829,0.005760913249105215,0.11698959767818451,0.05800251662731171,1,154,3.267433097002773,28,48,78,31438.70703125,0.35711050033569336,0.13536880910396576,0.4807453453540802,0.2365260273218155,0.24421930313110352,82,12,0,30,-4,18,22,-4,0.44805194805194803,0.0444316603243351,0.017735904082655907,0.18085873126983643,0.055667269974946976,0.006000152789056301,,0.022830277681350708,0.033744122833013535,0.007044357713311911,0.03379899263381958,0.027294829487800598,0.04771113023161888,0.0680014044046402,0.0677444338798523,0.07058881968259811,0.026775402948260307,0.037457603961229324,0.04535266384482384,0.2067616879940033,0.000200579859665595,-12,-1.1107885590791584,-6,-2,-4,-7470.3828125,-0.21170036494731903,0.15243811905384064,0.08603760600090027,-2,-5,0,-8,6,7,-0.09593927199561003
g16757.t1,A0ABM5VLB6,0.6846,16.6,1,197,2.4973801951512273,97,10,90,28808.484375,0.15957318246364594,0.19550150632858276,0.6088588833808899,0.4035293757915497,0.2053295075893402,152,15,0,39,19,30,17,13,0.3299492385786802,0.004367995075881481,0.02678734064102173,0.15276320278644562,0.2507661283016205,0.011800489388406277,,0.0024639968760311604,0.029567964375019073,0.008345458656549454,0.04755733162164688,0.0,0.024466685950756073,0.05225507169961929,0.0389733612537384,0.015460323542356491,0.0360664464533329,0.053840335458517075,0.007478105835616589,0.15148918330669403,0.08555056154727936,1,210,1.8730909122292352,53,73,84,20591.96875,0.11160359531641006,0.1133544072508812,0.7504578232765198,0.43782973289489746,0.3126281499862671,156,20,0,83,0,24,15,9,0.24761904761904763,0.0,0.012965446338057518,0.26799681782722473,0.16983291506767273,0.034181855618953705,,0.014471613802015781,0.0474090576171875,0.0,0.013827483169734478,,0.0,0.015654174610972404,0.023360759019851685,0.02443985641002655,0.024584122002124786,0.01443231850862503,0.010707982815802097,0.29819580912590027,0.027939768508076668,-13,0.6242892829219922,44,-63,6,8216.515625,0.04796958714723587,0.08214709907770157,-0.14159893989562988,-4,-5,0,-44,19,4,0.08233019095963257
g5964.t1,A0ABM5VJQ9,0.6841,20.5,1,257,2.890078713983306,58,49,150,36655.14453125,0.3190099000930786,0.31345880031585693,0.30644720792770386,0.18326003849506378,0.12318716198205948,189,27,4,185,0,20,16,4,0.35019455252918286,0.019421279430389404,0.07365413010120392,0.035541944205760956,0.14771808683872223,0.013111067935824394,0.050422895699739456,0.008846311829984188,0.030544182285666466,0.02295568957924843,0.01762411557137966,0.0,0.15617649257183075,0.04506848007440567,0.046277642250061035,0.13569091260433197,0.06108405068516731,0.03492312878370285,0.012675510719418526,0.08826404064893723,0.0,1,178,2.133583437100683,75,37,66,20838.609375,0.397219181060791,0.10293259471654892,0.49984821677207947,0.39446085691452026,0.10538740456104279,161,20,1,367,2,19,11,8,0.30337078651685395,0.002477360190823674,0.00872675608843565,0.2317992001771927,0.16266164183616638,0.01746525429189205,0.0,0.06930108368396759,0.047995321452617645,0.0009113432024605572,0.043207619339227676,0.11292824149131775,0.04242479056119919,0.020438220351934433,0.06155189499258995,0.03262161836028099,0.0,0.03777025640010834,0.040102265775203705,0.06761714071035385,0.0,79,0.7564952768826232,-17,12,84,15816.53515625,-0.0782092809677124,0.21052620559930801,-0.1934010088443756,28,7,3,-182,-2,-4,0.046823766012328905
g4551.t1,A0ABM5VLK0,0.6818,22.4,1,142,2.1566445379236145,22,46,74,23968.32421875,0.14541013538837433,0.2878069281578064,0.5667829513549805,0.39894524216651917,0.1678377240896225,80,7,0,22,2,18,15,3,0.352112676056338,0.03727666288614273,0.00484621524810791,0.15411272644996643,0.24483247101306915,0.0,,0.0,0.042915232479572296,0.10969148576259613,0.007498238235712051,0.0,0.013057857751846313,0.010500133037567139,0.0358993262052536,0.1077684685587883,0.0,0.05084813013672829,0.005760913249105215,0.11698959767818451,0.05800251662731171,1,133,1.9520793514221726,29,49,55,19620.10546875,0.4621794521808624,0.16165821254253387,0.37336665391921997,0.18833038210868835,0.18503627181053162,97,21,0,42,-6,13,15,-2,0.3458646616541353,0.0075647467747330666,0.03601646050810814,0.16912348568439484,0.019206896424293518,0.021702755242586136,,0.02433125115931034,0.08114829659461975,,0.02154153771698475,0.0,0.0,0.2760346531867981,0.0731004998087883,0.08159396052360535,0.002795667387545109,0.03149755299091339,0.0,0.15353871881961823,0.0008035089122131467,9,0.20456518650144195,-7,-3,19,4348.21875,-0.3167693167924881,0.12614871561527252,0.1934162974357605,-17,-14,0,-20,8,5,0.006248014402202684
g6827.t1,A0ABM5VN33,0.6772,13.3,1,176,1.7498201592905276,52,51,73,20316.9375,0.15511298179626465,0.44832873344421387,0.3384191691875458,0.189107283949852,0.14931190013885498,139,9,1,294,-5,11,13,-2,0.3068181818181818,0.0,0.050460465252399445,0.059402916580438614,0.12970435619354248,0.025405090302228928,0.014636454172432423,0.004923130385577679,0.014567132107913494,0.13147804141044617,0.0,0.0,0.0058397878892719746,0.021001840010285378,0.08609289675951004,0.21059846878051758,0.05813911557197571,0.06269726157188416,0.02268820069730282,0.08661463111639023,0.015750225633382797,1,208,1.6859606033228227,94,54,60,17810.216796875,0.3725631535053253,0.12838537991046906,0.49905136227607727,0.40446949005126953,0.09458187222480774,177,20,6,180,16,20,6,14,0.2644230769230769,0.0005434880149550736,0.0,0.3096888065338135,0.09478071331977844,0.09387671202421188,0.0,0.038882751017808914,0.0656629204750061,0.0,0.009382718242704868,0.0,0.04672287777066231,0.1389187127351761,0.06896988302469254,0.02070014737546444,0.0,0.007978850044310093,0.012862548232078552,0.08660303056240082,0.0044258106499910355,-32,0.06385955596770487,-42,-3,13,2506.720703125,-0.21745017170906067,0.3199433535337448,-0.1606321930885315,-38,-11,-5,114,-21,-16,0.042395104895104896
g13229.t1,A0ABN4IEU5,0.6752,28.6,1,649,4.151096740708378,121,147,381,77929.09375,0.31086641550064087,0.2900553047657013,0.34999701380729675,0.2705584466457367,0.07943852245807648,429,46,6,183,14,44,32,12,0.31432973805855163,0.03245747461915016,0.07402947545051575,0.09816310554742813,0.17239536345005035,0.011592353694140911,0.0,0.027517590671777725,0.09901938587427139,0.044806383550167084,0.020586026832461357,0.0,0.05750073119997978,0.033519938588142395,0.035443343222141266,0.08209928125143051,0.049081314355134964,0.03539951145648956,0.025407975539565086,0.044039007276296616,0.05694175511598587,1,394,3.1456057425806376,118,107,169,36217.36328125,0.26412686705589294,0.16587285697460175,0.5653693675994873,0.32670530676841736,0.23866406083106995,303,50,0,94,-7,32,30,2,0.25380710659898476,0.00823444128036499,0.0214029960334301,0.1972004771232605,0.12950482964515686,0.03353746980428696,,0.04590460658073425,0.1021132841706276,0.0008732681744731963,0.008752444759011269,0.021723676472902298,0.003288145875558257,0.03972733020782471,0.005143407266587019,0.09872515499591827,0.004630901850759983,0.05307154357433319,0.03799198940396309,0.18559250235557556,0.0025815321132540703,255,1.0054909981277405,3,40,212,41711.73046875,0.046739548444747925,0.12418244779109955,-0.21537235379219055,126,-4,6,89,21,10,0.06052263145956688
g10910.t1,A0ABM5VM16,0.675,15.9,1,353,2.0973131337787545,97,98,158,24941.53515625,0.21020451188087463,0.0971151813864708,0.6702383756637573,0.4509773850440979,0.21926099061965942,322,27,18,158,-4,27,24,3,0.19830028328611898,0.018628470599651337,0.02361469529569149,0.1674344837665558,0.2835428714752197,0.007179520092904568,0.0,0.0049040489830076694,0.050486691296100616,0.038695402443408966,0.0139326062053442,0.0,0.0023256095591932535,0.031441036611795425,0.05360740050673485,0.011291055008769035,0.022441957145929337,0.10738832503557205,0.048811253160238266,0.11187265068292618,0.002401886275038123,1,329,2.0169036584936113,122,81,126,23222.4609375,0.2206301987171173,0.15410074591636658,0.5681686401367188,0.2814289927482605,0.28673961758613586,305,43,0,83,-6,22,21,1,0.19148936170212766,0.0,0.021376999095082283,0.19125084578990936,0.09017817676067352,0.060307182371616364,0.0,0.028620924800634384,0.09840992838144302,0.007893846370279789,0.0014935043873265386,0.003046127501875162,0.02141544595360756,0.06288544088602066,0.0,0.046830177307128906,0.057100411504507065,0.04399048909544945,0.006252333987504244,0.24274909496307373,0.016199050471186638,24,0.0804094752851432,-25,17,32,1719.07421875,-0.010425686836242676,-0.05698556452989578,0.10206973552703857,17,-16,18,75,2,2,0.006810921583991325
g14210.t1,A0ABM5VP75,0.6669,11.3,1,118,1.8469997613887725,98,0,20,17653.09375,0.30991774797439575,0.19816656410694122,0.4142962694168091,0.2650167942047119,0.14927944540977478,121,14,2,49,-6,12,13,-1,0.3813559322033898,0.06068133935332298,0.04039689525961876,0.13787534832954407,0.12714144587516785,0.005292144138365984,0.03294973447918892,0.04313492774963379,0.025040190666913986,0.013244648464024067,0.026392905041575432,0.027233490720391273,0.008773205801844597,0.031254544854164124,0.11380001157522202,0.06024277210235596,0.07761948555707932,0.03238224238157272,0.0,0.11689721047878265,0.019647466018795967,1,302,2.1101570302233097,159,16,127,23840.625,0.22252711653709412,0.09298974275588989,0.6685646772384644,0.4038977026939392,0.26466700434684753,290,31,0,195,-10,21,22,-1,0.20198675496688742,0.019180990755558014,0.028804156929254532,0.11223386228084564,0.29166385531425476,0.021195299923419952,,0.027596216648817062,0.008787724189460278,0.015267911367118359,0.016808854416012764,0.0,0.0098611731082201,0.04917052760720253,0.05545631796121597,0.00637064641341567,0.0159184280782938,0.06422892212867737,0.05247418209910393,0.20043809711933136,0.004542872775346041,-184,-0.26315726883453716,-61,-16,-107,-6187.53125,0.08739063143730164,0.10517682135105133,-0.2542684078216553,-169,-17,2,-146,4,0,0.1793691772365024
g13229.t2,A0ABN4IEU5,0.6656,29.1,1,632,4.107278301411501,124,143,365,74260.390625,0.3105301558971405,0.2924838662147522,0.3544774353504181,0.26220008730888367,0.09227734804153442,400,34,6,157,10,41,28,13,0.314873417721519,0.02317919209599495,0.0735803171992302,0.0716235414147377,0.19057652354240417,0.0055304705165326595,0.0,0.037120845168828964,0.10158184915781021,0.06519051641225815,0.01654905080795288,4.344909029896371e-05,0.043744828552007675,0.03047352470457554,0.03917911648750305,0.07175538688898087,0.04250851273536682,0.044277433305978775,0.0352073535323143,0.04799991473555565,0.05987812951207161,1,394,3.1456057425806376,118,107,169,36217.36328125,0.26412686705589294,0.16587285697460175,0.5653693675994873,0.32670530676841736,0.23866406083106995,303,50,0,94,-7,32,30,2,0.25380710659898476,0.00823444128036499,0.0214029960334301,0.1972004771232605,0.12950482964515686,0.03353746980428696,,0.04590460658073425,0.1021132841706276,0.0008732681744731963,0.008752444759011269,0.021723676472902298,0.003288145875558257,0.03972733020782471,0.005143407266587019,0.09872515499591827,0.004630901850759983,0.05307154357433319,0.03799198940396309,0.18559250235557556,0.0025815321132540703,238,0.9616725588308634,6,36,196,38043.02734375,0.04640328884124756,0.12661100924015045,-0.2108919322490692,97,-16,6,63,17,11,0.061066311122534245
g8636.t1,A0ABN4IGP7,0.6619,20.9,1,257,1.8492381696623434,110,34,113,21964.2421875,0.27565115690231323,0.1656031757593155,0.518928587436676,0.2598102390766144,0.25911828875541687,247,30,5,101,1,17,20,-3,0.2178988326848249,0.0,0.056615378707647324,0.06377439945936203,0.19603581726551056,0.0023503992706537247,0.0,0.026367852464318275,0.055087484419345856,0.015845034271478653,0.0011751996353268623,0.03091885894536972,0.0,0.035815875977277756,0.11909449100494385,0.05829489976167679,0.03981710597872734,0.07726766169071198,0.008366599678993225,0.1818506419658661,0.031322259455919266,1,214,1.6966969767011373,81,38,95,18950.845703125,0.20276857912540436,0.16517405211925507,0.6320573687553406,0.4148727059364319,0.21718470752239227,208,35,0,187,-2,22,16,6,0.2102803738317757,0.0,0.0,0.31247439980506897,0.10239825397729874,0.05117974802851677,0.0,0.022516312077641487,0.06946165859699249,0.0,0.03982234001159668,0.0,0.006640089210122824,0.05566241592168808,0.048488110303878784,0.031861186027526855,0.0,0.03643657639622688,0.0,0.1807481199502945,0.042310766875743866,43,0.15254119296120616,29,-4,18,3013.396484375,0.07288257777690887,0.0004291236400604248,-0.11312878131866455,39,-5,5,-86,3,-9,0.007618458853049209
g8636.t1,A0ABM5VKW8,0.6614,18.2,1,257,1.8492381696623434,110,34,113,21964.2421875,0.27565115690231323,0.1656031757593155,0.518928587436676,0.2598102390766144,0.25911828875541687,247,30,5,101,1,17,20,-3,0.2178988326848249,0.0,0.056615378707647324,0.06377439945936203,0.19603581726551056,0.0023503992706537247,0.0,0.026367852464318275,0.055087484419345856,0.015845034271478653,0.0011751996353268623,0.03091885894536972,0.0,0.035815875977277756,0.11909449100494385,0.05829489976167679,0.03981710597872734,0.07726766169071198,0.008366599678993225,0.1818506419658661,0.031322259455919266,1,166,1.5178115281101843,58,40,68,16536.404296875,0.20842981338500977,0.10683714598417282,0.6758207082748413,0.28595903515815735,0.3898616433143616,136,14,0,26,-1,14,15,-1,0.26506024096385544,0.049912724643945694,0.002478701760992408,0.17150622606277466,0.1144527941942215,0.05155960097908974,,0.033935923129320145,0.04195031896233559,,0.0,0.0,0.003902355208992958,0.06651613861322403,0.0,0.007999828085303307,0.008912337943911552,0.018526067957282066,0.012212347239255905,0.37133559584617615,0.044799018651247025,91,0.3314266415521592,52,-6,45,5427.837890625,0.06722134351730347,0.05876602977514267,-0.15689212083816528,111,16,5,75,2,-2,-0.04716140827903054
g1259.t1,A0ABN4IFX9,0.6611,20.5,1,191,1.5445783784625133,66,46,79,17340.41796875,0.2100527137517929,0.3317936956882477,0.4260016083717346,0.2959679961204529,0.13003356754779816,170,18,2,69,0,16,10,6,0.2094240837696335,0.0,0.013815322890877724,0.05296057462692261,0.24300743639469147,0.031770866364240646,0.0,0.00018182871281169355,0.029432548210024834,0.08731868863105774,0.00037214168696664274,0.00037214168696664274,0.006136095616966486,0.027081498876214027,0.1461212933063507,0.17854464054107666,0.03215193375945091,0.07866029441356659,0.0007273148512467742,0.05137326568365097,0.019972046837210655,1,227,1.6354106092837077,60,63,104,18524.263671875,0.16444219648838043,0.1556525081396103,0.63596510887146,0.38782790303230286,0.24813717603683472,210,38,3,155,-3,20,17,3,0.18061674008810572,0.04454968497157097,0.011028354056179523,0.17743699252605438,0.21039089560508728,0.04779446870088577,0.011747206561267376,0.01945250667631626,0.0019159740768373013,0.004673033952713013,0.06606578081846237,0.01525823213160038,0.003483589505776763,0.07756093144416809,0.002221272327005863,0.014343653805553913,0.04394016042351723,0.009298473596572876,0.0,0.23883873224258423,0.0,-36,-0.0908322308211944,6,-17,-25,-1183.845703125,0.045610517263412476,0.1761411875486374,-0.20996350049972534,-40,-20,-1,-86,3,3,0.02880734368152779
g876.t1,A0ABN4IKW9,0.6606,20.3,1,847,3.979346324272241,442,141,264,57484.609375,0.2534797489643097,0.1771417260169983,0.5284214615821838,0.33655741810798645,0.1918640285730362,741,58,1,377,10,60,42,18,0.18417945690672963,0.07496751844882965,0.03556342050433159,0.056837741285562515,0.27971968054771423,0.010406347922980785,0.0,0.0129297636449337,0.02791890688240528,0.038404546678066254,0.00022195617202669382,0.028276128694415092,0.018017366528511047,0.0524967797100544,0.022636856883764267,0.06732036918401718,0.040957145392894745,0.031731002032756805,0.016236424446105957,0.1601330041885376,0.0252250786870718,1,672,3.340489727977841,350,132,190,39529.03125,0.31973373889923096,0.12369388341903687,0.5505551099777222,0.3600599467754364,0.19049517810344696,599,80,6,132,7,46,26,20,0.16220238095238096,0.00798061303794384,0.007917597889900208,0.32411637902259827,0.035943564027547836,0.030467692762613297,0.0,0.020712263882160187,0.08749028295278549,0.0021697357296943665,0.009838861413300037,0.019181808456778526,0.04498029127717018,0.12274844199419022,0.0,0.0634385496377945,0.006017298437654972,0.013958665542304516,0.01664002239704132,0.17653651535511017,0.009861447848379612,175,0.6388565962944002,92,9,74,17955.578125,-0.06625398993492126,0.053447842597961426,-0.02213364839553833,142,-22,-5,245,3,-2,0.021977075954348668
g14312.t1,A0ABN4IK29,0.6559,22.5,1,309,2.905674307403476,95,32,182,40345.015625,0.23261430859565735,0.4831660985946655,0.28295978903770447,0.1173657774925232,0.16559401154518127,198,23,9,130,-5,16,18,-2,0.33980582524271846,0.04477836191654205,0.20841585099697113,0.0892835408449173,0.028082240372896194,0.025679221376776695,0.0,0.03168373182415962,0.05706486105918884,0.044698383659124374,0.050245024263858795,0.0,7.815056596882641e-05,0.07091832160949707,0.01762891560792923,0.13929307460784912,0.0012598104076460004,0.031105749309062958,0.010461987927556038,0.1344882696866989,0.01483452320098877,1,263,2.1275945707857926,140,33,90,25518.369140625,0.22629864513874054,0.13077223300933838,0.6312134861946106,0.4327685832977295,0.1984448879957199,260,53,0,90,-5,31,15,16,0.23954372623574144,0.0,0.006896554958075285,0.19341130554676056,0.23935730755329132,0.012157639488577843,,0.06046692654490471,0.05080876126885414,0.03836693614721298,0.01657111756503582,0.0007586408755742013,0.03135427460074425,0.015172816812992096,0.023520642891526222,0.05602134019136429,0.011715651489794254,0.028300434350967407,0.0442165769636631,0.1701444387435913,0.0007586408755742013,46,0.7780797366176833,-45,-1,92,14826.646484375,0.006315663456916809,0.35239386558532715,-0.34825369715690613,-62,-30,9,40,0,-18,0.10026209900697702
g18969.t1,A0ABM5VJS9,0.6536,16.9,1,126,1.32123851641507,45,42,39,13880.615234375,0.08982028067111969,0.44470158219337463,0.4520623981952667,0.2767864465713501,0.17527595162391663,121,10,6,78,1,11,7,4,0.29365079365079366,0.01324433833360672,0.05615673214197159,0.04176563024520874,0.23502080142498016,0.0483526736497879,0.0,0.0,0.009530441835522652,0.03094257041811943,0.01806146278977394,0.006437892094254494,0.0,0.007527756970375776,0.04371898993849754,0.22217537462711334,0.013415781781077385,0.07705695182085037,0.00936085730791092,0.09821902215480804,0.06901275366544724,1,109,1.3183767358301974,44,33,32,14173.3271484375,0.31012022495269775,0.14978666603565216,0.5028098225593567,0.26866281032562256,0.2341470867395401,96,9,0,0,-1,10,9,1,0.29357798165137616,0.003569725900888443,0.020228924229741096,0.19754746556282043,0.07111532986164093,0.04919012635946274,,0.03952129930257797,0.053889863193035126,0.06799748539924622,0.003114427672699094,,0.0,0.14492662250995636,0.05049759894609451,0.004019760061055422,0.03728325292468071,0.025976529344916344,0.01771511510014534,0.208170548081398,0.005235930904746056,17,0.0028617805848725197,1,9,7,-292.7119140625,-0.22029994428157806,0.2949149161577225,-0.050747424364089966,25,1,6,78,2,3,7.281199941749916e-05
g14210.t1,A0ABN4IGW2,0.6522,15.5,1,118,1.8469997613887725,98,0,20,17653.09375,0.30991774797439575,0.19816656410694122,0.4142962694168091,0.2650167942047119,0.14927944540977478,121,14,2,49,-6,12,13,-1,0.3813559322033898,0.06068133935332298,0.04039689525961876,0.13787534832954407,0.12714144587516785,0.005292144138365984,0.03294973447918892,0.04313492774963379,0.025040190666913986,0.013244648464024067,0.026392905041575432,0.027233490720391273,0.008773205801844597,0.031254544854164124,0.11380001157522202,0.06024277210235596,0.07761948555707932,0.03238224238157272,0.0,0.11689721047878265,0.019647466018795967,1,158,1.7352919075766777,124,0,34,17117.9765625,0.1952935755252838,0.28369224071502686,0.5138515830039978,0.21758517622947693,0.29626646637916565,178,18,0,40,-13,9,17,-8,0.27848101265822783,0.010726670734584332,0.0011309325927868485,0.06696044653654099,0.15062472224235535,0.010358287952840328,,0.0011309325927868485,0.0035812866408377886,0.08251181989908218,0.015305673703551292,0.004674235824495554,0.060316409915685654,0.06751706451177597,0.03641463816165924,0.0984237939119339,0.00716257281601429,0.12136559933423996,0.010932347737252712,0.17490088939666748,0.07596172392368317,-40,0.1117078538120948,-26,0,-14,535.1171875,0.11462417244911194,-0.08552567660808563,-0.09955531358718872,-57,-4,2,9,7,7,0.10287491954516198
g9275.t1,A0ABM5VJF0,0.6516,20.7,1,143,2.2094791523677535,33,41,69,20855.189453125,0.2159562110900879,0.23212751746177673,0.527164101600647,0.43795454502105713,0.08920956403017044,102,11,0,42,20,26,7,19,0.3706293706293706,0.022429700940847397,0.035008322447538376,0.2121901959180832,0.22576434910297394,0.032685570418834686,0.0,0.014852344058454037,0.041669923812150955,0.056135017424821854,0.02286769077181816,0.0,0.000302369415294379,0.0652707889676094,0.07143107056617737,0.047784965485334396,0.024752099066972733,0.028876278549432755,0.0,0.060333285480737686,0.037645962089300156,1,72,1.228565432110136,5,40,27,12697.4091796875,0.26318469643592834,0.25377577543258667,0.4486834406852722,0.3780628740787506,0.0706205889582634,53,11,0,0,4,12,5,7,0.4583333333333333,0.012705530039966106,0.02176661230623722,0.18569879233837128,0.19236402213573456,0.019600480794906616,,0.013150024227797985,0.07410100847482681,0.04700883850455284,0.1325872242450714,,0.0,0.019058294594287872,0.1441698521375656,,0.03435607999563217,0.03353441506624222,0.0,0.03708617016673088,0.03281264007091522,71,0.9809137202576175,28,1,42,8157.7802734375,-0.047228485345840454,-0.021648257970809937,0.07848066091537476,49,0,0,42,16,12,-0.08770396270396269
g18246.t1,A0ABN4IH47,0.6492,12.2,1,151,2.024442043339488,36,36,79,22806.216796875,0.25544631481170654,0.16739384829998016,0.5771598219871521,0.4468950033187866,0.13026483356952667,100,8,3,38,9,21,10,11,0.304635761589404,0.019757898524403572,0.07055679708719254,0.2552477717399597,0.1916472464799881,0.008272933773696423,0.0,0.03732724487781525,0.06391150504350662,0.029125316068530083,0.026162164285779,,0.0022636258509010077,0.045976672321558,0.08620937913656235,0.03285219520330429,0.0,0.060714833438396454,0.0,0.06955000758171082,0.0004244298324920237,1,112,1.4437475811847504,44,27,41,15522.4638671875,0.20849159359931946,0.05996105447411537,0.7111428380012512,0.5504521131515503,0.16069073975086212,97,11,0,47,15,19,7,12,0.30357142857142855,0.0056123011745512486,0.002442227676510811,0.2197181135416031,0.3307340741157532,0.02282162941992283,,0.052290141582489014,0.0,0.016961708664894104,0.00020786302047781646,,0.0037320563569664955,0.03822784125804901,0.1086292639374733,0.0175276231020689,0.02040451020002365,0.0,0.0,0.16069073975086212,0.0,39,0.5806944621547376,-8,9,38,7283.7529296875,0.046954721212387085,0.10743279382586479,-0.13398301601409912,3,-3,3,-9,-6,-1,0.0010643330179754273
g10228.t1,A0ABM5VIH8,0.6483,12.3,1,167,1.6916578790065142,12,94,61,18146.291015625,0.19094142317771912,0.31951940059661865,0.4490748941898346,0.12316044420003891,0.32591450214385986,136,8,2,189,-9,7,12,-5,0.2694610778443114,0.027915772050619125,0.020908314734697342,0.10135511308908463,0.02180532179772854,0.02338084764778614,0.0,0.008179144002497196,0.03864042088389397,0.06865555793046951,0.012866441160440445,0.0,0.02066970244050026,0.00924598891288042,0.07846687734127045,0.12562640011310577,0.040464311838150024,0.1293908953666687,0.007823528721928596,0.19652357697486877,0.0680818185210228,1,211,2.111882988105862,32,98,81,23510.06640625,0.33992332220077515,0.1666112095117569,0.4934655725955963,0.38439664244651794,0.10906888544559479,182,24,0,127,6,25,10,15,0.26066350710900477,0.0,0.019185587763786316,0.21507412195205688,0.16932252049446106,0.03146600350737572,,0.03731036186218262,0.05443960055708885,0.040694110095500946,0.01381355244666338,0.0,0.03265710920095444,0.12129248678684235,0.07120522856712341,0.03042198345065117,,0.020622845739126205,0.023018520325422287,0.08844605088233948,0.031029973179101944,-44,-0.42022510909934785,-20,-4,-20,-5363.775390625,-0.14898189902305603,0.15290819108486176,-0.04439067840576172,-46,-16,2,62,-15,-20,0.008797570735306626
g4920.t3,A0ABM5VIT4,0.6473,16.9,1,306,2.604009486701002,189,12,105,27151.58203125,0.2725813686847687,0.2720043957233429,0.365825355052948,0.19576531648635864,0.17006005346775055,289,39,0,370,-3,18,16,2,0.238562091503268,0.06758397817611694,0.05269097909331322,0.0503905825316906,0.14537473022937775,0.004018700681626797,0.0,0.03566858917474747,0.05768044292926788,0.07191739976406097,0.005709104705601931,0.030216941609978676,0.0025655936915427446,0.023113135248422623,0.03250988945364952,0.10202746093273163,0.08958885073661804,0.06889481842517853,0.023242807015776634,0.10116522759199142,0.03564074635505676,1,462,3.073171046757847,304,25,133,32959.5390625,0.2604711949825287,0.17253875732421875,0.5392569303512573,0.30307379364967346,0.23618316650390625,471,83,0,237,-8,39,38,1,0.19913419913419914,0.031873319298028946,0.028091156855225563,0.2081480622291565,0.09492573887109756,0.05438429117202759,,0.0705990120768547,0.0737120732665062,0.005857983138412237,0.01443923357874155,0.0010701401624828577,0.00881047360599041,0.0452379547059536,0.02320563606917858,0.04435694217681885,0.027733037248253822,0.03077009506523609,0.005962615832686424,0.2054130733013153,0.0254091564565897,-156,-0.4691615600568446,-115,-13,-28,-5807.95703125,0.01211017370223999,0.09946563839912415,-0.17343157529830933,-182,-44,0,133,5,1,0.03942789236906885
g4551.t1,A0ABN4ILJ7,0.6452,25.0,1,142,2.1566445379236145,22,46,74,23968.32421875,0.14541013538837433,0.2878069281578064,0.5667829513549805,0.39894524216651917,0.1678377240896225,80,7,0,22,2,18,15,3,0.352112676056338,0.03727666288614273,0.00484621524810791,0.15411272644996643,0.24483247101306915,0.0,,0.0,0.042915232479572296,0.10969148576259613,0.007498238235712051,0.0,0.013057857751846313,0.010500133037567139,0.0358993262052536,0.1077684685587883,0.0,0.05084813013672829,0.005760913249105215,0.11698959767818451,0.05800251662731171,1,137,1.8565341829005158,17,50,70,20503.099609375,0.21356278657913208,0.05426730588078499,0.6664883494377136,0.38655439019203186,0.27993398904800415,97,30,0,27,-3,20,17,3,0.30656934306569344,0.0011015809141099453,0.0,0.22501209378242493,0.16154231131076813,0.01097690500319004,,0.06693614274263382,0.04658113792538643,0.0,0.0,0.0,0.019910482689738274,0.052965082228183746,0.025138508528470993,0.0432904027402401,0.06568145006895065,0.0009226856054738164,0.000929861213080585,0.2790113091468811,0.0,5,0.3001103550230988,5,-4,4,3465.224609375,-0.06815265119075775,0.2335396222770214,-0.09970539808273315,-17,-23,0,-5,5,0,0.04554333299064456
g4920.t3,A0ABM5VKB1,0.6395,16.6,1,306,2.604009486701002,189,12,105,27151.58203125,0.2725813686847687,0.2720043957233429,0.365825355052948,0.19576531648635864,0.17006005346775055,289,39,0,370,-3,18,16,2,0.238562091503268,0.06758397817611694,0.05269097909331322,0.0503905825316906,0.14537473022937775,0.004018700681626797,0.0,0.03566858917474747,0.05768044292926788,0.07191739976406097,0.005709104705601931,0.030216941609978676,0.0025655936915427446,0.023113135248422623,0.03250988945364952,0.10202746093273163,0.08958885073661804,0.06889481842517853,0.023242807015776634,0.10116522759199142,0.03564074635505676,1,474,2.9808959907899766,315,23,136,34276.7890625,0.2611357271671295,0.12531204521656036,0.5539759397506714,0.33095309138298035,0.22302283346652985,477,60,0,159,3,36,27,9,0.19198312236286919,0.0025415667332708836,0.010619464330375195,0.18979407846927643,0.14115901291370392,0.023783739656209946,0.0,0.008801203221082687,0.09440132975578308,0.026009831577539444,0.004804734140634537,0.01167238038033247,0.019297080114483833,0.0670560970902443,0.04324626177549362,0.03247426077723503,0.05957627296447754,0.007200662977993488,0.014119815081357956,0.21582217514514923,0.02762000635266304,-168,-0.3768865040889744,-126,-11,-31,-7125.20703125,0.01144564151763916,0.14669235050678253,-0.1881505846977234,-188,-21,0,211,-6,-7,0.0465789691403988
g10268.t2,A0ABN4IJV2,0.6341,18.2,1,357,2.3910150954573104,270,2,85,28269.8828125,0.36910247802734375,0.2616197466850281,0.3692777454853058,0.25150036811828613,0.11777739226818085,302,8,6,454,8,17,10,7,0.20168067226890757,0.06117565929889679,0.01639586314558983,0.1134544089436531,0.13804595172405243,0.0030794390477240086,0.0,0.0034240109380334616,0.024289662018418312,0.054604820907115936,0.09355518221855164,0.026821419596672058,0.09898997843265533,0.11799306422472,0.0,0.07543602585792542,0.0,0.0470663458108902,0.036408647894859314,0.07071104645729065,0.01854843460023403,1,294,1.850448063368365,235,0,59,20991.79296875,0.5230735540390015,0.1837434321641922,0.29318302869796753,0.2931830585002899,0.0,278,3,0,211,7,10,0,10,0.20408163265306123,0.0006148205138742924,0.0,0.2455836534500122,0.04759937897324562,0.08905710279941559,,0.02545101009309292,0.03489106521010399,0.01762116514146328,0.018824651837348938,0.008607487194240093,0.06025494635105133,0.3364936113357544,0.05122716352343559,0.04982176423072815,0.0,0.0,0.005533385090529919,0.0,0.008418740704655647,63,0.5405670320889453,35,2,26,7278.08984375,-0.15397107601165771,0.07787631452083588,0.07609471678733826,24,5,6,243,1,-3,-0.002400960384153661
g4920.t3,A0ABN4IHX8,0.6318,19.2,1,306,2.604009486701002,189,12,105,27151.58203125,0.2725813686847687,0.2720043957233429,0.365825355052948,0.19576531648635864,0.17006005346775055,289,39,0,370,-3,18,16,2,0.238562091503268,0.06758397817611694,0.05269097909331322,0.0503905825316906,0.14537473022937775,0.004018700681626797,0.0,0.03566858917474747,0.05768044292926788,0.07191739976406097,0.005709104705601931,0.030216941609978676,0.0025655936915427446,0.023113135248422623,0.03250988945364952,0.10202746093273163,0.08958885073661804,0.06889481842517853,0.023242807015776634,0.10116522759199142,0.03564074635505676,1,466,3.100739848865777,284,37,145,32284.576171875,0.2731233239173889,0.1787402480840683,0.5136846303939819,0.2593183219432831,0.25436627864837646,480,60,0,74,-5,31,33,-2,0.20386266094420602,0.04010328650474548,0.018572725355625153,0.12663623690605164,0.13268208503723145,0.036415617913007736,,0.01021839864552021,0.05195782333612442,0.029652900993824005,0.02539769373834133,0.027625828981399536,0.05146951228380203,0.031076718121767044,0.053975723683834076,0.040703192353248596,0.03445178642868996,0.03744339942932129,0.006696033291518688,0.21692289412021637,0.027998121455311775,-160,-0.49673036216477495,-95,-25,-40,-5132.994140625,-0.0005419552326202393,0.0932641476392746,-0.14785927534103394,-191,-21,0,296,2,4,0.03469943055906197
g8731.t1,A0ABM5VLI0,0.6314,11.4,1,204,2.1209919773537687,98,32,74,23047.4296875,0.3188368082046509,0.3746495544910431,0.22069133818149567,0.1613880842924118,0.05930325388908386,174,12,50,214,-4,10,11,-1,0.27450980392156865,0.0001399959292029962,0.040674541145563126,0.07462335377931595,0.08676473051309586,0.006971070077270269,0.019718466326594353,0.002930339192971587,0.03191268444061279,0.1092865988612175,0.0,0.00246406439691782,0.1049969419836998,0.09003928303718567,0.06927397102117538,0.1107187569141388,0.08582233637571335,0.030151188373565674,0.01707950234413147,0.029152069240808487,0.08728010207414627,1,285,2.259888885713817,119,56,110,25728.80078125,0.26993584632873535,0.1571902483701706,0.5728738903999329,0.39777156710624695,0.17510230839252472,254,48,4,272,7,26,17,9,0.24210526315789474,0.01074488926678896,0.0012254694011062384,0.2228957712650299,0.17487578094005585,0.037112846970558167,0.0,0.02618008852005005,0.09957236796617508,0.002328392118215561,0.011151771992444992,0.0,0.01630278117954731,0.05919696390628815,0.0569583959877491,0.06709057837724686,0.0,0.0213803481310606,0.0009803755674511194,0.15372195839881897,0.03828117996454239,-81,-0.13889690836004842,-21,-24,-36,-2681.37109375,0.04890096187591553,0.2174593061208725,-0.3521825522184372,-80,-36,46,-58,-11,-10,0.03240454076367391
g15154.t1,A0ABN4IKZ4,0.6313,13.7,1,443,2.5336073591686694,134,114,195,28850.81640625,0.18849119544029236,0.3011382222175598,0.4578763544559479,0.2023358941078186,0.2555404305458069,401,55,16,452,-13,21,29,-8,0.19413092550790068,0.0,0.08938507735729218,0.04750355705618858,0.15483234822750092,0.010235325433313847,0.0,0.027137786149978638,0.05272737890481949,0.037916116416454315,0.026968808844685555,0.0045852563343942165,0.026563310995697975,0.05994858592748642,0.00964974332600832,0.08649289608001709,0.05249420180916786,0.1398330181837082,0.00787913054227829,0.1157074123620987,0.05014000087976456,1,368,2.0491701506262365,124,105,139,22938.47265625,0.21085356175899506,0.18487882614135742,0.5745993852615356,0.2644110321998596,0.31018832325935364,329,39,0,188,-2,19,26,-7,0.1983695652173913,0.0,0.03461729362607002,0.13887238502502441,0.1255386769771576,0.04923693835735321,0.0,0.05061735957860947,0.09820286929607391,0.0,0.005709373392164707,0.009832887910306454,0.0,0.02919565699994564,0.015809083357453346,0.07694956660270691,0.029668264091014862,0.04460244998335838,0.00719571253284812,0.26558583974838257,0.01836564764380455,75,0.4844372085424329,10,9,56,5912.34375,-0.022362366318702698,0.11625939607620239,-0.11672303080558777,72,16,16,264,-11,-1,-0.004238639709490621
g6827.t1,A0ABN4IL74,0.63,16.1,1,176,1.7498201592905276,52,51,73,20316.9375,0.15511298179626465,0.44832873344421387,0.3384191691875458,0.189107283949852,0.14931190013885498,139,9,1,294,-5,11,13,-2,0.3068181818181818,0.0,0.050460465252399445,0.059402916580438614,0.12970435619354248,0.025405090302228928,0.014636454172432423,0.004923130385577679,0.014567132107913494,0.13147804141044617,0.0,0.0,0.0058397878892719746,0.021001840010285378,0.08609289675951004,0.21059846878051758,0.05813911557197571,0.06269726157188416,0.02268820069730282,0.08661463111639023,0.015750225633382797,1,180,1.7411993497433726,60,45,75,20199.546875,0.27426284551620483,0.24125096201896667,0.4712952971458435,0.24424724280834198,0.22704803943634033,139,30,3,151,-1,14,12,2,0.2722222222222222,0.006549077108502388,0.03274538740515709,0.21160826086997986,0.03263894468545914,0.09472378343343735,0.0,0.025216057896614075,0.04855901375412941,0.058553632348775864,0.005644800141453743,0.029071513563394547,0.006773860659450293,0.07906083762645721,0.07887637615203857,0.025675788521766663,0.013191060163080692,0.03403167799115181,0.00015609190450049937,0.19301636517047882,0.023907553404569626,-4,0.00862080954715494,-8,6,-2,117.390625,-0.11914986371994019,0.2070777714252472,-0.13287612795829773,0,-21,-2,143,-4,-4,0.034595959595959624
g18742.t1,A0ABM5VM19,0.6212,16.1,1,141,2.234134233405739,65,33,43,22340.64453125,0.24901485443115234,0.4033357799053192,0.34764936566352844,0.27435845136642456,0.07329091429710388,125,22,0,37,7,20,10,10,0.41134751773049644,0.01723221316933632,0.05549074709415436,0.13486208021640778,0.13949638605117798,0.0,,0.002455224050208926,0.05540649965405464,0.034425221383571625,0.0694064125418663,,0.007221246603876352,0.0957537367939949,0.060173358768224716,0.20961855351924896,,0.01820606179535389,0.010772601701319218,0.055084846913814545,0.03439483046531677,1,157,2.916120829297295,63,51,43,22746.1484375,0.08955436199903488,0.2202034294605255,0.6523381471633911,0.4084623157978058,0.24387583136558533,131,15,0,26,5,26,16,10,0.3630573248407643,0.017340855672955513,0.03197038918733597,0.23518915474414825,0.17327316105365753,0.010593490675091743,,0.03372389078140259,0.007775890175253153,0.005983565002679825,0.05099873244762421,0.0,0.0,0.022760270163416862,0.0012929667718708515,0.09343347698450089,0.03790413960814476,0.09420496225357056,0.0066604926250875,0.14967086911201477,0.02722376398742199,-16,-0.6819865958915563,2,-18,0,-405.50390625,0.15946049243211746,0.1831323504447937,-0.30468878149986267,-6,7,0,11,2,0,0.04829019288973213
g18969.t1,A0ABM5VJP3,0.62,10.3,1,126,1.32123851641507,45,42,39,13880.615234375,0.08982028067111969,0.44470158219337463,0.4520623981952667,0.2767864465713501,0.17527595162391663,121,10,6,78,1,11,7,4,0.29365079365079366,0.01324433833360672,0.05615673214197159,0.04176563024520874,0.23502080142498016,0.0483526736497879,0.0,0.0,0.009530441835522652,0.03094257041811943,0.01806146278977394,0.006437892094254494,0.0,0.007527756970375776,0.04371898993849754,0.22217537462711334,0.013415781781077385,0.07705695182085037,0.00936085730791092,0.09821902215480804,0.06901275366544724,1,115,1.3516793576668302,48,34,33,14743.748046875,0.2520475685596466,0.15083488821983337,0.59711754322052,0.2704651951789856,0.3266523778438568,100,9,0,1,-5,9,11,-2,0.2956521739130435,0.0,0.07284296303987503,0.19980217516422272,0.07066299766302109,0.02200322039425373,,0.07817723602056503,0.04989590123295784,,0.0017507332377135754,,0.03676539659500122,0.07145145535469055,0.0010858848690986633,0.052094459533691406,0.0,0.03549949452280998,0.014671684242784977,0.2911528944969177,0.0021435129456222057,11,-0.030440841251760276,-3,8,6,-863.1328125,-0.16222728788852692,0.29386669397354126,-0.1450551450252533,21,1,6,77,6,6,-0.00200138026224983
g19137.t2,A0ABM5VPR3,0.6189,15.6,1,569,2.893005667893344,202,110,257,42669.1171875,0.22510617971420288,0.23743018507957458,0.5184895396232605,0.38653436303138733,0.13195517659187317,491,60,15,254,15,48,30,18,0.18980667838312829,0.016407346352934837,0.037538252770900726,0.18828262388706207,0.19825173914432526,0.006485894322395325,0.0,0.02524428814649582,0.017615508288145065,0.019558627158403397,0.02152944728732109,0.00022196753707248718,0.04249722138047218,0.05992529168725014,0.04015181586146355,0.0835021585226059,0.018974030390381813,0.05518516153097153,0.023042753338813782,0.07677000761032104,0.06881581246852875,1,413,2.4216213562036413,187,81,145,28722.19140625,0.18716378509998322,0.0984547957777977,0.7143814563751221,0.4413931965827942,0.2729882597923279,398,82,2,49,-4,40,36,4,0.1791767554479419,0.00022467270900961012,0.05735310539603233,0.2881563901901245,0.15323679149150848,0.02665083296597004,0.0,0.016068516299128532,0.06531024724245071,0.00021955050760880113,0.0,0.021526716649532318,0.020220544189214706,0.01630890741944313,0.04346005618572235,0.002974976785480976,0.0,0.014692308381199837,0.004044108558446169,0.2582959532737732,0.011256332509219646,156,0.4713843116897025,15,29,112,13946.92578125,0.037942394614219666,0.13897538930177689,-0.19589191675186157,93,-22,13,205,19,14,0.010629922935186387
g19156.t1,A0ABM5VL18,0.6141,10.6,1,381,2.062407351011316,109,136,136,24245.626953125,0.1352640837430954,0.20558859407901764,0.6202356219291687,0.3969697058200836,0.22326594591140747,374,49,0,518,-7,24,20,4,0.18635170603674542,0.0030607813969254494,0.013041590340435505,0.09125346690416336,0.30571624636650085,0.016576619818806648,0.0,0.025189829990267754,0.06574025750160217,0.05866719037294388,0.01851775124669075,0.0,0.00026615490787662566,0.005722330417484045,0.004888872150331736,0.06985730677843094,0.03891170024871826,0.09340459108352661,0.030395852401852608,0.12986132502555847,0.028928134590387344,1,319,1.866632591393537,61,123,135,21096.59375,0.2103579342365265,0.10428265482187271,0.640741229057312,0.34106022119522095,0.29968103766441345,332,65,0,455,-7,22,25,-3,0.1724137931034483,0.008637472987174988,0.005262297578155994,0.2952459454536438,0.04581426456570625,0.03080431930720806,,0.010247085243463516,0.07774962484836578,0.00839202105998993,0.014852289110422134,0.01778845116496086,0.00443530548363924,0.04236133024096489,0.0457739494740963,0.043623145669698715,0.04461820423603058,0.09146028757095337,0.0033647145610302687,0.2082207202911377,0.0013485794188454747,62,0.1957747596177788,48,13,1,3149.033203125,-0.07509385049343109,0.10130593925714493,-0.02050560712814331,42,-16,0,63,0,7,0.01393791293329713
g12290.t1,A0ABN4IMG5,0.6126,14.2,1,156,2.478647148409182,61,19,76,28795.35546875,0.46132615208625793,0.18214641511440277,0.3107251226902008,0.270952433347702,0.03977271541953087,98,8,0,84,16,20,5,15,0.391025641025641,0.08208048343658447,0.03657899051904678,0.1960073560476303,0.07494505494832993,0.005826297216117382,0.008965147659182549,0.008515870198607445,0.12069057673215866,0.05270485207438469,0.0012044596951454878,0.008959812112152576,0.04446122795343399,0.1173195093870163,0.07929869741201401,0.023854048922657967,0.045802321285009384,0.001991370925679803,0.0,0.03778134286403656,0.053012605756521225,1,70,1.261013609135183,33,9,28,13384.189453125,0.3330996334552765,0.07689128071069717,0.5900090336799622,0.43634170293807983,0.1536673903465271,52,11,0,18,6,14,7,7,0.42857142857142855,,0.019044645130634308,0.380034863948822,0.05630684271454811,0.03145119175314903,,0.03350893408060074,0.1914871633052826,,,,0.02410714700818062,0.004821429029107094,0.07194283604621887,0.02027047611773014,0.0,0.05362401157617569,0.007232144009321928,0.10004335641860962,0.006124960258603096,86,1.217633539273999,28,10,48,15411.166015625,0.12822651863098145,0.1052551344037056,-0.27928391098976135,46,-3,0,66,10,8,-0.03754578754578752
g9659.t1,A0ABM5VJD6,0.6103,16.4,1,411,5.047028024967083,179,32,200,55979.94921875,0.14776694774627686,0.1657632440328598,0.6598882079124451,0.5649566650390625,0.09493153542280197,289,32,2,87,60,75,17,58,0.3284671532846715,0.0221196748316288,0.018380574882030487,0.24479930102825165,0.32015737891197205,0.03661646321415901,0.008264079689979553,0.018917890265583992,0.02134673111140728,0.021589025855064392,0.018571164458990097,0.008159319870173931,0.02098006382584572,0.0242560226470232,0.01919170282781124,0.04609902575612068,0.026581596583127975,0.03511975333094597,0.012795532122254372,0.059811782091856,0.01624291203916073,1,213,2.716486103280934,70,37,106,25586.69921875,0.2960256338119507,0.14319957792758942,0.5067740678787231,0.3623477518558502,0.1444263458251953,164,19,0,77,11,26,16,10,0.2863849765258216,0.010214300826191902,0.020611414685845375,0.210248664021492,0.1520991027355194,0.04010339453816414,,0.07361599802970886,0.05439537391066551,0.015066186897456646,0.011474930681288242,0.012014711275696754,0.03226211294531822,0.00528767891228199,0.06035676226019859,0.03294818475842476,0.05400065705180168,0.021630942821502686,0.0478786937892437,0.12279540300369263,0.022995464503765106,198,2.3305419216861485,109,-5,94,30393.25,-0.14825868606567383,0.022563666105270386,0.15311414003372192,125,13,2,10,49,48,0.0420821767588499
g5964.t1,A0ABN4IHU8,0.6074,18.0,1,257,2.890078713983306,58,49,150,36655.14453125,0.3190099000930786,0.31345880031585693,0.30644720792770386,0.18326003849506378,0.12318716198205948,189,27,4,185,0,20,16,4,0.35019455252918286,0.019421279430389404,0.07365413010120392,0.035541944205760956,0.14771808683872223,0.013111067935824394,0.050422895699739456,0.008846311829984188,0.030544182285666466,0.02295568957924843,0.01762411557137966,0.0,0.15617649257183075,0.04506848007440567,0.046277642250061035,0.13569091260433197,0.06108405068516731,0.03492312878370285,0.012675510719418526,0.08826404064893723,0.0,1,188,1.5685057455099007,52,40,96,17025.822265625,0.24622772634029388,0.21759094297885895,0.5350659489631653,0.3201066553592682,0.2149592638015747,178,27,3,113,-7,15,16,-1,0.24468085106382978,0.03724253922700882,0.014394041150808334,0.19913920760154724,0.12096744775772095,0.06884562969207764,0.0,0.024717070162296295,0.061271291226148605,0.0003703769179992378,0.02317016012966633,0.0,0.013644647784531116,0.04673094302415848,0.06058414280414581,0.10987614840269089,0.001115430728532374,0.03328699246048927,0.002037073252722621,0.18167226016521454,0.000934583367779851,69,1.3215729684734054,6,9,54,19629.322265625,0.07278217375278473,0.09586785733699799,-0.22861874103546143,11,0,1,72,7,5,0.10551370146535308
g11355.t1,A0ABN4IHU8,0.6059,13.2,1,220,1.9654968528649903,71,52,97,21077.068359375,0.1808115839958191,0.2630024552345276,0.5548344254493713,0.38975587487220764,0.1650785505771637,198,26,3,112,3,21,14,7,0.24545454545454545,0.0,0.05743618682026863,0.04430197551846504,0.3454539477825165,0.004129758104681969,0.0071318200789391994,0.013777492567896843,0.08545439690351486,0.06796625256538391,0.041010912507772446,0.0,0.0,0.0024493320379406214,0.07759951055049896,0.06190674751996994,0.0013515488244593143,0.11149974912405014,0.001530832494609058,0.05357879400253296,0.023420779034495354,1,188,1.5685057455099007,52,40,96,17025.822265625,0.24622772634029388,0.21759094297885895,0.5350659489631653,0.3201066553592682,0.2149592638015747,178,27,3,113,-7,15,16,-1,0.24468085106382978,0.03724253922700882,0.014394041150808334,0.19913920760154724,0.12096744775772095,0.06884562969207764,0.0,0.024717070162296295,0.061271291226148605,0.0003703769179992378,0.02317016012966633,0.0,0.013644647784531116,0.04673094302415848,0.06058414280414581,0.10987614840269089,0.001115430728532374,0.03328699246048927,0.002037073252722621,0.18167226016521454,0.000934583367779851,32,0.3969911073550896,19,12,1,4051.24609375,-0.06541614234447479,0.04541151225566864,0.019768476486206055,20,-1,0,-1,10,8,0.0007736943907156735
g6827.t1,A0ABM5VIZ1,0.6058,14.2,1,176,1.7498201592905276,52,51,73,20316.9375,0.15511298179626465,0.44832873344421387,0.3384191691875458,0.189107283949852,0.14931190013885498,139,9,1,294,-5,11,13,-2,0.3068181818181818,0.0,0.050460465252399445,0.059402916580438614,0.12970435619354248,0.025405090302228928,0.014636454172432423,0.004923130385577679,0.014567132107913494,0.13147804141044617,0.0,0.0,0.0058397878892719746,0.021001840010285378,0.08609289675951004,0.21059846878051758,0.05813911557197571,0.06269726157188416,0.02268820069730282,0.08661463111639023,0.015750225633382797,1,166,1.675130751034979,55,51,60,19016.6484375,0.4266664683818817,0.1119735836982727,0.43850433826446533,0.2189270555973053,0.21957725286483765,142,26,0,160,0,14,13,1,0.3072289156626506,0.002205704106017947,0.006335265003144741,0.140315979719162,0.07861106097698212,0.036734938621520996,,0.030497970059514046,0.10468611866235733,0.00630045123398304,0.004337912891060114,0.0,0.0,0.14036433398723602,0.11984135955572128,0.04079292342066765,0.022855650633573532,0.05146083980798721,0.029070984572172165,0.16811642050743103,0.017472093924880028,10,0.07468940825554848,-3,0,13,1300.2890625,-0.27155348658561707,0.33635514974594116,-0.10008516907691956,-3,-17,1,134,-5,-3,-0.00041073384446876915
g3860.t1,A0ABN4IEW9,0.6023,16.8,1,528,3.024662746807705,266,79,183,39315.2109375,0.19939731061458588,0.17687927186489105,0.6143938899040222,0.3388661742210388,0.275527685880661,434,48,1,91,-6,41,34,7,0.20643939393939395,0.010392782278358936,0.04934816434979439,0.10442298650741577,0.23444321751594543,0.018325144425034523,0.0,0.012177710421383381,0.02650817297399044,0.029454758390784264,0.013115501031279564,0.0,0.0034468830563127995,0.051201481372117996,0.08680687099695206,0.044134944677352905,0.009329613298177719,0.1636258363723755,0.008863414637744427,0.11190186440944672,0.022500747814774513,1,543,2.6530617194361357,292,94,157,33670.3359375,0.21716053783893585,0.1529175043106079,0.6299220323562622,0.3163212537765503,0.31360071897506714,507,101,0,44,-14,36,35,1,0.17679558011049723,0.004695550072938204,0.03420358523726463,0.09198790043592453,0.22433333098888397,0.034387048333883286,,0.055149294435977936,0.02903575263917446,0.01859455369412899,0.00984620675444603,,0.045633286237716675,0.03853330388665199,0.029739201068878174,0.03288401663303375,0.0,0.10341258347034454,0.014374135062098503,0.2101881504058838,0.023002082481980324,-15,0.3716010273715695,-26,-15,26,5644.875,-0.017763227224349976,0.023961767554283142,-0.01552814245223999,-73,-53,1,47,8,6,0.02964381382889672
g13229.t1,A0ABN4IJV7,0.6,29.3,1,649,4.151096740708378,121,147,381,77929.09375,0.31086641550064087,0.2900553047657013,0.34999701380729675,0.2705584466457367,0.07943852245807648,429,46,6,183,14,44,32,12,0.31432973805855163,0.03245747461915016,0.07402947545051575,0.09816310554742813,0.17239536345005035,0.011592353694140911,0.0,0.027517590671777725,0.09901938587427139,0.044806383550167084,0.020586026832461357,0.0,0.05750073119997978,0.033519938588142395,0.035443343222141266,0.08209928125143051,0.049081314355134964,0.03539951145648956,0.025407975539565086,0.044039007276296616,0.05694175511598587,1,454,3.1917067117790143,121,102,231,40909.5703125,0.29479077458381653,0.0922655239701271,0.5853619575500488,0.3405134975910187,0.24484848976135254,320,43,0,64,-7,38,37,1,0.2488986784140969,0.019944922998547554,0.007650409825146198,0.194364994764328,0.14614848792552948,0.030181128531694412,,0.05277421325445175,0.12246645987033844,0.00023211103689391166,0.010039150714874268,0.0,0.0044776201248168945,0.0411895327270031,0.03407711908221245,0.028090130537748337,0.02758176438510418,0.038850218057632446,0.01986090838909149,0.2059982419013977,0.016072597354650497,195,0.9593900289293638,0,45,150,37019.5234375,0.01607564091682434,0.1977897807955742,-0.23536494374275208,109,3,6,119,21,11,0.06543105964445473
g12849.t1,A0ABM5VPT0,0.5948,12.1,1,455,2.5761646849027033,143,104,208,31546.583984375,0.2263197898864746,0.33460667729377747,0.4192190170288086,0.2125973105430603,0.2066216915845871,385,42,15,561,-9,26,22,4,0.1912087912087912,0.009370007552206516,0.027938110753893852,0.12347941100597382,0.08911792933940887,0.014321040362119675,0.020663153380155563,0.03220117464661598,0.022089887410402298,0.03489575907588005,0.019848117604851723,0.0,0.02035347744822502,0.056947335600852966,0.06801250576972961,0.09759727865457535,0.01985454000532627,0.10065393149852753,0.01734541915357113,0.10596776008605957,0.11934319138526917,1,361,2.3546546225826184,115,98,148,24581.994140625,0.2381531149148941,0.18151536583900452,0.568539559841156,0.3493380546569824,0.21920150518417358,315,33,0,148,2,29,21,8,0.1883656509695291,0.0,0.007185779046267271,0.31414902210235596,0.035189028829336166,0.0891788974404335,,0.07125824689865112,0.04568881541490555,0.019741002470254898,0.01692868396639824,0.03352385759353638,0.0010380820604041219,0.05262446403503418,0.015518459491431713,0.048481009900569916,0.011792078614234924,0.023275641724467278,0.018501179292798042,0.19592584669589996,0.0,94,0.22151006232008497,28,6,60,6964.58984375,-0.011833325028419495,0.15309131145477295,-0.1493205428123474,70,9,15,413,-11,-4,0.002843140239262104
g17362.t1,A0ABM5VNX4,0.5882,13.6,1,128,2.5986396276005843,32,34,62,20124.677734375,0.09695469588041306,0.29303666949272156,0.5967532396316528,0.45437753200531006,0.14237570762634277,107,10,6,3,15,22,9,13,0.4375,0.001763606327585876,0.04241957888007164,0.11625229567289352,0.3381252586841583,0.04940330609679222,0.0,0.01048660185188055,0.01843770034611225,0.046986378729343414,0.04557080194354057,,0.003206556895747781,0.06274566799402237,0.0003145578084513545,0.08363863080739975,0.013255380094051361,0.03357545658946037,0.0,0.1088002398610115,0.02501795068383217,1,65,1.0983413144958427,10,28,27,11737.65625,0.07957977801561356,0.22617681324481964,0.694243311882019,0.2747982442378998,0.41944512724876404,57,16,0,0,-6,8,14,-6,0.4153846153846154,0.02391529642045498,0.015118864364922047,0.22590596973896027,0.04889226704835892,0.1690218597650528,,0.0021489711944013834,0.02685132808983326,0.024269483983516693,,,,0.02666417881846428,0.0,,,0.06132715195417404,0.0,0.3581179976463318,0.017766615375876427,63,1.5002983131047416,22,6,35,8387.021484375,0.0173749178647995,0.06685985624790192,-0.09749007225036621,50,-6,6,3,21,19,0.022115384615384592
g18742.t1,A0ABM5VNK4,0.586,13.7,1,141,2.234134233405739,65,33,43,22340.64453125,0.24901485443115234,0.4033357799053192,0.34764936566352844,0.27435845136642456,0.07329091429710388,125,22,0,37,7,20,10,10,0.41134751773049644,0.01723221316933632,0.05549074709415436,0.13486208021640778,0.13949638605117798,0.0,,0.002455224050208926,0.05540649965405464,0.034425221383571625,0.0694064125418663,,0.007221246603876352,0.0957537367939949,0.060173358768224716,0.20961855351924896,,0.01820606179535389,0.010772601701319218,0.055084846913814545,0.03439483046531677,1,90,1.3568259172015116,36,38,16,13680.5341796875,0.18537437915802002,0.2914879322052002,0.5231377482414246,0.33404818177223206,0.1890895664691925,78,12,0,0,2,12,8,4,0.34444444444444444,0.0021226448006927967,0.03291064128279686,0.11221535503864288,0.22183284163475037,0.00470623467117548,,0.013207568787038326,0.1028665155172348,0.11293599009513855,0.009573040530085564,,0.040249601006507874,0.0,0.02058161236345768,0.03358643129467964,0.0,0.014519762247800827,0.00634642643854022,0.17456978559494019,0.09777555614709854,51,0.8773083162042272,29,-5,27,8660.1103515625,0.06364047527313232,0.11184784770011902,-0.17548838257789612,47,10,0,37,5,6,0.066903073286052
g12290.t2,A0ABM5VP73,0.5846,18.8,1,173,2.2155522676809487,75,19,79,25286.88671875,0.38806575536727905,0.15232513844966888,0.44641661643981934,0.4092274308204651,0.037189193069934845,113,7,0,64,22,27,4,23,0.31213872832369943,0.0965428501367569,0.04558063670992851,0.24885843694210052,0.16036896407604218,0.0046425675973296165,0.0,0.013270151801407337,0.10844804346561432,0.022149011492729187,0.01591981016099453,0.0006379880360327661,0.0011483784765005112,0.07740229368209839,0.09061604738235474,0.02902390994131565,0.013192502781748772,0.01025646273046732,0.0,0.0269327312707901,0.035009197890758514,1,76,1.4646253807451346,45,11,20,14143.240234375,0.17081378400325775,0.07762238383293152,0.7515637874603271,0.41274094581604004,0.3388229012489319,70,15,0,33,-2,15,13,2,0.40789473684210525,0.0,0.0022813344839960337,0.20356853306293488,0.20917239785194397,0.03385002538561821,,0.004972125869244337,0.016425607725977898,0.010719732381403446,0.007756537292152643,0.0009125338401645422,0.06752749532461166,0.037626415491104126,0.04334958642721176,,,0.173432394862175,0.0,0.1653905063867569,0.02301475591957569,97,0.7509268869358141,30,8,59,11143.646484375,0.2172519713640213,0.07470275461673737,-0.3051471710205078,43,-8,0,31,24,21,-0.09575600851840582
g6392.t1,A0ABM5VIP7,0.584,21.2,1,327,2.724937806939391,41,121,165,31776.251953125,0.29843947291374207,0.39123255014419556,0.2546079158782959,0.1751290112733841,0.0794789046049118,251,22,41,571,-1,18,8,10,0.28440366972477066,0.012184745632112026,0.058103855699300766,0.10270503163337708,0.07242396473884583,0.05807683616876602,0.013615651987493038,0.02112453803420067,0.029829474166035652,0.06292653828859329,0.024693353101611137,0.05018484219908714,0.07712838798761368,0.047663405537605286,0.046397268772125244,0.11768569052219391,0.055720049887895584,0.03750689700245857,0.01392680499702692,0.041972000151872635,0.05613062530755997,1,204,2.2173555013581243,52,41,111,24550.8671875,0.35434406995773315,0.1231352761387825,0.5225206017494202,0.3797534704208374,0.14276714622974396,146,13,0,231,4,21,10,11,0.29411764705882354,0.0,0.02308765985071659,0.21364575624465942,0.16610771417617798,0.024478966370224953,0.0,0.04142177104949951,0.07553955912590027,0.0,0.0110840555280447,,0.04581865295767784,0.09536507725715637,0.06393487751483917,0.05558120459318161,0.0,0.031157152727246284,0.032264117151498795,0.11160998791456223,0.008903387002646923,123,0.5075823055812667,-11,80,54,7225.384765625,-0.05590459704399109,0.26809727400541306,-0.26791268587112427,105,9,41,340,-5,-1,-0.009713977334052881
g6827.t1,A0ABN4IMD4,0.5839,13.7,1,176,1.7498201592905276,52,51,73,20316.9375,0.15511298179626465,0.44832873344421387,0.3384191691875458,0.189107283949852,0.14931190013885498,139,9,1,294,-5,11,13,-2,0.3068181818181818,0.0,0.050460465252399445,0.059402916580438614,0.12970435619354248,0.025405090302228928,0.014636454172432423,0.004923130385577679,0.014567132107913494,0.13147804141044617,0.0,0.0,0.0058397878892719746,0.021001840010285378,0.08609289675951004,0.21059846878051758,0.05813911557197571,0.06269726157188416,0.02268820069730282,0.08661463111639023,0.015750225633382797,1,284,2.185417242857783,98,98,88,23418.140625,0.12147058546543121,0.08580078929662704,0.7901108860969543,0.42428892850875854,0.3658219575881958,259,49,0,293,-13,28,28,0,0.19718309859154928,0.0,0.019786888733506203,0.25106775760650635,0.173221156001091,0.0187874436378479,,0.031475748866796494,0.03437897935509682,0.014818063005805016,0.004878401290625334,0.0005385544500313699,0.0016156632918864489,0.0274177435785532,0.026043899357318878,0.017566734924912453,0.002617815975099802,0.033819422125816345,0.0,0.33200258016586304,0.009963257238268852,-108,-0.43559708356725535,-46,-47,-15,-3101.203125,0.033642396330833435,0.3625279441475868,-0.45169171690940857,-120,-40,1,1,8,-2,0.10963508322663254
g12174.t1,A0ABM5VK49,0.5829,14.3,1,225,1.6449461221056636,85,51,89,18509.83203125,0.20690254867076874,0.19965696334838867,0.5673162937164307,0.3810279667377472,0.18628837168216705,204,20,5,405,2,19,14,5,0.21333333333333335,0.0,0.040602441877126694,0.023074496537446976,0.3579534590244293,0.022846128791570663,0.00017431526794098318,0.03040526993572712,0.03529062122106552,0.05235670506954193,0.00017431526794098318,0.0008715762523934245,0.0005229457747191191,0.09363581240177155,0.046176329255104065,0.06349366903305054,0.02612408436834812,0.12056343257427216,0.0,0.06572496145963669,0.020009396597743034,1,249,2.191676586907822,96,45,108,25008.7890625,0.3475229740142822,0.13930734992027283,0.5131696462631226,0.39827537536621094,0.11489428579807281,216,33,0,150,3,20,14,6,0.2570281124497992,0.01174050010740757,0.005160659551620483,0.24222001433372498,0.15605537593364716,0.014296894893050194,,0.03005789965391159,0.10295221209526062,0.01278531551361084,0.012138507328927517,0.0,0.03185824677348137,0.11624639481306076,0.034837398678064346,0.0759848952293396,0.0,0.025156598538160324,0.01983030140399933,0.08973769098520279,0.018941085785627365,-24,-0.5467304648021585,-11,6,-19,-6498.95703125,-0.1406204253435135,0.060349613428115845,0.054146647453308105,-12,-13,5,255,-1,-1,-0.043694779116465826
g1192.t2,A0ABN4IEW9,0.582,19.2,1,528,3.0033016049495105,275,88,165,35937.41015625,0.2050510048866272,0.22855666279792786,0.5490633249282837,0.34290486574172974,0.20615845918655396,482,72,4,98,1,40,29,11,0.19507575757575757,0.00951693207025528,0.031925685703754425,0.16088353097438812,0.1820213496685028,0.02720293402671814,0.0,0.04218226671218872,0.03644755482673645,0.06867659837007523,0.0018588202074170113,0.0,0.0020649947691708803,0.026889681816101074,0.052069373428821564,0.09464650601148605,0.01732899621129036,0.09518713504076004,0.035880204290151596,0.11097133904695511,0.004246100317686796,1,543,2.6530617194361357,292,94,157,33670.3359375,0.21716053783893585,0.1529175043106079,0.6299220323562622,0.3163212537765503,0.31360071897506714,507,101,0,44,-14,36,35,1,0.17679558011049723,0.004695550072938204,0.03420358523726463,0.09198790043592453,0.22433333098888397,0.034387048333883286,,0.055149294435977936,0.02903575263917446,0.01859455369412899,0.00984620675444603,,0.045633286237716675,0.03853330388665199,0.029739201068878174,0.03288401663303375,0.0,0.10341258347034454,0.014374135062098503,0.2101881504058838,0.023002082481980324,-15,0.3502398855133748,-17,-6,8,2267.07421875,-0.012109532952308655,0.07563915848731995,-0.08085870742797852,-25,-29,4,54,15,10,0.01828017746526034
g13229.t2,A0ABN4IJV7,0.5815,29.3,1,632,4.107278301411501,124,143,365,74260.390625,0.3105301558971405,0.2924838662147522,0.3544774353504181,0.26220008730888367,0.09227734804153442,400,34,6,157,10,41,28,13,0.314873417721519,0.02317919209599495,0.0735803171992302,0.0716235414147377,0.19057652354240417,0.0055304705165326595,0.0,0.037120845168828964,0.10158184915781021,0.06519051641225815,0.01654905080795288,4.344909029896371e-05,0.043744828552007675,0.03047352470457554,0.03917911648750305,0.07175538688898087,0.04250851273536682,0.044277433305978775,0.0352073535323143,0.04799991473555565,0.05987812951207161,1,454,3.1917067117790143,121,102,231,40909.5703125,0.29479077458381653,0.0922655239701271,0.5853619575500488,0.3405134975910187,0.24484848976135254,320,43,0,64,-7,38,37,1,0.2488986784140969,0.019944922998547554,0.007650409825146198,0.194364994764328,0.14614848792552948,0.030181128531694412,,0.05277421325445175,0.12246645987033844,0.00023211103689391166,0.010039150714874268,0.0,0.0044776201248168945,0.0411895327270031,0.03407711908221245,0.028090130537748337,0.02758176438510418,0.038850218057632446,0.01986090838909149,0.2059982419013977,0.016072597354650497,178,0.9155715896324867,3,41,134,33350.8203125,0.015739381313323975,0.2002183422446251,-0.23088452219963074,80,-9,6,93,17,12,0.06597473930742209
g5964.t1,A0ABN4IF40,0.581,14.6,1,257,2.890078713983306,58,49,150,36655.14453125,0.3190099000930786,0.31345880031585693,0.30644720792770386,0.18326003849506378,0.12318716198205948,189,27,4,185,0,20,16,4,0.35019455252918286,0.019421279430389404,0.07365413010120392,0.035541944205760956,0.14771808683872223,0.013111067935824394,0.050422895699739456,0.008846311829984188,0.030544182285666466,0.02295568957924843,0.01762411557137966,0.0,0.15617649257183075,0.04506848007440567,0.046277642250061035,0.13569091260433197,0.06108405068516731,0.03492312878370285,0.012675510719418526,0.08826404064893723,0.0,1,161,2.002337861413542,42,34,85,20832.73828125,0.511935830116272,0.04886101931333542,0.4392031729221344,0.3139776289463043,0.1252254992723465,125,12,1,221,6,17,8,9,0.32298136645962733,0.017487160861492157,0.021679479628801346,0.09895515441894531,0.215022474527359,0.003210079623386264,0.0,0.07419198751449585,0.09131643176078796,,0.0009222098160535097,0.046574290841817856,0.02694535255432129,0.16035844385623932,0.08096820116043091,0.023049255833029747,0.0,0.021857617422938347,0.014093956910073757,0.103367879986763,0.0,96,0.8877408525697641,16,15,65,15822.40625,-0.19292593002319336,0.2645977810025215,-0.13275596499443054,64,15,3,-36,-6,-5,0.02721318606955553
g19137.t1,A0ABM5VPR3,0.5784,16.1,1,547,3.0639668593656313,189,100,258,49588.3984375,0.24886317551136017,0.23377810418605804,0.501091480255127,0.37438535690307617,0.1267060935497284,445,50,14,258,14,44,34,10,0.21937842778793418,0.01007789932191372,0.03320854529738426,0.17422786355018616,0.2001575082540512,0.007385197561234236,0.0029584679286926985,0.026195121929049492,0.020886365324258804,0.01650989055633545,0.010421904735267162,0.00038421250064857304,0.06601881235837936,0.06274323910474777,0.04323422163724899,0.09430750459432602,0.01626734808087349,0.052842237055301666,0.019323281943798065,0.07386385649442673,0.06898657232522964,1,413,2.4216213562036413,187,81,145,28722.19140625,0.18716378509998322,0.0984547957777977,0.7143814563751221,0.4413931965827942,0.2729882597923279,398,82,2,49,-4,40,36,4,0.1791767554479419,0.00022467270900961012,0.05735310539603233,0.2881563901901245,0.15323679149150848,0.02665083296597004,0.0,0.016068516299128532,0.06531024724245071,0.00021955050760880113,0.0,0.021526716649532318,0.020220544189214706,0.01630890741944313,0.04346005618572235,0.002974976785480976,0.0,0.014692308381199837,0.004044108558446169,0.2582959532737732,0.011256332509219646,134,0.64234550316199,2,19,113,20866.20703125,0.06169939041137695,0.13532330840826035,-0.21328997611999512,47,-32,12,209,18,6,0.04020167233999228
g17321.t1,A0ABM5VJQ0,0.5782,15.6,1,355,2.950300821102063,153,48,154,31343.37109375,0.1658967137336731,0.25813913345336914,0.5452871322631836,0.3516550362110138,0.19363214075565338,293,51,2,358,4,33,27,6,0.23098591549295774,0.00010294190724380314,0.0554676428437233,0.0859823003411293,0.2656727731227875,0.023243170231580734,0.00218940619379282,0.005250037182122469,0.014514808543026447,0.11790204048156738,0.012988487258553505,0.029074274003505707,0.03942675143480301,0.02404615841805935,0.05183466896414757,0.0,0.03067701868712902,0.08996947109699249,0.0016470705159008503,0.10366267710924149,0.04634837806224823,1,138,1.747059722428989,56,33,49,18665.642578125,0.5135915875434875,0.16007068753242493,0.32498645782470703,0.2277948409318924,0.09719160944223404,119,11,2,128,4,11,8,3,0.34057971014492755,,0.010713390074670315,0.1284029632806778,0.0993918627500534,0.046359941363334656,0.0,0.08418182283639908,0.10674034804105759,0.0,0.02990264631807804,0.0,0.0684092715382576,0.15660738945007324,0.09765268117189407,0.07136610895395279,0.0013513538287952542,0.008277041837573051,0.0,0.08891456574201584,0.0017286016372963786,217,1.2032410986730742,97,15,105,12677.728515625,-0.34769487380981445,0.09806844592094421,0.22030067443847656,174,40,0,230,0,3,-0.1095937946519698
g8731.t1,A0ABM5VN30,0.5776,12.5,1,204,2.1209919773537687,98,32,74,23047.4296875,0.3188368082046509,0.3746495544910431,0.22069133818149567,0.1613880842924118,0.05930325388908386,174,12,50,214,-4,10,11,-1,0.27450980392156865,0.0001399959292029962,0.040674541145563126,0.07462335377931595,0.08676473051309586,0.006971070077270269,0.019718466326594353,0.002930339192971587,0.03191268444061279,0.1092865988612175,0.0,0.00246406439691782,0.1049969419836998,0.09003928303718567,0.06927397102117538,0.1107187569141388,0.08582233637571335,0.030151188373565674,0.01707950234413147,0.029152069240808487,0.08728010207414627,1,200,2.158819793805349,97,25,78,23096.416015625,0.4091891348361969,0.26534637808799744,0.3254644572734833,0.19864748418331146,0.12681695818901062,183,33,3,250,0,16,12,4,0.315,0.013411104679107666,0.03633316606283188,0.08512366563081741,0.11352381855249405,0.03245069459080696,0.0,0.044660959392786026,0.027291826903820038,0.03850281983613968,0.0013969899155199528,0.03392773121595383,0.05832092836499214,0.1483025848865509,0.08327402919530869,0.1335376799106598,0.0,0.06600680947303772,0.0,0.0608101524412632,0.023125022649765015,4,-0.037827816451580176,1,7,-4,-48.986328125,-0.09035232663154602,0.10930317640304565,-0.10477311909198761,-9,-21,47,-36,-4,-5,-0.04049019607843135
g3007.t1,A0ABM5VNX4,0.5731,9.5,1,115,1.944947515605429,33,29,53,19039.46875,0.16629721224308014,0.4783346354961395,0.35536807775497437,0.14364679157733917,0.211721271276474,70,5,0,37,-4,7,11,-4,0.43478260869565216,0.0,0.019993146881461143,0.06564503908157349,0.07800175249576569,0.039246827363967896,0.06337358057498932,0.03457110375165939,0.01626875437796116,0.061475541442632675,0.01339502539485693,,0.0,0.040483102202415466,0.07497426867485046,0.2736484706401825,0.0,0.0843690037727356,0.0,0.1273522675037384,0.007202047389000654,1,65,1.0983413144958427,10,28,27,11737.65625,0.07957977801561356,0.22617681324481964,0.694243311882019,0.2747982442378998,0.41944512724876404,57,16,0,0,-6,8,14,-6,0.4153846153846154,0.02391529642045498,0.015118864364922047,0.22590596973896027,0.04889226704835892,0.1690218597650528,,0.0021489711944013834,0.02685132808983326,0.024269483983516693,,,,0.02666417881846428,0.0,,,0.06132715195417404,0.0,0.3581179976463318,0.017766615375876427,50,0.8466062011095863,23,1,26,7301.8125,0.08671743422746658,0.2521578222513199,-0.3388752341270447,13,-11,0,37,2,2,0.019397993311036754
g11568.t1,A0ABN4IFF3,0.571,16.6,1,180,2.971874915130754,12,36,132,34304.9765625,0.22369249165058136,0.19440197944641113,0.5782535076141357,0.21829354763031006,0.3599599301815033,93,14,1,36,-9,23,28,-5,0.45555555555555555,0.017964458093047142,0.025907058268785477,0.09029390662908554,0.12799963355064392,0.006671159993857145,0.0,0.020311539992690086,0.013920103199779987,0.08845112472772598,0.019216012209653854,0.0020692048128694296,0.027758726850152016,0.06103089079260826,0.05057220906019211,0.04710710048675537,0.0036520378198474646,0.11032471060752869,0.030065355822443962,0.2496352195739746,0.007049523293972015,1,105,1.6470979503652283,18,49,38,18243.1015625,0.3308078348636627,0.13098159432411194,0.5369960069656372,0.45529451966285706,0.08170155435800552,82,12,0,10,14,20,6,14,0.3619047619047619,0.0027653067372739315,0.0,0.18627506494522095,0.2690194547176361,0.01154398638755083,,0.08607697486877441,0.0676899403333664,0.006237323395907879,0.04625951498746872,,0.0,0.072200246155262,0.07742730528116226,0.06324274092912674,0.0012145035434514284,0.006174107547849417,0.024648044258356094,0.07552744448184967,0.0036980134900659323,75,1.3247769647655256,-6,-13,94,16061.875,-0.10711534321308136,0.0634203851222992,0.041257500648498535,11,2,1,26,-23,-19,0.09365079365079365
g16188.t2,A0ABM5VNX4,0.5681,13.1,1,76,1.1612962467528984,18,26,32,11969.802734375,0.09278129041194916,0.4334450662136078,0.47109857201576233,0.25387972593307495,0.21721884608268738,70,10,0,2,0,9,9,0,0.42105263157894735,0.0,0.0646112933754921,0.09361370652914047,0.16026602685451508,0.1964900642633438,,0.019493307918310165,0.0040433574467897415,0.026923036202788353,0.0,,0.004852029494941235,0.06439258903265,0.0,0.10811285674571991,0.0026750671677291393,0.06764848530292511,0.0,0.14957036077976227,0.037307821214199066,1,65,1.0983413144958427,10,28,27,11737.65625,0.07957977801561356,0.22617681324481964,0.694243311882019,0.2747982442378998,0.41944512724876404,57,16,0,0,-6,8,14,-6,0.4153846153846154,0.02391529642045498,0.015118864364922047,0.22590596973896027,0.04889226704835892,0.1690218597650528,,0.0021489711944013834,0.02685132808983326,0.024269483983516693,,,,0.02666417881846428,0.0,,,0.06132715195417404,0.0,0.3581179976463318,0.017766615375876427,11,0.06295493225705573,8,-2,5,232.146484375,0.013201512396335602,0.20726825296878815,-0.2231447398662567,13,-6,0,2,6,6,0.005668016194331937
g9379.t1,A0ABN4ILB6,0.5678,15.4,1,408,2.3245226907904093,150,104,154,28408.8671875,0.24426761269569397,0.24389371275901794,0.4886831045150757,0.309919536113739,0.17876358330249786,355,32,12,234,0,24,16,8,0.18382352941176472,0.005792341195046902,0.019330041483044624,0.1960088312625885,0.11391071230173111,0.010972431860864162,0.036395300179719925,0.0006710945744998753,0.06221338361501694,0.03419986367225647,0.0012337923981249332,,0.026385368779301643,0.045264411717653275,0.034303002059459686,0.09483896195888519,0.023155508562922478,0.038058191537857056,0.06963802129030228,0.1407053917646408,0.046923309564590454,1,706,4.453298391318524,184,243,279,47688.71875,0.30437034368515015,0.12187499552965164,0.5737547278404236,0.388136625289917,0.1856181025505066,595,90,0,229,5,61,36,25,0.20113314447592068,0.0010148772271350026,0.02443024329841137,0.32411113381385803,0.06402545422315598,0.029585937038064003,,0.033353663980960846,0.09837325662374496,0.0,0.00671494472771883,0.0014208280481398106,0.07316530495882034,0.06055433675646782,0.017972802743315697,0.028825979679822922,0.0,0.04287729412317276,0.01851528510451317,0.14274081587791443,0.032317884266376495,-298,-2.1287757005281143,-34,-139,-125,-19279.8515625,-0.06010273098945618,0.1220187172293663,-0.0850716233253479,-240,-58,12,5,-5,-17,-0.01730961506415596
g10860.t1,A0ABM5VIH8,0.5673,12.6,1,198,1.7501631959730157,4,99,95,19838.52734375,0.24165178835391998,0.3075021207332611,0.3283299207687378,0.16735145449638367,0.16097848117351532,168,19,11,266,-4,10,10,0,0.23232323232323232,0.0006505616474896669,0.06565749645233154,0.07305192947387695,0.09429951012134552,0.030196215957403183,0.0011530319461598992,0.009263087995350361,0.015062013640999794,0.07828457653522491,0.03240099176764488,0.029925836250185966,0.08513087779283524,0.04033482074737549,0.016962138935923576,0.048753876239061356,0.1225161924958229,0.09402650594711304,0.04432245343923569,0.06695196777582169,0.05105592682957649,1,211,2.111882988105862,32,98,81,23510.06640625,0.33992332220077515,0.1666112095117569,0.4934655725955963,0.38439664244651794,0.10906888544559479,182,24,0,127,6,25,10,15,0.26066350710900477,0.0,0.019185587763786316,0.21507412195205688,0.16932252049446106,0.03146600350737572,,0.03731036186218262,0.05443960055708885,0.040694110095500946,0.01381355244666338,0.0,0.03265710920095444,0.12129248678684235,0.07120522856712341,0.03042198345065117,,0.020622845739126205,0.023018520325422287,0.08844605088233948,0.031029973179101944,-13,-0.36171979213284633,-28,1,14,-3671.5390625,-0.09827153384685516,0.1408909112215042,-0.16513565182685852,-14,-5,11,139,-10,-15,-0.028340274785772446
g11355.t1,A0ABM5VP52,0.5672,22.0,1,220,1.9654968528649903,71,52,97,21077.068359375,0.1808115839958191,0.2630024552345276,0.5548344254493713,0.38975587487220764,0.1650785505771637,198,26,3,112,3,21,14,7,0.24545454545454545,0.0,0.05743618682026863,0.04430197551846504,0.3454539477825165,0.004129758104681969,0.0071318200789391994,0.013777492567896843,0.08545439690351486,0.06796625256538391,0.041010912507772446,0.0,0.0,0.0024493320379406214,0.07759951055049896,0.06190674751996994,0.0013515488244593143,0.11149974912405014,0.001530832494609058,0.05357879400253296,0.023420779034495354,1,200,2.2776163164498855,77,50,73,23215.20703125,0.4071532189846039,0.17119412124156952,0.41645586490631104,0.300167053937912,0.11628879606723785,171,17,1,214,2,15,11,4,0.305,0.017650989815592766,0.011516673490405083,0.19491252303123474,0.10525452345609665,0.009704068303108215,0.0,0.030632244423031807,0.13455797731876373,0.03376951441168785,0.039589736610651016,0.0225154347717762,0.03502083942294121,0.11083965748548508,0.05134958773851395,0.06648139655590057,0.005196820944547653,0.02589094266295433,0.004586477763950825,0.09039785712957382,0.01013273373246193,20,-0.3121194635848952,-6,2,24,-2138.138671875,-0.2263416349887848,0.09180833399295807,0.1383785605430603,27,9,2,-102,1,3,-0.05954545454545454
g10910.t1,A0ABM5VNT6,0.5624,11.6,1,353,2.0973131337787545,97,98,158,24941.53515625,0.21020451188087463,0.0971151813864708,0.6702383756637573,0.4509773850440979,0.21926099061965942,322,27,18,158,-4,27,24,3,0.19830028328611898,0.018628470599651337,0.02361469529569149,0.1674344837665558,0.2835428714752197,0.007179520092904568,0.0,0.0049040489830076694,0.050486691296100616,0.038695402443408966,0.0139326062053442,0.0,0.0023256095591932535,0.031441036611795425,0.05360740050673485,0.011291055008769035,0.022441957145929337,0.10738832503557205,0.048811253160238266,0.11187265068292618,0.002401886275038123,1,348,1.9604365551691016,117,79,152,21964.9609375,0.31841981410980225,0.11805800348520279,0.5275296568870544,0.20593279600143433,0.3215968608856201,328,52,0,192,-7,19,27,-8,0.1896551724137931,0.0,0.009691731072962284,0.17243631184101105,0.03349648416042328,0.04864008352160454,0.0,0.051445867866277695,0.11618735641241074,0.005892614368349314,0.0,0.06133071705698967,0.02893834561109543,0.03208966180682182,0.021764464676380157,0.03588983789086342,0.035992581397295,0.03531905636191368,0.0066634053364396095,0.2862778306007385,0.0179437305778265,5,0.13687657860965285,-20,19,6,2976.57421875,-0.10821530222892761,-0.020942822098731995,0.14270871877670288,-6,-25,18,-34,3,11,0.00864511087232589
g15154.t1,A0ABN4IKW2,0.5596,14.8,1,443,2.5336073591686694,134,114,195,28850.81640625,0.18849119544029236,0.3011382222175598,0.4578763544559479,0.2023358941078186,0.2555404305458069,401,55,16,452,-13,21,29,-8,0.19413092550790068,0.0,0.08938507735729218,0.04750355705618858,0.15483234822750092,0.010235325433313847,0.0,0.027137786149978638,0.05272737890481949,0.037916116416454315,0.026968808844685555,0.0045852563343942165,0.026563310995697975,0.05994858592748642,0.00964974332600832,0.08649289608001709,0.05249420180916786,0.1398330181837082,0.00787913054227829,0.1157074123620987,0.05014000087976456,1,1030,2.8118209868813286,394,210,426,37632.83984375,0.10478754341602325,0.09475526213645935,0.7831956148147583,0.4225517511367798,0.3606438636779785,1025,175,0,383,-26,57,54,3,0.10776699029126213,0.0005864798440597951,0.008918387815356255,0.22104234993457794,0.20150940120220184,0.036712173372507095,0.0,0.027931764721870422,0.01671881601214409,0.001598701230250299,0.004041122738271952,0.011906102299690247,0.004680379293859005,0.015621552243828773,0.015432752668857574,0.033835891634225845,0.0172615684568882,0.045886434614658356,0.011909696273505688,0.31475746631622314,0.009648976847529411,-587,-0.27821362771265923,-260,-96,-231,-8782.0234375,0.0837036520242691,0.20638296008110046,-0.3253192603588104,-624,-120,16,69,13,-11,0.08636393521663854
g13229.t1,A0ABM5VPV5,0.5575,27.6,1,649,4.151096740708378,121,147,381,77929.09375,0.31086641550064087,0.2900553047657013,0.34999701380729675,0.2705584466457367,0.07943852245807648,429,46,6,183,14,44,32,12,0.31432973805855163,0.03245747461915016,0.07402947545051575,0.09816310554742813,0.17239536345005035,0.011592353694140911,0.0,0.027517590671777725,0.09901938587427139,0.044806383550167084,0.020586026832461357,0.0,0.05750073119997978,0.033519938588142395,0.035443343222141266,0.08209928125143051,0.049081314355134964,0.03539951145648956,0.025407975539565086,0.044039007276296616,0.05694175511598587,1,443,3.2313914620708863,119,99,225,43606.4765625,0.30751824378967285,0.12545770406723022,0.5583078861236572,0.2949005961418152,0.26340731978416443,305,43,0,94,-8,32,34,-2,0.25733634311512416,0.0,0.007653032895177603,0.17752569913864136,0.11737489700317383,0.015669047832489014,0.0,0.06514487415552139,0.09492522478103638,0.0009399708360433578,0.025162991136312485,0.009458677843213081,0.037419892847537994,0.07565177977085114,0.0006668768473900855,0.0605270080268383,0.008716164156794548,0.04078196361660957,0.02425093948841095,0.22262533009052277,0.015505649149417877,206,0.9197052786374917,2,48,156,34322.6171875,0.0033481717109680176,0.16459760069847107,-0.20831087231636047,124,3,6,89,22,14,0.05699339494342748
g16310.t1,A0ABN4ILD1,0.5546,11.1,1,435,2.320556812092378,166,89,180,30792.310546875,0.1490073800086975,0.3049319386482239,0.5047375559806824,0.28843241930007935,0.21630510687828064,403,44,11,74,4,24,17,7,0.18620689655172415,0.008592300117015839,0.048811379820108414,0.08392966538667679,0.20450274646282196,0.021323151886463165,0.0,0.016748085618019104,0.041468244045972824,0.02434893697500229,0.03864015266299248,0.009568474255502224,0.004381823353469372,0.013621940277516842,0.04029974713921547,0.15040434896945953,0.04132314398884773,0.05485822260379791,0.014326762408018112,0.16144688427448273,0.021403977647423744,1,335,1.9332385061715414,133,79,123,21932.53125,0.17752744257450104,0.16976481676101685,0.6335707306861877,0.3249340355396271,0.30863669514656067,328,49,0,139,-9,26,26,0,0.1761194029850746,0.0,0.03602529689669609,0.22623558342456818,0.0986984446644783,0.039895787835121155,0.0,0.0727224200963974,0.05090087279677391,0.0,0.015790408477187157,0.0039664385840296745,0.0,0.020418429747223854,0.009562302380800247,0.07733452320098877,0.019136939197778702,0.01740482822060585,0.01995697245001793,0.2912318706512451,0.0007187920855358243,100,0.3873183059208367,33,10,57,8859.779296875,-0.028520062565803528,0.13516712188720703,-0.12883317470550537,75,-5,11,-65,13,7,0.010087493566649536
g2037.t1,A0ABN4IIP4,0.5528,12.8,1,436,2.697780139995767,128,73,235,35824.5390625,0.15108998119831085,0.2411322295665741,0.6056161522865295,0.38760215044021606,0.2180139720439911,316,35,6,299,0,36,31,5,0.20642201834862386,0.0,0.006373817566782236,0.039764150977134705,0.34783801436424255,0.007898766547441483,0.0,0.011679735966026783,0.0713316798210144,0.04607990011572838,0.0021122856996953487,0.0,0.003512545023113489,0.0032279756851494312,0.061338044703006744,0.13613194227218628,0.0021615661680698395,0.0838283970952034,0.0,0.1341855525970459,0.04253551736474037,1,353,3.8035617718044756,74,95,184,48641.09375,0.2776404023170471,0.09412121027708054,0.6061280369758606,0.3590913712978363,0.2470366507768631,216,38,0,90,0,41,34,7,0.3654390934844193,0.0028523511718958616,0.025131002068519592,0.2611426115036011,0.09794875979423523,0.018732206895947456,0.0,0.030280837789177895,0.11244436353445053,0.004553304519504309,6.482144090114161e-05,0.005771036725491285,0.016981441527605057,0.0726173147559166,0.006330353207886219,0.02471444196999073,0.02211029641330242,0.02560749463737011,0.03036271221935749,0.22142916917800903,0.020925436168909073,83,-1.1057816318087088,54,-22,51,-12816.5546875,-0.12655042111873627,0.14701101928949356,-0.0005118846893310547,100,-3,6,209,0,-2,-0.1590170751357954
g13229.t2,A0ABM5VPV5,0.5518,27.0,1,632,4.107278301411501,124,143,365,74260.390625,0.3105301558971405,0.2924838662147522,0.3544774353504181,0.26220008730888367,0.09227734804153442,400,34,6,157,10,41,28,13,0.314873417721519,0.02317919209599495,0.0735803171992302,0.0716235414147377,0.19057652354240417,0.0055304705165326595,0.0,0.037120845168828964,0.10158184915781021,0.06519051641225815,0.01654905080795288,4.344909029896371e-05,0.043744828552007675,0.03047352470457554,0.03917911648750305,0.07175538688898087,0.04250851273536682,0.044277433305978775,0.0352073535323143,0.04799991473555565,0.05987812951207161,1,443,3.2313914620708863,119,99,225,43606.4765625,0.30751824378967285,0.12545770406723022,0.5583078861236572,0.2949005961418152,0.26340731978416443,305,43,0,94,-8,32,34,-2,0.25733634311512416,0.0,0.007653032895177603,0.17752569913864136,0.11737489700317383,0.015669047832489014,0.0,0.06514487415552139,0.09492522478103638,0.0009399708360433578,0.025162991136312485,0.009458677843213081,0.037419892847537994,0.07565177977085114,0.0006668768473900855,0.0605270080268383,0.008716164156794548,0.04078196361660957,0.02425093948841095,0.22262533009052277,0.015505649149417877,189,0.8758868393406147,5,44,140,30653.9140625,0.0030119121074676514,0.16702616214752197,-0.20383045077323914,95,-9,6,63,18,15,0.057537074606394845
g12109.t2,A0ABM5VK38,0.5464,23.0,1,160,2.622392035098308,33,34,93,30858.55078125,0.3216227889060974,0.17495572566986084,0.477888822555542,0.4443657398223877,0.033523079007864,87,6,0,34,25,26,7,19,0.4125,0.005646198056638241,0.03177787363529205,0.2691367566585541,0.17522898316383362,0.027645133435726166,0.0,0.01738034188747406,0.09525346010923386,0.02681606635451317,0.047682471573352814,0.002091184491291642,0.010246804915368557,0.13359373807907104,0.05370178818702698,0.03177165240049362,0.025532672181725502,0.00010217543604085222,0.003709305077791214,0.033420905470848083,0.009262535721063614,1,110,1.7131638611142161,6,48,56,17010.474609375,0.2559428811073303,0.11193658411502838,0.6243905425071716,0.4491516947746277,0.17523883283138275,70,11,6,0,16,19,6,13,0.33636363636363636,0.0,0.0,0.22160640358924866,0.22754532098770142,0.02310144156217575,0.010030822828412056,0.021777411922812462,0.0898379236459732,0.0,0.0,,0.055955588817596436,0.0,0.08081934601068497,0.07126469165086746,0.007729985751211643,0.024837644770741463,0.007552602794021368,0.15040120482444763,0.007539629936218262,50,0.9092281739840917,27,-14,37,13848.076171875,0.06567990779876709,0.06301914155483246,-0.14650171995162964,17,-5,-6,34,9,6,0.07613636363636361
g12109.t1,A0ABM5VK38,0.5442,22.0,1,109,2.721759771145236,29,25,55,27430.169921875,0.2697376608848572,0.1524025797843933,0.5504588484764099,0.49540975689888,0.0550491027534008,58,6,0,27,17,23,9,14,0.5137614678899083,0.007998679764568806,0.019886378198862076,0.2814917266368866,0.2139180302619934,0.028251832351088524,0.0,0.01662803441286087,0.07569588720798492,0.0340069904923439,0.032210465520620346,0.00882438663393259,0.0007057658513076603,0.12316965311765671,0.026679717004299164,0.03804691508412361,0.02740090899169445,0.0004597836232278496,0.01003552507609129,0.054589323699474335,0.0,1,110,1.7131638611142161,6,48,56,17010.474609375,0.2559428811073303,0.11193658411502838,0.6243905425071716,0.4491516947746277,0.17523883283138275,70,11,6,0,16,19,6,13,0.33636363636363636,0.0,0.0,0.22160640358924866,0.22754532098770142,0.02310144156217575,0.010030822828412056,0.021777411922812462,0.0898379236459732,0.0,0.0,,0.055955588817596436,0.0,0.08081934601068497,0.07126469165086746,0.007729985751211643,0.024837644770741463,0.007552602794021368,0.15040120482444763,0.007539629936218262,-1,1.00859591003102,23,-23,-1,10419.6953125,0.013794779777526855,0.04046599566936493,-0.07393169403076172,-12,-5,-6,27,1,1,0.17739783152627192
g10910.t1,A0ABM5VIV9,0.5406,12.5,1,353,2.0973131337787545,97,98,158,24941.53515625,0.21020451188087463,0.0971151813864708,0.6702383756637573,0.4509773850440979,0.21926099061965942,322,27,18,158,-4,27,24,3,0.19830028328611898,0.018628470599651337,0.02361469529569149,0.1674344837665558,0.2835428714752197,0.007179520092904568,0.0,0.0049040489830076694,0.050486691296100616,0.038695402443408966,0.0139326062053442,0.0,0.0023256095591932535,0.031441036611795425,0.05360740050673485,0.011291055008769035,0.022441957145929337,0.10738832503557205,0.048811253160238266,0.11187265068292618,0.002401886275038123,1,344,2.014569884935983,108,79,157,22815.171875,0.23218348622322083,0.12224236130714417,0.6047362089157104,0.31144940853118896,0.2932868003845215,300,45,0,219,2,28,20,8,0.18604651162790697,0.011419640854001045,0.020322278141975403,0.1957297921180725,0.11571964621543884,0.058427244424819946,0.0,0.029659735038876534,0.11844314634799957,0.0,0.00967378169298172,0.0012727896682918072,0.0195161085575819,0.0031015912536531687,0.021058375015854836,0.011513659730553627,0.040837887674570084,0.11236461997032166,0.027712082490324974,0.18092218041419983,0.02230539731681347,9,0.08274324884277151,-11,19,1,2126.36328125,-0.02197897434234619,-0.02512717992067337,0.06550216674804688,22,-18,18,-61,-6,-5,0.01225377165821201
g18228.t1,A0ABN4IIG6,0.5403,19.6,1,109,1.311509278040779,40,2,67,13364.9365234375,0.1550847440958023,0.39457079768180847,0.450344443321228,0.3810012638568878,0.0693431869149208,86,7,1,85,6,12,6,6,0.3486238532110092,0.013278030790388584,0.0,0.07662849873304367,0.30437275767326355,0.0468825027346611,0.0,0.0,0.06470022350549698,0.1772020310163498,0.0,0.0,0.0014154886594042182,0.0,0.07569100707769394,0.09290176630020142,0.0,0.01108799409121275,0.0,0.058255188167095184,0.07758445292711258,1,126,1.8261758366374572,55,6,65,18995.66015625,0.32914605736732483,0.14323635399341583,0.5276175141334534,0.4177274703979492,0.10989003628492355,99,8,1,15,6,15,7,8,0.36507936507936506,0.0,0.007303851656615734,0.1461447924375534,0.2715827226638794,0.012360306456685066,0.0,0.049063846468925476,0.04944616183638573,0.031532544642686844,0.006971350405365229,0.0,0.031693555414676666,0.11546018719673157,0.08076462894678116,0.06374429911375046,0.0,0.010623009875416756,0.002717712428420782,0.09926703572273254,0.021324001252651215,-17,-0.5146665585966781,-15,-4,2,-5630.7236328125,-0.17406131327152252,0.25133444368839264,-0.07727307081222534,-13,-1,0,70,0,-2,-0.016455511868355865
g7755.t1,A0ABM5VJJ7,0.5358,11.5,1,445,2.267878742323239,209,68,168,27515.828125,0.17512159049510956,0.2953236401081085,0.512191653251648,0.29932257533073425,0.2128690630197525,441,46,17,73,-2,32,22,10,0.16404494382022472,0.01538457628339529,0.042631275951862335,0.07972957193851471,0.21959297358989716,0.030708031728863716,0.0,0.006880631670355797,0.036950357258319855,0.05830985680222511,0.05120289325714111,0.003506694221869111,0.0,0.03176946938037872,0.07359686493873596,0.0929129496216774,0.017363158985972404,0.032234370708465576,0.007033014204353094,0.18063469231128693,0.019558602944016457,1,392,2.6602895568349245,208,57,127,28219.208984375,0.23885244131088257,0.18033212423324585,0.5690490007400513,0.38322335481643677,0.18582569062709808,368,53,1,148,8,35,21,14,0.2066326530612245,0.0,0.0025154503528028727,0.25266727805137634,0.13055604696273804,0.029088221490383148,0.0,0.060387980192899704,0.11833575367927551,0.0005586594925262034,0.015928490087389946,0.013491959311068058,0.018343351781368256,0.014263655990362167,0.0,0.09460446238517761,0.011766428127884865,0.04076686128973961,0.014029767364263535,0.14505882561206818,0.03763683885335922,53,-0.3924108145116856,1,11,41,-703.380859375,-0.06373085081577301,0.11499151587486267,-0.05685734748840332,73,-7,16,-75,-10,-4,-0.04258770924099978
g16310.t1,A0ABN4IJX8,0.533,11.4,1,435,2.320556812092378,166,89,180,30792.310546875,0.1490073800086975,0.3049319386482239,0.5047375559806824,0.28843241930007935,0.21630510687828064,403,44,11,74,4,24,17,7,0.18620689655172415,0.008592300117015839,0.048811379820108414,0.08392966538667679,0.20450274646282196,0.021323151886463165,0.0,0.016748085618019104,0.041468244045972824,0.02434893697500229,0.03864015266299248,0.009568474255502224,0.004381823353469372,0.013621940277516842,0.04029974713921547,0.15040434896945953,0.04132314398884773,0.05485822260379791,0.014326762408018112,0.16144688427448273,0.021403977647423744,1,408,2.054869162769672,166,91,151,23834.5703125,0.19413574039936066,0.09939893335103989,0.6882594227790833,0.40544041991233826,0.2828190326690674,387,61,0,114,-7,31,24,7,0.16176470588235295,0.02802211605012417,0.009497257880866528,0.30449366569519043,0.10094673931598663,0.007399195339530706,0.0,0.040894001722335815,0.03952569514513016,0.036758020520210266,0.000661431229673326,0.002428982872515917,0.012318899855017662,0.047388799488544464,0.009291097521781921,0.030244946479797363,0.01820584386587143,0.057957231998443604,0.014266159385442734,0.22486181557178497,0.014838088303804398,27,0.26568764932270605,0,-2,29,6957.740234375,-0.04512836039066315,0.205533005297184,-0.18352186679840088,16,-17,11,-40,11,0,0.0244421906693712
g18228.t1,A0ABM5VJR2,0.5324,20.9,1,109,1.311509278040779,40,2,67,13364.9365234375,0.1550847440958023,0.39457079768180847,0.450344443321228,0.3810012638568878,0.0693431869149208,86,7,1,85,6,12,6,6,0.3486238532110092,0.013278030790388584,0.0,0.07662849873304367,0.30437275767326355,0.0468825027346611,0.0,0.0,0.06470022350549698,0.1772020310163498,0.0,0.0,0.0014154886594042182,0.0,0.07569100707769394,0.09290176630020142,0.0,0.01108799409121275,0.0,0.058255188167095184,0.07758445292711258,1,182,2.299875477441278,83,6,93,24052.6328125,0.30363619327545166,0.19485661387443542,0.5015071630477905,0.27748405933380127,0.22402313351631165,143,24,1,135,-6,14,19,-5,0.3131868131868132,0.0033536311239004135,0.04485302045941353,0.228763610124588,0.04872047156095505,0.015611577779054642,0.0,0.009362642653286457,0.07327040284872055,0.021844638511538506,0.07665083557367325,0.0314863882958889,0.059462618082761765,0.07767009735107422,0.04245728626847267,0.02757953479886055,0.0,0.05640101805329323,0.00657311687245965,0.16762210428714752,0.008317004889249802,-73,-0.9883661994004991,-43,-4,-26,-10687.6962890625,-0.14855144917964935,0.19971418380737305,-0.0511627197265625,-57,-17,0,-50,12,11,0.03543704002419601
g5143.t2,A0ABN4IFR2,0.5283,17.0,1,187,2.2903760365856862,60,28,99,25756.947265625,0.17183227837085724,0.1470026671886444,0.6654812097549438,0.5460999608039856,0.11938126385211945,129,7,2,33,40,37,7,30,0.2994652406417112,0.008017214015126228,0.026135126128792763,0.33246126770973206,0.21363867819309235,0.03022579848766327,0.0,0.0,0.013779587112367153,0.03892762213945389,0.025573289021849632,,0.007766676135361195,0.059317514300346375,0.07693836092948914,0.00467207795009017,0.015683835372328758,0.05706731602549553,0.006012910511344671,0.06231394410133362,0.021468760445713997,1,150,2.896967595856735,32,22,96,27839.52734375,0.2517741620540619,0.1620183140039444,0.5729678273200989,0.4191337823867798,0.15383407473564148,95,11,0,5,20,28,10,18,0.43333333333333335,0.008228759281337261,0.004751818720251322,0.15952076017856598,0.2596130073070526,0.06652820855379105,,0.037230152636766434,0.08090401440858841,0.017163848504424095,0.0,,0.0,0.04462074115872383,0.04817330092191696,0.03823983296751976,0.013239724561572075,0.01325884647667408,0.03261718526482582,0.14057523012161255,0.035334598273038864,37,-0.6065915592710489,28,6,3,-2082.580078125,-0.07994188368320465,-0.015015646815299988,0.09251338243484497,34,-4,2,28,20,12,-0.13386809269162214
g2271.t1,A0ABN4IFF5,0.5256,7.1,1,70,1.3746790054506806,0,31,39,14606.509765625,0.1947566419839859,0.1939614862203598,0.606047511100769,0.49379944801330566,0.11224808543920517,38,6,0,0,4,13,6,7,0.38571428571428573,0.002379514742642641,0.0002158616844099015,0.3694572448730469,0.12434215843677521,0.03852212429046631,,0.008394117467105389,0.018113620579242706,0.0,,,0.0,0.022124342620372772,0.11842741817235947,0.11020271480083466,0.005234335083514452,0.015973765403032303,0.025317635387182236,0.09627431631088257,0.04502078890800476,1,136,2.4316554848333287,12,36,88,25114.5390625,0.21733669936656952,0.1259240210056305,0.6374619007110596,0.60054612159729,0.036915868520736694,76,6,0,5,27,27,6,21,0.38235294117647056,0.02556617744266987,0.021486444398760796,0.13825510442256927,0.4622909724712372,0.008294707164168358,0.0,0.02376754768192768,0.04707645997405052,0.018882162868976593,0.013962174765765667,,0.003083357820287347,0.034173883497714996,0.05869314447045326,0.03789718821644783,0.01927730068564415,0.013056601397693157,0.024976124987006187,0.023859264329075813,0.025401346385478973,-66,-1.0569764793826482,-12,-5,-49,-10508.029296875,-0.022580057382583618,0.06803746521472931,-0.03141438961029053,-38,0,0,-5,-23,-14,0.0033613445378151696
g16255.t1,A0ABM5VJD6,0.5233,15.3,1,133,2.144857704304464,28,12,93,20715.52734375,0.21841119229793549,0.08536121994256973,0.6962275505065918,0.5259143114089966,0.17031319439411163,87,9,1,78,27,28,6,22,0.38345864661654133,0.06764688342809677,0.015525294467806816,0.20030401647090912,0.32561030983924866,0.005437219515442848,0.010258521884679794,0.0034017523285001516,0.0048284041695296764,0.008842556737363338,0.013953541405498981,0.0,0.02538806013762951,0.01012407336384058,0.06060704216361046,0.025581154972314835,0.0,0.029658960178494453,0.04641497880220413,0.14065423607826233,0.005762934219092131,1,213,2.716486103280934,70,37,106,25586.69921875,0.2960256338119507,0.14319957792758942,0.5067740678787231,0.3623477518558502,0.1444263458251953,164,19,0,77,11,26,16,10,0.2863849765258216,0.010214300826191902,0.020611414685845375,0.210248664021492,0.1520991027355194,0.04010339453816414,,0.07361599802970886,0.05439537391066551,0.015066186897456646,0.011474930681288242,0.012014711275696754,0.03226211294531822,0.00528767891228199,0.06035676226019859,0.03294818475842476,0.05400065705180168,0.021630942821502686,0.0478786937892437,0.12279540300369263,0.022995464503765106,-80,-0.5716283989764701,-42,-25,-13,-4871.171875,-0.0776144415140152,-0.057838357985019684,0.18945348262786865,-77,-10,1,1,16,12,0.09707367009071971
g15154.t1,A0ABN4IGA5,0.5187,12.6,1,443,2.5336073591686694,134,114,195,28850.81640625,0.18849119544029236,0.3011382222175598,0.4578763544559479,0.2023358941078186,0.2555404305458069,401,55,16,452,-13,21,29,-8,0.19413092550790068,0.0,0.08938507735729218,0.04750355705618858,0.15483234822750092,0.010235325433313847,0.0,0.027137786149978638,0.05272737890481949,0.037916116416454315,0.026968808844685555,0.0045852563343942165,0.026563310995697975,0.05994858592748642,0.00964974332600832,0.08649289608001709,0.05249420180916786,0.1398330181837082,0.00787913054227829,0.1157074123620987,0.05014000087976456,1,445,2.1806318250812735,164,122,159,25154.84375,0.18281705677509308,0.1116335317492485,0.6872085928916931,0.33764025568962097,0.34956833720207214,428,90,1,165,-8,31,32,-1,0.1752808988764045,0.008197415620088577,0.017339089885354042,0.2044525444507599,0.13318771123886108,0.03592532128095627,0.0012771793408319354,0.021868987008929253,0.06489744782447815,0.009151015430688858,0.0021308325231075287,0.0010261391289532185,0.002565347822383046,0.05608421191573143,0.007395644206553698,0.03984878584742546,0.018340766429901123,0.007269899360835552,0.02078183926641941,0.3422984778881073,0.005961308255791664,-2,0.3529755340873959,-30,-8,36,3695.97265625,0.00567413866519928,0.1895046904683113,-0.22933223843574524,-27,-35,15,287,-5,-7,0.01885002663149618
g14210.t1,A0ABM5VQ94,0.5173,19.3,1,118,1.8469997613887725,98,0,20,17653.09375,0.30991774797439575,0.19816656410694122,0.4142962694168091,0.2650167942047119,0.14927944540977478,121,14,2,49,-6,12,13,-1,0.3813559322033898,0.06068133935332298,0.04039689525961876,0.13787534832954407,0.12714144587516785,0.005292144138365984,0.03294973447918892,0.04313492774963379,0.025040190666913986,0.013244648464024067,0.026392905041575432,0.027233490720391273,0.008773205801844597,0.031254544854164124,0.11380001157522202,0.06024277210235596,0.07761948555707932,0.03238224238157272,0.0,0.11689721047878265,0.019647466018795967,1,210,1.8517766491958447,141,2,67,20996.9921875,0.3166395127773285,0.11589943617582321,0.5430980920791626,0.44986996054649353,0.09322809427976608,215,41,0,63,3,20,8,12,0.2571428571428571,0.0006146683008410037,0.03291580453515053,0.345528781414032,0.10434120148420334,0.04329117760062218,,0.07518427073955536,0.03435135632753372,0.00015016368706710637,0.0,,0.07406752556562424,0.07117540389299393,0.04956759884953499,0.015976624563336372,0.024362929165363312,0.002402618993073702,0.011678696610033512,0.09082547575235367,0.02356567047536373,-92,-0.004776887807072194,-43,-2,-47,-3343.8984375,-0.006721764802932739,0.08226712793111801,-0.12880182266235352,-94,-27,2,-14,-9,-13,0.1242130750605327
g18228.t1,A0ABM5VIG5,0.517,21.3,1,109,1.311509278040779,40,2,67,13364.9365234375,0.1550847440958023,0.39457079768180847,0.450344443321228,0.3810012638568878,0.0693431869149208,86,7,1,85,6,12,6,6,0.3486238532110092,0.013278030790388584,0.0,0.07662849873304367,0.30437275767326355,0.0468825027346611,0.0,0.0,0.06470022350549698,0.1772020310163498,0.0,0.0,0.0014154886594042182,0.0,0.07569100707769394,0.09290176630020142,0.0,0.01108799409121275,0.0,0.058255188167095184,0.07758445292711258,1,142,2.1079033895482238,57,12,73,20703.4765625,0.40208694338798523,0.1519925594329834,0.4434269964694977,0.4380932152271271,0.0053337933495640755,107,9,1,39,11,15,2,13,0.3732394366197183,0.010753347538411617,0.012884956784546375,0.05870139226317406,0.3793918192386627,0.01918935216963291,0.0,0.05867821350693703,0.04978532716631889,0.03182375431060791,0.0,,0.03319156542420387,0.15514762699604034,0.07520601898431778,0.07008390128612518,0.002493530046194792,0.0025889738462865353,0.019324857741594315,0.00274481950327754,0.018010584637522697,-33,-0.7963941115074447,-17,-10,-6,-7338.5400390625,-0.24700219929218292,0.24257823824882507,0.006917446851730347,-21,-2,0,46,-5,-7,-0.02461558340870912
g16757.t1,A0ABM5VK36,0.514,20.0,1,197,2.4973801951512273,97,10,90,28808.484375,0.15957318246364594,0.19550150632858276,0.6088588833808899,0.4035293757915497,0.2053295075893402,152,15,0,39,19,30,17,13,0.3299492385786802,0.004367995075881481,0.02678734064102173,0.15276320278644562,0.2507661283016205,0.011800489388406277,,0.0024639968760311604,0.029567964375019073,0.008345458656549454,0.04755733162164688,0.0,0.024466685950756073,0.05225507169961929,0.0389733612537384,0.015460323542356491,0.0360664464533329,0.053840335458517075,0.007478105835616589,0.15148918330669403,0.08555056154727936,1,193,1.8472938962346421,82,19,92,20247.501953125,0.07107558101415634,0.1933533400297165,0.7156983613967896,0.5875437259674072,0.12815462052822113,167,32,1,86,19,28,12,16,0.26424870466321243,0.0,0.03902650997042656,0.4133565425872803,0.17418715357780457,0.02011822909116745,0.0,0.0035058159846812487,0.035123057663440704,0.026415280997753143,0.010600009933114052,0.0,0.0,0.0174673181027174,0.004621302708983421,0.07839401066303253,0.019872695207595825,0.01948344148695469,0.010358092375099659,0.108671173453331,0.01879929006099701,4,0.6500862989165852,15,-9,-2,8560.982421875,0.0884976014494896,0.002148166298866272,-0.10683947801589966,-15,-17,-1,-47,0,-3,0.06570053391546776
g11501.t1,A0ABM5VNX4,0.5138,12.6,1,73,1.1535497828751045,15,28,30,12046.9111328125,0.19458751380443573,0.2072584629058838,0.5568488836288452,0.4152238965034485,0.14162495732307434,62,5,0,63,2,11,6,5,0.3561643835616438,0.0002678318414837122,0.03761773928999901,0.2085188925266266,0.2067050188779831,0.03300269693136215,0.0,0.0,0.0,0.04327085614204407,0.08597677201032639,0.04285309091210365,,0.06111893057823181,0.04919925704598427,0.0073903934098780155,0.041305165737867355,0.058894380927085876,0.04114840552210808,0.08273058384656906,,1,65,1.0983413144958427,10,28,27,11737.65625,0.07957977801561356,0.22617681324481964,0.694243311882019,0.2747982442378998,0.41944512724876404,57,16,0,0,-6,8,14,-6,0.4153846153846154,0.02391529642045498,0.015118864364922047,0.22590596973896027,0.04889226704835892,0.1690218597650528,,0.0021489711944013834,0.02685132808983326,0.024269483983516693,,,,0.02666417881846428,0.0,,,0.06132715195417404,0.0,0.3581179976463318,0.017766615375876427,8,0.055208468379261744,5,0,3,309.2548828125,0.11500773578882217,-0.018918350338935852,-0.13739442825317383,5,-11,0,63,8,11,-0.05922023182297159
g10564.t1,A0ABM5VPJ8,0.5124,10.2,1,216,1.9539862031752204,89,52,75,21133.625,0.13286033272743225,0.1903979778289795,0.6272935271263123,0.5261198878288269,0.10117363929748535,162,13,2,94,19,31,10,21,0.24537037037037038,0.0,0.004274860490113497,0.08942732959985733,0.43669259548187256,0.0051804594695568085,0.00046387393376789987,0.024045372381806374,0.011297845281660557,0.033213190734386444,0.0055584232322871685,0.0,0.0015267357230186462,0.007633678615093231,0.06225648894906044,0.10983113944530487,0.049448173493146896,0.034186046570539474,0.026100222021341324,0.06698759645223618,0.03187601640820503,1,106,1.64193709265754,51,22,33,15939.908203125,0.3574773371219635,0.18867599964141846,0.45384669303894043,0.31766945123672485,0.1361771821975708,83,15,0,0,-2,14,10,4,0.32075471698113206,0.03697352483868599,0.038785431534051895,0.18968996405601501,0.12797954678535461,0.04192723333835602,,0.003845968283712864,0.027920030057430267,0.0,0.0021804645657539368,,0.08865968883037567,0.111800916492939,0.0639868751168251,0.08224350214004517,0.0,0.046704940497875214,0.02429032512009144,0.08947224915027618,0.02353937178850174,110,0.31204911051768036,38,30,42,5193.716796875,-0.22461700439453125,0.0017219781875610352,0.17344683408737183,79,-2,2,94,21,17,-0.07538434661076168
g12290.t1,A0ABM5VP73,0.5104,18.4,1,156,2.478647148409182,61,19,76,28795.35546875,0.46132615208625793,0.18214641511440277,0.3107251226902008,0.270952433347702,0.03977271541953087,98,8,0,84,16,20,5,15,0.391025641025641,0.08208048343658447,0.03657899051904678,0.1960073560476303,0.07494505494832993,0.005826297216117382,0.008965147659182549,0.008515870198607445,0.12069057673215866,0.05270485207438469,0.0012044596951454878,0.008959812112152576,0.04446122795343399,0.1173195093870163,0.07929869741201401,0.023854048922657967,0.045802321285009384,0.001991370925679803,0.0,0.03778134286403656,0.053012605756521225,1,76,1.4646253807451346,45,11,20,14143.240234375,0.17081378400325775,0.07762238383293152,0.7515637874603271,0.41274094581604004,0.3388229012489319,70,15,0,33,-2,15,13,2,0.40789473684210525,0.0,0.0022813344839960337,0.20356853306293488,0.20917239785194397,0.03385002538561821,,0.004972125869244337,0.016425607725977898,0.010719732381403446,0.007756537292152643,0.0009125338401645422,0.06752749532461166,0.037626415491104126,0.04334958642721176,,,0.173432394862175,0.0,0.1653905063867569,0.02301475591957569,80,1.0140217676640473,16,8,56,14652.115234375,0.2905123680830002,0.10452403128147125,-0.44083866477012634,28,-7,0,51,18,13,-0.01686909581646423
g11479.t1,A0ABM5VLB6,0.5083,15.8,1,281,2.330517654540377,53,86,142,31332.375,0.25071844458580017,0.23203732073307037,0.49085092544555664,0.44757992029190063,0.0432710237801075,199,25,2,61,32,31,6,25,0.26334519572953735,0.011701932176947594,0.028523623943328857,0.1839355081319809,0.26364439725875854,0.01617160066962242,0.0,0.02830422669649124,0.04448650777339935,0.01605161838233471,0.00888865627348423,0.003668042365461588,0.0,0.07971608638763428,0.056067679077386856,0.1279108226299286,0.026393229141831398,0.005232775118201971,0.0267739649862051,0.03803824633359909,0.03449101001024246,1,210,1.8730909122292352,53,73,84,20591.96875,0.11160359531641006,0.1133544072508812,0.7504578232765198,0.43782973289489746,0.3126281499862671,156,20,0,83,0,24,15,9,0.24761904761904763,0.0,0.012965446338057518,0.26799681782722473,0.16983291506767273,0.034181855618953705,,0.014471613802015781,0.0474090576171875,0.0,0.013827483169734478,,0.0,0.015654174610972404,0.023360759019851685,0.02443985641002655,0.024584122002124786,0.01443231850862503,0.010707982815802097,0.29819580912590027,0.027939768508076668,71,0.4574267423111418,0,13,58,10740.40625,0.1391148492693901,0.11868291348218918,-0.25960689783096313,43,5,2,-22,32,16,0.015726148110489724
g3016.t1,A0ABN4ILH5,0.5073,19.2,1,234,4.996792984144962,159,21,54,35438.21875,0.19714266061782837,0.23393212258815765,0.529402494430542,0.379173219203949,0.1502292901277542,219,28,10,11,4,33,26,7,0.452991452991453,0.025766322389245033,0.011893670074641705,0.13492220640182495,0.24425102770328522,0.015123623423278332,0.0,0.013222298584878445,0.03104054182767868,0.06905704736709595,0.0064103733748197556,,0.02894674427807331,0.032782889902591705,0.055186592042446136,0.12416601181030273,0.039522670209407806,0.022335955873131752,0.010197272524237633,0.127893328666687,0.007281405385583639,1,188,4.723498911969119,145,21,22,30462.345703125,0.2862614393234253,0.16648192703723907,0.5311902165412903,0.3434109389781952,0.18777932226657867,189,24,0,0,-1,23,23,0,0.4787234042553192,0.01482868380844593,0.008261695504188538,0.12976601719856262,0.21364490687847137,0.03475639969110489,,0.061134010553359985,0.050829123705625534,0.0,,0.0006274579791352153,0.013557652942836285,0.10697802156209946,0.03502299636602402,0.08715246617794037,0.01606631651520729,0.013768495991826057,0.0032834941521286964,0.17401081323623657,0.036311376839876175,46,0.273294072175843,14,0,32,4975.873046875,-0.08911877870559692,0.06745019555091858,-0.001787722110748291,30,4,10,11,5,7,-0.025731951263866182
