incendi_protein,ortholog_accession,alntmscore,pident,incendi_num_chains,incendi_num_residues,incendi_rg_nm,incendi_helix_num,incendi_strand_num,incendi_coil_num,incendi_total_sasa_A2,incendi_frac_sasa_hydrophobic,incendi_frac_sasa_polar,incendi_frac_sasa_charged,incendi_frac_sasa_pos,incendi_frac_sasa_neg,incendi_num_hbonds,incendi_num_salt_bridges,incendi_num_disulfides,incendi_num_pipi,incendi_net_charge,incendi_num_exposed_pos,incendi_num_exposed_neg,incendi_surface_net_charge,incendi_highly_exposed_frac,incendi_frac_sasa_GLU,incendi_frac_sasa_ASP,incendi_frac_sasa_LEU,incendi_frac_sasa_CYS,incendi_frac_sasa_MET,incendi_frac_sasa_GLY,incendi_frac_sasa_PRO,incendi_frac_sasa_ILE,incendi_frac_sasa_GLN,incendi_frac_sasa_HIS,incendi_frac_sasa_ALA,incendi_frac_sasa_TRP,incendi_frac_sasa_THR,incendi_frac_sasa_ASN,incendi_frac_sasa_VAL,incendi_frac_sasa_TYR,incendi_frac_sasa_LYS,incendi_frac_sasa_ARG,ortholog_num_chains,ortholog_num_residues,ortholog_rg_nm,ortholog_helix_num,ortholog_strand_num,ortholog_coil_num,ortholog_total_sasa_A2,ortholog_frac_sasa_hydrophobic,ortholog_frac_sasa_polar,ortholog_frac_sasa_charged,ortholog_frac_sasa_pos,ortholog_frac_sasa_neg,ortholog_num_hbonds,ortholog_num_salt_bridges,ortholog_num_disulfides,ortholog_num_pipi,ortholog_net_charge,ortholog_num_exposed_pos,ortholog_num_exposed_neg,ortholog_surface_net_charge,ortholog_highly_exposed_frac,ortholog_frac_sasa_ASP,ortholog_frac_sasa_LEU,ortholog_frac_sasa_LYS,ortholog_frac_sasa_ILE,ortholog_frac_sasa_HIS,ortholog_frac_sasa_CYS,ortholog_frac_sasa_MET,ortholog_frac_sasa_GLY,ortholog_frac_sasa_PRO,ortholog_frac_sasa_GLN,ortholog_frac_sasa_SER,ortholog_frac_sasa_THR,ortholog_frac_sasa_ASN,ortholog_frac_sasa_VAL,ortholog_frac_sasa_PHE,ortholog_frac_sasa_ARG,ortholog_frac_sasa_GLU,ortholog_frac_sasa_TRP,ortholog_frac_sasa_ALA,ortholog_frac_sasa_TYR,incendi_frac_sasa_SER,incendi_frac_sasa_PHE,diff_num_residues,diff_rg_nm,diff_helix_num,diff_strand_num,diff_coil_num,diff_total_sasa_A2,diff_frac_sasa_hydrophobic,diff_frac_sasa_polar,diff_frac_sasa_charged,diff_num_hbonds,diff_num_salt_bridges,diff_num_disulfides,diff_num_pipi,diff_net_charge,diff_surface_net_charge,diff_highly_exposed_frac
g11501.t1,g16889.t1,1.009,79.4,1,73,1.1535497828751045,15,28,30,12046.9111328125,0.19458751380443573,0.2072584629058838,0.5568488836288452,0.4152238965034485,0.14162495732307434,62,5,0,63,2,11,6,5,0.3561643835616438,0.08273058384656906,0.058894380927085876,0.06111893057823181,0.0,0.04919925704598427,0.03300269693136215,0.0,0.0002678318414837122,0.0073903934098780155,0.041305165737867355,0.0,0.04285309091210365,0.03761773928999901,0.04327085614204407,0.04114840552210808,0.08597677201032639,0.2067050188779831,0.2085188925266266,1,73,1.145372525502532,15,28,30,11869.9990234375,0.19563965499401093,0.26455721259117126,0.5162579417228699,0.3549916446208954,0.1612662523984909,61,5,0,67,1,10,6,4,0.3698630136986301,0.08556270599365234,0.05801447480916977,0.1915024071931839,0.0070364284329116344,0.023545270785689354,0.0,0.05292239040136337,0.03319176658987999,0.0010872945422306657,0.018128443509340286,0.029985656961798668,0.004892825148999691,0.09428787976503372,0.0,0.0,0.16348925232887268,0.07570354640483856,0.044850900769233704,0.031728148460388184,0.08407066017389297,,,0,0.008177257372572466,0,0,0,176.912109375,-0.0010521411895751953,-0.057298749685287476,0.04059094190597534,1,0,0,-4,1,1,-0.0136986301369863
g8493.t1,g16007.t1,1.005,76.1,1,84,1.6795799888167362,16,22,46,16616.44921875,0.17470771074295044,0.22530262172222137,0.5558737516403198,0.26090794801712036,0.29496583342552185,56,3,1,15,0,9,8,1,0.36904761904761907,0.23723730444908142,0.057728540152311325,0.056068092584609985,0.0,0.026214009150862694,0.016667697578668594,0.0,0.0007767113856971264,0.10984930396080017,0.04411598667502403,0.0,,0.008495127782225609,0.06331869959831238,0.01786435954272747,0.00893218070268631,0.13497506082057953,0.12593287229537964,1,84,1.6808928497402398,16,22,46,16778.42578125,0.21937450766563416,0.11471501737833023,0.6245952248573303,0.3223293721675873,0.3022659420967102,57,2,1,7,1,10,7,3,0.39285714285714285,0.017882997170090675,0.05534328147768974,0.2549826502799988,0.001153819728642702,0.041315238922834396,0.0,0.024863647297024727,0.020510084927082062,0.0,0.043857865035533905,0.0009395952802151442,0.0329308807849884,0.015515078790485859,0.02057645097374916,0.07815223187208176,0.0673467218875885,0.2843829393386841,,0.03928505629301071,0.0009615163435228169,0.018039612099528313,0.07378454506397247,0,-0.0013128609235035782,0,0,0,-161.9765625,-0.044666796922683716,0.11058760434389114,-0.0687214732170105,-1,1,0,8,-1,-2,-0.02380952380952378
g9275.t1,g1155.t2,1.005,87.4,1,143,2.2094791523677535,33,41,69,20855.189453125,0.2159562110900879,0.23212751746177673,0.527164101600647,0.43795454502105713,0.08920956403017044,102,11,0,42,20,26,7,19,0.3706293706293706,0.060333285480737686,0.028876278549432755,0.0652707889676094,0.0,0.07143107056617737,0.032685570418834686,0.041669923812150955,0.022429700940847397,0.047784965485334396,0.024752099066972733,0.014852344058454037,0.0,0.035008322447538376,0.056135017424821854,0.0,0.02286769077181816,0.22576434910297394,0.2121901959180832,1,143,2.2200217188994293,37,41,65,21044.427734375,0.22901380062103271,0.21222957968711853,0.5340672731399536,0.4409979283809662,0.0930694192647934,104,11,0,59,21,26,7,19,0.3706293706293706,0.02714632824063301,0.06361061334609985,0.22382871806621552,0.026311736553907394,0.02468925155699253,,0.0686722919344902,0.02754131890833378,0.039915334433317184,0.04931344836950302,0.06899348646402359,0.0,0.04191087186336517,0.0,0.0002996504190377891,0.21716918051242828,0.06592309474945068,0.0,0.030204178765416145,0.02447044663131237,0.037645962089300156,0.000302369415294379,0,-0.010542566531675845,-4,0,4,-189.23828125,-0.013057589530944824,0.019897937774658203,-0.006903171539306641,-2,0,0,-17,-1,0,0.0
g8749.t1,g7607.t1,1.004,76.0,1,172,1.4744341612294183,23,56,93,15771.875,0.20759722590446472,0.13824602961540222,0.6541568040847778,0.49790364503860474,0.1562531292438507,164,21,6,144,4,22,10,12,0.2441860465116279,0.08307071775197983,0.07318239659070969,0.0256040021777153,0.0,0.07314082235097885,0.023813478648662567,0.05049761012196541,0.029203053563833237,0.0,0.0,0.005932702217251062,0.014320316724479198,0.0179047379642725,0.08258930593729019,0.004807214718312025,0.003445143112912774,0.35924601554870605,0.1386576145887375,1,171,1.4555531705580629,23,55,93,15218.955078125,0.26861733198165894,0.22051814198493958,0.5108644366264343,0.3852185010910034,0.12564601004123688,163,13,2,137,3,17,8,9,0.2807017543859649,0.04269736632704735,0.0236179418861866,0.3450765907764435,0.0068464395590126514,0.0,0.0,0.07714390009641647,0.04528079926967621,0.060311220586299896,0.03729265183210373,0.08096522092819214,0.034277692437171936,0.018929127603769302,0.034297022968530655,0.006572260055691004,0.04014192149043083,0.08294863998889923,0.015052596107125282,0.04477594792842865,0.0037726496811956167,0.010493364185094833,0.004091519396752119,1,0.018880990671355402,0,1,0,552.919921875,-0.061020106077194214,-0.08227211236953735,0.1432923674583435,1,8,4,7,1,3,-0.036515707874337
g12123.t1,g10067.t1,1.004,93.8,1,188,2.6794486177425423,61,31,96,30202.45703125,0.36847934126853943,0.23715999722480774,0.3160320222377777,0.16757157444953918,0.14846044778823853,136,13,1,215,-2,14,12,2,0.3829787234042553,0.03800952434539795,0.11045092344284058,0.09930583089590073,0.0,0.09796126186847687,0.013282856903970242,0.024563726037740707,0.0,0.061567701399326324,0.07832864671945572,0.021523425355553627,0.0,0.09162453562021255,0.027030061930418015,0.0054483599960803986,0.0,0.09010542184114456,0.07746615260839462,1,147,1.5775901356771087,54,31,62,15962.79296875,0.22426550090312958,0.14423494040966034,0.5917777419090271,0.3128572404384613,0.2789205312728882,126,11,1,175,-3,13,11,2,0.3129251700680272,0.15023697912693024,0.011314625851809978,0.21632733941078186,0.0,0.03972175344824791,0.0,0.08925242722034454,0.00747878011316061,0.024255501106381416,0.050888434052467346,0.02727632224559784,0.02291306108236313,0.03567836061120033,0.009500071406364441,0.026272185146808624,0.09652990102767944,0.12868352234363556,0.0,0.06367069482803345,0.0,0.04365483671426773,0.11967670172452927,41,1.1018584820654336,7,0,34,14239.6640625,0.14421384036540985,0.0929250568151474,-0.2757457196712494,10,2,0,40,1,0,0.07005355333622809
g16570.t1,g8731.t1,1.003,86.4,1,148,1.9196067995034243,79,0,69,19365.67578125,0.1566627472639084,0.2616055905818939,0.5548286437988281,0.48765087127685547,0.06717776507139206,113,7,0,38,17,20,7,13,0.30405405405405406,0.03810206428170204,0.02907569520175457,0.0009996696608141065,0.0,0.00016281309945043176,0.014116404578089714,0.021648112684488297,0.05548166483640671,0.04064694419503212,0.026903046295046806,0.05762325972318649,0.017081784084439278,0.07076434046030045,0.008008714765310287,0.0003332232008688152,0.06242356449365616,0.30876603722572327,0.1788848340511322,1,151,1.914874842456149,79,0,72,19147.037109375,0.18615883588790894,0.25180160999298096,0.5591747164726257,0.4584897756576538,0.10068495571613312,116,6,1,38,17,22,8,14,0.31125827814569534,0.030265646055340767,0.0011795989703387022,0.37396857142448425,0.032001793384552,0.0028647403232753277,0.0,0.019976627081632614,0.012282322160899639,0.03690459206700325,0.004132737871259451,0.09939884394407272,0.07073367387056351,0.0018113949336111546,0.0001685141323832795,0.0372416228055954,0.08452121913433075,0.0704193189740181,0.021499305963516235,0.03718677908182144,0.063442662358284,0.06564563512802124,0.00333223189227283,-3,0.004731957047275248,0,0,-3,218.638671875,-0.02949608862400055,0.009803980588912964,-0.004346072673797607,-3,1,-1,0,0,-1,-0.007204224091641287
g11479.t1,g6794.t1,1.002,76.0,1,281,2.330517654540377,53,86,142,31332.375,0.25071844458580017,0.23203732073307037,0.49085092544555664,0.44757992029190063,0.0432710237801075,199,25,2,61,32,31,6,25,0.26334519572953735,0.03803824633359909,0.005232775118201971,0.07971608638763428,0.0,0.056067679077386856,0.01617160066962242,0.04448650777339935,0.011701932176947594,0.1279108226299286,0.026393229141831398,0.02830422669649124,0.003668042365461588,0.028523623943328857,0.01605161838233471,0.0267739649862051,0.00888865627348423,0.26364439725875854,0.1839355081319809,1,264,2.0221861587976755,53,88,123,25023.5625,0.2847388982772827,0.1520548313856125,0.5295631885528564,0.45764288306236267,0.07192033529281616,200,26,1,46,23,27,8,19,0.23484848484848486,0.04609019309282303,0.06850806623697281,0.33002740144729614,0.017770245671272278,0.03364301472902298,0.0,0.06281525641679764,0.026253044605255127,0.038808099925518036,0.038917988538742065,0.005470942705869675,0.02571123093366623,0.03244653716683388,0.029843198135495186,0.004641851410269737,0.12761551141738892,0.025830140337347984,0.0,0.06235218420624733,0.023255079984664917,0.03449101001024246,0.0,17,0.30833149574270147,0,-2,19,6308.8125,-0.034020453691482544,0.07998248934745789,-0.038712263107299805,-1,-1,1,15,9,6,0.02849671088105249
g7479.t2,g15525.t2,1.001,80.2,1,192,1.6386317911069535,104,23,65,17331.380859375,0.19094640016555786,0.40771400928497314,0.3921232223510742,0.276321679353714,0.11580157279968262,194,14,0,339,0,16,14,2,0.2604166666666667,0.09775718301534653,0.018044382333755493,0.0,0.0,0.03694372624158859,0.033391375094652176,0.09443321079015732,0.0,0.07464759051799774,0.00921634491533041,0.0012989308452233672,0.0,0.07742227613925934,0.1947356015443802,0.00037233575130812824,0.019131679087877274,0.244684636592865,0.0316370464861393,1,192,1.6350253157484542,102,23,67,17536.689453125,0.16247402131557465,0.2718733251094818,0.5477163195610046,0.31785136461257935,0.22986498475074768,186,8,0,326,-3,16,17,-1,0.23958333333333334,0.1300249546766281,0.0,0.2929333448410034,0.0005519650294445455,0.017936386168003082,0.0,0.03337712958455086,0.026714906096458435,0.05904347077012062,0.03481018915772438,0.03989017754793167,0.03635361045598984,0.11840367317199707,0.0,0.05740436166524887,0.02491804026067257,0.09984001517295837,0.0,0.012097088620066643,0.015700776129961014,0.008385459892451763,0.05789820849895477,0,0.003606475358499228,2,0,-2,-205.30859375,0.028472378849983215,0.13584068417549133,-0.15559309720993042,8,6,0,13,3,3,0.020833333333333343
g7398.t1,g12448.t1,1.001,89.8,1,119,1.4226617985513614,36,26,57,14764.744140625,0.1353181153535843,0.14495691657066345,0.6032256484031677,0.3185387849807739,0.2846868336200714,98,16,0,63,4,14,12,2,0.33613445378151263,0.2107286900281906,0.0739581435918808,0.009178278967738152,,0.027097776532173157,0.011497417464852333,0.06572715938091278,0.0,0.0338364876806736,0.1164993867278099,0.026758991181850433,,0.005244730971753597,0.03558206558227539,0.006337383296340704,0.03579210117459297,0.2265097051858902,0.09202907979488373,1,120,1.4274997277023478,36,26,58,14733.7099609375,0.18952274322509766,0.2126225084066391,0.5651602745056152,0.30462488532066345,0.260535329580307,91,14,0,71,3,14,12,2,0.3416666666666667,0.08603790402412415,0.008968636393547058,0.29259464144706726,0.0,0.03269452601671219,,0.027592835947871208,0.011341898702085018,0.03512270748615265,0.046827975660562515,0.06051858514547348,0.03810439258813858,0.022769097238779068,0.010073574259877205,0.07747074216604233,0.012030269019305706,0.17449744045734406,,0.03029424138367176,0.033060550689697266,0.023004114627838135,0.0002185304620070383,-1,-0.004837929150986353,0,0,-1,31.0341796875,-0.05420462787151337,-0.06766559183597565,0.03806537389755249,7,2,0,-8,1,0,-0.005532212885154042
g7755.t1,g6315.t1,1.001,85.9,1,445,2.267878742323239,209,68,168,27515.828125,0.17512159049510956,0.2953236401081085,0.512191653251648,0.29932257533073425,0.2128690630197525,441,46,17,73,-2,32,22,10,0.16404494382022472,0.18063469231128693,0.032234370708465576,0.03176946938037872,0.0,0.07359686493873596,0.030708031728863716,0.036950357258319855,0.01538457628339529,0.0929129496216774,0.017363158985972404,0.006880631670355797,0.003506694221869111,0.042631275951862335,0.05830985680222511,0.007033014204353094,0.05120289325714111,0.21959297358989716,0.07972957193851471,1,481,2.5976432803296596,209,68,204,37771.2109375,0.2719144821166992,0.21394246816635132,0.4969727694988251,0.3413144648075104,0.1556583046913147,436,35,20,92,-1,33,21,12,0.20166320166320167,0.04588501527905464,0.029298020526766777,0.2518268823623657,0.034170784056186676,0.017170382663607597,0.0,0.09264136105775833,0.024360451847314835,0.03357893228530884,0.03617964684963226,0.039539165794849396,0.031151480972766876,0.055381469428539276,0.011871907860040665,0.00826854445040226,0.08948756009340286,0.10977328568696976,0.025602661073207855,0.03648225590586662,0.02733026258647442,0.019558602944016457,0.0,-36,-0.3297645380064207,0,0,-36,-10255.3828125,-0.09679289162158966,0.0813811719417572,0.015218883752822876,5,11,-3,-19,-1,-2,-0.037618257842976954
g7479.t2,g15525.t1,1.0,80.2,1,192,1.6386317911069535,104,23,65,17331.380859375,0.19094640016555786,0.40771400928497314,0.3921232223510742,0.276321679353714,0.11580157279968262,194,14,0,339,0,16,14,2,0.2604166666666667,0.09775718301534653,0.018044382333755493,0.0,0.0,0.03694372624158859,0.033391375094652176,0.09443321079015732,0.0,0.07464759051799774,0.00921634491533041,0.0012989308452233672,0.0,0.07742227613925934,0.1947356015443802,0.00037233575130812824,0.019131679087877274,0.244684636592865,0.0316370464861393,1,197,1.644864121173505,105,23,69,17595.78515625,0.17976872622966766,0.28255584836006165,0.5203494429588318,0.31871846318244934,0.20163093507289886,187,8,0,327,-2,16,17,-1,0.233502538071066,0.11717819422483444,0.024149971082806587,0.2931610941886902,0.0005501112318597734,0.017326034605503082,0.0,0.028605781495571136,0.025179125368595123,0.059028543531894684,0.040450338274240494,0.03885189816355705,0.03364342823624611,0.1278870552778244,0.0,0.05592796951532364,0.025557372719049454,0.08445275574922562,0.0,0.01150634977966547,0.01654399372637272,0.008385459892451763,0.05789820849895477,-5,-0.006232330066551439,-1,0,-4,-264.404296875,0.011177673935890198,0.1251581609249115,-0.12822622060775757,7,6,0,12,2,3,0.02691412859560069
g8222.t1,g928.t1,1.0,87.2,1,392,2.258954131961477,182,80,130,25874.578125,0.10449530929327011,0.18441170454025269,0.6857633590698242,0.35784879326820374,0.32791462540626526,361,59,7,339,-2,31,31,0,0.18622448979591838,0.1796286404132843,0.14828595519065857,0.027433883398771286,0.0,0.005384807009249926,0.02897600829601288,0.014091040939092636,0.014329067431390285,0.04289480671286583,0.02532966062426567,0.007717152126133442,0.0,0.031096933409571648,0.053328439593315125,0.018829621374607086,0.022118965163826942,0.2494867891073227,0.10836198180913925,1,392,2.2499688565143967,172,80,140,25790.6796875,0.12227009981870651,0.18071162700653076,0.6867649555206299,0.35584136843681335,0.33092358708381653,365,57,5,346,-3,29,29,0,0.1913265306122449,0.17953653633594513,0.0301642045378685,0.24041402339935303,0.013753007166087627,0.010253388434648514,0.0,0.01379864290356636,0.03204188868403435,0.013511354103684425,0.03836740925908089,0.01614062860608101,0.04140252619981766,0.034235842525959015,0.01951639913022518,0.014887510798871517,0.11542734503746033,0.1513870507478714,0.0,0.0166389811784029,0.018523331731557846,0.005996556021273136,0.01670973002910614,0,0.008985275447080276,10,0,-10,83.8984375,-0.0177747905254364,0.003700077533721924,-0.001001596450805664,-4,2,2,-7,1,0,-0.0051020408163265085
g8272.t1,g11780.t1,1.0,72.2,1,105,1.2689113732412907,42,29,34,12866.880859375,0.22228989005088806,0.17020253837108612,0.606504499912262,0.36402755975723267,0.24247688055038452,94,11,1,102,-2,14,12,2,0.3523809523809524,0.22845207154750824,0.014024828560650349,0.0,0.0,0.06749023497104645,0.01902945339679718,0.0599096454679966,0.005636072717607021,0.015299538150429726,0.0010030546691268682,0.013671944849193096,0.04448729380965233,0.0944204181432724,0.04145314171910286,0.0,0.0,0.36402755975723267,,1,105,1.2486434600740752,43,30,32,12365.724609375,0.3022482693195343,0.18463420867919922,0.5092036724090576,0.29916492104530334,0.21003876626491547,92,13,6,74,-2,14,10,4,0.38095238095238093,0.06111384928226471,0.0,0.29916492104530334,0.0,0.00391389848664403,0.0,0.08037455379962921,0.0070331203751266,0.022439682856202126,0.0,0.0,0.08446042239665985,0.09314065426588058,0.033913690596818924,0.0,,0.14892491698265076,0.0452415905892849,0.1202787458896637,,0.0,0.031094692647457123,0,0.020267913167215434,-1,-1,2,501.15625,-0.07995837926864624,-0.014431670308113098,0.09730082750320435,2,-2,-5,28,0,-2,-0.028571428571428525
g8272.t1,g2093.t1,0.9998,72.2,1,105,1.2689113732412907,42,29,34,12866.880859375,0.22228989005088806,0.17020253837108612,0.606504499912262,0.36402755975723267,0.24247688055038452,94,11,1,102,-2,14,12,2,0.3523809523809524,0.22845207154750824,0.014024828560650349,0.0,0.0,0.06749023497104645,0.01902945339679718,0.0599096454679966,0.005636072717607021,0.015299538150429726,0.0010030546691268682,0.013671944849193096,0.04448729380965233,0.0944204181432724,0.04145314171910286,0.0,0.0,0.36402755975723267,,1,105,1.2472332883473565,43,30,32,12435.01171875,0.3026375472545624,0.18257743120193481,0.5103740096092224,0.2974722981452942,0.21290169656276703,94,12,6,75,-2,14,10,4,0.38095238095238093,0.061510343104600906,0.0,0.2974722981452942,0.0,0.0044110361486673355,0.0,0.08198922872543335,0.006999847013503313,0.022314652800559998,0.0,0.0,0.08475048840045929,0.0908271074295044,0.032173801213502884,0.0,,0.15139135718345642,0.0444754995405674,0.12168434262275696,,0.0,0.031094692647457123,0,0.02167808489393419,-1,-1,2,431.869140625,-0.08034765720367432,-0.012374892830848694,0.09613049030303955,0,-1,-5,27,0,-2,-0.028571428571428525
g15457.t1,g2458.t1,0.9996,81.4,1,113,1.4592481058269784,12,59,42,15725.140625,0.2946751117706299,0.23829509317874908,0.45361554622650146,0.31156373023986816,0.1420518457889557,84,12,10,55,6,13,8,5,0.2831858407079646,0.12721438705921173,0.014837447553873062,0.0,0.0012030362850055099,0.09496618062257767,0.013720009475946426,0.030572406947612762,0.04558761417865753,0.12827986478805542,0.013414262793958187,0.011476267129182816,0.05836592987179756,0.0065658860839903355,0.025867611169815063,0.017183994874358177,0.015948213636875153,0.1142096146941185,0.19735410809516907,1,113,1.456236635386394,9,57,47,15503.6015625,0.32835647463798523,0.1999761164188385,0.44928881525993347,0.3132423162460327,0.13604648411273956,83,12,6,72,6,12,7,5,0.30973451327433627,0.013905156403779984,0.0,0.10687530040740967,0.027844829484820366,0.0223785899579525,0.0018303405959159136,0.1056058332324028,0.013484000228345394,0.025598255917429924,0.016204526647925377,0.05192803591489792,0.02397063374519348,0.05944574624300003,0.004880908410996199,0.03496347367763519,0.20636703073978424,0.12214133143424988,0.0325562059879303,0.09690693765878677,0.03311285376548767,0.046710483729839325,0.03652273863554001,0,0.003011470440584363,3,2,-5,221.5390625,-0.03368136286735535,0.038318976759910583,0.004326730966567993,1,0,4,-17,0,0,-0.026548672566371667
g9632.t1,g9252.t1,0.9995,73.8,1,149,1.610963471187802,53,27,69,16667.53515625,0.21633310616016388,0.19649150967597961,0.5654603242874146,0.32735496759414673,0.2381054013967514,126,8,1,119,1,16,13,3,0.28187919463087246,0.15081267058849335,0.08729271590709686,0.04083270952105522,0.0058816964738070965,0.09847215563058853,0.0005697040469385684,0.019551850855350494,0.0,0.08182589709758759,0.021715018898248672,0.05168657377362251,0.0,0.0021294094622135162,0.03870841860771179,0.005789827089756727,0.009339910000562668,0.19714440405368805,0.1302105337381363,1,149,1.5959897508457281,52,26,71,16420.984375,0.2457953840494156,0.25107112526893616,0.5021511316299438,0.33156412839889526,0.1705869734287262,127,10,0,87,1,16,12,4,0.2751677852348993,0.12968894839286804,0.022989237681031227,0.2800139784812927,0.00235787034034729,0.0009824460139498115,0.0,0.10098284482955933,0.0007747470517642796,0.019059453159570694,0.1678677350282669,0.009216458536684513,0.011110292747616768,0.062101881951093674,0.053052086383104324,0.0009824460139498115,0.05155014246702194,0.04089803621172905,0.0,0.0463714525103569,0.0,0.05803646892309189,0.0,0,0.014973720342073893,1,1,-2,246.55078125,-0.02946227788925171,-0.05457961559295654,0.0633091926574707,-1,-2,1,32,0,-1,0.006711409395973145
g7479.t1,g15525.t2,0.9991,80.2,1,196,1.6664771428489458,104,23,69,17998.828125,0.25062841176986694,0.38030195236206055,0.36745625734329224,0.2674902379512787,0.09996604919433594,190,14,0,354,1,15,12,3,0.23979591836734693,0.08292480558156967,0.017041238024830818,0.05931730940937996,0.0,0.03566126525402069,0.026258522644639015,0.09076026827096939,0.0,0.06923211365938187,0.0016133782919496298,0.0010714984964579344,0.0,0.07247363775968552,0.17541499435901642,0.0005377927445806563,0.019799120724201202,0.24302928149700165,0.024460917338728905,1,192,1.6350253157484542,102,23,67,17536.689453125,0.16247402131557465,0.2718733251094818,0.5477163195610046,0.31785136461257935,0.22986498475074768,186,8,0,326,-3,16,17,-1,0.23958333333333334,0.1300249546766281,0.0,0.2929333448410034,0.0005519650294445455,0.017936386168003082,0.0,0.03337712958455086,0.026714906096458435,0.05904347077012062,0.03481018915772438,0.03989017754793167,0.03635361045598984,0.11840367317199707,0.0,0.05740436166524887,0.02491804026067257,0.09984001517295837,0.0,0.012097088620066643,0.015700776129961014,0.017123540863394737,0.06328027695417404,4,0.03145182710049155,2,0,2,462.138671875,0.0881543904542923,0.10842862725257874,-0.1802600622177124,4,6,0,28,4,4,0.00021258503401358486
g10520.t1,g8258.t1,0.9986,95.4,1,375,2.1760859970077844,166,74,135,25400.98828125,0.22010527551174164,0.28134486079216003,0.4682852625846863,0.15146516263484955,0.31682008504867554,362,42,1,193,-12,17,24,-7,0.184,0.20016498863697052,0.11665509641170502,0.007485753390938044,0.0,0.0739770159125328,0.045027971267700195,0.022644702345132828,0.0007621466065756977,0.0853358656167984,0.030264632776379585,0.04349618777632713,0.00012702443927992135,0.094855897128582,0.007590104825794697,0.06754764169454575,0.012580414302647114,0.09816912561655045,0.05329602584242821,1,375,2.1740407314246304,168,74,133,25093.28515625,0.15850096940994263,0.29037266969680786,0.5082860589027405,0.15615075826644897,0.3521353006362915,355,43,1,196,-12,17,25,-8,0.19466666666666665,0.16647276282310486,0.008477620780467987,0.09723640978336334,0.000514328246936202,0.042840249836444855,0.0,0.014362094923853874,0.047611054033041,0.04537147656083107,0.0919029489159584,0.024624986574053764,0.10696572065353394,0.00818138848990202,0.05516130104660988,0.004243208095431328,0.05891435965895653,0.18566252291202545,0.000257164123468101,0.03011378087103367,0.011086566373705864,0.035954613238573074,0.004064782056957483,0,0.002045265583153988,-2,0,2,307.703125,0.06160430610179901,-0.009027808904647827,-0.0400007963180542,7,-1,0,-3,0,1,-0.010666666666666658
g10348.t1,g2601.t1,0.9982,86.3,1,457,2.322175997576103,202,80,175,31105.2734375,0.2136250138282776,0.19624723494052887,0.5576193332672119,0.2898883521556854,0.2677309513092041,440,57,62,404,-17,28,33,-5,0.16630196936542668,0.20507319271564484,0.06265775859355927,0.009128228761255741,0.0,0.026599738746881485,0.015075655654072762,0.04921020194888115,0.01140555739402771,0.020630866289138794,0.03250839188694954,0.031146368011832237,0.008379648439586163,0.024873562157154083,0.0805250033736229,0.012343854643404484,0.02709617279469967,0.22965434193611145,0.06023404002189636,1,447,2.177135328697243,201,78,168,27829.2890625,0.19938385486602783,0.27255624532699585,0.5077345967292786,0.2791529893875122,0.22858163714408875,441,56,52,409,-16,22,29,-7,0.15212527964205816,0.09022701531648636,0.012173768132925034,0.1925443857908249,0.008808847516775131,0.02032526768743992,0.0,0.030779452994465828,0.019024115055799484,0.03430786356329918,0.08893566578626633,0.06438380479812622,0.028789924457669258,0.04045971482992172,0.01391287986189127,0.07004676014184952,0.08660860359668732,0.13835462927818298,0.011760742403566837,0.017593540251255035,0.030962996184825897,0.02804596908390522,0.06541140377521515,10,0.14504066887886014,1,2,7,3275.984375,0.014241158962249756,-0.07630901038646698,0.04988473653793335,-1,1,10,-5,-1,2,0.014176689723368524
g10690.t1,g8380.t1,0.9977,77.4,1,187,2.1213994932845908,39,81,67,21746.30859375,0.17932699620723724,0.06933891773223877,0.7138857245445251,0.606195330619812,0.10769044607877731,137,20,1,45,20,32,7,25,0.2620320855614973,0.06209946796298027,0.04559096321463585,0.014085204340517521,0.0,0.05657052993774414,0.011864127591252327,0.036586564034223557,0.019585121423006058,0.04336528480052948,0.03744833916425705,0.007576662115752697,0.029343824833631516,0.002626724075525999,0.007858047261834145,0.01394698116928339,0.0,0.3343316614627838,0.2718636393547058,1,186,2.115031551217849,39,80,67,21370.99609375,0.17805162072181702,0.13462989032268524,0.6478703022003174,0.4898005425930023,0.15806977450847626,152,25,1,41,13,27,9,18,0.25268817204301075,0.07098237425088882,0.012826230376958847,0.2329467386007309,0.029893606901168823,0.03944819048047066,0.0,0.05669330433011055,0.011018509976565838,0.032925982028245926,0.027992162853479385,0.02816603146493435,0.002841041889041662,0.06446462124586105,0.008605735376477242,0.0012078224681317806,0.2568538188934326,0.08708739280700684,0.029702432453632355,0.006196501199156046,0.00014753574214410037,0.0036247367970645428,0.0016320934519171715,1,0.006367942066741961,0,1,0,375.3125,0.001275375485420227,-0.06529097259044647,0.06601542234420776,-15,-5,0,4,7,7,0.009343913518486568
g1275.t1,g3218.t1,0.9975,80.5,1,349,2.1422740814549726,36,162,151,25549.08203125,0.2141849398612976,0.21629486978054047,0.5693963766098022,0.3353751301765442,0.23402121663093567,340,38,83,265,-2,31,22,9,0.18624641833810887,0.18323104083538055,0.05079018697142601,0.031451109796762466,0.00037022691685706377,0.08827788382768631,0.0,0.023472318425774574,0.011853810399770737,0.07348886132240295,0.00012388653703965247,0.014990860596299171,0.021780606359243393,0.04390062391757965,0.06028947979211807,0.02235836535692215,0.028438767418265343,0.1498187929391861,0.1855563074350357,1,350,2.148204208577565,35,165,150,25838.130859375,0.2008625566959381,0.21724773943424225,0.5803983211517334,0.3246630132198334,0.2557353079319,336,27,72,275,-2,31,24,7,0.18,0.0979241132736206,0.034039340913295746,0.20336586236953735,0.02307308278977871,0.0014913802733644843,0.0002440568059682846,0.07417365163564682,0.009299781173467636,0.0064821308478713036,0.07208345085382462,0.021517639979720116,0.03488500043749809,0.06648984551429749,0.03468688204884529,0.004495513159781694,0.12129715830087662,0.15781119465827942,0.021664196625351906,0.002247756812721491,0.012727964669466019,0.009806891903281212,0.0,-1,-0.0059301271225926655,1,-3,1,-289.048828125,0.013322383165359497,-0.0009528696537017822,-0.011001944541931152,4,11,11,-10,0,2,0.006246418338108878
g4920.t2,g8258.t1,0.9973,95.4,1,375,2.1765045700415944,164,74,137,25467.02734375,0.22058700025081635,0.2903071641921997,0.45907530188560486,0.1551227569580078,0.30395254492759705,357,44,1,194,-12,15,24,-9,0.18933333333333333,0.19961456954479218,0.10433798283338547,0.008347430266439915,0.0,0.07227201014757156,0.04467226564884186,0.022467952221632004,0.0013936455361545086,0.10629723966121674,0.030030544847249985,0.045396074652671814,0.0,0.08734250068664551,0.008434658870100975,0.06830267608165741,0.011790509335696697,0.09852875769138336,0.05659398436546326,1,375,2.1740407314246304,168,74,133,25093.28515625,0.15850096940994263,0.29037266969680786,0.5082860589027405,0.15615075826644897,0.3521353006362915,355,43,1,196,-12,17,25,-8,0.19466666666666665,0.16647276282310486,0.008477620780467987,0.09723640978336334,0.000514328246936202,0.042840249836444855,0.0,0.014362094923853874,0.047611054033041,0.04537147656083107,0.0919029489159584,0.024624986574053764,0.10696572065353394,0.00818138848990202,0.05516130104660988,0.004243208095431328,0.05891435965895653,0.18566252291202545,0.000257164123468101,0.03011378087103367,0.011086566373705864,0.03176998347043991,0.002407205756753683,0,0.002463838616963976,-4,0,4,373.7421875,0.06208603084087372,-6.55055046081543e-05,-0.04921075701713562,2,1,0,-2,0,-1,-0.005333333333333329
g17828.t1,g7310.t1,0.9967,79.7,1,350,2.0061134840051293,149,57,144,22926.57421875,0.16255256533622742,0.2272518277168274,0.5911124348640442,0.43749895691871643,0.15361353754997253,343,69,18,265,2,32,20,12,0.1657142857142857,0.08843888342380524,0.0651746317744255,0.019414860755205154,0.0,0.05790165439248085,0.025430241599678993,0.06220117211341858,0.00014073390047997236,0.05220900475978851,0.01908307708799839,0.003364779520779848,0.003911109641194344,0.011233043856918812,0.10086952149868011,0.011821647174656391,0.023146413266658783,0.3301481604576111,0.10735081136226654,1,346,1.9813986834470259,146,59,141,22403.265625,0.21826386451721191,0.2762673497200012,0.4837506115436554,0.3019165098667145,0.1818341165781021,349,65,18,280,-3,25,20,5,0.18786127167630057,0.10211040079593658,0.023907527327537537,0.22528871893882751,0.00014402125088963658,0.021718153730034828,0.0,0.06683368235826492,0.04553189501166344,0.07084532082080841,0.05746035277843475,0.03558831289410591,0.04586680233478546,0.06894779205322266,0.0004320637381169945,0.011629602871835232,0.07662778347730637,0.07972370088100433,0.002016297308728099,0.04245536029338837,0.022872205823659897,0.014363600872457027,0.003796606557443738,4,0.02471480055810349,3,-2,3,523.30859375,-0.0557112991809845,-0.04901552200317383,0.1073618233203888,-6,4,0,-15,5,7,-0.022146985962014865
g10564.t1,g3841.t1,0.9965,74.5,1,216,1.9539862031752204,89,52,75,21133.625,0.13286033272743225,0.1903979778289795,0.6272935271263123,0.5261198878288269,0.10117363929748535,162,13,2,94,19,31,10,21,0.24537037037037038,0.06698759645223618,0.034186046570539474,0.007633678615093231,0.00046387393376789987,0.06225648894906044,0.0051804594695568085,0.011297845281660557,0.0,0.10983113944530487,0.049448173493146896,0.024045372381806374,0.0,0.004274860490113497,0.033213190734386444,0.026100222021341324,0.0055584232322871685,0.43669259548187256,0.08942732959985733,1,216,1.9656071564631485,83,51,82,21312.86328125,0.10987887531518936,0.1678207963705063,0.6775034666061401,0.5742387175559998,0.10326475650072098,171,10,1,88,20,34,9,25,0.25462962962962965,0.021017571911215782,0.0048444680869579315,0.4854062795639038,0.0004541688540484756,0.04479688033461571,0.000306648580590263,0.066427081823349,0.004534785635769367,0.010438980534672737,0.01827256940305233,0.007221832871437073,0.03580686077475548,0.09557121247053146,0.007418091408908367,0.002119454788044095,0.08883240073919296,0.08224719017744064,0.0,0.01817663386464119,0.006106882356107235,0.03187601640820503,0.0015267357230186462,0,-0.011620953287928115,6,1,-7,-179.23828125,0.02298145741224289,0.022577181458473206,-0.05020993947982788,-9,3,1,6,-1,-4,-0.009259259259259273
g1831.t2,g11066.t1,0.9959,72.1,1,464,2.340615807481516,228,83,153,32746.9609375,0.16194161772727966,0.3193812072277069,0.5047740340232849,0.2172977477312088,0.2874763011932373,430,54,37,380,-23,24,34,-10,0.17025862068965517,0.193879634141922,0.09359666705131531,0.018819160759449005,0.0014955726219341159,0.024183576926589012,0.022558551281690598,0.021864594891667366,0.005517659708857536,0.09749510884284973,0.01390314381569624,0.016053592786192894,0.006794797722250223,0.03688766062259674,0.12444239854812622,0.034704580903053284,0.003562482539564371,0.11409833282232285,0.10319939255714417,1,443,2.128549632440211,215,84,144,26179.716796875,0.1443406343460083,0.15969862043857574,0.6770005822181702,0.25326067209243774,0.4237399399280548,418,47,25,406,-21,23,36,-13,0.14221218961625282,0.14193284511566162,0.009366697631776333,0.1054472029209137,0.0072687058709561825,0.018960164859890938,0.0016210984904319048,0.028204234316945076,0.008332963101565838,0.020335596054792404,0.06251747161149979,0.029389631003141403,0.010047167539596558,0.04429764300584793,0.0013557063648477197,0.03923680633306503,0.14781345427036285,0.2818070650100708,0.007638910319656134,0.030933981761336327,0.0034926498774439096,0.03293941915035248,0.03400364890694618,21,0.2120661750413051,13,-1,9,6567.244140625,0.017600983381271362,0.15968258678913116,-0.17222654819488525,12,7,12,-26,-2,3,0.02804643107340235
g11355.t1,g16250.t1,0.9957,77.4,1,220,1.9654968528649903,71,52,97,21077.068359375,0.1808115839958191,0.2630024552345276,0.5548344254493713,0.38975587487220764,0.1650785505771637,198,26,3,112,3,21,14,7,0.24545454545454545,0.05357879400253296,0.11149974912405014,0.0024493320379406214,0.0071318200789391994,0.07759951055049896,0.004129758104681969,0.08545439690351486,0.0,0.06190674751996994,0.0013515488244593143,0.013777492567896843,0.0,0.05743618682026863,0.06796625256538391,0.001530832494609058,0.041010912507772446,0.3454539477825165,0.04430197551846504,1,217,1.9577587226275883,66,49,102,20437.30859375,0.1874767243862152,0.27202779054641724,0.4905260503292084,0.30508169531822205,0.18544432520866394,193,24,0,133,-2,18,16,2,0.2626728110599078,0.07270766794681549,0.013893025927245617,0.2646435797214508,0.003946882672607899,0.049969568848609924,0.0,0.05939764901995659,0.007542021106928587,0.07570406049489975,0.053984563797712326,0.019583242014050484,0.047002162784338,0.10915590077638626,0.012274681590497494,0.003946882206946611,0.04043811559677124,0.11273663491010666,0.0,0.018313534557819366,0.034759875386953354,0.023420779034495354,0.0,3,0.007738130237401997,5,3,-5,639.759765625,-0.006665140390396118,-0.009025335311889648,0.06430837512016296,5,2,3,-21,5,5,-0.017218265605362354
g7479.t1,g15525.t1,0.9954,79.7,1,196,1.6664771428489458,104,23,69,17998.828125,0.25062841176986694,0.38030195236206055,0.36745625734329224,0.2674902379512787,0.09996604919433594,190,14,0,354,1,15,12,3,0.23979591836734693,0.08292480558156967,0.017041238024830818,0.05931730940937996,0.0,0.03566126525402069,0.026258522644639015,0.09076026827096939,0.0,0.06923211365938187,0.0016133782919496298,0.0010714984964579344,0.0,0.07247363775968552,0.17541499435901642,0.0005377927445806563,0.019799120724201202,0.24302928149700165,0.024460917338728905,1,197,1.644864121173505,105,23,69,17595.78515625,0.17976872622966766,0.28255584836006165,0.5203494429588318,0.31871846318244934,0.20163093507289886,187,8,0,327,-2,16,17,-1,0.233502538071066,0.11717819422483444,0.024149971082806587,0.2931610941886902,0.0005501112318597734,0.017326034605503082,0.0,0.028605781495571136,0.025179125368595123,0.059028543531894684,0.040450338274240494,0.03885189816355705,0.03364342823624611,0.1278870552778244,0.0,0.05592796951532364,0.025557372719049454,0.08445275574922562,0.0,0.01150634977966547,0.01654399372637272,0.017123540863394737,0.06328027695417404,-1,0.02161302167544088,-1,0,0,403.04296875,0.07085968554019928,0.0977461040019989,-0.15289318561553955,3,6,0,27,3,4,0.0062933802962809315
g7156.t1,g12953.t1,0.9953,62.9,1,210,2.6414763408433584,28,54,128,30694.65234375,0.2810809016227722,0.1914982944726944,0.5135028958320618,0.3704933524131775,0.14300954341888428,154,22,1,179,3,22,16,6,0.3380952380952381,0.07843843847513199,0.06457110494375229,0.07342682778835297,0.011705323122441769,0.06529957056045532,0.025718918070197105,0.006751158274710178,0.029671574011445045,0.0125760892406106,0.01391783356666565,0.01708383299410343,0.0,0.054036613553762436,0.041446808725595474,0.025753794237971306,0.025723392143845558,0.3124403953552246,0.058052971959114075,1,164,1.509073797315699,21,54,89,16205.9140625,0.04587335139513016,0.3737362325191498,0.4443035125732422,0.324812650680542,0.119490846991539,141,23,0,131,-2,12,9,3,0.24390243902439024,0.054313380271196365,0.0009954841807484627,0.3242267370223999,0.0,0.13608701527118683,0.0,0.00019909684488084167,0.004875280428677797,0.01294129341840744,0.15200108289718628,0.09606017172336578,0.0823204442858696,0.03847924619913101,0.0005972905200906098,0.005176518112421036,0.0005859319353476167,0.06517747044563293,0.0,0.025963669642806053,0.0,0.0202911589294672,0.06309415400028229,46,1.1324025435276595,7,0,39,14488.73828125,0.23520755022764206,-0.18223793804645538,0.06919938325881958,13,-1,1,48,5,3,0.09419279907084788
g5966.t1,g9530.t1,0.9951,76.3,1,250,2.0607518638818925,206,0,44,24794.93359375,0.11648157984018326,0.26064392924308777,0.6228744387626648,0.26398032903671265,0.35889410972595215,269,45,0,271,-12,18,25,-7,0.236,0.23743614554405212,0.12145798653364182,0.0051784696988761425,0.0,0.05614948272705078,0.00814177468419075,0.010469267144799232,0.013143054209649563,0.09013631194829941,0.0,0.03115091845393181,0.0,0.06675466895103455,0.05532991141080856,0.00013012925046496093,0.026775330305099487,0.22220511734485626,0.04177522659301758,1,249,2.069219202578114,206,0,43,24946.8828125,0.11420980095863342,0.19287456572055817,0.6741024255752563,0.3606395423412323,0.3134627938270569,283,42,0,283,-14,20,27,-7,0.24096385542168675,0.1293155401945114,0.009797150269150734,0.2631930410861969,0.010734941810369492,0.01881326176226139,0.0,0.06626168638467789,0.006302111316472292,0.008456604555249214,0.06660241633653641,0.005817200522869825,0.018862508237361908,0.06474826484918594,0.005044129211455584,0.0,0.097446508705616,0.18414728343486786,0.0,0.013915281742811203,0.03054206445813179,0.013505926355719566,0.00026025850092992187,1,-0.008467338696221738,0,0,1,-151.94921875,0.002271778881549835,0.0677693635225296,-0.05122798681259155,-14,3,0,-12,2,0,-0.004963855421686758
g126.t2,g16795.t1,0.9945,78.6,1,208,2.2003923981262967,51,59,98,24601.044921875,0.2603777050971985,0.06380213052034378,0.6378771066665649,0.5460005402565002,0.0918765738606453,157,21,9,86,27,32,10,22,0.2403846153846154,0.04443170130252838,0.047444865107536316,0.09591658413410187,0.006571150850504637,0.04553479328751564,0.006946217734366655,0.020329002290964127,0.03193898871541023,0.01762552373111248,0.0379430428147316,0.04886312782764435,0.0034100261982530355,0.0019673227798193693,0.009407195262610912,0.006253570783883333,0.01858130469918251,0.2353934943675995,0.31060707569122314,1,208,2.183288494596778,50,56,102,24636.55078125,0.2117728441953659,0.12228450924158096,0.6658116579055786,0.5987821817398071,0.06702949851751328,156,23,8,101,26,31,9,22,0.25961538461538464,0.05138607695698738,0.05632086470723152,0.26573580503463745,0.015656182542443275,0.00013096582551952451,0.007295172195881605,0.053575918078422546,0.00628635985776782,0.01754046231508255,0.03548270836472511,0.028254542499780655,0.004059940576553345,0.020431557670235634,0.0027502821758389473,0.013227548450231552,0.3330463767051697,0.015643419697880745,0.02187129482626915,0.030830301344394684,0.020474225282669067,0.0027034194208681583,0.00813160091638565,0,0.01710390352951885,1,3,-4,-35.505859375,0.04860486090183258,-0.05848237872123718,-0.027934551239013672,1,-2,1,-15,1,0,-0.019230769230769246
g5966.t1,g15912.t1,0.9941,76.3,1,250,2.0607518638818925,206,0,44,24794.93359375,0.11648157984018326,0.26064392924308777,0.6228744387626648,0.26398032903671265,0.35889410972595215,269,45,0,271,-12,18,25,-7,0.236,0.23743614554405212,0.12145798653364182,0.0051784696988761425,0.0,0.05614948272705078,0.00814177468419075,0.010469267144799232,0.013143054209649563,0.09013631194829941,0.0,0.03115091845393181,0.0,0.06675466895103455,0.05532991141080856,0.00013012925046496093,0.026775330305099487,0.22220511734485626,0.04177522659301758,1,249,2.068791560875101,205,0,44,24875.0,0.11467542499303818,0.196127250790596,0.6692699193954468,0.361492395401001,0.3077774941921234,283,44,0,279,-14,21,26,-5,0.23293172690763053,0.1225910410284996,0.010084882378578186,0.26490700244903564,0.010636252351105213,0.019927510991692543,0.0,0.06515602767467499,0.006317365448921919,0.00783840473741293,0.06666471064090729,0.007517288438975811,0.019176438450813293,0.06772834062576294,0.0051884157583117485,0.0,0.09658537805080414,0.18518641591072083,0.0,0.01577143929898739,0.028723113238811493,0.013505926355719566,0.00026025850092992187,1,-0.008039696993208612,1,0,0,-80.06640625,0.0018061548471450806,0.06451667845249176,-0.04639548063278198,-14,1,0,-8,2,-2,0.0030682730923694557
g4920.t3,g12648.t1,0.9939,69.8,1,306,2.604009486701002,189,12,105,27151.58203125,0.2725813686847687,0.2720043957233429,0.365825355052948,0.19576531648635864,0.17006005346775055,289,39,0,370,-3,18,16,2,0.238562091503268,0.10116522759199142,0.06889481842517853,0.023113135248422623,0.0,0.03250988945364952,0.004018700681626797,0.05768044292926788,0.06758397817611694,0.10202746093273163,0.08958885073661804,0.03566858917474747,0.030216941609978676,0.05269097909331322,0.07191739976406097,0.023242807015776634,0.005709104705601931,0.14537473022937775,0.0503905825316906,1,456,3.1350154739070697,288,23,145,33729.52734375,0.25055405497550964,0.22560665011405945,0.47858449816703796,0.30738428235054016,0.1712002009153366,452,66,0,454,-4,25,24,1,0.18201754385964913,0.05706768482923508,0.05390173941850662,0.22519010305404663,0.021503733471035957,0.045254770666360855,0.0,0.03696863725781441,0.015513669699430466,0.02332562580704689,0.09443942457437515,0.030696745961904526,0.020000938326120377,0.05839928984642029,0.039987508207559586,0.0064091794192790985,0.08219418674707413,0.11413251608610153,0.025554856285452843,0.04290279000997543,0.006556581240147352,0.03564074635505676,0.0025655936915427446,-150,-0.5310059872060675,-99,-11,-40,-6577.9453125,0.022027313709259033,0.04639774560928345,-0.11275914311408997,-163,-27,0,-84,1,1,0.05654454764361885
g16255.t1,g16115.t2,0.9938,68.7,1,133,2.144857704304464,28,12,93,20715.52734375,0.21841119229793549,0.08536121994256973,0.6962275505065918,0.5259143114089966,0.17031319439411163,87,9,1,78,27,28,6,22,0.38345864661654133,0.14065423607826233,0.029658960178494453,0.01012407336384058,0.010258521884679794,0.06060704216361046,0.005437219515442848,0.0048284041695296764,0.06764688342809677,0.025581154972314835,0.0,0.0034017523285001516,0.0,0.015525294467806816,0.008842556737363338,0.04641497880220413,0.013953541405498981,0.32561030983924866,0.20030401647090912,1,134,2.153835624916276,32,14,88,20802.53515625,0.24981215596199036,0.09829799830913544,0.6050823330879211,0.4896405041217804,0.11544179171323776,83,7,0,32,23,26,8,18,0.3805970149253731,0.030867191031575203,0.005118416156619787,0.3739757835865021,0.059714846312999725,0.04680759459733963,,0.058879587799310684,0.003560308599844575,0.007265112362802029,0.03701603785157204,0.007705670781433582,0.030085572972893715,0.019475704059004784,0.01256338320672512,0.02295531891286373,0.11566472798585892,0.08457460254430771,0.0,0.08331547677516937,0.0004547021526377648,0.005762934219092131,0.02538806013762951,-1,-0.008977920611811907,-4,-2,5,-87.0078125,-0.03140096366405487,-0.012936778366565704,0.09114521741867065,4,2,1,46,4,4,0.0028616316911682094
g3990.t1,g15238.t1,0.9931,76.8,1,259,2.329165429580628,33,64,162,25688.548828125,0.21137242019176483,0.22488658130168915,0.5184397101402283,0.3705098032951355,0.14792987704277039,177,22,3,88,30,28,10,18,0.22393822393822393,0.09100398421287537,0.05692589655518532,0.051858339458703995,0.0,0.07305411994457245,0.02053789049386978,0.040894877165555954,0.005643521901220083,0.03141480311751366,0.04530131816864014,0.00600887555629015,0.014444288797676563,0.016447022557258606,0.044828109443187714,0.011178622953593731,0.11067686229944229,0.19354960322380066,0.17696021497249603,1,258,2.3368802979825913,28,64,166,26107.97265625,0.22628702223300934,0.18306122720241547,0.5093669891357422,0.39561760425567627,0.11374934762716293,176,22,1,27,31,29,8,21,0.2248062015503876,0.06832963228225708,0.08887199312448502,0.25084516406059265,0.007743573747575283,0.08128484338521957,0.0,0.051768407225608826,0.016388094052672386,0.037872884422540665,0.035253070294857025,0.0018115073908120394,0.01732887327671051,0.047141581773757935,0.010875455103814602,0.023851851001381874,0.14477244019508362,0.04541972279548645,0.0002471694315318018,0.005055703222751617,0.0651380866765976,0.0009819116676226258,0.008289765566587448,1,-0.007714868401963226,5,0,-4,-419.423828125,-0.014914602041244507,0.04182535409927368,0.009072721004486084,1,0,2,61,-1,-3,-0.0008679776121636729
g8749.t1,g3422.t1,0.9927,71.6,1,172,1.4744341612294183,23,56,93,15771.875,0.20759722590446472,0.13824602961540222,0.6541568040847778,0.49790364503860474,0.1562531292438507,164,21,6,144,4,22,10,12,0.2441860465116279,0.08307071775197983,0.07318239659070969,0.0256040021777153,0.0,0.07314082235097885,0.023813478648662567,0.05049761012196541,0.029203053563833237,0.0,0.0,0.005932702217251062,0.014320316724479198,0.0179047379642725,0.08258930593729019,0.004807214718312025,0.003445143112912774,0.35924601554870605,0.1386576145887375,1,211,2.4279266839310405,23,60,128,24204.5625,0.4046192169189453,0.18328286707401276,0.4120979309082031,0.24478022754192352,0.1673177033662796,177,22,0,153,1,18,13,5,0.3175355450236967,0.031709302216768265,0.05637814849615097,0.22045987844467163,0.044574517756700516,0.0,0.0,0.08087800443172455,0.041446488350629807,0.019728876650333405,0.0,0.059811968356370926,0.03493938595056534,0.035939641296863556,0.08384772390127182,0.04025149717926979,0.024320365861058235,0.13560838997364044,0.031563468277454376,0.0473969541490078,0.011145388707518578,0.010493364185094833,0.004091519396752119,-39,-0.9534925227016222,0,-4,-35,-8432.6875,-0.1970219910144806,-0.045036837458610535,0.2420588731765747,-13,-1,6,-9,3,7,-0.07334949851206879
g11900.t1,g11541.t1,0.9919,76.3,1,357,1.9132011353182052,162,52,143,22064.43359375,0.18525250256061554,0.27249544858932495,0.5162443518638611,0.34969714283943176,0.1665472388267517,360,52,4,131,1,24,16,8,0.18207282913165265,0.1145615428686142,0.05198569595813751,0.008773974142968655,0.0,0.06423971056938171,0.06261204928159714,0.07442254573106766,0.0,0.09233701229095459,0.02600768208503723,0.03547654673457146,0.0,0.031187156215310097,0.0476655550301075,0.0021934935357421637,0.015662673860788345,0.285403311252594,0.06429381668567657,1,359,1.924584267838983,165,52,142,22272.43359375,0.2217278927564621,0.25189605355262756,0.5154901742935181,0.314126580953598,0.20136357843875885,360,48,4,149,1,24,19,5,0.18662952646239556,0.07881224900484085,0.010140707716345787,0.25488540530204773,0.0,0.010885939002037048,0.0,0.0721936896443367,0.035080164670944214,0.07543575018644333,0.0396774560213089,0.030039003118872643,0.08207892626523972,0.048931244760751724,0.007967699319124222,0.0,0.059241194278001785,0.1225513443350792,0.0,0.055990055203437805,0.016089266166090965,0.023030994459986687,0.00014623290917370468,-2,-0.011383132520777828,-3,0,1,-208.0,-0.03647539019584656,0.020599395036697388,0.0007541775703430176,0,4,0,-18,0,3,-0.004556697330742904
g16570.t2,g8731.t1,0.9911,87.8,1,140,1.9359775330655178,79,0,61,19369.275390625,0.14564301073551178,0.228859081864357,0.5979430079460144,0.5170773863792419,0.08086562156677246,114,8,0,29,19,22,6,16,0.32142857142857145,0.055190980434417725,0.025674641132354736,0.001499225734733045,0.0,0.006496644578874111,0.010797359049320221,0.020489418879151344,0.06629909574985504,0.039495501667261124,0.027554867789149284,0.0262807197868824,0.021746035665273666,0.0505683533847332,0.009477942250669003,0.00033316126791760325,0.06007983535528183,0.3194054663181305,0.19767192006111145,1,151,1.914874842456149,79,0,72,19147.037109375,0.18615883588790894,0.25180160999298096,0.5591747164726257,0.4584897756576538,0.10068495571613312,116,6,1,38,17,22,8,14,0.31125827814569534,0.030265646055340767,0.0011795989703387022,0.37396857142448425,0.032001793384552,0.0028647403232753277,0.0,0.019976627081632614,0.012282322160899639,0.03690459206700325,0.004132737871259451,0.09939884394407272,0.07073367387056351,0.0018113949336111546,0.0001685141323832795,0.0372416228055954,0.08452121913433075,0.0704193189740181,0.021499305963516235,0.03718677908182144,0.063442662358284,0.058440085500478745,0.0024987095966935158,-11,0.021102690609368757,0,0,-11,222.23828125,-0.040515825152397156,-0.022942528128623962,0.03876829147338867,-2,2,-1,-9,2,2,0.010170293282876108
g18620.t1,g9928.t1,0.9907,82.7,1,170,2.0195423793335525,82,26,62,21161.18359375,0.14441081881523132,0.33781877160072327,0.49852490425109863,0.31076791882514954,0.1877569854259491,155,21,0,67,4,18,11,7,0.3235294117647059,0.1637682467699051,0.023988766595721245,0.015857374295592308,0.004323851782828569,0.04381667822599411,0.00014899855887051672,0.007294455077499151,0.012197979725897312,0.0612359344959259,0.019245408475399017,0.015143189579248428,,0.10393877327442169,0.08646345883607864,0.006521652918308973,0.0690116211771965,0.1442832201719284,0.16648468375205994,1,174,2.0265520736419904,82,26,66,21666.36328125,0.3458858132362366,0.21344828605651855,0.42025381326675415,0.24938295781612396,0.17087090015411377,162,19,0,49,3,16,11,5,0.3160919540229885,0.04354916140437126,0.01861494965851307,0.13435648381710052,0.013700603507459164,0.020412135869264603,0.00467550428584218,0.08696630597114563,0.0014552446082234383,0.026643026620149612,0.07535558193922043,0.005414961371570826,0.029052436351776123,0.06834165006875992,0.041622329503297806,0.06995440274477005,0.11502647399902344,0.1273217350244522,,0.08838414400815964,0.029152892529964447,0.012696162797510624,0.04357949271798134,-4,-0.007009694308437897,0,0,-4,-505.1796875,-0.20147499442100525,0.12437048554420471,0.07827109098434448,-7,2,0,18,1,2,0.00743745774171739
g12812.t1,g9757.t1,0.9906,52.6,1,189,2.231169214945797,66,47,76,23759.908203125,0.16742905974388123,0.29752790927886963,0.5250223278999329,0.3811783492565155,0.14384399354457855,161,13,1,85,2,18,14,4,0.31216931216931215,0.057037487626075745,0.08680649846792221,0.013443994335830212,0.0039680167101323605,0.017857156693935394,0.023069314658641815,0.018468517810106277,0.035430874675512314,0.07374408841133118,0.01002063974738121,0.013706302270293236,0.0,0.046744171530008316,0.12745410203933716,0.018178345635533333,0.003919563721865416,0.1789720207452774,0.20220628380775452,1,195,2.1286008206759988,83,43,69,22887.84375,0.21280597150325775,0.27162468433380127,0.500373899936676,0.3051661252975464,0.19520775973796844,178,35,2,91,-2,22,21,1,0.3128205128205128,0.07155109196901321,0.029463157057762146,0.22458025813102722,0.05129775404930115,0.015195492655038834,0.01640455052256584,0.025009579956531525,0.017301619052886963,0.016070814803242683,0.08463878929615021,0.013003899715840816,0.02001437358558178,0.08354662358760834,0.0,0.05272354558110237,0.08058587461709976,0.12365667521953583,,0.03824111074209213,0.03671480342745781,0.01862865872681141,0.05034388229250908,-6,0.10256839426979836,-17,4,7,872.064453125,-0.045376911759376526,0.02590322494506836,0.024648427963256836,-17,-22,-1,-6,4,3,-0.0006512006512006674
g6985.t1,g8202.t1,0.9906,68.5,1,433,2.553806595457821,85,143,205,30275.16015625,0.2718857526779175,0.2775956094264984,0.41690123081207275,0.2400437295436859,0.17685748636722565,345,44,18,498,-7,27,25,2,0.20323325635103925,0.10600985586643219,0.07084763050079346,0.048832446336746216,0.0,0.04674924165010452,0.009119203314185143,0.03398983180522919,0.012561158277094364,0.05881219357252121,0.033617403358221054,0.029910525307059288,0.0,0.07565617561340332,0.0576602965593338,0.0403888002038002,0.008229830302298069,0.0703284814953804,0.16971524059772491,1,283,1.8619093803515137,62,101,120,21227.72265625,0.22983841598033905,0.19567300379276276,0.5506498217582703,0.2177754044532776,0.3328744173049927,248,23,7,455,-16,13,21,-8,0.20848056537102475,0.12083283066749573,0.015959665179252625,0.1104586198925972,0.06336534023284912,0.02383868396282196,0.00029706303030252457,0.011956607922911644,0.009245233610272408,0.030247366055846214,0.00790263433009386,0.006660137325525284,0.07309470325708389,0.06897389143705368,0.003951916936784983,0.025687459856271744,0.10731681436300278,0.21204160153865814,0.0,0.07867006212472916,0.029499337077140808,0.06811791658401489,0.05945373699069023,150,0.6918972151063074,23,42,85,9047.4375,0.04204733669757843,0.08192260563373566,-0.1337485909461975,97,21,11,43,9,10,-0.005247309019985491
g297.t1,g8185.t1,0.9905,78.0,1,371,2.0730140808750215,160,55,156,23958.78125,0.13704881072044373,0.20721741020679474,0.6218618154525757,0.4393329918384552,0.18252883851528168,346,39,10,221,4,29,22,7,0.1725067385444744,0.12373329699039459,0.05879553407430649,0.012239684350788593,0.0,0.06286059319972992,0.01704944297671318,0.01831521838903427,0.034341033548116684,0.09589928388595581,0.033871959894895554,0.008349584415555,0.0,0.007780198939144611,0.03457609936594963,0.00094269507098943,0.0167193952947855,0.4183045029640198,0.021028490737080574,1,369,2.0588067933809833,160,55,154,23651.6875,0.17829479277133942,0.18244478106498718,0.6392605304718018,0.4354175627231598,0.20384293794631958,337,44,0,152,1,32,21,11,0.17073170731707318,0.07324269413948059,0.009921286255121231,0.41664835810661316,0.030830757692456245,0.0,0.0,0.09246571362018585,0.026547415181994438,0.007775899488478899,0.061232324689626694,0.005320352036505938,0.010079048573970795,0.07712958753108978,0.005245708394795656,0.0,0.018769225105643272,0.13060025870800018,0.0,0.03205541893839836,0.002136056311428547,0.03519299998879433,0.0,2,0.014207287494038212,0,0,2,307.09375,-0.04124598205089569,0.024772629141807556,-0.017398715019226074,9,-5,10,69,3,-4,0.0017750312274012192
g19604.t1,g8791.t1,0.9905,85.3,1,146,2.028281823110018,60,31,55,21651.3671875,0.2616809010505676,0.17190800607204437,0.5664110779762268,0.47278282046318054,0.09362825006246567,125,21,0,31,19,24,7,17,0.3424657534246575,0.05134548991918564,0.04228275269269943,0.029573988169431686,0.0,0.07419469952583313,0.004666802939027548,0.04023614153265953,0.0002980454883072525,0.019749173894524574,,0.04088226333260536,0.0,0.01723228022456169,0.033588483929634094,0.0074982354417443275,0.07961904257535934,0.1811002492904663,0.29168254137039185,1,144,1.9985579301951613,60,30,54,21082.798828125,0.266859233379364,0.2546496093273163,0.4784910976886749,0.4183799922466278,0.060111090540885925,126,23,0,33,16,21,6,15,0.3402777777777778,0.011119703762233257,0.03312281146645546,0.13255438208580017,0.0,,0.0,0.07979447394609451,0.004507510922849178,0.04208645224571228,0.056524913758039474,0.054776523262262344,0.015255316160619259,0.05492786318063736,0.01084803231060505,0.08692764490842819,0.28582561016082764,0.048991382122039795,0.0,0.014079831540584564,0.06865747272968292,0.017052212730050087,0.06899753212928772,2,0.029723892914856886,0,1,1,568.568359375,-0.005178332328796387,-0.08274160325527191,0.08791998028755188,-1,-2,0,-2,3,2,0.002187975646879725
g8636.t1,g12101.t1,0.9904,73.1,1,257,1.8492381696623434,110,34,113,21964.2421875,0.27565115690231323,0.1656031757593155,0.518928587436676,0.2598102390766144,0.25911828875541687,247,30,5,101,1,17,20,-3,0.2178988326848249,0.1818506419658661,0.07726766169071198,0.035815875977277756,0.0,0.11909449100494385,0.0023503992706537247,0.055087484419345856,0.0,0.05829489976167679,0.03981710597872734,0.026367852464318275,0.03091885894536972,0.056615378707647324,0.015845034271478653,0.008366599678993225,0.0011751996353268623,0.19603581726551056,0.06377439945936203,1,254,1.7939761264140524,113,35,106,20628.33984375,0.25884178280830383,0.16875194013118744,0.5569314360618591,0.2518213391304016,0.3051100969314575,254,33,0,118,0,18,21,-3,0.2125984251968504,0.08926688134670258,0.03997355327010155,0.20170682668685913,0.011908315122127533,0.01547482330352068,0.0,0.07861266285181046,0.0031282654963433743,0.03143906593322754,0.08258432894945145,0.03550483286380768,0.01420151349157095,0.02218180149793625,0.005147374700754881,0.0,0.05011448636651039,0.21584324538707733,0.029356956481933594,0.06240386143326759,0.011151209473609924,0.031322259455919266,0.0,3,0.05526204324829109,-3,-1,7,1335.90234375,0.0168093740940094,-0.0031487643718719482,-0.038002848625183105,-7,-3,5,-17,1,0,0.005300407487974501
g13233.t1,g12447.t1,0.9901,67.0,1,196,1.8827831557396033,69,46,81,22115.73828125,0.2593945264816284,0.21583223342895508,0.5000346302986145,0.317759245634079,0.18227538466453552,156,22,9,95,1,17,10,7,0.2602040816326531,0.14023412764072418,0.042041242122650146,0.11374110728502274,0.009752035140991211,0.046363465487957,0.025879913941025734,0.03340965136885643,0.037736568599939346,0.06583458930253983,0.024738680571317673,0.023637643083930016,0.0,0.0206465944647789,0.08011862635612488,0.0036473418585956097,0.00889573059976101,0.09676097333431244,0.22099830210208893,1,197,1.8067633801703589,86,46,65,20620.4453125,0.25874796509742737,0.31697553396224976,0.3960322141647339,0.24057599902153015,0.15545624494552612,171,17,15,110,4,16,11,5,0.2639593908629442,0.1520138382911682,0.025661597028374672,0.13192231953144073,0.06243278458714485,0.028244275599718094,0.019436484202742577,0.14813925325870514,0.025886647403240204,0.015960263088345528,0.1415298581123352,0.008911345154047012,0.04510252922773361,0.04954537749290466,0.0,0.0009281368693336844,0.10865367949008942,0.003442409448325634,0.0015647315885871649,0.004061167594045401,0.026563290506601334,0.004704727791249752,0.0008587312768213451,-1,0.07601977556924444,-17,0,16,1495.29296875,0.0006465613842010498,-0.10114330053329468,0.10400241613388062,-15,5,-6,-15,-3,2,-0.003755309230291104
g10348.t1,g1183.t1,0.9893,75.5,1,457,2.322175997576103,202,80,175,31105.2734375,0.2136250138282776,0.19624723494052887,0.5576193332672119,0.2898883521556854,0.2677309513092041,440,57,62,404,-17,28,33,-5,0.16630196936542668,0.20507319271564484,0.06265775859355927,0.009128228761255741,0.0,0.026599738746881485,0.015075655654072762,0.04921020194888115,0.01140555739402771,0.020630866289138794,0.03250839188694954,0.031146368011832237,0.008379648439586163,0.024873562157154083,0.0805250033736229,0.012343854643404484,0.02709617279469967,0.22965434193611145,0.06023404002189636,1,446,2.1615531163947197,209,84,153,27360.51953125,0.1698703169822693,0.22691045701503754,0.5510945916175842,0.3263925313949585,0.22470204532146454,440,52,31,331,-17,23,27,-4,0.1591928251121076,0.05735957995057106,0.009670021943747997,0.2711585462093353,0.0007075624889694154,0.05212460830807686,0.0,0.018583137542009354,0.016664618626236916,0.02959163300693035,0.039517417550086975,0.01253216341137886,0.08568311482667923,0.036335576325654984,0.01674564555287361,0.07260053604841232,0.05523401126265526,0.16734245419502258,0.010085714980959892,0.011886068619787693,0.03617756813764572,0.02804596908390522,0.06541140377521515,11,0.16062288118138346,-7,-4,22,3744.75390625,0.0437546968460083,-0.030663222074508667,0.0065247416496276855,0,5,31,73,0,-1,0.007109144253319072
g17440.t1,g3434.t1,0.989,66.9,1,545,3.0138208508090467,276,105,164,39272.46484375,0.20173035562038422,0.22920948266983032,0.533074676990509,0.300033301115036,0.23304136097431183,481,61,5,54,-1,42,31,11,0.1944954128440367,0.12480393797159195,0.10823741555213928,0.057384833693504333,0.0,0.05633876100182533,0.023535743355751038,0.019635755568742752,0.020378410816192627,0.042449772357940674,0.03598550334572792,0.03197179362177849,0.004765162710100412,0.045046404004096985,0.04281196743249893,0.010844852775335312,0.043940961360931396,0.19683563709259033,0.10319766402244568,1,549,3.029733639520663,278,109,162,38678.8828125,0.17189398407936096,0.25387778878211975,0.4895893633365631,0.28167325258255005,0.20791611075401306,477,57,4,60,-1,40,30,10,0.1894353369763206,0.0949409231543541,0.05356766656041145,0.16294986009597778,0.01971103996038437,0.08463890850543976,0.0,0.024123849347233772,0.028160540387034416,0.015682734549045563,0.07230757176876068,0.025312624871730804,0.05728865787386894,0.06557416915893555,0.010321109555661678,0.007983220741152763,0.11872339993715286,0.11297518759965897,,0.04050435870885849,0.005234203301370144,0.031424615532159805,0.00041078991489484906,-4,-0.015912788711616166,-2,-4,2,593.58203125,0.029836371541023254,-0.02466830611228943,0.04348531365394592,4,4,1,-6,0,1,0.005060075867716118
g11518.t1,g3836.t1,0.9889,71.4,1,504,2.747106705455714,140,150,214,39000.6640625,0.17374926805496216,0.16099058091640472,0.6454048156738281,0.5154024362564087,0.13000236451625824,432,44,12,266,12,41,25,16,0.19246031746031747,0.11050163954496384,0.019500738009810448,0.03680943697690964,0.0005865145358256996,0.034762486815452576,0.03824875131249428,0.03959749639034271,0.0004963832907378674,0.032898642122745514,0.019855313003063202,0.03726432844996452,0.0,0.03988640755414963,0.022455858066678047,0.0005791138391941786,0.0008178747957572341,0.4113657474517822,0.10403674840927124,1,444,2.3120059979133334,96,150,198,28596.7890625,0.10606367886066437,0.22385653853416443,0.656818687915802,0.5170938968658447,0.13972486555576324,398,45,3,185,11,38,23,15,0.16441441441441443,0.040723640471696854,0.0028207243885844946,0.3602469265460968,0.005354054272174835,0.013261066749691963,0.0,0.06160975992679596,0.03844265267252922,0.030573725700378418,0.03285161033272743,0.033121779561042786,0.04459245502948761,0.0720273107290268,0.0015796056250110269,0.0,0.15684694051742554,0.09900122880935669,0.0,0.004125797189772129,0.0028207243885844946,0.02609654888510704,0.024240046739578247,60,0.4351007075423805,44,0,16,10403.875,0.06768558919429779,-0.0628659576177597,-0.011413872241973877,34,-1,9,81,1,1,0.028045903045903042
g9603.t1,g1530.t1,0.9885,86.3,1,435,3.1203692902726146,154,48,233,48122.3515625,0.1140534058213234,0.37746885418891907,0.4783770442008972,0.29915735125541687,0.17921976745128632,384,63,1,155,11,39,25,14,0.27586206896551724,0.1112264022231102,0.06799335032701492,0.006906026508659124,0.0,0.014440189115703106,0.012001901865005493,0.07270056754350662,0.0025478545576334,0.08226842433214188,0.030100621283054352,0.0068571120500564575,0.0,0.08344616740942001,0.03147906810045242,0.0070480648428201675,0.0,0.23206844925880432,0.06708887219429016,1,379,2.4162085932223007,170,50,159,29633.478515625,0.16496294736862183,0.1854800283908844,0.6207518577575684,0.38294517993927,0.23780664801597595,362,57,1,146,3,36,27,9,0.21635883905013192,0.07354436069726944,0.003046207595616579,0.3247106671333313,0.01665891520678997,0.0288052037358284,0.0,0.03295769914984703,0.0,0.0678323283791542,0.04274129122495651,0.03222121670842171,0.05461115017533302,0.055906351655721664,0.019531700760126114,0.005661853589117527,0.058234553784132004,0.16426226496696472,0.0001088817953132093,0.019165335223078728,0.0,0.16827329993247986,0.0035535870119929314,56,0.7041606970503138,-16,-2,74,18488.873046875,-0.05090954154729843,0.19198882579803467,-0.14237481355667114,22,6,0,9,8,5,0.059503229915385314
g215.t1,g8181.t1,0.9875,67.2,1,219,2.8489576263516634,81,73,65,27967.03125,0.2796042859554291,0.262187659740448,0.4582080543041229,0.26098212599754333,0.1972259134054184,202,21,1,69,-5,20,21,-1,0.3242009132420091,0.1498674601316452,0.0473584309220314,0.08809206634759903,0.0,0.03448997437953949,0.02115890383720398,0.03261278569698334,0.01565798558294773,0.051248110830783844,0.0,0.0013844356872141361,0.005191633477807045,0.034421149641275406,0.10712172091007233,0.0,0.01867038570344448,0.2121748924255371,0.04880722984671593,1,194,1.9524170730425021,61,73,60,20625.109375,0.2935967445373535,0.2638108730316162,0.44259244203567505,0.23860469460487366,0.20398779213428497,180,14,0,41,-2,17,12,5,0.25773195876288657,0.040596477687358856,0.016379602253437042,0.19931821525096893,0.01716080866754055,0.0,0.0,0.07057905197143555,0.027147861197590828,0.06528399139642715,0.034052301198244095,0.046281732618808746,0.04393663629889488,0.10725130140781403,0.0065703862346708775,0.09290571510791779,0.039286479353904724,0.16339130699634552,0.012045708484947681,0.012671460397541523,0.005141047295182943,0.029567372053861618,0.10217541456222534,25,0.8965405533091613,20,0,5,7341.921875,-0.013992458581924438,-0.0016232132911682129,0.015615612268447876,22,7,1,28,-3,-6,0.06646895447912254
g9582.t1,g1544.t2,0.9873,68.3,1,662,2.455538719520821,225,162,275,30119.490234375,0.21166224777698517,0.25988298654556274,0.48219841718673706,0.3267870843410492,0.15541133284568787,642,84,28,886,-3,28,24,4,0.13897280966767372,0.10934823006391525,0.04606310650706291,0.008884035982191563,0.0,0.019952263683080673,0.016182510182261467,0.09702692180871964,0.015077739953994751,0.0967920646071434,0.04625634476542473,0.04066315293312073,0.007605865132063627,0.07792972773313522,0.04229828715324402,0.013570665381848812,0.0034765054006129503,0.171965092420578,0.1548219472169876,1,670,2.462673879962801,232,157,281,30543.712890625,0.178503155708313,0.30275389552116394,0.48698514699935913,0.24931682646274567,0.23766836524009705,632,72,43,863,-4,28,28,0,0.13432835820895522,0.023608382791280746,0.03340023010969162,0.13540853559970856,0.0,0.03175773471593857,0.0,0.006643054541200399,0.023551572114229202,0.061028629541397095,0.08562400937080383,0.09703274816274643,0.038695864379405975,0.034558262676000595,0.0015484296018257737,0.0021822515409439802,0.11390829086303711,0.214059978723526,0.009596097283065319,0.06410446763038635,0.023291466757655144,0.023203903809189796,0.008881594054400921,-8,-0.007135160441980037,-7,5,-6,-424.22265625,0.03315909206867218,-0.042870908975601196,-0.00478672981262207,10,12,-15,23,1,4,0.0046444514587185015
g11062.t1,g2943.t1,0.9872,85.4,1,419,2.361187925480142,179,79,161,28696.703125,0.17723339796066284,0.31956005096435547,0.5020822286605835,0.2935865819454193,0.2084956169128418,384,49,4,485,-10,22,26,-4,0.19809069212410502,0.11864497512578964,0.08985062688589096,0.02717622183263302,0.0,0.01243675872683525,0.03734462335705757,0.046243518590927124,0.04061472415924072,0.04978441819548607,0.0011243614135310054,0.00966950599104166,0.0020238503348082304,0.05519191175699234,0.06624173372983932,0.038843944668769836,0.03503473475575447,0.17177604138851166,0.12181055545806885,1,418,2.3496232259237333,187,79,152,28535.55859375,0.2490692138671875,0.3150247037410736,0.43511465191841125,0.2592138648033142,0.17590077221393585,393,53,4,425,-8,19,23,-4,0.20334928229665072,0.07307247072458267,0.03684054687619209,0.12507346272468567,0.03064226172864437,0.0007914974703453481,0.0,0.03995323181152344,0.03289417549967766,0.07482141256332397,0.12842145562171936,0.06348968297243118,0.03379980847239494,0.03465980663895607,0.04645896703004837,0.0012437817640602589,0.13414038717746735,0.10282830893993378,0.0,0.019109010696411133,0.021759789437055588,0.07596263289451599,0.0002248722594231367,1,0.011564699556408709,-8,0,9,161.14453125,-0.07183581590652466,0.00453534722328186,0.06696757674217224,-9,-4,0,60,-2,0,-0.005258590172545707
g6397.t1,g77.t1,0.9861,71.6,1,173,5.488487289593995,97,12,64,35389.3203125,0.1429259479045868,0.3427773714065552,0.5122960209846497,0.5017601251602173,0.01053598988801241,127,6,6,13,39,40,3,37,0.5953757225433526,0.006081275176256895,0.0044547137804329395,0.011031919158995152,0.0013364141341298819,0.04256238415837288,0.010975854471325874,0.03714212402701378,0.0043762982822954655,0.270498126745224,0.002000601962208748,0.021373089402914047,,0.005283869802951813,0.006797023117542267,0.015681734308600426,0.034266818314790726,0.27425476908683777,0.22750526666641235,1,117,2.981366919709887,43,12,62,23623.8828125,0.19310486316680908,0.2019033581018448,0.5894383192062378,0.4819265604019165,0.10751178115606308,77,9,6,13,23,25,7,18,0.47863247863247865,0.006806767545640469,0.01912117749452591,0.23007939755916595,0.00573635334149003,0.01555343996733427,0.007741029839962721,0.05504303425550461,0.016572529450058937,0.047721561044454575,0.059595897793769836,0.013812818564474583,0.04014073684811592,0.014734460972249508,0.022535674273967743,0.016253000125288963,0.25184717774391174,0.10070500522851944,,0.02669406123459339,0.04930586740374565,0.013619238510727882,0.010758399963378906,56,2.5071203698841082,54,0,2,11765.4375,-0.05017891526222229,0.1408740133047104,-0.07714229822158813,50,-3,0,0,16,19,0.11674324391087393
g5143.t2,g2790.t1,0.9851,70.0,1,187,2.2903760365856862,60,28,99,25756.947265625,0.17183227837085724,0.1470026671886444,0.6654812097549438,0.5460999608039856,0.11938126385211945,129,7,2,33,40,37,7,30,0.2994652406417112,0.06231394410133362,0.05706731602549553,0.059317514300346375,0.0,0.07693836092948914,0.03022579848766327,0.013779587112367153,0.008017214015126228,0.00467207795009017,0.015683835372328758,0.0,,0.026135126128792763,0.03892762213945389,0.006012910511344671,0.025573289021849632,0.21363867819309235,0.33246126770973206,1,187,2.288988800694303,64,28,95,25916.2578125,0.18963371217250824,0.12009134888648987,0.6540216207504272,0.467221200466156,0.18680042028427124,122,8,0,7,31,32,8,24,0.31016042780748665,0.08141116052865982,0.0304937195032835,0.26120641827583313,0.039576467126607895,0.03625326603651047,0.0,0.07512025535106659,0.02968447096645832,0.008341427892446518,0.010017137974500656,0.014130433090031147,0.012064652517437935,0.03187400847673416,0.02577127516269684,0.00821692869067192,0.20601481199264526,0.10538924485445023,,0.0021136433351784945,0.022320644930005074,0.021468760445713997,0.007766676135361195,0,0.0013872358913831206,-4,0,4,-159.310546875,-0.017801433801651,0.02691131830215454,0.011459589004516602,7,-1,2,26,9,6,-0.010695187165775444
g16255.t1,g16115.t1,0.9849,68.4,1,133,2.144857704304464,28,12,93,20715.52734375,0.21841119229793549,0.08536121994256973,0.6962275505065918,0.5259143114089966,0.17031319439411163,87,9,1,78,27,28,6,22,0.38345864661654133,0.14065423607826233,0.029658960178494453,0.01012407336384058,0.010258521884679794,0.06060704216361046,0.005437219515442848,0.0048284041695296764,0.06764688342809677,0.025581154972314835,0.0,0.0034017523285001516,0.0,0.015525294467806816,0.008842556737363338,0.04641497880220413,0.013953541405498981,0.32561030983924866,0.20030401647090912,1,167,3.3792575117641523,28,14,125,31998.484375,0.29520776867866516,0.19148093461990356,0.45977798104286194,0.4300820231437683,0.029695959761738777,97,6,0,32,28,28,7,21,0.4431137724550898,0.01806417666375637,0.003831705078482628,0.33568546175956726,0.05283719673752785,0.05353333428502083,,0.08901522308588028,0.0027225271333009005,0.01389904785901308,0.031158462166786194,0.019975747913122177,0.06249011307954788,0.07483847439289093,0.008066747337579727,0.05787891522049904,0.09439654648303986,0.011631784029304981,0.0,0.0696789100766182,0.00029560644179582596,0.005762934219092131,0.02538806013762951,-34,-1.2343998074596882,0,-2,-32,-11282.95703125,-0.07679657638072968,-0.10611971467733383,0.23644956946372986,-10,3,1,46,-1,1,-0.059655125838548484
g4920.t2,g6937.t2,0.9847,65.3,1,375,2.1765045700415944,164,74,137,25467.02734375,0.22058700025081635,0.2903071641921997,0.45907530188560486,0.1551227569580078,0.30395254492759705,357,44,1,194,-12,15,24,-9,0.18933333333333333,0.19961456954479218,0.10433798283338547,0.008347430266439915,0.0,0.07227201014757156,0.04467226564884186,0.022467952221632004,0.0013936455361545086,0.10629723966121674,0.030030544847249985,0.045396074652671814,0.0,0.08734250068664551,0.008434658870100975,0.06830267608165741,0.011790509335696697,0.09852875769138336,0.05659398436546326,1,373,2.1864700799416537,163,76,134,26183.4765625,0.2903500497341156,0.27017727494239807,0.43532031774520874,0.15815657377243042,0.2771637439727783,351,50,5,199,-14,20,30,-10,0.18230563002680966,0.09717845171689987,0.03880811482667923,0.05047091096639633,0.018484249711036682,0.004152268636971712,0.04606904834508896,0.10744667798280716,0.03733380511403084,0.01910039223730564,0.057297829538583755,0.03496197611093521,0.03477490320801735,0.02617858164012432,0.05902598798274994,0.004063725471496582,0.10768567025661469,0.17998528480529785,0.0,0.0434209406375885,0.03356112539768219,0.03176998347043991,0.002407205756753683,2,-0.009965509900059288,1,-2,3,-716.44921875,-0.06976304948329926,0.020129889249801636,0.023754984140396118,6,-6,-4,-5,2,1,0.007027703306523664
g7473.t1,g15421.t1,0.9829,68.4,1,403,2.1792119812994346,182,38,183,24762.33984375,0.19215333461761475,0.36432960629463196,0.4430058002471924,0.2776862382888794,0.16531957685947418,393,31,23,330,-2,29,19,10,0.1588089330024814,0.08268758654594421,0.08263196796178818,0.01927259750664234,0.011892983689904213,0.024026917293667793,0.01317933201789856,0.07693509757518768,0.00260601076297462,0.13642433285713196,0.00051129050552845,0.049637340009212494,0.0,0.040486596524715424,0.08825060725212097,0.012117949314415455,0.012389617040753365,0.18547409772872925,0.09221215546131134,1,350,2.0821433443979966,128,36,186,25850.048828125,0.40172532200813293,0.30036139488220215,0.2979132831096649,0.20778116583824158,0.09013210982084274,321,27,16,235,-6,13,14,-1,0.19714285714285715,0.07753483951091766,0.08138120174407959,0.1237645298242569,0.016719892621040344,0.0,0.0007375241839326918,0.06302545219659805,0.013804578222334385,0.055920831859111786,0.07473762333393097,0.03745192289352417,0.07418496161699295,0.09391052275896072,0.0017474491614848375,0.060456953942775726,0.08401665091514587,0.012597278691828251,0.02533801458775997,0.0971355214715004,0.0055342772975564,0.06170612573623657,0.007557431235909462,53,0.09706863690143797,54,2,-3,-1087.708984375,-0.2095719873905182,0.06396821141242981,0.14509251713752747,72,4,7,95,4,11,-0.03833392414037576
g993.t1,g14287.t1,0.9827,79.0,1,391,2.1962757915272944,128,99,164,25109.80859375,0.23503397405147552,0.2732967436313629,0.46269190311431885,0.3056989908218384,0.15699289739131927,393,57,23,373,-1,25,20,5,0.1867007672634271,0.06832105666399002,0.08867184072732925,0.01297824177891016,0.0,0.04113921523094177,0.03359481319785118,0.07299453765153885,0.04612765461206436,0.07246996462345123,0.028977401554584503,0.034308817237615585,0.0,0.028887681663036346,0.09088678658008575,0.003641469171270728,0.00963690597563982,0.24923601746559143,0.05646299198269844,1,391,2.2003216043772955,131,98,162,25602.421875,0.27736696600914,0.2643658220767975,0.4422021508216858,0.2704734802246094,0.17172867059707642,400,58,15,293,-4,23,17,6,0.1969309462915601,0.10747174173593521,0.03258262947201729,0.2353399395942688,0.022180406376719475,0.01606508158147335,0.0,0.08152148872613907,0.031066663563251495,0.05551344156265259,0.06358349323272705,0.06964103132486343,0.04069093242287636,0.04919331893324852,0.01769443415105343,0.017951834946870804,0.03513352945446968,0.0642569288611412,0.002898575970903039,0.04702417925000191,0.010190394707024097,0.03782058134675026,0.02384405955672264,0,-0.0040458128500011625,-3,1,2,-492.61328125,-0.04233299195766449,0.00893092155456543,0.020489752292633057,-7,-1,8,80,3,-1,-0.010230179028133002
g126.t1,g16795.t1,0.9816,78.6,1,229,2.4633427843142655,47,57,125,30513.638671875,0.3450966477394104,0.10918689519166946,0.49182918667793274,0.4113706648349762,0.08045853674411774,157,22,8,87,29,31,12,19,0.29694323144104806,0.04148852080106735,0.038970015943050385,0.0662880539894104,0.016063863411545753,0.08127105981111526,0.016747405752539635,0.022099893540143967,0.06486959755420685,0.015970857813954353,0.0538872592151165,0.03999326005578041,0.0024320457596331835,0.0009372056229040027,0.018862545490264893,0.004085331689566374,0.022838754579424858,0.18593785166740417,0.22543281316757202,1,208,2.183288494596778,50,56,102,24636.55078125,0.2117728441953659,0.12228450924158096,0.6658116579055786,0.5987821817398071,0.06702949851751328,156,23,8,101,26,31,9,22,0.25961538461538464,0.05138607695698738,0.05632086470723152,0.26573580503463745,0.015656182542443275,0.00013096582551952451,0.007295172195881605,0.053575918078422546,0.00628635985776782,0.01754046231508255,0.03548270836472511,0.028254542499780655,0.004059940576553345,0.020431557670235634,0.0027502821758389473,0.013227548450231552,0.3330463767051697,0.015643419697880745,0.02187129482626915,0.030830301344394684,0.020474225282669067,0.017766255885362625,0.06405742466449738,21,0.2800542897174876,-3,1,23,5877.087890625,0.1333238035440445,-0.013097614049911499,-0.17398247122764587,1,-1,0,-14,3,-3,0.037327846825663424
g6389.t1,g3254.t1,0.9814,82.2,1,192,2.149721056718171,79,47,66,23449.904296875,0.20985665917396545,0.22505398094654083,0.5475218892097473,0.3181656301021576,0.22935627400875092,167,35,2,88,-3,17,21,-4,0.2916666666666667,0.12531495094299316,0.10404133051633835,0.10284537076950073,0.0034837876446545124,0.028914853930473328,0.006429235450923443,0.0026142699643969536,0.012793025933206081,0.06771612167358398,0.017567439004778862,0.018002742901444435,0.0,0.02722105383872986,0.07763946801424026,0.012383383698761463,0.00920889899134636,0.08187123388051987,0.23629440367221832,1,191,2.096094557505392,79,47,65,22742.115234375,0.23492276668548584,0.1882663518190384,0.5535795092582703,0.307609885931015,0.24596957862377167,173,35,2,89,-2,17,21,-4,0.2931937172774869,0.07029414176940918,0.11134408414363861,0.19397464394569397,0.013474926352500916,0.023231368511915207,0.007884734310209751,0.025447119027376175,0.01141104195266962,0.002695632167160511,0.09305118024349213,0.01209130696952343,0.021103408187627792,0.032935719937086105,0.007945021614432335,0.0,0.11363525688648224,0.17567545175552368,0.0,0.0740160122513771,0.009788956493139267,0.03335541859269142,0.03230302035808563,1,0.053626499212779066,0,0,1,707.7890625,-0.025066107511520386,0.03678762912750244,-0.006057620048522949,-6,0,0,-1,-1,0,-0.001527050610820202
g10982.t1,g11818.t1,0.9813,83.4,1,271,2.34154070971633,115,92,64,27625.74609375,0.20187003910541534,0.2526140511035919,0.5339963436126709,0.33857014775276184,0.19542621076107025,257,32,3,146,-8,23,20,3,0.25092250922509224,0.12041474878787994,0.07501146197319031,0.07216023653745651,0.0,0.0345672182738781,0.01614394411444664,0.04015614464879036,0.006540514063090086,0.08374878019094467,0.01151957269757986,0.0330449678003788,0.0,0.02322850562632084,0.10365559905767441,0.010261975228786469,0.012475020252168179,0.23240059614181519,0.10616955906152725,1,271,2.3185298462456942,119,89,63,26995.869140625,0.19193652272224426,0.2813955843448639,0.5129216909408569,0.3033718168735504,0.2095498889684677,261,31,1,136,-9,23,22,1,0.2730627306273063,0.11248770356178284,0.05423445254564285,0.22420044243335724,0.005497919861227274,0.013746129348874092,0.0,0.041882432997226715,0.0052534304559230804,0.023874027654528618,0.07773144543170929,0.07460200786590576,0.01703103817999363,0.08967655152082443,0.017449919134378433,0.0,0.07917134463787079,0.09706219285726547,0.0,0.048997748643159866,0.017101136967539787,0.013362182304263115,0.005138975568115711,0,0.023010863470635634,-4,3,1,629.876953125,0.009933516383171082,-0.028781533241271973,0.021074652671813965,-4,1,2,10,1,2,-0.022140221402214055
g12174.t1,g10064.t2,0.9811,65.7,1,225,1.6449461221056636,85,51,89,18509.83203125,0.20690254867076874,0.19965696334838867,0.5673162937164307,0.3810279667377472,0.18628837168216705,204,20,5,405,2,19,14,5,0.21333333333333335,0.06572496145963669,0.12056343257427216,0.09363581240177155,0.00017431526794098318,0.046176329255104065,0.022846128791570663,0.03529062122106552,0.0,0.06349366903305054,0.02612408436834812,0.03040526993572712,0.0008715762523934245,0.040602441877126694,0.05235670506954193,0.0,0.00017431526794098318,0.3579534590244293,0.023074496537446976,1,217,1.6035528296350456,84,49,84,17179.28125,0.14400914311408997,0.27553874254226685,0.5689789652824402,0.31913575530052185,0.24984319508075714,206,28,3,275,-3,18,18,0,0.21658986175115208,0.13586729764938354,0.0035599428229033947,0.2796187102794647,0.0,0.011473159305751324,0.0,0.04045487567782402,0.03369440138339996,0.04009845107793808,0.05417988821864128,0.028896816074848175,0.060172189027071,0.09619665890932083,0.0007512645679526031,0.0,0.03951702266931534,0.11397591978311539,0.000368488923413679,0.0587761253118515,0.0023987905588001013,0.020009396597743034,0.0005229457747191191,8,0.04139329247061796,1,2,5,1330.55078125,0.06289340555667877,-0.07588177919387817,-0.0016626715660095215,-2,-8,2,130,5,5,-0.0032565284178187326
g10520.t1,g6937.t2,0.9803,65.3,1,375,2.1760859970077844,166,74,135,25400.98828125,0.22010527551174164,0.28134486079216003,0.4682852625846863,0.15146516263484955,0.31682008504867554,362,42,1,193,-12,17,24,-7,0.184,0.20016498863697052,0.11665509641170502,0.007485753390938044,0.0,0.0739770159125328,0.045027971267700195,0.022644702345132828,0.0007621466065756977,0.0853358656167984,0.030264632776379585,0.04349618777632713,0.00012702443927992135,0.094855897128582,0.007590104825794697,0.06754764169454575,0.012580414302647114,0.09816912561655045,0.05329602584242821,1,373,2.1864700799416537,163,76,134,26183.4765625,0.2903500497341156,0.27017727494239807,0.43532031774520874,0.15815657377243042,0.2771637439727783,351,50,5,199,-14,20,30,-10,0.18230563002680966,0.09717845171689987,0.03880811482667923,0.05047091096639633,0.018484249711036682,0.004152268636971712,0.04606904834508896,0.10744667798280716,0.03733380511403084,0.01910039223730564,0.057297829538583755,0.03496197611093521,0.03477490320801735,0.02617858164012432,0.05902598798274994,0.004063725471496582,0.10768567025661469,0.17998528480529785,0.0,0.0434209406375885,0.03356112539768219,0.035954613238573074,0.004064782056957483,2,-0.010384082933869276,3,-2,1,-782.48828125,-0.07024477422237396,0.011167585849761963,0.03296494483947754,11,-8,-4,-6,2,3,0.001694369973190335
g10910.t1,g5327.t2,0.9801,66.2,1,353,2.0973131337787545,97,98,158,24941.53515625,0.21020451188087463,0.0971151813864708,0.6702383756637573,0.4509773850440979,0.21926099061965942,322,27,18,158,-4,27,24,3,0.19830028328611898,0.11187265068292618,0.10738832503557205,0.031441036611795425,0.0,0.05360740050673485,0.007179520092904568,0.050486691296100616,0.018628470599651337,0.011291055008769035,0.022441957145929337,0.0049040489830076694,0.0,0.02361469529569149,0.038695402443408966,0.048811253160238266,0.0139326062053442,0.2835428714752197,0.1674344837665558,1,340,2.0501167899349486,102,95,143,23034.53125,0.2697269022464752,0.1999513953924179,0.5093303918838501,0.2688157856464386,0.2405146211385727,327,31,6,113,-1,22,19,3,0.20294117647058824,0.08187797665596008,0.031513091176748276,0.17628255486488342,0.04473116993904114,0.02099139429628849,0.0,0.041037943214178085,0.027151186019182205,0.07295273244380951,0.05866900831460953,0.02711924910545349,0.02992480993270874,0.0424787774682045,0.029835829511284828,0.002518144203349948,0.09253322333097458,0.15863662958145142,0.03711969405412674,0.010018287226557732,0.01460836548358202,0.002401886275038123,0.0023256095591932535,13,0.04719634384380589,-5,3,15,1907.00390625,-0.059522390365600586,-0.10283621400594711,0.16090798377990723,-5,-4,12,45,-3,0,-0.0046408931844692525
g10910.t1,g6631.t1,0.98,66.2,1,353,2.0973131337787545,97,98,158,24941.53515625,0.21020451188087463,0.0971151813864708,0.6702383756637573,0.4509773850440979,0.21926099061965942,322,27,18,158,-4,27,24,3,0.19830028328611898,0.11187265068292618,0.10738832503557205,0.031441036611795425,0.0,0.05360740050673485,0.007179520092904568,0.050486691296100616,0.018628470599651337,0.011291055008769035,0.022441957145929337,0.0049040489830076694,0.0,0.02361469529569149,0.038695402443408966,0.048811253160238266,0.0139326062053442,0.2835428714752197,0.1674344837665558,1,340,2.049902364536305,102,95,143,22911.150390625,0.2689138650894165,0.19670429825782776,0.5141090750694275,0.27067992091178894,0.24342912435531616,324,31,6,116,-1,22,20,2,0.20294117647058824,0.0802193209528923,0.03223968669772148,0.1780601590871811,0.04383900389075279,0.020272856578230858,0.0,0.04195719584822655,0.026186823844909668,0.0719437301158905,0.05746150761842728,0.03249156475067139,0.022340383380651474,0.04339614138007164,0.02971484512090683,0.0028133622836321592,0.09261976927518845,0.16320981085300446,0.03633379191160202,0.010072238743305206,0.014827864244580269,0.002401886275038123,0.0023256095591932535,13,0.04741076924244947,-5,3,15,2030.384765625,-0.05870935320854187,-0.09958911687135696,0.15612930059432983,-2,-4,12,42,-3,1,-0.0046408931844692525
g19156.t1,g2997.t1,0.9799,51.7,1,381,2.062407351011316,109,136,136,24245.626953125,0.1352640837430954,0.20558859407901764,0.6202356219291687,0.3969697058200836,0.22326594591140747,374,49,0,518,-7,24,20,4,0.18635170603674542,0.12986132502555847,0.09340459108352661,0.005722330417484045,0.0,0.004888872150331736,0.016576619818806648,0.06574025750160217,0.0030607813969254494,0.06985730677843094,0.03891170024871826,0.025189829990267754,0.0,0.013041590340435505,0.05866719037294388,0.030395852401852608,0.01851775124669075,0.30571624636650085,0.09125346690416336,1,683,3.2792905092849485,229,170,284,44546.1796875,0.2741963863372803,0.2977575361728668,0.38966891169548035,0.2238907516002655,0.16577817499637604,621,69,5,737,-9,31,28,3,0.18301610541727673,0.03243713080883026,0.04062911495566368,0.025803733617067337,0.03635234758257866,0.03837708756327629,0.01282268576323986,0.03679141774773598,0.019047360867261887,0.06197471171617508,0.10177489370107651,0.05605902522802353,0.05651051551103592,0.037787891924381256,0.016860025003552437,0.041425857692956924,0.19808700680732727,0.13334104418754578,0.0,0.04016292095184326,0.013755152933299541,0.028928134590387344,0.00026615490787662566,-302,-1.2168831582736326,-120,-34,-148,-20300.552734375,-0.13893230259418488,-0.09216894209384918,0.23056671023368835,-247,-20,-5,-219,2,1,0.0033356006194686927
g12824.t1,g13215.t2,0.9784,56.8,1,371,2.1629910435633306,106,96,169,24156.80859375,0.18226252496242523,0.3183317482471466,0.46378257870674133,0.2555941045284271,0.2081885039806366,378,44,16,389,-10,21,18,3,0.1778975741239892,0.13704811036586761,0.07114037871360779,0.0065961191430687904,0.011902373284101486,0.0,0.044702570885419846,0.08488409221172333,0.003184285946190357,0.05002506077289581,0.035623207688331604,0.015205292031168938,0.0,0.03277131915092468,0.13375042378902435,0.017321044579148293,0.012982543557882309,0.11014549434185028,0.14544859528541565,1,365,2.1548131428483353,109,95,161,24180.8203125,0.22737780213356018,0.33609527349472046,0.4176549017429352,0.2857398986816406,0.13191495835781097,368,34,11,504,-13,19,14,5,0.18356164383561643,0.08052225410938263,0.030022675171494484,0.23168055713176727,0.01910153590142727,0.01887202262878418,0.004730617627501488,0.002567647024989128,0.02510715462267399,0.05278473347425461,0.04290487617254257,0.07019253820180893,0.03478246182203293,0.11841075122356415,0.06625287234783173,0.007739178836345673,0.05405933037400246,0.051392700523138046,0.02235095389187336,0.02655821666121483,0.039966881275177,0.032197464257478714,0.05507171154022217,6,0.008177900714995356,-3,1,8,-24.01171875,-0.04511527717113495,-0.017763525247573853,0.04612767696380615,10,10,5,-115,3,-2,-0.005664069711627223
g9632.t1,g10067.t1,0.9767,52.7,1,149,1.610963471187802,53,27,69,16667.53515625,0.21633310616016388,0.19649150967597961,0.5654603242874146,0.32735496759414673,0.2381054013967514,126,8,1,119,1,16,13,3,0.28187919463087246,0.15081267058849335,0.08729271590709686,0.04083270952105522,0.0058816964738070965,0.09847215563058853,0.0005697040469385684,0.019551850855350494,0.0,0.08182589709758759,0.021715018898248672,0.05168657377362251,0.0,0.0021294094622135162,0.03870841860771179,0.005789827089756727,0.009339910000562668,0.19714440405368805,0.1302105337381363,1,147,1.5775901356771087,54,31,62,15962.79296875,0.22426550090312958,0.14423494040966034,0.5917777419090271,0.3128572404384613,0.2789205312728882,126,11,1,175,-3,13,11,2,0.3129251700680272,0.15023697912693024,0.011314625851809978,0.21632733941078186,0.0,0.03972175344824791,0.0,0.08925242722034454,0.00747878011316061,0.024255501106381416,0.050888434052467346,0.02727632224559784,0.02291306108236313,0.03567836061120033,0.009500071406364441,0.026272185146808624,0.09652990102767944,0.12868352234363556,0.0,0.06367069482803345,0.0,0.05803646892309189,0.0,2,0.033373335510693325,-1,-4,7,704.7421875,-0.007932394742965698,0.052256569266319275,-0.02631741762161255,0,-3,0,-56,4,1,-0.03104597543715476
g16485.t1,g11885.t1,0.9764,71.9,1,104,2.114236623803046,10,32,62,20260.8828125,0.15742559731006622,0.3080880045890808,0.4799848198890686,0.465045303106308,0.014939459972083569,46,4,6,3,26,25,1,24,0.4519230769230769,0.0,0.014939459972083569,0.02420600689947605,0.0012631082208827138,0.0003225702967029065,0.02024967037141323,0.010192002169787884,0.011625251732766628,0.04711869731545448,0.054501622915267944,0.018313752487301826,,0.0,0.047146398574113846,0.09005876630544662,0.09016833454370499,0.2910725176334381,0.17397283017635345,1,84,1.989262073267603,9,24,51,17309.515625,0.22435292601585388,0.21681982278823853,0.5137369632720947,0.4742685854434967,0.03946836292743683,43,5,6,0,19,21,2,19,0.5,0.0,0.022741170600056648,0.3008926808834076,0.0029824485536664724,0.045090362429618835,0.0009107666555792093,0.057764437049627304,0.019775137305259705,0.006710509769618511,0.0774303749203682,0.011115603148937225,0.05170046538114548,0.0453687384724617,0.010065763257443905,0.10246584564447403,0.1733759194612503,0.03946836292743683,,0.021622750908136368,0.01051873154938221,0.10214176774024963,0.0027072506491094828,20,0.12497455053544315,1,8,11,2951.3671875,-0.06692732870578766,0.09126818180084229,-0.03375214338302612,3,-1,0,3,7,5,-0.04807692307692307
g10208.t1,g10318.t1,0.9757,60.0,1,144,1.4792408304801195,47,42,55,15679.07421875,0.28581514954566956,0.2108878642320633,0.48706090450286865,0.31847214698791504,0.1685887575149536,141,28,0,51,3,16,10,6,0.2638888888888889,0.016812879592180252,0.15177586674690247,0.0,0.0,0.0870867371559143,0.06129373237490654,0.05903201177716255,0.07634688913822174,0.035292062908411026,0.01623603142797947,0.05738167464733124,0.0,0.004938882309943438,0.06436818838119507,0.00020578678231686354,0.0,0.2674552798271179,0.05101688578724861,1,141,1.4699785701813557,43,45,53,15474.447265625,0.3189825117588043,0.22639073431491852,0.4183780550956726,0.24670279026031494,0.17167524993419647,123,19,0,47,0,14,11,3,0.2765957446808511,0.09108294546604156,0.09271951764822006,0.21310225129127502,0.0544205904006958,0.036248672753572464,,0.03769633173942566,0.03743031248450279,0.013879716396331787,0.0696689784526825,0.025673048570752144,0.0212535560131073,0.07236485183238983,0.07589216530323029,0.0033266206737607718,0.03360053896903992,0.08059230446815491,0.000203754345420748,0.04084379971027374,0.0,0.04499499499797821,0.005762029904872179,3,0.009262260298763758,4,-3,2,204.626953125,-0.033167362213134766,-0.015502870082855225,0.06868284940719604,18,9,0,4,3,3,-0.01270685579196218
g12824.t1,g13215.t1,0.9755,56.9,1,371,2.1629910435633306,106,96,169,24156.80859375,0.18226252496242523,0.3183317482471466,0.46378257870674133,0.2555941045284271,0.2081885039806366,378,44,16,389,-10,21,18,3,0.1778975741239892,0.13704811036586761,0.07114037871360779,0.0065961191430687904,0.011902373284101486,0.0,0.044702570885419846,0.08488409221172333,0.003184285946190357,0.05002506077289581,0.035623207688331604,0.015205292031168938,0.0,0.03277131915092468,0.13375042378902435,0.017321044579148293,0.012982543557882309,0.11014549434185028,0.14544859528541565,1,409,2.2865842269481362,111,97,201,28453.375,0.2958238124847412,0.39257460832595825,0.29556378722190857,0.19728058576583862,0.09828316420316696,383,40,11,495,-11,17,14,3,0.18337408312958436,0.055161647498607635,0.03583366051316261,0.1749241054058075,0.024289656430482864,0.016037799417972565,0.0052795493975281715,0.054996926337480545,0.016979631036520004,0.03992855176329613,0.02020258642733097,0.06595581769943237,0.031095391139388084,0.182596817612648,0.07257673889398575,0.017576636746525764,0.02235647849738598,0.04312152788043022,0.032061345875263214,0.018560312688350677,0.07046480476856232,0.032197464257478714,0.05507171154022217,-38,-0.12359318338480563,-5,-1,-32,-4296.56640625,-0.11356128752231598,-0.07424286007881165,0.16821879148483276,-5,4,5,-106,1,0,-0.005476509005595154
g11083.t1,g2601.t1,0.9749,69.4,1,419,2.2363065786119805,190,70,159,28911.76171875,0.21374517679214478,0.14159460365772247,0.5979726314544678,0.3227565586566925,0.2752160131931305,387,45,38,342,-15,24,32,-8,0.1766109785202864,0.21050792932510376,0.06470806151628494,0.011606376618146896,0.0,0.01690884493291378,0.030226368457078934,0.043399590998888016,0.0,0.02731282450258732,0.04668764770030975,0.020724130794405937,0.017366312444210052,0.041874658316373825,0.018040623515844345,0.01796756684780121,0.010165407322347164,0.1763596385717392,0.1463969498872757,1,447,2.177135328697243,201,78,168,27829.2890625,0.19938385486602783,0.27255624532699585,0.5077345967292786,0.2791529893875122,0.22858163714408875,441,56,52,409,-16,22,29,-7,0.15212527964205816,0.09022701531648636,0.012173768132925034,0.1925443857908249,0.008808847516775131,0.02032526768743992,0.0,0.030779452994465828,0.019024115055799484,0.03430786356329918,0.08893566578626633,0.06438380479812622,0.028789924457669258,0.04045971482992172,0.01391287986189127,0.07004676014184952,0.08660860359668732,0.13835462927818298,0.011760742403566837,0.017593540251255035,0.030962996184825897,0.013974716886878014,0.08577233552932739,-28,0.059171249914737434,-11,-8,-9,1082.47265625,0.014361321926116943,-0.13096164166927338,0.09023803472518921,-54,-11,-14,-67,1,-1,0.02448569887822824
g5413.t1,g14866.t1,0.9738,70.2,1,1013,3.620591762044736,336,214,463,44092.56640625,0.10782301425933838,0.34103190898895264,0.5391998291015625,0.3492456078529358,0.18995420634746552,897,88,18,780,-1,55,31,24,0.13228035538005922,0.1258310079574585,0.06412319093942642,0.007750051096081734,0.00028603331884369254,0.00116748979780823,0.01965741254389286,0.03827949985861778,0.01103442907333374,0.12262961268424988,0.011945306323468685,0.012336824089288712,0.02137705497443676,0.012548011727631092,0.1187693253159523,0.007242819294333458,0.013309349305927753,0.21640725433826447,0.13283833861351013,1,432,2.3891441437983993,159,83,190,27315.216796875,0.22689121961593628,0.14203877747058868,0.6201419830322266,0.38469943404197693,0.23544257879257202,365,50,1,107,1,30,20,10,0.1736111111111111,0.0899631604552269,0.044271763414144516,0.21502552926540375,0.019589511677622795,0.010927973315119743,0.0,0.05819934606552124,0.013610296882689,0.025930432602763176,0.03164561092853546,0.054929833859205246,0.01652064546942711,0.010516631416976452,0.022408299148082733,0.012757247313857079,0.16967390477657318,0.14547942578792572,0.014998884871602058,0.028735753148794174,0.01481576170772314,0.05383213236927986,0.008634844794869423,581,1.2314476182463365,177,131,273,16777.349609375,-0.1190682053565979,0.19899313151836395,-0.08094215393066406,532,38,17,673,-2,14,-0.04133075573105188
g1192.t2,g5133.t1,0.9735,78.3,1,528,3.0033016049495105,275,88,165,35937.41015625,0.2050510048866272,0.22855666279792786,0.5490633249282837,0.34290486574172974,0.20615845918655396,482,72,4,98,1,40,29,11,0.19507575757575757,0.11097133904695511,0.09518713504076004,0.026889681816101074,0.0,0.052069373428821564,0.02720293402671814,0.03644755482673645,0.00951693207025528,0.09464650601148605,0.01732899621129036,0.04218226671218872,0.0,0.031925685703754425,0.06867659837007523,0.035880204290151596,0.0018588202074170113,0.1820213496685028,0.16088353097438812,1,710,3.5629485359571214,422,93,195,46553.4296875,0.1849554479122162,0.2352772057056427,0.5680990219116211,0.3005620241165161,0.26753702759742737,650,69,4,128,4,57,47,10,0.18732394366197183,0.10359790921211243,0.007672697305679321,0.18877699971199036,0.03887256234884262,0.011668316088616848,0.0,0.024037668481469154,0.015420587733387947,0.029107969254255295,0.08739696443080902,0.020038973540067673,0.03413093090057373,0.07421658933162689,0.023589937016367912,0.00901009887456894,0.11178501695394516,0.16393910348415375,0.0,0.05266451835632324,0.004073180723935366,0.004246100317686796,0.0020649947691708803,-182,-0.5596469310076109,-147,-5,-30,-10616.01953125,0.02009555697441101,-0.006720542907714844,-0.019035696983337402,-168,3,0,-30,-3,1,0.007751813913785738
g12824.t1,g23.t1,0.9728,55.4,1,371,2.1629910435633306,106,96,169,24156.80859375,0.18226252496242523,0.3183317482471466,0.46378257870674133,0.2555941045284271,0.2081885039806366,378,44,16,389,-10,21,18,3,0.1778975741239892,0.13704811036586761,0.07114037871360779,0.0065961191430687904,0.011902373284101486,0.0,0.044702570885419846,0.08488409221172333,0.003184285946190357,0.05002506077289581,0.035623207688331604,0.015205292031168938,0.0,0.03277131915092468,0.13375042378902435,0.017321044579148293,0.012982543557882309,0.11014549434185028,0.14544859528541565,1,358,2.1315369023242856,118,95,145,23241.716796875,0.2627154588699341,0.2959464192390442,0.3651265501976013,0.20855392515659332,0.15657266974449158,353,35,16,362,-10,19,17,2,0.18994413407821228,0.08154153823852539,0.07990975677967072,0.16335493326187134,0.005473900120705366,0.07621150463819504,0.0,0.002648331690579653,0.036902569234371185,0.06856676936149597,0.04264868423342705,0.0037071469705551863,0.07425372302532196,0.11314400285482407,0.07704289257526398,0.0068024564534425735,0.04519898444414139,0.07503113150596619,0.002082384657114744,0.020188983529806137,0.02529028058052063,0.032197464257478714,0.05507171154022217,13,0.031454141239045,-12,1,24,915.091796875,-0.08045293390750885,0.022385329008102417,0.09865602850914001,25,9,0,27,0,1,-0.012046559954223074
g899.t1,g14307.t2,0.972,57.4,1,1040,4.233439852216103,125,153,762,100380.671875,0.14714421331882477,0.48313695192337036,0.3467187285423279,0.19807428121566772,0.14864444732666016,716,87,52,530,-22,40,48,-8,0.2701923076923077,0.09191686660051346,0.056727565824985504,0.021785594522953033,0.0031926564406603575,0.011571490205824375,0.0028431485407054424,0.021373597905039787,0.03800269588828087,0.07881919294595718,0.023000113666057587,0.015288432128727436,0.0015107258222997189,0.09055009484291077,0.25398898124694824,0.01982036791741848,0.006645891349762678,0.14831660687923431,0.049757689237594604,1,603,2.970577898504742,107,150,346,41038.94921875,0.33557212352752686,0.3322651982307434,0.31892862915992737,0.17272187769412994,0.1462067812681198,579,65,29,655,-6,18,17,1,0.18407960199004975,0.11199630796909332,0.039750248193740845,0.10782282799482346,0.025549229234457016,0.013234092853963375,0.0005573840462602675,0.033100057393312454,0.053921159356832504,0.01784530095756054,0.020012876018881798,0.024854181334376335,0.0768563523888588,0.11957452446222305,0.06175507232546806,0.036087293177843094,0.0648990347981453,0.034210462123155594,0.061294298619031906,0.06019061803817749,0.036488693207502365,0.04709700495004654,0.017791299149394035,437,1.2628619537113606,18,3,416,59341.72265625,-0.1884279102087021,0.15087175369262695,0.027790099382400513,137,22,23,-125,-16,-9,0.08611270570225793
g1831.t2,g2601.t1,0.9718,41.2,1,464,2.340615807481516,228,83,153,32746.9609375,0.16194161772727966,0.3193812072277069,0.5047740340232849,0.2172977477312088,0.2874763011932373,430,54,37,380,-23,24,34,-10,0.17025862068965517,0.193879634141922,0.09359666705131531,0.018819160759449005,0.0014955726219341159,0.024183576926589012,0.022558551281690598,0.021864594891667366,0.005517659708857536,0.09749510884284973,0.01390314381569624,0.016053592786192894,0.006794797722250223,0.03688766062259674,0.12444239854812622,0.034704580903053284,0.003562482539564371,0.11409833282232285,0.10319939255714417,1,447,2.177135328697243,201,78,168,27829.2890625,0.19938385486602783,0.27255624532699585,0.5077345967292786,0.2791529893875122,0.22858163714408875,441,56,52,409,-16,22,29,-7,0.15212527964205816,0.09022701531648636,0.012173768132925034,0.1925443857908249,0.008808847516775131,0.02032526768743992,0.0,0.030779452994465828,0.019024115055799484,0.03430786356329918,0.08893566578626633,0.06438380479812622,0.028789924457669258,0.04045971482992172,0.01391287986189127,0.07004676014184952,0.08660860359668732,0.13835462927818298,0.011760742403566837,0.017593540251255035,0.030962996184825897,0.03293941915035248,0.03400364890694618,17,0.16348047878427296,27,5,-15,4917.671875,-0.03744223713874817,0.04682496190071106,-0.0029605627059936523,-11,-2,-15,-29,-7,-3,0.018133341047597007
g16603.t3,g8642.t2,0.9708,78.7,1,727,4.248470445460001,258,135,334,68972.2109375,0.12098310887813568,0.2515506446361542,0.6217643618583679,0.27146828174591064,0.3502960801124573,681,142,5,454,-17,68,75,-7,0.24484181568088034,0.27884796261787415,0.07144814729690552,0.020737426355481148,0.0,0.031237225979566574,0.005680397152900696,0.0175798237323761,0.012993215583264828,0.14714916050434113,0.005701863672584295,0.012165806256234646,0.009955148212611675,0.0527428574860096,0.015451284125447273,0.007380488328635693,0.014612728729844093,0.23786909878253937,0.03359919413924217,1,699,4.052119860357013,265,135,299,59156.890625,0.1372678577899933,0.21193015575408936,0.63327556848526,0.2470104694366455,0.3862650990486145,610,104,2,469,-25,56,71,-15,0.22746781115879827,0.08777229487895966,0.019600367173552513,0.22538506984710693,0.01084394846111536,0.01752645894885063,0.0,0.05411497503519058,0.006398673634976149,0.013253752142190933,0.07007809728384018,0.05340610817074776,0.04480868577957153,0.025412309914827347,0.00646938057616353,0.012487674131989479,0.021625401452183723,0.29849281907081604,0.008937657810747623,0.011560115031898022,0.011826266534626484,0.0159141942858696,0.00893398653715849,28,0.1963505851029872,-7,0,35,9815.3203125,-0.016284748911857605,0.03962048888206482,-0.01151120662689209,71,38,3,-15,8,8,0.01737400452208207
g16757.t1,g661.t1,0.9707,76.6,1,197,2.4973801951512273,97,10,90,28808.484375,0.15957318246364594,0.19550150632858276,0.6088588833808899,0.4035293757915497,0.2053295075893402,152,15,0,39,19,30,17,13,0.3299492385786802,0.15148918330669403,0.053840335458517075,0.05225507169961929,,0.0389733612537384,0.011800489388406277,0.029567964375019073,0.004367995075881481,0.015460323542356491,0.0360664464533329,0.0024639968760311604,0.0,0.02678734064102173,0.008345458656549454,0.007478105835616589,0.04755733162164688,0.2507661283016205,0.15276320278644562,1,191,2.279993907584411,101,10,80,26106.4453125,0.23205076158046722,0.12401522696018219,0.637649655342102,0.4489632546901703,0.18868638575077057,163,18,0,24,21,31,15,16,0.31413612565445026,0.08844093233346939,0.04887721687555313,0.29309582710266113,0.007044740486890078,0.0062843868508934975,,0.06455063074827194,0.020147530362010002,0.037695541977882385,0.005677323788404465,0.03387711942195892,0.04831765219569206,0.0077575924806296825,0.008404252119362354,0.058804403990507126,0.15586744248867035,0.10024542361497879,0.0,0.006673965137451887,0.008238007314503193,0.08555056154727936,0.024466685950756073,6,0.21738628756681644,-4,0,10,2702.0390625,-0.07247757911682129,0.07148627936840057,-0.028790771961212158,-11,-3,0,15,-2,-3,0.015813112924229933
g54.t1,g14147.t3,0.9699,50.4,1,558,2.5803796211611187,171,121,266,33739.359375,0.2869706451892853,0.27858683466911316,0.42004841566085815,0.2740670144557953,0.14598140120506287,521,55,12,638,-3,35,20,15,0.17562724014336917,0.08506394922733307,0.0609174408018589,0.05783090740442276,0.009923207573592663,0.06254787743091583,0.0075963763520121574,0.045852985233068466,0.017723936587572098,0.08148714900016785,0.014394139871001244,0.01686355285346508,0.0012268422869965434,0.07585203647613525,0.05521881952881813,0.02327522449195385,0.0053398036397993565,0.2005193829536438,0.0735476166009903,1,550,2.4103695870465938,176,131,243,29994.982421875,0.2690194845199585,0.3540593981742859,0.34955957531929016,0.26520875096321106,0.08435086905956268,511,45,7,658,-12,23,14,9,0.15818181818181817,0.022179709747433662,0.01998831145465374,0.20483680069446564,0.02172904461622238,0.02736145630478859,0.010624298825860023,0.05597357079386711,0.027617787942290306,0.0754745677113533,0.09430348873138428,0.06706707924604416,0.0597064234316349,0.09169194847345352,0.009136052802205086,0.026354536414146423,0.060371942818164825,0.062171146273612976,0.03419279679656029,0.026170603930950165,0.0030483962036669254,0.04316944256424904,0.06164932623505592,8,0.17001003411452498,-5,-10,23,3744.376953125,0.017951160669326782,-0.07547256350517273,0.070488840341568,10,10,5,-20,9,6,0.017445421961550994
g9539.t1,g3131.t1,0.9697,84.1,1,202,1.8343617880113237,107,16,79,21400.287109375,0.2422642707824707,0.2093578577041626,0.5368098616600037,0.4707939624786377,0.06601585447788239,171,16,0,41,17,25,9,16,0.2376237623762376,0.027993427589535713,0.03802243620157242,0.019716648384928703,0.0,0.06891179084777832,0.037671223282814026,0.0,0.10553981363773346,0.049073342233896255,0.011568048037588596,0.04040667414665222,0.0,0.0010553982574492693,0.063624307513237,0.004372363910079002,0.007397626992315054,0.2071748822927475,0.263619065284729,1,201,1.8495295969680074,107,16,78,22172.34765625,0.2807130515575409,0.23619136214256287,0.47511953115463257,0.42573845386505127,0.04938111454248428,172,13,0,45,15,24,8,16,0.25870646766169153,0.01923396997153759,0.056415315717458725,0.16936559975147247,0.04873964563012123,0.007975991815328598,0.0,0.11200186610221863,0.03943486884236336,0.0,0.03323524072766304,0.06929051876068115,0.0449945405125618,0.03481059521436691,0.002460589399561286,0.0049477205611765385,0.2563728392124176,0.030147144570946693,0.0,0.05614794045686722,0.014425590634346008,0.05053596943616867,0.003316965652629733,1,-0.015167808956683793,0,0,1,-772.060546875,-0.03844878077507019,-0.02683350443840027,0.061690330505371094,-1,3,0,-4,2,0,-0.021082705285453918
g9632.t1,g5594.t1,0.9695,51.0,1,149,1.610963471187802,53,27,69,16667.53515625,0.21633310616016388,0.19649150967597961,0.5654603242874146,0.32735496759414673,0.2381054013967514,126,8,1,119,1,16,13,3,0.28187919463087246,0.15081267058849335,0.08729271590709686,0.04083270952105522,0.0058816964738070965,0.09847215563058853,0.0005697040469385684,0.019551850855350494,0.0,0.08182589709758759,0.021715018898248672,0.05168657377362251,0.0,0.0021294094622135162,0.03870841860771179,0.005789827089756727,0.009339910000562668,0.19714440405368805,0.1302105337381363,1,150,1.6110564012604207,57,31,62,16312.427734375,0.22328849136829376,0.26456040143966675,0.4831705391407013,0.27933743596076965,0.20383310317993164,132,12,0,240,-1,13,10,3,0.29333333333333333,0.12148366123437881,0.018862228840589523,0.22150583565235138,0.01295087207108736,0.02898053266108036,0.0,0.050927549600601196,0.03360617905855179,0.03809361159801483,0.05834255367517471,0.038868796080350876,0.0003910841478500515,0.12131385505199432,0.019977478310465813,0.023731106892228127,0.05783161520957947,0.08234942704439163,0.0,0.058745648711919785,0.012037929147481918,0.05803646892309189,0.0,-1,-9.293007261867992e-05,-4,-4,7,355.107421875,-0.006955385208129883,-0.06806889176368713,0.08228978514671326,-6,-4,1,-121,2,0,-0.01145413870246087
g11083.t1,g1183.t1,0.9686,72.3,1,419,2.2363065786119805,190,70,159,28911.76171875,0.21374517679214478,0.14159460365772247,0.5979726314544678,0.3227565586566925,0.2752160131931305,387,45,38,342,-15,24,32,-8,0.1766109785202864,0.21050792932510376,0.06470806151628494,0.011606376618146896,0.0,0.01690884493291378,0.030226368457078934,0.043399590998888016,0.0,0.02731282450258732,0.04668764770030975,0.020724130794405937,0.017366312444210052,0.041874658316373825,0.018040623515844345,0.01796756684780121,0.010165407322347164,0.1763596385717392,0.1463969498872757,1,446,2.1615531163947197,209,84,153,27360.51953125,0.1698703169822693,0.22691045701503754,0.5510945916175842,0.3263925313949585,0.22470204532146454,440,52,31,331,-17,23,27,-4,0.1591928251121076,0.05735957995057106,0.009670021943747997,0.2711585462093353,0.0007075624889694154,0.05212460830807686,0.0,0.018583137542009354,0.016664618626236916,0.02959163300693035,0.039517417550086975,0.01253216341137886,0.08568311482667923,0.036335576325654984,0.01674564555287361,0.07260053604841232,0.05523401126265526,0.16734245419502258,0.010085714980959892,0.011886068619787693,0.03617756813764572,0.013974716886878014,0.08577233552932739,-27,0.07475346221726076,-19,-14,6,1551.2421875,0.04387485980987549,-0.08531585335731506,0.046878039836883545,-53,-7,7,11,2,-4,0.017418153408178788
g54.t1,g14147.t1,0.9676,50.4,1,558,2.5803796211611187,171,121,266,33739.359375,0.2869706451892853,0.27858683466911316,0.42004841566085815,0.2740670144557953,0.14598140120506287,521,55,12,638,-3,35,20,15,0.17562724014336917,0.08506394922733307,0.0609174408018589,0.05783090740442276,0.009923207573592663,0.06254787743091583,0.0075963763520121574,0.045852985233068466,0.017723936587572098,0.08148714900016785,0.014394139871001244,0.01686355285346508,0.0012268422869965434,0.07585203647613525,0.05521881952881813,0.02327522449195385,0.0053398036397993565,0.2005193829536438,0.0735476166009903,1,742,2.863847591531013,236,184,322,38041.98046875,0.30132943391799927,0.30699217319488525,0.3270721435546875,0.23527264595031738,0.09179950505495071,651,63,10,895,-10,31,17,14,0.14690026954177898,0.01508447714149952,0.05231757089495659,0.1810085028409958,0.024257207289338112,0.06460628658533096,0.015728220343589783,0.08601973205804825,0.01990375481545925,0.056288428604602814,0.07081494480371475,0.05145348981022835,0.07506003975868225,0.06557390093803406,0.016074322164058685,0.030787993222475052,0.05426414683461189,0.07671502232551575,0.01958913542330265,0.01599504053592682,0.008457805961370468,0.04316944256424904,0.06164932623505592,-184,-0.28346797036989413,-65,-63,-56,-4302.62109375,-0.01435878872871399,-0.028405338525772095,0.09297627210617065,-130,-8,2,-257,7,1,0.028726970601590185
g17133.t1,g10925.t1,0.9669,61.9,1,132,2.719183544500486,67,0,65,26825.0,0.2623627781867981,0.2362091839313507,0.4868113696575165,0.39765915274620056,0.08915220946073532,84,1,0,0,9,19,8,11,0.4318181818181818,0.061125803738832474,0.028026403859257698,0.020890556275844574,,0.1399884819984436,0.027099085971713066,0.005893784575164318,0.025256333872675896,0.10806509852409363,0.014616681262850761,0.047841042280197144,,0.02429058589041233,0.002473324304446578,0.009141379036009312,0.03415015712380409,0.2581024765968323,0.13955670595169067,1,127,2.584586023884402,60,0,67,25516.7890625,0.2370840311050415,0.39506587386131287,0.34213748574256897,0.221885547041893,0.12025196105241776,91,6,0,0,1,11,8,3,0.4566929133858268,0.037563808262348175,0.05294710397720337,0.12555697560310364,0.004425678867846727,0.0257126297801733,,0.07470216602087021,0.018072620034217834,0.02655407413840294,0.12796297669410706,0.10428520292043686,0.06433776766061783,0.04526212438941002,0.024910252541303635,0.0,0.09632857143878937,0.08268814533948898,,0.053544748574495316,0.03514518588781357,0.040130939334630966,0.013351226225495338,5,0.13459752061608432,7,0,-2,1308.2109375,0.025278747081756592,-0.15885668992996216,0.1446738839149475,-7,-5,0,0,8,8,-0.02487473156764497
g5143.t1,g2790.t1,0.9652,58.8,1,157,2.3393191713766366,52,7,98,24988.287109375,0.18236006796360016,0.1605941653251648,0.6408818364143372,0.5511572360992432,0.08972473442554474,95,3,2,32,37,31,5,26,0.3503184713375796,0.037477973848581314,0.05224675312638283,0.03814367577433586,0.0,0.08211150020360947,0.01907440461218357,0.020401330664753914,0.01871979609131813,0.0073457565158605576,0.01616382971405983,0.0,,0.025374876335263252,0.051380399614572525,0.012653988786041737,0.027002613991498947,0.16765981912612915,0.38349735736846924,1,187,2.288988800694303,64,28,95,25916.2578125,0.18963371217250824,0.12009134888648987,0.6540216207504272,0.467221200466156,0.18680042028427124,122,8,0,7,31,32,8,24,0.31016042780748665,0.08141116052865982,0.0304937195032835,0.26120641827583313,0.039576467126607895,0.03625326603651047,0.0,0.07512025535106659,0.02968447096645832,0.008341427892446518,0.010017137974500656,0.014130433090031147,0.012064652517437935,0.03187400847673416,0.02577127516269684,0.00821692869067192,0.20601481199264526,0.10538924485445023,,0.0021136433351784945,0.022320644930005074,0.030416131019592285,0.01032978855073452,-30,0.05033037068233348,-12,-21,3,-927.970703125,-0.007273644208908081,0.04050281643867493,-0.013139784336090088,-27,-5,2,25,6,2,0.040158043530092946
g6625.t1,g6668.t1,0.9641,63.6,1,323,2.221427858242783,98,72,153,25103.21484375,0.3398572504520416,0.29458966851234436,0.35529354214668274,0.25942736864089966,0.09586609899997711,282,35,47,388,-1,22,12,10,0.21671826625386997,0.03854815289378166,0.057317957282066345,0.06502799689769745,0.00530054047703743,0.05013449490070343,0.038496699184179306,0.08345403522253036,0.037531107664108276,0.025380205363035202,0.010259524919092655,0.005345564801245928,0.0,0.040246639400720596,0.10681632161140442,0.024073025211691856,0.01265385840088129,0.23034517467021942,0.02908221073448658,1,327,2.374824473727844,82,74,171,28388.140625,0.2873188555240631,0.3799009621143341,0.3242643475532532,0.21997466683387756,0.10428968816995621,277,27,46,399,-7,18,10,8,0.21406727828746178,0.07770320773124695,0.08421780914068222,0.202217698097229,0.0,0.008515722118318081,0.01721506379544735,0.06933415681123734,0.04440438747406006,0.027019567787647247,0.06708503514528275,0.04016103595495224,0.044934097677469254,0.10881005972623825,0.08905553072690964,0.0,0.01775696501135826,0.02658647485077381,0.0,0.01769181713461876,0.057291269302368164,0.06569541245698929,0.07429102808237076,-4,-0.153396615485061,16,-2,-18,-3284.92578125,0.052538394927978516,-0.08531129360198975,0.031029194593429565,5,8,1,-11,6,2,0.002650987966408197
g9379.t2,g9061.t1,0.9634,65.1,1,495,2.6409849150514453,182,137,176,36173.89453125,0.3522472381591797,0.2384823113679886,0.39554697275161743,0.19335544109344482,0.2021915167570114,479,57,25,277,-6,20,23,-3,0.19393939393939394,0.17025364935398102,0.0319378599524498,0.07656572759151459,0.0034008254297077656,0.0651860311627388,0.006793820299208164,0.054320015013217926,0.04067311808466911,0.07739261537790298,0.013723519630730152,0.019180526956915855,0.0,0.01510600559413433,0.0478607676923275,0.05788903310894966,0.035983916372060776,0.10374429821968079,0.08961115777492523,1,497,2.3956920295002546,202,135,160,29074.638671875,0.2766384780406952,0.40952596068382263,0.283039927482605,0.15803520381450653,0.12500470876693726,472,43,6,331,-6,20,18,2,0.16901408450704225,0.02022128738462925,0.04304296523332596,0.05018727108836174,0.007768222130835056,0.030795596539974213,0.00011239278683206066,0.0670541375875473,0.014410247094929218,0.03303753584623337,0.15305449068546295,0.08180687576532364,0.03667623922228813,0.1140260100364685,0.037146128714084625,0.02485831081867218,0.10784792900085449,0.10478341579437256,0.0006658475031144917,0.06306532770395279,0.009439735673367977,0.05194436013698578,0.038432784378528595,-2,0.24529288555119066,-20,2,16,7099.255859375,0.0756087601184845,-0.17104364931583405,0.11250704526901245,7,14,19,-54,0,-5,0.02492530943235169
g9054.t1,g15558.t2,0.9634,48.1,1,291,2.047393218132021,98,70,123,25129.87109375,0.43365606665611267,0.3638971149921417,0.1758783757686615,0.1374237984418869,0.0384545736014843,253,23,12,237,0,11,4,7,0.23024054982817868,0.006191822700202465,0.03226274996995926,0.08268629014492035,0.010922995395958424,0.07389990985393524,0.008421370759606361,0.06051162630319595,0.054529763758182526,0.1094745397567749,0.026568494737148285,0.008853389881551266,0.0002567897317931056,0.03263823688030243,0.0964696928858757,0.07511099427938461,0.013299571350216866,0.06372653692960739,0.07369726151227951,1,185,1.657563522589909,73,35,77,18140.375,0.3486490845680237,0.23908071219921112,0.4108506739139557,0.2077225297689438,0.2031281441450119,161,12,4,87,-7,8,10,-2,0.23783783783783785,0.15025734901428223,0.08821666240692139,0.18065187335014343,0.016007890924811363,0.0014195414260029793,0.004323323257267475,0.006284770555794239,0.013218258507549763,0.15410743653774261,0.10933130979537964,0.02473434992134571,0.053852688521146774,0.03362077847123146,0.01049406360834837,0.002093835035338998,0.02707064151763916,0.052870798856019974,0.0673535093665123,0.0040909056551754475,0.0,0.09267071634531021,0.07780728489160538,106,0.3898296955421119,25,35,46,6989.49609375,0.08500698208808899,0.1248164027929306,-0.2349722981452942,92,11,8,150,7,9,-0.00759728800965917
g7337.t1,g11406.t1,0.9626,53.9,1,216,1.8686920563825131,136,17,63,20698.359375,0.16059231758117676,0.22188013792037964,0.6120716333389282,0.42195186018943787,0.19011977314949036,209,21,0,271,-5,21,14,7,0.25925925925925924,0.08838707208633423,0.10173270106315613,0.00673096114769578,,0.07155904173851013,0.01946677267551422,0.03445039317011833,0.0,0.09745077788829803,0.005455945152789354,0.04769602045416832,0.0,0.011517168954014778,0.040587931871414185,0.0,0.006468948442488909,0.41076794266700745,0.01118389144539833,1,223,1.9338362300103809,139,14,70,22040.732421875,0.16386492550373077,0.2977350056171417,0.5000997185707092,0.26468563079833984,0.235414057970047,216,22,0,232,-11,15,18,-3,0.25112107623318386,0.062059082090854645,0.0024819576647132635,0.2389550656080246,0.0,0.03830036148428917,0.0,0.07824716717004776,0.04070797935128212,0.01742042787373066,0.18014226853847504,0.042251523584127426,0.01781954988837242,0.016813701018691063,0.008783409371972084,0.00028610535082407296,0.025730574503540993,0.17335499823093414,0.0,0.05664585903286934,0.0,0.04638852924108505,0.0001558841613586992,-7,-0.06514417362786773,-3,3,-7,-1342.373046875,-0.003272607922554016,-0.07585486769676208,0.111971914768219,-7,-1,0,39,6,10,0.008138183026075385
g663.t2,g14307.t2,0.9626,58.5,1,613,2.995995565423304,125,145,343,42263.953125,0.314920574426651,0.3407989740371704,0.33798378705978394,0.19359515607357025,0.14438866078853607,561,67,34,539,-6,22,20,2,0.18107667210440456,0.09095928817987442,0.053429365158081055,0.027724361047148705,0.0008505019941367209,0.03578893467783928,0.029381942003965378,0.009692047722637653,0.02658546343445778,0.0633634626865387,0.006296646781265736,0.07638482004404068,0.03784942999482155,0.026845822110772133,0.15562739968299866,0.020201241597533226,0.04676414653658867,0.089476078748703,0.10411906987428665,1,603,2.970577898504742,107,150,346,41038.94921875,0.33557212352752686,0.3322651982307434,0.31892862915992737,0.17272187769412994,0.1462067812681198,579,65,29,655,-6,18,17,1,0.18407960199004975,0.11199630796909332,0.039750248193740845,0.10782282799482346,0.025549229234457016,0.013234092853963375,0.0005573840462602675,0.033100057393312454,0.053921159356832504,0.01784530095756054,0.020012876018881798,0.024854181334376335,0.0768563523888588,0.11957452446222305,0.06175507232546806,0.036087293177843094,0.0648990347981453,0.034210462123155594,0.061294298619031906,0.06019061803817749,0.036488693207502365,0.01796569675207138,0.080694280564785,10,0.025417666918561732,18,-5,-3,1225.00390625,-0.020651549100875854,0.008533775806427002,0.019055157899856567,-18,2,5,-116,0,1,-0.0030029298856451836
g8474.t1,g3615.t1,0.9622,48.0,1,516,3.8667118325024936,130,221,165,46421.2109375,0.3260994553565979,0.3024410307407379,0.2704940140247345,0.1975434273481369,0.072950579226017,402,27,4,361,-4,29,15,14,0.25193798449612403,0.05338767543435097,0.019562900066375732,0.04810576140880585,0.008433080278337002,0.049736496061086655,0.007728442549705505,0.04892060160636902,0.05153373256325722,0.03493981063365936,0.10096551477909088,0.009812568314373493,0.028743164613842964,0.016702938824892044,0.1376054733991623,0.04451073333621025,0.05154019221663475,0.10137106478214264,0.09617235511541367,1,476,3.5967622589073867,107,213,156,37676.671875,0.3638388216495514,0.35365235805511475,0.21027015149593353,0.15213002264499664,0.05814012512564659,374,11,0,179,-9,15,16,-1,0.23109243697478993,0.036514151841402054,0.04961887747049332,0.12323085963726044,0.019677162170410156,0.07223866879940033,0.0,0.041131503880023956,0.006636793725192547,0.10683945566415787,0.06160896271467209,0.05204636603593826,0.03835488483309746,0.16814571619033813,0.027781512588262558,0.038879550993442535,0.028899168595671654,0.02162596583366394,0.03788996487855911,0.04202080890536308,0.02685963176190853,0.04549109935760498,0.04473641887307167,40,0.26994957359510696,23,8,9,8744.5390625,-0.03773936629295349,-0.05121132731437683,0.060223862528800964,28,16,4,182,5,15,0.020845547521334107
g663.t1,g14307.t2,0.962,60.0,1,589,2.952104048422304,112,143,334,40001.5234375,0.2770597040653229,0.3821382224559784,0.33414778113365173,0.1810280829668045,0.15311969816684723,552,61,24,531,-5,22,21,1,0.1867572156196944,0.09500031173229218,0.05811939388513565,0.022518761456012726,0.0,0.014090018346905708,0.03103669360280037,0.010643519461154938,0.03058222122490406,0.0671115517616272,0.0066543095745146275,0.08498372882604599,0.03934638947248459,0.04047956317663193,0.17444853484630585,0.022627007216215134,0.054867979139089584,0.06848654896020889,0.11254154145717621,1,603,2.970577898504742,107,150,346,41038.94921875,0.33557212352752686,0.3322651982307434,0.31892862915992737,0.17272187769412994,0.1462067812681198,579,65,29,655,-6,18,17,1,0.18407960199004975,0.11199630796909332,0.039750248193740845,0.10782282799482346,0.025549229234457016,0.013234092853963375,0.0005573840462602675,0.033100057393312454,0.053921159356832504,0.01784530095756054,0.020012876018881798,0.024854181334376335,0.0768563523888588,0.11957452446222305,0.06175507232546806,0.036087293177843094,0.0648990347981453,0.034210462123155594,0.061294298619031906,0.06019061803817749,0.036488693207502365,0.014193917624652386,0.05226805806159973,-14,-0.018473850082438403,5,-7,-12,-1037.42578125,-0.05851241946220398,0.049873024225234985,0.015219151973724365,-27,-4,-5,-124,1,0,0.002677613629644665
g16188.t2,g16889.t1,0.9614,29.1,1,76,1.1612962467528984,18,26,32,11969.802734375,0.09278129041194916,0.4334450662136078,0.47109857201576233,0.25387972593307495,0.21721884608268738,70,10,0,2,0,9,9,0,0.42105263157894735,0.14957036077976227,0.06764848530292511,0.06439258903265,,0.0,0.1964900642633438,0.0040433574467897415,0.0,0.10811285674571991,0.0026750671677291393,0.019493307918310165,,0.0646112933754921,0.026923036202788353,0.0,0.0,0.16026602685451508,0.09361370652914047,1,73,1.145372525502532,15,28,30,11869.9990234375,0.19563965499401093,0.26455721259117126,0.5162579417228699,0.3549916446208954,0.1612662523984909,61,5,0,67,1,10,6,4,0.3698630136986301,0.08556270599365234,0.05801447480916977,0.1915024071931839,0.0070364284329116344,0.023545270785689354,0.0,0.05292239040136337,0.03319176658987999,0.0010872945422306657,0.018128443509340286,0.029985656961798668,0.004892825148999691,0.09428787976503372,0.0,0.0,0.16348925232887268,0.07570354640483856,0.044850900769233704,0.031728148460388184,0.08407066017389297,0.037307821214199066,0.004852029494941235,3,0.01592372125036645,3,-2,2,99.8037109375,-0.10285836458206177,0.16888785362243652,-0.045159369707107544,9,5,0,-65,-1,-4,0.05118961788031723
g19521.t1,g1638.t1,0.9604,35.1,1,185,1.6168638063228868,69,44,72,19210.61328125,0.2318929135799408,0.18757888674736023,0.5714969635009766,0.3171062171459198,0.254390686750412,162,27,2,86,0,18,17,1,0.24324324324324326,0.12241650372743607,0.13197417557239532,0.05408197268843651,0.003688482102006674,0.1254238337278366,0.02121506631374359,0.0023513901978731155,0.04684452712535858,0.028451839461922646,0.009031320922076702,0.0023513901978731155,0.0005038693198002875,0.03867923095822334,0.0663510113954544,0.00033591288956813514,0.0,0.2600971460342407,0.057009097188711166,1,180,1.6771086990493176,70,42,68,18651.63671875,0.3415319621562958,0.20199240744113922,0.4375487267971039,0.2456955909729004,0.1918531358242035,153,20,1,121,-1,12,13,-1,0.25,0.042430564761161804,0.048956163227558136,0.1984616369009018,0.0323491245508194,0.018926916643977165,0.0,0.07638829946517944,0.006570329423993826,0.010379398241639137,0.029187435284256935,0.02870790846645832,0.031570397317409515,0.10494206100702286,0.034248072654008865,0.042209554463624954,0.04723396152257919,0.1494225710630417,0.07693448662757874,0.02006683684885502,0.0010142764076590538,0.02919325977563858,0.0,5,-0.06024489272643074,-1,2,4,558.9765625,-0.10963904857635498,-0.014413520693778992,0.13394823670387268,9,7,1,-35,1,2,-0.006756756756756743
g1831.t2,g1183.t1,0.9602,40.0,1,464,2.340615807481516,228,83,153,32746.9609375,0.16194161772727966,0.3193812072277069,0.5047740340232849,0.2172977477312088,0.2874763011932373,430,54,37,380,-23,24,34,-10,0.17025862068965517,0.193879634141922,0.09359666705131531,0.018819160759449005,0.0014955726219341159,0.024183576926589012,0.022558551281690598,0.021864594891667366,0.005517659708857536,0.09749510884284973,0.01390314381569624,0.016053592786192894,0.006794797722250223,0.03688766062259674,0.12444239854812622,0.034704580903053284,0.003562482539564371,0.11409833282232285,0.10319939255714417,1,446,2.1615531163947197,209,84,153,27360.51953125,0.1698703169822693,0.22691045701503754,0.5510945916175842,0.3263925313949585,0.22470204532146454,440,52,31,331,-17,23,27,-4,0.1591928251121076,0.05735957995057106,0.009670021943747997,0.2711585462093353,0.0007075624889694154,0.05212460830807686,0.0,0.018583137542009354,0.016664618626236916,0.02959163300693035,0.039517417550086975,0.01253216341137886,0.08568311482667923,0.036335576325654984,0.01674564555287361,0.07260053604841232,0.05523401126265526,0.16734245419502258,0.010085714980959892,0.011886068619787693,0.03617756813764572,0.03293941915035248,0.03400364890694618,18,0.1790626910867963,19,-1,0,5386.44140625,-0.007928699254989624,0.09247075021266937,-0.046320557594299316,-10,2,6,49,-6,-6,0.011065795577547555
g8474.t1,g3615.t2,0.9597,48.3,1,516,3.8667118325024936,130,221,165,46421.2109375,0.3260994553565979,0.3024410307407379,0.2704940140247345,0.1975434273481369,0.072950579226017,402,27,4,361,-4,29,15,14,0.25193798449612403,0.05338767543435097,0.019562900066375732,0.04810576140880585,0.008433080278337002,0.049736496061086655,0.007728442549705505,0.04892060160636902,0.05153373256325722,0.03493981063365936,0.10096551477909088,0.009812568314373493,0.028743164613842964,0.016702938824892044,0.1376054733991623,0.04451073333621025,0.05154019221663475,0.10137106478214264,0.09617235511541367,1,475,3.5875374839664436,111,221,143,37860.46484375,0.371758371591568,0.35006657242774963,0.209843710064888,0.15131570398807526,0.05852799117565155,376,10,0,169,-9,15,16,-1,0.2294736842105263,0.03749890998005867,0.055775485932826996,0.12447802722454071,0.020007750019431114,0.06833134591579437,0.0,0.04418124631047249,0.007845013402402401,0.10459499061107635,0.0693504735827446,0.05379629135131836,0.029778078198432922,0.16305938363075256,0.024586427956819534,0.03092394396662712,0.0268376637250185,0.02102908119559288,0.03947851061820984,0.05221002921462059,0.02623734064400196,0.04549109935760498,0.04473641887307167,41,0.27917434853605005,19,0,22,8560.74609375,-0.04565891623497009,-0.04762554168701172,0.0606503039598465,26,17,4,192,5,15,0.022464300285597733
g18248.t1,g2337.t2,0.9586,69.3,1,550,3.1460266816251785,266,93,191,43479.7578125,0.20037256181240082,0.1448494791984558,0.6263962984085083,0.3509387969970703,0.2754575312137604,480,70,10,97,-2,53,37,16,0.22181818181818183,0.21450333297252655,0.06095419451594353,0.03567036613821983,0.0,0.054390888661146164,0.02172616496682167,0.03889322653412819,0.01981353759765625,0.026840783655643463,0.02838156744837761,0.02453554794192314,0.0034135684836655855,0.04576003551483154,0.013418666087090969,0.023655438795685768,0.001527915126644075,0.24503719806671143,0.10590158402919769,1,551,3.1096874006787956,263,97,191,41886.3203125,0.2773887813091278,0.1931486874818802,0.5236000418663025,0.29608529806137085,0.22751471400260925,474,59,12,104,-4,43,34,9,0.1996370235934664,0.06834979355335236,0.011554653756320477,0.16639827191829681,0.019565880298614502,0.005862538702785969,0.0,0.10885968059301376,0.014018922112882137,0.042578838765621185,0.0750073492527008,0.02724343352019787,0.03186202049255371,0.03799884766340256,0.030339445918798447,7.703102892264724e-05,0.12968705594539642,0.1591649055480957,0.008088258095085621,0.05632500350475311,0.007018122356384993,0.03557591885328293,0.0,-1,0.036339280946382946,3,-4,0,1593.4375,-0.07701621949672699,-0.04829920828342438,0.10279625654220581,6,11,-2,-7,2,7,0.02218115822471542
g13230.t1,g9567.t1,0.9578,60.2,1,665,3.177007303403427,254,171,240,46123.33984375,0.17832255363464355,0.23652715981006622,0.5555390119552612,0.29561930894851685,0.2599197030067444,600,88,0,273,-16,46,50,-4,0.18345864661654135,0.20582608878612518,0.0540936179459095,0.022174056619405746,0.0,0.03142022341489792,0.05092325806617737,0.03527291864156723,0.014130856841802597,0.04456355422735214,0.029611261561512947,0.02461928315460682,0.01985517330467701,0.03107178583741188,0.05504898354411125,0.019727235659956932,0.027342576533555984,0.21221081912517548,0.08340846747159958,1,650,3.023999772556216,251,173,226,42134.0546875,0.11006378382444382,0.3055568039417267,0.5595874190330505,0.2796264886856079,0.2799609303474426,594,69,2,266,-12,47,41,6,0.18923076923076923,0.11369369924068451,0.0036740032956004143,0.21372973918914795,0.0,0.024792026728391647,0.0,0.023384051397442818,0.04132756590843201,0.032345402985811234,0.04865105077624321,0.07664958387613297,0.06418625265359879,0.04371744766831398,0.02265116758644581,0.0013784060720354319,0.06589674204587936,0.1662672609090805,0.00030631243134848773,0.026324449107050896,0.03102491796016693,0.02757701836526394,0.011122804135084152,15,0.15300753084721075,3,-2,14,3989.28515625,0.06825876981019974,-0.06902964413166046,-0.004048407077789307,6,19,-2,7,-4,-10,-0.005772122614227881
g14422.t1,g106.t3,0.9567,93.2,1,377,3.4141311346407037,93,68,216,45103.453125,0.2616634666919708,0.3145035207271576,0.4116315543651581,0.2699763774871826,0.14165516197681427,221,26,18,155,14,31,23,8,0.29973474801061006,0.09892790764570236,0.04272725060582161,0.03905896469950676,0.0,0.035344839096069336,0.018805289641022682,0.1117972582578659,0.016954166814684868,0.11671103537082672,0.012201462872326374,0.015881117433309555,0.010367360897362232,0.05213131755590439,0.08176255971193314,0.013089560903608799,0.004139111377298832,0.14651338756084442,0.12346299737691879,1,200,2.0205840131742967,70,47,83,24236.986328125,0.27002468705177307,0.17407768964767456,0.5343748927116394,0.3323722779750824,0.2020026594400406,162,21,9,86,3,16,14,2,0.27,0.04828154295682907,0.03885425627231598,0.1426941454410553,0.0,0.02152269333600998,0.012134353630244732,0.1393294632434845,0.017810584977269173,0.03727497160434723,0.04376840963959694,0.019492648541927338,0.03257572650909424,0.0399489551782608,0.026891227811574936,0.0007835741271264851,0.1896781623363495,0.15372109413146973,0.004792496096342802,0.022098733112215996,0.008346996270120144,0.04095418378710747,0.019170168787240982,177,1.393547121466407,23,21,133,20866.466796875,-0.008361220359802246,0.14042583107948303,-0.12274333834648132,59,5,9,69,11,6,0.029734748010610046
g9224.t1,g13307.t1,0.9562,37.9,1,219,1.9590423593281265,15,119,85,22638.23828125,0.4305998384952545,0.18539921939373016,0.37538009881973267,0.29539933800697327,0.07998073846101761,179,8,0,260,3,15,6,9,0.2465753424657534,0.07383305579423904,0.006147684529423714,0.069752998650074,0.017747491598129272,0.10311543941497803,0.007607059087604284,0.021213239058852196,0.025764334946870804,0.0395086295902729,0.008620928041636944,0.03363252803683281,0.07890156656503677,0.0404181107878685,0.06600871682167053,0.02823927439749241,0.012991753406822681,0.09620863944292068,0.19919072091579437,1,241,2.6001864259031007,62,107,72,26124.759765625,0.19229869544506073,0.3114028573036194,0.47184062004089355,0.3156317174434662,0.15620890259742737,192,16,0,202,-2,20,21,-1,0.2987551867219917,0.06650839745998383,0.04556947946548462,0.1837901920080185,0.0003705158887896687,0.024457769468426704,0.0,0.017532529309391975,0.024152766913175583,0.0038286643102765083,0.13875418901443481,0.0276692695915699,0.013689377345144749,0.06973641365766525,0.05919447913765907,0.01296805590391159,0.1318415254354477,0.08970050513744354,0.03541548550128937,0.017419490963220596,0.03740084543824196,0.001117465435527265,0.0699804499745369,-22,-0.6411440665749741,-47,12,13,-3486.521484375,0.2383011430501938,-0.12600363790988922,-0.09646052122116089,-13,-8,0,58,5,10,-0.052179844256238284
g14428.t1,g340.t2,0.9556,34.3,1,450,2.439930496781602,170,66,214,32331.359375,0.2069125920534134,0.23861731588840485,0.5281995534896851,0.282654732465744,0.24554480612277985,379,53,25,176,-4,25,31,-6,0.18666666666666668,0.16056080162525177,0.08498400449752808,0.029736988246440887,0.0,0.06686792522668839,0.006969493813812733,0.04011806473135948,0.0,0.06587044894695282,0.026270601898431778,0.03330172225832939,0.0,0.038225553929805756,0.08263600617647171,0.03419337049126625,0.011360212229192257,0.208530455827713,0.07412424683570862,1,421,2.237518302035852,176,68,177,26696.19921875,0.21904177963733673,0.21963123977184296,0.5254104733467102,0.3718665540218353,0.15354391932487488,386,65,9,216,3,28,25,3,0.1828978622327791,0.055773667991161346,0.05192641541361809,0.248443603515625,0.007614282891154289,0.03591650724411011,0.0,0.04527619481086731,0.02958754077553749,0.026106111705303192,0.022641917690634727,0.04577435553073883,0.02622346021234989,0.05602464824914932,0.0,0.058821044862270355,0.12342297285795212,0.09777024388313293,0.0015712011372670531,0.02772653102874756,0.039379335939884186,0.03355560451745987,0.0026944968849420547,29,0.20241219474575,-6,-2,37,5635.16015625,-0.01212918758392334,0.01898607611656189,0.0027890801429748535,-7,-12,16,-40,-7,-9,0.0037688044338875792
g13230.t2,g9567.t1,0.9551,60.4,1,664,3.112250189716827,257,172,235,43306.078125,0.14197281002998352,0.23163534700870514,0.5955191254615784,0.31732073426246643,0.2781984508037567,610,91,0,275,-16,46,44,2,0.17620481927710843,0.22285126149654388,0.05534714087843895,0.011394263245165348,0.0,0.029208898544311523,0.047905333340168,0.04040049761533737,0.006630999967455864,0.04241646081209183,0.030872728675603867,0.02624952606856823,0.012516943737864494,0.02919507771730423,0.050241317600011826,0.00886616948992014,0.03483595326542854,0.2151007056236267,0.10222001373767853,1,650,3.023999772556216,251,173,226,42134.0546875,0.11006378382444382,0.3055568039417267,0.5595874190330505,0.2796264886856079,0.2799609303474426,594,69,2,266,-12,47,41,6,0.18923076923076923,0.11369369924068451,0.0036740032956004143,0.21372973918914795,0.0,0.024792026728391647,0.0,0.023384051397442818,0.04132756590843201,0.032345402985811234,0.04865105077624321,0.07664958387613297,0.06418625265359879,0.04371744766831398,0.02265116758644581,0.0013784060720354319,0.06589674204587936,0.1662672609090805,0.00030631243134848773,0.026324449107050896,0.03102491796016693,0.027041207998991013,0.006705505773425102,14,0.08825041716061088,6,-1,9,1172.0234375,0.0319090262055397,-0.07392145693302155,0.03593170642852783,16,22,-2,9,-4,-4,-0.013025949953660798
g9724.t1,g16889.t1,0.955,25.0,1,82,1.2726359941757288,18,25,39,13130.404296875,0.12976957857608795,0.1812882125377655,0.6869857907295227,0.42245781421661377,0.2645280361175537,60,8,0,27,1,12,9,3,0.4024390243902439,0.19343239068984985,0.07109565287828445,0.053021080791950226,,0.003426213748753071,0.07883810251951218,0.0039316946640610695,0.008081109263002872,0.020194964483380318,0.0019565012771636248,0.019792158156633377,0.012778008356690407,0.06736717373132706,,0.0012174500152468681,,0.20495817065238953,0.21749961376190186,1,73,1.145372525502532,15,28,30,11869.9990234375,0.19563965499401093,0.26455721259117126,0.5162579417228699,0.3549916446208954,0.1612662523984909,61,5,0,67,1,10,6,4,0.3698630136986301,0.08556270599365234,0.05801447480916977,0.1915024071931839,0.0070364284329116344,0.023545270785689354,0.0,0.05292239040136337,0.03319176658987999,0.0010872945422306657,0.018128443509340286,0.029985656961798668,0.004892825148999691,0.09428787976503372,0.0,0.0,0.16348925232887268,0.07570354640483856,0.044850900769233704,0.031728148460388184,0.08407066017389297,0.014887974597513676,0.027521861717104912,9,0.12726346867319682,3,-3,9,1260.4052734375,-0.06587007641792297,-0.08326900005340576,0.17072784900665283,-1,3,0,-40,0,-1,0.03257601069161381
g13230.t1,g12148.t1,0.9544,58.4,1,665,3.177007303403427,254,171,240,46123.33984375,0.17832255363464355,0.23652715981006622,0.5555390119552612,0.29561930894851685,0.2599197030067444,600,88,0,273,-16,46,50,-4,0.18345864661654135,0.20582608878612518,0.0540936179459095,0.022174056619405746,0.0,0.03142022341489792,0.05092325806617737,0.03527291864156723,0.014130856841802597,0.04456355422735214,0.029611261561512947,0.02461928315460682,0.01985517330467701,0.03107178583741188,0.05504898354411125,0.019727235659956932,0.027342576533555984,0.21221081912517548,0.08340846747159958,1,669,3.0903111479592185,254,172,243,46120.64453125,0.2621607184410095,0.264352411031723,0.47271728515625,0.2592604458332062,0.21345680952072144,595,83,2,275,-13,43,38,5,0.19730941704035873,0.07936111092567444,0.004687241278588772,0.1904848963022232,0.0008395059267058969,0.0007695471867918968,0.0,0.12628181278705597,0.06961647421121597,0.08094626665115356,0.03556418418884277,0.06491509824991226,0.031074758619070053,0.034911882132291794,0.016860075294971466,0.0025884767528623343,0.06877555698156357,0.1340957134962082,0.0008341844077222049,0.029123172163963318,0.028270024806261063,0.02757701836526394,0.011122804135084152,-4,0.0866961554442085,0,-1,-3,2.6953125,-0.08383816480636597,-0.0278252512216568,0.08282172679901123,5,5,-2,-2,-3,-9,-0.013850770423817382
g16485.t1,g3894.t1,0.9539,50.4,1,104,2.114236623803046,10,32,62,20260.8828125,0.15742559731006622,0.3080880045890808,0.4799848198890686,0.465045303106308,0.014939459972083569,46,4,6,3,26,25,1,24,0.4519230769230769,0.0,0.014939459972083569,0.02420600689947605,0.0012631082208827138,0.0003225702967029065,0.02024967037141323,0.010192002169787884,0.011625251732766628,0.04711869731545448,0.054501622915267944,0.018313752487301826,,0.0,0.047146398574113846,0.09005876630544662,0.09016833454370499,0.2910725176334381,0.17397283017635345,1,127,3.400918900299993,9,35,83,29138.87109375,0.1807854175567627,0.3160412609577179,0.4468607008457184,0.40225982666015625,0.04460085928440094,45,3,10,0,25,24,4,20,0.5118110236220472,,0.0,0.19089829921722412,0.06684015691280365,0.05631265416741371,0.0009738493827171624,0.002103279810398817,0.05081436038017273,0.06943238526582718,0.08257804065942764,0.0,0.007582304999232292,0.15355606377124786,0.017716795206069946,0.020706502720713615,0.21136154234409332,0.04460085928440094,,0.003986278548836708,0.020536668598651886,0.10214176774024963,0.0027072506491094828,-23,-1.286682276496947,1,-3,-21,-8877.98828125,-0.023359820246696472,-0.007953256368637085,0.03312411904335022,1,1,-4,3,1,4,-0.059887946698970296
g12824.t1,g13031.t1,0.9533,38.5,1,371,2.1629910435633306,106,96,169,24156.80859375,0.18226252496242523,0.3183317482471466,0.46378257870674133,0.2555941045284271,0.2081885039806366,378,44,16,389,-10,21,18,3,0.1778975741239892,0.13704811036586761,0.07114037871360779,0.0065961191430687904,0.011902373284101486,0.0,0.044702570885419846,0.08488409221172333,0.003184285946190357,0.05002506077289581,0.035623207688331604,0.015205292031168938,0.0,0.03277131915092468,0.13375042378902435,0.017321044579148293,0.012982543557882309,0.11014549434185028,0.14544859528541565,1,405,2.30068623933693,94,98,213,28249.55078125,0.3602595031261444,0.2639521062374115,0.3622187077999115,0.22063490748405457,0.14158377051353455,380,48,28,492,-10,19,18,1,0.18518518518518517,0.051946401596069336,0.02881588414311409,0.17345014214515686,0.04737353324890137,0.013569608330726624,0.0,0.0803530365228653,0.015540809370577335,0.05849863216280937,0.033332906663417816,0.0765165463089943,0.002855396131053567,0.09270060807466507,0.02669229730963707,0.08836139738559723,0.0471847839653492,0.0896373763680458,0.0042924173176288605,0.025872312486171722,0.043005865067243576,0.032197464257478714,0.05507171154022217,-34,-0.13769519577359945,12,-2,-44,-4092.7421875,-0.17799697816371918,0.05437964200973511,0.10156387090682983,-2,-4,-12,-103,0,2,-0.007287611061195964
g3103.t1,g15888.t1,0.9525,53.5,1,69,1.5342732332373246,53,0,16,13706.1640625,0.25274547934532166,0.14386770129203796,0.5288287401199341,0.32111138105392456,0.2077174335718155,64,14,15,92,-3,9,11,-2,0.463768115942029,0.15388773381710052,0.053829699754714966,0.04893811419606209,0.0004768335784319788,0.02677561156451702,0.014546077698469162,0.11818502098321915,0.0009416336542926729,0.0009219462517648935,0.0745580717921257,0.0002300414489582181,0.01812644675374031,,,0.0,0.11662323027849197,0.25123170018196106,0.06987964361906052,1,71,1.5667766437213302,55,0,16,14470.1689453125,0.265192449092865,0.18624888360500336,0.5485587120056152,0.379795640707016,0.16876301169395447,61,2,15,78,0,9,9,0,0.4225352112676056,0.077570840716362,0.0013073735171929002,0.37673330307006836,,,0.0,0.10057280212640762,0.019824957475066185,0.03855506330728531,0.03499399125576019,0.018694665282964706,0.028080126270651817,0.0010936940088868141,0.02757246419787407,0.007581292185932398,0.003062342992052436,0.09119219332933426,0.025621403008699417,0.06398206204175949,0.08356145769357681,0.01129960361868143,0.039548616856336594,-2,-0.032503410484005624,-2,0,0,-764.0048828125,-0.012446969747543335,-0.04238118231296539,-0.019729971885681152,3,12,0,14,-3,-2,0.041232904674423365
g11087.t1,g3290.t1,0.9518,100.0,1,103,2.274646028889123,49,0,54,22393.53125,0.2290414720773697,0.12820476293563843,0.6029806733131409,0.5717524886131287,0.031228255480527878,71,10,0,20,18,24,4,20,0.42718446601941745,0.02653590217232704,0.004692354239523411,0.05518411099910736,,0.09375931322574615,0.061176322400569916,0.010518120601773262,0.0022659229580312967,0.00471204798668623,0.039773084223270416,0.04209933802485466,,0.004610683303326368,0.001554237212985754,0.021468494087457657,0.034028712660074234,0.3180809020996094,0.2536715567111969,1,103,2.3202809674080473,49,0,54,22644.6328125,0.23398913443088531,0.12889721989631653,0.5950390696525574,0.563195526599884,0.0318436436355114,71,10,0,18,18,24,4,20,0.42718446601941745,0.004922045860439539,0.06055660545825958,0.31092169880867004,0.0018198351608589292,0.04207451641559601,,0.0961492583155632,0.05949348956346512,0.010401487350463867,0.004793076775968075,0.025018194690346718,0.005692948587238789,0.0015370026230812073,0.018950657919049263,0.003989611752331257,0.2522737383842468,0.026921594515442848,,0.04212168976664543,0.03236250579357147,0.022122763097286224,0.0037461803294718266,0,-0.04563493851892453,0,0,0,-251.1015625,-0.004947662353515625,-0.0006924569606781006,0.007941603660583496,0,0,0,2,0,0,0.0
g19502.t2,g4155.t1,0.9516,70.5,1,350,2.146238970986476,17,174,159,25342.0859375,0.1676000952720642,0.23029498755931854,0.5847468972206116,0.40470603108406067,0.1800408810377121,311,30,55,330,1,26,17,9,0.19142857142857142,0.06353683769702911,0.11650404334068298,0.00611134385690093,0.0,0.01521961111575365,0.0406024307012558,0.04108941927552223,0.014760375022888184,0.06652789562940598,0.017358053475618362,0.021154986694455147,0.05263770744204521,0.029558083042502403,0.07732167840003967,0.005173664074391127,0.0011371690779924393,0.31000879406929016,0.0946972444653511,1,377,2.195902724921088,27,185,165,27573.123046875,0.23645730316638947,0.25028350949287415,0.5080757141113281,0.2914057970046997,0.2166699320077896,328,30,23,384,3,27,18,9,0.1856763925729443,0.1288037747144699,0.09624815732240677,0.1627696454524994,0.007606157101690769,0.005183464847505093,0.0,0.010796296410262585,0.03689282387495041,0.01731596700847149,0.07509057223796844,0.022894369438290596,0.030338160693645477,0.08506757020950317,0.018488813191652298,0.019302602857351303,0.12863613665103912,0.08786613494157791,0.039774924516677856,0.02692440152168274,0.0,0.015147740021348,0.011452965438365936,-27,-0.049663753934611865,-10,-11,-6,-2231.037109375,-0.06885720789432526,-0.019988521933555603,0.07667118310928345,-17,0,32,-54,-2,0,0.005752178855627121
g297.t1,g2112.t1,0.9509,40.4,1,371,2.0730140808750215,160,55,156,23958.78125,0.13704881072044373,0.20721741020679474,0.6218618154525757,0.4393329918384552,0.18252883851528168,346,39,10,221,4,29,22,7,0.1725067385444744,0.12373329699039459,0.05879553407430649,0.012239684350788593,0.0,0.06286059319972992,0.01704944297671318,0.01831521838903427,0.034341033548116684,0.09589928388595581,0.033871959894895554,0.008349584415555,0.0,0.007780198939144611,0.03457609936594963,0.00094269507098943,0.0167193952947855,0.4183045029640198,0.021028490737080574,1,301,2.048678819333371,129,42,130,23321.30859375,0.11262298375368118,0.21866269409656525,0.6687142252922058,0.39802923798561096,0.2706850469112396,272,29,0,137,-3,25,22,3,0.2059800664451827,0.14421847462654114,0.014649526216089725,0.39165034890174866,0.006502537056803703,0.0,0.0,0.004495111759752035,0.007829279638826847,0.036841727793216705,0.08839820325374603,0.04922628775238991,0.01858244091272354,0.03364202007651329,0.0009684630203992128,0.0001383518538204953,0.006378878373652697,0.1264665573835373,0.011997144669294357,0.037030115723609924,0.020984454080462456,0.03519299998879433,0.0,70,0.024335261541650333,31,13,26,637.47265625,0.024425826966762543,-0.011445283889770508,-0.04685240983963013,74,10,10,84,7,4,-0.03347332790070831
g4252.t2,g11683.t1,0.9509,41.5,1,263,3.589402715305266,18,46,199,44696.48828125,0.41882553696632385,0.4310472905635834,0.13318422436714172,0.0866132378578186,0.046570975333452225,108,2,10,234,-5,5,8,-3,0.4752851711026616,0.040855418890714645,0.005715558771044016,0.07354114949703217,0.0,0.04164271056652069,0.005369431804865599,0.17699652910232544,0.027644453570246696,0.014633888378739357,0.01694299653172493,0.008662550710141659,0.007290979381650686,0.30426669120788574,0.04348502680659294,0.007638753391802311,0.006859045010060072,0.049507200717926025,0.03710604086518288,1,1113,4.170136082448352,143,239,731,77188.0078125,0.27574586868286133,0.381582647562027,0.32255858182907104,0.22005712985992432,0.10250143706798553,621,36,32,697,-13,44,32,12,0.1985624438454627,0.04485614597797394,0.052313659340143204,0.11917254328727722,0.05670129880309105,0.02011300064623356,0.01096915453672409,0.011359249241650105,0.004654248245060444,0.06698407977819443,0.10437607020139694,0.05374358594417572,0.1074780523777008,0.0626545175909996,0.040313318371772766,0.009149683639407158,0.10088459402322769,0.057645294815301895,0.0072576794773340225,0.031666915863752365,0.03770703077316284,0.05643319711089134,0.07540839165449142,-850,-0.5807333671430865,-125,-193,-532,-32491.51953125,0.14307966828346252,0.049464643001556396,-0.18937435746192932,-513,-34,-22,-463,8,-15,0.27672272725719893
g15154.t1,g9574.t1,0.9497,57.8,1,443,2.5336073591686694,134,114,195,28850.81640625,0.18849119544029236,0.3011382222175598,0.4578763544559479,0.2023358941078186,0.2555404305458069,401,55,16,452,-13,21,29,-8,0.19413092550790068,0.1157074123620987,0.1398330181837082,0.05994858592748642,0.0,0.00964974332600832,0.010235325433313847,0.05272737890481949,0.0,0.08649289608001709,0.05249420180916786,0.027137786149978638,0.0045852563343942165,0.08938507735729218,0.037916116416454315,0.00787913054227829,0.026968808844685555,0.15483234822750092,0.04750355705618858,1,442,2.5656704368828525,133,121,188,29865.240234375,0.17573025822639465,0.2804515063762665,0.5373750329017639,0.2068781554698944,0.33049681782722473,404,59,22,447,-14,27,31,-4,0.19909502262443438,0.1331661492586136,0.01724155992269516,0.08583559095859528,0.007758947554975748,0.006443174090236425,0.0,0.026898721233010292,0.007206448819488287,0.034163933247327805,0.0855107232928276,0.020477062091231346,0.07521411776542664,0.0758678987622261,0.01683862879872322,0.009907370433211327,0.12104257941246033,0.19733069837093353,0.009507241658866405,0.053413860499858856,0.016175292432308197,0.05014000087976456,0.026563310995697975,1,-0.03206307771418304,1,-7,7,-1014.423828125,0.012760937213897705,0.020686715841293335,-0.07949867844581604,-3,-4,-6,5,1,-4,-0.0049640971165337
g16267.t1,g9530.t1,0.9495,47.0,1,252,2.1023504495445673,194,0,58,25359.919921875,0.17223870754241943,0.18367153406143188,0.6337569952011108,0.34155330061912537,0.29220372438430786,259,32,3,216,-13,21,28,-7,0.23809523809523808,0.10632781684398651,0.18587589263916016,0.022250773385167122,0.00038656816468574107,0.05666562542319298,0.008518218994140625,0.029722142964601517,0.021067991852760315,0.0373777411878109,0.010332709178328514,0.019503522664308548,0.0,0.0334872342646122,0.035351116210222244,0.014504236169159412,0.027280369773507118,0.30892449617385864,0.032628804445266724,1,249,2.069219202578114,206,0,43,24946.8828125,0.11420980095863342,0.19287456572055817,0.6741024255752563,0.3606395423412323,0.3134627938270569,283,42,0,283,-14,20,27,-7,0.24096385542168675,0.1293155401945114,0.009797150269150734,0.2631930410861969,0.010734941810369492,0.01881326176226139,0.0,0.06626168638467789,0.006302111316472292,0.008456604555249214,0.06660241633653641,0.005817200522869825,0.018862508237361908,0.06474826484918594,0.005044129211455584,0.0,0.097446508705616,0.18414728343486786,0.0,0.013915281742811203,0.03054206445813179,0.04127028211951256,0.008524419739842415,3,0.03313124696645309,-12,0,15,413.037109375,0.05802890658378601,-0.009203031659126282,-0.04034543037414551,-24,-10,3,-67,1,0,-0.0028686173264486636
g13233.t1,g7505.t1,0.9494,88.6,1,196,1.8827831557396033,69,46,81,22115.73828125,0.2593945264816284,0.21583223342895508,0.5000346302986145,0.317759245634079,0.18227538466453552,156,22,9,95,1,17,10,7,0.2602040816326531,0.14023412764072418,0.042041242122650146,0.11374110728502274,0.009752035140991211,0.046363465487957,0.025879913941025734,0.03340965136885643,0.037736568599939346,0.06583458930253983,0.024738680571317673,0.023637643083930016,0.0,0.0206465944647789,0.08011862635612488,0.0036473418585956097,0.00889573059976101,0.09676097333431244,0.22099830210208893,1,202,2.1157735229478933,69,46,87,24650.046875,0.28399309515953064,0.2082824409008026,0.4889245629310608,0.33503320813179016,0.1538913995027542,167,24,9,101,2,18,10,8,0.297029702970297,0.029752692207694054,0.09962288290262222,0.17832432687282562,0.04129689186811447,0.018799973651766777,0.01535876840353012,0.07084104418754578,0.05526917427778244,0.028011338785290718,0.03904867544770241,0.01725631393492222,0.028822744265198708,0.04455158859491348,0.004581294488161802,0.0028587812557816505,0.15670885145664215,0.12413869798183441,0.0,0.036780837923288345,0.007975178770720959,0.004704727791249752,0.0008587312768213451,-6,-0.23299036720829003,0,0,-6,-2534.30859375,-0.02459856867790222,0.007549792528152466,0.011110067367553711,-11,-2,0,-6,-1,-1,-0.03682562133764394
g8749.t1,g2784.t1,0.9494,54.8,1,172,1.4744341612294183,23,56,93,15771.875,0.20759722590446472,0.13824602961540222,0.6541568040847778,0.49790364503860474,0.1562531292438507,164,21,6,144,4,22,10,12,0.2441860465116279,0.08307071775197983,0.07318239659070969,0.0256040021777153,0.0,0.07314082235097885,0.023813478648662567,0.05049761012196541,0.029203053563833237,0.0,0.0,0.005932702217251062,0.014320316724479198,0.0179047379642725,0.08258930593729019,0.004807214718312025,0.003445143112912774,0.35924601554870605,0.1386576145887375,1,185,1.7478975471131315,23,58,104,20506.39453125,0.2351669818162918,0.3753022253513336,0.37867408990859985,0.2710728943347931,0.10760115087032318,159,15,4,210,4,19,11,8,0.2972972972972973,0.03433068469166756,0.0,0.222911074757576,0.008592905476689339,0.010856696404516697,0.026916464790701866,0.1031716838479042,0.01084185391664505,0.04055155813694,0.03394775092601776,0.08372687548398972,0.013935408554971218,0.20192545652389526,0.0046126870438456535,0.007044582162052393,0.0481618195772171,0.07327046990394592,0.014318251982331276,0.0568753182888031,0.004008423537015915,0.010493364185094833,0.004091519396752119,-13,-0.2734633858837132,0,-2,-11,-4734.51953125,-0.027569755911827087,-0.2370561957359314,0.275482714176178,5,6,2,-66,0,4,-0.05311125078566942
g16267.t1,g15912.t1,0.9491,47.0,1,252,2.1023504495445673,194,0,58,25359.919921875,0.17223870754241943,0.18367153406143188,0.6337569952011108,0.34155330061912537,0.29220372438430786,259,32,3,216,-13,21,28,-7,0.23809523809523808,0.10632781684398651,0.18587589263916016,0.022250773385167122,0.00038656816468574107,0.05666562542319298,0.008518218994140625,0.029722142964601517,0.021067991852760315,0.0373777411878109,0.010332709178328514,0.019503522664308548,0.0,0.0334872342646122,0.035351116210222244,0.014504236169159412,0.027280369773507118,0.30892449617385864,0.032628804445266724,1,249,2.068791560875101,205,0,44,24875.0,0.11467542499303818,0.196127250790596,0.6692699193954468,0.361492395401001,0.3077774941921234,283,44,0,279,-14,21,26,-5,0.23293172690763053,0.1225910410284996,0.010084882378578186,0.26490700244903564,0.010636252351105213,0.019927510991692543,0.0,0.06515602767467499,0.006317365448921919,0.00783840473741293,0.06666471064090729,0.007517288438975811,0.019176438450813293,0.06772834062576294,0.0051884157583117485,0.0,0.09658537805080414,0.18518641591072083,0.0,0.01577143929898739,0.028723113238811493,0.04127028211951256,0.008524419739842415,3,0.033558888669466214,-11,0,14,484.919921875,0.057563282549381256,-0.012455716729164124,-0.03551292419433594,-24,-12,3,-63,1,-2,0.00516351118760755
g16767.t1,g644.t1,0.9477,79.3,1,223,1.7528990516506096,70,48,105,20201.171875,0.22680078446865082,0.24234777688980103,0.4808831214904785,0.2900112271308899,0.1908719837665558,186,27,1,217,0,14,12,2,0.2242152466367713,0.15229490399360657,0.038577090948820114,0.01565263420343399,0.0,0.06911008059978485,0.0036735767498612404,0.034180235117673874,0.03322191163897514,0.09267158061265945,0.04996822029352188,0.032495640218257904,0.0,0.029805874451994896,0.09935421496629715,0.03591117635369301,0.0007986036944203079,0.1925048679113388,0.0975063145160675,1,222,1.761342176472712,75,48,99,20480.580078125,0.25172287225723267,0.24287225306034088,0.47432252764701843,0.24590329825878143,0.228419229388237,191,20,1,213,-1,16,15,1,0.22072072072072071,0.04007010906934738,0.027412263676524162,0.192148819565773,0.06931836158037186,0.031082414090633392,0.0,0.07227662205696106,0.00047262522275559604,0.031508348882198334,0.07935232669115067,0.010415220633149147,0.06996402144432068,0.0772043764591217,0.015202037990093231,0.002835751511156559,0.05375446379184723,0.18834912776947021,0.0,0.033169474452733994,0.005463676992803812,0.016043899580836296,0.006229108665138483,1,-0.00844312482210241,-5,0,6,-279.408203125,-0.024922087788581848,-0.000524476170539856,0.006560593843460083,-5,7,0,4,1,1,0.003494525916050595
g11348.t1,g5209.t1,0.9469,44.1,1,1371,4.040746963869525,618,215,538,69696.5625,0.16187533736228943,0.30623045563697815,0.5183209180831909,0.29596632719039917,0.22235460579395294,1261,161,33,793,8,63,57,6,0.1436907366885485,0.18453772366046906,0.03781687095761299,0.018090473487973213,0.0,0.03747911378741264,0.01724994368851185,0.06974592059850693,0.00828666053712368,0.08076915144920349,0.013573331758379936,0.017096899449825287,0.006239687092602253,0.06092727929353714,0.038034599274396896,0.00461569894105196,0.0052310992032289505,0.2002955675125122,0.09567075967788696,1,981,3.229289025765423,378,212,391,46591.62109375,0.19845737516880035,0.25595542788505554,0.5154643654823303,0.2876286208629608,0.2278357744216919,937,112,7,395,-3,50,44,6,0.14475025484199797,0.07563064992427826,0.018065204843878746,0.23697668313980103,0.03232609108090401,0.030122824013233185,0.0003383640432730317,0.04318834841251373,0.028852276504039764,0.033077020198106766,0.04111932963132858,0.037753041833639145,0.05408194288611412,0.05884194374084473,0.008006350137293339,0.009553569369018078,0.05065194517374039,0.15220512449741364,0.017242342233657837,0.036998450756073,0.0349685437977314,0.10401840507984161,0.0003208930429536849,390,0.8114579381041018,240,3,147,23104.94140625,-0.036582037806510925,0.05027502775192261,0.0028565526008605957,324,49,26,398,11,0,-0.0010595181534494569
g17716.t1,g12466.t1,0.9466,40.8,1,490,2.5769988170073503,158,83,249,33585.7890625,0.33615508675575256,0.25140219926834106,0.39498451352119446,0.270121693611145,0.12486279010772705,485,74,0,701,3,27,25,2,0.17551020408163265,0.06805063039064407,0.05681217089295387,0.0720457062125206,0.0,0.02933381125330925,0.029904361814260483,0.0684879869222641,0.003650614060461521,0.060495421290397644,0.01745818555355072,0.015814118087291718,0.013353561982512474,0.019473189488053322,0.08887247741222382,0.06019948795437813,0.012294313870370388,0.09972955286502838,0.17039214074611664,1,535,2.6537158066011206,177,85,273,35901.41015625,0.38704970479011536,0.26082485914230347,0.3361465632915497,0.19990050792694092,0.13624604046344757,499,71,6,480,-2,24,21,3,0.18691588785046728,0.04425538703799248,0.06600852310657501,0.1285153329372406,0.0025164273101836443,0.01597885973751545,0.007918820716440678,0.07624214887619019,0.03604213893413544,0.10631673038005829,0.03500467911362648,0.01263279840350151,0.08896910399198532,0.06866611540317535,0.02066422440111637,0.04170079901814461,0.07138518244028091,0.09199065715074539,0.012492264620959759,0.06110857427120209,0.011591210961341858,0.040362417697906494,0.07326982170343399,-45,-0.07671698959377027,-19,-2,-24,-2315.62109375,-0.05089461803436279,-0.009422659873962402,0.058837950229644775,-14,3,-6,221,5,-1,-0.011405683768834635
g9379.t1,g9061.t1,0.9458,67.6,1,408,2.3245226907904093,150,104,154,28408.8671875,0.24426761269569397,0.24389371275901794,0.4886831045150757,0.309919536113739,0.17876358330249786,355,32,12,234,0,24,16,8,0.18382352941176472,0.1407053917646408,0.038058191537857056,0.045264411717653275,0.036395300179719925,0.034303002059459686,0.010972431860864162,0.06221338361501694,0.005792341195046902,0.09483896195888519,0.023155508562922478,0.0006710945744998753,,0.019330041483044624,0.03419986367225647,0.06963802129030228,0.0012337923981249332,0.11391071230173111,0.1960088312625885,1,497,2.3956920295002546,202,135,160,29074.638671875,0.2766384780406952,0.40952596068382263,0.283039927482605,0.15803520381450653,0.12500470876693726,472,43,6,331,-6,20,18,2,0.16901408450704225,0.02022128738462925,0.04304296523332596,0.05018727108836174,0.007768222130835056,0.030795596539974213,0.00011239278683206066,0.0670541375875473,0.014410247094929218,0.03303753584623337,0.15305449068546295,0.08180687576532364,0.03667623922228813,0.1140260100364685,0.037146128714084625,0.02485831081867218,0.10784792900085449,0.10478341579437256,0.0006658475031144917,0.06306532770395279,0.009439735673367977,0.046923309564590454,0.026385368779301643,-89,-0.07116933870984532,-52,-31,-6,-665.771484375,-0.03237086534500122,-0.1656322479248047,0.2056431770324707,-117,-11,6,-97,6,6,0.014809444904722469
g8222.t1,g8258.t1,0.9457,48.8,1,392,2.258954131961477,182,80,130,25874.578125,0.10449530929327011,0.18441170454025269,0.6857633590698242,0.35784879326820374,0.32791462540626526,361,59,7,339,-2,31,31,0,0.18622448979591838,0.1796286404132843,0.14828595519065857,0.027433883398771286,0.0,0.005384807009249926,0.02897600829601288,0.014091040939092636,0.014329067431390285,0.04289480671286583,0.02532966062426567,0.007717152126133442,0.0,0.031096933409571648,0.053328439593315125,0.018829621374607086,0.022118965163826942,0.2494867891073227,0.10836198180913925,1,375,2.1740407314246304,168,74,133,25093.28515625,0.15850096940994263,0.29037266969680786,0.5082860589027405,0.15615075826644897,0.3521353006362915,355,43,1,196,-12,17,25,-8,0.19466666666666665,0.16647276282310486,0.008477620780467987,0.09723640978336334,0.000514328246936202,0.042840249836444855,0.0,0.014362094923853874,0.047611054033041,0.04537147656083107,0.0919029489159584,0.024624986574053764,0.10696572065353394,0.00818138848990202,0.05516130104660988,0.004243208095431328,0.05891435965895653,0.18566252291202545,0.000257164123468101,0.03011378087103367,0.011086566373705864,0.005996556021273136,0.01670973002910614,17,0.0849134005368466,14,6,-3,781.29296875,-0.054005660116672516,-0.10596096515655518,0.17747730016708374,6,16,6,143,10,8,-0.008442176870748275
g8222.t1,g12052.t4,0.9439,39.3,1,392,2.258954131961477,182,80,130,25874.578125,0.10449530929327011,0.18441170454025269,0.6857633590698242,0.35784879326820374,0.32791462540626526,361,59,7,339,-2,31,31,0,0.18622448979591838,0.1796286404132843,0.14828595519065857,0.027433883398771286,0.0,0.005384807009249926,0.02897600829601288,0.014091040939092636,0.014329067431390285,0.04289480671286583,0.02532966062426567,0.007717152126133442,0.0,0.031096933409571648,0.053328439593315125,0.018829621374607086,0.022118965163826942,0.2494867891073227,0.10836198180913925,1,379,2.1980205183187254,174,76,129,25574.25,0.2793121337890625,0.24564936757087708,0.41751307249069214,0.15607950091362,0.2614336311817169,346,40,3,297,-8,22,24,-2,0.1820580474934037,0.09683287143707275,0.034944117069244385,0.08992232382297516,0.041361212730407715,0.05752534791827202,0.0,0.07881096005439758,0.03824580833315849,0.016389796510338783,0.030912665650248528,0.04402058199048042,0.030570736154913902,0.05319157987833023,0.03874877095222473,0.02939617820084095,0.06615718454122543,0.16460074484348297,0.007569831795990467,0.03209124505519867,0.0487079881131649,0.005996556021273136,0.01670973002910614,13,0.06093361364275163,8,4,1,300.328125,-0.1748168244957924,-0.06123766303062439,0.2682502865791321,15,19,4,42,6,2,0.004166442302514672
g12812.t1,g6278.t1,0.9437,75.8,1,189,2.231169214945797,66,47,76,23759.908203125,0.16742905974388123,0.29752790927886963,0.5250223278999329,0.3811783492565155,0.14384399354457855,161,13,1,85,2,18,14,4,0.31216931216931215,0.057037487626075745,0.08680649846792221,0.013443994335830212,0.0039680167101323605,0.017857156693935394,0.023069314658641815,0.018468517810106277,0.035430874675512314,0.07374408841133118,0.01002063974738121,0.013706302270293236,0.0,0.046744171530008316,0.12745410203933716,0.018178345635533333,0.003919563721865416,0.1789720207452774,0.20220628380775452,1,190,2.0661196666165753,76,47,67,22679.107421875,0.23952321708202362,0.20815448462963104,0.5523223280906677,0.3621537387371063,0.1901685744524002,146,12,0,81,1,17,17,0,0.3,0.10855381190776825,0.10816434770822525,0.20002514123916626,0.06137935817241669,,0.011091114021837711,0.02024681866168976,0.008296597748994827,0.004694894887506962,0.11136362701654434,0.029580997303128242,0.025488508865237236,0.020076774060726166,0.018621092662215233,0.005263973027467728,0.16212856769561768,0.08161475509405136,,0.02115275152027607,0.0022568514104932547,0.01862865872681141,0.05034388229250908,-1,0.1650495483292218,-10,0,9,1080.80078125,-0.0720941573381424,0.08937342464923859,-0.027300000190734863,15,1,1,4,1,4,0.012169312169312163
g8487.t1,g12157.t1,0.9424,60.0,1,120,1.341759800025543,86,0,34,14179.6103515625,0.2517235577106476,0.42345601320266724,0.3248203694820404,0.20098039507865906,0.12383996695280075,120,11,0,54,0,8,7,1,0.3,0.05915827676653862,0.06468169391155243,0.044806260615587234,,0.1054055243730545,0.04477299749851227,0.05074327439069748,0.025257859379053116,0.11150620132684708,,0.0,0.0,0.11187005788087845,0.08623350411653519,0.008672061376273632,0.059376876801252365,0.1817357987165451,0.019244607537984848,1,118,1.3225179613734648,84,0,34,13605.33984375,0.2638874650001526,0.48179882764816284,0.25431370735168457,0.14789897203445435,0.10641476511955261,106,9,0,31,-1,6,6,0,0.3474576271186441,0.035688914358615875,0.04456853121519089,0.09365705400705338,0.0,0.0,,0.13808439671993256,0.036983560770750046,0.012806259095668793,0.18840405344963074,0.0494607537984848,0.023601749911904335,0.1628623902797699,0.016966132447123528,0.01968369446694851,0.054241906851530075,0.07072584331035614,0.0,0.0317784920334816,0.020486323162913322,0.009696383960545063,0.016838572919368744,2,0.01924183865207829,2,0,0,574.2705078125,-0.012163907289505005,-0.058342814445495605,0.07050666213035583,14,2,0,23,1,1,-0.0474576271186441
g5486.t1,g8318.t1,0.9422,66.0,1,286,1.9952821200332238,98,57,131,23708.03515625,0.21555015444755554,0.3744758069515228,0.35423925518989563,0.09794367849826813,0.2562956213951111,248,22,8,399,-15,10,24,-14,0.20279720279720279,0.16565030813217163,0.09064531326293945,0.028298037126660347,0.0,0.07944127917289734,0.040108248591423035,0.03382476046681404,0.023253636434674263,0.0676145926117897,0.05573472008109093,0.01932549849152565,0.0,0.05834711343050003,0.15033932030200958,0.008982273750007153,0.04779515042901039,0.044362615793943405,0.053581058979034424,1,281,1.9658963326490457,104,57,120,22524.470703125,0.24869531393051147,0.20323733985424042,0.38890528678894043,0.11634653061628342,0.27255871891975403,250,27,9,212,-17,11,27,-16,0.2099644128113879,0.08102301508188248,0.02030831202864647,0.01975155994296074,0.0,0.1591620296239853,0.00013998046051710844,0.06660782545804977,0.0,0.06435912847518921,0.12046955525875092,0.02781410701572895,0.019051752984523773,0.03332677111029625,0.004583880305290222,0.04305180907249451,0.09659496694803238,0.19153572618961334,0.0,0.04978438466787338,0.002435186645016074,0.010271433740854263,0.02242465503513813,5,0.029385787384178075,-6,0,11,1183.564453125,-0.03314515948295593,0.1712384670972824,-0.0346660315990448,-2,-5,-1,187,2,2,-0.007167210014185105
g8920.t1,g11318.t1,0.9407,48.9,1,575,2.3410015113543894,171,125,279,28541.17578125,0.1673600822687149,0.3709070384502411,0.399886816740036,0.2857384979724884,0.11414831876754761,522,37,18,532,-6,27,14,13,0.15478260869565216,0.06971301138401031,0.044435303658246994,0.01639207825064659,0.00279333908110857,0.01009441539645195,0.029904022812843323,0.07888967543840408,0.021666711196303368,0.07843362540006638,0.061846133321523666,0.011636296287178993,0.006862472742795944,0.06270717084407806,0.1533881425857544,0.0122092729434371,0.0052024684846401215,0.16426144540309906,0.12147704511880875,1,606,2.479356806995052,165,128,313,32950.84765625,0.2642015218734741,0.31783822178840637,0.3956378400325775,0.2802463471889496,0.11539147794246674,551,41,29,566,-11,30,18,12,0.1485148514851485,0.07541995495557785,0.024186233058571815,0.18284852802753448,0.04674770310521126,0.02232242189347744,0.0025436170399188995,0.05395291745662689,0.008621116168797016,0.04617581143975258,0.08401942998170853,0.04459639638662338,0.024599624797701836,0.14455461502075195,0.019525645300745964,0.05297470837831497,0.0973978266119957,0.039971526712179184,0.0,0.02063848450779915,0.00890340656042099,0.03847828879952431,0.009609149768948555,-31,-0.1383552956406624,6,-3,-34,-4409.671875,-0.09684143960475922,0.05306881666183472,0.004248976707458496,-29,-4,-11,-34,5,1,0.006267757210503655
g1259.t1,g7749.t1,0.9406,28.1,1,191,1.5445783784625133,66,46,79,17340.41796875,0.2100527137517929,0.3317936956882477,0.4260016083717346,0.2959679961204529,0.13003356754779816,170,18,2,69,0,16,10,6,0.2094240837696335,0.05137326568365097,0.07866029441356659,0.027081498876214027,0.0,0.1461212933063507,0.031770866364240646,0.029432548210024834,0.0,0.17854464054107666,0.03215193375945091,0.00018182871281169355,0.00037214168696664274,0.013815322890877724,0.08731868863105774,0.0007273148512467742,0.00037214168696664274,0.24300743639469147,0.05296057462692261,1,169,1.4479488625230765,64,45,60,15519.029296875,0.21926896274089813,0.17495544254779816,0.6057755947113037,0.3169572949409485,0.28881824016571045,150,18,4,77,-1,17,15,2,0.23668639053254437,0.09550365805625916,0.015342607162892818,0.21984587609767914,0.00997963361442089,0.0,0.0,0.09089086949825287,0.017312677577137947,0.008940087631344795,0.014655685983598232,0.017595773562788963,0.022712919861078262,0.06790264695882797,0.005083965603262186,0.027443991973996162,0.09711142629384995,0.1933145672082901,0.03492871671915054,0.026659103110432625,0.034775733947753906,0.019972046837210655,0.006136095616966486,22,0.0966295159394368,2,1,19,1821.388671875,-0.009216248989105225,0.15683825314044952,-0.1797739863395691,20,0,-2,-8,1,4,-0.02726230676291086
g14003.t1,g1094.t1,0.9393,39.0,1,141,1.4828874839418211,50,44,47,16040.8046875,0.24362069368362427,0.3389342725276947,0.4158359169960022,0.2605290412902832,0.1553068459033966,135,22,1,272,2,11,11,0,0.28368794326241137,0.07479902356863022,0.08050781488418579,0.0,0.0,0.10671938210725784,0.006633237469941378,0.013879084028303623,0.06311403214931488,0.0725732371211052,0.001609169295988977,0.05085661634802818,0.0,0.03266759216785431,0.1616712063550949,0.009051577188074589,0.0013850938994437456,0.2001488357782364,0.060380224138498306,1,142,1.538883528685902,51,41,50,16405.1953125,0.23273888230323792,0.24010226130485535,0.5260013341903687,0.2825257182121277,0.24347558617591858,125,15,0,111,0,13,14,-1,0.2676056338028169,0.1459747701883316,0.030757427215576172,0.07892309874296188,0.000590034993365407,0.0011576287215575576,0.0,0.10950736701488495,0.022138839587569237,0.015966197475790977,0.11704929918050766,0.00826048944145441,0.05285204201936722,0.03864843025803566,0.03441870957612991,0.0025568180717527866,0.2036026120185852,0.09750083833932877,0.0,0.038942307233810425,0.0011531661730259657,0.06400386244058609,0.0,-1,-0.05599604474408082,-1,3,-3,-364.390625,0.010881811380386353,0.09883201122283936,-0.11016541719436646,10,7,1,161,2,1,0.01608230945959449
g17450.t1,g6080.t1,0.9382,81.3,1,296,2.370400631270864,198,6,92,30397.224609375,0.25281867384910583,0.2551679313182831,0.4807720184326172,0.32144594192504883,0.15932604670524597,290,59,3,347,0,28,22,6,0.2533783783783784,0.1276266723871231,0.03169938176870346,0.051056262105703354,0.0,0.06236698850989342,0.008875131607055664,0.06813851743936539,0.004988865926861763,0.07738537341356277,0.01124139130115509,0.03229194134473801,0.0,0.13506639003753662,0.010410342365503311,0.029827049002051353,0.0,0.21219798922538757,0.10924796760082245,1,295,2.401141249015587,205,6,84,29018.912109375,0.28843238949775696,0.20728713274002075,0.4949745535850525,0.35268938541412354,0.14228515326976776,295,56,3,368,-1,32,20,12,0.2576271186440678,0.062205515801906586,0.04692121222615242,0.2900385558605194,0.0032244434114545584,0.00930593628436327,0.0,0.06827164441347122,0.017183467745780945,0.058340590447187424,0.05145551636815071,0.06643421947956085,0.05337158590555191,0.018516384065151215,0.024461297318339348,0.034965477883815765,0.06265079230070114,0.08007964491844177,0.0,0.05224773287773132,0.0003259583900216967,0.02343066781759262,0.004149044398218393,1,-0.030740617744722698,-7,0,8,1378.3125,-0.03561371564865112,0.04788079857826233,-0.014202535152435303,-5,3,0,-21,1,-6,-0.004248740265689388
g9656.t1,g3659.t1,0.9381,67.7,1,440,4.674325594317976,96,127,217,61081.8125,0.22059102356433868,0.12357158213853836,0.6365187764167786,0.272239625453949,0.3642791211605072,368,66,3,410,-32,55,82,-27,0.36818181818181817,0.2783074378967285,0.08597169071435928,0.07560384273529053,0.005506960209459066,0.030824584886431694,0.004504270851612091,0.05445452779531479,0.008557382971048355,0.0037305550649762154,0.019318638369441032,0.010128836147487164,0.0025664502754807472,0.034431569278240204,0.03768898919224739,0.012888897210359573,0.011022725142538548,0.25628405809402466,0.015955589711666107,1,415,3.9051976828750563,75,126,214,51519.6796875,0.29546958208084106,0.10377699881792068,0.5788131952285767,0.25474709272384644,0.3240661323070526,343,57,3,404,-25,41,59,-18,0.3036144578313253,0.0810360535979271,0.052743345499038696,0.21111930906772614,0.0219693835824728,0.021940259262919426,0.005454790312796831,0.0333598330616951,0.008939823135733604,0.052961207926273346,0.018182123079895973,0.014267047867178917,0.01620194874703884,0.030080711469054222,0.02599039301276207,0.04991407319903374,0.0436277762055397,0.24303007125854492,0.01567455194890499,0.04285677522420883,0.010650557465851307,0.02668651193380356,0.025566499680280685,25,0.7691279114429195,21,1,3,9562.1328125,-0.07487855851650238,0.019794583320617676,0.057705581188201904,25,9,0,6,-7,-9,0.06456736035049288
g8749.t1,g10075.t1,0.9377,40.9,1,172,1.4744341612294183,23,56,93,15771.875,0.20759722590446472,0.13824602961540222,0.6541568040847778,0.49790364503860474,0.1562531292438507,164,21,6,144,4,22,10,12,0.2441860465116279,0.08307071775197983,0.07318239659070969,0.0256040021777153,0.0,0.07314082235097885,0.023813478648662567,0.05049761012196541,0.029203053563833237,0.0,0.0,0.005932702217251062,0.014320316724479198,0.0179047379642725,0.08258930593729019,0.004807214718312025,0.003445143112912774,0.35924601554870605,0.1386576145887375,1,160,1.4484980072878413,23,49,88,15536.4208984375,0.1579483300447464,0.2349306046962738,0.5471041798591614,0.27659064531326294,0.2705135941505432,155,9,1,134,-2,12,9,3,0.275,0.11294033378362656,0.04935593530535698,0.22422495484352112,0.015443149954080582,0.06001681089401245,0.0,0.0002103302686009556,0.011832163669168949,0.04374394193291664,0.025732826441526413,0.014739630743861198,0.03379376605153084,0.11703602224588394,0.0,0.005191906820982695,0.05236572027206421,0.15757328271865845,,0.04400305077433586,0.03179619088768959,0.010493364185094833,0.004091519396752119,12,0.025936153941577,0,7,5,235.4541015625,0.04964889585971832,-0.09668457508087158,0.10705262422561646,9,12,5,10,6,9,-0.030813953488372126
g12109.t2,g10089.t3,0.9371,65.6,1,160,2.622392035098308,33,34,93,30858.55078125,0.3216227889060974,0.17495572566986084,0.477888822555542,0.4443657398223877,0.033523079007864,87,6,0,34,25,26,7,19,0.4125,0.033420905470848083,0.00010217543604085222,0.13359373807907104,0.0,0.05370178818702698,0.027645133435726166,0.09525346010923386,0.005646198056638241,0.03177165240049362,0.025532672181725502,0.01738034188747406,0.002091184491291642,0.03177787363529205,0.02681606635451317,0.003709305077791214,0.047682471573352814,0.17522898316383362,0.2691367566585541,1,159,2.606068520915194,28,34,97,30822.375,0.3502581715583801,0.17507824301719666,0.45235323905944824,0.4177511930465698,0.0346020832657814,88,11,0,31,26,27,5,22,0.389937106918239,0.0014440679224207997,0.09279363602399826,0.2769165337085724,0.024880889803171158,0.02231036312878132,,0.04859846830368042,0.016631364822387695,0.1003899946808815,0.01313141267746687,0.020766614004969597,0.02294616959989071,0.059003207832574844,0.0010253400541841984,0.04163715988397598,0.14083464443683624,0.033158011734485626,0.0030333898030221462,0.037899307906627655,0.04259946942329407,0.009262535721063614,0.010246804915368557,1,0.01632351418311373,5,0,-4,36.17578125,-0.028635382652282715,-0.00012251734733581543,0.02553558349609375,-1,-5,0,3,-1,-3,0.02256289308176096
g9054.t1,g15476.t1,0.937,40.9,1,291,2.047393218132021,98,70,123,25129.87109375,0.43365606665611267,0.3638971149921417,0.1758783757686615,0.1374237984418869,0.0384545736014843,253,23,12,237,0,11,4,7,0.23024054982817868,0.006191822700202465,0.03226274996995926,0.08268629014492035,0.010922995395958424,0.07389990985393524,0.008421370759606361,0.06051162630319595,0.054529763758182526,0.1094745397567749,0.026568494737148285,0.008853389881551266,0.0002567897317931056,0.03263823688030243,0.0964696928858757,0.07511099427938461,0.013299571350216866,0.06372653692960739,0.07369726151227951,1,210,1.7000262702915572,70,55,85,19054.0625,0.40111175179481506,0.26429322361946106,0.3345949649810791,0.2088024914264679,0.1257924884557724,178,12,4,196,-6,11,11,0,0.23333333333333334,0.10808657109737396,0.10859814286231995,0.15165211260318756,0.00895166490226984,0.0,0.0,0.07984309643507004,0.057680461555719376,0.08449885994195938,0.06063910946249962,0.018068276345729828,0.015571227297186852,0.04263634234666824,0.005418764892965555,0.07433867454528809,0.05715039372444153,0.01770590804517269,0.0,0.03946257010102272,0.0696977823972702,0.09267071634531021,0.07780728489160538,81,0.34736694784046374,28,15,38,6075.80859375,0.03254431486129761,0.09960389137268066,-0.1587165892124176,75,11,8,41,6,7,-0.003092783505154656
g11863.t1,g11518.t1,0.9369,59.9,1,496,2.5830976233896292,203,85,208,33827.1171875,0.3025849461555481,0.24902601540088654,0.41083383560180664,0.21288159489631653,0.19795222580432892,431,59,6,400,-10,26,26,0,0.1935483870967742,0.08783968538045883,0.11011254042387009,0.08288602530956268,0.006955370772629976,0.05773934721946716,0.006485773250460625,0.06177366524934769,0.009156809188425541,0.07619676738977432,0.03755522891879082,0.010492176748812199,0.03778368607163429,0.04282873496413231,0.08306139707565308,0.002148152096197009,0.000858450832311064,0.12929268181324005,0.08358890563249588,1,489,2.417097099831863,225,85,179,29523.984375,0.14864011108875275,0.3907773196697235,0.41239187121391296,0.2588288486003876,0.15356305241584778,456,61,4,344,-9,27,23,4,0.18200408997955012,0.08265858888626099,0.03405870497226715,0.1884474754333496,0.0,0.04819073528051376,0.0,0.012903795577585697,0.0036883032880723476,0.03289496526122093,0.16215266287326813,0.03482155501842499,0.0877489522099495,0.09072529524564743,0.0053549944423139095,0.023471485823392868,0.07038138806819916,0.07090446352958679,0.01988997869193554,0.020066192373633385,0.011640552431344986,0.032639503479003906,0.04060506820678711,7,0.1660005235577664,-22,0,29,4303.1328125,0.15394483506679535,-0.14175130426883698,-0.0015580356121063232,-25,-2,2,56,-1,-4,0.011544297117224073
g3012.t1,g9252.t1,0.9354,42.3,1,150,1.603613286869384,55,31,64,16971.275390625,0.09639070183038712,0.15950754284858704,0.743911623954773,0.4989701807498932,0.24494150280952454,138,14,1,115,4,20,12,8,0.26666666666666666,0.11229568719863892,0.13264580070972443,0.002471535000950098,0.0,0.018669258803129196,0.0,0.04277656599879265,0.0015209446428343654,0.057706039398908615,0.00019011808035429567,0.0041825976222753525,0.0014884262345731258,0.00570354238152504,0.08208616822957993,0.0,0.0,0.47126710414886475,0.02770300582051277,1,149,1.5959897508457281,52,26,71,16420.984375,0.2457953840494156,0.25107112526893616,0.5021511316299438,0.33156412839889526,0.1705869734287262,127,10,0,87,1,16,12,4,0.2751677852348993,0.12968894839286804,0.022989237681031227,0.2800139784812927,0.00235787034034729,0.0009824460139498115,0.0,0.10098284482955933,0.0007747470517642796,0.019059453159570694,0.1678677350282669,0.009216458536684513,0.011110292747616768,0.062101881951093674,0.053052086383104324,0.0009824460139498115,0.05155014246702194,0.04089803621172905,0.0,0.0463714525103569,0.0,0.01401179563254118,0.02528136782348156,1,0.007623536023655841,3,5,-7,550.291015625,-0.14940468221902847,-0.09156358242034912,0.2417604923248291,11,4,1,28,3,4,-0.008501118568232657
g13233.t1,g106.t3,0.935,70.0,1,196,1.8827831557396033,69,46,81,22115.73828125,0.2593945264816284,0.21583223342895508,0.5000346302986145,0.317759245634079,0.18227538466453552,156,22,9,95,1,17,10,7,0.2602040816326531,0.14023412764072418,0.042041242122650146,0.11374110728502274,0.009752035140991211,0.046363465487957,0.025879913941025734,0.03340965136885643,0.037736568599939346,0.06583458930253983,0.024738680571317673,0.023637643083930016,0.0,0.0206465944647789,0.08011862635612488,0.0036473418585956097,0.00889573059976101,0.09676097333431244,0.22099830210208893,1,200,2.0205840131742967,70,47,83,24236.986328125,0.27002468705177307,0.17407768964767456,0.5343748927116394,0.3323722779750824,0.2020026594400406,162,21,9,86,3,16,14,2,0.27,0.04828154295682907,0.03885425627231598,0.1426941454410553,0.0,0.02152269333600998,0.012134353630244732,0.1393294632434845,0.017810584977269173,0.03727497160434723,0.04376840963959694,0.019492648541927338,0.03257572650909424,0.0399489551782608,0.026891227811574936,0.0007835741271264851,0.1896781623363495,0.15372109413146973,0.004792496096342802,0.022098733112215996,0.008346996270120144,0.004704727791249752,0.0008587312768213451,-4,-0.1378008574346934,-1,-1,-2,-2121.248046875,-0.010630160570144653,0.04175454378128052,-0.0343402624130249,-6,1,0,9,-2,5,-0.009795918367346945
g2301.t2,g5088.t1,0.9342,39.0,1,450,3.420828569539247,50,183,217,37762.015625,0.19987498223781586,0.22768187522888184,0.5694558024406433,0.3676396608352661,0.2018161565065384,400,63,4,341,0,35,27,8,0.2111111111111111,0.16987772285938263,0.03193841129541397,0.016910163685679436,0.0,0.039155472069978714,0.008602327667176723,0.018671376630663872,0.01350018847733736,0.07820405811071396,0.002987298183143139,0.04879758879542351,0.0,0.016364118084311485,0.0390024334192276,0.02225419320166111,0.009235232137143612,0.306112676858902,0.06152698025107384,1,661,2.9968694044128674,35,311,315,37294.59375,0.11809488385915756,0.2226540893316269,0.6505146622657776,0.4438032805919647,0.20671141147613525,581,88,5,699,5,54,34,20,0.14977307110438728,0.01818062551319599,0.0015217686304822564,0.3863440752029419,0.007094239350408316,0.008736371994018555,0.0,0.033230554312467575,0.025173384696245193,0.02289045974612236,0.031123492866754532,0.053185176104307175,0.03322269394993782,0.0723247230052948,0.04628531634807587,0.0019898475147783756,0.05745922401547432,0.18853077292442322,0.0,0.005082695744931698,0.007624621968716383,0.07627369463443756,0.04058600589632988,-211,0.42395916512637966,15,-128,-98,467.421875,0.0817800983786583,0.005027785897254944,-0.08105885982513428,-181,-25,-1,-358,-5,-12,0.061338040006723826
g663.t1,g14783.t1,0.9341,53.1,1,589,2.952104048422304,112,143,334,40001.5234375,0.2770597040653229,0.3821382224559784,0.33414778113365173,0.1810280829668045,0.15311969816684723,552,61,24,531,-5,22,21,1,0.1867572156196944,0.09500031173229218,0.05811939388513565,0.022518761456012726,0.0,0.014090018346905708,0.03103669360280037,0.010643519461154938,0.03058222122490406,0.0671115517616272,0.0066543095745146275,0.08498372882604599,0.03934638947248459,0.04047956317663193,0.17444853484630585,0.022627007216215134,0.054867979139089584,0.06848654896020889,0.11254154145717621,1,783,3.5639426943596932,209,151,423,59280.90234375,0.35339468717575073,0.3301769495010376,0.28194209933280945,0.17025607824325562,0.11168603599071503,674,64,29,717,-1,30,23,7,0.22094508301404853,0.06631965935230255,0.0616854652762413,0.0750698521733284,0.045712146908044815,0.03448620066046715,0.013009181246161461,0.006122037768363953,0.04534789174795151,0.04006759077310562,0.061530254781246185,0.04106082022190094,0.044859062880277634,0.06740663945674896,0.0419725701212883,0.07444645464420319,0.09518622606992722,0.045366380363702774,0.033791135996580124,0.04959729686379433,0.05696311593055725,0.014193917624652386,0.05226805806159973,-194,-0.6118386459373895,-97,-8,-89,-19279.37890625,-0.07633498311042786,0.051961272954940796,0.052205681800842285,-122,-3,-5,-186,-4,-6,-0.034187867394354116
g10348.t1,g11066.t1,0.9332,39.6,1,457,2.322175997576103,202,80,175,31105.2734375,0.2136250138282776,0.19624723494052887,0.5576193332672119,0.2898883521556854,0.2677309513092041,440,57,62,404,-17,28,33,-5,0.16630196936542668,0.20507319271564484,0.06265775859355927,0.009128228761255741,0.0,0.026599738746881485,0.015075655654072762,0.04921020194888115,0.01140555739402771,0.020630866289138794,0.03250839188694954,0.031146368011832237,0.008379648439586163,0.024873562157154083,0.0805250033736229,0.012343854643404484,0.02709617279469967,0.22965434193611145,0.06023404002189636,1,443,2.128549632440211,215,84,144,26179.716796875,0.1443406343460083,0.15969862043857574,0.6770005822181702,0.25326067209243774,0.4237399399280548,418,47,25,406,-21,23,36,-13,0.14221218961625282,0.14193284511566162,0.009366697631776333,0.1054472029209137,0.0072687058709561825,0.018960164859890938,0.0016210984904319048,0.028204234316945076,0.008332963101565838,0.020335596054792404,0.06251747161149979,0.029389631003141403,0.010047167539596558,0.04429764300584793,0.0013557063648477197,0.03923680633306503,0.14781345427036285,0.2818070650100708,0.007638910319656134,0.030933981761336327,0.0034926498774439096,0.02804596908390522,0.06541140377521515,14,0.19362636513589226,-13,-4,31,4925.556640625,0.06928437948226929,0.036548614501953125,-0.11938124895095825,22,10,37,-2,4,8,0.024089779749173867
g11087.t1,g6630.t1,0.9324,78.6,1,103,2.274646028889123,49,0,54,22393.53125,0.2290414720773697,0.12820476293563843,0.6029806733131409,0.5717524886131287,0.031228255480527878,71,10,0,20,18,24,4,20,0.42718446601941745,0.02653590217232704,0.004692354239523411,0.05518411099910736,,0.09375931322574615,0.061176322400569916,0.010518120601773262,0.0022659229580312967,0.00471204798668623,0.039773084223270416,0.04209933802485466,,0.004610683303326368,0.001554237212985754,0.021468494087457657,0.034028712660074234,0.3180809020996094,0.2536715567111969,1,103,2.2728316850264876,49,0,54,22356.2421875,0.31420549750328064,0.10691361129283905,0.5379241704940796,0.5082181692123413,0.029705937951803207,65,10,0,33,16,22,4,18,0.42718446601941745,0.0044115325435996056,0.06287598609924316,0.21622197329998016,0.011834582313895226,0.040956735610961914,,0.1403379887342453,0.05931374430656433,0.009669719263911247,0.008678724989295006,0.014254736714065075,0.014783130027353764,0.0032546930015087128,0.007216208148747683,0.0327615886926651,0.29199621081352234,0.025294406339526176,,0.049509447067976,0.006628588307648897,0.022122763097286224,0.0037461803294718266,0,0.001814343862635237,0,0,0,37.2890625,-0.08516402542591095,0.021291151642799377,0.06505650281906128,6,0,0,-13,2,2,0.0
g3012.t1,g16201.t1,0.9324,43.9,1,150,1.603613286869384,55,31,64,16971.275390625,0.09639070183038712,0.15950754284858704,0.743911623954773,0.4989701807498932,0.24494150280952454,138,14,1,115,4,20,12,8,0.26666666666666666,0.11229568719863892,0.13264580070972443,0.002471535000950098,0.0,0.018669258803129196,0.0,0.04277656599879265,0.0015209446428343654,0.057706039398908615,0.00019011808035429567,0.0041825976222753525,0.0014884262345731258,0.00570354238152504,0.08208616822957993,0.0,0.0,0.47126710414886475,0.02770300582051277,1,159,1.7099488019427898,65,30,64,17956.693359375,0.21083812415599823,0.15752246975898743,0.6316393613815308,0.38001197576522827,0.2516273558139801,144,19,6,138,2,20,14,6,0.2578616352201258,0.12532612681388855,0.07476472854614258,0.35279151797294617,0.030497269704937935,0.0,0.0003639622882474214,0.06921889632940292,0.014174621552228928,0.012757627293467522,0.04085012525320053,0.017948003485798836,0.007640421856194735,0.07404202967882156,0.0097638675943017,0.005570231005549431,0.02722042053937912,0.12630127370357513,0.00017968488100450486,0.008085819892585278,0.0025032986886799335,0.01401179563254118,0.02528136782348156,-9,-0.10633551507340577,-10,1,0,-985.41796875,-0.11444742232561111,0.0019850730895996094,0.11227226257324219,-6,-5,-5,-23,2,2,0.008805031446540879
g8272.t1,g7737.t1,0.9318,25.0,1,105,1.2689113732412907,42,29,34,12866.880859375,0.22228989005088806,0.17020253837108612,0.606504499912262,0.36402755975723267,0.24247688055038452,94,11,1,102,-2,14,12,2,0.3523809523809524,0.22845207154750824,0.014024828560650349,0.0,0.0,0.06749023497104645,0.01902945339679718,0.0599096454679966,0.005636072717607021,0.015299538150429726,0.0010030546691268682,0.013671944849193096,0.04448729380965233,0.0944204181432724,0.04145314171910286,0.0,0.0,0.36402755975723267,,1,226,2.677341684287737,92,49,85,23447.01171875,0.13255837559700012,0.39141952991485596,0.47368791699409485,0.15684713423252106,0.316840797662735,190,17,1,68,-4,15,22,-7,0.2831858407079646,0.062092795968055725,0.0054918560199439526,0.14901752769947052,0.00013761012814939022,0.0023341383785009384,0.0,0.011958995833992958,0.00871239323168993,0.019196396693587303,0.12000880390405655,0.09634972363710403,0.07070207595825195,0.09443628042936325,0.03164719045162201,0.013623403385281563,0.007829606533050537,0.25474798679351807,0.01940302737057209,0.031099889427423477,0.0012102554319426417,0.0,0.031094692647457123,-121,-1.4084303110464462,-50,-20,-51,-10580.130859375,0.08973151445388794,-0.22121699154376984,0.13281658291816711,-96,-6,0,34,2,9,0.06919511167298781
g19605.t1,g8792.t1,0.9312,50.5,1,211,3.1603068729060575,90,10,111,36990.1796875,0.22083789110183716,0.1375708281993866,0.6415911912918091,0.4842310845851898,0.15736012160778046,123,12,0,3,40,47,13,34,0.4028436018957346,0.15335193276405334,0.004008196294307709,0.03355061635375023,0.009269202128052711,0.0559593066573143,0.010651377029716969,0.033383842557668686,0.008984391577541828,0.047006502747535706,,0.029732510447502136,0.002965721534565091,0.024712566286325455,0.004448233172297478,0.01788155734539032,0.03514320030808449,0.302545964717865,0.18168510496616364,1,213,2.9752007695269107,92,10,111,35563.796875,0.16941240429878235,0.1511772871017456,0.677541196346283,0.5803502202033997,0.09719101339578629,141,17,0,16,38,44,13,31,0.39906103286384975,0.027306411415338516,0.024133004248142242,0.4143531918525696,0.010251990519464016,0.0018690055003389716,0.0,0.03408557176589966,0.003991925623267889,0.0017237861175090075,0.02266041561961174,0.009857778437435627,0.014788269065320492,0.07314852625131607,0.011068521067500114,0.00263104191981256,0.1659969985485077,0.06988460570573807,0.005624986253678799,0.07989350706338882,0.026730384677648544,0.006339737214148045,0.03837992250919342,-2,0.1851061033791468,-2,0,0,1426.3828125,0.05142548680305481,-0.013606458902359009,-0.03595000505447388,-18,-5,0,-13,2,3,0.0037825690318848415
g8749.t1,g10075.t2,0.931,44.0,1,172,1.4744341612294183,23,56,93,15771.875,0.20759722590446472,0.13824602961540222,0.6541568040847778,0.49790364503860474,0.1562531292438507,164,21,6,144,4,22,10,12,0.2441860465116279,0.08307071775197983,0.07318239659070969,0.0256040021777153,0.0,0.07314082235097885,0.023813478648662567,0.05049761012196541,0.029203053563833237,0.0,0.0,0.005932702217251062,0.014320316724479198,0.0179047379642725,0.08258930593729019,0.004807214718312025,0.003445143112912774,0.35924601554870605,0.1386576145887375,1,152,1.4554528530517419,23,33,96,15677.390625,0.11176548898220062,0.1970674842596054,0.6135333180427551,0.2821097671985626,0.3314235508441925,128,8,1,136,-2,14,10,4,0.28289473684210525,0.11575070023536682,0.011679492890834808,0.22474420070648193,0.018428310751914978,0.07763366401195526,0.0,0.004239795729517937,0.012974699027836323,0.0430837944149971,0.02723570354282856,0.024279465898871422,0.04436087980866432,0.08318882435560226,0.0,0.00391036830842495,0.05736558139324188,0.21567288041114807,,0.030423732474446297,0.0050279186107218266,0.010493364185094833,0.004091519396752119,20,0.018981308177676404,0,23,-3,94.484375,0.0958317369222641,-0.058821454644203186,0.040623486042022705,36,13,5,8,6,8,-0.03870869033047736
g11083.t1,g11066.t1,0.9309,36.5,1,419,2.2363065786119805,190,70,159,28911.76171875,0.21374517679214478,0.14159460365772247,0.5979726314544678,0.3227565586566925,0.2752160131931305,387,45,38,342,-15,24,32,-8,0.1766109785202864,0.21050792932510376,0.06470806151628494,0.011606376618146896,0.0,0.01690884493291378,0.030226368457078934,0.043399590998888016,0.0,0.02731282450258732,0.04668764770030975,0.020724130794405937,0.017366312444210052,0.041874658316373825,0.018040623515844345,0.01796756684780121,0.010165407322347164,0.1763596385717392,0.1463969498872757,1,443,2.128549632440211,215,84,144,26179.716796875,0.1443406343460083,0.15969862043857574,0.6770005822181702,0.25326067209243774,0.4237399399280548,418,47,25,406,-21,23,36,-13,0.14221218961625282,0.14193284511566162,0.009366697631776333,0.1054472029209137,0.0072687058709561825,0.018960164859890938,0.0016210984904319048,0.028204234316945076,0.008332963101565838,0.020335596054792404,0.06251747161149979,0.029389631003141403,0.010047167539596558,0.04429764300584793,0.0013557063648477197,0.03923680633306503,0.14781345427036285,0.2818070650100708,0.007638910319656134,0.030933981761336327,0.0034926498774439096,0.013974716886878014,0.08577233552932739,-24,0.10775694617176956,-25,-14,15,2732.044921875,0.06940454244613647,-0.01810401678085327,-0.07902795076370239,-31,-2,13,-64,6,5,0.034398788904033584
g19521.t1,g4147.t1,0.9308,64.4,1,185,1.6168638063228868,69,44,72,19210.61328125,0.2318929135799408,0.18757888674736023,0.5714969635009766,0.3171062171459198,0.254390686750412,162,27,2,86,0,18,17,1,0.24324324324324326,0.12241650372743607,0.13197417557239532,0.05408197268843651,0.003688482102006674,0.1254238337278366,0.02121506631374359,0.0023513901978731155,0.04684452712535858,0.028451839461922646,0.009031320922076702,0.0023513901978731155,0.0005038693198002875,0.03867923095822334,0.0663510113954544,0.00033591288956813514,0.0,0.2600971460342407,0.057009097188711166,1,179,1.5907251488611498,62,44,73,18473.29296875,0.2343102991580963,0.138076514005661,0.612399160861969,0.39473628997802734,0.21766285598278046,161,32,0,66,1,19,16,3,0.2346368715083799,0.09394858777523041,0.03596404194831848,0.3242313265800476,0.05501791462302208,0.015213972888886929,0.004732588306069374,0.10777334868907928,0.03552132099866867,0.024627067148685455,0.03646538779139519,0.04616435989737511,0.009554537013173103,0.005638320464640856,0.006910744588822126,0.0,0.07050495594739914,0.12371426820755005,0.0,0.004017181228846312,0.0,0.02919325977563858,0.0,6,0.026138657461737047,7,0,-1,737.3203125,-0.0024173855781555176,0.04950237274169922,-0.04090219736099243,1,-5,2,20,-1,-2,0.008606371734863366
g3860.t1,g9892.t1,0.9307,57.9,1,528,3.024662746807705,266,79,183,39315.2109375,0.19939731061458588,0.17687927186489105,0.6143938899040222,0.3388661742210388,0.275527685880661,434,48,1,91,-6,41,34,7,0.20643939393939395,0.11190186440944672,0.1636258363723755,0.051201481372117996,0.0,0.08680687099695206,0.018325144425034523,0.02650817297399044,0.010392782278358936,0.044134944677352905,0.009329613298177719,0.012177710421383381,0.0,0.04934816434979439,0.029454758390784264,0.008863414637744427,0.013115501031279564,0.23444321751594543,0.10442298650741577,1,548,3.0398433626550934,263,97,188,41009.34375,0.2726995348930359,0.19019348919391632,0.5230893492698669,0.2917095720767975,0.23137976229190826,452,54,2,81,-8,40,33,7,0.20255474452554745,0.05276613309979439,0.022476885467767715,0.2206316441297531,0.006372943054884672,0.014017585664987564,0.0,0.14228034019470215,0.025695132091641426,0.027616092935204506,0.019046440720558167,0.02962462045252323,0.03261692821979523,0.06712176650762558,0.014142119325697422,0.03745242953300476,0.07107790559530258,0.17861361801624298,,0.022358743473887444,0.016088606789708138,0.022500747814774513,0.0034468830563127995,-20,-0.015180615847388168,3,-18,-5,-1694.1328125,-0.07330222427845001,-0.013314217329025269,0.09130454063415527,-18,-6,-1,10,2,0,0.0038846494138465026
g14011.t1,g1094.t1,0.9304,38.7,1,141,1.4855288482726174,50,44,47,15874.400390625,0.16649675369262695,0.39219245314598083,0.4413107633590698,0.2708379030227661,0.1704728752374649,135,20,1,233,1,11,10,1,0.2907801418439716,0.06475038081407547,0.10572250932455063,0.017581211403012276,0.0,0.07331406325101852,0.012800412252545357,0.018496178090572357,0.0351584292948246,0.03882328420877457,,0.021743616089224815,0.0,0.09851173311471939,0.07668882608413696,0.0002032546908594668,0.0010070056887343526,0.20225173234939575,0.06858616322278976,1,142,1.538883528685902,51,41,50,16405.1953125,0.23273888230323792,0.24010226130485535,0.5260013341903687,0.2825257182121277,0.24347558617591858,125,15,0,111,0,13,14,-1,0.2676056338028169,0.1459747701883316,0.030757427215576172,0.07892309874296188,0.000590034993365407,0.0011576287215575576,0.0,0.10950736701488495,0.022138839587569237,0.015966197475790977,0.11704929918050766,0.00826048944145441,0.05285204201936722,0.03864843025803566,0.03441870957612991,0.0025568180717527866,0.2036026120185852,0.09750083833932877,0.0,0.038942307233810425,0.0011531661730259657,0.1643611639738083,0.0,-1,-0.053354680413284505,-1,3,-3,-530.794921875,-0.06624212861061096,0.1520901918411255,-0.08469057083129883,10,5,1,122,1,2,0.02317450804115473
g16603.t3,g10353.t1,0.9286,47.0,1,727,4.248470445460001,258,135,334,68972.2109375,0.12098310887813568,0.2515506446361542,0.6217643618583679,0.27146828174591064,0.3502960801124573,681,142,5,454,-17,68,75,-7,0.24484181568088034,0.27884796261787415,0.07144814729690552,0.020737426355481148,0.0,0.031237225979566574,0.005680397152900696,0.0175798237323761,0.012993215583264828,0.14714916050434113,0.005701863672584295,0.012165806256234646,0.009955148212611675,0.0527428574860096,0.015451284125447273,0.007380488328635693,0.014612728729844093,0.23786909878253937,0.03359919413924217,1,799,4.17947264900772,328,137,334,69634.6640625,0.17051181197166443,0.19493195414543152,0.6229580640792847,0.23291273415088654,0.3900454044342041,662,77,1,548,-40,56,83,-27,0.22403003754693368,0.0755191296339035,0.059794191271066666,0.16708001494407654,0.008989057503640652,0.01159808412194252,0.003331259125843644,0.025582032278180122,0.012666190974414349,0.024510052055120468,0.0670604258775711,0.01536690816283226,0.04318035766482353,0.04793860763311386,0.018533993512392044,0.013112903572618961,0.06583271920681,0.3145262897014618,0.003556366777047515,0.01643320359289646,0.005388197489082813,0.0159141942858696,0.00893398653715849,-72,0.06899779645228055,-70,-2,0,-662.453125,-0.04952870309352875,0.056618690490722656,-0.001193702220916748,19,65,4,-94,23,20,0.020811778133946662
g19569.t1,g4116.t2,0.9274,64.6,1,144,2.7625355572844077,46,32,66,27741.259765625,0.14425019919872284,0.12080865353345871,0.7198118567466736,0.5421422719955444,0.17766962945461273,97,8,0,120,15,30,16,14,0.4513888888888889,0.11092915385961533,0.0667404755949974,0.006048046052455902,0.0,0.0730147510766983,0.006695515476167202,0.0032566399313509464,0.00046523427590727806,0.014147995039820671,0.015129336155951023,0.05100569128990173,0.004303417168557644,0.06982080638408661,0.025983745232224464,0.006156399380415678,0.004160591866821051,0.4402162730693817,0.10192598402500153,1,131,2.1754765500851354,41,35,55,22695.5390625,0.17126484215259552,0.1665521115064621,0.6399749517440796,0.4416863024234772,0.19828858971595764,86,1,0,92,10,23,13,10,0.3816793893129771,0.043638765811920166,0.0,0.3844156265258789,0.0008529992192052305,0.02220817655324936,0.0,0.09402348101139069,0.014610297046601772,0.03568379953503609,0.07482602447271347,0.0,0.049581922590732574,0.02175690233707428,0.014074486680328846,0.0,0.05727066472172737,0.15464985370635986,0.006255327723920345,0.02037474513053894,0.005776969250291586,0.0,0.0,13,0.5870590071992723,5,-3,11,5045.720703125,-0.02701464295387268,-0.04574345797300339,0.079836905002594,11,7,0,28,5,4,0.06970949957591177
g16310.t1,g16192.t1,0.9251,70.1,1,435,2.320556812092378,166,89,180,30792.310546875,0.1490073800086975,0.3049319386482239,0.5047375559806824,0.28843241930007935,0.21630510687828064,403,44,11,74,4,24,17,7,0.18620689655172415,0.16144688427448273,0.05485822260379791,0.013621940277516842,0.0,0.04029974713921547,0.021323151886463165,0.041468244045972824,0.008592300117015839,0.15040434896945953,0.04132314398884773,0.016748085618019104,0.009568474255502224,0.048811379820108414,0.02434893697500229,0.014326762408018112,0.03864015266299248,0.20450274646282196,0.08392966538667679,1,430,2.208554634092357,182,89,159,28766.3515625,0.10509898513555527,0.2645879089832306,0.6213847398757935,0.4123242497444153,0.20906051993370056,426,57,5,43,3,30,21,9,0.16046511627906976,0.07151287794113159,0.00863406341522932,0.2418627142906189,0.0030258679762482643,0.008928319439291954,0.0,0.03307732939720154,0.010683348402380943,0.02545609138906002,0.11119646579027176,0.02810896374285221,0.04064318910241127,0.04398183152079582,0.018948029726743698,0.005029475316405296,0.170461505651474,0.13754764199256897,0.0,0.010928133502602577,0.029974132776260376,0.021403977647423744,0.004381823353469372,5,0.11200217800002088,-16,0,21,2025.958984375,0.04390839487314224,0.040344029664993286,-0.11664718389511108,-23,-13,6,31,1,-2,0.02574178027265439
g12109.t1,g10089.t3,0.9215,61.4,1,109,2.721759771145236,29,25,55,27430.169921875,0.2697376608848572,0.1524025797843933,0.5504588484764099,0.49540975689888,0.0550491027534008,58,6,0,27,17,23,9,14,0.5137614678899083,0.054589323699474335,0.0004597836232278496,0.12316965311765671,0.0,0.026679717004299164,0.028251832351088524,0.07569588720798492,0.007998679764568806,0.03804691508412361,0.02740090899169445,0.01662803441286087,0.00882438663393259,0.019886378198862076,0.0340069904923439,0.01003552507609129,0.032210465520620346,0.2139180302619934,0.2814917266368866,1,159,2.606068520915194,28,34,97,30822.375,0.3502581715583801,0.17507824301719666,0.45235323905944824,0.4177511930465698,0.0346020832657814,88,11,0,31,26,27,5,22,0.389937106918239,0.0014440679224207997,0.09279363602399826,0.2769165337085724,0.024880889803171158,0.02231036312878132,,0.04859846830368042,0.016631364822387695,0.1003899946808815,0.01313141267746687,0.020766614004969597,0.02294616959989071,0.059003207832574844,0.0010253400541841984,0.04163715988397598,0.14083464443683624,0.033158011734485626,0.0030333898030221462,0.037899307906627655,0.04259946942329407,0.0,0.0007057658513076603,-50,0.11569125023004201,1,-9,-42,-3392.205078125,-0.08052051067352295,-0.022675663232803345,0.09810560941696167,-30,-5,0,-4,-9,-8,0.12382436097166927
g7479.t2,g11512.t1,0.9205,34.0,1,192,1.6386317911069535,104,23,65,17331.380859375,0.19094640016555786,0.40771400928497314,0.3921232223510742,0.276321679353714,0.11580157279968262,194,14,0,339,0,16,14,2,0.2604166666666667,0.09775718301534653,0.018044382333755493,0.0,0.0,0.03694372624158859,0.033391375094652176,0.09443321079015732,0.0,0.07464759051799774,0.00921634491533041,0.0012989308452233672,0.0,0.07742227613925934,0.1947356015443802,0.00037233575130812824,0.019131679087877274,0.244684636592865,0.0316370464861393,1,263,2.4563658713183147,117,28,118,29694.1640625,0.2614825367927551,0.2350301891565323,0.46966996788978577,0.37220901250839233,0.09746089577674866,219,16,0,312,4,21,11,10,0.27756653992395436,0.041317179799079895,0.06867265701293945,0.19351212680339813,0.020717982202768326,0.033817391842603683,,0.0733117163181305,0.01889612153172493,0.013730363920331001,0.1423964947462082,0.012350044213235378,0.017315780743956566,0.040350429713726044,0.019402943551540375,0.04596005380153656,0.1786969006061554,0.056143708527088165,0.0,0.019686806946992874,0.003721324959769845,0.008385459892451763,0.05789820849895477,-71,-0.8177340802113613,-13,-5,-53,-12362.783203125,-0.07053613662719727,0.17268382012844086,-0.07754674553871155,-25,-2,0,27,-4,-8,-0.017149873257287673
g7479.t1,g11512.t1,0.9192,34.0,1,196,1.6664771428489458,104,23,69,17998.828125,0.25062841176986694,0.38030195236206055,0.36745625734329224,0.2674902379512787,0.09996604919433594,190,14,0,354,1,15,12,3,0.23979591836734693,0.08292480558156967,0.017041238024830818,0.05931730940937996,0.0,0.03566126525402069,0.026258522644639015,0.09076026827096939,0.0,0.06923211365938187,0.0016133782919496298,0.0010714984964579344,0.0,0.07247363775968552,0.17541499435901642,0.0005377927445806563,0.019799120724201202,0.24302928149700165,0.024460917338728905,1,263,2.4563658713183147,117,28,118,29694.1640625,0.2614825367927551,0.2350301891565323,0.46966996788978577,0.37220901250839233,0.09746089577674866,219,16,0,312,4,21,11,10,0.27756653992395436,0.041317179799079895,0.06867265701293945,0.19351212680339813,0.020717982202768326,0.033817391842603683,,0.0733117163181305,0.01889612153172493,0.013730363920331001,0.1423964947462082,0.012350044213235378,0.017315780743956566,0.040350429713726044,0.019402943551540375,0.04596005380153656,0.1786969006061554,0.056143708527088165,0.0,0.019686806946992874,0.003721324959769845,0.017123540863394737,0.06328027695417404,-67,-0.789888728469369,-13,-5,-49,-11695.3359375,-0.010854125022888184,0.14527176320552826,-0.10221371054649353,-29,-2,0,42,-3,-7,-0.03777062155660743
g9706.t1,g3711.t1,0.9192,55.2,1,152,1.7514890442680935,55,36,61,18925.16015625,0.17782334983348846,0.25823310017585754,0.5308648943901062,0.47266608476638794,0.05819881334900856,116,14,0,234,28,23,4,19,0.28289473684210525,0.03720685467123985,0.020991960540413857,0.0,,0.07266157120466232,0.018433712422847748,0.012786732986569405,0.00017048977315425873,0.11802010238170624,0.03307880461215973,0.03322499990463257,0.00034097954630851746,0.05953484773635864,0.03359103202819824,0.02284562774002552,0.00236742221750319,0.26970377564430237,0.20296227931976318,1,139,1.6313115941416751,37,39,63,17608.064453125,0.254113107919693,0.13307669758796692,0.6128101348876953,0.5396974086761475,0.07311277836561203,99,11,0,170,24,23,5,18,0.28776978417266186,0.006267270538955927,0.0,0.2808675765991211,0.0,0.0,,0.07848724722862244,0.005485435947775841,0.0,0.013122320175170898,0.0,0.051441021263599396,0.06139962375164032,0.024371255189180374,0.04071874916553497,0.258829802274704,0.06684550642967224,0.0005497275851666927,0.10998614132404327,0.001628294587135315,0.026285985484719276,0.035792943090200424,13,0.12017745012641834,18,-3,-2,1317.095703125,-0.07628975808620453,0.12515640258789062,-0.08194524049758911,17,3,0,64,4,1,-0.004875047330556603
g9054.t1,g15477.t1,0.9186,37.6,1,291,2.047393218132021,98,70,123,25129.87109375,0.43365606665611267,0.3638971149921417,0.1758783757686615,0.1374237984418869,0.0384545736014843,253,23,12,237,0,11,4,7,0.23024054982817868,0.006191822700202465,0.03226274996995926,0.08268629014492035,0.010922995395958424,0.07389990985393524,0.008421370759606361,0.06051162630319595,0.054529763758182526,0.1094745397567749,0.026568494737148285,0.008853389881551266,0.0002567897317931056,0.03263823688030243,0.0964696928858757,0.07511099427938461,0.013299571350216866,0.06372653692960739,0.07369726151227951,1,404,2.8050720641621147,141,100,163,32373.375,0.3377772867679596,0.20467746257781982,0.45754528045654297,0.31462907791137695,0.1429162323474884,338,41,12,309,1,27,22,5,0.23267326732673269,0.0804818719625473,0.08808714896440506,0.1878783404827118,0.07694266736507416,0.0,0.0020188067574054003,0.03863085061311722,0.024174891412258148,0.03428047522902489,0.017397640272974968,0.03882753476500511,0.04590645432472229,0.05851046368479729,0.053350891917943954,0.030957702547311783,0.12675075232982635,0.0624343678355217,0.0032708218786865473,0.012256727553904057,0.01784166693687439,0.09267071634531021,0.07780728489160538,-113,-0.7576788460300938,-43,-30,-40,-7243.50390625,0.09587877988815308,0.1592196524143219,-0.28166690468788147,-85,-18,0,-72,-1,2,-0.0024327174985540045
g18248.t1,g3434.t1,0.9185,30.1,1,550,3.1460266816251785,266,93,191,43479.7578125,0.20037256181240082,0.1448494791984558,0.6263962984085083,0.3509387969970703,0.2754575312137604,480,70,10,97,-2,53,37,16,0.22181818181818183,0.21450333297252655,0.06095419451594353,0.03567036613821983,0.0,0.054390888661146164,0.02172616496682167,0.03889322653412819,0.01981353759765625,0.026840783655643463,0.02838156744837761,0.02453554794192314,0.0034135684836655855,0.04576003551483154,0.013418666087090969,0.023655438795685768,0.001527915126644075,0.24503719806671143,0.10590158402919769,1,549,3.029733639520663,278,109,162,38678.8828125,0.17189398407936096,0.25387778878211975,0.4895893633365631,0.28167325258255005,0.20791611075401306,477,57,4,60,-1,40,30,10,0.1894353369763206,0.0949409231543541,0.05356766656041145,0.16294986009597778,0.01971103996038437,0.08463890850543976,0.0,0.024123849347233772,0.028160540387034416,0.015682734549045563,0.07230757176876068,0.025312624871730804,0.05728865787386894,0.06557416915893555,0.010321109555661678,0.007983220741152763,0.11872339993715286,0.11297518759965897,,0.04050435870885849,0.005234203301370144,0.03557591885328293,0.0,1,0.11629304210451563,-12,-16,29,4800.875,0.028478577733039856,-0.10902830958366394,0.1368069350719452,3,13,6,37,-1,6,0.03238284484186124
g15161.t1,g9579.t1,0.9178,86.0,1,833,3.8714640830682376,327,138,368,69203.5859375,0.21048109233379364,0.2842336595058441,0.5052852630615234,0.25953903794288635,0.24574624001979828,674,89,12,297,-15,59,55,4,0.19447779111644659,0.13160359859466553,0.11414264142513275,0.022167500108480453,0.0,0.06091863662004471,0.016382284462451935,0.04584807902574539,0.03321496397256851,0.15584951639175415,0.0,0.005993233527988195,0.01053701713681221,0.018935419619083405,0.03385915607213974,0.0025176946073770523,0.027139006182551384,0.1379421353340149,0.12159688770771027,1,805,3.640550462968046,321,136,348,58950.703125,0.22396375238895416,0.3000812530517578,0.4690195620059967,0.20847143232822418,0.26054811477661133,688,89,11,305,-20,51,58,-7,0.18012422360248448,0.09266545623540878,0.0324019119143486,0.11674946546554565,0.011093148961663246,0.006935472600162029,0.0,0.06836527585983276,0.02049335651099682,0.030039656907320023,0.10763207823038101,0.042780399322509766,0.03137502074241638,0.07311221957206726,0.022221410647034645,0.03365078568458557,0.09172195196151733,0.16788268089294434,0.0019651821348816156,0.024226391687989235,0.024688180536031723,0.032068248838186264,0.029283961281180382,28,0.23091362010019179,6,2,20,10252.8828125,-0.013482660055160522,-0.015847593545913696,0.03626570105552673,-14,0,1,-8,5,11,0.014353567513962107
g10396.t1,g8473.t1,0.9168,61.9,1,150,2.492188784509351,48,36,66,25934.296875,0.24991004168987274,0.11692671477794647,0.6326656341552734,0.5782984495162964,0.054367125034332275,105,14,3,51,28,32,6,26,0.35333333333333333,0.05265938863158226,0.0017077357042580843,0.035457514226436615,0.0,0.08093617856502533,0.016424482688307762,0.01965714618563652,0.0,0.055638376623392105,0.0004976493073627353,0.04766087979078293,,0.01886529102921486,0.004156675189733505,0.0,0.0,0.3685007095336914,0.20979779958724976,1,138,2.250299968013025,52,36,50,22933.19921875,0.22915542125701904,0.10745538026094437,0.6633890867233276,0.5967053771018982,0.06668374687433243,101,12,0,36,26,31,4,27,0.3188405797101449,0.02626296877861023,0.03981618955731392,0.45029211044311523,0.0,0.0,0.0,0.09307341277599335,0.009745883755385876,0.001547625637613237,0.030321329832077026,0.020781509578227997,0.005311059765517712,0.012134931050240993,0.0,0.07306426018476486,0.14641328155994415,0.0404207818210125,,0.021653927862644196,0.029160672798752785,0.021841896697878838,0.06619831174612045,12,0.241888816496326,-4,0,16,3001.09765625,0.0207546204328537,0.009471334517002106,-0.0307234525680542,4,2,3,15,2,-1,0.03449275362318843
g16188.t2,g9337.t1,0.9142,42.1,1,76,1.1612962467528984,18,26,32,11969.802734375,0.09278129041194916,0.4334450662136078,0.47109857201576233,0.25387972593307495,0.21721884608268738,70,10,0,2,0,9,9,0,0.42105263157894735,0.14957036077976227,0.06764848530292511,0.06439258903265,,0.0,0.1964900642633438,0.0040433574467897415,0.0,0.10811285674571991,0.0026750671677291393,0.019493307918310165,,0.0646112933754921,0.026923036202788353,0.0,0.0,0.16026602685451508,0.09361370652914047,1,76,1.151009952862508,18,27,31,11823.369140625,0.08285985141992569,0.32375454902648926,0.5933856964111328,0.3002842962741852,0.29310142993927,62,9,0,65,-3,10,11,-1,0.3684210526315789,0.18660423159599304,0.03677162155508995,0.260128378868103,0.0,,,0.0002677060547284782,0.010977187193930149,0.014736365526914597,0.06445781141519547,0.0975385382771492,0.06356345862150192,0.013385302387177944,0.012280304916203022,0.0060037048533558846,0.04015590250492096,0.1064971312880516,0.01280014868825674,0.0,0.07383224368095398,0.037307821214199066,0.004852029494941235,0,0.010286293890390485,0,-1,1,146.43359375,0.009921438992023468,0.10969051718711853,-0.12228712439537048,8,1,0,-63,3,1,0.05263157894736842
g10256.t1,g8642.t2,0.9122,43.6,1,896,4.3716478859958885,388,137,371,83601.421875,0.13429556787014008,0.2018333524465561,0.6508038640022278,0.31253015995025635,0.33827367424964905,794,123,0,547,-28,75,91,-16,0.23214285714285715,0.2956463694572449,0.042627301067113876,0.04153664410114288,0.0,0.013545322231948376,0.004939081612974405,0.023219505324959755,0.011303757317364216,0.07928606122732162,0.013067172840237617,0.01120345015078783,0.010019863024353981,0.040816567838191986,0.016847115010023117,0.01675160601735115,0.004519701935350895,0.2607022523880005,0.05182792991399765,1,699,4.052119860357013,265,135,299,59156.890625,0.1372678577899933,0.21193015575408936,0.63327556848526,0.2470104694366455,0.3862650990486145,610,104,2,469,-25,56,71,-15,0.22746781115879827,0.08777229487895966,0.019600367173552513,0.22538506984710693,0.01084394846111536,0.01752645894885063,0.0,0.05411497503519058,0.006398673634976149,0.013253752142190933,0.07007809728384018,0.05340610817074776,0.04480868577957153,0.025412309914827347,0.00646938057616353,0.012487674131989479,0.021625401452183723,0.29849281907081604,0.008937657810747623,0.011560115031898022,0.011826266534626484,0.05542480945587158,0.006715424824506044,197,0.31952802563887506,123,2,72,24444.53125,-0.0029722899198532104,-0.010096803307533264,0.017528295516967773,184,19,-2,78,-3,-1,0.004675045984058879
g14428.t1,g7021.t1,0.9122,29.0,1,450,2.439930496781602,170,66,214,32331.359375,0.2069125920534134,0.23861731588840485,0.5281995534896851,0.282654732465744,0.24554480612277985,379,53,25,176,-4,25,31,-6,0.18666666666666668,0.16056080162525177,0.08498400449752808,0.029736988246440887,0.0,0.06686792522668839,0.006969493813812733,0.04011806473135948,0.0,0.06587044894695282,0.026270601898431778,0.03330172225832939,0.0,0.038225553929805756,0.08263600617647171,0.03419337049126625,0.011360212229192257,0.208530455827713,0.07412424683570862,1,461,2.4863873776105496,188,70,203,34388.9921875,0.13478806614875793,0.16814683377742767,0.6523998975753784,0.4621681869029999,0.19023171067237854,394,34,3,128,6,34,23,11,0.18655097613882862,0.0843174010515213,0.011448491364717484,0.3179885149002075,0.006188170053064823,0.044665247201919556,0.0,0.06715241819620132,0.016666032373905182,0.013832619413733482,0.053831908851861954,0.03315938636660576,0.02185450680553913,0.025553621351718903,0.013553284108638763,0.004128298722207546,0.14417965710163116,0.10591433942317963,0.0,0.018484776839613914,0.01708138734102249,0.03355560451745987,0.0026944968849420547,-11,-0.04645688082894761,-18,-4,11,-2057.6328125,0.07212452590465546,0.07047048211097717,-0.12420034408569336,-15,19,22,48,-10,-17,0.00011569052783805267
g18654.t1,g8646.t1,0.9119,36.1,1,303,1.955943044241631,136,56,111,21896.19140625,0.15454931557178497,0.18726448714733124,0.6555562019348145,0.5134763121604919,0.14207985997200012,296,44,0,467,8,32,14,18,0.18811881188118812,0.06782640516757965,0.07425345480442047,0.0,,0.06316325068473816,0.04200773313641548,0.021658046171069145,0.0011519759427756071,0.015305474400520325,0.002629999304190278,0.06857603043317795,0.0,0.034317269921302795,0.0738564059138298,0.0,0.0008841389790177345,0.466846764087677,0.04662953317165375,1,273,1.8774768663256196,122,52,99,20456.47265625,0.1989283412694931,0.17012105882167816,0.5941487550735474,0.40651941299438477,0.1876293122768402,244,33,0,185,-1,29,18,11,0.2271062271062271,0.10492804646492004,0.0,0.36610522866249084,0.0,0.03680195286870003,0.0,0.07099901139736176,0.03098810836672783,0.037696849554777145,0.005557679105550051,0.031028158962726593,0.0363805927336216,0.05301859229803085,0.014274082146584988,0.0,0.04041415452957153,0.08270125836133957,0.0026813659351319075,0.07327702641487122,0.013147920370101929,0.020893463864922523,0.0,30,0.0784661779160114,14,4,12,1439.71875,-0.04437902569770813,0.017143428325653076,0.06140744686126709,52,11,0,282,9,7,-0.038987415225038985
g7761.t1,g2245.t1,0.9114,62.4,1,590,3.21443410175121,293,95,202,49414.30859375,0.325496643781662,0.19474786520004272,0.4579184353351593,0.2878328859806061,0.17008554935455322,524,68,6,52,0,40,35,5,0.21016949152542372,0.11683914065361023,0.05324642360210419,0.06525944918394089,0.0003917747235391289,0.09578991681337357,0.02675754390656948,0.00992496032267809,0.011352774687111378,0.04665030166506767,0.02183704823255539,0.049243293702602386,0.0,0.039918314665555954,0.025761956349015236,0.012247323989868164,0.029002217575907707,0.14909742772579193,0.13873544335365295,1,585,3.006593297865394,279,93,213,42769.8515625,0.33766087889671326,0.21052317321300507,0.4440605640411377,0.2809080183506012,0.1631525307893753,496,58,5,29,-2,39,36,3,0.19487179487179487,0.044264569878578186,0.030595852062106133,0.1351213902235031,0.01961432956159115,0.007755350321531296,0.0,0.10937147587537766,0.026826638728380203,0.02730550803244114,0.05644945800304413,0.023885929957032204,0.02117401361465454,0.07865523546934128,0.02109537087380886,0.0893445536494255,0.14578664302825928,0.11888794600963593,0.0,0.04033374786376953,0.0035319081507623196,0.026265747845172882,0.08167893439531326,5,0.20784080388581572,14,2,-11,6644.45703125,-0.01216423511505127,-0.01577530801296234,0.013857871294021606,28,10,1,23,2,2,0.015297696653628845
g6389.t1,g9757.t1,0.911,68.0,1,192,2.149721056718171,79,47,66,23449.904296875,0.20985665917396545,0.22505398094654083,0.5475218892097473,0.3181656301021576,0.22935627400875092,167,35,2,88,-3,17,21,-4,0.2916666666666667,0.12531495094299316,0.10404133051633835,0.10284537076950073,0.0034837876446545124,0.028914853930473328,0.006429235450923443,0.0026142699643969536,0.012793025933206081,0.06771612167358398,0.017567439004778862,0.018002742901444435,0.0,0.02722105383872986,0.07763946801424026,0.012383383698761463,0.00920889899134636,0.08187123388051987,0.23629440367221832,1,195,2.1286008206759988,83,43,69,22887.84375,0.21280597150325775,0.27162468433380127,0.500373899936676,0.3051661252975464,0.19520775973796844,178,35,2,91,-2,22,21,1,0.3128205128205128,0.07155109196901321,0.029463157057762146,0.22458025813102722,0.05129775404930115,0.015195492655038834,0.01640455052256584,0.025009579956531525,0.017301619052886963,0.016070814803242683,0.08463878929615021,0.013003899715840816,0.02001437358558178,0.08354662358760834,0.0,0.05272354558110237,0.08058587461709976,0.12365667521953583,,0.03824111074209213,0.03671480342745781,0.03335541859269142,0.03230302035808563,-3,0.02112023604217228,-4,4,-3,562.060546875,-0.0029493123292922974,-0.04657070338726044,0.04714798927307129,-11,0,0,-3,-1,-5,-0.021153846153846134
g9582.t1,g8288.t1,0.9101,34.0,1,662,2.455538719520821,225,162,275,30119.490234375,0.21166224777698517,0.25988298654556274,0.48219841718673706,0.3267870843410492,0.15541133284568787,642,84,28,886,-3,28,24,4,0.13897280966767372,0.10934823006391525,0.04606310650706291,0.008884035982191563,0.0,0.019952263683080673,0.016182510182261467,0.09702692180871964,0.015077739953994751,0.0967920646071434,0.04625634476542473,0.04066315293312073,0.007605865132063627,0.07792972773313522,0.04229828715324402,0.013570665381848812,0.0034765054006129503,0.171965092420578,0.1548219472169876,1,689,2.66070902372694,208,156,325,39277.609375,0.1723720282316208,0.23078501224517822,0.5416762828826904,0.40293869376182556,0.13873764872550964,607,84,13,681,9,40,25,15,0.14804063860667635,0.04284830391407013,0.028419191017746925,0.2855987250804901,0.038622044026851654,0.05516665801405907,0.0,0.039815809577703476,0.012657904997467995,0.02525077760219574,0.011174611747264862,0.06132367625832558,0.08733915537595749,0.058289654552936554,0.0,0.006076763849705458,0.11733996868133545,0.09588933736085892,0.0,0.034187451004981995,0.0,0.023203903809189796,0.008881594054400921,-27,-0.20517030420611926,17,6,-50,-9158.119140625,0.03929021954536438,0.02909797430038452,-0.05947786569595337,35,0,15,205,-12,-11,-0.009067828939002626
g18995.t1,g7528.t1,0.9097,85.8,1,179,1.7417721843661573,61,47,71,19546.92578125,0.3295390009880066,0.14910562336444855,0.48805269598960876,0.29835188388824463,0.18970085680484772,158,29,0,190,-1,14,13,1,0.2569832402234637,0.10837382823228836,0.08132703602313995,0.01831864006817341,0.0,0.09073567390441895,0.004734247922897339,0.04454490914940834,0.046867650002241135,0.012942974455654621,0.033302661031484604,0.014030667021870613,0.044648319482803345,0.010369095019996166,0.05840430036187172,0.008823282085359097,0.004411641042679548,0.15329968929290771,0.14505217969417572,1,181,1.644050115925331,64,41,76,18298.974609375,0.3512517511844635,0.2040984332561493,0.40766265988349915,0.22089263796806335,0.1867700070142746,170,23,0,184,-2,11,12,-1,0.27071823204419887,0.07737653702497482,0.02123870886862278,0.10680554807186127,0.05730525776743889,0.03698711097240448,0.0,0.07418712973594666,0.028767675161361694,0.062410615384578705,0.02782183140516281,0.03903079032897949,0.018377332016825676,0.08852595835924149,0.005958832800388336,0.0446777306497097,0.11408708989620209,0.10939347743988037,0.04015825316309929,0.04531523585319519,0.001574855181388557,0.05824337154626846,0.06156987324357033,-2,0.09772206844082643,-3,6,-5,1247.951171875,-0.02171275019645691,-0.054992809891700745,0.08039003610610962,-12,6,0,6,1,2,-0.013734991820735176
g8474.t1,g5361.t1,0.9096,40.7,1,516,3.8667118325024936,130,221,165,46421.2109375,0.3260994553565979,0.3024410307407379,0.2704940140247345,0.1975434273481369,0.072950579226017,402,27,4,361,-4,29,15,14,0.25193798449612403,0.05338767543435097,0.019562900066375732,0.04810576140880585,0.008433080278337002,0.049736496061086655,0.007728442549705505,0.04892060160636902,0.05153373256325722,0.03493981063365936,0.10096551477909088,0.009812568314373493,0.028743164613842964,0.016702938824892044,0.1376054733991623,0.04451073333621025,0.05154019221663475,0.10137106478214264,0.09617235511541367,1,472,3.6283162524544403,100,210,162,37579.0546875,0.27581602334976196,0.4264039993286133,0.25711554288864136,0.1872807890176773,0.06983476132154465,391,25,0,191,-13,18,17,1,0.22033898305084745,0.030856903642416,0.052918992936611176,0.1461663693189621,0.049455489963293076,0.040664367377758026,0.0,0.034670278429985046,0.012316623702645302,0.04073048755526543,0.055776309221982956,0.055127136409282684,0.07888098806142807,0.11514865607023239,0.008456829003989697,0.018799474462866783,0.04111442342400551,0.03897785767912865,0.039892662316560745,0.030891796573996544,0.10915429145097733,0.04549109935760498,0.04473641887307167,44,0.23839558004805328,30,11,3,8842.15625,0.05028343200683594,-0.12396296858787537,0.01337847113609314,11,2,4,170,9,13,0.03159900144527658
g5964.t1,g9707.t2,0.9095,61.6,1,257,2.890078713983306,58,49,150,36655.14453125,0.3190099000930786,0.31345880031585693,0.30644720792770386,0.18326003849506378,0.12318716198205948,189,27,4,185,0,20,16,4,0.35019455252918286,0.08826404064893723,0.03492312878370285,0.04506848007440567,0.050422895699739456,0.046277642250061035,0.013111067935824394,0.030544182285666466,0.019421279430389404,0.13569091260433197,0.06108405068516731,0.008846311829984188,0.0,0.07365413010120392,0.02295568957924843,0.012675510719418526,0.01762411557137966,0.14771808683872223,0.035541944205760956,1,214,1.9583033036376625,58,45,111,21492.64453125,0.3891602158546448,0.249292254447937,0.3446040749549866,0.16485075652599335,0.17975331842899323,182,17,2,186,-5,11,13,-2,0.27102803738317754,0.029640384018421173,0.024067169055342674,0.16485075652599335,0.0144084133207798,0.016943378373980522,0.0,0.07733447849750519,0.01604560762643814,0.05897743999958038,0.03433593735098839,0.013967840000987053,0.0301669929176569,0.12444212287664413,0.059178903698921204,0.03974844142794609,0.0,0.15011294186115265,0.0,0.11544539034366608,0.030333755537867546,0.0,0.15617649257183075,43,0.9317754103456437,0,4,39,15162.5,-0.07015031576156616,0.06416654586791992,-0.038156867027282715,7,10,2,-1,5,6,0.07916651514600531
g18995.t1,g9457.t1,0.9092,56.4,1,179,1.7417721843661573,61,47,71,19546.92578125,0.3295390009880066,0.14910562336444855,0.48805269598960876,0.29835188388824463,0.18970085680484772,158,29,0,190,-1,14,13,1,0.2569832402234637,0.10837382823228836,0.08132703602313995,0.01831864006817341,0.0,0.09073567390441895,0.004734247922897339,0.04454490914940834,0.046867650002241135,0.012942974455654621,0.033302661031484604,0.014030667021870613,0.044648319482803345,0.010369095019996166,0.05840430036187172,0.008823282085359097,0.004411641042679548,0.15329968929290771,0.14505217969417572,1,177,1.7030007673032217,54,44,79,19541.341796875,0.3127218782901764,0.21835482120513916,0.44622233510017395,0.2772921621799469,0.16893021762371063,147,23,2,76,1,15,12,3,0.2655367231638418,0.024262655526399612,0.023171886801719666,0.22011536359786987,0.03764219582080841,0.022700931876897812,0.0,0.11132481694221497,0.02047308161854744,0.07016158103942871,0.09075059741735458,0.020837189629673958,0.02228608727455139,0.05660032853484154,0.0034335118252784014,0.050333376973867416,0.057176779955625534,0.14466755092144012,0.004270980134606361,0.012383539229631424,0.00740753673017025,0.05824337154626846,0.06156987324357033,2,0.03877141706293563,7,3,-8,5.583984375,0.0168171226978302,-0.06924919784069061,0.041830360889434814,11,6,-2,114,-2,-2,-0.00855348294037811
g8346.t1,g960.t1,0.9092,65.1,1,231,2.7802152612774296,62,51,118,30962.802734375,0.10334102809429169,0.3642672896385193,0.5208820700645447,0.4743519425392151,0.04653015732765198,165,10,1,132,36,42,4,38,0.341991341991342,0.02942247875034809,0.017107678577303886,0.04474698752164841,0.00010553888569120318,0.01705174520611763,0.014552715234458447,0.012504860758781433,0.0,0.09124457836151123,0.01150957215577364,0.023201834410429,0.0,0.22966405749320984,0.013773642480373383,0.0,0.0010254414519295096,0.2773086726665497,0.1970432549715042,1,202,2.406701890709745,62,51,89,24961.751953125,0.12364066392183304,0.14397716522216797,0.6883939504623413,0.5709433555603027,0.11745057255029678,144,12,0,193,28,36,8,28,0.28217821782178215,0.022498393431305885,0.04787279665470123,0.3103308379650116,0.0003877788258250803,0.04398821294307709,0.0,0.017663341015577316,0.026270899921655655,0.0,0.016481749713420868,0.018991917371749878,0.06273938715457916,0.018861649557948112,0.017370479181408882,0.014606336131691933,0.2606125473976135,0.09495218098163605,0.0,0.025739936158061028,0.000631563423667103,0.01390133984386921,0.005835601594299078,29,0.3735133705676845,0,0,29,6001.05078125,-0.02029963582754135,0.22029012441635132,-0.16751188039779663,21,-2,1,-61,8,10,0.05981312416955986
g7479.t1,g11512.t2,0.9091,33.9,1,196,1.6664771428489458,104,23,69,17998.828125,0.25062841176986694,0.38030195236206055,0.36745625734329224,0.2674902379512787,0.09996604919433594,190,14,0,354,1,15,12,3,0.23979591836734693,0.08292480558156967,0.017041238024830818,0.05931730940937996,0.0,0.03566126525402069,0.026258522644639015,0.09076026827096939,0.0,0.06923211365938187,0.0016133782919496298,0.0010714984964579344,0.0,0.07247363775968552,0.17541499435901642,0.0005377927445806563,0.019799120724201202,0.24302928149700165,0.024460917338728905,1,235,1.7735180916047992,119,28,88,20234.046875,0.15217816829681396,0.3841288089752197,0.4219917953014374,0.23235811293125153,0.18963368237018585,204,7,0,321,-4,16,12,4,0.225531914893617,0.0735679417848587,0.011640670709311962,0.1382855623960495,0.006059527397155762,0.04170118644833565,,0.02327267825603485,0.0354820117354393,0.006773217581212521,0.23693333566188812,0.043157968670129776,0.02591170184314251,0.03589966148138046,0.05049831420183182,0.047041065990924835,0.09407256543636322,0.11606574803590775,0.0,0.006892688572406769,0.006744133774191141,0.017123540863394737,0.06328027695417404,-39,-0.10704094875585346,-15,-5,-19,-2235.21875,0.09845024347305298,-0.0038268566131591797,-0.05453553795814514,-14,7,0,33,5,-1,0.014264003473729914
g663.t2,g14783.t1,0.9087,52.5,1,613,2.995995565423304,125,145,343,42263.953125,0.314920574426651,0.3407989740371704,0.33798378705978394,0.19359515607357025,0.14438866078853607,561,67,34,539,-6,22,20,2,0.18107667210440456,0.09095928817987442,0.053429365158081055,0.027724361047148705,0.0008505019941367209,0.03578893467783928,0.029381942003965378,0.009692047722637653,0.02658546343445778,0.0633634626865387,0.006296646781265736,0.07638482004404068,0.03784942999482155,0.026845822110772133,0.15562739968299866,0.020201241597533226,0.04676414653658867,0.089476078748703,0.10411906987428665,1,783,3.5639426943596932,209,151,423,59280.90234375,0.35339468717575073,0.3301769495010376,0.28194209933280945,0.17025607824325562,0.11168603599071503,674,64,29,717,-1,30,23,7,0.22094508301404853,0.06631965935230255,0.0616854652762413,0.0750698521733284,0.045712146908044815,0.03448620066046715,0.013009181246161461,0.006122037768363953,0.04534789174795151,0.04006759077310562,0.061530254781246185,0.04106082022190094,0.044859062880277634,0.06740663945674896,0.0419725701212883,0.07444645464420319,0.09518622606992722,0.045366380363702774,0.033791135996580124,0.04959729686379433,0.05696311593055725,0.01796569675207138,0.080694280564785,-170,-0.5679471289363893,-84,-6,-80,-17016.94921875,-0.03847411274909973,0.010622024536132812,0.05604168772697449,-113,3,5,-178,-5,-5,-0.039868410909643964
g17811.t1,g4937.t1,0.9085,32.9,1,320,2.2117160696368043,125,56,139,24994.2265625,0.366157203912735,0.3246024549007416,0.3016927242279053,0.19107139110565186,0.11062132567167282,311,30,28,501,-10,12,12,0,0.225,0.03766331076622009,0.07295802235603333,0.0704399049282074,0.0006307428702712059,0.056239183992147446,0.038327813148498535,0.08180879801511765,0.009502749890089035,0.03961455076932907,0.007547670044004917,0.05936623364686966,0.0,0.03562260419130325,0.08818532526493073,0.015734465792775154,0.030182691290974617,0.05906430259346962,0.13200709223747253,1,330,2.6120657276932,108,59,163,30293.916015625,0.36405086517333984,0.2965991795063019,0.2873491048812866,0.21673165261745453,0.07061745971441269,282,25,21,387,4,18,10,8,0.23030303030303031,0.06516645103693008,0.1229005828499794,0.1912338137626648,0.029488161206245422,0.052000924944877625,0.0004163193516433239,0.05024620145559311,0.009118412621319294,0.046594683080911636,0.05150921270251274,0.03286594897508621,0.09098611027002335,0.07207442820072174,0.027997048571705818,0.027256350964307785,0.025497809052467346,0.005451003089547157,0.005363862495869398,0.05420398712158203,0.039628710597753525,0.09203871339559555,0.07306588441133499,-10,-0.40034965805639544,17,-3,-24,-5299.689453125,0.0021063387393951416,0.028003275394439697,0.014343619346618652,29,5,7,114,-14,-8,-0.005303030303030309
g9724.t1,g9337.t1,0.9079,30.2,1,82,1.2726359941757288,18,25,39,13130.404296875,0.12976957857608795,0.1812882125377655,0.6869857907295227,0.42245781421661377,0.2645280361175537,60,8,0,27,1,12,9,3,0.4024390243902439,0.19343239068984985,0.07109565287828445,0.053021080791950226,,0.003426213748753071,0.07883810251951218,0.0039316946640610695,0.008081109263002872,0.020194964483380318,0.0019565012771636248,0.019792158156633377,0.012778008356690407,0.06736717373132706,,0.0012174500152468681,,0.20495817065238953,0.21749961376190186,1,76,1.151009952862508,18,27,31,11823.369140625,0.08285985141992569,0.32375454902648926,0.5933856964111328,0.3002842962741852,0.29310142993927,62,9,0,65,-3,10,11,-1,0.3684210526315789,0.18660423159599304,0.03677162155508995,0.260128378868103,0.0,,,0.0002677060547284782,0.010977187193930149,0.014736365526914597,0.06445781141519547,0.0975385382771492,0.06356345862150192,0.013385302387177944,0.012280304916203022,0.0060037048533558846,0.04015590250492096,0.1064971312880516,0.01280014868825674,0.0,0.07383224368095398,0.014887974597513676,0.027521861717104912,6,0.12162604131322086,0,-2,8,1307.03515625,0.04690972715616226,-0.14246633648872375,0.09360009431838989,-2,-1,0,-38,4,4,0.034017971758665
g7479.t2,g11512.t2,0.9078,33.9,1,192,1.6386317911069535,104,23,65,17331.380859375,0.19094640016555786,0.40771400928497314,0.3921232223510742,0.276321679353714,0.11580157279968262,194,14,0,339,0,16,14,2,0.2604166666666667,0.09775718301534653,0.018044382333755493,0.0,0.0,0.03694372624158859,0.033391375094652176,0.09443321079015732,0.0,0.07464759051799774,0.00921634491533041,0.0012989308452233672,0.0,0.07742227613925934,0.1947356015443802,0.00037233575130812824,0.019131679087877274,0.244684636592865,0.0316370464861393,1,235,1.7735180916047992,119,28,88,20234.046875,0.15217816829681396,0.3841288089752197,0.4219917953014374,0.23235811293125153,0.18963368237018585,204,7,0,321,-4,16,12,4,0.225531914893617,0.0735679417848587,0.011640670709311962,0.1382855623960495,0.006059527397155762,0.04170118644833565,,0.02327267825603485,0.0354820117354393,0.006773217581212521,0.23693333566188812,0.043157968670129776,0.02591170184314251,0.03589966148138046,0.05049831420183182,0.047041065990924835,0.09407256543636322,0.11606574803590775,0.0,0.006892688572406769,0.006744133774191141,0.008385459892451763,0.05789820849895477,-43,-0.13488630049784578,-15,-5,-23,-2902.666015625,0.038768231868743896,0.023585200309753418,-0.02986857295036316,-10,7,0,18,4,-2,0.03488475177304967
g14897.t1,g4777.t1,0.9073,60.6,1,192,2.1713683709361433,104,3,85,23644.66796875,0.36279749870300293,0.3186495900154114,0.31122565269470215,0.26097410917282104,0.050251543521881104,186,11,2,239,8,14,5,9,0.3125,0.0002666974032763392,0.04998484253883362,0.09234904497861862,0.0013802926987409592,0.0751633420586586,0.021081967279314995,0.009279265068471432,0.00941572617739439,0.08968473225831985,0.007327308412641287,0.06594612449407578,0.004639632534235716,0.020753905177116394,0.13215720653533936,0.048700589686632156,0.0,,0.26097410917282104,1,188,1.6753893614323456,103,3,82,18743.921875,0.32308170199394226,0.2510354816913605,0.3882734775543213,0.2516827881336212,0.13659065961837769,187,15,2,242,4,16,10,6,0.26595744680851063,0.10092934966087341,0.0514693409204483,0.1037806048989296,0.029263503849506378,0.03760935738682747,0.0006973523995839059,0.14172697067260742,0.026394406333565712,0.012695062905550003,0.0775458961725235,0.0376119427382946,0.04714518040418625,0.05398475006222725,0.01618099771440029,0.0003442765446379781,0.14790219068527222,0.03566132113337517,0.0005164148169569671,0.07088510692119598,0.007655959110707045,0.05359147861599922,0.0573037751019001,4,0.4959790095037977,1,0,3,4900.74609375,0.03971579670906067,0.0676141083240509,-0.07704782485961914,-1,-4,0,-3,4,3,0.046542553191489366
g4461.t1,g8942.t1,0.9041,69.1,1,123,1.7773531368753184,32,32,59,20167.03515625,0.21221457421779633,0.09973690658807755,0.656088650226593,0.47049060463905334,0.18559804558753967,82,7,0,16,19,23,10,13,0.34146341463414637,0.13838227093219757,0.04721575602889061,0.0,,0.08060489594936371,0.016434812918305397,0.051197152584791183,0.0030398310627788305,0.026984866708517075,0.03195984289050102,0.03162252530455589,0.006072367075830698,0.03376441448926926,0.00925996620208025,0.03167823702096939,0.0,0.32562100887298584,0.1448695957660675,1,121,1.7077908352729332,32,31,58,19448.44921875,0.18393662571907043,0.11746156960725784,0.6881418228149414,0.47217127680778503,0.21597056090831757,83,10,0,15,16,22,10,12,0.33884297520661155,0.07295785844326019,0.0,0.3336636424064636,0.001990830060094595,0.010460012592375278,,0.09668704867362976,0.0069489930756390095,0.03880605474114418,0.03368811309337616,0.028070002794265747,0.010526983998715878,0.03822747617959976,0.012442687526345253,0.008295124396681786,0.13850761950016022,0.14301268756389618,0.0056406850926578045,0.020074201747775078,0.0,0.013292848132550716,0.00799955427646637,2,0.06956230160238519,0,1,1,718.5859375,0.02827794849872589,-0.017724663019180298,-0.03205317258834839,-1,-3,0,1,3,1,0.0026204394275348153
g1275.t1,g9010.t1,0.9041,24.6,1,349,2.1422740814549726,36,162,151,25549.08203125,0.2141849398612976,0.21629486978054047,0.5693963766098022,0.3353751301765442,0.23402121663093567,340,38,83,265,-2,31,22,9,0.18624641833810887,0.18323104083538055,0.05079018697142601,0.031451109796762466,0.00037022691685706377,0.08827788382768631,0.0,0.023472318425774574,0.011853810399770737,0.07348886132240295,0.00012388653703965247,0.014990860596299171,0.021780606359243393,0.04390062391757965,0.06028947979211807,0.02235836535692215,0.028438767418265343,0.1498187929391861,0.1855563074350357,1,324,1.8702330704137067,3,166,155,21352.796875,0.2380473017692566,0.23649437725543976,0.5016032457351685,0.29611653089523315,0.2054866999387741,297,22,7,165,-1,22,15,7,0.18209876543209877,0.02424059994518757,0.008461963385343552,0.12650229036808014,0.06899520754814148,0.023855198174715042,0.0020672609098255634,0.02318408153951168,0.023156242445111275,0.0057144868187606335,0.070431649684906,0.039756808429956436,0.03994284197688103,0.014694145880639553,0.008310857228934765,0.035358916968107224,0.16961422562599182,0.1812461018562317,0.0037776620592921972,0.08424413204193115,0.046445418149232864,0.009806891903281212,0.0,25,0.2720410110412659,33,-4,-4,4196.28515625,-0.023862361907958984,-0.020199507474899292,0.06779313087463379,43,16,76,100,-1,2,0.004147652906010102
g6389.t1,g6278.t1,0.9039,57.9,1,192,2.149721056718171,79,47,66,23449.904296875,0.20985665917396545,0.22505398094654083,0.5475218892097473,0.3181656301021576,0.22935627400875092,167,35,2,88,-3,17,21,-4,0.2916666666666667,0.12531495094299316,0.10404133051633835,0.10284537076950073,0.0034837876446545124,0.028914853930473328,0.006429235450923443,0.0026142699643969536,0.012793025933206081,0.06771612167358398,0.017567439004778862,0.018002742901444435,0.0,0.02722105383872986,0.07763946801424026,0.012383383698761463,0.00920889899134636,0.08187123388051987,0.23629440367221832,1,190,2.0661196666165753,76,47,67,22679.107421875,0.23952321708202362,0.20815448462963104,0.5523223280906677,0.3621537387371063,0.1901685744524002,146,12,0,81,1,17,17,0,0.3,0.10855381190776825,0.10816434770822525,0.20002514123916626,0.06137935817241669,,0.011091114021837711,0.02024681866168976,0.008296597748994827,0.004694894887506962,0.11136362701654434,0.029580997303128242,0.025488508865237236,0.020076774060726166,0.018621092662215233,0.005263973027467728,0.16212856769561768,0.08161475509405136,,0.02115275152027607,0.0022568514104932547,0.03335541859269142,0.03230302035808563,2,0.08360139010159573,3,0,-1,770.796875,-0.029666557908058167,0.01689949631690979,-0.00480043888092041,21,23,2,7,-4,-4,-0.008333333333333304
g1192.t2,g4710.t1,0.9032,24.3,1,528,3.0033016049495105,275,88,165,35937.41015625,0.2050510048866272,0.22855666279792786,0.5490633249282837,0.34290486574172974,0.20615845918655396,482,72,4,98,1,40,29,11,0.19507575757575757,0.11097133904695511,0.09518713504076004,0.026889681816101074,0.0,0.052069373428821564,0.02720293402671814,0.03644755482673645,0.00951693207025528,0.09464650601148605,0.01732899621129036,0.04218226671218872,0.0,0.031925685703754425,0.06867659837007523,0.035880204290151596,0.0018588202074170113,0.1820213496685028,0.16088353097438812,1,494,2.823074846976861,263,80,151,33959.25,0.16117216646671295,0.24548505246639252,0.566068172454834,0.2734161615371704,0.2926519811153412,454,51,11,47,-12,31,31,0,0.1882591093117409,0.09979504346847534,0.043182939291000366,0.175929993391037,0.027622584253549576,0.027274612337350845,0.0,0.007462955079972744,0.014370088465511799,0.031318504363298416,0.05303984880447388,0.024848707020282745,0.010550398379564285,0.09132252633571625,0.014154664240777493,0.02631840482354164,0.09748617559671402,0.19285692274570465,0.0,0.01111210510134697,0.05135348066687584,0.004246100317686796,0.0020649947691708803,34,0.1802267579726493,12,8,14,1978.16015625,0.043878838419914246,-0.01692838966846466,-0.017004847526550293,28,21,-7,51,13,11,0.006816648264016678
g11348.t1,g15118.t1,0.9016,66.0,1,1371,4.040746963869525,618,215,538,69696.5625,0.16187533736228943,0.30623045563697815,0.5183209180831909,0.29596632719039917,0.22235460579395294,1261,161,33,793,8,63,57,6,0.1436907366885485,0.18453772366046906,0.03781687095761299,0.018090473487973213,0.0,0.03747911378741264,0.01724994368851185,0.06974592059850693,0.00828666053712368,0.08076915144920349,0.013573331758379936,0.017096899449825287,0.006239687092602253,0.06092727929353714,0.038034599274396896,0.00461569894105196,0.0052310992032289505,0.2002955675125122,0.09567075967788696,1,623,2.7474288281436374,204,139,280,38084.4453125,0.17131657898426056,0.25262847542762756,0.5488390326499939,0.3659050464630127,0.1829339861869812,563,71,6,263,4,38,27,11,0.17174959871589085,0.08158085495233536,0.03691817447543144,0.3446798622608185,0.004659646190702915,0.02721593901515007,0.0,0.0008472083718515933,0.01470675878226757,0.06940708309412003,0.07874953746795654,0.057648349553346634,0.001016650116071105,0.09982939809560776,0.0179586224257946,0.005077455658465624,0.021225199103355408,0.10135312378406525,0.006251620128750801,0.030196785926818848,0.0006777667440474033,0.10401840507984161,0.0003208930429536849,748,1.2933181357258876,414,76,258,31612.1171875,-0.00944124162197113,0.053601980209350586,-0.03051811456680298,698,90,27,530,4,-5,-0.02805886202734234
g19137.t1,g3598.t1,0.9009,28.4,1,547,3.0639668593656313,189,100,258,49588.3984375,0.24886317551136017,0.23377810418605804,0.501091480255127,0.37438535690307617,0.1267060935497284,445,50,14,258,14,44,34,10,0.21937842778793418,0.07386385649442673,0.052842237055301666,0.06274323910474777,0.0029584679286926985,0.04323422163724899,0.007385197561234236,0.020886365324258804,0.01007789932191372,0.09430750459432602,0.01626734808087349,0.026195121929049492,0.00038421250064857304,0.03320854529738426,0.01650989055633545,0.019323281943798065,0.010421904735267162,0.2001575082540512,0.17422786355018616,1,661,3.055774884574552,252,143,266,39650.96875,0.1348532885313034,0.27796512842178345,0.5771329998970032,0.3431400656700134,0.23399296402931213,576,75,12,318,-4,43,33,10,0.1649016641452345,0.06551262736320496,0.04285138472914696,0.27423855662345886,0.000488242250867188,0.010048558004200459,0.0,0.002514847554266453,0.006955469027161598,0.013661250472068787,0.12302292138338089,0.04007674753665924,0.024422988295555115,0.0536169707775116,0.034990690648555756,0.0,0.06890150904655457,0.16848032176494598,0.018925439566373825,0.021421438083052635,0.029870038852095604,0.06898657232522964,0.06601881235837936,-114,0.00819197479107947,-63,-43,-8,9937.4296875,0.11400988698005676,-0.0441870242357254,-0.07604151964187622,-131,-25,2,-60,18,0,0.05447676364269968
g19521.t1,g6449.t1,0.9008,31.5,1,185,1.6168638063228868,69,44,72,19210.61328125,0.2318929135799408,0.18757888674736023,0.5714969635009766,0.3171062171459198,0.254390686750412,162,27,2,86,0,18,17,1,0.24324324324324326,0.12241650372743607,0.13197417557239532,0.05408197268843651,0.003688482102006674,0.1254238337278366,0.02121506631374359,0.0023513901978731155,0.04684452712535858,0.028451839461922646,0.009031320922076702,0.0023513901978731155,0.0005038693198002875,0.03867923095822334,0.0663510113954544,0.00033591288956813514,0.0,0.2600971460342407,0.057009097188711166,1,191,1.8150054337966013,67,42,82,22025.234375,0.1987641304731369,0.2657588720321655,0.5062586069107056,0.16313627362251282,0.34312233328819275,157,26,0,122,-12,12,20,-8,0.2670157068062827,0.12902456521987915,0.03896717727184296,0.09355127811431885,0.006415640935301781,0.02921837754547596,,0.09903903305530548,0.002889785449951887,0.03061039187014103,0.07527144253253937,0.027732588350772858,0.030726363882422447,0.019098669290542603,0.015381782315671444,0.0,0.06958498805761337,0.2140977382659912,0.0014649315271526575,0.006885178852826357,0.11003999412059784,0.02919325977563858,0.0,-6,-0.19814162747371444,2,2,-10,-2814.62109375,0.033128783106803894,-0.0781799852848053,0.065238356590271,5,1,2,-36,12,9,-0.02377246356303947
g12849.t1,g5305.t1,0.9001,37.8,1,455,2.5761646849027033,143,104,208,31546.583984375,0.2263197898864746,0.33460667729377747,0.4192190170288086,0.2125973105430603,0.2066216915845871,385,42,15,561,-9,26,22,4,0.1912087912087912,0.10596776008605957,0.10065393149852753,0.056947335600852966,0.020663153380155563,0.06801250576972961,0.014321040362119675,0.022089887410402298,0.009370007552206516,0.09759727865457535,0.01985454000532627,0.03220117464661598,0.0,0.027938110753893852,0.03489575907588005,0.01734541915357113,0.019848117604851723,0.08911792933940887,0.12347941100597382,1,573,2.917239820656496,223,103,247,42865.3046875,0.16333603858947754,0.20892156660556793,0.5855794548988342,0.2248414307832718,0.36073800921440125,459,44,12,349,-19,36,41,-5,0.19720767888307156,0.14624753594398499,0.023483065888285637,0.20032353699207306,0.02651086263358593,0.0421629473567009,0.007937715388834476,0.017962750047445297,0.01338869147002697,0.028302175924181938,0.0588127039372921,0.028453022241592407,0.03113948367536068,0.045769836753606796,0.006837715860456228,0.0396510474383831,0.02451787143945694,0.21449051797389984,0.0,0.02058842033147812,0.02342010848224163,0.11934319138526917,0.02035347744822502,-118,-0.34107513575379267,-80,1,-39,-11318.720703125,0.06298375129699707,0.12568511068820953,-0.16636043787002563,-74,-2,3,212,10,9,-0.005998887674280362
g7435.t1,g11910.t1,0.9001,50.3,1,147,1.9100186389879357,9,77,61,20329.58984375,0.3472413122653961,0.4858601689338684,0.1572684496641159,0.11026427149772644,0.04700416326522827,99,2,6,197,-2,7,5,2,0.3469387755102041,0.00853375717997551,0.03847040981054306,0.05856465548276901,0.00046528028906323016,0.07137533277273178,0.02061043120920658,0.04761354625225067,0.029011700302362442,0.10026969760656357,0.009630111046135426,0.003809083718806505,0.002672772388905287,0.038468774408102036,0.25965002179145813,0.011744674295186996,0.05315149948000908,0.06137647479772568,0.048887792974710464,1,141,1.9811981172524333,3,76,62,20155.48046875,0.44329890608787537,0.3702263832092285,0.18647471070289612,0.16651645302772522,0.01995825581252575,93,1,6,137,2,8,3,5,0.3546099290780142,0.015734558925032616,0.026086200028657913,0.10371071845293045,0.05584701523184776,,0.01080118864774704,0.08940860629081726,0.008334754034876823,0.10500339418649673,0.11100120097398758,0.046349022537469864,0.05367733910679817,0.1290724277496338,0.00941568985581398,0.10564736276865005,0.06280572712421417,0.004223695956170559,0.0012684854445979,0.05062216892838478,0.010990467853844166,0.013244454748928547,0.12244953960180283,6,-0.07117947826449766,6,1,-1,174.109375,-0.09605759382247925,0.11563378572463989,-0.029206261038780212,6,1,0,60,-4,-3,-0.007671153567810118
g16188.t2,g8663.t1,0.8999,33.7,1,76,1.1612962467528984,18,26,32,11969.802734375,0.09278129041194916,0.4334450662136078,0.47109857201576233,0.25387972593307495,0.21721884608268738,70,10,0,2,0,9,9,0,0.42105263157894735,0.14957036077976227,0.06764848530292511,0.06439258903265,,0.0,0.1964900642633438,0.0040433574467897415,0.0,0.10811285674571991,0.0026750671677291393,0.019493307918310165,,0.0646112933754921,0.026923036202788353,0.0,0.0,0.16026602685451508,0.09361370652914047,1,76,1.1637724808159535,12,28,36,12069.369140625,0.052896469831466675,0.2871009111404419,0.6559926867485046,0.40308934450149536,0.25290343165397644,60,3,0,4,0,11,9,2,0.4342105263157895,0.0525333546102047,0.0,0.33225926756858826,0.01275886781513691,0.004010002128779888,,0.01928558759391308,0.04398439824581146,0.019248008728027344,0.07716751098632812,,0.05015424266457558,0.08575228601694107,0.0016040008049458265,0.0,0.07083001732826233,0.20037007331848145,,0.0,0.03004244714975357,0.037307821214199066,0.004852029494941235,0,-0.0024762340630550828,6,-2,-4,-99.56640625,0.03988482058048248,0.1463441550731659,-0.1848941147327423,10,7,0,-2,0,-2,-0.013157894736842146
g9054.t1,g10190.t1,0.8993,36.7,1,291,2.047393218132021,98,70,123,25129.87109375,0.43365606665611267,0.3638971149921417,0.1758783757686615,0.1374237984418869,0.0384545736014843,253,23,12,237,0,11,4,7,0.23024054982817868,0.006191822700202465,0.03226274996995926,0.08268629014492035,0.010922995395958424,0.07389990985393524,0.008421370759606361,0.06051162630319595,0.054529763758182526,0.1094745397567749,0.026568494737148285,0.008853389881551266,0.0002567897317931056,0.03263823688030243,0.0964696928858757,0.07511099427938461,0.013299571350216866,0.06372653692960739,0.07369726151227951,1,376,2.425186970011513,91,107,178,29533.525390625,0.3381539583206177,0.3114592134952545,0.33754098415374756,0.12882287800312042,0.20871810615062714,290,18,113,425,-18,12,22,-10,0.19680851063829788,0.14480365812778473,0.05043378472328186,0.0843462198972702,0.03625117242336273,0.012845827266573906,0.004056863021105528,0.0605524405837059,0.014522130601108074,0.050885386765003204,0.02759644389152527,0.027529703453183174,0.06429259479045868,0.10414573550224304,0.04217061027884483,0.045284077525138855,0.04447666555643082,0.06391444802284241,0.0270695760846138,0.025506937876343727,0.06931571662425995,0.09267071634531021,0.07780728489160538,-85,-0.37779375187949205,7,-37,-55,-4403.654296875,0.095502108335495,0.05243790149688721,-0.16166260838508606,-37,5,-101,-188,18,17,0.0334320391898808
g2301.t2,g11245.t1,0.8992,73.1,1,450,3.420828569539247,50,183,217,37762.015625,0.19987498223781586,0.22768187522888184,0.5694558024406433,0.3676396608352661,0.2018161565065384,400,63,4,341,0,35,27,8,0.2111111111111111,0.16987772285938263,0.03193841129541397,0.016910163685679436,0.0,0.039155472069978714,0.008602327667176723,0.018671376630663872,0.01350018847733736,0.07820405811071396,0.002987298183143139,0.04879758879542351,0.0,0.016364118084311485,0.0390024334192276,0.02225419320166111,0.009235232137143612,0.306112676858902,0.06152698025107384,1,448,3.280678742749587,56,181,211,37753.25,0.22237755358219147,0.22885258495807648,0.5466364622116089,0.36549222469329834,0.18114422261714935,393,54,10,287,0,36,24,12,0.21651785714285715,0.027336882427334785,0.02495160885155201,0.32169389724731445,0.01025568787008524,0.0021333510521799326,0.0,0.04028782621026039,0.01737762801349163,0.02550504356622696,0.04347243905067444,0.06003401055932045,0.04880334436893463,0.04325210675597191,0.023527678102254868,0.03682916611433029,0.04379832372069359,0.1538073569536209,0.0,0.061020538210868835,0.01591304875910282,0.07627369463443756,0.04058600589632988,2,0.14014982678965993,-6,2,6,8.765625,-0.02250257134437561,-0.0011707097291946411,0.022819340229034424,7,9,-6,54,0,-4,-0.00540674603174604
g17440.t1,g2337.t2,0.8988,29.2,1,545,3.0138208508090467,276,105,164,39272.46484375,0.20173035562038422,0.22920948266983032,0.533074676990509,0.300033301115036,0.23304136097431183,481,61,5,54,-1,42,31,11,0.1944954128440367,0.12480393797159195,0.10823741555213928,0.057384833693504333,0.0,0.05633876100182533,0.023535743355751038,0.019635755568742752,0.020378410816192627,0.042449772357940674,0.03598550334572792,0.03197179362177849,0.004765162710100412,0.045046404004096985,0.04281196743249893,0.010844852775335312,0.043940961360931396,0.19683563709259033,0.10319766402244568,1,551,3.1096874006787956,263,97,191,41886.3203125,0.2773887813091278,0.1931486874818802,0.5236000418663025,0.29608529806137085,0.22751471400260925,474,59,12,104,-4,43,34,9,0.1996370235934664,0.06834979355335236,0.011554653756320477,0.16639827191829681,0.019565880298614502,0.005862538702785969,0.0,0.10885968059301376,0.014018922112882137,0.042578838765621185,0.0750073492527008,0.02724343352019787,0.03186202049255371,0.03799884766340256,0.030339445918798447,7.703102892264724e-05,0.12968705594539642,0.1591649055480957,0.008088258095085621,0.05632500350475311,0.007018122356384993,0.031424615532159805,0.00041078991489484906,-6,-0.09586654986974885,13,8,-27,-2613.85546875,-0.07565842568874359,0.036060795187950134,0.009474635124206543,7,2,-7,-50,3,2,-0.005141610749429704
g13998.t1,g6910.t2,0.8985,58.7,1,294,2.2796196617718523,63,65,166,27718.962890625,0.4435085654258728,0.3652794659137726,0.18612392246723175,0.14525377750396729,0.040870148688554764,255,32,46,281,2,12,7,5,0.25170068027210885,0.013792740181088448,0.027077410370111465,0.0948597714304924,0.029979687184095383,0.06883374601602554,0.01763666421175003,0.04596520960330963,0.025026457384228706,0.058757100254297256,0.005088062025606632,0.029530547559261322,0.03775689750909805,0.054142650216817856,0.1417476087808609,0.05218192934989929,0.0034124504309147596,0.07802094519138336,0.06723282486200333,1,293,2.166679842011466,77,65,151,27705.498046875,0.414675772190094,0.26473212242126465,0.31524166464805603,0.2364353984594345,0.07880629599094391,251,23,48,325,1,15,6,9,0.21843003412969283,0.05133413150906563,0.06828160583972931,0.19154052436351776,0.038987111300230026,0.005350456107407808,0.003527912078425288,0.05772692710161209,0.022573307156562805,0.08286210894584656,0.00823802687227726,0.028671639040112495,0.059246812015771866,0.1382451057434082,0.03400328382849693,0.03301585838198662,0.04489487037062645,0.027472173795104027,0.04554878920316696,0.0542500764131546,0.004229319281876087,0.05960329622030258,0.089354008436203,1,0.11293981976038614,-14,0,15,13.46484375,0.02883279323577881,0.10054734349250793,-0.12911774218082428,4,9,-2,-44,1,-4,0.03327064614241601
g6629.t1,g7523.t4,0.8981,36.9,1,428,2.169348494670718,175,72,181,28207.09375,0.2822289764881134,0.3470362722873688,0.32160767912864685,0.16996337473392487,0.15164430439472198,374,21,6,744,-7,18,19,-1,0.17990654205607476,0.12474150210618973,0.026902804151177406,0.05467734858393669,0.0,0.09645947068929672,0.01590178906917572,0.05085039138793945,0.044787485152482986,0.06433945894241333,0.049127060920000076,0.020141959190368652,0.003660408314317465,0.0871095210313797,0.1299714297056198,0.0004575510392896831,0.04121880978345871,0.11394014954566956,0.05602323263883591,1,418,2.253322245580378,169,81,168,29316.5234375,0.2681994140148163,0.5224707126617432,0.20769652724266052,0.1261003315448761,0.08159620314836502,392,19,20,791,-14,12,10,2,0.18899521531100477,0.05277285352349281,0.06092750281095505,0.12158157676458359,0.012326603755354881,0.0016333202365785837,0.0,0.06317099183797836,0.024144534021615982,0.022884737700223923,0.2280421108007431,0.06583543121814728,0.03424772247672081,0.1333787441253662,0.02097860537469387,0.030211012810468674,0.004518755711615086,0.02882334403693676,0.0,0.05769997090101242,0.03682217374444008,0.008495272137224674,0.011194352991878986,10,-0.08397375090966008,6,-9,13,-1109.4296875,0.01402956247329712,-0.1754344403743744,0.11391115188598633,-18,2,-14,-47,7,-3,-0.009088673254930013
g6629.t1,g11635.t1,0.898,36.9,1,428,2.169348494670718,175,72,181,28207.09375,0.2822289764881134,0.3470362722873688,0.32160767912864685,0.16996337473392487,0.15164430439472198,374,21,6,744,-7,18,19,-1,0.17990654205607476,0.12474150210618973,0.026902804151177406,0.05467734858393669,0.0,0.09645947068929672,0.01590178906917572,0.05085039138793945,0.044787485152482986,0.06433945894241333,0.049127060920000076,0.020141959190368652,0.003660408314317465,0.0871095210313797,0.1299714297056198,0.0004575510392896831,0.04121880978345871,0.11394014954566956,0.05602323263883591,1,435,2.1868766937606368,164,81,190,28074.7265625,0.3633100986480713,0.23087143898010254,0.39262592792510986,0.2619631588459015,0.1306627243757248,402,31,20,747,-12,19,19,0,0.17471264367816092,0.06888604909181595,0.11037380993366241,0.25801101326942444,0.031941864639520645,0.013192572630941868,0.0006983745843172073,0.07461699843406677,0.03984907269477844,0.05593542009592056,0.025071287527680397,0.012262414209544659,0.023922812193632126,0.09162437170743942,0.040569256991147995,0.0,0.003952125087380409,0.06177665665745735,0.0005637076101265848,0.049309056252241135,0.03744310140609741,0.008495272137224674,0.011194352991878986,-7,-0.01752819908991876,11,-9,-9,132.3671875,-0.08108112215995789,0.11616483330726624,-0.07101824879646301,-28,-10,-14,-3,5,-1,0.0051938983779138415
g9379.t2,g13719.t1,0.8972,24.6,1,495,2.6409849150514453,182,137,176,36173.89453125,0.3522472381591797,0.2384823113679886,0.39554697275161743,0.19335544109344482,0.2021915167570114,479,57,25,277,-6,20,23,-3,0.19393939393939394,0.17025364935398102,0.0319378599524498,0.07656572759151459,0.0034008254297077656,0.0651860311627388,0.006793820299208164,0.054320015013217926,0.04067311808466911,0.07739261537790298,0.013723519630730152,0.019180526956915855,0.0,0.01510600559413433,0.0478607676923275,0.05788903310894966,0.035983916372060776,0.10374429821968079,0.08961115777492523,1,524,2.7194501445646484,175,136,213,39604.8203125,0.23909218609333038,0.36434388160705566,0.3709171414375305,0.20183761417865753,0.1690794974565506,474,67,3,286,-9,28,25,3,0.20419847328244276,0.07863565534353256,0.04717027023434639,0.15044768154621124,0.006902536377310753,0.0256467554718256,0.0,0.04313836991786957,0.004144059028476477,0.07006293535232544,0.16487011313438416,0.08240094780921936,0.040668487548828125,0.06752979755401611,0.025969887152314186,0.0004073426534887403,0.05138994753360748,0.09044385701417923,,0.04544086009263992,0.004730491433292627,0.05194436013698578,0.038432784378528595,-29,-0.07846522951320312,7,1,-37,-3430.92578125,0.1131550520658493,-0.12586157023906708,0.024629831314086914,5,-10,22,-9,3,-6,-0.010259079343048816
g19068.t1,g631.t1,0.8962,83.2,1,410,2.6524342760848127,125,95,190,37802.76953125,0.10011668503284454,0.22126884758472443,0.657682478427887,0.5212277173995972,0.1364547610282898,316,43,31,562,14,45,24,21,0.2,0.10989656299352646,0.026558199897408485,0.012688277289271355,0.0,0.050562139600515366,0.014082832261919975,0.004091063514351845,0.0030726760160177946,0.03646710142493248,0.020931970328092575,0.0011949295876547694,0.01638760417699814,0.051786258816719055,0.10194255411624908,0.011266478337347507,0.010711021721363068,0.4268331527709961,0.09439456462860107,1,399,2.4589299810575067,125,97,177,31977.296875,0.1326574683189392,0.1771853268146515,0.658892035484314,0.4848860204219818,0.17400598526000977,323,58,28,581,12,40,21,19,0.20300751879699247,0.044978369027376175,0.007264882791787386,0.3966273367404938,0.003733342979103327,0.031265128403902054,0.0,0.06289591640233994,0.012834833934903145,0.009585610590875149,0.0379788912832737,0.02280767448246479,0.047555383294820786,0.04540274664759636,0.007315176073461771,0.0,0.08825866132974625,0.1290276199579239,0.01836209185421467,0.02350045181810856,0.010605808347463608,0.006279084365814924,0.0008535211090929806,11,0.19350429502730604,0,-2,13,5825.47265625,-0.032540783286094666,0.04408352077007294,-0.001209557056427002,-7,-15,3,-19,2,2,-0.003007518796992459
g9379.t1,g13719.t1,0.8956,24.7,1,408,2.3245226907904093,150,104,154,28408.8671875,0.24426761269569397,0.24389371275901794,0.4886831045150757,0.309919536113739,0.17876358330249786,355,32,12,234,0,24,16,8,0.18382352941176472,0.1407053917646408,0.038058191537857056,0.045264411717653275,0.036395300179719925,0.034303002059459686,0.010972431860864162,0.06221338361501694,0.005792341195046902,0.09483896195888519,0.023155508562922478,0.0006710945744998753,,0.019330041483044624,0.03419986367225647,0.06963802129030228,0.0012337923981249332,0.11391071230173111,0.1960088312625885,1,524,2.7194501445646484,175,136,213,39604.8203125,0.23909218609333038,0.36434388160705566,0.3709171414375305,0.20183761417865753,0.1690794974565506,474,67,3,286,-9,28,25,3,0.20419847328244276,0.07863565534353256,0.04717027023434639,0.15044768154621124,0.006902536377310753,0.0256467554718256,0.0,0.04313836991786957,0.004144059028476477,0.07006293535232544,0.16487011313438416,0.08240094780921936,0.040668487548828125,0.06752979755401611,0.025969887152314186,0.0004073426534887403,0.05138994753360748,0.09044385701417923,,0.04544086009263992,0.004730491433292627,0.046923309564590454,0.026385368779301643,-116,-0.3949274537742391,-25,-32,-59,-11195.953125,0.005175426602363586,-0.12045016884803772,0.11776596307754517,-119,-35,9,-52,9,5,-0.020374943870678036
g14428.t1,g1285.t1,0.8953,30.9,1,450,2.439930496781602,170,66,214,32331.359375,0.2069125920534134,0.23861731588840485,0.5281995534896851,0.282654732465744,0.24554480612277985,379,53,25,176,-4,25,31,-6,0.18666666666666668,0.16056080162525177,0.08498400449752808,0.029736988246440887,0.0,0.06686792522668839,0.006969493813812733,0.04011806473135948,0.0,0.06587044894695282,0.026270601898431778,0.03330172225832939,0.0,0.038225553929805756,0.08263600617647171,0.03419337049126625,0.011360212229192257,0.208530455827713,0.07412424683570862,1,452,2.302538560420957,191,66,195,29089.58203125,0.1725165843963623,0.20187406241893768,0.6247388124465942,0.41574570536613464,0.2089931219816208,406,40,6,55,2,39,33,6,0.18141592920353983,0.08350273221731186,0.012090016156435013,0.32970911264419556,0.002883857348933816,0.0008704662322998047,0.0,0.06720156967639923,0.007877329364418983,0.03332044556736946,0.08659278601408005,0.022941889241337776,0.04110961779952049,0.04075109586119652,0.00243765814229846,0.01885599084198475,0.08603658527135849,0.12549036741256714,0.0,0.035727065056562424,0.0026013320311903954,0.03355560451745987,0.0026944968849420547,-2,0.13739193636064506,-21,0,19,3241.77734375,0.034396007657051086,0.03674325346946716,-0.09653925895690918,-27,13,19,121,-6,-12,0.005250737463126848
g14428.t1,g99.t1,0.8946,72.2,1,450,2.439930496781602,170,66,214,32331.359375,0.2069125920534134,0.23861731588840485,0.5281995534896851,0.282654732465744,0.24554480612277985,379,53,25,176,-4,25,31,-6,0.18666666666666668,0.16056080162525177,0.08498400449752808,0.029736988246440887,0.0,0.06686792522668839,0.006969493813812733,0.04011806473135948,0.0,0.06587044894695282,0.026270601898431778,0.03330172225832939,0.0,0.038225553929805756,0.08263600617647171,0.03419337049126625,0.011360212229192257,0.208530455827713,0.07412424683570862,1,436,2.30885761793173,172,66,198,29217.94921875,0.2168392390012741,0.16931022703647614,0.5782657265663147,0.31630852818489075,0.26195716857910156,384,55,25,181,-4,31,32,-1,0.19036697247706422,0.11485178023576736,0.03401000797748566,0.262126088142395,0.0009938725270330906,0.035584915429353714,0.0,0.064604751765728,0.00462548341602087,0.01811056397855282,0.06147731840610504,0.028123779222369194,0.027531690895557404,0.02957046777009964,0.03165572136640549,0.0025046493392437696,0.054182395339012146,0.1471053957939148,0.0,0.06495966017246246,0.017981473356485367,0.03355560451745987,0.0026944968849420547,14,0.13107287884987207,-2,0,16,3113.41015625,-0.009926646947860718,0.06930708885192871,-0.05006617307662964,-5,-2,0,-5,0,-5,-0.0037003058103975417
g550.t1,g4997.t1,0.8941,68.0,1,148,1.9201024065035572,55,21,72,21442.7578125,0.19918181002140045,0.11129968613386154,0.673446536064148,0.41795918345451355,0.2554874122142792,109,17,20,44,0,16,18,-2,0.32432432432432434,0.16899584233760834,0.08649156242609024,0.004650926683098078,0.0,0.08302139490842819,0.009612618014216423,0.059384725987911224,0.02795015648007393,0.057961106300354004,0.016071947291493416,0.02372320368885994,0.0,0.036943260580301285,0.005753415636718273,0.00045141763985157013,0.0007352099637500942,0.2089708149433136,0.20898835361003876,1,138,1.5868745822260062,56,21,61,17692.1484375,0.25998958945274353,0.107037253677845,0.6242747902870178,0.38177093863487244,0.24250388145446777,100,13,14,40,0,15,14,1,0.3115942028985507,0.07206491380929947,0.006200636271387339,0.2910688817501068,0.059771593660116196,0.008698347955942154,0.0,0.10693934559822083,0.010916780680418015,0.037904199212789536,0.03468244895339012,0.016582204028964043,0.009114423766732216,0.032355327159166336,0.006200636271387339,0.0,0.09070204943418503,0.1704389601945877,0.00036474328953772783,0.042608439922332764,0.0033860632684081793,0.00029408399132080376,0.0,10,0.33322782427755104,-1,0,11,3750.609375,-0.06080777943134308,0.0042624324560165405,0.04917174577713013,9,4,6,4,0,-3,0.012730121425773622
g19137.t2,g7064.t1,0.894,20.0,1,569,2.893005667893344,202,110,257,42669.1171875,0.22510617971420288,0.23743018507957458,0.5184895396232605,0.38653436303138733,0.13195517659187317,491,60,15,254,15,48,30,18,0.18980667838312829,0.07677000761032104,0.05518516153097153,0.05992529168725014,0.0,0.04015181586146355,0.006485894322395325,0.017615508288145065,0.016407346352934837,0.0835021585226059,0.018974030390381813,0.02524428814649582,0.00022196753707248718,0.037538252770900726,0.019558627158403397,0.023042753338813782,0.02152944728732109,0.19825173914432526,0.18828262388706207,1,560,2.6828694704122533,222,122,216,37681.875,0.141954243183136,0.3325100839138031,0.5107839703559875,0.3551732897758484,0.15561065077781677,500,50,3,388,7,36,25,11,0.16071428571428573,0.031214235350489616,0.034590933471918106,0.20682263374328613,0.0027400304097682238,0.014751686714589596,0.0,0.043558817356824875,0.0048745544627308846,0.015219944529235363,0.04781511425971985,0.044936660677194595,0.057072658091783524,0.08833964169025421,0.011645128019154072,0.017321551218628883,0.14835064113140106,0.124396413564682,0.0014344726223498583,0.015443369746208191,0.08947145193815231,0.06881581246852875,0.04249722138047218,9,0.21013619748109047,-20,-12,41,4987.2421875,0.0831519365310669,-0.09507989883422852,0.007705569267272949,-9,10,12,-134,8,7,0.02909239266884256
g16866.t1,g7492.t1,0.892,41.6,1,171,2.0840511818312866,139,0,32,20799.0390625,0.452088862657547,0.36463961005210876,0.1610403209924698,0.12981219589710236,0.03122812882065773,155,0,10,270,5,9,5,4,0.32748538011695905,,0.03122812882065773,0.04157472774386406,0.0017282324843108654,0.07472855597734451,0.06713185459375381,0.017208773642778397,0.05476073548197746,0.10049401223659515,0.02223123051226139,0.017064252868294716,0.06557556241750717,0.0333266444504261,0.04988029971718788,0.024045085534453392,0.07329507917165756,0.07419992238283157,0.05561227351427078,1,177,2.06920532675618,142,0,35,21156.017578125,0.4055372178554535,0.30381667613983154,0.2898980379104614,0.16034840047359467,0.12954962253570557,157,0,8,277,1,9,6,3,0.3163841807909605,0.09720902889966965,0.048498813062906265,0.10170061886310577,0.07457835227251053,0.0007480583735741675,0.006737283430993557,0.018889978528022766,0.007552581373602152,0.06121593713760376,0.01613268442451954,0.04316245764493942,0.07108006626367569,0.030764061957597733,0.021961726248264313,0.06337544322013855,0.05864777788519859,0.032340582460165024,0.05185407027602196,0.06516290456056595,0.12838754057884216,0.03878350183367729,0.1571311354637146,-6,0.014845855075106495,-3,0,-3,-356.978515625,0.046551644802093506,0.06082293391227722,-0.12885771691799164,-2,0,2,-7,4,1,0.011101199325998568
g11501.t1,g8663.t1,0.8918,20.5,1,73,1.1535497828751045,15,28,30,12046.9111328125,0.19458751380443573,0.2072584629058838,0.5568488836288452,0.4152238965034485,0.14162495732307434,62,5,0,63,2,11,6,5,0.3561643835616438,0.08273058384656906,0.058894380927085876,0.06111893057823181,0.0,0.04919925704598427,0.03300269693136215,0.0,0.0002678318414837122,0.0073903934098780155,0.041305165737867355,0.0,0.04285309091210365,0.03761773928999901,0.04327085614204407,0.04114840552210808,0.08597677201032639,0.2067050188779831,0.2085188925266266,1,76,1.1637724808159535,12,28,36,12069.369140625,0.052896469831466675,0.2871009111404419,0.6559926867485046,0.40308934450149536,0.25290343165397644,60,3,0,4,0,11,9,2,0.4342105263157895,0.0525333546102047,0.0,0.33225926756858826,0.01275886781513691,0.004010002128779888,,0.01928558759391308,0.04398439824581146,0.019248008728027344,0.07716751098632812,,0.05015424266457558,0.08575228601694107,0.0016040008049458265,0.0,0.07083001732826233,0.20037007331848145,,0.0,0.03004244714975357,,,-3,-0.010222697940849068,3,0,-6,-22.4580078125,0.14169104397296906,-0.0798424482345581,-0.09914380311965942,2,2,0,59,2,3,-0.07804614275414568
g14139.t3,g12235.t1,0.8894,37.8,1,1050,3.8948154799484467,521,170,359,55246.484375,0.26322320103645325,0.2018013447523117,0.5181013345718384,0.2986232042312622,0.21947811543941498,982,94,18,827,7,48,39,9,0.14095238095238094,0.14455269277095795,0.07492540776729584,0.06597912311553955,0.006388102192431688,0.027500785887241364,0.005315564572811127,0.04009738937020302,0.0386626161634922,0.08501974493265152,0.016874125227332115,0.014951102435588837,0.0007989975274540484,0.009251234121620655,0.059487178921699524,0.017506176605820656,0.019542517140507698,0.19435325264930725,0.10426995903253555,1,999,3.7724475330659297,478,161,360,48660.19921875,0.2845850884914398,0.20140883326530457,0.4966322183609009,0.21270786225795746,0.2839243710041046,920,98,13,704,-9,34,42,-8,0.14114114114114115,0.11708655208349228,0.046478476375341415,0.1950150728225708,0.03825652226805687,0.01737385056912899,0.0,0.047333937138319016,0.00882304459810257,0.040042292326688766,0.03784376382827759,0.02780326083302498,0.020065119490027428,0.08411362022161484,0.0457417331635952,0.037243764847517014,0.017692800611257553,0.16683781147003174,0.0067558204755187035,0.02273254469037056,0.022760024294257164,0.016796987503767014,0.05772702768445015,51,0.12236794688251695,43,9,-1,6586.28515625,-0.021361887454986572,0.0003925114870071411,0.0214691162109375,62,-4,5,123,16,17,-0.00018876018876021194
g5486.t1,g513.t1,0.8892,27.8,1,286,1.9952821200332238,98,57,131,23708.03515625,0.21555015444755554,0.3744758069515228,0.35423925518989563,0.09794367849826813,0.2562956213951111,248,22,8,399,-15,10,24,-14,0.20279720279720279,0.16565030813217163,0.09064531326293945,0.028298037126660347,0.0,0.07944127917289734,0.040108248591423035,0.03382476046681404,0.023253636434674263,0.0676145926117897,0.05573472008109093,0.01932549849152565,0.0,0.05834711343050003,0.15033932030200958,0.008982273750007153,0.04779515042901039,0.044362615793943405,0.053581058979034424,1,293,1.9813060543583292,111,53,129,23878.828125,0.2722940742969513,0.2138468623161316,0.4788954257965088,0.21380889415740967,0.26508650183677673,267,27,2,147,-5,18,18,0,0.20477815699658702,0.05836831405758858,0.040244683623313904,0.11609073728322983,0.012784184888005257,0.03496360778808594,0.0,0.10267064720392227,0.01749592088162899,0.08012096583843231,0.07023949921131134,0.05406194180250168,0.008963813073933125,0.03485884889960289,0.0,0.0006694470648653805,0.09771817177534103,0.20671820640563965,0.0055399867706000805,0.03026416525244713,0.028226828202605247,0.010271433740854263,0.02242465503513813,-7,0.013976065674894622,-13,4,2,-170.79296875,-0.05674391984939575,0.16062894463539124,-0.12465617060661316,-19,-5,6,252,-10,-14,-0.0019809541993842383
g54.t1,g10128.t3,0.8891,30.9,1,558,2.5803796211611187,171,121,266,33739.359375,0.2869706451892853,0.27858683466911316,0.42004841566085815,0.2740670144557953,0.14598140120506287,521,55,12,638,-3,35,20,15,0.17562724014336917,0.08506394922733307,0.0609174408018589,0.05783090740442276,0.009923207573592663,0.06254787743091583,0.0075963763520121574,0.045852985233068466,0.017723936587572098,0.08148714900016785,0.014394139871001244,0.01686355285346508,0.0012268422869965434,0.07585203647613525,0.05521881952881813,0.02327522449195385,0.0053398036397993565,0.2005193829536438,0.0735476166009903,1,564,2.6617486473873604,164,118,282,35638.796875,0.26644814014434814,0.32768481969833374,0.3556383550167084,0.1728350967168808,0.18280324339866638,486,37,10,690,-18,24,24,0,0.17907801418439717,0.09826428443193436,0.06011088192462921,0.12798283994197845,0.025888783857226372,0.05022868886590004,0.014769519679248333,0.05514226108789444,0.019054487347602844,0.026748720556497574,0.07052244991064072,0.048528432846069336,0.07100430130958557,0.07942995429039001,0.032501090317964554,0.0409175343811512,0.04485227167606354,0.08453896641731262,0.0,0.025138884782791138,0.02437567710876465,0.04316944256424904,0.06164932623505592,-6,-0.08136902622624165,7,3,-16,-1899.4375,0.020522505044937134,-0.04909798502922058,0.06441006064414978,35,18,2,-52,15,15,-0.003450774041028004
g17811.t1,g9985.t1,0.8878,42.3,1,320,2.2117160696368043,125,56,139,24994.2265625,0.366157203912735,0.3246024549007416,0.3016927242279053,0.19107139110565186,0.11062132567167282,311,30,28,501,-10,12,12,0,0.225,0.03766331076622009,0.07295802235603333,0.0704399049282074,0.0006307428702712059,0.056239183992147446,0.038327813148498535,0.08180879801511765,0.009502749890089035,0.03961455076932907,0.007547670044004917,0.05936623364686966,0.0,0.03562260419130325,0.08818532526493073,0.015734465792775154,0.030182691290974617,0.05906430259346962,0.13200709223747253,1,332,2.200859173404689,107,59,166,25898.2734375,0.37477782368659973,0.3257981538772583,0.26624980568885803,0.1543990522623062,0.11185076832771301,312,29,29,382,-11,11,10,1,0.21987951807228914,0.07310137152671814,0.07138457894325256,0.14884009957313538,0.015275715850293636,0.03317422419786453,0.0014653728576377034,0.05612557381391525,0.031015850603580475,0.030772199854254723,0.07357289642095566,0.08689459413290024,0.03029051050543785,0.1025589182972908,0.005980098154395819,0.049066755920648575,0.005558957811444998,0.038749393075704575,0.11221017688512802,0.03396274149417877,0.0,0.09203871339559555,0.07306588441133499,-12,0.010856896232115165,18,-3,-27,-904.046875,-0.008620619773864746,-0.0011956989765167236,0.03544291853904724,-1,1,-1,119,1,-1,0.005120481927710863
g7070.t1,g4298.t1,0.8873,34.8,1,202,1.6750418025097786,117,20,65,18242.109375,0.1898135244846344,0.17328138649463654,0.6202923655509949,0.36916986107826233,0.25112250447273254,196,20,0,312,4,19,16,3,0.26732673267326734,0.10617685317993164,0.1449456661939621,0.03219097852706909,0.0,0.03700507432222366,0.020482489839196205,0.051686838269233704,0.0,0.024464232847094536,0.01661265827715397,0.029873833060264587,0.0,0.04259426146745682,0.04385989159345627,0.00017687352374196053,0.014868363738059998,0.34878572821617126,0.02038414031267166,1,195,1.6885966108439254,112,18,65,18633.517578125,0.35630303621292114,0.22589415311813354,0.38827186822891235,0.21868692338466644,0.1695849448442459,175,22,0,124,1,13,12,1,0.2512820512820513,0.11592154204845428,0.0024242147337645292,0.18544727563858032,0.0011844731634482741,0.029531020671129227,,0.09432922303676605,0.014575785025954247,0.06736534833908081,0.06916968524456024,0.050670016556978226,0.029263734817504883,0.0622149221599102,0.0840945765376091,0.02648135833442211,0.03323965147137642,0.05366339907050133,0.0,0.08042380213737488,0.0,0.02701215073466301,0.038879916071891785,7,-0.013554808334146795,5,2,0,-391.408203125,-0.16648951172828674,-0.05261276662349701,0.23202049732208252,21,-2,0,188,3,2,0.016044681391216065
g11083.t1,g148.t1,0.8867,29.1,1,419,2.2363065786119805,190,70,159,28911.76171875,0.21374517679214478,0.14159460365772247,0.5979726314544678,0.3227565586566925,0.2752160131931305,387,45,38,342,-15,24,32,-8,0.1766109785202864,0.21050792932510376,0.06470806151628494,0.011606376618146896,0.0,0.01690884493291378,0.030226368457078934,0.043399590998888016,0.0,0.02731282450258732,0.04668764770030975,0.020724130794405937,0.017366312444210052,0.041874658316373825,0.018040623515844345,0.01796756684780121,0.010165407322347164,0.1763596385717392,0.1463969498872757,1,454,2.1344839841288175,205,81,168,26854.021484375,0.16229622066020966,0.29000458121299744,0.5406444668769836,0.18923532962799072,0.3514091968536377,449,44,6,324,-21,12,28,-16,0.16079295154185022,0.09573739767074585,0.004806052893400192,0.10159914940595627,0.0,0.007054654415696859,0.00304216961376369,0.03760966658592224,0.03406842052936554,0.0593242421746254,0.024749403819441795,0.03806180879473686,0.034403614699840546,0.12727054953575134,0.006247868295758963,0.03184010088443756,0.08763618022203445,0.25567176938056946,0.0,0.02246829681098461,0.028408614918589592,0.013974716886878014,0.08577233552932739,-35,0.101822594483163,-15,-11,-9,2057.740234375,0.05144895613193512,-0.14840997755527496,0.05732816457748413,-62,1,32,18,6,8,0.015818026978436178
g10860.t1,g12851.t1,0.8859,49.2,1,198,1.7501631959730157,4,99,95,19838.52734375,0.24165178835391998,0.3075021207332611,0.3283299207687378,0.16735145449638367,0.16097848117351532,168,19,11,266,-4,10,10,0,0.23232323232323232,0.06695196777582169,0.09402650594711304,0.04033482074737549,0.0011530319461598992,0.016962138935923576,0.030196215957403183,0.015062013640999794,0.0006505616474896669,0.048753876239061356,0.1225161924958229,0.009263087995350361,0.029925836250185966,0.06565749645233154,0.07828457653522491,0.04432245343923569,0.03240099176764488,0.09429951012134552,0.07305192947387695,1,197,1.7738396637755356,9,100,88,20006.3359375,0.2414771169424057,0.23550736904144287,0.49089527130126953,0.3751033544540405,0.11579190939664841,157,21,7,198,-4,16,13,3,0.22842639593908629,0.04014421999454498,0.0011289335088804364,0.29505419731140137,0.04483478516340256,0.032120294868946075,0.0,0.0586465522646904,0.05334240198135376,0.03213758394122124,0.0898241475224495,0.005702991969883442,0.018645029515028,0.04757055640220642,0.0,0.06596197932958603,0.08004918694496155,0.07564770430326462,0.0,0.03876728564500809,0.02042223885655403,0.05105592682957649,0.08513087779283524,1,-0.023676467802519863,-5,-1,7,-167.80859375,0.00017467141151428223,0.07199475169181824,-0.16256535053253174,11,-2,4,68,0,-3,0.003896836384146035
g16930.t1,g4937.t1,0.885,33.5,1,320,2.229372765245358,128,58,134,25376.060546875,0.31078529357910156,0.33278194069862366,0.294338583946228,0.22650286555290222,0.0678357258439064,307,38,28,491,-7,16,10,6,0.234375,0.01675141230225563,0.05108431726694107,0.05619705095887184,0.0009940032614395022,0.044177379459142685,0.029972197487950325,0.05847414582967758,0.01836416684091091,0.025179116055369377,0.06209416687488556,0.04126511886715889,0.0,0.051302917301654816,0.09367936849594116,0.03992195427417755,0.05271235853433609,0.09357118606567383,0.1329316794872284,1,330,2.6120657276932,108,59,163,30293.916015625,0.36405086517333984,0.2965991795063019,0.2873491048812866,0.21673165261745453,0.07061745971441269,282,25,21,387,4,18,10,8,0.23030303030303031,0.06516645103693008,0.1229005828499794,0.1912338137626648,0.029488161206245422,0.052000924944877625,0.0004163193516433239,0.05024620145559311,0.009118412621319294,0.046594683080911636,0.05150921270251274,0.03286594897508621,0.09098611027002335,0.07207442820072174,0.027997048571705818,0.027256350964307785,0.025497809052467346,0.005451003089547157,0.005363862495869398,0.05420398712158203,0.039628710597753525,0.07894197851419449,0.05238547548651695,-10,-0.3826929624478419,20,-1,-29,-4917.85546875,-0.05326557159423828,0.03618276119232178,0.006989479064941406,25,13,7,104,-11,-2,0.004071969696969685
g14118.t1,g15525.t1,0.8849,32.8,1,254,2.6220260721517694,119,25,110,33774.765625,0.266379177570343,0.22675377130508423,0.50486820936203,0.36377838253974915,0.1410898119211197,209,18,0,245,7,26,18,8,0.3425196850393701,0.09757845848798752,0.043511345982551575,0.11641747504472733,0.009727680124342442,0.06283312290906906,0.008988352492451668,0.038831133395433426,0.0042814831249415874,0.019859209656715393,0.001998889958485961,0.014043097384274006,0.000668718887027353,0.06847729533910751,0.05186079442501068,0.0069628930650651455,0.03214838728308678,0.23096702992916107,0.13281136751174927,1,197,1.644864121173505,105,23,69,17595.78515625,0.17976872622966766,0.28255584836006165,0.5203494429588318,0.31871846318244934,0.20163093507289886,187,8,0,327,-2,16,17,-1,0.233502538071066,0.11717819422483444,0.024149971082806587,0.2931610941886902,0.0005501112318597734,0.017326034605503082,0.0,0.028605781495571136,0.025179125368595123,0.059028543531894684,0.040450338274240494,0.03885189816355705,0.03364342823624611,0.1278870552778244,0.0,0.05592796951532364,0.025557372719049454,0.08445275574922562,0.0,0.01150634977966547,0.01654399372637272,0.03569205105304718,0.022341249510645866,57,0.9771619509782645,14,2,41,16178.98046875,0.08661045134067535,-0.05580207705497742,-0.015481233596801758,22,10,0,-82,9,9,0.10901714696830409
g14312.t1,g1361.t1,0.8841,61.5,1,309,2.905674307403476,95,32,182,40345.015625,0.23261430859565735,0.4831660985946655,0.28295978903770447,0.1173657774925232,0.16559401154518127,198,23,9,130,-5,16,18,-2,0.33980582524271846,0.1344882696866989,0.031105749309062958,0.07091832160949707,0.0,0.01762891560792923,0.025679221376776695,0.05706486105918884,0.04477836191654205,0.13929307460784912,0.0012598104076460004,0.03168373182415962,0.0,0.20841585099697113,0.044698383659124374,0.010461987927556038,0.050245024263858795,0.028082240372896194,0.0892835408449173,1,278,2.755546064985051,111,32,135,34464.9296875,0.16775190830230713,0.3680374324321747,0.44367846846580505,0.15237456560134888,0.29130393266677856,213,19,3,133,-7,15,20,-5,0.28776978417266186,0.06523015350103378,0.011757479049265385,0.0789269432425499,0.02918754704296589,0.02053222432732582,0.0,0.023232609033584595,0.018665432929992676,0.02143431082367897,0.14898373186588287,0.027435963973402977,0.057853348553180695,0.04102937504649162,0.030629945918917656,0.002808547345921397,0.07344762235879898,0.22607377171516418,0.02027779258787632,0.02842366322875023,0.0740695595741272,0.01483452320098877,7.815056596882641e-05,31,0.15012824241842493,-16,0,47,5880.0859375,0.06486240029335022,0.11512866616249084,-0.16071867942810059,-15,4,6,-3,2,3,0.052036041070056605
g13714.t1,g299.t1,0.8833,50.9,1,112,4.715270006503892,105,0,7,28262.30859375,0.2417970597743988,0.17250797152519226,0.5824472308158875,0.3861323595046997,0.19631479680538177,121,12,0,8,0,27,25,2,0.7142857142857143,0.12541335821151733,0.07090142369270325,0.07526253908872604,0.010242555290460587,0.06070423871278763,0.00011416428606025875,,0.04577988013625145,0.04656980559229851,0.0032478035427629948,0.017467135563492775,,0.012778591364622116,0.010631154291331768,0.0325368195772171,0.038066256791353226,0.27458062767982483,0.11155176907777786,1,141,4.682519439035905,122,0,19,32786.0078125,0.29843494296073914,0.25018110871315,0.44617003202438354,0.25638440251350403,0.18978561460971832,121,8,0,23,-2,23,24,-1,0.6382978723404256,0.058128487318754196,0.08788217604160309,0.1757945418357849,0.03405065834522247,0.005213980097323656,,0.05864682048559189,0.0008857106440700591,0.025980843231081963,0.09362874925136566,0.028151722624897957,0.0055110882967710495,0.010030566714704037,0.03149193152785301,0.03985697776079178,0.08058987557888031,0.13165710866451263,,0.02052554115653038,0.11197326332330704,0.05410544574260712,0.010046456940472126,-29,0.032750567467987324,-17,0,-12,-4523.69921875,-0.05663788318634033,-0.07767313718795776,0.1362771987915039,0,4,0,-15,2,3,0.07598784194528874
g8857.t1,g12952.t1,0.8825,38.4,1,218,2.7280355018496336,180,0,38,26133.720703125,0.33456310629844666,0.3817925751209259,0.23959679901599884,0.15873117744922638,0.08086562901735306,216,6,24,105,1,10,9,1,0.3119266055045872,0.06045318767428398,0.020412446931004524,0.10469658672809601,0.020881803706288338,0.02366042509675026,0.0008642406901344657,0.06192861497402191,0.04123662784695625,0.08619413524866104,0.044047534465789795,0.024285608902573586,0.0,0.09179014712572098,0.06016583740711212,0.020741775631904602,0.07916607707738876,0.04267711192369461,0.11605406552553177,1,212,2.5038122653545343,170,0,42,22880.56640625,0.42757806181907654,0.2135131061077118,0.35890883207321167,0.16931863129138947,0.18959015607833862,206,9,21,199,2,13,14,-1,0.3160377358490566,0.10194171220064163,0.03876999765634537,0.05482363700866699,0.1160568967461586,0.0,0.008426320739090443,0.031417395919561386,0.005073393229395151,0.11204790323972702,0.0,0.03443894535303116,0.041525594890117645,0.04623723402619362,0.06330693513154984,0.034408118575811386,0.11449500173330307,0.08764844387769699,0.0,0.03157082572579384,0.07781163603067398,0.042730316519737244,0.05801350995898247,6,0.22422323649509934,10,0,-4,3253.154296875,-0.09301495552062988,0.1682794690132141,-0.11931203305721283,10,-3,3,-94,-1,2,-0.004111130344469416
g11501.t1,g9337.t1,0.8824,19.7,1,73,1.1535497828751045,15,28,30,12046.9111328125,0.19458751380443573,0.2072584629058838,0.5568488836288452,0.4152238965034485,0.14162495732307434,62,5,0,63,2,11,6,5,0.3561643835616438,0.08273058384656906,0.058894380927085876,0.06111893057823181,0.0,0.04919925704598427,0.03300269693136215,0.0,0.0002678318414837122,0.0073903934098780155,0.041305165737867355,0.0,0.04285309091210365,0.03761773928999901,0.04327085614204407,0.04114840552210808,0.08597677201032639,0.2067050188779831,0.2085188925266266,1,76,1.151009952862508,18,27,31,11823.369140625,0.08285985141992569,0.32375454902648926,0.5933856964111328,0.3002842962741852,0.29310142993927,62,9,0,65,-3,10,11,-1,0.3684210526315789,0.18660423159599304,0.03677162155508995,0.260128378868103,0.0,,,0.0002677060547284782,0.010977187193930149,0.014736365526914597,0.06445781141519547,0.0975385382771492,0.06356345862150192,0.013385302387177944,0.012280304916203022,0.0060037048533558846,0.04015590250492096,0.1064971312880516,0.01280014868825674,0.0,0.07383224368095398,,,-3,0.0025398300125965,-3,1,-1,223.5419921875,0.11172766238451004,-0.11649608612060547,-0.0365368127822876,0,-4,0,-2,5,6,-0.012256669069935111
g10256.t1,g10353.t1,0.882,60.1,1,896,4.3716478859958885,388,137,371,83601.421875,0.13429556787014008,0.2018333524465561,0.6508038640022278,0.31253015995025635,0.33827367424964905,794,123,0,547,-28,75,91,-16,0.23214285714285715,0.2956463694572449,0.042627301067113876,0.04153664410114288,0.0,0.013545322231948376,0.004939081612974405,0.023219505324959755,0.011303757317364216,0.07928606122732162,0.013067172840237617,0.01120345015078783,0.010019863024353981,0.040816567838191986,0.016847115010023117,0.01675160601735115,0.004519701935350895,0.2607022523880005,0.05182792991399765,1,799,4.17947264900772,328,137,334,69634.6640625,0.17051181197166443,0.19493195414543152,0.6229580640792847,0.23291273415088654,0.3900454044342041,662,77,1,548,-40,56,83,-27,0.22403003754693368,0.0755191296339035,0.059794191271066666,0.16708001494407654,0.008989057503640652,0.01159808412194252,0.003331259125843644,0.025582032278180122,0.012666190974414349,0.024510052055120468,0.0670604258775711,0.01536690816283226,0.04318035766482353,0.04793860763311386,0.018533993512392044,0.013112903572618961,0.06583271920681,0.3145262897014618,0.003556366777047515,0.01643320359289646,0.005388197489082813,0.05542480945587158,0.006715424824506044,97,0.1921752369881684,60,0,37,13966.7578125,-0.03621624410152435,0.006901398301124573,0.027845799922943115,132,46,-1,-1,12,11,0.00811281959592347
g10256.t1,g5170.t1,0.8816,27.6,1,896,4.3716478859958885,388,137,371,83601.421875,0.13429556787014008,0.2018333524465561,0.6508038640022278,0.31253015995025635,0.33827367424964905,794,123,0,547,-28,75,91,-16,0.23214285714285715,0.2956463694572449,0.042627301067113876,0.04153664410114288,0.0,0.013545322231948376,0.004939081612974405,0.023219505324959755,0.011303757317364216,0.07928606122732162,0.013067172840237617,0.01120345015078783,0.010019863024353981,0.040816567838191986,0.016847115010023117,0.01675160601735115,0.004519701935350895,0.2607022523880005,0.05182792991399765,1,753,3.7346663666026414,352,121,280,46560.8203125,0.11388439685106277,0.2101946622133255,0.6596674919128418,0.4013631343841553,0.2583043575286865,697,93,0,581,0,58,45,13,0.1593625498007968,0.07897471636533737,0.026939328759908676,0.2947217524051666,0.004890101961791515,0.016253497451543808,0.0,0.017529280856251717,0.015649298205971718,0.009978832677006721,0.07119333744049072,0.018660685047507286,0.04409601166844368,0.05290531739592552,0.010394617915153503,0.00048508215695619583,0.10664136707782745,0.17932964861392975,0.0,0.04366714879870415,0.007690002676099539,0.05542480945587158,0.006715424824506044,143,0.6369815193932471,36,16,91,37040.6015625,0.0204111710190773,-0.00836130976676941,-0.008863627910614014,97,30,0,-34,-28,-29,0.07278030734206034
g1275.t1,g3860.t1,0.8807,16.4,1,349,2.1422740814549726,36,162,151,25549.08203125,0.2141849398612976,0.21629486978054047,0.5693963766098022,0.3353751301765442,0.23402121663093567,340,38,83,265,-2,31,22,9,0.18624641833810887,0.18323104083538055,0.05079018697142601,0.031451109796762466,0.00037022691685706377,0.08827788382768631,0.0,0.023472318425774574,0.011853810399770737,0.07348886132240295,0.00012388653703965247,0.014990860596299171,0.021780606359243393,0.04390062391757965,0.06028947979211807,0.02235836535692215,0.028438767418265343,0.1498187929391861,0.1855563074350357,1,333,1.9742990537586236,3,175,155,23203.27734375,0.10511139035224915,0.36523598432540894,0.5033140778541565,0.21211446821689606,0.29119959473609924,307,16,14,346,-12,15,22,-7,0.17717717717717718,0.08467560261487961,0.06195497140288353,0.08899744600057602,0.003716458799317479,0.02633855864405632,0.00040765610174275935,0.00872768834233284,0.002853592624887824,0.014461785554885864,0.10084345936775208,0.04596095532178879,0.05307716131210327,0.11024662107229233,0.005423169583082199,0.0,0.12311701476573944,0.20652399957180023,0.002781112678349018,0.008046204224228859,0.051846545189619064,0.009806891903281212,0.0,16,0.16797502769634898,33,-13,-4,2345.8046875,0.10907354950904846,-0.14894111454486847,0.06608229875564575,33,22,69,-81,10,16,0.00906924116093169
g14897.t1,g11277.t1,0.8805,61.9,1,192,2.1713683709361433,104,3,85,23644.66796875,0.36279749870300293,0.3186495900154114,0.31122565269470215,0.26097410917282104,0.050251543521881104,186,11,2,239,8,14,5,9,0.3125,0.0002666974032763392,0.04998484253883362,0.09234904497861862,0.0013802926987409592,0.0751633420586586,0.021081967279314995,0.009279265068471432,0.00941572617739439,0.08968473225831985,0.007327308412641287,0.06594612449407578,0.004639632534235716,0.020753905177116394,0.13215720653533936,0.048700589686632156,0.0,,0.26097410917282104,1,251,2.2095896929279766,117,9,125,26018.43359375,0.35262027382850647,0.282874196767807,0.3592971861362457,0.314219206571579,0.045077934861183167,224,16,3,219,13,17,5,12,0.27091633466135456,0.03621424362063408,0.09759021550416946,0.033241577446460724,0.0006200500065460801,0.005208421032875776,0.001355070504359901,0.07264355570077896,0.05083093419671059,0.05243605747818947,0.06923925131559372,0.04871702939271927,0.04053070396184921,0.07220117747783661,0.041616473346948624,0.0014881201786920428,0.28097763657569885,0.008863693103194237,0.0009920800803229213,0.08523368835449219,0.0,0.05359147861599922,0.0573037751019001,-59,-0.03822132199183326,-13,-6,-40,-2373.765625,0.01017722487449646,0.03577539324760437,-0.04807153344154358,-38,-5,-1,20,-5,-3,0.04158366533864544
g17056.t1,g8703.t1,0.8804,32.4,1,303,1.9716711723186628,137,56,110,22106.390625,0.1592468023300171,0.2542554438114166,0.5650888085365295,0.40231066942214966,0.1627781242132187,286,29,0,224,8,28,16,12,0.20462046204620463,0.1343781054019928,0.028400029987096786,0.0002919107209891081,,0.06692787259817123,0.014874137006700039,0.04145132005214691,0.0008757321047596633,0.08480876684188843,0.02140888385474682,0.04416033625602722,0.0,0.09541546553373337,0.01847018674015999,0.004372005350887775,0.00014262780314311385,0.4002934396266937,0.00201729079708457,1,319,2.3528589653706145,137,53,129,28771.79296875,0.14751935005187988,0.2633490264415741,0.564242959022522,0.4256509840488434,0.13859190046787262,284,30,0,213,4,32,21,11,0.2507836990595611,0.04472131282091141,0.020700380206108093,0.37041303515434265,0.02104192040860653,0.024888621643185616,,0.060189004987478256,0.02136521227657795,0.02298925258219242,0.07640522718429565,0.032846175134181976,0.04754488915205002,0.08496837317943573,0.0,0.009419986046850681,0.05523797497153282,0.0938706025481224,0.0,0.013178796507418156,0.0002191720122937113,0.04054427146911621,0.0011676428839564323,-16,-0.3811877930519516,0,3,-19,-6665.40234375,0.011727452278137207,-0.00909358263015747,0.0008458495140075684,2,-1,0,11,4,1,-0.04616323701335648
g3666.t1,g11464.t1,0.8786,31.6,1,239,2.5087687993229326,55,50,134,31123.623046875,0.1425534039735794,0.3081268072128296,0.4756302833557129,0.34323784708976746,0.13239248096942902,150,6,0,139,-1,19,17,2,0.32217573221757323,0.0979885533452034,0.03440392389893532,0.02471773512661457,,0.04948047548532486,0.0,0.03208057954907417,0.03420358523726463,0.018277281895279884,0.07368942350149155,0.0011403559474274516,0.0,0.07477425783872604,0.09406428039073944,0.00020733744895551354,0.0019247995223850012,0.16553127765655518,0.1777065396308899,1,189,2.6406951858295264,59,0,130,32626.138671875,0.15787628293037415,0.32739731669425964,0.46199801564216614,0.2150222659111023,0.24697576463222504,99,8,0,36,-10,16,25,-9,0.4603174603174603,0.08896955102682114,0.053468115627765656,0.14090704917907715,0.017207646742463112,0.05272834375500679,0.0,0.04314316809177399,0.006535746622830629,0.018592169508337975,0.07520653307437897,0.14868637919425964,0.03048594854772091,0.059621263295412064,0.016218699514865875,0.0024723627138882875,0.07411522418260574,0.1580061912536621,0.0,0.006774119567126036,0.006861431058496237,0.11908619850873947,0.0007233176147565246,50,-0.13192638650659383,-4,50,4,-1502.515625,-0.015322878956794739,-0.019270509481430054,0.013632267713546753,51,-2,0,103,9,11,-0.13814172809988706
g6389.t1,g13183.t1,0.8786,70.9,1,192,2.149721056718171,79,47,66,23449.904296875,0.20985665917396545,0.22505398094654083,0.5475218892097473,0.3181656301021576,0.22935627400875092,167,35,2,88,-3,17,21,-4,0.2916666666666667,0.12531495094299316,0.10404133051633835,0.10284537076950073,0.0034837876446545124,0.028914853930473328,0.006429235450923443,0.0026142699643969536,0.012793025933206081,0.06771612167358398,0.017567439004778862,0.018002742901444435,0.0,0.02722105383872986,0.07763946801424026,0.012383383698761463,0.00920889899134636,0.08187123388051987,0.23629440367221832,1,193,2.1470075720570954,70,46,77,23534.83984375,0.2299623042345047,0.24135912954807281,0.5080682635307312,0.3220379054546356,0.1860303282737732,175,27,9,150,1,19,17,2,0.3005181347150259,0.14587920904159546,0.06403930485248566,0.17267251014709473,0.01850178837776184,0.02061033435165882,0.005984510760754347,0.09987054020166397,0.005997867789119482,0.02067970484495163,0.0996398776769638,0.031231733039021492,0.02970307506620884,0.0349721722304821,0.0,0.00041128977318294346,0.1493653953075409,0.040151093155145645,0.0,0.026459641754627228,0.033829882740974426,0.03335541859269142,0.03230302035808563,-1,0.0027134846610756824,9,1,-11,-84.935546875,-0.020105645060539246,-0.016305148601531982,0.03945362567901611,-8,8,-7,-62,-4,-6,-0.008851468048359235
g11863.t1,g9785.t1,0.8785,24.6,1,496,2.5830976233896292,203,85,208,33827.1171875,0.3025849461555481,0.24902601540088654,0.41083383560180664,0.21288159489631653,0.19795222580432892,431,59,6,400,-10,26,26,0,0.1935483870967742,0.08783968538045883,0.11011254042387009,0.08288602530956268,0.006955370772629976,0.05773934721946716,0.006485773250460625,0.06177366524934769,0.009156809188425541,0.07619676738977432,0.03755522891879082,0.010492176748812199,0.03778368607163429,0.04282873496413231,0.08306139707565308,0.002148152096197009,0.000858450832311064,0.12929268181324005,0.08358890563249588,1,450,2.5187324147043837,192,83,175,32827.47265625,0.2618500888347626,0.1860761195421219,0.4620742201805115,0.37117549777030945,0.09089871495962143,397,45,0,190,3,28,16,12,0.2,0.038914792239665985,0.03652952238917351,0.2254267781972885,0.0,0.08999951183795929,0.0,0.06284437328577042,0.00639737443998456,0.04641178995370865,0.02154615893959999,0.032717153429985046,0.04711232706904411,0.030740899965167046,0.0261446051299572,0.04462019354104996,0.14574870467185974,0.05198392644524574,0.006976577918976545,0.038323041051626205,0.04756219685077667,0.032639503479003906,0.04060506820678711,46,0.06436520868524553,11,2,33,999.64453125,0.04073485732078552,0.06294989585876465,-0.051240384578704834,34,14,6,210,-13,-12,-0.006451612903225823
g14118.t1,g15525.t2,0.878,34.3,1,254,2.6220260721517694,119,25,110,33774.765625,0.266379177570343,0.22675377130508423,0.50486820936203,0.36377838253974915,0.1410898119211197,209,18,0,245,7,26,18,8,0.3425196850393701,0.09757845848798752,0.043511345982551575,0.11641747504472733,0.009727680124342442,0.06283312290906906,0.008988352492451668,0.038831133395433426,0.0042814831249415874,0.019859209656715393,0.001998889958485961,0.014043097384274006,0.000668718887027353,0.06847729533910751,0.05186079442501068,0.0069628930650651455,0.03214838728308678,0.23096702992916107,0.13281136751174927,1,192,1.6350253157484542,102,23,67,17536.689453125,0.16247402131557465,0.2718733251094818,0.5477163195610046,0.31785136461257935,0.22986498475074768,186,8,0,326,-3,16,17,-1,0.23958333333333334,0.1300249546766281,0.0,0.2929333448410034,0.0005519650294445455,0.017936386168003082,0.0,0.03337712958455086,0.026714906096458435,0.05904347077012062,0.03481018915772438,0.03989017754793167,0.03635361045598984,0.11840367317199707,0.0,0.05740436166524887,0.02491804026067257,0.09984001517295837,0.0,0.012097088620066643,0.015700776129961014,0.03569205105304718,0.022341249510645866,62,0.9870007564033152,17,2,43,16238.076171875,0.10390515625476837,-0.04511955380439758,-0.04284811019897461,23,10,0,-81,10,9,0.10293635170603674
g5810.t1,g12229.t1,0.8771,41.4,1,286,4.760696534554028,154,64,68,41607.51171875,0.2975045442581177,0.12626266479492188,0.5548347234725952,0.39033520221710205,0.16449955105781555,239,17,0,101,4,35,28,7,0.40559440559440557,0.13538087904453278,0.029118681326508522,0.12025047838687897,,0.04294787719845772,0.007824952714145184,0.024970201775431633,0.02512529492378235,0.05405502766370773,0.021397991105914116,0.040086355060338974,0.011399439536035061,0.024569358676671982,0.02402600646018982,0.007056795991957188,0.0060623399913311005,0.22763244807720184,0.162702739238739,1,310,5.063787741380801,171,64,75,46435.71875,0.32820698618888855,0.15280476212501526,0.5091558694839478,0.3966623842716217,0.11249354481697083,253,22,0,21,12,43,26,17,0.3967741935483871,0.0341111496090889,0.12275363504886627,0.2569119930267334,0.07500305026769638,0.009832393378019333,0.0,0.06287887692451477,0.006506163626909256,0.020309746265411377,0.06703338772058487,0.013616437092423439,0.034324295818805695,0.01675858348608017,0.013896829448640347,0.00861603394150734,0.13975036144256592,0.07838239520788193,,0.02474880963563919,0.014565889723598957,0.00972498208284378,0.025668125599622726,-24,-0.3030912068267728,-17,0,-7,-4828.20703125,-0.030702441930770874,-0.026542097330093384,0.04567885398864746,-14,-5,0,80,-8,-10,0.00882021204601846
g5802.t1,g2589.t1,0.8767,38.9,1,381,2.08484081288877,206,45,130,25180.6796875,0.23794209957122803,0.32779648900032043,0.3257318139076233,0.20341689884662628,0.12231489270925522,394,29,0,576,-7,13,13,0,0.1889763779527559,0.0372588150203228,0.08505608141422272,0.04770408943295479,,0.05400872975587845,0.0026382680516690016,0.03856887295842171,0.012301036156713963,0.0985979288816452,0.10852956026792526,0.017269117757678032,0.01824544183909893,0.04941327124834061,0.13177475333213806,0.0046128882095217705,0.014064920134842396,0.1542251855134964,0.04919169843196869,1,274,1.981408252990242,164,22,88,22170.89453125,0.18902641534805298,0.4492010176181793,0.3549712896347046,0.16866537928581238,0.1863059103488922,263,18,0,427,-13,11,16,-5,0.23357664233576642,0.056511588394641876,0.04526005685329437,0.1528230607509613,0.037162963300943375,0.006801197770982981,0.0,0.011641990393400192,0.02855251170694828,0.028623100370168686,0.1151389479637146,0.046746715903282166,0.015779444947838783,0.1216176375746727,0.030541544780135155,0.025758937001228333,0.015842311084270477,0.12979432940483093,0.0,0.010037846863269806,0.12136578559875488,0.031307343393564224,0.045231934636831284,107,0.10343255989852795,42,23,42,3009.78515625,0.04891568422317505,-0.12140452861785889,-0.0292394757270813,131,11,0,149,6,5,-0.04460026438301051
g16495.t1,g3805.t1,0.876,53.5,1,293,2.376564677465417,131,44,118,32126.3515625,0.23843830823898315,0.29863980412483215,0.42511677742004395,0.34116047620773315,0.08395633101463318,269,31,4,17,3,24,15,9,0.25597269624573377,0.049564965069293976,0.0343913659453392,0.0702160969376564,0.005610366351902485,0.050992004573345184,0.01718028448522091,0.014864086173474789,0.03914826363325119,0.10564696788787842,0.03780509904026985,0.010935749858617783,0.0,0.03214188665151596,0.045698054134845734,0.03632240742444992,0.048291705548763275,0.15753690898418427,0.1836235672235489,1,299,2.8293223425787692,125,45,129,38733.53125,0.3196817934513092,0.18030931055545807,0.4961048364639282,0.42581287026405334,0.07029194384813309,277,24,5,116,10,32,18,14,0.3110367892976589,0.022177420556545258,0.06883442401885986,0.2833651900291443,0.028530238196253777,0.00390406372025609,0.0,0.07468443363904953,0.015420300886034966,0.01837536320090294,0.032714009284973145,0.03742505982518196,0.034338004887104034,0.0343155637383461,0.032216377556324005,0.0594121590256691,0.14244771003723145,0.04811451956629753,0.008829918690025806,0.028798872604966164,0.026096371933817863,0.044070515781641006,0.015959691256284714,-6,-0.452757665113352,6,-1,-11,-6607.1796875,-0.08124348521232605,0.11833049356937408,-0.07098805904388428,-8,7,-1,-99,-7,-5,-0.05506409305192511
g9724.t1,g8663.t1,0.8756,35.8,1,82,1.2726359941757288,18,25,39,13130.404296875,0.12976957857608795,0.1812882125377655,0.6869857907295227,0.42245781421661377,0.2645280361175537,60,8,0,27,1,12,9,3,0.4024390243902439,0.19343239068984985,0.07109565287828445,0.053021080791950226,,0.003426213748753071,0.07883810251951218,0.0039316946640610695,0.008081109263002872,0.020194964483380318,0.0019565012771636248,0.019792158156633377,0.012778008356690407,0.06736717373132706,,0.0012174500152468681,,0.20495817065238953,0.21749961376190186,1,76,1.1637724808159535,12,28,36,12069.369140625,0.052896469831466675,0.2871009111404419,0.6559926867485046,0.40308934450149536,0.25290343165397644,60,3,0,4,0,11,9,2,0.4342105263157895,0.0525333546102047,0.0,0.33225926756858826,0.01275886781513691,0.004010002128779888,,0.01928558759391308,0.04398439824581146,0.019248008728027344,0.07716751098632812,,0.05015424266457558,0.08575228601694107,0.0016040008049458265,0.0,0.07083001732826233,0.20037007331848145,,0.0,0.03004244714975357,0.014887974597513676,0.027521861717104912,6,0.10886351335977529,6,-3,3,1061.03515625,0.07687310874462128,-0.10581269860267639,0.030993103981018066,0,5,0,23,1,1,-0.031771501925545564
g17346.t1,g10105.t1,0.8752,34.6,1,294,2.3424626950180745,223,2,69,26873.8125,0.4092886447906494,0.24013303220272064,0.31356433033943176,0.23307040333747864,0.08049394190311432,278,10,10,668,7,18,9,9,0.24489795918367346,0.038101084530353546,0.04239286109805107,0.09548478573560715,0.003161526285111904,0.04883955046534538,0.0006003141752444208,0.03596372902393341,0.05366808548569679,0.10031802207231522,0.03701398894190788,0.02055189199745655,0.07073661684989929,0.024243729189038277,0.061180755496025085,0.02569344826042652,0.040008775889873505,0.14696663618087769,0.08610375225543976,1,247,2.0830680957103067,200,0,47,23822.98828125,0.3407089114189148,0.10444164276123047,0.48123079538345337,0.29837435483932495,0.18285641074180603,229,9,8,679,5,16,9,7,0.25101214574898784,0.09082645177841187,0.04084988683462143,0.1401260644197464,0.06894078105688095,0.07361876964569092,0.0,0.022408073768019676,0.01424839161336422,0.015030568465590477,0.017096268013119698,0.0032011158764362335,0.02125413343310356,0.022186629474163055,0.02749398536980152,0.10658997297286987,0.15824829041957855,0.09202995896339417,0.05235282704234123,0.007042794022709131,0.026455098763108253,0.010619898326694965,0.058350544422864914,47,0.25939459930776776,23,2,22,3050.82421875,0.06857973337173462,0.13569138944149017,-0.1676664650440216,49,1,2,-11,2,2,-0.006114186565314372
g19137.t2,g3679.t1,0.875,26.1,1,569,2.893005667893344,202,110,257,42669.1171875,0.22510617971420288,0.23743018507957458,0.5184895396232605,0.38653436303138733,0.13195517659187317,491,60,15,254,15,48,30,18,0.18980667838312829,0.07677000761032104,0.05518516153097153,0.05992529168725014,0.0,0.04015181586146355,0.006485894322395325,0.017615508288145065,0.016407346352934837,0.0835021585226059,0.018974030390381813,0.02524428814649582,0.00022196753707248718,0.037538252770900726,0.019558627158403397,0.023042753338813782,0.02152944728732109,0.19825173914432526,0.18828262388706207,1,529,2.620515357041119,206,106,217,36268.84765625,0.25152161717414856,0.15000751614570618,0.583027720451355,0.4546900987625122,0.12833760678768158,483,61,2,84,9,44,26,18,0.17391304347826086,0.05803955718874931,0.044822607189416885,0.30136480927467346,0.0023130099289119244,0.015443144366145134,0.0,0.043761637061834335,0.011460918933153152,0.059561893343925476,0.04141305014491081,0.020589929074048996,0.029079848900437355,0.03692016378045082,0.018593039363622665,0.05972764641046524,0.15332531929016113,0.07029803842306137,0.0008006573189049959,0.02194114215672016,0.010543597862124443,0.06881581246852875,0.04249722138047218,40,0.27249031085222475,-4,4,40,6400.26953125,-0.02641543745994568,0.08742266893386841,-0.06453818082809448,8,-1,13,170,6,0,0.01589363490486742
g8474.t1,g10166.t1,0.875,27.2,1,516,3.8667118325024936,130,221,165,46421.2109375,0.3260994553565979,0.3024410307407379,0.2704940140247345,0.1975434273481369,0.072950579226017,402,27,4,361,-4,29,15,14,0.25193798449612403,0.05338767543435097,0.019562900066375732,0.04810576140880585,0.008433080278337002,0.049736496061086655,0.007728442549705505,0.04892060160636902,0.05153373256325722,0.03493981063365936,0.10096551477909088,0.009812568314373493,0.028743164613842964,0.016702938824892044,0.1376054733991623,0.04451073333621025,0.05154019221663475,0.10137106478214264,0.09617235511541367,1,456,3.391333724012678,121,188,147,33529.9453125,0.2387170046567917,0.327728807926178,0.4213760197162628,0.30567359924316406,0.11570244282484055,370,20,0,487,-2,31,15,16,0.2236842105263158,0.043067995458841324,0.02088164910674095,0.2082337886095047,0.004802664276212454,0.012178207747638226,0.01160478126257658,0.00048114394303411245,0.023575879633426666,0.050832636654376984,0.05789140611886978,0.0684996247291565,0.052501130849123,0.10914231091737747,0.02356289140880108,0.050294749438762665,0.09743981063365936,0.07263445109128952,0.07277528941631317,0.015085982158780098,0.004513676278293133,0.04549109935760498,0.04473641887307167,60,0.47537810848981543,9,33,18,12891.265625,0.08738245069980621,-0.025287777185440063,-0.15088200569152832,32,7,4,-126,-2,-2,0.028253773969808244
g9379.t1,g13182.t1,0.8748,24.7,1,408,2.3245226907904093,150,104,154,28408.8671875,0.24426761269569397,0.24389371275901794,0.4886831045150757,0.309919536113739,0.17876358330249786,355,32,12,234,0,24,16,8,0.18382352941176472,0.1407053917646408,0.038058191537857056,0.045264411717653275,0.036395300179719925,0.034303002059459686,0.010972431860864162,0.06221338361501694,0.005792341195046902,0.09483896195888519,0.023155508562922478,0.0006710945744998753,,0.019330041483044624,0.03419986367225647,0.06963802129030228,0.0012337923981249332,0.11391071230173111,0.1960088312625885,1,494,2.7568045623566,177,135,182,37766.6875,0.12674017250537872,0.42125263810157776,0.4417525827884674,0.25405818223953247,0.18769438564777374,462,70,11,236,-6,31,28,3,0.19838056680161945,0.06336969137191772,0.0024775760248303413,0.22714576125144958,0.0059803556650877,0.010254613123834133,0.0,0.03895554691553116,0.002355781150981784,0.02605726569890976,0.11985737830400467,0.05129284784197807,0.015919607132673264,0.229702889919281,0.03320030868053436,0.004611469805240631,0.026912428438663483,0.12432467192411423,,0.015457648783922195,0.002124154707416892,0.046923309564590454,0.026385368779301643,-86,-0.4322818715661909,-27,-31,-28,-9357.8203125,0.11752744019031525,-0.17735892534255981,0.046930521726608276,-107,-38,1,-2,6,5,-0.014557037389854727
g17056.t1,g8703.t2,0.8743,32.4,1,303,1.9716711723186628,137,56,110,22106.390625,0.1592468023300171,0.2542554438114166,0.5650888085365295,0.40231066942214966,0.1627781242132187,286,29,0,224,8,28,16,12,0.20462046204620463,0.1343781054019928,0.028400029987096786,0.0002919107209891081,,0.06692787259817123,0.014874137006700039,0.04145132005214691,0.0008757321047596633,0.08480876684188843,0.02140888385474682,0.04416033625602722,0.0,0.09541546553373337,0.01847018674015999,0.004372005350887775,0.00014262780314311385,0.4002934396266937,0.00201729079708457,1,295,1.963985107504071,134,54,107,21675.447265625,0.14453183114528656,0.23119965195655823,0.5942813754081726,0.41354984045028687,0.18073150515556335,273,29,0,202,0,26,20,6,0.21016949152542372,0.05236685276031494,0.003227346343919635,0.4026657044887543,0.027937637642025948,0.029987188056111336,,0.053882114589214325,0.028190769255161285,0.04748544096946716,0.04889441654086113,0.044205330312252045,0.05122584104537964,0.05810144171118736,0.0,0.0,0.010884170420467854,0.1283646523952484,0.0,0.011999273672699928,0.0005818539066240191,0.04054427146911621,0.0011676428839564323,8,0.007686064814591775,3,2,3,430.943359375,0.01471497118473053,0.0230557918548584,-0.029192566871643066,13,0,0,22,8,6,-0.005549029479219092
g16930.t1,g9985.t1,0.8743,40.0,1,320,2.229372765245358,128,58,134,25376.060546875,0.31078529357910156,0.33278194069862366,0.294338583946228,0.22650286555290222,0.0678357258439064,307,38,28,491,-7,16,10,6,0.234375,0.01675141230225563,0.05108431726694107,0.05619705095887184,0.0009940032614395022,0.044177379459142685,0.029972197487950325,0.05847414582967758,0.01836416684091091,0.025179116055369377,0.06209416687488556,0.04126511886715889,0.0,0.051302917301654816,0.09367936849594116,0.03992195427417755,0.05271235853433609,0.09357118606567383,0.1329316794872284,1,332,2.200859173404689,107,59,166,25898.2734375,0.37477782368659973,0.3257981538772583,0.26624980568885803,0.1543990522623062,0.11185076832771301,312,29,29,382,-11,11,10,1,0.21987951807228914,0.07310137152671814,0.07138457894325256,0.14884009957313538,0.015275715850293636,0.03317422419786453,0.0014653728576377034,0.05612557381391525,0.031015850603580475,0.030772199854254723,0.07357289642095566,0.08689459413290024,0.03029051050543785,0.1025589182972908,0.005980098154395819,0.049066755920648575,0.005558957811444998,0.038749393075704575,0.11221017688512802,0.03396274149417877,0.0,0.07894197851419449,0.05238547548651695,-12,0.028513591840668706,21,-1,-32,-522.212890625,-0.06399253010749817,0.0069837868213653564,0.028088778257369995,-5,9,-1,109,4,5,0.014495481927710857
g5787.t1,g8298.t1,0.8732,64.0,1,433,4.708596670616162,98,127,208,42893.83203125,0.2988559901714325,0.38366422057151794,0.3173322081565857,0.20596660673618317,0.11136560142040253,326,29,13,384,2,19,20,-1,0.2678983833718245,0.06536535173654556,0.04600025713443756,0.06433144956827164,0.012058191932737827,0.021956870332360268,0.018057405948638916,0.12960009276866913,0.025558220222592354,0.03465777263045311,0.0001475823955843225,0.009207678958773613,0.0,0.19526390731334686,0.07452766597270966,0.011204601265490055,0.009999103844165802,0.13614578545093536,0.0698208287358284,1,125,1.5864829649191914,15,48,62,18362.3359375,0.2627376914024353,0.19782836735248566,0.5392616391181946,0.4767153561115265,0.06254629790782928,88,14,3,102,6,14,8,6,0.296,0.01979064755141735,0.07135194540023804,0.38553687930107117,0.0019328700145706534,0.00017237389693036675,0.02580690197646618,0.11075691133737564,0.05198553949594498,0.01896870695054531,,0.04232464358210564,0.04347728192806244,0.034233998507261276,0.01860981434583664,0.0,0.09117847681045532,0.042755644768476486,,0.04111741855740547,0.0,0.03910014405846596,0.03699706122279167,308,3.1221137056969703,83,79,146,24531.49609375,0.03611829876899719,0.1858358532190323,-0.2219294309616089,238,15,10,282,-4,-7,-0.028101616628175508
g12812.t1,g3254.t1,0.8718,52.2,1,189,2.231169214945797,66,47,76,23759.908203125,0.16742905974388123,0.29752790927886963,0.5250223278999329,0.3811783492565155,0.14384399354457855,161,13,1,85,2,18,14,4,0.31216931216931215,0.057037487626075745,0.08680649846792221,0.013443994335830212,0.0039680167101323605,0.017857156693935394,0.023069314658641815,0.018468517810106277,0.035430874675512314,0.07374408841133118,0.01002063974738121,0.013706302270293236,0.0,0.046744171530008316,0.12745410203933716,0.018178345635533333,0.003919563721865416,0.1789720207452774,0.20220628380775452,1,191,2.096094557505392,79,47,65,22742.115234375,0.23492276668548584,0.1882663518190384,0.5535795092582703,0.307609885931015,0.24596957862377167,173,35,2,89,-2,17,21,-4,0.2931937172774869,0.07029414176940918,0.11134408414363861,0.19397464394569397,0.013474926352500916,0.023231368511915207,0.007884734310209751,0.025447119027376175,0.01141104195266962,0.002695632167160511,0.09305118024349213,0.01209130696952343,0.021103408187627792,0.032935719937086105,0.007945021614432335,0.0,0.11363525688648224,0.17567545175552368,0.0,0.0740160122513771,0.009788956493139267,0.01862865872681141,0.05034388229250908,-2,0.13507465744040514,-13,0,11,1017.79296875,-0.06749370694160461,0.10926155745983124,-0.028557181358337402,-12,-22,-1,-4,4,8,0.018975594891825265
g8455.t1,g16464.t1,0.8717,46.9,1,81,1.473097812659034,27,16,38,15193.8056640625,0.3363012671470642,0.15136954188346863,0.41113877296447754,0.35324063897132874,0.0578981451690197,62,3,0,0,11,12,4,8,0.3950617283950617,0.05520041286945343,0.0026977320667356253,0.1308874785900116,0.0,0.12421087175607681,0.0,0.035464007407426834,0.04003908112645149,0.0392548032104969,0.10119032114744186,0.0029536643996834755,,0.019077783450484276,0.06476611644029617,0.0027461466379463673,0.0037837359122931957,0.21563172340393066,0.13760890066623688,1,100,2.1394549538975873,29,17,54,21512.859375,0.2844640910625458,0.2935425937175751,0.3262551724910736,0.2768634855747223,0.04939167946577072,63,3,0,0,9,14,6,8,0.52,0.004983136430382729,0.04273124784231186,0.19996465742588043,0.0017997865797951818,0.09573813527822495,0.0,0.10023219883441925,0.0,0.05999288707971573,0.20541352033615112,0.013354785740375519,0.054640453308820724,0.0,0.0032996090594679117,,0.07689885050058365,0.044408541172742844,,0.07640838623046875,0.020133821293711662,0.024487106129527092,0.0,-19,-0.6663571412385534,-2,-1,-16,-6319.0537109375,0.05183717608451843,-0.14217305183410645,0.08488360047340393,-1,0,0,0,2,0,-0.12493827160493831
g17056.t1,g6758.t1,0.8706,30.6,1,303,1.9716711723186628,137,56,110,22106.390625,0.1592468023300171,0.2542554438114166,0.5650888085365295,0.40231066942214966,0.1627781242132187,286,29,0,224,8,28,16,12,0.20462046204620463,0.1343781054019928,0.028400029987096786,0.0002919107209891081,,0.06692787259817123,0.014874137006700039,0.04145132005214691,0.0008757321047596633,0.08480876684188843,0.02140888385474682,0.04416033625602722,0.0,0.09541546553373337,0.01847018674015999,0.004372005350887775,0.00014262780314311385,0.4002934396266937,0.00201729079708457,1,295,1.9580427817973414,142,53,100,21475.66015625,0.12966486811637878,0.26332905888557434,0.5906324982643127,0.42095160484313965,0.1696809083223343,293,37,0,230,0,24,16,8,0.19322033898305085,0.08238130807876587,0.007918297313153744,0.4099000096321106,0.0303488839417696,0.016373520717024803,,0.027689175680279732,0.04075870290398598,0.05097267031669617,0.0825222060084343,0.03963850066065788,0.05770569294691086,0.042113300412893295,0.0,0.0022536301985383034,0.011051608249545097,0.08729960769414902,0.0015024199383333325,0.00897979736328125,0.00059069215785712,0.04054427146911621,0.0011676428839564323,8,0.013628390521321476,-5,3,10,630.73046875,0.029581934213638306,-0.009073615074157715,-0.025543689727783203,-7,-8,0,-6,8,4,0.011400123063153772
g17056.t1,g191.t1,0.87,31.6,1,303,1.9716711723186628,137,56,110,22106.390625,0.1592468023300171,0.2542554438114166,0.5650888085365295,0.40231066942214966,0.1627781242132187,286,29,0,224,8,28,16,12,0.20462046204620463,0.1343781054019928,0.028400029987096786,0.0002919107209891081,,0.06692787259817123,0.014874137006700039,0.04145132005214691,0.0008757321047596633,0.08480876684188843,0.02140888385474682,0.04416033625602722,0.0,0.09541546553373337,0.01847018674015999,0.004372005350887775,0.00014262780314311385,0.4002934396266937,0.00201729079708457,1,294,1.9906430201170229,136,49,109,22430.560546875,0.19276517629623413,0.2160279005765915,0.5776695013046265,0.38974058628082275,0.1879289597272873,274,29,0,130,0,21,16,5,0.18027210884353742,0.07698827236890793,0.010451565496623516,0.3883294463157654,0.0,0.013537438586354256,,0.07180799543857574,0.03483188524842262,0.07220741361379623,0.07766611129045486,0.04689153656363487,0.0131584033370018,0.028756078332662582,0.012658447027206421,0.0018699978245422244,0.0014111049240455031,0.11094067990779877,0.0,0.023769760504364967,0.01472386159002781,0.04054427146911621,0.0011676428839564323,9,-0.01897184779836003,1,7,1,-324.169921875,-0.03351837396621704,0.038227543234825134,-0.012580692768096924,12,0,0,94,8,7,0.024348353202667206
g11393.t1,g9798.t1,0.8697,22.5,1,453,3.1807827372787463,259,43,151,40794.1875,0.36703988909721375,0.1968747079372406,0.4257473051548004,0.255401611328125,0.17034569382667542,381,17,6,581,5,26,14,12,0.23178807947019867,0.13907575607299805,0.03126996383070946,0.05251433327794075,0.0,0.05234655365347862,0.006125751417130232,0.03303935378789902,0.04278946667909622,0.05608123913407326,0.01033803354948759,0.07454867660999298,0.013420289382338524,0.01627698726952076,0.06293577700853348,0.06136556714773178,0.0241057351231575,0.10724706947803497,0.14815454185009003,1,455,3.1852945474748693,298,46,111,35682.64453125,0.3551957607269287,0.2200814187526703,0.4159654974937439,0.24298328161239624,0.17298221588134766,399,23,6,770,0,27,19,8,0.21978021978021978,0.03913429379463196,0.1084689125418663,0.13982312381267548,0.04791409522294998,0.008757313713431358,0.0006410527275875211,0.00912291370332241,0.009931860491633415,0.02105422131717205,0.0548793263733387,0.023384051397442818,0.04773062467575073,0.046171631664037704,0.10009317100048065,0.035536397248506546,0.10316017270088196,0.1338479220867157,0.0033456662204116583,0.02966037020087242,0.03734288364648819,0.03134922683238983,0.037015657871961594,-2,-0.004511810196123012,-39,-3,40,5111.54296875,0.011844128370285034,-0.023206710815429688,0.009781807661056519,-18,-6,0,-189,5,4,0.01200785968997889
g7444.t1,g15353.t3,0.8683,77.1,1,865,6.914595892401669,224,292,349,91924.5625,0.23287060856819153,0.23899517953395844,0.49138543009757996,0.32288259267807007,0.1685028076171875,656,89,2,239,-5,88,67,21,0.3063583815028902,0.13921943306922913,0.029283370822668076,0.05712258070707321,0.010556604713201523,0.028736496344208717,0.018820129334926605,0.03963629901409149,0.016456957906484604,0.07649685442447662,0.03674880415201187,0.027989545837044716,0.007264886051416397,0.02608281560242176,0.06581707298755646,0.03950517252087593,0.01263520773500204,0.1942228227853775,0.12865978479385376,1,843,6.911571915197409,233,298,312,89656.234375,0.20291218161582947,0.2287457287311554,0.523820698261261,0.3617473840713501,0.1620732843875885,660,91,1,173,-9,80,65,15,0.30604982206405695,0.06010957434773445,0.03553467616438866,0.21051427721977234,0.027899479493498802,0.04452134668827057,0.0,0.03550273925065994,0.021029911935329437,0.04604222625494003,0.07876381278038025,0.039833858609199524,0.03433819115161896,0.045763831585645676,0.015966948121786118,0.008390008471906185,0.15123310685157776,0.10196371376514435,0.0,0.033576104789972305,0.009016120806336403,0.028586503118276596,0.016158662736415863,22,0.0030239772042603974,-9,-6,37,2268.328125,0.02995842695236206,0.01024945080280304,-0.03243526816368103,-4,-2,1,66,4,6,0.00030855943883323356
g16603.t3,g5170.t1,0.8658,29.2,1,727,4.248470445460001,258,135,334,68972.2109375,0.12098310887813568,0.2515506446361542,0.6217643618583679,0.27146828174591064,0.3502960801124573,681,142,5,454,-17,68,75,-7,0.24484181568088034,0.27884796261787415,0.07144814729690552,0.020737426355481148,0.0,0.031237225979566574,0.005680397152900696,0.0175798237323761,0.012993215583264828,0.14714916050434113,0.005701863672584295,0.012165806256234646,0.009955148212611675,0.0527428574860096,0.015451284125447273,0.007380488328635693,0.014612728729844093,0.23786909878253937,0.03359919413924217,1,753,3.7346663666026414,352,121,280,46560.8203125,0.11388439685106277,0.2101946622133255,0.6596674919128418,0.4013631343841553,0.2583043575286865,697,93,0,581,0,58,45,13,0.1593625498007968,0.07897471636533737,0.026939328759908676,0.2947217524051666,0.004890101961791515,0.016253497451543808,0.0,0.017529280856251717,0.015649298205971718,0.009978832677006721,0.07119333744049072,0.018660685047507286,0.04409601166844368,0.05290531739592552,0.010394617915153503,0.00048508215695619583,0.10664136707782745,0.17932964861392975,0.0,0.04366714879870415,0.007690002676099539,0.0159141942858696,0.00893398653715849,-26,0.5138040788573592,-94,14,54,22411.390625,0.0070987120270729065,0.041355982422828674,-0.03790313005447388,-16,49,5,-127,-17,-20,0.08547926588008353
g11518.t1,g8264.t1,0.8653,31.3,1,504,2.747106705455714,140,150,214,39000.6640625,0.17374926805496216,0.16099058091640472,0.6454048156738281,0.5154024362564087,0.13000236451625824,432,44,12,266,12,41,25,16,0.19246031746031747,0.11050163954496384,0.019500738009810448,0.03680943697690964,0.0005865145358256996,0.034762486815452576,0.03824875131249428,0.03959749639034271,0.0004963832907378674,0.032898642122745514,0.019855313003063202,0.03726432844996452,0.0,0.03988640755414963,0.022455858066678047,0.0005791138391941786,0.0008178747957572341,0.4113657474517822,0.10403674840927124,1,504,2.674815167770806,116,161,227,37956.07421875,0.20012454688549042,0.2715890407562256,0.519083559513092,0.33112624287605286,0.18795736134052277,420,49,8,215,0,35,30,5,0.20238095238095238,0.06770925968885422,0.02524111047387123,0.2653292715549469,0.016661446541547775,0.00920275691896677,0.0,0.04985690861940384,0.010455640964210033,0.03476801887154579,0.09195838123559952,0.04261202737689018,0.0678362250328064,0.05789610370993614,0.020026857033371925,0.0011901032412424684,0.06579696387052536,0.12024810165166855,0.023684727028012276,0.028695404529571533,0.0008306934032589197,0.02609654888510704,0.024240046739578247,0,0.07229153768490804,24,-11,-13,1044.58984375,-0.02637527883052826,-0.11059845983982086,0.12632125616073608,12,-5,4,51,12,11,-0.009920634920634913
g54.t1,g14374.t1,0.8643,32.6,1,558,2.5803796211611187,171,121,266,33739.359375,0.2869706451892853,0.27858683466911316,0.42004841566085815,0.2740670144557953,0.14598140120506287,521,55,12,638,-3,35,20,15,0.17562724014336917,0.08506394922733307,0.0609174408018589,0.05783090740442276,0.009923207573592663,0.06254787743091583,0.0075963763520121574,0.045852985233068466,0.017723936587572098,0.08148714900016785,0.014394139871001244,0.01686355285346508,0.0012268422869965434,0.07585203647613525,0.05521881952881813,0.02327522449195385,0.0053398036397993565,0.2005193829536438,0.0735476166009903,1,547,2.5437925145275933,161,121,265,33935.078125,0.3311237096786499,0.2875746786594391,0.3756937086582184,0.20403797924518585,0.17165572941303253,463,30,10,680,-14,19,23,-4,0.1663619744058501,0.04357803240418434,0.07165128737688065,0.125431090593338,0.025891801342368126,0.005607909988611937,0.0,0.0672643780708313,0.006123838014900684,0.04076762869954109,0.08300468325614929,0.05887162685394287,0.04516209289431572,0.05100230872631073,0.035842981189489365,0.05756860226392746,0.07860688865184784,0.1280776858329773,0.0010458796750754118,0.031091148033738136,0.04341014474630356,0.04316944256424904,0.06164932623505592,11,0.03658710663352549,10,0,1,-195.71875,-0.044153064489364624,-0.008987843990325928,0.04435470700263977,58,25,2,-42,11,19,0.009265265737519068
g17056.t1,g13904.t1,0.8627,30.3,1,303,1.9716711723186628,137,56,110,22106.390625,0.1592468023300171,0.2542554438114166,0.5650888085365295,0.40231066942214966,0.1627781242132187,286,29,0,224,8,28,16,12,0.20462046204620463,0.1343781054019928,0.028400029987096786,0.0002919107209891081,,0.06692787259817123,0.014874137006700039,0.04145132005214691,0.0008757321047596633,0.08480876684188843,0.02140888385474682,0.04416033625602722,0.0,0.09541546553373337,0.01847018674015999,0.004372005350887775,0.00014262780314311385,0.4002934396266937,0.00201729079708457,1,295,1.9588032859185618,140,54,101,21815.318359375,0.11093126982450485,0.29047805070877075,0.5959312915802002,0.43204158544540405,0.16388969123363495,291,34,0,222,1,25,17,8,0.2,0.0733344554901123,0.010127737186849117,0.4204331934452057,0.0005916111404076219,0.0026594374794512987,,0.03156236186623573,0.04224485158920288,0.059507034718990326,0.09502216428518295,0.05821022018790245,0.0519365519285202,0.04291970655322075,0.0,0.0,0.011608393862843513,0.09055524319410324,0.00029580557020381093,0.008846728131175041,0.0001445308153051883,0.04054427146911621,0.0011676428839564323,8,0.012867886400101058,-3,2,9,291.072265625,0.04831553250551224,-0.036222606897354126,-0.030842483043670654,-5,-5,0,2,7,4,0.004620462046204615
g14897.t1,g2772.t1,0.8623,31.9,1,192,2.1713683709361433,104,3,85,23644.66796875,0.36279749870300293,0.3186495900154114,0.31122565269470215,0.26097410917282104,0.050251543521881104,186,11,2,239,8,14,5,9,0.3125,0.0002666974032763392,0.04998484253883362,0.09234904497861862,0.0013802926987409592,0.0751633420586586,0.021081967279314995,0.009279265068471432,0.00941572617739439,0.08968473225831985,0.007327308412641287,0.06594612449407578,0.004639632534235716,0.020753905177116394,0.13215720653533936,0.048700589686632156,0.0,,0.26097410917282104,1,186,1.8956344659838253,115,3,68,19875.193359375,0.32916146516799927,0.277907133102417,0.34457507729530334,0.23971453309059143,0.10486055165529251,166,5,2,343,6,15,9,6,0.2956989247311828,0.04362579435110092,0.08798848092556,0.09555201232433319,0.01509765349328518,0.04835634306073189,0.012279141694307327,0.062212537974119186,0.01645827852189541,0.032623011618852615,0.06357116997241974,0.007902862504124641,0.06357617676258087,0.09731806814670563,0.060840629041194916,0.0012876195833086967,0.14416250586509705,0.06123475730419159,0.0,0.06911157071590424,0.016801465302705765,0.05359147861599922,0.0573037751019001,6,0.275733904952318,-11,0,17,3769.474609375,0.03363603353500366,0.040742456912994385,-0.033349424600601196,20,6,0,-104,2,3,0.01680107526881719
g14422.t1,g8235.t3,0.8622,26.2,1,377,3.4141311346407037,93,68,216,45103.453125,0.2616634666919708,0.3145035207271576,0.4116315543651581,0.2699763774871826,0.14165516197681427,221,26,18,155,14,31,23,8,0.29973474801061006,0.09892790764570236,0.04272725060582161,0.03905896469950676,0.0,0.035344839096069336,0.018805289641022682,0.1117972582578659,0.016954166814684868,0.11671103537082672,0.012201462872326374,0.015881117433309555,0.010367360897362232,0.05213131755590439,0.08176255971193314,0.013089560903608799,0.004139111377298832,0.14651338756084442,0.12346299737691879,1,360,2.7963259985874847,103,47,210,40178.75,0.28665271401405334,0.39913901686668396,0.30317577719688416,0.134297713637352,0.16887806355953217,249,33,2,277,-5,19,20,-1,0.30277777777777776,0.07043325901031494,0.03302698954939842,0.08814161270856857,0.023850522935390472,0.011032558977603912,0.0,0.040539659559726715,0.004605182912200689,0.06084723025560379,0.0945114865899086,0.11705619841814041,0.12965160608291626,0.04934871196746826,0.03380440175533295,0.05819900706410408,0.04615611210465431,0.09844480454921722,0.0,0.03638489171862602,0.0039658076129853725,0.04095418378710747,0.019170168787240982,17,0.6178051360532191,-10,21,6,4924.703125,-0.02498924732208252,-0.08463549613952637,0.10845577716827393,-28,-7,16,-122,19,9,-0.003043029767167693
g6389.t1,g10396.t1,0.8622,59.1,1,192,2.149721056718171,79,47,66,23449.904296875,0.20985665917396545,0.22505398094654083,0.5475218892097473,0.3181656301021576,0.22935627400875092,167,35,2,88,-3,17,21,-4,0.2916666666666667,0.12531495094299316,0.10404133051633835,0.10284537076950073,0.0034837876446545124,0.028914853930473328,0.006429235450923443,0.0026142699643969536,0.012793025933206081,0.06771612167358398,0.017567439004778862,0.018002742901444435,0.0,0.02722105383872986,0.07763946801424026,0.012383383698761463,0.00920889899134636,0.08187123388051987,0.23629440367221832,1,191,1.907187644714783,80,48,63,21331.72265625,0.2613913118839264,0.14787890017032623,0.56095951795578,0.30327510833740234,0.2576843798160553,170,33,6,155,-2,20,18,2,0.28272251308900526,0.15400540828704834,0.0577797070145607,0.17167215049266815,0.11139773577451706,0.02977030538022518,0.007046681363135576,0.025963837280869484,0.00014780736819375306,0.02828482910990715,0.038704805076122284,0.05027269572019577,0.011949206702411175,0.039303943514823914,0.021629573777318,0.005747719667851925,0.131602942943573,0.10367896407842636,0.0,0.010587903670966625,0.0004537673376034945,0.03335541859269142,0.03230302035808563,1,0.24253341200338796,-1,-1,3,2118.181640625,-0.05153465270996094,0.0771750807762146,-0.013437628746032715,-3,2,-4,-67,-1,-6,0.008944153577661429
g6827.t1,g14316.t2,0.8608,30.3,1,176,1.7498201592905276,52,51,73,20316.9375,0.15511298179626465,0.44832873344421387,0.3384191691875458,0.189107283949852,0.14931190013885498,139,9,1,294,-5,11,13,-2,0.3068181818181818,0.08661463111639023,0.06269726157188416,0.021001840010285378,0.014636454172432423,0.08609289675951004,0.025405090302228928,0.014567132107913494,0.0,0.21059846878051758,0.05813911557197571,0.004923130385577679,0.0,0.050460465252399445,0.13147804141044617,0.02268820069730282,0.0,0.12970435619354248,0.059402916580438614,1,116,1.6388274507071752,45,28,43,16934.984375,0.2590121924877167,0.33733707666397095,0.3741106390953064,0.18176622688770294,0.19234438240528107,93,11,0,126,-7,9,10,-1,0.35344827586206895,0.07985956221818924,0.0003810509806498885,0.08654813468456268,0.003191152820363641,0.02954009734094143,,0.12071292847394943,0.041939876973629,0.0692426860332489,0.09951650351285934,0.03912483528256416,0.00577597925439477,0.04685349389910698,0.00857364758849144,0.005213090684264898,0.09521809965372086,0.11248481273651123,0.003551143454387784,0.048146478831768036,0.10412638634443283,0.015750225633382797,0.0058397878892719746,60,0.11099270858335242,7,23,30,3381.953125,-0.10389921069145203,0.11099165678024292,-0.03569146990776062,46,-2,1,168,2,-1,-0.04663009404388713
g7797.t1,g16948.t1,0.8596,36.3,1,243,2.3750857173955473,72,44,127,26541.15234375,0.21068888902664185,0.29041993618011475,0.4204080104827881,0.276715487241745,0.14369255304336548,198,9,23,539,-4,17,15,2,0.2880658436213992,0.04074190557003021,0.10295064002275467,0.0029176243115216494,0.016206443309783936,0.0722406804561615,0.013214847072958946,0.01971575617790222,0.018925756216049194,0.06413761526346207,0.07848307490348816,0.018842991441488266,0.005525595508515835,0.0350000225007534,0.12301040440797806,0.04261482134461403,0.023646730929613113,0.11165791749954224,0.16505758464336395,1,209,2.001038268299831,61,59,89,21622.701171875,0.337076336145401,0.4783403277397156,0.1725986897945404,0.08737863600254059,0.08522006124258041,176,7,2,336,-7,5,6,-1,0.3062200956937799,0.08522006124258041,0.07280930876731873,0.06878803670406342,0.02656121738255024,0.011984688229858875,0.020264146849513054,0.07794331014156342,0.031245635822415352,0.01522047258913517,0.08162485063076019,0.11005187779664993,0.0354386568069458,0.19300751388072968,0.012829544022679329,0.07425388693809509,0.018590589985251427,0.0,0.002950370078906417,0.054508231580257416,0.0067076426930725574,0.01520389411598444,0.0299056489020586,34,0.3740474490957162,11,-15,38,4918.451171875,-0.12638744711875916,-0.18792039155960083,0.24780932068824768,22,2,21,203,3,3,-0.018154252072380694
g16504.t1,g8751.t1,0.8595,78.0,1,137,3.0471079050608516,57,0,80,29588.169921875,0.2448669970035553,0.2675378620624542,0.477003812789917,0.37585127353668213,0.10115255415439606,85,3,0,0,13,21,8,13,0.45985401459854014,0.07418233156204224,0.02697022631764412,0.014168849214911461,,0.07126492261886597,0.03768236190080643,0.0730426162481308,0.008287686854600906,0.094229556620121,0.010591362603008747,0.059351544827222824,,0.0562918484210968,0.0018185707740485668,0.017769936472177505,0.056048549711704254,0.2321590781211853,0.14369218051433563,1,141,3.2795919077509623,65,0,76,31886.60546875,0.17823036015033722,0.25222063064575195,0.532044529914856,0.3806135356426239,0.15143094956874847,85,4,0,0,12,22,9,13,0.475177304964539,0.023961547762155533,0.020430777221918106,0.21877899765968323,0.00344039686024189,0.03750456124544144,,0.06916632503271103,0.029601722955703735,0.019832875579595566,0.054097436368465424,0.06603378802537918,0.04169715568423271,0.03954428806900978,0.006678417325019836,0.0016190102323889732,0.16183455288410187,0.12746940553188324,,0.05706255882978439,0.021246250718832016,0.02146695740520954,0.000981436693109572,-4,-0.2324840026901107,-8,0,4,-2298.435546875,0.06663663685321808,0.01531723141670227,-0.055040717124938965,0,-1,0,0,1,0,-0.015323290365998887
g7473.t1,g15421.t2,0.8587,59.7,1,403,2.1792119812994346,182,38,183,24762.33984375,0.19215333461761475,0.36432960629463196,0.4430058002471924,0.2776862382888794,0.16531957685947418,393,31,23,330,-2,29,19,10,0.1588089330024814,0.08268758654594421,0.08263196796178818,0.01927259750664234,0.011892983689904213,0.024026917293667793,0.01317933201789856,0.07693509757518768,0.00260601076297462,0.13642433285713196,0.00051129050552845,0.049637340009212494,0.0,0.040486596524715424,0.08825060725212097,0.012117949314415455,0.012389617040753365,0.18547409772872925,0.09221215546131134,1,412,2.169332236817717,185,36,191,24735.1796875,0.313686728477478,0.3338888883590698,0.3512503504753113,0.21800540387630463,0.13324490189552307,390,33,16,266,-5,19,17,2,0.18689320388349515,0.09013039618730545,0.05126434192061424,0.1558104157447815,0.008739721961319447,0.0011739925248548388,0.0006462702294811606,0.025272827595472336,0.019039977341890335,0.05857471749186516,0.09957586973905563,0.06250003725290298,0.07251609116792679,0.07360470294952393,0.0030002030543982983,0.03984139859676361,0.06219496577978134,0.04311450198292732,0.0,0.12699352204799652,0.006005945149809122,0.06170612573623657,0.007557431235909462,-9,0.0098797444817178,-3,2,-8,27.16015625,-0.12153339385986328,0.030440717935562134,0.0917554497718811,3,-2,7,64,3,8,-0.028084270881013756
g17133.t1,g13673.t1,0.8574,50.4,1,132,2.719183544500486,67,0,65,26825.0,0.2623627781867981,0.2362091839313507,0.4868113696575165,0.39765915274620056,0.08915220946073532,84,1,0,0,9,19,8,11,0.4318181818181818,0.061125803738832474,0.028026403859257698,0.020890556275844574,,0.1399884819984436,0.027099085971713066,0.005893784575164318,0.025256333872675896,0.10806509852409363,0.014616681262850761,0.047841042280197144,,0.02429058589041233,0.002473324304446578,0.009141379036009312,0.03415015712380409,0.2581024765968323,0.13955670595169067,1,249,2.5787141565652205,130,8,111,31431.93359375,0.23316702246665955,0.2095288187265396,0.4949551522731781,0.4160166382789612,0.07893849164247513,197,17,3,63,21,29,8,21,0.28112449799196787,0.015350007452070713,0.014058622531592846,0.1872575581073761,0.01601368747651577,0.06234898790717125,0.0016568598803132772,0.03693701699376106,0.005120891146361828,0.04576166719198227,0.019515573978424072,0.0036627023946493864,0.06149451434612274,0.11807826906442642,0.026782771572470665,0.010881097055971622,0.22875909507274628,0.06358848512172699,0.0,0.08273215591907501,0.0,0.040130939334630966,0.013351226225495338,-117,0.14046938793526564,-63,-8,-46,-4606.93359375,0.02919575572013855,0.026680365204811096,-0.008143782615661621,-113,-16,-3,-63,-12,-10,0.15069368382621395
g16989.t1,g6910.t2,0.8568,43.0,1,289,2.336433972677034,56,68,165,29228.15625,0.4044550657272339,0.3293476402759552,0.25818613171577454,0.19319471716880798,0.06499139964580536,243,35,43,373,2,13,10,3,0.22491349480968859,0.03424452245235443,0.030746879056096077,0.13397961854934692,0.013399365358054638,0.06407041847705841,0.045533739030361176,0.05272914096713066,0.0,0.02158721350133419,0.008011169731616974,0.014762287959456444,0.01820833422243595,0.06304383277893066,0.12357031553983688,0.025848930701613426,0.030698273330926895,0.09307754039764404,0.10011718422174454,1,293,2.166679842011466,77,65,151,27705.498046875,0.414675772190094,0.26473212242126465,0.31524166464805603,0.2364353984594345,0.07880629599094391,251,23,48,325,1,15,6,9,0.21843003412969283,0.05133413150906563,0.06828160583972931,0.19154052436351776,0.038987111300230026,0.005350456107407808,0.003527912078425288,0.05772692710161209,0.022573307156562805,0.08286210894584656,0.00823802687227726,0.028671639040112495,0.059246812015771866,0.1382451057434082,0.03400328382849693,0.03301585838198662,0.04489487037062645,0.027472173795104027,0.04554878920316696,0.0542500764131546,0.004229319281876087,0.031514935195446014,0.09485634416341782,-4,0.16975413066556788,-21,3,14,1522.658203125,-0.010220706462860107,0.06461551785469055,-0.057055532932281494,-8,12,-5,48,1,-6,0.006483460679995751
g9379.t2,g13182.t1,0.8564,24.0,1,495,2.6409849150514453,182,137,176,36173.89453125,0.3522472381591797,0.2384823113679886,0.39554697275161743,0.19335544109344482,0.2021915167570114,479,57,25,277,-6,20,23,-3,0.19393939393939394,0.17025364935398102,0.0319378599524498,0.07656572759151459,0.0034008254297077656,0.0651860311627388,0.006793820299208164,0.054320015013217926,0.04067311808466911,0.07739261537790298,0.013723519630730152,0.019180526956915855,0.0,0.01510600559413433,0.0478607676923275,0.05788903310894966,0.035983916372060776,0.10374429821968079,0.08961115777492523,1,494,2.7568045623566,177,135,182,37766.6875,0.12674017250537872,0.42125263810157776,0.4417525827884674,0.25405818223953247,0.18769438564777374,462,70,11,236,-6,31,28,3,0.19838056680161945,0.06336969137191772,0.0024775760248303413,0.22714576125144958,0.0059803556650877,0.010254613123834133,0.0,0.03895554691553116,0.002355781150981784,0.02605726569890976,0.11985737830400467,0.05129284784197807,0.015919607132673264,0.229702889919281,0.03320030868053436,0.004611469805240631,0.026912428438663483,0.12432467192411423,,0.015457648783922195,0.002124154707416892,0.05194436013698578,0.038432784378528595,1,-0.11581964730515493,5,2,-6,-1592.79296875,0.22550706565380096,-0.18277032673358917,-0.046205610036849976,17,-13,14,41,0,-6,-0.0044411728622255064
g17133.t1,g8751.t1,0.8551,53.1,1,132,2.719183544500486,67,0,65,26825.0,0.2623627781867981,0.2362091839313507,0.4868113696575165,0.39765915274620056,0.08915220946073532,84,1,0,0,9,19,8,11,0.4318181818181818,0.061125803738832474,0.028026403859257698,0.020890556275844574,,0.1399884819984436,0.027099085971713066,0.005893784575164318,0.025256333872675896,0.10806509852409363,0.014616681262850761,0.047841042280197144,,0.02429058589041233,0.002473324304446578,0.009141379036009312,0.03415015712380409,0.2581024765968323,0.13955670595169067,1,141,3.2795919077509623,65,0,76,31886.60546875,0.17823036015033722,0.25222063064575195,0.532044529914856,0.3806135356426239,0.15143094956874847,85,4,0,0,12,22,9,13,0.475177304964539,0.023961547762155533,0.020430777221918106,0.21877899765968323,0.00344039686024189,0.03750456124544144,,0.06916632503271103,0.029601722955703735,0.019832875579595566,0.054097436368465424,0.06603378802537918,0.04169715568423271,0.03954428806900978,0.006678417325019836,0.0016190102323889732,0.16183455288410187,0.12746940553188324,,0.05706255882978439,0.021246250718832016,0.040130939334630966,0.013351226225495338,-9,-0.5604083632504762,2,0,-11,-5061.60546875,0.08413241803646088,-0.016011446714401245,-0.04523316025733948,-1,-3,0,0,-3,-2,-0.043359123146357204
g7797.t1,g10154.t1,0.8548,35.9,1,243,2.3750857173955473,72,44,127,26541.15234375,0.21068888902664185,0.29041993618011475,0.4204080104827881,0.276715487241745,0.14369255304336548,198,9,23,539,-4,17,15,2,0.2880658436213992,0.04074190557003021,0.10295064002275467,0.0029176243115216494,0.016206443309783936,0.0722406804561615,0.013214847072958946,0.01971575617790222,0.018925756216049194,0.06413761526346207,0.07848307490348816,0.018842991441488266,0.005525595508515835,0.0350000225007534,0.12301040440797806,0.04261482134461403,0.023646730929613113,0.11165791749954224,0.16505758464336395,1,211,1.927065423110546,64,57,90,21189.775390625,0.3342244625091553,0.49632325768470764,0.13801193237304688,0.10897558927536011,0.029036344960331917,184,9,2,316,1,11,3,8,0.2938388625592417,0.029036344960331917,0.041721709072589874,0.07146944850683212,0.022383544594049454,0.03144029900431633,0.016498105600476265,0.087802954018116,0.011662227101624012,0.022840352728962898,0.11461327970027924,0.17200475931167603,0.0413949117064476,0.12715598940849304,0.009741745889186859,0.08465462923049927,0.03750612959265709,0.0,0.0013466798700392246,0.06373285502195358,0.01299398485571146,0.01520389411598444,0.0299056489020586,32,0.44802029428500134,8,-13,37,5351.376953125,-0.12353557348251343,-0.2059033215045929,0.2823960781097412,14,0,21,223,-5,-6,-0.005773018937842489
g15163.t1,g4941.t1,0.854,33.6,1,324,2.188264981103039,206,6,112,26601.05859375,0.375009685754776,0.271691232919693,0.32308104634284973,0.2338697612285614,0.08921130746603012,287,11,2,962,5,15,10,5,0.19444444444444445,0.037844181060791016,0.051367126405239105,0.06734538823366165,0.009213297627866268,0.05283500254154205,0.0,0.049231499433517456,0.02667359635233879,0.09690205752849579,0.03021797351539135,0.01581483706831932,0.10719285905361176,0.02890351600944996,0.05089172348380089,0.004851756617426872,0.0683174729347229,0.1082172840833664,0.12565244734287262,1,273,2.044553387768852,190,6,77,22939.43359375,0.4558347463607788,0.2916390895843506,0.2158239632844925,0.15507180988788605,0.06075214222073555,264,17,1,870,0,15,4,11,0.2271062271062271,0.011545657180249691,0.08235926181077957,0.10469834506511688,0.022645456716418266,0.03670230507850647,0.0,0.1207604929804802,0.006610785610973835,0.05763648450374603,0.09866058081388474,0.052206020802259445,0.04102460294961929,0.037610750645399094,0.019413158297538757,0.08413369953632355,0.050373468548059464,0.04920648783445358,0.06115015968680382,0.007736025378108025,0.05552634596824646,0.01746317557990551,0.051064733415842056,51,0.14371159333418682,16,0,35,3661.625,-0.08082506060600281,-0.019947856664657593,0.10725708305835724,23,-6,1,92,5,-6,-0.03266178266178266
g14210.t1,g15597.t1,0.8535,34.7,1,118,1.8469997613887725,98,0,20,17653.09375,0.30991774797439575,0.19816656410694122,0.4142962694168091,0.2650167942047119,0.14927944540977478,121,14,2,49,-6,12,13,-1,0.3813559322033898,0.11689721047878265,0.03238224238157272,0.031254544854164124,0.03294973447918892,0.11380001157522202,0.005292144138365984,0.025040190666913986,0.06068133935332298,0.06024277210235596,0.07761948555707932,0.04313492774963379,0.027233490720391273,0.04039689525961876,0.013244648464024067,0.0,0.026392905041575432,0.12714144587516785,0.13787534832954407,1,168,1.8281154798517463,127,0,41,18302.83203125,0.22745577991008759,0.17108502984046936,0.5624877214431763,0.3463108241558075,0.21617689728736877,186,32,0,170,-7,18,17,1,0.27976190476190477,0.08109039068222046,0.11523926258087158,0.19704948365688324,0.0038783077616244555,0.03897137939929962,,0.04841276630759239,0.014363071881234646,0.0,0.05512470752000809,0.03197802975773811,0.031117243692278862,0.012281117029488087,0.013397791422903538,0.027677014470100403,0.14926134049892426,0.1350865215063095,,0.018850622698664665,0.02622085250914097,0.019647466018795967,0.008773205801844597,-50,0.01888428153702626,-29,0,-21,-649.73828125,0.08246196806430817,0.027081534266471863,-0.1481914520263672,-65,-18,2,-121,1,-2,0.10159402744148505
g19580.t1,g7034.t1,0.8525,25.4,1,241,2.569825178165303,87,25,129,32494.0,0.22919495403766632,0.2249806523323059,0.543838381767273,0.15659092366695404,0.3872474431991577,188,30,1,164,-23,20,38,-18,0.34024896265560167,0.16390661895275116,0.22334083914756775,0.06521527469158173,0.0,0.05480765551328659,0.0006950767710804939,0.04860103875398636,0.015986764803528786,0.033970948308706284,0.0019859333988279104,0.01618536002933979,0.0,0.019260982051491737,0.12625263631343842,0.028398850932717323,0.021117566153407097,0.09965788573026657,0.056933045387268066,1,240,2.7791191544280767,80,30,130,32867.2421875,0.11362022161483765,0.25118574500083923,0.6344106197357178,0.4311927556991577,0.20321787893772125,166,18,1,140,4,29,24,5,0.3333333333333333,0.09240642189979553,0.0099214818328619,0.2572593688964844,0.007317917421460152,0.0007834856514818966,0.0,0.01631738990545273,0.020189011469483376,0.026773294433951378,0.04831886664032936,0.04153231158852577,0.041488468647003174,0.08292671293020248,0.014627189375460148,0.01668650284409523,0.17393335700035095,0.11081144213676453,9.816906094783917e-05,0.02187827229499817,0.01673034206032753,0.02368343248963356,0.0,1,-0.20929397626277346,7,-5,-1,-373.2421875,0.11557473242282867,-0.026205092668533325,-0.09057223796844482,22,12,0,24,-27,-23,0.006915629322268357
g6392.t1,g5397.t1,0.8522,30.4,1,327,2.724937806939391,41,121,165,31776.251953125,0.29843947291374207,0.39123255014419556,0.2546079158782959,0.1751290112733841,0.0794789046049118,251,22,41,571,-1,18,8,10,0.28440366972477066,0.041972000151872635,0.03750689700245857,0.047663405537605286,0.013615651987493038,0.046397268772125244,0.05807683616876602,0.029829474166035652,0.012184745632112026,0.11768569052219391,0.055720049887895584,0.02112453803420067,0.05018484219908714,0.058103855699300766,0.06292653828859329,0.01392680499702692,0.024693353101611137,0.07242396473884583,0.10270503163337708,1,202,2.535612813137059,14,93,95,25681.64453125,0.36234989762306213,0.2915038764476776,0.2662068009376526,0.15276511013507843,0.11344169080257416,159,25,1,382,-7,13,13,0,0.3316831683168317,0.02050291746854782,0.06035658344626427,0.12851257622241974,0.09683407098054886,0.07993946224451065,0.00903416983783245,0.07726763188838959,0.031943365931510925,0.029898570850491524,0.06941904872655869,0.02728806436061859,0.06177749112248421,0.0518462099134922,0.05599367991089821,0.002763997996225953,0.02425253763794899,0.09293876588344574,0.0,0.03923535719513893,0.0401955209672451,0.05613062530755997,0.07712838798761368,125,0.18932499380233203,27,28,70,6094.607421875,-0.06391042470932007,0.09972867369651794,-0.01159888505935669,92,-3,40,189,6,10,-0.04727949859206104
g5964.t1,g2678.t1,0.8519,57.8,1,257,2.890078713983306,58,49,150,36655.14453125,0.3190099000930786,0.31345880031585693,0.30644720792770386,0.18326003849506378,0.12318716198205948,189,27,4,185,0,20,16,4,0.35019455252918286,0.08826404064893723,0.03492312878370285,0.04506848007440567,0.050422895699739456,0.046277642250061035,0.013111067935824394,0.030544182285666466,0.019421279430389404,0.13569091260433197,0.06108405068516731,0.008846311829984188,0.0,0.07365413010120392,0.02295568957924843,0.012675510719418526,0.01762411557137966,0.14771808683872223,0.035541944205760956,1,242,2.9518188526712392,58,45,139,36914.1640625,0.27382680773735046,0.27998876571655273,0.4288526773452759,0.26681411266326904,0.16203857958316803,187,15,2,183,-1,19,18,1,0.36363636363636365,0.028869926929473877,0.013142619282007217,0.20207230746746063,0.00655151903629303,0.01733175665140152,0.0,0.068062424659729,0.010903647169470787,0.04884984344244003,0.04234538599848747,0.060196030884981155,0.05332573130726814,0.0947839543223381,0.033094990998506546,0.023059433326125145,0.06474179774522781,0.13316865265369415,0.0,0.08106599003076553,0.018434027209877968,0.0,0.15617649257183075,15,-0.061740138687933044,0,4,11,-259.01953125,0.04518309235572815,0.0334700345993042,-0.12240546941757202,2,12,2,2,1,3,-0.01344181110718079
g15163.t1,g11587.t1,0.8513,31.5,1,324,2.188264981103039,206,6,112,26601.05859375,0.375009685754776,0.271691232919693,0.32308104634284973,0.2338697612285614,0.08921130746603012,287,11,2,962,5,15,10,5,0.19444444444444445,0.037844181060791016,0.051367126405239105,0.06734538823366165,0.009213297627866268,0.05283500254154205,0.0,0.049231499433517456,0.02667359635233879,0.09690205752849579,0.03021797351539135,0.01581483706831932,0.10719285905361176,0.02890351600944996,0.05089172348380089,0.004851756617426872,0.0683174729347229,0.1082172840833664,0.12565244734287262,1,272,1.9638899687389229,188,6,78,21919.166015625,0.4403511881828308,0.1676698923110962,0.36769726872444153,0.2522622346878052,0.11543503403663635,275,16,0,516,2,15,9,6,0.21691176470588236,0.0634831041097641,0.03709491342306137,0.1582476645708084,0.06483174115419388,0.024281607940793037,0.0,0.05546382814645767,0.0051420037634670734,0.022227507084608078,0.026637496426701546,0.02383238449692726,0.03137660399079323,0.061214737594127655,0.0251715499907732,0.10504857450723648,0.09401459246873856,0.051951926201581955,0.07494591176509857,0.05556716024875641,0.019466666504740715,0.01746317557990551,0.051064733415842056,52,0.22437501236411617,18,0,34,4681.892578125,-0.06534150242805481,0.1040213406085968,-0.0446162223815918,12,-5,2,446,3,-1,-0.022467320261437912
g17141.t1,g10157.t1,0.8513,61.6,1,109,2.244759846052931,63,0,46,21851.23828125,0.20492354035377502,0.21809127926826477,0.5581493973731995,0.4905764162540436,0.06757299602031708,83,9,0,0,12,20,5,15,0.45871559633027525,0.025566834956407547,0.04200616478919983,0.020672352984547615,0.0,0.09582751989364624,0.024151742458343506,0.019491074606776237,0.017117958515882492,0.0619485080242157,0.018835851922631264,0.03720686584711075,,0.11973527818918228,0.0,0.0005906386068090796,0.0,0.22305716574192047,0.2675192654132843,1,137,2.8455420756045546,62,0,75,29023.91015625,0.2089376151561737,0.22705616056919098,0.538085401058197,0.4711540937423706,0.06693127006292343,85,7,0,8,20,26,7,19,0.43795620437956206,0.02770422399044037,0.006670113652944565,0.2969893217086792,0.012369774281978607,0.02592083066701889,0.0,0.07574710994958878,0.015441594645380974,0.04413391649723053,0.07392358034849167,0.024539325386285782,0.03519192710518837,0.05341567099094391,0.000111168556031771,0.008562165312469006,0.1741647720336914,0.03922704607248306,0.0378364659845829,0.023506905883550644,0.02454404905438423,0.01225575152784586,0.014017105102539062,-28,-0.6007822295516236,1,0,-29,-7172.671875,-0.004014074802398682,-0.008964881300926208,0.02006399631500244,-2,2,0,-8,-8,-4,0.02075939195071319
g6110.t1,g5773.t1,0.8482,80.6,1,156,2.0199289067783317,59,12,85,20548.259765625,0.20809006690979004,0.09770672023296356,0.647406816482544,0.5534389019012451,0.09396795183420181,114,24,0,78,20,25,8,17,0.28205128205128205,0.05094306915998459,0.043024882674217224,0.025212660431861877,0.0,0.04897748678922653,0.009182010777294636,0.010363508015871048,0.032253630459308624,0.011075207963585854,0.046796299517154694,0.010520529933273792,0.06353987008333206,0.018989024683833122,0.05045280233025551,0.015074193477630615,0.00692641269415617,0.3188423812389374,0.23459652066230774,1,159,2.365629103030088,58,12,89,26014.44921875,0.19322475790977478,0.2241894155740738,0.5379128456115723,0.435528427362442,0.10238440334796906,114,21,0,69,19,23,9,14,0.36477987421383645,0.04904733970761299,0.01820964179933071,0.23488803207874298,0.030195213854312897,0.04467302933335304,0.0012402900028973818,0.0788332000374794,0.020244227722287178,0.0,0.0110626220703125,0.044054191559553146,0.01190678309649229,0.10623180121183395,0.018728381022810936,0.0,0.20064041018486023,0.05333706736564636,0.04440848156809807,0.0028498393949121237,0.029449481517076492,0.001081260503269732,0.0021482014562934637,-3,-0.3457001962517565,1,0,-4,-5466.189453125,0.014865309000015259,-0.12648269534111023,0.10949397087097168,0,3,0,9,1,3,-0.0827285921625544
g11393.t1,g13617.t1,0.8453,26.4,1,453,3.1807827372787463,259,43,151,40794.1875,0.36703988909721375,0.1968747079372406,0.4257473051548004,0.255401611328125,0.17034569382667542,381,17,6,581,5,26,14,12,0.23178807947019867,0.13907575607299805,0.03126996383070946,0.05251433327794075,0.0,0.05234655365347862,0.006125751417130232,0.03303935378789902,0.04278946667909622,0.05608123913407326,0.01033803354948759,0.07454867660999298,0.013420289382338524,0.01627698726952076,0.06293577700853348,0.06136556714773178,0.0241057351231575,0.10724706947803497,0.14815454185009003,1,447,3.149826085936413,249,41,157,40895.65625,0.3434814512729645,0.24253693222999573,0.4064224660396576,0.2512819468975067,0.15514053404331207,397,12,25,300,3,22,19,3,0.2483221476510067,0.05493561178445816,0.07455769926309586,0.15490511059761047,0.06067182496190071,0.007559111341834068,0.0025569694116711617,0.042289186269044876,0.004731776658445597,0.041228730231523514,0.07802746444940567,0.0445193350315094,0.069153793156147,0.04150525853037834,0.04140990599989891,0.029901979491114616,0.09637685120105743,0.10020490735769272,0.00039448519237339497,0.05302762612700462,0.002042329404503107,0.03134922683238983,0.037015657871961594,6,0.030956651342333164,10,2,-6,-101.46875,0.023558437824249268,-0.04566222429275513,0.019324839115142822,-16,5,-19,281,2,9,-0.016534068180808048
g16504.t1,g10925.t1,0.8444,50.0,1,137,3.0471079050608516,57,0,80,29588.169921875,0.2448669970035553,0.2675378620624542,0.477003812789917,0.37585127353668213,0.10115255415439606,85,3,0,0,13,21,8,13,0.45985401459854014,0.07418233156204224,0.02697022631764412,0.014168849214911461,,0.07126492261886597,0.03768236190080643,0.0730426162481308,0.008287686854600906,0.094229556620121,0.010591362603008747,0.059351544827222824,,0.0562918484210968,0.0018185707740485668,0.017769936472177505,0.056048549711704254,0.2321590781211853,0.14369218051433563,1,127,2.584586023884402,60,0,67,25516.7890625,0.2370840311050415,0.39506587386131287,0.34213748574256897,0.221885547041893,0.12025196105241776,91,6,0,0,1,11,8,3,0.4566929133858268,0.037563808262348175,0.05294710397720337,0.12555697560310364,0.004425678867846727,0.0257126297801733,,0.07470216602087021,0.018072620034217834,0.02655407413840294,0.12796297669410706,0.10428520292043686,0.06433776766061783,0.04526212438941002,0.024910252541303635,0.0,0.09632857143878937,0.08268814533948898,,0.053544748574495316,0.03514518588781357,0.02146695740520954,0.000981436693109572,10,0.46252188117644977,-3,0,13,4071.380859375,0.007782965898513794,-0.12752801179885864,0.13486632704734802,-6,-3,0,0,12,10,0.0031611012127133464
g9888.t1,g4199.t1,0.8443,74.7,1,741,8.23748212962367,170,229,342,64355.5859375,0.15000766515731812,0.23831337690353394,0.564224123954773,0.3493822515010834,0.214841827750206,648,91,1,333,-11,74,61,13,0.25101214574898784,0.11814577877521515,0.09669604897499084,0.022330882027745247,0.0,0.014737761579453945,0.020983748137950897,0.07118122279644012,0.00950187910348177,0.07388225942850113,0.047454897314310074,0.01062087807804346,0.0059698354452848434,0.016958458349108696,0.07217787206172943,0.012363073416054249,0.016714010387659073,0.2400628924369812,0.10931937396526337,1,751,8.309474502733929,169,231,351,63616.5859375,0.16118890047073364,0.23718209564685822,0.5439218878746033,0.29583820700645447,0.24808365106582642,655,82,1,335,-23,67,69,-2,0.2623169107856192,0.12256263196468353,0.012749874964356422,0.2377520650625229,0.0012448396300897002,0.057707078754901886,0.0,0.025261374190449715,0.02453368902206421,0.06260349601507187,0.06347842514514923,0.027010265737771988,0.04011070355772972,0.07154610008001328,0.011005942709743977,0.0015664960956200957,0.05808614566922188,0.12552103400230408,0.002549034310504794,0.044207826256752014,0.010502905584871769,0.037597011774778366,0.003302132710814476,-10,-0.07199237311025897,1,-2,-9,739.0,-0.011181235313415527,0.0011312812566757202,0.020302236080169678,-7,9,0,-2,12,15,-0.011304765036631359
g5964.t1,g9707.t1,0.8432,58.6,1,257,2.890078713983306,58,49,150,36655.14453125,0.3190099000930786,0.31345880031585693,0.30644720792770386,0.18326003849506378,0.12318716198205948,189,27,4,185,0,20,16,4,0.35019455252918286,0.08826404064893723,0.03492312878370285,0.04506848007440567,0.050422895699739456,0.046277642250061035,0.013111067935824394,0.030544182285666466,0.019421279430389404,0.13569091260433197,0.06108405068516731,0.008846311829984188,0.0,0.07365413010120392,0.02295568957924843,0.012675510719418526,0.01762411557137966,0.14771808683872223,0.035541944205760956,1,243,3.304198631321055,59,45,139,37611.875,0.303731232881546,0.21752724051475525,0.462321013212204,0.29021257162094116,0.17210842669010162,189,17,2,184,-1,19,17,2,0.35390946502057613,0.043248482048511505,0.013062567450106144,0.21095997095108032,0.0261586531996727,0.016420520842075348,0.0,0.06763961166143417,0.009861129336059093,0.07157570123672485,0.05123240873217583,0.02113889902830124,0.031240152195096016,0.0862978845834732,0.03761645779013634,0.022282667458057404,0.07925260066986084,0.12885993719100952,0.0,0.06539559364318848,0.01775675266981125,0.0,0.15617649257183075,14,-0.4141199173377488,-1,4,11,-956.73046875,0.015278667211532593,0.09593155980110168,-0.15587380528450012,0,10,2,1,1,2,-0.003714912491393274
g9224.t1,g5284.t1,0.8429,33.4,1,219,1.9590423593281265,15,119,85,22638.23828125,0.4305998384952545,0.18539921939373016,0.37538009881973267,0.29539933800697327,0.07998073846101761,179,8,0,260,3,15,6,9,0.2465753424657534,0.07383305579423904,0.006147684529423714,0.069752998650074,0.017747491598129272,0.10311543941497803,0.007607059087604284,0.021213239058852196,0.025764334946870804,0.0395086295902729,0.008620928041636944,0.03363252803683281,0.07890156656503677,0.0404181107878685,0.06600871682167053,0.02823927439749241,0.012991753406822681,0.09620863944292068,0.19919072091579437,1,246,2.101337960134571,42,108,96,23919.8515625,0.2438744455575943,0.2938673794269562,0.42694637179374695,0.22857420146465302,0.19837218523025513,193,16,0,195,-2,20,18,2,0.26422764227642276,0.11090221256017685,0.047364380210638046,0.15942887961864471,0.037265244871377945,0.03531187027692795,0.0,0.07244952768087387,0.009460321627557278,0.04338841512799263,0.09456817060709,0.022102221846580505,0.03478929027915001,0.11955104768276215,0.008222132921218872,0.033182911574840546,0.0691453143954277,0.08746996521949768,0.002001821296289563,0.0,0.0133963068947196,0.001117465435527265,0.0699804499745369,-27,-0.14229560080644443,-27,11,-11,-1281.61328125,0.18672539293766022,-0.10846816003322601,-0.05156627297401428,-14,-8,0,65,5,7,-0.017652299810669347
g5810.t1,g8306.t1,0.8426,68.7,1,286,4.760696534554028,154,64,68,41607.51171875,0.2975045442581177,0.12626266479492188,0.5548347234725952,0.39033520221710205,0.16449955105781555,239,17,0,101,4,35,28,7,0.40559440559440557,0.13538087904453278,0.029118681326508522,0.12025047838687897,,0.04294787719845772,0.007824952714145184,0.024970201775431633,0.02512529492378235,0.05405502766370773,0.021397991105914116,0.040086355060338974,0.011399439536035061,0.024569358676671982,0.02402600646018982,0.007056795991957188,0.0060623399913311005,0.22763244807720184,0.162702739238739,1,289,4.659259340024926,153,68,68,42692.26953125,0.3330579698085785,0.18386203050613403,0.4748099148273468,0.3109278678894043,0.1638820320367813,248,20,0,73,3,37,30,7,0.4117647058823529,0.028213873505592346,0.13315288722515106,0.14509250223636627,0.005441531538963318,0.00827004760503769,,0.049720607697963715,0.012063376605510712,0.026527466252446175,0.10761763900518417,0.03553276136517525,0.01694103330373764,0.008821752853691578,0.023049207404255867,0.04474147781729698,0.1658353954553604,0.13566817343235016,0.011336524970829487,0.03908825293183327,0.002885466907173395,0.00972498208284378,0.025668125599622726,-3,0.10143719452910194,1,-4,0,-1084.7578125,-0.035553425550460815,-0.05759936571121216,0.08002480864524841,-9,-3,0,28,1,0,-0.00617030028794735
g5802.t1,g16495.t1,0.8406,33.8,1,381,2.08484081288877,206,45,130,25180.6796875,0.23794209957122803,0.32779648900032043,0.3257318139076233,0.20341689884662628,0.12231489270925522,394,29,0,576,-7,13,13,0,0.1889763779527559,0.0372588150203228,0.08505608141422272,0.04770408943295479,,0.05400872975587845,0.0026382680516690016,0.03856887295842171,0.012301036156713963,0.0985979288816452,0.10852956026792526,0.017269117757678032,0.01824544183909893,0.04941327124834061,0.13177475333213806,0.0046128882095217705,0.014064920134842396,0.1542251855134964,0.04919169843196869,1,376,2.13389217951876,194,53,129,24822.314453125,0.27852296829223633,0.4206887185573578,0.23387356102466583,0.14731213450431824,0.086561419069767,384,40,1,532,-3,17,9,8,0.19680851063829788,0.037731532007455826,0.034966155886650085,0.09579358249902725,0.000649928639177233,0.06691478192806244,0.0,0.0404059961438179,0.02140871062874794,0.05875353887677193,0.11631045490503311,0.0837245061993599,0.09094984829425812,0.08244747668504715,0.006629271432757378,0.05654378607869148,0.05151856318116188,0.04882988706231117,0.0,0.08057428151369095,0.025847746059298515,0.031307343393564224,0.045231934636831284,5,-0.04905136662999032,12,-8,1,358.365234375,-0.0405808687210083,-0.09289222955703735,0.09185825288295746,10,-11,-1,44,-4,-8,-0.007832132685541976
g989.t1,g14286.t1,0.8404,74.4,1,140,2.8686087486956064,71,6,63,26767.908203125,0.296612948179245,0.26669663190841675,0.42966118454933167,0.3389461636543274,0.09071499109268188,103,6,0,16,8,19,13,6,0.4785714285714286,0.0828804075717926,0.007834582589566708,0.01735745184123516,0.0,0.10606973618268967,0.007982601411640644,0.0915667861700058,0.010125179775059223,0.15773144364356995,0.007029212545603514,0.019715240225195885,0.007179549429565668,0.05948610231280327,0.01888875663280487,0.039656952023506165,0.01216532289981842,0.2189328372478485,0.12001335620880127,1,150,3.0652204827471263,73,6,71,30829.55859375,0.20915281772613525,0.27818259596824646,0.5112133622169495,0.36096662282943726,0.1502467393875122,100,8,0,16,6,21,19,2,0.44666666666666666,0.0327865369617939,0.018041333183646202,0.2326395958662033,0.030141375958919525,0.0014512739144265652,0.0,0.06472945958375931,0.006614572834223509,0.02211310714483261,0.21050170063972473,0.009668402373790741,0.026632139459252357,0.008311370387673378,0.03086443431675434,0.01841972954571247,0.12832698225975037,0.11746019870042801,0.006952348165214062,0.017891013994812965,0.016454441472887993,0.010442446917295456,0.004942052066326141,-10,-0.19661173405151988,-2,0,-8,-4061.650390625,0.08746013045310974,-0.011485964059829712,-0.0815521776676178,3,-2,0,0,2,4,0.031904761904761936
g3875.t1,g4051.t1,0.8395,54.2,1,543,2.538819506274966,196,108,239,31431.896484375,0.21369655430316925,0.3483429253101349,0.39055177569389343,0.21497796475887299,0.17557382583618164,471,59,12,575,-6,19,21,-2,0.1841620626151013,0.10914377123117447,0.06643004715442657,0.03436969220638275,0.0,0.0242655947804451,0.01941663958132267,0.07884075492620468,0.011392029002308846,0.10920438915491104,0.047408729791641235,0.015922436490654945,0.014429030939936638,0.034464675933122635,0.10933343321084976,0.018052706494927406,0.023137211799621582,0.12612198293209076,0.08885595947504044,1,541,2.6800968033557453,171,121,249,33010.01171875,0.21577000617980957,0.32225751876831055,0.44319698214530945,0.22496607899665833,0.21823087334632874,483,57,8,772,-13,24,24,0,0.1756007393715342,0.10753131657838821,0.03157784417271614,0.16136400401592255,0.004982739686965942,0.01877545937895775,0.0,0.06723232567310333,0.014139215461909771,0.03411282226443291,0.08789491653442383,0.03584343194961548,0.03572706878185272,0.12908422946929932,0.009538847021758556,0.008894747123122215,0.06360207498073578,0.11069956421852112,0.003808317007496953,0.05562237277626991,0.01956864446401596,0.052786603569984436,0.01642431691288948,2,-0.14127729708077919,25,-13,-10,-1578.115234375,-0.00207345187664032,0.02608540654182434,-0.052645206451416016,-12,2,4,-197,7,-2,0.008561323243567093
g15399.t1,g8335.t1,0.8395,71.9,1,421,7.368758355471609,316,0,105,52203.1796875,0.15330800414085388,0.1562027931213379,0.6853114366531372,0.4384562075138092,0.24685528874397278,388,43,1,359,-13,54,59,-5,0.332541567695962,0.1811811625957489,0.06567414104938507,0.04572765901684761,0.0,0.024865416809916496,0.009250023402273655,0.005686286371201277,0.02138538286089897,0.06906154006719589,0.005177722312510014,0.02524241991341114,0.009456542320549488,0.018147438764572144,0.01890225149691105,0.010622428730130196,0.027985958382487297,0.33449965715408325,0.10395656526088715,1,436,7.55605455121062,322,0,114,53827.47265625,0.1209612786769867,0.19690006971359253,0.6709629893302917,0.37058624625205994,0.3003767430782318,405,43,0,349,-19,55,63,-8,0.3440366972477064,0.08982126414775848,0.04369388893246651,0.2939050793647766,0.01546513196080923,0.011175692081451416,0.0,0.039683520793914795,0.008785375393927097,0.002517579821869731,0.043915264308452606,0.03435702621936798,0.0045419540256261826,0.07543854415416718,0.0016184438718482852,0.002997118514031172,0.07668114453554153,0.21055549383163452,0.004975216928869486,0.010010376572608948,0.02986191026866436,0.012855565175414085,0.0103218462318182,-15,-0.18729619573901068,-6,0,-9,-1624.29296875,0.03234672546386719,-0.04069727659225464,0.014348447322845459,-17,0,1,10,6,3,-0.01149512955174442
g8504.t1,g12926.t1,0.8387,21.5,1,669,3.899974050034017,262,101,306,56793.95703125,0.19244912266731262,0.1890450268983841,0.5949262976646423,0.38026270270347595,0.21466363966464996,529,67,0,164,-1,60,44,16,0.22122571001494767,0.19656017422676086,0.018103471025824547,0.02848919667303562,0.005983894690871239,0.02810930833220482,0.013390335254371166,0.018963363021612167,0.0316445492208004,0.03225267305970192,0.023579519242048264,0.01808399148285389,0.0003976800653617829,0.04234341159462929,0.045967165380716324,0.027093874290585518,0.004817137494683266,0.2573702335357666,0.12289243936538696,1,628,2.8542122465829305,240,157,231,33749.7578125,0.2880353331565857,0.20139522850513458,0.4962936043739319,0.24307668209075928,0.2532169222831726,585,82,6,444,-10,30,36,-6,0.15605095541401273,0.11491430550813675,0.0620603933930397,0.14353767037391663,0.015665361657738686,0.014275921508669853,0.0,0.06554024666547775,0.03914441168308258,0.04625831916928291,0.04942089319229126,0.025665128603577614,0.012297791428864002,0.05518259480595589,0.026218339800834656,0.010129459202289581,0.09953900426626205,0.13830262422561646,0.004743741359561682,0.057419486343860626,0.019684407860040665,0.044290415942668915,0.03966715559363365,41,1.0457618034510867,22,-56,75,23044.19921875,-0.09558621048927307,-0.012350201606750488,0.09863269329071045,-56,-15,-6,-280,9,22,0.06517475460093494
g899.t1,g14783.t1,0.838,46.6,1,1040,4.233439852216103,125,153,762,100380.671875,0.14714421331882477,0.48313695192337036,0.3467187285423279,0.19807428121566772,0.14864444732666016,716,87,52,530,-22,40,48,-8,0.2701923076923077,0.09191686660051346,0.056727565824985504,0.021785594522953033,0.0031926564406603575,0.011571490205824375,0.0028431485407054424,0.021373597905039787,0.03800269588828087,0.07881919294595718,0.023000113666057587,0.015288432128727436,0.0015107258222997189,0.09055009484291077,0.25398898124694824,0.01982036791741848,0.006645891349762678,0.14831660687923431,0.049757689237594604,1,783,3.5639426943596932,209,151,423,59280.90234375,0.35339468717575073,0.3301769495010376,0.28194209933280945,0.17025607824325562,0.11168603599071503,674,64,29,717,-1,30,23,7,0.22094508301404853,0.06631965935230255,0.0616854652762413,0.0750698521733284,0.045712146908044815,0.03448620066046715,0.013009181246161461,0.006122037768363953,0.04534789174795151,0.04006759077310562,0.061530254781246185,0.04106082022190094,0.044859062880277634,0.06740663945674896,0.0419725701212883,0.07444645464420319,0.09518622606992722,0.045366380363702774,0.033791135996580124,0.04959729686379433,0.05696311593055725,0.04709700495004654,0.017791299149394035,257,0.6694971578564095,-84,2,339,41099.76953125,-0.20625047385692596,0.15296000242233276,0.06477662920951843,42,23,23,-187,-21,-15,0.04924722467825915
g14897.t1,g10019.t1,0.838,39.1,1,192,2.1713683709361433,104,3,85,23644.66796875,0.36279749870300293,0.3186495900154114,0.31122565269470215,0.26097410917282104,0.050251543521881104,186,11,2,239,8,14,5,9,0.3125,0.0002666974032763392,0.04998484253883362,0.09234904497861862,0.0013802926987409592,0.0751633420586586,0.021081967279314995,0.009279265068471432,0.00941572617739439,0.08968473225831985,0.007327308412641287,0.06594612449407578,0.004639632534235716,0.020753905177116394,0.13215720653533936,0.048700589686632156,0.0,,0.26097410917282104,1,268,2.477182960503021,122,17,129,28892.24609375,0.4002322554588318,0.2600317895412445,0.3271569311618805,0.22292298078536987,0.10423395037651062,231,31,22,127,4,14,15,-1,0.29850746268656714,0.04675310105085373,0.07493402808904648,0.024210870265960693,0.047906097024679184,0.012578954920172691,0.005723976064473391,0.08170369267463684,0.04186412692070007,0.0920647606253624,0.059530626982450485,0.018618497997522354,0.08109083771705627,0.053203731775283813,0.04873839393258095,0.03319517895579338,0.19871211051940918,0.05748085305094719,0.00022335033281706274,0.02146674320101738,0.0,0.05359147861599922,0.0573037751019001,-76,-0.3058145895668778,-18,-14,-44,-5247.578125,-0.03743475675582886,0.05861780047416687,-0.015931278467178345,-45,-20,-20,112,4,10,0.013992537313432862
g10228.t1,g463.t1,0.838,21.1,1,167,1.6916578790065142,12,94,61,18146.291015625,0.19094142317771912,0.31951940059661865,0.4490748941898346,0.12316044420003891,0.32591450214385986,136,8,2,189,-9,7,12,-5,0.2694610778443114,0.19652357697486877,0.1293908953666687,0.00924598891288042,0.0,0.07846687734127045,0.02338084764778614,0.03864042088389397,0.027915772050619125,0.12562640011310577,0.040464311838150024,0.008179144002497196,0.0,0.020908314734697342,0.06865555793046951,0.007823528721928596,0.012866441160440445,0.02180532179772854,0.10135511308908463,1,209,2.286634485185248,43,95,71,23037.66015625,0.4216980040073395,0.2682601809501648,0.3100418150424957,0.19417013227939606,0.11587167531251907,165,20,2,266,5,14,8,6,0.31100478468899523,0.09301567822694778,0.09184753149747849,0.06668790429830551,0.027450837194919586,,0.0,0.06050122529268265,0.02156060002744198,0.07214950770139694,0.036251332610845566,0.06048164889216423,0.06820835918188095,0.07582524418830872,0.045798078179359436,0.08019376546144485,0.12748223543167114,0.02285599522292614,0.00028011060203425586,0.043476931750774384,0.005932972766458988,0.0680818185210228,0.02066970244050026,-42,-0.5949766061787336,-31,-1,-10,-4891.369140625,-0.23075658082962036,0.05125921964645386,0.13903307914733887,-29,-12,0,-77,-14,-11,-0.041543706844683836
g8857.t1,g882.t1,0.8378,38.5,1,218,2.7280355018496336,180,0,38,26133.720703125,0.33456310629844666,0.3817925751209259,0.23959679901599884,0.15873117744922638,0.08086562901735306,216,6,24,105,1,10,9,1,0.3119266055045872,0.06045318767428398,0.020412446931004524,0.10469658672809601,0.020881803706288338,0.02366042509675026,0.0008642406901344657,0.06192861497402191,0.04123662784695625,0.08619413524866104,0.044047534465789795,0.024285608902573586,0.0,0.09179014712572098,0.06016583740711212,0.020741775631904602,0.07916607707738876,0.04267711192369461,0.11605406552553177,1,179,2.8781006732788676,143,2,34,25216.125,0.34276995062828064,0.28793463110923767,0.32740333676338196,0.27424153685569763,0.05316177383065224,157,3,16,51,1,15,12,3,0.3743016759776536,0.024141177535057068,0.10359159111976624,0.11044365912675858,0.04043399170041084,0.04189203679561615,0.029415490105748177,0.061727214604616165,0.0005118226981721818,0.0019193351035937667,0.020686538890004158,0.029835807159543037,0.07928755134344101,0.0735723152756691,0.08201958239078522,0.03567921370267868,0.16379790008068085,0.02902059629559517,0.0,0.017399055883288383,0.054625120013952255,0.042730316519737244,0.05801350995898247,39,-0.15006517142923403,37,-2,4,917.595703125,-0.008206844329833984,0.09385794401168823,-0.08780653774738312,59,3,8,54,0,-2,-0.06237507047306645
g7797.t1,g1580.t1,0.8363,32.8,1,243,2.3750857173955473,72,44,127,26541.15234375,0.21068888902664185,0.29041993618011475,0.4204080104827881,0.276715487241745,0.14369255304336548,198,9,23,539,-4,17,15,2,0.2880658436213992,0.04074190557003021,0.10295064002275467,0.0029176243115216494,0.016206443309783936,0.0722406804561615,0.013214847072958946,0.01971575617790222,0.018925756216049194,0.06413761526346207,0.07848307490348816,0.018842991441488266,0.005525595508515835,0.0350000225007534,0.12301040440797806,0.04261482134461403,0.023646730929613113,0.11165791749954224,0.16505758464336395,1,218,2.0118261100293378,64,59,95,23010.1953125,0.3164350390434265,0.29090434312820435,0.392660528421402,0.27823325991630554,0.11442728340625763,201,16,2,370,-7,11,11,0,0.26146788990825687,0.0641895979642868,0.04493148997426033,0.24576739966869354,0.022996483370661736,0.0,0.01717197522521019,0.10622096061706543,0.01207787450402975,0.010213861241936684,0.07318102568387985,0.033050063997507095,0.06639104336500168,0.06552746146917343,0.05729663744568825,0.00083494110731408,0.032465849071741104,0.050237689167261124,0.005328453611582518,0.0686122253537178,0.02350490540266037,0.01520389411598444,0.0299056489020586,25,0.36325960736620955,8,-15,32,3530.95703125,-0.10574615001678467,-0.0004844069480895996,0.02774748206138611,-3,-7,21,169,3,2,0.02659795371314233
g17828.t1,g4743.t1,0.8348,24.7,1,350,2.0061134840051293,149,57,144,22926.57421875,0.16255256533622742,0.2272518277168274,0.5911124348640442,0.43749895691871643,0.15361353754997253,343,69,18,265,2,32,20,12,0.1657142857142857,0.08843888342380524,0.0651746317744255,0.019414860755205154,0.0,0.05790165439248085,0.025430241599678993,0.06220117211341858,0.00014073390047997236,0.05220900475978851,0.01908307708799839,0.003364779520779848,0.003911109641194344,0.011233043856918812,0.10086952149868011,0.011821647174656391,0.023146413266658783,0.3301481604576111,0.10735081136226654,1,352,2.0082632601533508,150,59,143,23949.537109375,0.2439483404159546,0.24793541431427002,0.49411845207214355,0.26238641142845154,0.23173199594020844,344,31,5,271,-4,20,20,0,0.19602272727272727,0.1390763223171234,0.029773717746138573,0.21130366623401642,0.00443049194291234,0.013997841626405716,0.0,0.05859435349702835,0.01735730469226837,0.015872705727815628,0.09031029045581818,0.07158616930246353,0.01152472198009491,0.031582385301589966,0.017109781503677368,0.10156302899122238,0.051082778722047806,0.09265566617250443,0.0,0.016604255884885788,0.025574546307325363,0.014363600872457027,0.003796606557443738,-2,-0.0021497761482214273,-1,-2,1,-1022.962890625,-0.08139577507972717,-0.020683586597442627,0.09699398279190063,-1,38,13,-6,6,12,-0.030308441558441562
g7435.t1,g15344.t3,0.8334,46.4,1,147,1.9100186389879357,9,77,61,20329.58984375,0.3472413122653961,0.4858601689338684,0.1572684496641159,0.11026427149772644,0.04700416326522827,99,2,6,197,-2,7,5,2,0.3469387755102041,0.00853375717997551,0.03847040981054306,0.05856465548276901,0.00046528028906323016,0.07137533277273178,0.02061043120920658,0.04761354625225067,0.029011700302362442,0.10026969760656357,0.009630111046135426,0.003809083718806505,0.002672772388905287,0.038468774408102036,0.25965002179145813,0.011744674295186996,0.05315149948000908,0.06137647479772568,0.048887792974710464,1,142,1.9469890179571283,4,76,62,19909.865234375,0.4569464921951294,0.3618401288986206,0.1812133640050888,0.15823225677013397,0.022981105372309685,99,4,6,108,2,8,3,5,0.34507042253521125,0.02171420305967331,0.07308430969715118,0.062350619584321976,0.0743807703256607,,0.0031709547620266676,0.08221404999494553,0.011814923025667667,0.13799184560775757,0.10228314995765686,0.05356885492801666,0.08115661889314651,0.10713864117860794,0.011830208823084831,0.03321443125605583,0.0958816260099411,0.0012669040588662028,0.00031795166432857513,0.043912917375564575,0.0027069493662565947,0.013244454748928547,0.12244953960180283,5,-0.03697037896919264,5,1,-1,419.724609375,-0.10970517992973328,0.1240200400352478,-0.0239449143409729,0,-2,0,89,-4,-3,0.0018683529749928263
g12849.t1,g2996.t1,0.8328,18.6,1,455,2.5761646849027033,143,104,208,31546.583984375,0.2263197898864746,0.33460667729377747,0.4192190170288086,0.2125973105430603,0.2066216915845871,385,42,15,561,-9,26,22,4,0.1912087912087912,0.10596776008605957,0.10065393149852753,0.056947335600852966,0.020663153380155563,0.06801250576972961,0.014321040362119675,0.022089887410402298,0.009370007552206516,0.09759727865457535,0.01985454000532627,0.03220117464661598,0.0,0.027938110753893852,0.03489575907588005,0.01734541915357113,0.019848117604851723,0.08911792933940887,0.12347941100597382,1,416,2.314510073729826,149,97,170,26372.78125,0.2110503762960434,0.2623683512210846,0.4455087184906006,0.2067452073097229,0.2387634962797165,400,54,11,276,-8,21,23,-2,0.17067307692307693,0.06816916912794113,0.019246643409132957,0.08479480445384979,0.029456961899995804,0.08107256144285202,0.013157841749489307,0.024655668064951897,0.013807730749249458,0.045925579965114594,0.043580956757068634,0.056425318121910095,0.03543189913034439,0.03841202333569527,0.030421767383813858,0.0017128132749348879,0.12195040285587311,0.17059433460235596,0.004159689415246248,0.055471260100603104,0.06155259534716606,0.11934319138526917,0.02035347744822502,39,0.26165461117287725,-6,7,38,5173.802734375,0.015269413590431213,0.07223832607269287,-0.026289701461791992,-15,-12,4,285,-1,6,0.02053571428571427
g6373.t1,g10397.t1,0.8283,32.3,1,239,2.9706958746035705,3,88,148,35406.88671875,0.3794080317020416,0.453254759311676,0.16733725368976593,0.15308299660682678,0.014254244975745678,118,19,0,39,4,13,2,11,0.3389121338912134,0.0061444551683962345,0.008109789341688156,0.020777102559804916,0.0002671502297744155,0.02971671149134636,0.028047800064086914,0.19047312438488007,0.0,0.11736370623111725,0.0,0.06012590974569321,0.00027338293148204684,0.0438600555062294,0.023309621959924698,0.041491881012916565,0.21171070635318756,0.06467713415622711,0.08840587735176086,1,463,3.572080659244607,66,91,306,66035.5,0.36260196566581726,0.39672309160232544,0.16025260090827942,0.13010206818580627,0.030150530859827995,242,23,0,207,3,20,10,10,0.3801295896328294,0.012287644669413567,0.026523606851696968,0.03593945875763893,0.001123797963373363,0.08042238652706146,0.0,0.06616783142089844,0.05513335391879082,0.18387430906295776,0.13600583374500275,0.04866369441151619,0.05837803706526756,0.08010043948888779,0.03821535408496857,0.01631934940814972,0.09416260570287704,0.01786288432776928,0.0,0.030377697199583054,0.01844172179698944,0.02869575470685959,0.036549925804138184,-224,-0.6013847846410365,-63,-3,-158,-30628.61328125,0.016806066036224365,0.056531667709350586,0.007084652781486511,-124,-4,0,-168,1,1,-0.041217455741616005
g6625.t1,g4937.t1,0.8276,28.8,1,323,2.221427858242783,98,72,153,25103.21484375,0.3398572504520416,0.29458966851234436,0.35529354214668274,0.25942736864089966,0.09586609899997711,282,35,47,388,-1,22,12,10,0.21671826625386997,0.03854815289378166,0.057317957282066345,0.06502799689769745,0.00530054047703743,0.05013449490070343,0.038496699184179306,0.08345403522253036,0.037531107664108276,0.025380205363035202,0.010259524919092655,0.005345564801245928,0.0,0.040246639400720596,0.10681632161140442,0.024073025211691856,0.01265385840088129,0.23034517467021942,0.02908221073448658,1,330,2.6120657276932,108,59,163,30293.916015625,0.36405086517333984,0.2965991795063019,0.2873491048812866,0.21673165261745453,0.07061745971441269,282,25,21,387,4,18,10,8,0.23030303030303031,0.06516645103693008,0.1229005828499794,0.1912338137626648,0.029488161206245422,0.052000924944877625,0.0004163193516433239,0.05024620145559311,0.009118412621319294,0.046594683080911636,0.05150921270251274,0.03286594897508621,0.09098611027002335,0.07207442820072174,0.027997048571705818,0.027256350964307785,0.025497809052467346,0.005451003089547157,0.005363862495869398,0.05420398712158203,0.039628710597753525,0.06569541245698929,0.07429102808237076,-7,-0.3906378694504169,-10,13,-10,-5190.701171875,-0.024193614721298218,-0.0020095109939575195,0.06794443726539612,0,10,26,1,-5,2,-0.013584764049160342
g16684.t2,g8565.t2,0.8255,55.9,1,590,4.090335920518937,186,145,259,64842.49609375,0.19972115755081177,0.2035898119211197,0.5818460583686829,0.34712544083595276,0.2347206175327301,471,59,11,468,-10,59,52,7,0.2745762711864407,0.1457674503326416,0.0889531597495079,0.013037053868174553,0.0012598911998793483,0.061342503875494,0.0018399761756882071,0.06291951984167099,0.00900651328265667,0.07576772570610046,0.014842919073998928,0.015327959321439266,0.004279338289052248,0.04229355975985527,0.060120537877082825,0.017764229327440262,0.005760630592703819,0.2738991379737854,0.07322631776332855,1,532,3.991407002168414,88,144,300,67276.4921875,0.21847541630268097,0.18659284710884094,0.5795081257820129,0.2817804515361786,0.29772767424583435,375,55,2,345,-31,48,69,-21,0.3157894736842105,0.07925895601511002,0.04999113082885742,0.20925314724445343,0.01586803048849106,0.015423604287207127,0.001262882025912404,0.019717024639248848,0.010368571616709232,0.058294229209423065,0.03637539595365524,0.01892482489347458,0.032336123287677765,0.06749165058135986,0.028503095731139183,0.008101873099803925,0.07252730429172516,0.21846869587898254,0.004987786989659071,0.03301222622394562,0.019833402708172798,0.01654750481247902,0.01604403741657734,58,0.09892891835052309,98,1,-41,-2433.99609375,-0.0187542587518692,0.016996964812278748,0.002337932586669922,96,4,9,123,21,28,-0.04121320249776983
g16310.t1,g12268.t1,0.8255,33.1,1,435,2.320556812092378,166,89,180,30792.310546875,0.1490073800086975,0.3049319386482239,0.5047375559806824,0.28843241930007935,0.21630510687828064,403,44,11,74,4,24,17,7,0.18620689655172415,0.16144688427448273,0.05485822260379791,0.013621940277516842,0.0,0.04029974713921547,0.021323151886463165,0.041468244045972824,0.008592300117015839,0.15040434896945953,0.04132314398884773,0.016748085618019104,0.009568474255502224,0.048811379820108414,0.02434893697500229,0.014326762408018112,0.03864015266299248,0.20450274646282196,0.08392966538667679,1,420,2.215925535258834,162,84,174,29724.923828125,0.15451820194721222,0.32906195521354675,0.5164198875427246,0.3643683195114136,0.15205153822898865,387,33,10,75,5,26,14,12,0.14047619047619048,0.03457951545715332,0.012571635656058788,0.20340237021446228,0.009009387344121933,0.0,0.0,0.08544597029685974,0.017751505598425865,0.008673847652971745,0.11761797219514847,0.009191833436489105,0.04535670578479767,0.1113668754696846,0.005210248287767172,0.0027136707212775946,0.1609659492969513,0.11747202277183533,0.0,0.030893437564373016,0.027777068316936493,0.021403977647423744,0.004381823353469372,15,0.104631276833544,4,5,6,1067.38671875,-0.0055108219385147095,-0.024130016565322876,-0.011682331562042236,16,11,1,-1,-1,-5,0.04573070607553367
g3007.t1,g1661.t1,0.8252,76.0,1,115,1.944947515605429,33,29,53,19039.46875,0.16629721224308014,0.4783346354961395,0.35536807775497437,0.14364679157733917,0.211721271276474,70,5,0,37,-4,7,11,-4,0.43478260869565216,0.1273522675037384,0.0843690037727356,0.040483102202415466,0.06337358057498932,0.07497426867485046,0.039246827363967896,0.01626875437796116,0.0,0.2736484706401825,0.0,0.03457110375165939,,0.019993146881461143,0.061475541442632675,0.0,0.01339502539485693,0.07800175249576569,0.06564503908157349,1,96,1.4473142261790504,15,30,51,15649.533203125,0.14388218522071838,0.24123474955558777,0.4999566376209259,0.21570329368114471,0.2842532992362976,61,6,0,35,-5,12,14,-2,0.3854166666666667,0.10396096855401993,0.0,0.11924193799495697,0.0,0.11492642015218735,0.0,0.12845663726329803,0.02626287192106247,0.0,0.10401912033557892,0.03247033804655075,0.021296508610248566,0.04130164906382561,0.001030876301229,0.0,0.09646134078502655,0.18029235303401947,,0.014394663274288177,0.015884246677160263,0.007202047389000654,0.0,19,0.49763328942637863,18,-1,2,3389.935546875,0.022415027022361755,0.23709988594055176,-0.14458855986595154,9,-1,0,2,1,-2,0.04936594202898548
g8857.t1,g882.t2,0.8241,39.4,1,218,2.7280355018496336,180,0,38,26133.720703125,0.33456310629844666,0.3817925751209259,0.23959679901599884,0.15873117744922638,0.08086562901735306,216,6,24,105,1,10,9,1,0.3119266055045872,0.06045318767428398,0.020412446931004524,0.10469658672809601,0.020881803706288338,0.02366042509675026,0.0008642406901344657,0.06192861497402191,0.04123662784695625,0.08619413524866104,0.044047534465789795,0.024285608902573586,0.0,0.09179014712572098,0.06016583740711212,0.020741775631904602,0.07916607707738876,0.04267711192369461,0.11605406552553177,1,215,2.6937130050529037,173,2,40,25624.033203125,0.30129048228263855,0.27382367849349976,0.3785966634750366,0.32623234391212463,0.0523642934858799,195,4,21,125,4,16,12,4,0.28837209302325584,0.03809072822332382,0.08923907577991486,0.13372935354709625,0.035760924220085144,0.046289198100566864,0.014283126220107079,0.056959718465805054,0.0007469002157449722,0.00012591875565703958,0.0187461506575346,0.024724822491407394,0.0735694169998169,0.07759813964366913,0.03261295333504677,0.0704743042588234,0.1925029754638672,0.01427356619387865,0.0,0.016117600724101067,0.06415512412786484,0.042730316519737244,0.05801350995898247,3,0.03432249679672994,7,-2,-2,509.6875,0.033272624015808105,0.10796889662742615,-0.13899986445903778,21,2,3,-20,-3,-3,0.023554512481331336
g12820.t1,g11178.t1,0.8233,53.7,1,368,2.4443348459447383,61,128,179,31412.25,0.37180671095848083,0.2441805601119995,0.3290277123451233,0.2709738612174988,0.0580538734793663,271,28,2,449,-6,20,10,10,0.22282608695652173,0.03625389561057091,0.021799977868795395,0.06245144084095955,0.0014550909399986267,0.06004931405186653,0.023646850138902664,0.04107944294810295,0.09754960983991623,0.04383743554353714,0.05498507246375084,0.013273482210934162,0.0033896337263286114,0.048060834407806396,0.05788196995854378,0.06998057663440704,0.0,0.09775647521018982,0.17321740090847015,1,375,2.205875976758508,60,143,172,27222.212890625,0.3051653504371643,0.3849506378173828,0.3098840117454529,0.17003270983695984,0.13985130190849304,319,30,3,471,-11,13,16,-3,0.20533333333333334,0.09387689083814621,0.10271090269088745,0.13781854510307312,0.0,,0.005041718482971191,0.07508541643619537,0.047119174152612686,0.048296552151441574,0.10259182751178741,0.09810898452997208,0.03909670189023018,0.08258392661809921,0.022401457652449608,0.027659103274345398,0.03221416845917702,0.04597439616918564,0.0,0.029011905193328857,0.010408318601548672,0.06929837912321091,0.02403324283659458,-7,0.23845886918623016,1,-15,7,4190.037109375,0.06664136052131653,-0.1407700777053833,0.01914370059967041,-48,-2,-1,-22,5,13,0.01749275362318839
g15733.t1,g14305.t1,0.8232,37.0,1,220,2.971217664697226,52,42,126,31482.15625,0.5242499113082886,0.2743225693702698,0.20142753422260284,0.15952913463115692,0.04189838469028473,156,5,87,177,2,8,6,2,0.38181818181818183,0.03328535705804825,0.008613030426204205,0.10609789937734604,0.009860794059932232,0.05667645111680031,0.006158310454338789,0.07020635902881622,0.06456749886274338,0.041061464697122574,0.0,0.007789095863699913,0.020064277574419975,0.07543929666280746,0.041376836597919464,0.026954371482133865,0.03737553209066391,0.043396662920713425,0.1161324679851532,1,217,2.686243306070932,66,49,102,27374.318359375,0.44625726342201233,0.2700467109680176,0.2836960256099701,0.17700399458408356,0.10669200867414474,163,6,84,99,-6,9,9,0,0.3317972350230415,0.06694670021533966,0.07979370653629303,0.10253529250621796,0.04137153923511505,0.0,0.0,0.05306767299771309,0.02192755788564682,0.023927129805088043,0.007515700533986092,0.08899907767772675,0.06015169247984886,0.026455236598849297,0.03685763105750084,0.11480306833982468,0.0744687169790268,0.03974531218409538,0.029938381165266037,0.06649810820817947,0.06499743461608887,0.06305032968521118,0.17189396917819977,3,0.28497435862629406,-14,-7,24,4107.837890625,0.07799264788627625,0.004275858402252197,-0.08226849138736725,-7,-1,3,78,8,2,0.05002094679514035
g10223.t1,g6415.t1,0.8229,46.6,1,207,2.179815486482689,66,47,94,25107.529296875,0.22781571745872498,0.36617252230644226,0.3949277997016907,0.23462040722370148,0.160307377576828,167,18,2,177,-2,15,13,2,0.2898550724637681,0.08712899684906006,0.07317838072776794,0.025824468582868576,0.09580747783184052,0.07170391082763672,0.016992097720503807,0.057974785566329956,0.023388655856251717,0.12592244148254395,0.011084009893238544,0.005502453539520502,0.002955709584057331,0.026043402031064034,0.048347387462854385,0.03251280263066292,0.006098122335970402,0.1388811320066452,0.09573928266763687,1,205,2.0657975860343596,71,49,85,23793.59765625,0.17835018038749695,0.24543404579162598,0.5405740141868591,0.3643542230129242,0.17621980607509613,179,32,11,150,-2,21,18,3,0.2682926829268293,0.11109932512044907,0.02766355127096176,0.1861465573310852,0.01654079742729664,0.035641707479953766,0.10043296962976456,0.037243422120809555,0.0,0.021018875762820244,0.04356658086180687,0.0069494713097810745,0.03882874175906181,0.05258991941809654,0.03484755754470825,0.028168877586722374,0.17820769548416138,0.06512048095464706,0.0,0.012867078185081482,0.0030663725920021534,0.04696160554885864,0.007952915504574776,2,0.11401790044832927,-5,-2,9,1313.931640625,0.04946553707122803,0.12073847651481628,-0.14564621448516846,-12,-14,-9,27,0,-1,0.021562389536938842
g7473.t1,g8828.t1,0.82,27.7,1,403,2.1792119812994346,182,38,183,24762.33984375,0.19215333461761475,0.36432960629463196,0.4430058002471924,0.2776862382888794,0.16531957685947418,393,31,23,330,-2,29,19,10,0.1588089330024814,0.08268758654594421,0.08263196796178818,0.01927259750664234,0.011892983689904213,0.024026917293667793,0.01317933201789856,0.07693509757518768,0.00260601076297462,0.13642433285713196,0.00051129050552845,0.049637340009212494,0.0,0.040486596524715424,0.08825060725212097,0.012117949314415455,0.012389617040753365,0.18547409772872925,0.09221215546131134,1,377,2.1254878451395287,129,40,208,25642.3671875,0.2506294548511505,0.3773549497127533,0.3510448932647705,0.24098053574562073,0.11006435006856918,342,25,28,400,-1,18,12,6,0.1989389920424403,0.07997564971446991,0.028688950464129448,0.2242846041917801,0.011198755353689194,0.020970728248357773,0.01465200912207365,0.05084884911775589,0.011867272667586803,0.05963420867919922,0.11848324537277222,0.02961941435933113,0.036995723843574524,0.15351544320583344,0.012834529392421246,0.04114312306046486,0.016695939004421234,0.030088698491454124,0.02073781192302704,0.025543229654431343,0.012221810407936573,0.06170612573623657,0.007557431235909462,26,0.0537241361599059,53,-2,-25,-880.02734375,-0.05847612023353577,-0.013025343418121338,0.09196090698242188,51,6,-5,-70,-1,4,-0.04013005903995892
g906.t1,g12056.t2,0.8189,21.9,1,885,3.0482095969791447,255,200,430,38557.953125,0.17850589752197266,0.461465060710907,0.3357546925544739,0.20882365107536316,0.12693101167678833,831,95,50,819,-13,26,22,4,0.14350282485875707,0.04932607710361481,0.07760494202375412,0.02967984415590763,0.0026984973810613155,0.012129584327340126,0.033295173197984695,0.06835711747407913,0.012301022186875343,0.12008362263441086,0.024274324998259544,0.022870942950248718,0.01563073694705963,0.07128219306468964,0.16069786250591278,0.006490825675427914,0.009023870341479778,0.12655186653137207,0.0822717696428299,1,780,2.7334907638958525,284,143,353,37773.98046875,0.26951563358306885,0.3410651385784149,0.37048235535621643,0.12464772909879684,0.2458346039056778,712,68,2,744,-31,19,35,-16,0.14871794871794872,0.16691841185092926,0.08106229454278946,0.10661210864782333,0.008029213175177574,0.018936896696686745,0.0,0.011604052037000656,0.027144061401486397,0.07796559482812881,0.07137053459882736,0.06310892105102539,0.09036532044410706,0.07461848855018616,0.029212672263383865,0.0,0.01803561858832836,0.07891621440649033,0.002733349334448576,0.05890844017267227,0.014457798562943935,0.06438387930393219,0.011045817285776138,105,0.3147188330832922,-29,57,77,783.97265625,-0.09100973606109619,0.12039992213249207,-0.034727662801742554,119,27,48,75,18,20,-0.0052151238591916504
g10228.t1,g6562.t1,0.8184,22.6,1,167,1.6916578790065142,12,94,61,18146.291015625,0.19094142317771912,0.31951940059661865,0.4490748941898346,0.12316044420003891,0.32591450214385986,136,8,2,189,-9,7,12,-5,0.2694610778443114,0.19652357697486877,0.1293908953666687,0.00924598891288042,0.0,0.07846687734127045,0.02338084764778614,0.03864042088389397,0.027915772050619125,0.12562640011310577,0.040464311838150024,0.008179144002497196,0.0,0.020908314734697342,0.06865555793046951,0.007823528721928596,0.012866441160440445,0.02180532179772854,0.10135511308908463,1,210,2.429042142215505,30,90,90,24551.212890625,0.31742560863494873,0.29100412130355835,0.3842017650604248,0.2719759941101074,0.11222574859857559,151,8,2,307,1,15,12,3,0.3476190476190476,0.05866659805178642,0.12847080826759338,0.2304631471633911,0.026809895411133766,0.007368538528680801,0.009317037649452686,0.06285175681114197,0.011720031499862671,0.02291097119450569,0.02043948881328106,0.05590840429067612,0.07732486724853516,0.08002156764268875,0.03253548964858055,0.02693532407283783,0.041512828320264816,0.053559157997369766,0.0,0.016911370679736137,0.03627273812890053,0.0680818185210228,0.02066970244050026,-43,-0.7373842632089909,-18,4,-29,-6404.921875,-0.12648418545722961,0.028515279293060303,0.06487312912940979,-15,0,0,-118,-10,-8,-0.07815796977473621
g550.t1,g12443.t1,0.8176,22.2,1,148,1.9201024065035572,55,21,72,21442.7578125,0.19918181002140045,0.11129968613386154,0.673446536064148,0.41795918345451355,0.2554874122142792,109,17,20,44,0,16,18,-2,0.32432432432432434,0.16899584233760834,0.08649156242609024,0.004650926683098078,0.0,0.08302139490842819,0.009612618014216423,0.059384725987911224,0.02795015648007393,0.057961106300354004,0.016071947291493416,0.02372320368885994,0.0,0.036943260580301285,0.005753415636718273,0.00045141763985157013,0.0007352099637500942,0.2089708149433136,0.20898835361003876,1,126,1.3744735853649588,63,20,43,15544.1484375,0.15785075724124908,0.1086583286523819,0.7334909439086914,0.5515334010124207,0.18195757269859314,101,7,6,4,13,21,8,13,0.2619047619047619,0.07890503108501434,0.0012454381212592125,0.44873541593551636,0.0041514611802995205,0.0,0.0,0.09995206445455551,0.0010284006129950285,0.042538274079561234,,0.09091522544622421,0.0012454382376745343,0.015469269827008247,0.00747262965887785,0.0,0.1027979925274849,0.1030525341629982,,0.0024908764753490686,0.0,0.00029408399132080376,0.0,22,0.5456288211385985,-8,1,29,5898.609375,0.04133105278015137,0.0026413574814796448,-0.06004440784454346,8,10,14,40,-13,-15,0.062419562419562424
g19502.t2,g2491.t2,0.8174,18.0,1,350,2.146238970986476,17,174,159,25342.0859375,0.1676000952720642,0.23029498755931854,0.5847468972206116,0.40470603108406067,0.1800408810377121,311,30,55,330,1,26,17,9,0.19142857142857142,0.06353683769702911,0.11650404334068298,0.00611134385690093,0.0,0.01521961111575365,0.0406024307012558,0.04108941927552223,0.014760375022888184,0.06652789562940598,0.017358053475618362,0.021154986694455147,0.05263770744204521,0.029558083042502403,0.07732167840003967,0.005173664074391127,0.0011371690779924393,0.31000879406929016,0.0946972444653511,1,296,1.9344809530474754,9,156,131,22462.0859375,0.13170817494392395,0.41471514105796814,0.4535767138004303,0.24531376361846924,0.20826300978660583,254,27,9,206,-5,16,17,-1,0.22297297297297297,0.0525280199944973,0.061952728778123856,0.22460180521011353,0.008164339698851109,0.0,0.0015440616989508271,0.0,0.03849809244275093,0.020381087437272072,0.09331444650888443,0.09054741263389587,0.10746318846940994,0.056990787386894226,0.029721230268478394,0.0,0.020711956545710564,0.15573498606681824,0.009190491400659084,0.002298305742442608,0.026357116177678108,0.015147740021348,0.011452965438365936,54,0.21175801793900062,8,18,28,2880.0,0.03589192032814026,-0.1844201534986496,0.13117018342018127,57,3,46,124,6,10,-0.03154440154440155
g16599.t1,g12443.t1,0.8172,20.1,1,111,1.370954604937526,55,20,36,14863.111328125,0.23938480019569397,0.23204532265663147,0.5285698771476746,0.47354772686958313,0.05502215027809143,104,7,3,49,11,17,5,12,0.24324324324324326,0.013808570802211761,0.04121357575058937,0.05492229387164116,0.0,0.12042268365621567,0.001060674898326397,0.005210020113736391,0.02018882893025875,0.06962050497531891,0.0,0.027786774560809135,,0.0036904311273247004,0.01138492114841938,0.0,0.11401324719190598,0.34518125653266907,0.12836645543575287,1,126,1.3744735853649588,63,20,43,15544.1484375,0.15785075724124908,0.1086583286523819,0.7334909439086914,0.5515334010124207,0.18195757269859314,101,7,6,4,13,21,8,13,0.2619047619047619,0.07890503108501434,0.0012454381212592125,0.44873541593551636,0.0041514611802995205,0.0,0.0,0.09995206445455551,0.0010284006129950285,0.042538274079561234,,0.09091522544622421,0.0012454382376745343,0.015469269827008247,0.00747262965887785,0.0,0.1027979925274849,0.1030525341629982,,0.0024908764753490686,0.0,0.032275572419166565,0.010854208841919899,-15,-0.0035189804274327052,-8,0,-7,-681.037109375,0.08153404295444489,0.12338699400424957,-0.20492106676101685,3,0,-3,45,-2,-1,-0.01866151866151866
g6625.t1,g4934.t1,0.8166,28.7,1,323,2.221427858242783,98,72,153,25103.21484375,0.3398572504520416,0.29458966851234436,0.35529354214668274,0.25942736864089966,0.09586609899997711,282,35,47,388,-1,22,12,10,0.21671826625386997,0.03854815289378166,0.057317957282066345,0.06502799689769745,0.00530054047703743,0.05013449490070343,0.038496699184179306,0.08345403522253036,0.037531107664108276,0.025380205363035202,0.010259524919092655,0.005345564801245928,0.0,0.040246639400720596,0.10681632161140442,0.024073025211691856,0.01265385840088129,0.23034517467021942,0.02908221073448658,1,331,2.2324502952290874,102,55,174,27929.859375,0.3225756287574768,0.3437640964984894,0.28626716136932373,0.20930781960487366,0.07695934921503067,303,31,21,365,2,17,11,6,0.22658610271903323,0.06486964970827103,0.10350349545478821,0.13248266279697418,0.026436371728777885,0.04739309847354889,0.0001128894291468896,0.06341520696878433,0.017705928534269333,0.05064883083105087,0.04654046148061752,0.04808707907795906,0.06567221134901047,0.11962468177080154,0.023104634135961533,0.02933199144899845,0.07682514935731888,0.012089704163372517,0.0059320745058357716,0.02020302601158619,0.046020831912755966,0.06569541245698929,0.07429102808237076,-8,-0.011022436986304562,-4,17,-21,-2826.64453125,0.01728162169456482,-0.04917442798614502,0.06902638077735901,-21,4,26,23,-3,4,-0.00986783646516326
g4551.t1,g7338.t1,0.8158,47.2,1,142,2.1566445379236145,22,46,74,23968.32421875,0.14541013538837433,0.2878069281578064,0.5667829513549805,0.39894524216651917,0.1678377240896225,80,7,0,22,2,18,15,3,0.352112676056338,0.11698959767818451,0.05084813013672829,0.010500133037567139,,0.0358993262052536,0.0,0.042915232479572296,0.03727666288614273,0.1077684685587883,0.0,0.0,0.0,0.00484621524810791,0.10969148576259613,0.005760913249105215,0.007498238235712051,0.24483247101306915,0.15411272644996643,1,144,2.1770315109481273,9,46,89,24689.1953125,0.1940997689962387,0.14737245440483093,0.596884548664093,0.3898875415325165,0.20699700713157654,78,14,0,20,0,17,15,2,0.3333333333333333,0.05173967406153679,0.017773374915122986,0.2444823831319809,0.04012077674269676,0.061643246561288834,0.0,0.09794723987579346,0.011697725392878056,0.0028751047793775797,0.026260020211338997,0.02013426087796688,0.014215041883289814,0.0748099833726883,0.0008939498220570385,0.022204799577593803,0.1454051434993744,0.15525732934474945,0.0,0.01228453777730465,0.00025541422655805945,0.05800251662731171,0.013057857751846313,-2,-0.020386973024512756,13,0,-15,-720.87109375,-0.04868963360786438,0.14043447375297546,-0.03010159730911255,2,-7,0,2,2,1,0.01877934272300469
g16684.t2,g8565.t1,0.8152,55.5,1,590,4.090335920518937,186,145,259,64842.49609375,0.19972115755081177,0.2035898119211197,0.5818460583686829,0.34712544083595276,0.2347206175327301,471,59,11,468,-10,59,52,7,0.2745762711864407,0.1457674503326416,0.0889531597495079,0.013037053868174553,0.0012598911998793483,0.061342503875494,0.0018399761756882071,0.06291951984167099,0.00900651328265667,0.07576772570610046,0.014842919073998928,0.015327959321439266,0.004279338289052248,0.04229355975985527,0.060120537877082825,0.017764229327440262,0.005760630592703819,0.2738991379737854,0.07322631776332855,1,645,3.6850856231086517,133,185,327,62191.84375,0.2224595546722412,0.15918831527233124,0.5953211188316345,0.2734455466270447,0.32187557220458984,466,63,2,472,-22,49,65,-16,0.2372093023255814,0.08068931102752686,0.04580933228135109,0.20332945883274078,0.014670201577246189,0.023030981421470642,0.0011559579288586974,0.02035956270992756,0.012509817257523537,0.07205787301063538,0.03961048647761345,0.007646059151738882,0.03364159166812897,0.042009174823760986,0.02601209469139576,0.007935356348752975,0.0701160877943039,0.241186261177063,0.0053407358936965466,0.030274415388703346,0.022615227848291397,0.01654750481247902,0.01604403741657734,-55,0.4052502974102854,53,-40,-68,2650.65234375,-0.022738397121429443,0.04440149664878845,-0.01347506046295166,5,-4,9,-4,12,23,0.03736696886085927
g17828.t1,g16178.t1,0.8143,21.0,1,350,2.0061134840051293,149,57,144,22926.57421875,0.16255256533622742,0.2272518277168274,0.5911124348640442,0.43749895691871643,0.15361353754997253,343,69,18,265,2,32,20,12,0.1657142857142857,0.08843888342380524,0.0651746317744255,0.019414860755205154,0.0,0.05790165439248085,0.025430241599678993,0.06220117211341858,0.00014073390047997236,0.05220900475978851,0.01908307708799839,0.003364779520779848,0.003911109641194344,0.011233043856918812,0.10086952149868011,0.011821647174656391,0.023146413266658783,0.3301481604576111,0.10735081136226654,1,353,1.9810068598246595,150,65,138,21927.49609375,0.2590603530406952,0.24748095870018005,0.45902836322784424,0.24630627036094666,0.21272209286689758,333,34,0,120,-1,21,18,3,0.1813031161473088,0.13352946937084198,0.041213877499103546,0.18673227727413177,0.00721016013994813,0.03443034365773201,0.0,0.05079387500882149,0.02652517892420292,0.03572631627321243,0.06107456982135773,0.02222820743918419,0.005116567015647888,0.12836647033691406,0.09072450548410416,0.0002875828358810395,0.05957399308681488,0.0791926309466362,0.0,0.0331040620803833,0.004169951193034649,0.014363600872457027,0.003796606557443738,-3,0.025106624180469828,-1,-8,6,999.078125,-0.09650778770446777,-0.02022913098335266,0.13208407163619995,10,35,18,145,3,9,-0.015588830433023088
g19502.t2,g2491.t1,0.8137,17.8,1,350,2.146238970986476,17,174,159,25342.0859375,0.1676000952720642,0.23029498755931854,0.5847468972206116,0.40470603108406067,0.1800408810377121,311,30,55,330,1,26,17,9,0.19142857142857142,0.06353683769702911,0.11650404334068298,0.00611134385690093,0.0,0.01521961111575365,0.0406024307012558,0.04108941927552223,0.014760375022888184,0.06652789562940598,0.017358053475618362,0.021154986694455147,0.05263770744204521,0.029558083042502403,0.07732167840003967,0.005173664074391127,0.0011371690779924393,0.31000879406929016,0.0946972444653511,1,316,1.9447074698508608,12,163,141,22659.51171875,0.16210512816905975,0.4038648009300232,0.434030145406723,0.23241282999515533,0.2016173154115677,273,28,9,207,-9,14,19,-5,0.20569620253164558,0.06115661934018135,0.06355858594179153,0.20629394054412842,0.0,0.0,0.002093686256557703,0.03666366636753082,0.0468059703707695,0.020776331424713135,0.09803921729326248,0.07030029594898224,0.10887614637613297,0.056922510266304016,0.031284164637327194,0.0,0.026118885725736618,0.14046068489551544,0.008113669231534004,0.0017087109154090285,0.020826932042837143,0.015147740021348,0.011452965438365936,34,0.20153150113561513,5,11,18,2682.57421875,0.005494967103004456,-0.17356981337070465,0.15071675181388855,38,2,46,123,10,14,-0.014267631103074163
g9379.t2,g7613.t1,0.8131,19.6,1,495,2.6409849150514453,182,137,176,36173.89453125,0.3522472381591797,0.2384823113679886,0.39554697275161743,0.19335544109344482,0.2021915167570114,479,57,25,277,-6,20,23,-3,0.19393939393939394,0.17025364935398102,0.0319378599524498,0.07656572759151459,0.0034008254297077656,0.0651860311627388,0.006793820299208164,0.054320015013217926,0.04067311808466911,0.07739261537790298,0.013723519630730152,0.019180526956915855,0.0,0.01510600559413433,0.0478607676923275,0.05788903310894966,0.035983916372060776,0.10374429821968079,0.08961115777492523,1,430,2.307791515240284,175,133,122,27051.412109375,0.1373722404241562,0.2600143253803253,0.5643417239189148,0.2968238592147827,0.2675178349018097,429,56,7,172,-15,25,31,-6,0.1883720930232558,0.08213198184967041,0.014432226307690144,0.22327299416065216,0.010946068912744522,0.03827165439724922,0.0,0.03495108708739281,0.013923101127147675,0.02752252109348774,0.07771329581737518,0.04351741448044777,0.03543394058942795,0.08215120434761047,0.03028487041592598,0.0005963730509392917,0.07355089485645294,0.18538586795330048,0.0,0.0186390932649374,0.007275376934558153,0.05194436013698578,0.038432784378528595,65,0.33319339981116114,7,4,54,9122.482421875,0.2148749977350235,-0.02153201401233673,-0.16879475116729736,50,1,18,105,9,3,0.005567300916138135
g16684.t1,g8565.t1,0.8122,56.5,1,575,4.080729058303957,154,145,276,68731.2578125,0.2497273087501526,0.20671933889389038,0.5382852554321289,0.3194403648376465,0.218844935297966,446,58,5,440,-12,63,55,8,0.30782608695652175,0.13533951342105865,0.08350542932748795,0.027133850380778313,0.008653063327074051,0.06031638756394386,0.00224476819857955,0.06487561762332916,0.018871638923883438,0.08118602633476257,0.0052681127563118935,0.013012931682169437,0.004892556928098202,0.022548621520400047,0.05891791731119156,0.025861000642180443,0.006737368181347847,0.25339263677597046,0.06604774296283722,1,645,3.6850856231086517,133,185,327,62191.84375,0.2224595546722412,0.15918831527233124,0.5953211188316345,0.2734455466270447,0.32187557220458984,466,63,2,472,-22,49,65,-16,0.2372093023255814,0.08068931102752686,0.04580933228135109,0.20332945883274078,0.014670201577246189,0.023030981421470642,0.0011559579288586974,0.02035956270992756,0.012509817257523537,0.07205787301063538,0.03961048647761345,0.007646059151738882,0.03364159166812897,0.042009174823760986,0.02601209469139576,0.007935356348752975,0.0701160877943039,0.241186261177063,0.0053407358936965466,0.030274415388703346,0.022615227848291397,0.026431571692228317,0.034763310104608536,-70,0.3956434351953053,21,-40,-51,6539.4140625,0.027267754077911377,0.04753102362155914,-0.057035863399505615,-20,-5,3,-32,10,24,0.07061678463094034
g10715.t1,g818.t1,0.8118,19.0,1,1163,4.684382814546927,319,117,727,123301.1875,0.05582519993185997,0.16184617578983307,0.7709887623786926,0.5664402842521667,0.20454846322536469,827,226,10,593,46,174,109,65,0.2751504729148753,0.1911335289478302,0.013414932414889336,0.003480344545096159,2.6502417313167825e-05,0.0026160806883126497,0.004220476374030113,0.028284981846809387,0.006332657765597105,0.022312484681606293,0.011339915916323662,0.006218790542334318,0.0,0.016913749277591705,0.013028091751039028,0.00889234896749258,0.0,0.5283849239349365,0.038055311888456345,1,902,3.468873671009987,270,153,479,63634.21875,0.24093331396579742,0.31540775299072266,0.4392784535884857,0.2699163258075714,0.16936218738555908,658,102,17,627,-11,46,44,2,0.188470066518847,0.050661779940128326,0.05884110555052757,0.21009135246276855,0.0215365719050169,0.004380442667752504,0.0018198284087702632,0.05248609557747841,0.020664392039179802,0.04500238224864006,0.12353401631116867,0.0418567955493927,0.049977097660303116,0.063080333173275,0.010076338425278664,0.03568895906209946,0.059824950993061066,0.11870039999485016,0.0,0.01730184815824032,0.014475282281637192,0.10534487664699554,0.0,261,1.21550914353694,49,-36,248,59666.96875,-0.18510811403393745,-0.1535615772008896,0.3317103087902069,169,124,-7,-34,57,63,0.08668040639602831
g17131.t1,g13410.t1,0.8116,77.6,1,139,3.298464949867283,75,0,64,32066.634765625,0.23031750321388245,0.17220044136047363,0.5817344188690186,0.461780309677124,0.11995416134595871,101,11,0,18,16,26,8,18,0.4748201438848921,0.08457023650407791,0.035383932292461395,0.012847251258790493,,0.0633566677570343,0.008598648943006992,0.06582322716712952,0.002213641069829464,0.07232513278722763,0.015747595578432083,0.07826277613639832,,0.046018801629543304,0.014993134886026382,0.007813953794538975,0.022185616195201874,0.33514347672462463,0.126636803150177,1,136,3.456757322563619,76,0,60,31530.60546875,0.16109120845794678,0.13231302797794342,0.6888701319694519,0.5313599705696106,0.15751004219055176,100,9,0,18,14,28,11,17,0.4852941176470588,0.055487342178821564,0.009493417106568813,0.37868228554725647,0.019807811826467514,0.017725739628076553,,0.05887749418616295,0.017449289560317993,0.04686741903424263,0.05865702033042908,0.012225694954395294,0.01755504682660103,0.011435331776738167,0.005693186540156603,0.00010233061766484752,0.15267769992351532,0.10202270746231079,,0.020249543711543083,0.014990633353590965,0.008079110644757748,0.0,3,-0.1582923726963359,-1,0,4,536.029296875,0.06922629475593567,0.03988741338253021,-0.10713571310043335,1,2,0,0,2,1,-0.010473973762166744
g10054.t1,g6073.t1,0.8112,17.0,1,180,2.3793951291404336,60,39,81,24416.072265625,0.2286033034324646,0.22613604366779327,0.5452607274055481,0.37328383326530457,0.17197680473327637,166,32,0,19,4,22,15,7,0.3611111111111111,0.12365899235010147,0.04831783100962639,0.05428589507937431,,0.0200312752276659,0.0,0.10050169378519058,0.008061056025326252,0.09249933809041977,,0.008853945881128311,0.0,0.04346053674817085,0.04543110355734825,0.023786721751093864,0.03545287996530533,0.3251214623451233,0.04816235974431038,1,266,3.5226340202420854,125,39,102,34969.4609375,0.3147605061531067,0.1752314567565918,0.4228209853172302,0.33009156584739685,0.09272940456867218,229,21,2,292,6,21,12,9,0.3082706766917293,0.0496845617890358,0.022876037284731865,0.18028458952903748,0.03357696905732155,0.08718709647655487,0.0,0.10145744681358337,0.017322849482297897,0.03570122644305229,0.06075523793697357,0.013388733379542828,0.026949958875775337,0.016875669360160828,0.030599167570471764,0.07951749861240387,0.14980697631835938,0.04304484650492668,0.0,0.011032137088477612,0.03993901237845421,0.00929215643554926,0.013082697056233883,-86,-1.1432388911016518,-65,0,-21,-10553.388671875,-0.08615720272064209,0.05090458691120148,0.12243974208831787,-63,11,-2,-273,-2,-2,0.0528404344193818
g17362.t1,g1661.t1,0.811,15.5,1,128,2.5986396276005843,32,34,62,20124.677734375,0.09695469588041306,0.29303666949272156,0.5967532396316528,0.45437753200531006,0.14237570762634277,107,10,6,3,15,22,9,13,0.4375,0.1088002398610115,0.03357545658946037,0.06274566799402237,0.0,0.0003145578084513545,0.04940330609679222,0.01843770034611225,0.001763606327585876,0.08363863080739975,0.013255380094051361,0.01048660185188055,,0.04241957888007164,0.046986378729343414,0.0,0.04557080194354057,0.3381252586841583,0.11625229567289352,1,96,1.4473142261790504,15,30,51,15649.533203125,0.14388218522071838,0.24123474955558777,0.4999566376209259,0.21570329368114471,0.2842532992362976,61,6,0,35,-5,12,14,-2,0.3854166666666667,0.10396096855401993,0.0,0.11924193799495697,0.0,0.11492642015218735,0.0,0.12845663726329803,0.02626287192106247,0.0,0.10401912033557892,0.03247033804655075,0.021296508610248566,0.04130164906382561,0.001030876301229,0.0,0.09646134078502655,0.18029235303401947,,0.014394663274288177,0.015884246677160263,0.02501795068383217,0.003206556895747781,32,1.151325401421534,17,4,11,4475.14453125,-0.04692748934030533,0.05180191993713379,0.09679660201072693,46,4,6,-32,20,15,0.052083333333333315
g6869.t1,g16920.t1,0.8108,24.3,1,69,1.5934609338230776,34,0,35,15469.04296875,0.27748915553092957,0.24326373636722565,0.47924718260765076,0.2622198462486267,0.21702727675437927,41,3,13,0,1,9,10,-1,0.463768115942029,0.17622414231300354,0.04080314561724663,0.031647223979234695,0.0019012176198884845,0.1693565398454666,0.025976845994591713,0.04057340323925018,0.0031287127640098333,0.049435459077358246,0.0,0.029886921867728233,,0.08982571214437485,0.07429008185863495,0.0010191276669502258,,0.233267679810524,0.02895216830074787,1,80,1.9115810290991295,51,0,29,17088.35546875,0.37108567357063293,0.18494735658168793,0.4439670145511627,0.2952120006084442,0.1487550139427185,66,4,13,77,1,8,8,0,0.4875,0.022656675428152084,0.012839454226195812,0.26711738109588623,0.011517745442688465,,0.03709831461310387,0.11346133798360825,0.0,0.08305670320987701,0.01387972105294466,0.04278244823217392,0.05236959084868431,0.03843964636325836,0.06733395159244537,0.02756706066429615,0.028094619512557983,0.12609834969043732,0.03153218701481819,0.023777248337864876,0.00037763098953291774,0.0018344296840950847,0.0018772276816889644,-11,-0.3181200952760519,-17,0,6,-1619.3125,-0.09359651803970337,0.05831637978553772,0.03528016805648804,-25,-1,0,-77,0,-1,-0.023731884057970998
g7398.t1,g945.t1,0.8107,20.7,1,119,1.4226617985513614,36,26,57,14764.744140625,0.1353181153535843,0.14495691657066345,0.6032256484031677,0.3185387849807739,0.2846868336200714,98,16,0,63,4,14,12,2,0.33613445378151263,0.2107286900281906,0.0739581435918808,0.009178278967738152,,0.027097776532173157,0.011497417464852333,0.06572715938091278,0.0,0.0338364876806736,0.1164993867278099,0.026758991181850433,,0.005244730971753597,0.03558206558227539,0.006337383296340704,0.03579210117459297,0.2265097051858902,0.09202907979488373,1,123,2.213062670603827,24,28,71,22204.384765625,0.26785606145858765,0.36847788095474243,0.3612344563007355,0.17978285253047943,0.18145158886909485,77,6,0,98,-1,12,14,-2,0.4146341463414634,0.09972305595874786,0.06727246940135956,0.17978285253047943,0.0,0.0024316036142408848,0.010092567652463913,0.09069325029850006,0.0491546168923378,0.01261888537555933,0.08965962380170822,0.03758032247424126,0.10328704863786697,0.07387246191501617,0.0,0.012060831300914288,0.0,0.08172855526208878,0.03238117694854736,0.05282943323254585,0.004831256810575724,0.023004114627838135,0.0002185304620070383,-4,-0.7904008720524656,12,-2,-14,-7439.640625,-0.13253794610500336,-0.22352096438407898,0.24199119210243225,21,10,0,-35,5,4,-0.07849969255995076
g16310.t1,g7895.t1,0.8097,32.7,1,435,2.320556812092378,166,89,180,30792.310546875,0.1490073800086975,0.3049319386482239,0.5047375559806824,0.28843241930007935,0.21630510687828064,403,44,11,74,4,24,17,7,0.18620689655172415,0.16144688427448273,0.05485822260379791,0.013621940277516842,0.0,0.04029974713921547,0.021323151886463165,0.041468244045972824,0.008592300117015839,0.15040434896945953,0.04132314398884773,0.016748085618019104,0.009568474255502224,0.048811379820108414,0.02434893697500229,0.014326762408018112,0.03864015266299248,0.20450274646282196,0.08392966538667679,1,425,2.5532810320311614,157,91,177,36295.6484375,0.2537136673927307,0.2168716937303543,0.5294145941734314,0.450676292181015,0.0787382498383522,369,39,3,95,12,32,12,20,0.19294117647058823,0.06474414467811584,0.05825889855623245,0.35973620414733887,0.020045962184667587,0.0,0.0,0.04439864307641983,0.014022351242601871,0.007630888372659683,0.05469720438122749,0.033690281212329865,0.045591048896312714,0.05557313561439514,0.018397465348243713,0.0612495020031929,0.09094012528657913,0.013994100503623486,0.0,0.043732333928346634,0.013297676108777523,0.021403977647423744,0.004381823353469372,10,-0.23272421993878334,9,-2,3,-5503.337890625,-0.1047062873840332,0.08806024491786957,-0.024677038192749023,34,5,8,-21,-8,-13,-0.006734279918864078
g14422.t1,g8235.t2,0.8093,26.7,1,377,3.4141311346407037,93,68,216,45103.453125,0.2616634666919708,0.3145035207271576,0.4116315543651581,0.2699763774871826,0.14165516197681427,221,26,18,155,14,31,23,8,0.29973474801061006,0.09892790764570236,0.04272725060582161,0.03905896469950676,0.0,0.035344839096069336,0.018805289641022682,0.1117972582578659,0.016954166814684868,0.11671103537082672,0.012201462872326374,0.015881117433309555,0.010367360897362232,0.05213131755590439,0.08176255971193314,0.013089560903608799,0.004139111377298832,0.14651338756084442,0.12346299737691879,1,353,2.7356330031184672,103,47,203,37123.46484375,0.22302906215190887,0.42888590693473816,0.33579349517822266,0.149923175573349,0.18587031960487366,248,38,2,289,-5,18,23,-5,0.3059490084985836,0.0751909539103508,0.03520014137029648,0.11255034804344177,0.014949196018278599,0.012291506864130497,0.0,0.016340624541044235,0.006861965171992779,0.06457110494375229,0.10149889439344406,0.10628422349691391,0.13702063262462616,0.07617918401956558,0.03549402207136154,0.0353640615940094,0.03737281635403633,0.11067938804626465,0.0,0.02110990509390831,0.0010409855749458075,0.04095418378710747,0.019170168787240982,24,0.6784981315222365,-10,21,13,7979.98828125,0.03863440454006195,-0.11438238620758057,0.07583805918693542,-27,-12,16,-134,19,13,-0.006214260487973522
g11355.t1,g9707.t2,0.809,28.9,1,220,1.9654968528649903,71,52,97,21077.068359375,0.1808115839958191,0.2630024552345276,0.5548344254493713,0.38975587487220764,0.1650785505771637,198,26,3,112,3,21,14,7,0.24545454545454545,0.05357879400253296,0.11149974912405014,0.0024493320379406214,0.0071318200789391994,0.07759951055049896,0.004129758104681969,0.08545439690351486,0.0,0.06190674751996994,0.0013515488244593143,0.013777492567896843,0.0,0.05743618682026863,0.06796625256538391,0.001530832494609058,0.041010912507772446,0.3454539477825165,0.04430197551846504,1,214,1.9583033036376625,58,45,111,21492.64453125,0.3891602158546448,0.249292254447937,0.3446040749549866,0.16485075652599335,0.17975331842899323,182,17,2,186,-5,11,13,-2,0.27102803738317754,0.029640384018421173,0.024067169055342674,0.16485075652599335,0.0144084133207798,0.016943378373980522,0.0,0.07733447849750519,0.01604560762643814,0.05897743999958038,0.03433593735098839,0.013967840000987053,0.0301669929176569,0.12444212287664413,0.059178903698921204,0.03974844142794609,0.0,0.15011294186115265,0.0,0.11544539034366608,0.030333755537867546,0.023420779034495354,0.0,6,0.0071935492273278445,13,7,-14,-415.576171875,-0.20834863185882568,0.013710200786590576,0.21023035049438477,16,9,1,-74,8,9,-0.02557349192863209
g14422.t1,g8235.t1,0.8087,26.7,1,377,3.4141311346407037,93,68,216,45103.453125,0.2616634666919708,0.3145035207271576,0.4116315543651581,0.2699763774871826,0.14165516197681427,221,26,18,155,14,31,23,8,0.29973474801061006,0.09892790764570236,0.04272725060582161,0.03905896469950676,0.0,0.035344839096069336,0.018805289641022682,0.1117972582578659,0.016954166814684868,0.11671103537082672,0.012201462872326374,0.015881117433309555,0.010367360897362232,0.05213131755590439,0.08176255971193314,0.013089560903608799,0.004139111377298832,0.14651338756084442,0.12346299737691879,1,355,2.8641140172076254,100,47,208,39501.98828125,0.2632763683795929,0.4160918891429901,0.30910298228263855,0.14110732078552246,0.1679956614971161,239,31,2,290,-5,15,21,-6,0.323943661971831,0.07779340445995331,0.05490587279200554,0.11230247467756271,0.01600939780473709,0.011528746224939823,0.0,0.01854528859257698,0.008141733705997467,0.04532714933156967,0.07609640061855316,0.11882366240024567,0.15928956866264343,0.05365884676575661,0.041322678327560425,0.05681617930531502,0.028804849833250046,0.09020224213600159,0.0,0.03034980222582817,8.168060594471171e-05,0.04095418378710747,0.019170168787240982,22,0.5500171174330784,-7,21,8,5601.46484375,-0.0016129016876220703,-0.10158836841583252,0.10252857208251953,-18,-5,16,-135,19,14,-0.024208913961220935
g18742.t1,g1171.t1,0.8082,31.3,1,141,2.234134233405739,65,33,43,22340.64453125,0.24901485443115234,0.4033357799053192,0.34764936566352844,0.27435845136642456,0.07329091429710388,125,22,0,37,7,20,10,10,0.41134751773049644,0.055084846913814545,0.01820606179535389,0.0957537367939949,,0.060173358768224716,0.0,0.05540649965405464,0.01723221316933632,0.20961855351924896,,0.002455224050208926,,0.05549074709415436,0.034425221383571625,0.010772601701319218,0.0694064125418663,0.13949638605117798,0.13486208021640778,1,120,1.9047346753786267,29,41,50,21155.392578125,0.29619690775871277,0.30463793873786926,0.3988659977912903,0.16468693315982819,0.2341790646314621,81,4,0,73,-3,11,13,-2,0.4,0.053376950323581696,0.04056938737630844,0.11080354452133179,0.00756323616951704,0.00029923219699412584,,0.09469575434923172,0.0,0.07270863652229309,0.04630254954099655,0.07423297315835953,0.049496881663799286,0.13296613097190857,0.005338076967746019,0.0434672012925148,0.05388336256146431,0.1808021068572998,,0.03185460343956947,0.0016394328558817506,0.03439483046531677,0.007221246603876352,21,0.32939955802711207,36,-8,-7,1185.251953125,-0.047182053327560425,0.09869784116744995,-0.05121663212776184,44,18,0,-36,10,12,0.011347517730496415
g1834.t1,g9012.t1,0.808,21.6,1,243,2.863646199693217,119,17,107,34081.64453125,0.2043493390083313,0.19488437473773956,0.5843285322189331,0.5034289360046387,0.08089958876371384,171,14,6,50,32,40,11,29,0.3168724279835391,0.06507990509271622,0.015819676220417023,0.004544212017208338,0.0,0.057474903762340546,0.001607608050107956,0.07004983723163605,0.007384344004094601,0.0853864997625351,0.016437815502285957,0.005671632010489702,0.0011342527577653527,0.045636750757694244,0.031102029606699944,0.057143453508615494,0.00935889407992363,0.37455418705940247,0.128874734044075,1,135,1.5789913558240782,56,20,59,17543.365234375,0.23124690353870392,0.20493455231189728,0.5603240728378296,0.35658514499664307,0.20373888313770294,114,4,1,19,1,14,12,2,0.28888888888888886,0.06488082557916641,0.01779814623296261,0.21438825130462646,0.06040256842970848,0.0034944480285048485,0.0,0.109089694917202,0.004681243095546961,0.03365705534815788,0.03153260052204132,0.0450037457048893,0.01048334501683712,0.10658377408981323,0.00882807932794094,0.0014713465934619308,0.14219693839550018,0.13885806500911713,,0.0,0.0066498345695436,0.021792588755488396,0.0009467109339311719,108,1.284654843869139,63,-3,48,16538.279296875,-0.02689756453037262,-0.010050177574157715,0.024004459381103516,57,10,5,31,31,27,0.027983539094650234
g14118.t1,g11512.t2,0.8066,25.4,1,254,2.6220260721517694,119,25,110,33774.765625,0.266379177570343,0.22675377130508423,0.50486820936203,0.36377838253974915,0.1410898119211197,209,18,0,245,7,26,18,8,0.3425196850393701,0.09757845848798752,0.043511345982551575,0.11641747504472733,0.009727680124342442,0.06283312290906906,0.008988352492451668,0.038831133395433426,0.0042814831249415874,0.019859209656715393,0.001998889958485961,0.014043097384274006,0.000668718887027353,0.06847729533910751,0.05186079442501068,0.0069628930650651455,0.03214838728308678,0.23096702992916107,0.13281136751174927,1,235,1.7735180916047992,119,28,88,20234.046875,0.15217816829681396,0.3841288089752197,0.4219917953014374,0.23235811293125153,0.18963368237018585,204,7,0,321,-4,16,12,4,0.225531914893617,0.0735679417848587,0.011640670709311962,0.1382855623960495,0.006059527397155762,0.04170118644833565,,0.02327267825603485,0.0354820117354393,0.006773217581212521,0.23693333566188812,0.043157968670129776,0.02591170184314251,0.03589966148138046,0.05049831420183182,0.047041065990924835,0.09407256543636322,0.11606574803590775,0.0,0.006892688572406769,0.006744133774191141,0.03569205105304718,0.022341249510645866,19,0.8485079805469702,0,-3,22,13540.71875,0.11420100927352905,-0.1573750376701355,0.08287641406059265,5,11,0,-76,11,4,0.11698777014575307
g8504.t2,g12926.t1,0.8048,20.6,1,698,4.143144801139897,290,111,297,55399.51953125,0.1499190330505371,0.20841966569423676,0.6033775210380554,0.3727097809314728,0.23066772520542145,603,70,0,205,-1,56,50,6,0.19627507163323782,0.20337557792663574,0.027292149141430855,0.023468632251024246,0.0014156568795442581,0.012950246222317219,0.009747013449668884,0.02660437487065792,0.038364432752132416,0.04603957384824753,0.0382838137447834,0.020565493032336235,0.0006988969398662448,0.044258393347263336,0.05527980625629425,0.00996926799416542,0.011336428113281727,0.23320883512496948,0.1395009458065033,1,628,2.8542122465829305,240,157,231,33749.7578125,0.2880353331565857,0.20139522850513458,0.4962936043739319,0.24307668209075928,0.2532169222831726,585,82,6,444,-10,30,36,-6,0.15605095541401273,0.11491430550813675,0.0620603933930397,0.14353767037391663,0.015665361657738686,0.014275921508669853,0.0,0.06554024666547775,0.03914441168308258,0.04625831916928291,0.04942089319229126,0.025665128603577614,0.012297791428864002,0.05518259480595589,0.026218339800834656,0.010129459202289581,0.09953900426626205,0.13830262422561646,0.004743741359561682,0.057419486343860626,0.019684407860040665,0.040342800319194794,0.01729769818484783,70,1.2889325545569665,50,-46,66,21649.76171875,-0.13811630010604858,0.007024437189102173,0.10708391666412354,18,-12,-6,-239,9,12,0.04022411621922509
g6828.t1,g11445.t1,0.8046,59.7,1,215,2.1107961844719565,70,49,96,23851.064453125,0.2324720174074173,0.23320326209068298,0.5310781002044678,0.4260903000831604,0.1049877405166626,170,13,10,112,5,25,15,10,0.2651162790697674,0.08912437409162521,0.015863370150327682,0.08834384381771088,0.011362530291080475,0.023290572687983513,0.015919310972094536,0.012986776418983936,0.04890928789973259,0.100519560277462,0.003246694104745984,0.011363429017364979,0.0,0.031980495899915695,0.038705743849277496,0.006087551359087229,0.0013527891132980585,0.30504298210144043,0.12104734033346176,1,216,1.9476511900928244,70,50,96,22576.60546875,0.21458657085895538,0.18186898529529572,0.6022826433181763,0.4411699175834656,0.1611127406358719,173,35,6,83,4,24,18,6,0.24537037037037038,0.04217647761106491,0.005287872161716223,0.4136471152305603,0.05066657066345215,0.0012617789907380939,0.008841794915497303,0.022966105490922928,0.011403465643525124,0.007535421289503574,0.017038550227880478,0.01927921175956726,0.052775923162698746,0.04291854053735733,0.0,0.11443676799535751,0.02752281352877617,0.11893627047538757,0.0,0.01369381882250309,0.029611481353640556,0.03336285054683685,0.04149053245782852,-1,0.1631449943791321,0,-1,0,1274.458984375,0.017885446548461914,0.05133427679538727,-0.0712045431137085,-3,-22,4,29,1,4,0.019745908699397047
g15163.t1,g9583.t1,0.8027,56.2,1,324,2.188264981103039,206,6,112,26601.05859375,0.375009685754776,0.271691232919693,0.32308104634284973,0.2338697612285614,0.08921130746603012,287,11,2,962,5,15,10,5,0.19444444444444445,0.037844181060791016,0.051367126405239105,0.06734538823366165,0.009213297627866268,0.05283500254154205,0.0,0.049231499433517456,0.02667359635233879,0.09690205752849579,0.03021797351539135,0.01581483706831932,0.10719285905361176,0.02890351600944996,0.05089172348380089,0.004851756617426872,0.0683174729347229,0.1082172840833664,0.12565244734287262,1,315,2.0844313996716526,214,6,95,24491.787109375,0.30830931663513184,0.1918075680732727,0.4807543158531189,0.32994046807289124,0.15081386268138885,279,11,10,1160,4,18,10,8,0.1873015873015873,0.033995434641838074,0.07548697292804718,0.2011800855398178,0.011856593191623688,0.01912880688905716,0.0006671174196526408,0.027078991755843163,0.007961048744618893,0.03016844391822815,0.03022271767258644,0.022104861214756966,0.01788359135389328,0.07306808233261108,0.01373658049851656,0.074513740837574,0.12876036763191223,0.11681843549013138,0.042167820036411285,0.033300165086984634,0.03990011289715767,0.01746317557990551,0.051064733415842056,9,0.10383358143138643,-8,0,17,2109.271484375,0.06670036911964417,0.07988366484642029,-0.15767326951026917,8,0,-8,-198,1,-3,0.007142857142857145
g1834.t1,g4997.t1,0.8024,17.4,1,243,2.863646199693217,119,17,107,34081.64453125,0.2043493390083313,0.19488437473773956,0.5843285322189331,0.5034289360046387,0.08089958876371384,171,14,6,50,32,40,11,29,0.3168724279835391,0.06507990509271622,0.015819676220417023,0.004544212017208338,0.0,0.057474903762340546,0.001607608050107956,0.07004983723163605,0.007384344004094601,0.0853864997625351,0.016437815502285957,0.005671632010489702,0.0011342527577653527,0.045636750757694244,0.031102029606699944,0.057143453508615494,0.00935889407992363,0.37455418705940247,0.128874734044075,1,138,1.5868745822260062,56,21,61,17692.1484375,0.25998958945274353,0.107037253677845,0.6242747902870178,0.38177093863487244,0.24250388145446777,100,13,14,40,0,15,14,1,0.3115942028985507,0.07206491380929947,0.006200636271387339,0.2910688817501068,0.059771593660116196,0.008698347955942154,0.0,0.10693934559822083,0.010916780680418015,0.037904199212789536,0.03468244895339012,0.016582204028964043,0.009114423766732216,0.032355327159166336,0.006200636271387339,0.0,0.09070204943418503,0.1704389601945877,0.00036474328953772783,0.042608439922332764,0.0033860632684081793,0.021792588755488396,0.0009467109339311719,105,1.276771617467211,63,-4,46,16389.49609375,-0.05564025044441223,0.08784712105989456,-0.03994625806808472,71,1,-8,10,32,28,0.005278225084988375
g16684.t1,g8565.t2,0.8021,56.1,1,575,4.080729058303957,154,145,276,68731.2578125,0.2497273087501526,0.20671933889389038,0.5382852554321289,0.3194403648376465,0.218844935297966,446,58,5,440,-12,63,55,8,0.30782608695652175,0.13533951342105865,0.08350542932748795,0.027133850380778313,0.008653063327074051,0.06031638756394386,0.00224476819857955,0.06487561762332916,0.018871638923883438,0.08118602633476257,0.0052681127563118935,0.013012931682169437,0.004892556928098202,0.022548621520400047,0.05891791731119156,0.025861000642180443,0.006737368181347847,0.25339263677597046,0.06604774296283722,1,532,3.991407002168414,88,144,300,67276.4921875,0.21847541630268097,0.18659284710884094,0.5795081257820129,0.2817804515361786,0.29772767424583435,375,55,2,345,-31,48,69,-21,0.3157894736842105,0.07925895601511002,0.04999113082885742,0.20925314724445343,0.01586803048849106,0.015423604287207127,0.001262882025912404,0.019717024639248848,0.010368571616709232,0.058294229209423065,0.03637539595365524,0.01892482489347458,0.032336123287677765,0.06749165058135986,0.028503095731139183,0.008101873099803925,0.07252730429172516,0.21846869587898254,0.004987786989659071,0.03301222622394562,0.019833402708172798,0.026431571692228317,0.034763310104608536,43,0.089322056135543,66,1,-24,1454.765625,0.03125189244747162,0.02012649178504944,-0.04122287034988403,71,3,3,95,19,29,-0.00796338672768876
g11288.t1,g1094.t1,0.8012,18.0,1,148,1.6435495604508368,46,43,59,18673.5625,0.25120216608047485,0.37346258759498596,0.369633287191391,0.1989503800868988,0.1706829071044922,131,25,0,103,0,13,14,-1,0.30405405405405406,0.10109744966030121,0.06958544254302979,0.08731590956449509,,0.09604458510875702,0.013198227621614933,0.03818589076399803,0.0,0.08586383610963821,0.005701966118067503,0.015793969854712486,0.0,0.013661438599228859,0.1587366759777069,0.009196554310619831,0.04173007234930992,0.1522035002708435,0.046746861189603806,1,142,1.538883528685902,51,41,50,16405.1953125,0.23273888230323792,0.24010226130485535,0.5260013341903687,0.2825257182121277,0.24347558617591858,125,15,0,111,0,13,14,-1,0.2676056338028169,0.1459747701883316,0.030757427215576172,0.07892309874296188,0.000590034993365407,0.0011576287215575576,0.0,0.10950736701488495,0.022138839587569237,0.015966197475790977,0.11704929918050766,0.00826048944145441,0.05285204201936722,0.03864843025803566,0.03441870957612991,0.0025568180717527866,0.2036026120185852,0.09750083833932877,0.0,0.038942307233810425,0.0011531661730259657,0.06027233228087425,0.0046652453020215034,6,0.10466603176493483,-5,2,9,2268.3671875,0.01846328377723694,0.13336032629013062,-0.15636804699897766,6,10,0,-8,0,0,0.03644842025123718
g18089.t1,g718.t1,0.799,30.2,1,174,1.647493245579111,6,75,93,17972.796875,0.32502490282058716,0.16811911761760712,0.4487570822238922,0.3633829951286316,0.08537406474351883,119,18,0,80,3,17,7,10,0.23563218390804597,0.02508663386106491,0.06028743460774422,0.016336673870682716,0.0,0.08232708275318146,0.05146504566073418,0.06714136898517609,0.052388228476047516,0.0033460878767073154,0.058098871260881424,0.05031820759177208,0.00017610989743843675,0.014491756446659565,0.07008592784404755,0.051730964332818985,0.016405127942562103,0.3503371775150299,0.013045787811279297,1,455,2.5047658421843813,116,152,187,30796.2578125,0.24420078098773956,0.25104308128356934,0.5047560930252075,0.33623242378234863,0.1685236692428589,337,31,0,223,3,27,22,5,0.16483516483516483,0.07073919475078583,0.0024097266141325235,0.22737936675548553,0.02178514562547207,0.0,,0.08174999803304672,0.01842702366411686,0.03782223165035248,0.11285688728094101,0.04517810046672821,0.04470506310462952,0.029773617163300514,0.011210468597710133,0.011524779722094536,0.1088530570268631,0.09778445959091187,0.013554444536566734,0.06414398550987244,0.0001023821096168831,0.012325191870331764,0.004606227856129408,-281,-0.8572725966052703,-110,-77,-94,-12823.4609375,0.0808241218328476,-0.08292396366596222,-0.05599901080131531,-218,-13,0,-143,0,5,0.07079701907288113
g11393.t1,g5974.t1,0.7983,19.6,1,453,3.1807827372787463,259,43,151,40794.1875,0.36703988909721375,0.1968747079372406,0.4257473051548004,0.255401611328125,0.17034569382667542,381,17,6,581,5,26,14,12,0.23178807947019867,0.13907575607299805,0.03126996383070946,0.05251433327794075,0.0,0.05234655365347862,0.006125751417130232,0.03303935378789902,0.04278946667909622,0.05608123913407326,0.01033803354948759,0.07454867660999298,0.013420289382338524,0.01627698726952076,0.06293577700853348,0.06136556714773178,0.0241057351231575,0.10724706947803497,0.14815454185009003,1,458,3.021324407539561,266,41,151,36487.6875,0.2659115493297577,0.3388098180294037,0.35039207339286804,0.21654891967773438,0.13384316861629486,408,18,4,531,3,22,15,7,0.22489082969432314,0.0621529221534729,0.04668815806508064,0.15773463249206543,0.061162181198596954,0.04488655552268028,0.0011642593890428543,0.035046931356191635,0.02194865420460701,0.015740247443318367,0.08413992822170258,0.0862993523478508,0.03951628506183624,0.09055639803409576,0.05792057141661644,0.014855963177978992,0.05881427973508835,0.07169025391340256,0.02306634560227394,0.011431174352765083,0.01518493052572012,0.03134922683238983,0.037015657871961594,-5,0.15945832973918517,-7,2,0,4306.5,0.10112833976745605,-0.14193511009216309,0.07535523176193237,-27,-1,2,50,2,5,0.006897249775875525
g14442.t1,g3263.t1,0.7967,29.7,1,166,2.0664616875148276,88,14,64,21574.732421875,0.17131900787353516,0.15461423993110657,0.6585189700126648,0.2952336370944977,0.3632853925228119,153,19,4,93,-11,17,28,-11,0.3313253012048193,0.24035130441188812,0.12293408811092377,0.0067298440262675285,0.0,0.08953902870416641,0.002195547567680478,0.048291683197021484,0.0,0.038698695600032806,0.015547730028629303,0.015254313126206398,0.009709510020911694,0.036010898649692535,0.04423175007104874,0.0,0.0,0.21317221224308014,0.08206142485141754,1,103,1.4671133239361722,50,13,40,15430.1552734375,0.2887405455112457,0.28473910689353943,0.40149515867233276,0.11794665455818176,0.2835485637187958,87,9,0,131,-8,6,16,-10,0.33980582524271846,0.10245021432638168,0.06461391597986221,0.07344137132167816,0.013382818549871445,0.025025181472301483,0.0,0.0859358161687851,0.027059245854616165,0.03366615250706673,0.0663822665810585,0.03912413865327835,0.08598718792200089,0.058421406894922256,0.0,0.07904227077960968,0.044505298137664795,0.1810983121395111,,0.012099575251340866,0.007764889858663082,0.033477336168289185,0.001794625073671341,63,0.5993483635786554,38,1,24,6144.5771484375,-0.11742153763771057,-0.13012486696243286,0.25702381134033203,66,10,4,-38,-3,-1,-0.008480524037899173
g8119.t1,g13047.t1,0.793,31.7,1,454,2.6985369540459976,34,192,228,38544.95703125,0.3537863790988922,0.5526947379112244,0.09343673288822174,0.06815601885318756,0.025280717760324478,396,19,0,587,-2,8,5,3,0.2687224669603524,0.021354306489229202,0.003926409874111414,0.04444929212331772,0.0,0.03248172998428345,0.006724793463945389,0.11800386011600494,0.04993181675672531,0.028499169275164604,8.211677049985155e-05,0.014730813913047314,0.005153413396328688,0.2217242270708084,0.06270694732666016,0.02653564140200615,0.01330507081001997,0.04524859040975571,0.022907420992851257,1,279,1.9681286102616342,0,137,142,23090.890625,0.28933829069137573,0.5024665594100952,0.1688491851091385,0.06314606964588165,0.10570310056209564,197,17,1,300,-5,8,8,0,0.23655913978494625,0.004232949111610651,0.06804332137107849,0.05094638094305992,0.03381393104791641,0.03934599086642265,0.0,0.03002389334142208,0.016151180490851402,0.06381630897521973,0.10259436070919037,0.12424972653388977,0.1452549546957016,0.10697577148675919,0.03307110816240311,0.005309831816703081,0.012199687771499157,0.10147015005350113,0.003972598351538181,0.051287297159433365,0.007240600883960724,0.2197345793247223,0.062499821186065674,175,0.7304083437843634,34,55,86,15454.06640625,0.06444808840751648,0.05022817850112915,-0.07541245222091675,199,2,-1,287,3,3,0.03216332717540615
g13714.t1,g299.t2,0.7923,50.9,1,112,4.715270006503892,105,0,7,28262.30859375,0.2417970597743988,0.17250797152519226,0.5824472308158875,0.3861323595046997,0.19631479680538177,121,12,0,8,0,27,25,2,0.7142857142857143,0.12541335821151733,0.07090142369270325,0.07526253908872604,0.010242555290460587,0.06070423871278763,0.00011416428606025875,,0.04577988013625145,0.04656980559229851,0.0032478035427629948,0.017467135563492775,,0.012778591364622116,0.010631154291331768,0.0325368195772171,0.038066256791353226,0.27458062767982483,0.11155176907777786,1,111,4.699536030376208,101,0,10,28271.99609375,0.2588263750076294,0.23364299535751343,0.49591028690338135,0.31098130345344543,0.1849290132522583,113,8,0,7,-2,21,22,-1,0.7387387387387387,0.06425042450428009,0.07509435713291168,0.2195935696363449,0.038231927901506424,0.011620333418250084,,0.0525040365755558,0.0,0.0027390040922909975,0.08389104902744293,0.003241980914026499,0.026990067213773727,0.004477762617170811,0.03298217058181763,0.03457992523908615,0.09138771891593933,0.12067859619855881,,0.022694941610097885,0.11504213511943817,0.05410544574260712,0.010046456940472126,1,0.01573397612768357,4,0,-3,-9.6875,-0.01702931523323059,-0.06113502383232117,0.0865369439125061,8,4,0,1,2,3,-0.02445302445302444
g11483.t1,g7034.t1,0.7907,34.0,1,189,2.7487863981264047,61,25,103,28982.81640625,0.29926812648773193,0.13256078958511353,0.5681711435317993,0.18292416632175446,0.38524696230888367,135,18,0,105,-15,15,30,-15,0.3492063492063492,0.11111834645271301,0.27412861585617065,0.0912008211016655,0.0,0.10641955584287643,0.00454153073951602,0.019173135980963707,0.02059534192085266,0.03505813330411911,0.0,0.02082018554210663,0.0,0.009786550886929035,0.036247774958610535,0.002431409666314721,0.016356637701392174,0.15256404876708984,0.030360126867890358,1,240,2.7791191544280767,80,30,130,32867.2421875,0.11362022161483765,0.25118574500083923,0.6344106197357178,0.4311927556991577,0.20321787893772125,166,18,1,140,4,29,24,5,0.3333333333333333,0.09240642189979553,0.0099214818328619,0.2572593688964844,0.007317917421460152,0.0007834856514818966,0.0,0.01631738990545273,0.020189011469483376,0.026773294433951378,0.04831886664032936,0.04153231158852577,0.041488468647003174,0.08292671293020248,0.014627189375460148,0.01668650284409523,0.17393335700035095,0.11081144213676453,9.816906094783917e-05,0.02187827229499817,0.01673034206032753,0.030570155009627342,0.03862764686346054,-51,-0.03033275630167198,-19,-5,-27,-3884.42578125,0.1856479048728943,-0.11862495541572571,-0.06623947620391846,-31,0,-1,-35,-19,-20,0.015873015873015872
g906.t1,g12056.t1,0.7899,20.8,1,885,3.0482095969791447,255,200,430,38557.953125,0.17850589752197266,0.461465060710907,0.3357546925544739,0.20882365107536316,0.12693101167678833,831,95,50,819,-13,26,22,4,0.14350282485875707,0.04932607710361481,0.07760494202375412,0.02967984415590763,0.0026984973810613155,0.012129584327340126,0.033295173197984695,0.06835711747407913,0.012301022186875343,0.12008362263441086,0.024274324998259544,0.022870942950248718,0.01563073694705963,0.07128219306468964,0.16069786250591278,0.006490825675427914,0.009023870341479778,0.12655186653137207,0.0822717696428299,1,811,2.9706196934235773,285,142,384,49098.13671875,0.3098304867744446,0.32275691628456116,0.3512864112854004,0.1539899855852127,0.1972963809967041,744,72,3,737,-30,24,43,-19,0.17879161528976573,0.15206122398376465,0.09228171408176422,0.10934187471866608,0.029046589508652687,0.016126209869980812,0.0,0.027876123785972595,0.025278758257627487,0.06569167226552963,0.058903228491544724,0.06515660136938095,0.07664857804775238,0.07739368081092834,0.01932058297097683,0.021423503756523132,0.04464810714125633,0.045235175639390945,0.002365785650908947,0.05182451382279396,0.01937607303261757,0.06438387930393219,0.011045817285776138,74,0.07758990355556739,-30,58,46,-10540.18359375,-0.13132458925247192,0.13870814442634583,-0.015531718730926514,87,23,47,82,17,23,-0.03528879043100866
g11474.t1,g6462.t1,0.7887,26.6,1,473,3.3269149382233048,213,93,167,37388.3515625,0.35942479968070984,0.3589065670967102,0.2556086480617523,0.20251740515232086,0.053091228008270264,403,16,24,694,8,18,12,6,0.23255813953488372,0.022435901686549187,0.030655328184366226,0.1064034104347229,0.006283423397690058,0.044190775603055954,0.02690058760344982,0.041783783584833145,0.021966414526104927,0.10422976315021515,0.02606000192463398,0.018567338585853577,0.02890988439321518,0.05149165168404579,0.04668306186795235,0.024940168485045433,0.013767817057669163,0.10641786456108093,0.09609954059123993,1,279,2.1570645829597366,189,9,81,25126.244140625,0.5305017232894897,0.19516022503376007,0.27331075072288513,0.23412995040416718,0.03918083384633064,235,13,2,465,10,14,6,8,0.21863799283154123,0.018822863698005676,0.08730313181877136,0.1985209733247757,0.10918278247117996,0.001027307123877108,0.0,0.07094191014766693,0.0020370485726743937,0.04069533199071884,0.001882286393083632,0.031133389100432396,0.046899355947971344,0.05348490551114082,0.014075702987611294,0.12461581826210022,0.035608984529972076,0.020357968285679817,0.05615470930933952,0.027532357722520828,0.05972324684262276,0.10955024510622025,0.07266306132078171,194,1.1698503552635682,24,84,86,12262.107421875,-0.1710769236087799,0.16374634206295013,-0.017702102661132812,168,3,22,229,-2,-2,0.01392014670334249
g906.t1,g7486.t1,0.7886,22.2,1,885,3.0482095969791447,255,200,430,38557.953125,0.17850589752197266,0.461465060710907,0.3357546925544739,0.20882365107536316,0.12693101167678833,831,95,50,819,-13,26,22,4,0.14350282485875707,0.04932607710361481,0.07760494202375412,0.02967984415590763,0.0026984973810613155,0.012129584327340126,0.033295173197984695,0.06835711747407913,0.012301022186875343,0.12008362263441086,0.024274324998259544,0.022870942950248718,0.01563073694705963,0.07128219306468964,0.16069786250591278,0.006490825675427914,0.009023870341479778,0.12655186653137207,0.0822717696428299,1,771,2.692720617187866,253,144,374,36338.34765625,0.2587577700614929,0.3873477280139923,0.3521186411380768,0.13871410489082336,0.21340452134609222,683,71,0,787,-24,18,34,-16,0.14656290531776914,0.16977640986442566,0.06103408709168434,0.052136149257421494,0.037825293838977814,0.0017758352914825082,0.00143882364500314,0.024433638900518417,0.03287152573466301,0.04688352346420288,0.07054289430379868,0.059586893767118454,0.03977152705192566,0.14799901843070984,0.006659382954239845,0.010921387001872063,0.08657795935869217,0.043628111481666565,0.010108091868460178,0.06089238077402115,0.03513704985380173,0.06438387930393219,0.011045817285776138,114,0.3554889797912786,2,56,56,2219.60546875,-0.08025187253952026,0.07411733269691467,-0.016363948583602905,148,24,50,32,11,20,-0.003060080459012071
g10208.t1,g11114.t1,0.7873,28.4,1,144,1.4792408304801195,47,42,55,15679.07421875,0.28581514954566956,0.2108878642320633,0.48706090450286865,0.31847214698791504,0.1685887575149536,141,28,0,51,3,16,10,6,0.2638888888888889,0.016812879592180252,0.15177586674690247,0.0,0.0,0.0870867371559143,0.06129373237490654,0.05903201177716255,0.07634688913822174,0.035292062908411026,0.01623603142797947,0.05738167464733124,0.0,0.004938882309943438,0.06436818838119507,0.00020578678231686354,0.0,0.2674552798271179,0.05101688578724861,1,141,1.515511551922346,50,45,46,15587.2294921875,0.23531417548656464,0.249876007437706,0.5099362730979919,0.19259600341320038,0.31734028458595276,126,18,0,182,-3,13,17,-4,0.2907801418439716,0.09527391195297241,0.04077887162566185,0.1681300550699234,0.0,0.004873508121818304,0.0,0.04723329469561577,0.008279974572360516,0.04864484816789627,0.06260806322097778,0.03482178971171379,0.023902732878923416,0.12026344239711761,0.016145948320627213,0.0006068401853553951,0.024465953931212425,0.22206641733646393,0.0,0.08190437406301498,0.0,0.04499499499797821,0.005762029904872179,3,-0.03627072144222665,-3,-3,9,91.8447265625,0.05050097405910492,-0.0389881432056427,-0.02287536859512329,15,10,0,-131,6,10,-0.026891252955082712
g15733.t1,g13611.t1,0.7872,31.5,1,220,2.971217664697226,52,42,126,31482.15625,0.5242499113082886,0.2743225693702698,0.20142753422260284,0.15952913463115692,0.04189838469028473,156,5,87,177,2,8,6,2,0.38181818181818183,0.03328535705804825,0.008613030426204205,0.10609789937734604,0.009860794059932232,0.05667645111680031,0.006158310454338789,0.07020635902881622,0.06456749886274338,0.041061464697122574,0.0,0.007789095863699913,0.020064277574419975,0.07543929666280746,0.041376836597919464,0.026954371482133865,0.03737553209066391,0.043396662920713425,0.1161324679851532,1,232,2.7528453139032854,80,48,104,30584.92578125,0.40421542525291443,0.2848409116268158,0.3044291138648987,0.22581712901592255,0.07861194759607315,177,9,83,252,3,12,8,4,0.3577586206896552,0.04809744656085968,0.054926637560129166,0.05723715201020241,0.06728874891996384,0.00651458790525794,0.007892120629549026,0.1072719395160675,0.015020866878330708,0.057976361364126205,0.05261583998799324,0.10808202624320984,0.041063547134399414,0.04197222739458084,0.028689736500382423,0.056861620396375656,0.16857996582984924,0.03051450289785862,0.010125480592250824,0.02107488177716732,0.01819426566362381,0.06305032968521118,0.17189396917819977,-12,0.21837235079394057,-28,-6,22,897.23046875,0.12003448605537415,-0.01051834225654602,-0.10300157964229584,-21,-4,4,-75,-1,-2,0.02405956112852664
g906.t1,g7486.t2,0.7863,22.5,1,885,3.0482095969791447,255,200,430,38557.953125,0.17850589752197266,0.461465060710907,0.3357546925544739,0.20882365107536316,0.12693101167678833,831,95,50,819,-13,26,22,4,0.14350282485875707,0.04932607710361481,0.07760494202375412,0.02967984415590763,0.0026984973810613155,0.012129584327340126,0.033295173197984695,0.06835711747407913,0.012301022186875343,0.12008362263441086,0.024274324998259544,0.022870942950248718,0.01563073694705963,0.07128219306468964,0.16069786250591278,0.006490825675427914,0.009023870341479778,0.12655186653137207,0.0822717696428299,1,811,2.8208824909502046,260,143,408,43783.2890625,0.3659014105796814,0.39021310210227966,0.23847511410713196,0.08119624108076096,0.1572788804769516,705,83,0,786,-27,18,32,-14,0.15166461159062886,0.11527945101261139,0.08955881744623184,0.0355779305100441,0.06335965543985367,0.005410460289567709,0.006098510697484016,0.07898344099521637,0.03961583226919174,0.04551214352250099,0.07234109193086624,0.07327555119991302,0.053394753485918045,0.12303740531206131,0.013559614308178425,0.007443048991262913,0.045618314296007156,0.04199942573904991,0.005745294503867626,0.06173938512802124,0.022449949756264687,0.06438387930393219,0.011045817285776138,74,0.22732710602894013,-5,57,22,-5225.3359375,-0.18739551305770874,0.07125195860862732,0.09727957844734192,126,12,50,33,14,18,-0.00816178673187179
g16599.t1,g4997.t1,0.7856,17.7,1,111,1.370954604937526,55,20,36,14863.111328125,0.23938480019569397,0.23204532265663147,0.5285698771476746,0.47354772686958313,0.05502215027809143,104,7,3,49,11,17,5,12,0.24324324324324326,0.013808570802211761,0.04121357575058937,0.05492229387164116,0.0,0.12042268365621567,0.001060674898326397,0.005210020113736391,0.02018882893025875,0.06962050497531891,0.0,0.027786774560809135,,0.0036904311273247004,0.01138492114841938,0.0,0.11401324719190598,0.34518125653266907,0.12836645543575287,1,138,1.5868745822260062,56,21,61,17692.1484375,0.25998958945274353,0.107037253677845,0.6242747902870178,0.38177093863487244,0.24250388145446777,100,13,14,40,0,15,14,1,0.3115942028985507,0.07206491380929947,0.006200636271387339,0.2910688817501068,0.059771593660116196,0.008698347955942154,0.0,0.10693934559822083,0.010916780680418015,0.037904199212789536,0.03468244895339012,0.016582204028964043,0.009114423766732216,0.032355327159166336,0.006200636271387339,0.0,0.09070204943418503,0.1704389601945877,0.00036474328953772783,0.042608439922332764,0.0033860632684081793,0.032275572419166565,0.010854208841919899,-27,-0.2159199772884801,-1,-1,-25,-2829.037109375,-0.02060478925704956,0.12500806897878647,-0.09570491313934326,4,-6,-11,9,11,11,-0.06835095965530746
g2428.t1,g14180.t1,0.7848,40.0,1,229,2.681107068061874,175,0,54,30427.09765625,0.40167301893234253,0.2499607801437378,0.33474522829055786,0.24531026184558868,0.08943500369787216,197,11,0,169,12,17,8,9,0.31004366812227074,0.06663765758275986,0.022797338664531708,0.08541040122509003,0.0,0.09142757952213287,0.00031087282695807517,0.05283994600176811,0.036478400230407715,0.11053779721260071,0.013620920479297638,0.0006362512358464301,0.017284823581576347,0.041312478482723236,0.024219568818807602,0.0271467175334692,0.02037871442735195,0.17423275113105774,0.07107750326395035,1,199,2.285819372819152,152,0,47,24876.33984375,0.3836939334869385,0.3334325850009918,0.22084681689739227,0.19953861832618713,0.021308178082108498,185,12,0,149,9,12,1,11,0.2964824120603015,0.0006337318918667734,0.11532419174909592,0.12522736191749573,0.04591500386595726,0.06202670559287071,0.0,0.08708476275205612,0.007952900603413582,0.02127135917544365,0.10040304064750671,0.06535074859857559,0.055025964975357056,0.0611131489276886,0.0421181283891201,0.007911909371614456,0.0743112564086914,0.0206744447350502,0.04007342457771301,0.023995133116841316,0.04358677938580513,0.0532013475894928,0.09044887125492096,30,0.3952876952427218,23,0,7,5550.7578125,0.017979085445404053,-0.08347180485725403,0.11389841139316559,12,-1,0,20,3,-2,0.013561256061969229
g9383.t2,g970.t2,0.7833,38.5,1,196,2.3364244220676427,77,25,94,25070.458984375,0.3930000364780426,0.29029107093811035,0.3107519745826721,0.17819742858409882,0.1325545608997345,140,5,66,194,-4,10,13,-3,0.30612244897959184,0.021102916449308395,0.1114516481757164,0.04144112020730972,0.022107373923063278,0.04885967820882797,0.009006491862237453,0.020117739215493202,0.0235519427806139,0.03431864082813263,0.005956898909062147,0.06810957938432693,,0.04347562417387962,0.11663414537906647,0.042342010885477066,0.026802612468600273,0.10369668900966644,0.07450071722269058,1,157,1.9221703628763276,55,16,86,20758.787109375,0.27822765707969666,0.4835543632507324,0.22788099944591522,0.05100631341338158,0.17687468230724335,110,12,57,146,-5,7,12,-5,0.33121019108280253,0.13343505561351776,0.12041603028774261,0.04475485533475876,0.0,0.010336983948946,0.008699207566678524,0.02188141830265522,0.00310506415553391,0.045042917132377625,0.051783423870801926,0.09218000620603561,0.05116751417517662,0.18237343430519104,0.03745872154831886,0.007188289891928434,0.006251458078622818,0.043439626693725586,0.022381974384188652,0.023858319967985153,0.09424570202827454,0.03794621676206589,0.1485780030488968,39,0.4142540591913151,22,9,8,4311.671875,0.11477237939834595,-0.19326329231262207,0.0828709751367569,30,-7,9,48,1,2,-0.025087742103210686
g13973.t1,g10318.t1,0.783,12.4,1,139,1.4653399776339953,50,47,42,15485.7666015625,0.24038146436214447,0.34224724769592285,0.41695457696914673,0.2768353819847107,0.14011918008327484,138,20,1,224,2,11,8,3,0.302158273381295,0.08575113862752914,0.054368048906326294,0.008750935085117817,0.0,0.07325372844934464,0.0075008017010986805,0.010834491811692715,0.06832639127969742,0.07575986534357071,0.00041671120561659336,0.06879813969135284,0.0,0.05815906077623367,0.1639871895313263,0.010417780838906765,0.0012263826793059707,0.21735695004463196,0.059478454291820526,1,141,1.4699785701813557,43,45,53,15474.447265625,0.3189825117588043,0.22639073431491852,0.4183780550956726,0.24670279026031494,0.17167524993419647,123,19,0,47,0,14,11,3,0.2765957446808511,0.09108294546604156,0.09271951764822006,0.21310225129127502,0.0544205904006958,0.036248672753572464,,0.03769633173942566,0.03743031248450279,0.013879716396331787,0.0696689784526825,0.025673048570752144,0.0212535560131073,0.07236485183238983,0.07589216530323029,0.0033266206737607718,0.03360053896903992,0.08059230446815491,0.000203754345420748,0.04084379971027374,0.0,0.035613905638456345,0.0,-2,-0.004638592547360432,7,2,-11,11.3193359375,-0.07860104739665985,0.11585651338100433,-0.001423478126525879,15,1,1,177,2,0,0.0255625287004439
g11483.t1,g6798.t1,0.7828,75.7,1,189,2.7487863981264047,61,25,103,28982.81640625,0.29926812648773193,0.13256078958511353,0.5681711435317993,0.18292416632175446,0.38524696230888367,135,18,0,105,-15,15,30,-15,0.3492063492063492,0.11111834645271301,0.27412861585617065,0.0912008211016655,0.0,0.10641955584287643,0.00454153073951602,0.019173135980963707,0.02059534192085266,0.03505813330411911,0.0,0.02082018554210663,0.0,0.009786550886929035,0.036247774958610535,0.002431409666314721,0.016356637701392174,0.15256404876708984,0.030360126867890358,1,197,3.0713599062719923,57,25,115,31912.578125,0.2983247637748718,0.13884663581848145,0.5628286004066467,0.1421707272529602,0.4206578731536865,139,21,0,97,-22,12,35,-23,0.3401015228426396,0.2878321707248688,0.10221962630748749,0.09331035614013672,0.0,0.0,0.0,0.1136746034026146,0.005103378556668758,0.02244548499584198,0.03668307885527611,0.030109502375125885,0.007684039417654276,0.0430903434753418,0.0017187984194606543,0.040267445147037506,0.04886039346456528,0.13282568752765656,0.0,0.017998818308115005,0.016176290810108185,0.030570155009627342,0.03862764686346054,-8,-0.3225735081455876,4,0,-12,-2929.76171875,0.0009433627128601074,-0.00628584623336792,0.005342543125152588,-4,-3,0,8,7,8,0.009104826363709573
g18063.t1,g1741.t1,0.7824,18.8,1,808,3.7447149559394513,278,201,329,52332.88671875,0.3313768804073334,0.4566260278224945,0.19735142588615417,0.17042291164398193,0.026928531005978584,673,44,1,1021,16,22,6,16,0.17945544554455445,0.012356596998870373,0.014571933075785637,0.04011725261807442,0.008429694920778275,0.019910981878638268,0.033594559878110886,0.09497793018817902,0.03872150182723999,0.029819415882229805,0.014645579271018505,0.006348984781652689,0.031766705214977264,0.1590997576713562,0.08109504729509354,0.03466637432575226,0.028360825031995773,0.10734595358371735,0.06307695060968399,1,898,3.665355501337684,425,58,415,62099.53125,0.2265688180923462,0.24819315969944,0.49393031001091003,0.3633224368095398,0.13060787320137024,602,50,4,620,40,59,35,24,0.1870824053452116,0.08153971284627914,0.059183161705732346,0.20780690014362335,0.03251957148313522,0.03130770102143288,0.0,0.05918271839618683,0.004965266212821007,0.012106133624911308,0.07109827548265457,0.029481034725904465,0.04908732697367668,0.07735855877399445,0.013246833346784115,0.02804528921842575,0.15551553666591644,0.049068138003349304,0.017663246020674706,0.004621862433850765,0.01620270498096943,0.11622676998376846,0.06486713886260986,-90,0.07935945460176708,-147,143,-86,-9766.64453125,0.10480806231498718,0.2084328681230545,-0.29657888412475586,71,-6,-3,401,-24,-8,-0.00762695980065714
g13452.t1,g3872.t1,0.7813,19.4,1,172,1.6560846156531799,26,72,74,17761.3984375,0.1738114207983017,0.25502994656562805,0.558302104473114,0.4428313672542572,0.1154707595705986,136,22,0,77,5,19,10,9,0.2616279069767442,0.1018017902970314,0.013668964616954327,0.0,0.0,0.04881405457854271,0.04327975958585739,0.024160858243703842,0.05595146119594574,0.04403485357761383,0.01285644806921482,0.041850633919239044,0.0,0.021679164841771126,0.09992978721857071,0.003034389577805996,0.022524775937199593,0.38184335827827454,0.060988035053014755,1,132,1.5915881423843774,3,78,51,16265.4970703125,0.2229863703250885,0.12300565838813782,0.6540080308914185,0.45976561307907104,0.19424238801002502,109,23,0,80,1,19,18,1,0.29545454545454547,0.12036482244729996,0.08765582740306854,0.4319128096103668,0.001190205104649067,0.0,0.0,0.04539387300610542,0.0492158904671669,0.042035821825265884,0.00019384502957109362,0.016229335218667984,0.0009692251915112138,0.056397367268800735,0.005355922505259514,0.022613894194364548,0.02785276621580124,0.07387757301330566,0.009417559020221233,0.009323272854089737,0.0,0.023581605404615402,0.0,40,0.06449647326880248,23,-6,23,1495.9013671875,-0.049174949526786804,0.13202428817749023,-0.09570592641830444,27,-1,0,-3,4,8,-0.03382663847780126
g13452.t1,g16028.t1,0.7812,19.4,1,172,1.6560846156531799,26,72,74,17761.3984375,0.1738114207983017,0.25502994656562805,0.558302104473114,0.4428313672542572,0.1154707595705986,136,22,0,77,5,19,10,9,0.2616279069767442,0.1018017902970314,0.013668964616954327,0.0,0.0,0.04881405457854271,0.04327975958585739,0.024160858243703842,0.05595146119594574,0.04403485357761383,0.01285644806921482,0.041850633919239044,0.0,0.021679164841771126,0.09992978721857071,0.003034389577805996,0.022524775937199593,0.38184335827827454,0.060988035053014755,1,132,1.5922979450337982,3,78,51,16264.77734375,0.2194415181875229,0.12499489635229111,0.6555635929107666,0.4609294533729553,0.19463418424129486,111,23,0,81,1,18,18,0,0.29545454545454547,0.11861640959978104,0.08548661321401596,0.4334646761417389,0.0011902577243745327,0.0,0.0,0.044799450784921646,0.052328772842884064,0.03985554352402687,0.0005823110113851726,0.015883048996329308,0.0011631216621026397,0.05503763258457184,0.0061496649868786335,0.023011649027466774,0.027464790269732475,0.07601774483919144,0.009227894246578217,0.009720438160002232,0.0,0.023581605404615402,0.0,40,0.0637866706193817,23,-6,23,1496.62109375,-0.04563009738922119,0.13003505021333694,-0.09726148843765259,25,-1,0,-4,4,9,-0.03382663847780126
g6023.t1,g10710.t1,0.7801,14.5,1,204,2.880085001629629,28,52,124,37742.53515625,0.10793114453554153,0.393741250038147,0.4856419265270233,0.326989084482193,0.1586528867483139,108,11,0,103,12,25,17,8,0.4411764705882353,0.1396816521883011,0.018971223384141922,0.014179369434714317,,0.05045206472277641,0.007856594398617744,0.022782504558563232,0.0003419533313717693,0.12004337459802628,0.012685736641287804,0.0060696713626384735,0.0,0.04753238707780838,0.08596434444189072,0.013678131625056267,0.0007596499635837972,0.2902717888355255,0.03671727329492569,1,204,2.1521038815631193,67,52,85,24788.435546875,0.13171957433223724,0.2541024386882782,0.5508301258087158,0.44524574279785156,0.10558442771434784,147,8,3,127,11,23,10,13,0.29901960784313725,0.04834628850221634,0.060265641659498215,0.28690552711486816,0.001822287100367248,0.06334783136844635,0.0,0.03520066291093826,0.0036886793095618486,0.008330455981194973,0.047324132174253464,0.11445833742618561,0.022781148552894592,0.06572294980287552,0.0037747377064079046,0.0,0.158340185880661,0.057238128036260605,0.0,0.022325782105326653,0.00012719583173748106,0.13158491253852844,0.00042744161328300834,0,0.7279811200665098,-39,0,39,12954.099609375,-0.02378842979669571,0.13963881134986877,-0.0651881992816925,-39,3,-3,-24,1,-5,0.14215686274509803
g5787.t1,g8279.t1,0.7785,33.6,1,433,4.708596670616162,98,127,208,42893.83203125,0.2988559901714325,0.38366422057151794,0.3173322081565857,0.20596660673618317,0.11136560142040253,326,29,13,384,2,19,20,-1,0.2678983833718245,0.06536535173654556,0.04600025713443756,0.06433144956827164,0.012058191932737827,0.021956870332360268,0.018057405948638916,0.12960009276866913,0.025558220222592354,0.03465777263045311,0.0001475823955843225,0.009207678958773613,0.0,0.19526390731334686,0.07452766597270966,0.011204601265490055,0.009999103844165802,0.13614578545093536,0.0698208287358284,1,262,2.7454942092888572,20,80,162,36296.3671875,0.5342903733253479,0.3310657739639282,0.1333993822336197,0.08885011076927185,0.044549278914928436,154,16,21,285,-5,4,9,-5,0.35877862595419846,0.04194324463605881,0.07954000681638718,0.08885010331869125,0.073036789894104,0.0012445225147530437,0.0,0.051979947835206985,0.01660553552210331,0.07173378020524979,0.029604651033878326,0.08206945657730103,0.12577421963214874,0.07596950232982635,0.0935072973370552,0.11091578006744385,0.0,0.0026060345117002726,0.0,0.05357673391699791,0.0010424137581139803,0.03910014405846596,0.03699706122279167,171,1.9631024613273045,78,47,46,6597.46484375,-0.2354343831539154,0.05259844660758972,0.183932825922966,172,13,-8,99,7,4,-0.09088024258237398
g8497.t1,g12321.t1,0.7782,35.9,1,75,1.182239042094837,43,4,28,12415.455078125,0.10505993664264679,0.2886045575141907,0.5664393901824951,0.21087059378623962,0.3555687367916107,68,5,0,41,-10,6,12,-6,0.37333333333333335,0.26970183849334717,0.08586692810058594,0.0,,0.04840579628944397,0.0,0.020530633628368378,0.0,0.08637470006942749,0.03989613428711891,0.01065513864159584,0.018971344456076622,0.03237771615386009,0.07066013664007187,0.00649703573435545,0.09919197857379913,0.18347741663455963,0.02739318646490574,1,152,1.7552163686331077,83,13,56,17814.544921875,0.2081918716430664,0.3569261431694031,0.4093146324157715,0.14783822000026703,0.26147645711898804,155,21,1,72,-14,8,20,-12,0.26973684210526316,0.09806978702545166,0.03419838845729828,0.12705032527446747,0.026081087067723274,0.025567296892404556,0.0,0.03768887743353844,0.0033972023520618677,0.0039846100844442844,0.0888977199792862,0.05153338983654976,0.061668913811445236,0.1514289230108261,0.007944445125758648,0.022132502868771553,0.02078789658844471,0.16340665519237518,,0.07616196572780609,0.0,,0.0,-77,-0.5729773265382707,-40,-9,-28,-5399.08984375,-0.10313193500041962,-0.0683215856552124,0.15712475776672363,-87,-16,-1,-31,4,6,0.10359649122807019
g10055.t1,g13423.t1,0.7765,33.8,1,423,2.949226720596517,37,185,201,42407.2734375,0.4720844626426697,0.3382996916770935,0.18946367502212524,0.1593518704175949,0.030111800879240036,381,24,0,485,-1,14,7,7,0.2860520094562648,0.0174722783267498,0.01263951975852251,0.08010334521532059,0.0024658257607370615,0.06816582381725311,0.005356677807867527,0.1013396680355072,0.06663808971643448,0.050385430455207825,0.00015216947940643877,0.003110801102593541,0.015775369480252266,0.13296329975128174,0.05410515516996384,0.03998240828514099,0.015799129381775856,0.04092324152588844,0.11842864006757736,1,418,2.6012742884265623,8,199,211,33768.6171875,0.3964841961860657,0.4214822053909302,0.15725965797901154,0.05219412222504616,0.10506554692983627,320,31,1,425,-14,7,10,-3,0.23684210526315788,0.002801109105348587,0.11984168738126755,0.04945047199726105,0.027873769402503967,0.024773912504315376,0.0,0.048710957169532776,0.001409268006682396,0.07900972664356232,0.0664447695016861,0.0723351538181305,0.12767338752746582,0.10916109383106232,0.07332661747932434,0.03147006407380104,0.002743655815720558,0.10226444154977798,0.0018674060702323914,0.014383981935679913,0.044458527117967606,0.07722417265176773,0.09696891903877258,5,0.34795243216995475,29,-14,-10,8638.65625,0.075600266456604,-0.08318251371383667,0.03220401704311371,61,-7,-1,60,13,10,0.04920990419310692
g17828.t1,g11397.t1,0.7763,16.8,1,350,2.0061134840051293,149,57,144,22926.57421875,0.16255256533622742,0.2272518277168274,0.5911124348640442,0.43749895691871643,0.15361353754997253,343,69,18,265,2,32,20,12,0.1657142857142857,0.08843888342380524,0.0651746317744255,0.019414860755205154,0.0,0.05790165439248085,0.025430241599678993,0.06220117211341858,0.00014073390047997236,0.05220900475978851,0.01908307708799839,0.003364779520779848,0.003911109641194344,0.011233043856918812,0.10086952149868011,0.011821647174656391,0.023146413266658783,0.3301481604576111,0.10735081136226654,1,321,1.9417327370980069,147,49,125,21738.9453125,0.2526073455810547,0.17008090019226074,0.5768665671348572,0.4100229740142822,0.16684359312057495,306,29,1,243,-1,22,15,7,0.205607476635514,0.05917912349104881,0.04801779240369797,0.3281765282154083,0.0020677619613707066,0.0004452671855688095,0.0,0.07160302251577377,0.007717964705079794,0.08019500225782394,0.04936428368091583,0.029821354895830154,0.03955340385437012,0.02997673489153385,0.015732772648334503,0.014545395039021969,0.08184641599655151,0.10766448080539703,0.011985520832240582,0.00846007652580738,0.013647163286805153,0.014363600872457027,0.003796606557443738,29,0.06438074690712248,2,8,19,1187.62890625,-0.09005478024482727,0.05717092752456665,0.014245867729187012,37,40,17,22,3,5,-0.03989319092122831
g7156.t1,g8965.t1,0.7748,25.0,1,210,2.6414763408433584,28,54,128,30694.65234375,0.2810809016227722,0.1914982944726944,0.5135028958320618,0.3704933524131775,0.14300954341888428,154,22,1,179,3,22,16,6,0.3380952380952381,0.07843843847513199,0.06457110494375229,0.07342682778835297,0.011705323122441769,0.06529957056045532,0.025718918070197105,0.006751158274710178,0.029671574011445045,0.0125760892406106,0.01391783356666565,0.01708383299410343,0.0,0.054036613553762436,0.041446808725595474,0.025753794237971306,0.025723392143845558,0.3124403953552246,0.058052971959114075,1,294,2.439206421225065,64,59,171,32682.828125,0.2515195310115814,0.2578478157520294,0.4805186688899994,0.4087652266025543,0.07175346463918686,213,26,0,176,12,28,10,18,0.2755102040816326,0.005884807091206312,0.04749219864606857,0.16289624571800232,0.02794504538178444,0.01011402253061533,0.0009998460300266743,0.049831949174404144,0.01464220229536295,0.05862313508987427,0.07502242177724838,0.039003100246191025,0.06700628995895386,0.04658159613609314,0.0012766466243192554,0.037707678973674774,0.24586893618106842,0.06586865335702896,0.0,0.028642859309911728,0.014592376537621021,0.0202911589294672,0.06309415400028229,-84,0.20226991961829333,-36,-5,-43,-1988.17578125,0.029561370611190796,-0.06634952127933502,0.03298422694206238,-59,-4,1,3,-9,-12,0.06258503401360549
g6532.t2,g7034.t1,0.7739,61.6,1,229,2.5179034593369156,77,30,122,26914.435546875,0.1520087718963623,0.3456436097621918,0.4992307722568512,0.3612622618675232,0.1379685252904892,163,18,3,185,8,26,18,8,0.314410480349345,0.05214748531579971,0.08582104742527008,0.010189937427639961,0.0,0.0,0.029099861159920692,0.028212424367666245,0.010184095241129398,0.09117484092712402,0.0031169219873845577,0.0600251629948616,0.0,0.007073015905916691,0.08955573290586472,0.02517514117062092,0.05691145732998848,0.19774486124515533,0.16351740062236786,1,240,2.7791191544280767,80,30,130,32867.2421875,0.11362022161483765,0.25118574500083923,0.6344106197357178,0.4311927556991577,0.20321787893772125,166,18,1,140,4,29,24,5,0.3333333333333333,0.09240642189979553,0.0099214818328619,0.2572593688964844,0.007317917421460152,0.0007834856514818966,0.0,0.01631738990545273,0.020189011469483376,0.026773294433951378,0.04831886664032936,0.04153231158852577,0.041488468647003174,0.08292671293020248,0.014627189375460148,0.01668650284409523,0.17393335700035095,0.11081144213676453,9.816906094783917e-05,0.02187827229499817,0.01673034206032753,0.0718287006020546,0.018222006037831306,-11,-0.26121569509116105,-3,0,-8,-5952.806640625,0.03838855028152466,0.09445786476135254,-0.13517984747886658,-3,0,2,45,4,3,-0.018922852983988325
g13452.t1,g718.t1,0.7737,22.4,1,172,1.6560846156531799,26,72,74,17761.3984375,0.1738114207983017,0.25502994656562805,0.558302104473114,0.4428313672542572,0.1154707595705986,136,22,0,77,5,19,10,9,0.2616279069767442,0.1018017902970314,0.013668964616954327,0.0,0.0,0.04881405457854271,0.04327975958585739,0.024160858243703842,0.05595146119594574,0.04403485357761383,0.01285644806921482,0.041850633919239044,0.0,0.021679164841771126,0.09992978721857071,0.003034389577805996,0.022524775937199593,0.38184335827827454,0.060988035053014755,1,455,2.5047658421843813,116,152,187,30796.2578125,0.24420078098773956,0.25104308128356934,0.5047560930252075,0.33623242378234863,0.1685236692428589,337,31,0,223,3,27,22,5,0.16483516483516483,0.07073919475078583,0.0024097266141325235,0.22737936675548553,0.02178514562547207,0.0,,0.08174999803304672,0.01842702366411686,0.03782223165035248,0.11285688728094101,0.04517810046672821,0.04470506310462952,0.029773617163300514,0.011210468597710133,0.011524779722094536,0.1088530570268631,0.09778445959091187,0.013554444536566734,0.06414398550987244,0.0001023821096168831,0.023581605404615402,0.0,-283,-0.8486812265312014,-90,-80,-113,-13034.859375,-0.07038936018943787,0.003986865282058716,0.053546011447906494,-201,-9,0,-146,2,4,0.09679274214157937
g6827.t1,g12372.t2,0.7734,13.9,1,176,1.7498201592905276,52,51,73,20316.9375,0.15511298179626465,0.44832873344421387,0.3384191691875458,0.189107283949852,0.14931190013885498,139,9,1,294,-5,11,13,-2,0.3068181818181818,0.08661463111639023,0.06269726157188416,0.021001840010285378,0.014636454172432423,0.08609289675951004,0.025405090302228928,0.014567132107913494,0.0,0.21059846878051758,0.05813911557197571,0.004923130385577679,0.0,0.050460465252399445,0.13147804141044617,0.02268820069730282,0.0,0.12970435619354248,0.059402916580438614,1,143,1.5714220495363145,55,48,40,16572.69921875,0.11374115943908691,0.17073677480220795,0.7029092311859131,0.2631257474422455,0.43978351354599,121,17,1,218,-4,12,16,-4,0.3146853146853147,0.18522150814533234,0.02536563202738762,0.2136738896369934,0.022853629663586617,0.012612701393663883,0.0,0.0,0.04711534082889557,0.05578738823533058,0.058469370007514954,0.03777699172496796,0.012460188940167427,0.01472463458776474,0.0,0.0023362853098660707,0.04945189505815506,0.2545619606971741,0.0,0.007398237008601427,0.00019025179790332913,0.015750225633382797,0.0058397878892719746,33,0.1783981097542131,-3,3,33,3744.23828125,0.041371822357177734,0.2775919586420059,-0.3644900619983673,18,-8,0,76,-1,2,-0.007867132867132864
g11678.t1,g13915.t1,0.7728,40.8,1,1169,3.4266727120524343,95,456,618,54994.9140625,0.31874215602874756,0.5144520998001099,0.12241145968437195,0.05664294585585594,0.0657685175538063,1032,126,11,1313,-20,14,24,-10,0.14798973481608213,0.027381140738725662,0.038387373089790344,0.04147293046116829,0.0,0.07959887385368347,0.03333234041929245,0.059133727103471756,0.019084922969341278,0.08484376221895218,0.044394269585609436,0.015695443376898766,0.004354510921984911,0.09483607858419418,0.13698238134384155,0.03311888501048088,0.02324117347598076,0.006043189205229282,0.050599757581949234,1,1163,3.613007046185418,110,418,635,52080.46484375,0.2331199198961258,0.44263479113578796,0.3206770420074463,0.09155245870351791,0.22912460565567017,1063,109,22,1209,-40,23,51,-28,0.1470335339638865,0.17385923862457275,0.056986965239048004,0.06574806571006775,0.016307594254612923,0.0035683042369782925,0.005576608702540398,0.023768387734889984,0.05558765307068825,0.048615843057632446,0.06302187591791153,0.08908871561288834,0.07607466727495193,0.14360842108726501,0.03132566809654236,0.016952550038695335,0.025804398581385612,0.05526534467935562,0.012636074796319008,0.026526840403676033,0.009676812216639519,0.14121639728546143,0.06628287583589554,6,-0.1863343341329835,-15,38,-17,2914.44921875,0.08562223613262177,0.0718173086643219,-0.19826558232307434,-31,17,-11,104,20,18,0.0009562008521956378
g16767.t1,g8082.t1,0.7724,29.4,1,223,1.7528990516506096,70,48,105,20201.171875,0.22680078446865082,0.24234777688980103,0.4808831214904785,0.2900112271308899,0.1908719837665558,186,27,1,217,0,14,12,2,0.2242152466367713,0.15229490399360657,0.038577090948820114,0.01565263420343399,0.0,0.06911008059978485,0.0036735767498612404,0.034180235117673874,0.03322191163897514,0.09267158061265945,0.04996822029352188,0.032495640218257904,0.0,0.029805874451994896,0.09935421496629715,0.03591117635369301,0.0007986036944203079,0.1925048679113388,0.0975063145160675,1,240,2.5172463986536133,73,58,109,30336.3984375,0.2439546436071396,0.34662628173828125,0.4033869802951813,0.2190655916929245,0.18432140350341797,185,25,1,186,-2,19,21,-2,0.32083333333333336,0.0324314720928669,0.023456821218132973,0.17006917297840118,0.024996433407068253,0.006032118573784828,0.007611030247062445,0.07627417892217636,0.0,0.010468910448253155,0.01708018034696579,0.08772511780261993,0.05057216063141823,0.12348528951406479,0.023394109681248665,0.06035124137997627,0.048996422439813614,0.15188993513584137,0.007338765077292919,0.01767418533563614,0.06015249341726303,0.016043899580836296,0.006229108665138483,-17,-0.7643473470030038,-3,-10,-4,-10135.2265625,-0.01715385913848877,-0.10427850484848022,0.07749614119529724,1,2,0,31,2,4,-0.09661808669656205
g2037.t1,g12411.t1,0.7719,54.3,1,436,2.697780139995767,128,73,235,35824.5390625,0.15108998119831085,0.2411322295665741,0.6056161522865295,0.38760215044021606,0.2180139720439911,316,35,6,299,0,36,31,5,0.20642201834862386,0.1341855525970459,0.0838283970952034,0.0032279756851494312,0.0,0.061338044703006744,0.007898766547441483,0.0713316798210144,0.0,0.13613194227218628,0.0021615661680698395,0.011679735966026783,0.0,0.006373817566782236,0.04607990011572838,0.0,0.0021122856996953487,0.34783801436424255,0.039764150977134705,1,374,2.4362418157672394,130,54,190,32044.1875,0.2613852322101593,0.2862389385700226,0.4471725523471832,0.31982192397117615,0.1273505985736847,294,39,6,201,1,25,18,7,0.23796791443850268,0.04882684722542763,0.001297498936764896,0.2022041529417038,0.0,0.005203355569392443,0.0,0.05826578661799431,0.007635246962308884,0.09313873946666718,0.1869199275970459,0.022471090778708458,0.02513590268790722,0.044076770544052124,0.03040853887796402,0.0,0.11761780083179474,0.07852374762296677,0.005940741393715143,0.07233387976884842,0.0,0.04253551736474037,0.003512545023113489,62,0.2615383242285274,-2,19,45,3780.3515625,-0.11029525101184845,-0.045106709003448486,0.1584435999393463,22,-4,0,98,-1,-2,-0.03154589608987882
g7398.t1,g14562.t1,0.7711,13.7,1,119,1.4226617985513614,36,26,57,14764.744140625,0.1353181153535843,0.14495691657066345,0.6032256484031677,0.3185387849807739,0.2846868336200714,98,16,0,63,4,14,12,2,0.33613445378151263,0.2107286900281906,0.0739581435918808,0.009178278967738152,,0.027097776532173157,0.011497417464852333,0.06572715938091278,0.0,0.0338364876806736,0.1164993867278099,0.026758991181850433,,0.005244730971753597,0.03558206558227539,0.006337383296340704,0.03579210117459297,0.2265097051858902,0.09202907979488373,1,137,1.717053798709967,32,28,77,18744.12109375,0.2033546268939972,0.2344694286584854,0.47704383730888367,0.2565605938434601,0.22048327326774597,76,2,1,48,-4,12,13,-1,0.3357664233576642,0.10136565566062927,0.023292822763323784,0.04980356991291046,0.014287324622273445,0.08513209968805313,0.0,0.07265704870223999,0.017916809767484665,0.04560776427388191,0.05233653262257576,0.07729671895503998,0.023593924939632416,0.05365100875496864,0.0,0.04699324816465378,0.20675699412822723,0.1191176325082779,0.0,0.0005164093454368412,0.009674420580267906,0.023004114627838135,0.0002185304620070383,-18,-0.29439200015860556,4,-2,-20,-3979.376953125,-0.0680365115404129,-0.08951251208782196,0.12618181109428406,22,14,-1,15,8,3,0.00036803042384842
g15733.t1,g1829.t1,0.7704,28.6,1,220,2.971217664697226,52,42,126,31482.15625,0.5242499113082886,0.2743225693702698,0.20142753422260284,0.15952913463115692,0.04189838469028473,156,5,87,177,2,8,6,2,0.38181818181818183,0.03328535705804825,0.008613030426204205,0.10609789937734604,0.009860794059932232,0.05667645111680031,0.006158310454338789,0.07020635902881622,0.06456749886274338,0.041061464697122574,0.0,0.007789095863699913,0.020064277574419975,0.07543929666280746,0.041376836597919464,0.026954371482133865,0.03737553209066391,0.043396662920713425,0.1161324679851532,1,221,2.7588971798317288,66,45,110,28432.873046875,0.47864648699760437,0.2818303406238556,0.23952317237854004,0.20704950392246246,0.03247368335723877,175,15,87,131,-1,11,9,2,0.34841628959276016,0.03114297054708004,0.07603121548891068,0.13257548213005066,0.06048453971743584,,0.02454433962702751,0.06748928874731064,0.02183225192129612,0.029164215549826622,0.030589783564209938,0.04067782685160637,0.09328089654445648,0.07090523093938828,0.01611408032476902,0.14650192856788635,0.07447401434183121,0.0013307072222232819,0.04160163179039955,0.041259583085775375,0.0,0.06305032968521118,0.17189396917819977,-1,0.21232048486549715,-14,-3,16,3049.283203125,0.045603424310684204,-0.007507771253585815,-0.038095638155937195,-19,-10,0,46,3,0,0.03340189222542167
g10715.t1,g8386.t1,0.7668,44.1,1,1163,4.684382814546927,319,117,727,123301.1875,0.05582519993185997,0.16184617578983307,0.7709887623786926,0.5664402842521667,0.20454846322536469,827,226,10,593,46,174,109,65,0.2751504729148753,0.1911335289478302,0.013414932414889336,0.003480344545096159,2.6502417313167825e-05,0.0026160806883126497,0.004220476374030113,0.028284981846809387,0.006332657765597105,0.022312484681606293,0.011339915916323662,0.006218790542334318,0.0,0.016913749277591705,0.013028091751039028,0.00889234896749258,0.0,0.5283849239349365,0.038055311888456345,1,464,2.5215363392001517,199,81,184,31489.6796875,0.15574593842029572,0.30232301354408264,0.5233169794082642,0.211167573928833,0.31214943528175354,405,45,3,514,-20,22,31,-9,0.20043103448275862,0.1324971616268158,0.02582082897424698,0.17502693831920624,0.008709407411515713,0.01861410215497017,0.0,0.02727757953107357,0.015206020325422287,0.0309416726231575,0.1067577600479126,0.03356505185365677,0.025836538523435593,0.11651930958032608,0.033505603671073914,0.00020492721523623914,0.03614064306020737,0.17965227365493774,0.006557670887559652,0.02272823266685009,0.004438318777829409,0.10534487664699554,0.0,699,2.1628464753467753,120,36,543,91811.5078125,-0.09992073848843575,-0.14047683775424957,0.24767178297042847,422,181,7,79,66,74,0.0747194384321167
g19604.t1,g14046.t2,0.7667,26.1,1,146,2.028281823110018,60,31,55,21651.3671875,0.2616809010505676,0.17190800607204437,0.5664110779762268,0.47278282046318054,0.09362825006246567,125,21,0,31,19,24,7,17,0.3424657534246575,0.05134548991918564,0.04228275269269943,0.029573988169431686,0.0,0.07419469952583313,0.004666802939027548,0.04023614153265953,0.0002980454883072525,0.019749173894524574,,0.04088226333260536,0.0,0.01723228022456169,0.033588483929634094,0.0074982354417443275,0.07961904257535934,0.1811002492904663,0.29168254137039185,1,181,3.596422705648649,45,30,106,35827.16015625,0.34092068672180176,0.15711595118045807,0.5017832517623901,0.3015410900115967,0.20024213194847107,106,9,0,72,11,25,14,11,0.4585635359116022,0.01822534203529358,0.0395357571542263,0.14069916307926178,0.0072861891239881516,0.00018011733482126147,,0.06369803100824356,0.01801738701760769,0.10549303889274597,0.023697365075349808,0.018205376341938972,0.024647045880556107,0.03911789134144783,0.031784892082214355,0.02825583517551422,0.1608419567346573,0.1820167899131775,0.026692619547247887,0.03817432373762131,0.03343088552355766,0.017052212730050087,0.06899753212928772,-35,-1.5681408825386307,15,1,-51,-14175.79296875,-0.07923978567123413,0.014792054891586304,0.06462782621383667,19,12,0,-41,8,6,-0.11609778248694469
g19521.t1,g9017.t1,0.7666,28.4,1,185,1.6168638063228868,69,44,72,19210.61328125,0.2318929135799408,0.18757888674736023,0.5714969635009766,0.3171062171459198,0.254390686750412,162,27,2,86,0,18,17,1,0.24324324324324326,0.12241650372743607,0.13197417557239532,0.05408197268843651,0.003688482102006674,0.1254238337278366,0.02121506631374359,0.0023513901978731155,0.04684452712535858,0.028451839461922646,0.009031320922076702,0.0023513901978731155,0.0005038693198002875,0.03867923095822334,0.0663510113954544,0.00033591288956813514,0.0,0.2600971460342407,0.057009097188711166,1,177,1.6234585326090147,57,37,83,19143.087890625,0.4087691903114319,0.2546519637107849,0.31035715341567993,0.18114623427391052,0.12921090424060822,158,31,0,85,-3,10,11,-1,0.24293785310734464,0.051882464438676834,0.03994608670473099,0.08524623513221741,0.020218180492520332,0.026221778243780136,0.0,0.13470515608787537,0.010281482711434364,0.08381716907024384,0.07562986016273499,0.015241880901157856,0.10616832226514816,0.030453531071543694,0.02663072571158409,0.10194133222103119,0.09589998424053192,0.07732844352722168,0.0004992361064068973,0.0010112933814525604,0.016876889392733574,0.02919325977563858,0.0,8,-0.006594726286127894,12,7,-11,67.525390625,-0.1768762767314911,-0.06707307696342468,0.26113981008529663,4,-4,2,1,3,2,0.0003053901358986144
g6625.t1,g6910.t2,0.7665,26.9,1,323,2.221427858242783,98,72,153,25103.21484375,0.3398572504520416,0.29458966851234436,0.35529354214668274,0.25942736864089966,0.09586609899997711,282,35,47,388,-1,22,12,10,0.21671826625386997,0.03854815289378166,0.057317957282066345,0.06502799689769745,0.00530054047703743,0.05013449490070343,0.038496699184179306,0.08345403522253036,0.037531107664108276,0.025380205363035202,0.010259524919092655,0.005345564801245928,0.0,0.040246639400720596,0.10681632161140442,0.024073025211691856,0.01265385840088129,0.23034517467021942,0.02908221073448658,1,293,2.166679842011466,77,65,151,27705.498046875,0.414675772190094,0.26473212242126465,0.31524166464805603,0.2364353984594345,0.07880629599094391,251,23,48,325,1,15,6,9,0.21843003412969283,0.05133413150906563,0.06828160583972931,0.19154052436351776,0.038987111300230026,0.005350456107407808,0.003527912078425288,0.05772692710161209,0.022573307156562805,0.08286210894584656,0.00823802687227726,0.028671639040112495,0.059246812015771866,0.1382451057434082,0.03400328382849693,0.03301585838198662,0.04489487037062645,0.027472173795104027,0.04554878920316696,0.0542500764131546,0.004229319281876087,0.06569541245698929,0.07429102808237076,30,0.054748016231316754,21,7,2,-2602.283203125,-0.07481852173805237,0.029857546091079712,0.04005187749862671,31,12,-1,63,-2,1,-0.0017117678758228616
g11678.t1,g13912.t1,0.7664,41.7,1,1169,3.4266727120524343,95,456,618,54994.9140625,0.31874215602874756,0.5144520998001099,0.12241145968437195,0.05664294585585594,0.0657685175538063,1032,126,11,1313,-20,14,24,-10,0.14798973481608213,0.027381140738725662,0.038387373089790344,0.04147293046116829,0.0,0.07959887385368347,0.03333234041929245,0.059133727103471756,0.019084922969341278,0.08484376221895218,0.044394269585609436,0.015695443376898766,0.004354510921984911,0.09483607858419418,0.13698238134384155,0.03311888501048088,0.02324117347598076,0.006043189205229282,0.050599757581949234,1,1158,3.520550085402043,107,454,597,51141.6640625,0.2311152070760727,0.528761625289917,0.22843681275844574,0.07198172062635422,0.15645505487918854,1047,89,19,1396,-29,23,36,-13,0.13730569948186527,0.13060542941093445,0.05809040740132332,0.050182078033685684,0.012975039891898632,0.011686318553984165,0.003769900416955352,0.028397180140018463,0.02985488809645176,0.03303489834070206,0.05513319373130798,0.07994978874921799,0.11316205561161041,0.20969204604625702,0.021750355139374733,0.026206359267234802,0.021799642592668533,0.02584964409470558,0.012239531613886356,0.03842143714427948,0.03719976171851158,0.14121639728546143,0.06628287583589554,11,-0.09387737334960855,-12,2,21,3853.25,0.08762694895267487,-0.014309525489807129,-0.10602535307407379,-15,37,-8,-83,9,3,0.010684035334216857
g6532.t2,g1169.t1,0.7628,23.7,1,229,2.5179034593369156,77,30,122,26914.435546875,0.1520087718963623,0.3456436097621918,0.4992307722568512,0.3612622618675232,0.1379685252904892,163,18,3,185,8,26,18,8,0.314410480349345,0.05214748531579971,0.08582104742527008,0.010189937427639961,0.0,0.0,0.029099861159920692,0.028212424367666245,0.010184095241129398,0.09117484092712402,0.0031169219873845577,0.0600251629948616,0.0,0.007073015905916691,0.08955573290586472,0.02517514117062092,0.05691145732998848,0.19774486124515533,0.16351740062236786,1,222,2.2685268684526525,80,30,112,26802.931640625,0.3487851917743683,0.3488817512989044,0.2874448597431183,0.15941713750362396,0.1280277520418167,163,13,0,102,3,13,10,3,0.32882882882882886,0.029948119074106216,0.025154003873467445,0.11583465337753296,0.012880696915090084,0.014888244681060314,0.0,0.07835206389427185,0.010311165824532509,0.07530595362186432,0.10954076051712036,0.05122525617480278,0.08351737260818481,0.09428720921278,0.04391687363386154,0.03501109033823013,0.043582476675510406,0.0980796292424202,0.0013127375859767199,0.07685179263353348,0.0,0.0718287006020546,0.018222006037831306,7,0.24937659088426312,-3,0,10,111.50390625,-0.19677641987800598,-0.0032381415367126465,0.2117859125137329,0,5,3,83,5,5,-0.014418348479483867
g5214.t1,g12936.t1,0.7622,29.0,1,500,2.7138689704375536,150,90,260,33522.421875,0.21622774004936218,0.430347740650177,0.3269341289997101,0.2574458718299866,0.06948825716972351,390,33,39,748,12,28,14,14,0.178,0.04969919100403786,0.019789069890975952,0.017832353711128235,0.0,0.09390726685523987,0.024595672264695168,0.06580235064029694,0.0071225292049348354,0.12786869704723358,0.026490405201911926,0.01847318932414055,0.0,0.1533178687095642,0.0885189101099968,0.0022137591149657965,0.009690267033874989,0.2054489552974701,0.051996901631355286,1,255,1.9151259138361163,84,58,113,21852.80859375,0.2462405115365982,0.27637574076652527,0.43515288829803467,0.261371374130249,0.17378146946430206,226,22,13,185,9,19,15,4,0.24313725490196078,0.0611128993332386,0.036764610558748245,0.18813784420490265,0.0104758869856596,0.04223090782761574,0.0,0.0970553308725357,0.004338584374636412,0.03155986964702606,0.09431222826242447,0.019110221415758133,0.08383680135011673,0.06713379919528961,0.026395516470074654,0.0038388753309845924,0.07323354482650757,0.11266855150461197,0.0,0.040150437504053116,0.007644088473170996,0.026356343179941177,0.01087629422545433,245,0.7987430566014373,66,32,147,11669.61328125,-0.030012771487236023,0.15397199988365173,-0.10821875929832458,164,11,26,563,3,10,-0.06513725490196079
g7070.t1,g7498.t1,0.7617,19.7,1,202,1.6750418025097786,117,20,65,18242.109375,0.1898135244846344,0.17328138649463654,0.6202923655509949,0.36916986107826233,0.25112250447273254,196,20,0,312,4,19,16,3,0.26732673267326734,0.10617685317993164,0.1449456661939621,0.03219097852706909,0.0,0.03700507432222366,0.020482489839196205,0.051686838269233704,0.0,0.024464232847094536,0.01661265827715397,0.029873833060264587,0.0,0.04259426146745682,0.04385989159345627,0.00017687352374196053,0.014868363738059998,0.34878572821617126,0.02038414031267166,1,217,1.7288104071186814,126,18,73,18848.77734375,0.25670090317726135,0.26681894063949585,0.4759763479232788,0.26719120144844055,0.20878514647483826,211,30,0,200,-2,16,13,3,0.24423963133640553,0.10744765400886536,0.006446325685828924,0.20375826954841614,0.0,0.0005037760711275041,0.0,0.04605269432067871,0.03508975729346275,0.10133504867553711,0.06567998975515366,0.031950630247592926,0.012114799581468105,0.09353869408369064,0.0068472265265882015,0.025992142036557198,0.0634329617023468,0.1013374924659729,0.0335514098405838,0.0364760160446167,0.028445066884160042,0.02701215073466301,0.038879916071891785,-15,-0.05376860460890276,-9,2,-8,-606.66796875,-0.06688737869262695,-0.09353755414485931,0.14431601762771606,-15,-10,0,112,6,0,0.023087101336861815
g11678.t1,g13914.t1,0.7616,41.3,1,1169,3.4266727120524343,95,456,618,54994.9140625,0.31874215602874756,0.5144520998001099,0.12241145968437195,0.05664294585585594,0.0657685175538063,1032,126,11,1313,-20,14,24,-10,0.14798973481608213,0.027381140738725662,0.038387373089790344,0.04147293046116829,0.0,0.07959887385368347,0.03333234041929245,0.059133727103471756,0.019084922969341278,0.08484376221895218,0.044394269585609436,0.015695443376898766,0.004354510921984911,0.09483607858419418,0.13698238134384155,0.03311888501048088,0.02324117347598076,0.006043189205229282,0.050599757581949234,1,1156,3.4900956375805814,96,407,653,54231.03125,0.29725250601768494,0.4750649333000183,0.21741577982902527,0.077410489320755,0.14000527560710907,975,93,18,1352,-40,21,35,-14,0.1453287197231834,0.1201132982969284,0.06669536232948303,0.058197129517793655,0.00692173233255744,0.010266844183206558,0.004150104708969593,0.02675003930926323,0.0554414838552475,0.06852174550294876,0.04234122112393379,0.12434247881174088,0.09529943019151688,0.1346091330051422,0.041919123381376266,0.049590881913900375,0.0192133579403162,0.019891979172825813,0.0019038819009438157,0.034949734807014465,0.018881099298596382,0.14121639728546143,0.06628287583589554,13,-0.0634229255281471,-1,49,-35,763.8828125,0.021489650011062622,0.03938716650009155,-0.09500432014465332,57,33,-7,-39,20,4,0.002661015092898733
g61.t1,g13423.t1,0.7613,31.3,1,415,3.109915750654057,3,183,229,40901.6328125,0.4978996813297272,0.3158808946609497,0.16330423951148987,0.1283370405435562,0.03496718779206276,340,24,0,559,-1,11,10,1,0.2819277108433735,0.01221032626926899,0.02275686338543892,0.13882912695407867,0.007019984070211649,0.0623537078499794,0.00711023947224021,0.06699153780937195,0.08876729011535645,0.051136478781700134,0.022915169596672058,0.02811666950583458,0.02312919870018959,0.09810543060302734,0.07522650808095932,0.023273074999451637,7.888551044743508e-05,0.017054781317710876,0.11128225922584534,1,418,2.6012742884265623,8,199,211,33768.6171875,0.3964841961860657,0.4214822053909302,0.15725965797901154,0.05219412222504616,0.10506554692983627,320,31,1,425,-14,7,10,-3,0.23684210526315788,0.002801109105348587,0.11984168738126755,0.04945047199726105,0.027873769402503967,0.024773912504315376,0.0,0.048710957169532776,0.001409268006682396,0.07900972664356232,0.0664447695016861,0.0723351538181305,0.12767338752746582,0.10916109383106232,0.07332661747932434,0.03147006407380104,0.002743655815720558,0.10226444154977798,0.0018674060702323914,0.014383981935679913,0.044458527117967606,0.07720338553190231,0.06643909960985184,-3,0.5086414622274948,-5,-16,18,7133.015625,0.1014154851436615,-0.10560131072998047,0.0060445815324783325,20,-7,-1,134,13,4,0.0450856055802156
g10268.t2,g9231.t1,0.7584,48.6,1,357,2.3910150954573104,270,2,85,28269.8828125,0.36910247802734375,0.2616197466850281,0.3692777454853058,0.25150036811828613,0.11777739226818085,302,8,6,454,8,17,10,7,0.20168067226890757,0.07071104645729065,0.0470663458108902,0.11799306422472,0.0,0.0,0.0030794390477240086,0.024289662018418312,0.06117565929889679,0.07543602585792542,0.0,0.0034240109380334616,0.026821419596672058,0.01639586314558983,0.054604820907115936,0.036408647894859314,0.09355518221855164,0.13804595172405243,0.1134544089436531,1,307,2.3360520137080476,223,2,82,27103.171875,0.45820456743240356,0.1967948079109192,0.34500056505203247,0.22466368973255157,0.12033689022064209,249,8,2,161,9,17,10,7,0.24429967426710097,0.061783529818058014,0.08130896836519241,0.11927250772714615,0.05957188457250595,0.0,0.0,0.06555464118719101,0.004929400514811277,0.055648766458034515,0.027407968416810036,0.0399928092956543,0.06861140578985214,0.014580757357180119,0.05654723569750786,0.04070044308900833,0.10539117455482483,0.05855335667729378,0.08720604330301285,0.011666586622595787,0.041272472590208054,0.01854843460023403,0.09898997843265533,50,0.05496308174926279,47,0,3,1166.7109375,-0.08910208940505981,0.06482493877410889,0.024277180433273315,53,0,4,293,-1,0,-0.042619001998193407
g3192.t1,g16854.t1,0.7583,55.7,1,243,2.8515525794392897,75,42,126,37060.5859375,0.12065663188695908,0.3342282772064209,0.545115053653717,0.3448982238769531,0.20021682977676392,176,26,0,462,-3,30,29,1,0.411522633744856,0.17374016344547272,0.0264766626060009,0.004574556834995747,0.0022925236262381077,0.0,0.005087000783532858,0.0686914399266243,0.008806821890175343,0.13722044229507446,0.0,0.0179346464574337,0.0002552295627538115,0.054811857640743256,0.05111513286828995,0.008292392827570438,0.008226892910897732,0.31447556614875793,0.03042266145348549,1,408,2.6076339563458064,194,52,162,31299.96484375,0.16014379262924194,0.1874150037765503,0.652131974697113,0.3999617099761963,0.25217029452323914,355,48,3,744,-3,34,31,3,0.19852941176470587,0.09057910740375519,0.014921423979103565,0.3752245604991913,0.0,0.00030925398459658027,0.0,0.026769017800688744,0.015667898580431938,0.05462546646595001,0.033049408346414566,0.014974508434534073,0.026258060708642006,0.0673653855919838,0.0035938622895628214,0.0,0.024737130850553513,0.16159117221832275,0.007089339662343264,0.053144682198762894,0.03009975329041481,0.07547444105148315,0.012101532891392708,-165,0.24391862309348333,-119,-10,-36,5760.62109375,-0.03948716074228287,0.1468132734298706,-0.107016921043396,-179,-22,-3,-282,0,-2,0.2129932219801501
g13706.t1,g6848.t1,0.7576,20.5,1,273,3.36840029280596,49,83,141,42748.4375,0.4262518286705017,0.3713286817073822,0.1908821016550064,0.11986272782087326,0.07101938873529434,169,0,29,244,-4,7,9,-2,0.42857142857142855,0.02227453701198101,0.04874484986066818,0.035851821303367615,0.005387107841670513,0.026120370253920555,0.0035027037374675274,0.2800022065639496,0.03547443822026253,0.025004597380757332,0.011537417769432068,0.009283735416829586,0.0,0.15868711471557617,0.03841077908873558,0.01747981086373329,0.03979862108826637,0.05888035148382187,0.06098237633705139,1,338,2.892531143160464,17,102,219,38877.40234375,0.3303363025188446,0.5428585410118103,0.12572626769542694,0.08264853060245514,0.0430777370929718,176,4,59,267,-3,8,7,1,0.28994082840236685,0.012827160768210888,0.07376334816217422,0.07540263235569,0.04528193175792694,0.0010789069347083569,0.012277943082153797,0.05724005773663521,0.028536824509501457,0.07068289071321487,0.0368959978222847,0.08411248028278351,0.10548508912324905,0.21074774861335754,0.011950970627367496,0.05757811665534973,0.007245897315442562,0.03025057725608349,8.110073395073414e-05,0.013757890090346336,0.06480241566896439,0.1005377322435379,0.022039437666535378,-65,0.4758691496454963,32,-19,-78,3871.03515625,0.0959155261516571,-0.1715298593044281,0.06515583395957947,-7,-4,-30,-23,-1,-3,0.1386306001690617
g7793.t2,g2176.t1,0.7575,15.9,1,143,1.8519244369640455,109,0,34,18054.861328125,0.5307351350784302,0.08196493983268738,0.3791269063949585,0.30635708570480347,0.07276981323957443,143,6,0,167,8,13,5,8,0.3076923076923077,0.03992239758372307,0.03284741938114166,0.10132737457752228,0.0,0.10249680280685425,0.008443527854979038,0.09785044193267822,0.11173205822706223,0.0,0.00817298423498869,0.025095956400036812,0.02785804122686386,0.006242553703486919,0.021327603608369827,0.00035741578903980553,0.01917414925992489,0.1026616021990776,0.20369552075862885,1,142,1.7959135971892934,115,0,27,16620.681640625,0.3593730032444,0.3058786690235138,0.3347483277320862,0.26779475808143616,0.06695355474948883,145,7,1,337,8,11,8,3,0.34507042253521125,0.03881499916315079,0.07250665873289108,0.17517611384391785,0.058626774698495865,0.0,0.005898277275264263,0.03283759579062462,0.003300182754173875,0.06697429716587067,0.04742876812815666,0.04595852643251419,0.03962753340601921,0.11875776201486588,0.03319595381617546,0.016695041209459305,0.0926186740398407,0.028138548135757446,0.032031185925006866,0.046505507081747055,0.04490761458873749,0.026777103543281555,0.06401704996824265,1,0.056010839774752075,-6,0,7,1434.1796875,0.17136213183403015,-0.22391372919082642,0.044378578662872314,-2,-1,-1,-170,0,5,-0.03737811484290354
g8463.t1,g16322.t1,0.7561,17.7,1,143,1.8645441077157223,111,0,32,18367.671875,0.568501889705658,0.04660552740097046,0.379294753074646,0.3097875416278839,0.0695071890950203,138,6,0,191,8,12,5,7,0.3076923076923077,0.06676064431667328,0.002746552461758256,0.07694101333618164,0.0,0.13088053464889526,0.004634807351976633,0.08968441188335419,0.04366834834218025,0.0,0.005597876850515604,0.045780327171087265,0.029140248894691467,0.007681175600737333,0.017869198694825172,0.02828196994960308,0.012783453799784184,0.164634108543396,0.1451534628868103,1,145,1.8660844795780394,114,0,31,18153.779296875,0.3559775650501251,0.25962838530540466,0.32756102085113525,0.29286858439445496,0.034692395478487015,148,14,0,228,7,11,4,7,0.30344827586206896,0.008203577250242233,0.04958782345056534,0.2023179531097412,0.07265161722898483,0.05683305487036705,0.0,0.09883791953325272,0.013083441182971,0.02097262814640999,0.01689824089407921,0.01770397089421749,0.0590309239923954,0.06821810454130173,0.011019516736268997,0.07944716513156891,0.09055066108703613,0.026488816365599632,0.008886706084012985,0.014574198052287102,0.08469368517398834,0.003636889159679413,0.12412499636411667,-2,-0.001540371862317036,-3,0,1,213.892578125,0.21252432465553284,-0.2130228579044342,0.05173373222351074,-10,-8,0,-37,1,0,0.004244031830238748
g8504.t2,g16144.t1,0.7552,17.6,1,698,4.143144801139897,290,111,297,55399.51953125,0.1499190330505371,0.20841966569423676,0.6033775210380554,0.3727097809314728,0.23066772520542145,603,70,0,205,-1,56,50,6,0.19627507163323782,0.20337557792663574,0.027292149141430855,0.023468632251024246,0.0014156568795442581,0.012950246222317219,0.009747013449668884,0.02660437487065792,0.038364432752132416,0.04603957384824753,0.0382838137447834,0.020565493032336235,0.0006988969398662448,0.044258393347263336,0.05527980625629425,0.00996926799416542,0.011336428113281727,0.23320883512496948,0.1395009458065033,1,450,2.5982104925586214,153,106,191,31606.953125,0.2640587389469147,0.23741821944713593,0.48729977011680603,0.2929556369781494,0.19434410333633423,405,49,1,289,-15,26,25,1,0.17777777777777778,0.057777393609285355,0.027358360588550568,0.1596710979938507,0.041406307369470596,0.011223354376852512,0.0,0.030814800411462784,0.024403436109423637,0.01347501203417778,0.0206178966909647,0.062119387090206146,0.006579567212611437,0.10336598753929138,0.06276004761457443,0.014085185714066029,0.1332845389842987,0.13656672835350037,0.016612419858574867,0.05754657834768295,0.020331941545009613,0.040342800319194794,0.01729769818484783,248,1.5449343085812757,137,5,106,23792.56640625,-0.11413970589637756,-0.02899855375289917,0.11607775092124939,198,21,-1,-84,14,5,0.018497293855460034
g11393.t1,g15395.t1,0.7549,22.5,1,453,3.1807827372787463,259,43,151,40794.1875,0.36703988909721375,0.1968747079372406,0.4257473051548004,0.255401611328125,0.17034569382667542,381,17,6,581,5,26,14,12,0.23178807947019867,0.13907575607299805,0.03126996383070946,0.05251433327794075,0.0,0.05234655365347862,0.006125751417130232,0.03303935378789902,0.04278946667909622,0.05608123913407326,0.01033803354948759,0.07454867660999298,0.013420289382338524,0.01627698726952076,0.06293577700853348,0.06136556714773178,0.0241057351231575,0.10724706947803497,0.14815454185009003,1,452,3.4044258359523587,249,33,170,43970.3203125,0.2754914164543152,0.2448839396238327,0.44686198234558105,0.25847283005714417,0.18838919699192047,370,16,4,579,5,25,18,7,0.2588495575221239,0.12150459736585617,0.036501459777355194,0.13531486690044403,0.056220635771751404,0.032762620598077774,0.017797177657485008,0.05299168825149536,0.012475266121327877,0.03015419840812683,0.015911411494016647,0.05025013908743858,0.06936698406934738,0.0721137598156929,0.03859793022274971,0.0478438176214695,0.12315795570611954,0.0668845847249031,0.0,0.013181649148464203,0.006969205569475889,0.03134922683238983,0.037015657871961594,1,-0.22364309867361243,10,10,-19,-3176.1328125,0.09154847264289856,-0.0480092316865921,-0.02111467719078064,11,1,2,2,0,5,-0.027061478051925242
g9383.t2,g970.t1,0.7547,34.2,1,196,2.3364244220676427,77,25,94,25070.458984375,0.3930000364780426,0.29029107093811035,0.3107519745826721,0.17819742858409882,0.1325545608997345,140,5,66,194,-4,10,13,-3,0.30612244897959184,0.021102916449308395,0.1114516481757164,0.04144112020730972,0.022107373923063278,0.04885967820882797,0.009006491862237453,0.020117739215493202,0.0235519427806139,0.03431864082813263,0.005956898909062147,0.06810957938432693,,0.04347562417387962,0.11663414537906647,0.042342010885477066,0.026802612468600273,0.10369668900966644,0.07450071722269058,1,188,2.227217922532643,69,20,99,23572.1640625,0.3366769552230835,0.39482808113098145,0.2589811384677887,0.11233063042163849,0.146650493144989,138,10,63,127,-4,11,11,0,0.2765957446808511,0.12284142524003983,0.053193073719739914,0.07392755150794983,0.022301997989416122,0.009513887576758862,0.0,0.10511159151792526,0.002874469617381692,0.012832347303628922,0.039240844547748566,0.07946781814098358,0.057288382202386856,0.17449982464313507,0.04721719026565552,0.0807277038693428,0.03840307518839836,0.023809075355529785,0.004927662201225758,0.010365394875407219,0.04145674407482147,0.03794621676206589,0.1485780030488968,8,0.1092064995349995,8,5,-5,1498.294921875,0.056323081254959106,-0.1045370101928711,0.05177083611488342,2,-5,3,67,0,-3,0.02952670429874077
g13998.t1,g5434.t1,0.7547,27.3,1,294,2.2796196617718523,63,65,166,27718.962890625,0.4435085654258728,0.3652794659137726,0.18612392246723175,0.14525377750396729,0.040870148688554764,255,32,46,281,2,12,7,5,0.25170068027210885,0.013792740181088448,0.027077410370111465,0.0948597714304924,0.029979687184095383,0.06883374601602554,0.01763666421175003,0.04596520960330963,0.025026457384228706,0.058757100254297256,0.005088062025606632,0.029530547559261322,0.03775689750909805,0.054142650216817856,0.1417476087808609,0.05218192934989929,0.0034124504309147596,0.07802094519138336,0.06723282486200333,1,342,2.7015662559622915,67,64,211,40839.28125,0.4836164116859436,0.3726045787334442,0.143778994679451,0.10631489008665085,0.03746410831809044,251,31,49,316,-4,10,9,1,0.2982456140350877,0.01575876958668232,0.0782640352845192,0.10143217444419861,0.07064703106880188,0.0,0.0,0.06784351170063019,0.027177995070815086,0.041341476142406464,0.038221023976802826,0.09279341250658035,0.10703052580356598,0.08311927318572998,0.0320349857211113,0.13408036530017853,0.004882720299065113,0.02170533873140812,0.016512243077158928,0.042892780154943466,0.02426234818994999,0.05960329622030258,0.089354008436203,-48,-0.42194659419043923,-4,1,-45,-13120.318359375,-0.0401078462600708,-0.007325112819671631,0.04234492778778076,4,1,-3,-35,6,4,-0.04654493376297886
g14424.t1,g9801.t1,0.7541,22.4,1,128,2.1174080204807844,38,46,44,22751.9140625,0.2065204381942749,0.17737969756126404,0.5962307453155518,0.47851720452308655,0.1177135780453682,100,24,0,9,9,22,9,13,0.3515625,0.09511515498161316,0.022598421201109886,0.035028126090765,0.0,0.07819835841655731,0.017868155613541603,0.019712185487151146,0.017285175621509552,0.1194334402680397,0.019869090989232063,0.027695370838046074,0.0,0.008367042057216167,0.0065461499616503716,0.0015599570469930768,,0.2949829399585724,0.18353426456451416,1,98,1.6530522887036139,13,45,40,17656.01953125,0.2905493378639221,0.18696077167987823,0.49424368143081665,0.20372028648853302,0.2905234098434448,71,4,0,0,-7,7,13,-6,0.42857142857142855,0.1385447382926941,0.06084569916129112,0.1986694484949112,0.06138559803366661,0.028246106579899788,0.0,0.10574605315923691,0.017212843522429466,0.054780635982751846,0.06172361224889755,0.017310190945863724,0.02007276564836502,0.03349645808339119,0.0038376417942345142,0.0026786779053509235,0.005050825420767069,0.15197865664958954,0.0,0.0012750474270433187,0.03714490681886673,0.025164904072880745,0.02704126201570034,30,0.4643557317771705,25,1,4,5095.89453125,-0.08402889966964722,-0.009581074118614197,0.10198706388473511,29,20,0,9,16,19,-0.07700892857142855
g7793.t2,g16322.t1,0.7536,15.6,1,143,1.8519244369640455,109,0,34,18054.861328125,0.5307351350784302,0.08196493983268738,0.3791269063949585,0.30635708570480347,0.07276981323957443,143,6,0,167,8,13,5,8,0.3076923076923077,0.03992239758372307,0.03284741938114166,0.10132737457752228,0.0,0.10249680280685425,0.008443527854979038,0.09785044193267822,0.11173205822706223,0.0,0.00817298423498869,0.025095956400036812,0.02785804122686386,0.006242553703486919,0.021327603608369827,0.00035741578903980553,0.01917414925992489,0.1026616021990776,0.20369552075862885,1,145,1.8660844795780394,114,0,31,18153.779296875,0.3559775650501251,0.25962838530540466,0.32756102085113525,0.29286858439445496,0.034692395478487015,148,14,0,228,7,11,4,7,0.30344827586206896,0.008203577250242233,0.04958782345056534,0.2023179531097412,0.07265161722898483,0.05683305487036705,0.0,0.09883791953325272,0.013083441182971,0.02097262814640999,0.01689824089407921,0.01770397089421749,0.0590309239923954,0.06821810454130173,0.011019516736268997,0.07944716513156891,0.09055066108703613,0.026488816365599632,0.008886706084012985,0.014574198052287102,0.08469368517398834,0.026777103543281555,0.06401704996824265,-2,-0.01416004261399384,-5,0,3,-98.91796875,0.17475757002830505,-0.17766344547271729,0.05156588554382324,-5,-8,0,-61,1,1,0.004244031830238748
g14118.t1,g11512.t1,0.7531,24.9,1,254,2.6220260721517694,119,25,110,33774.765625,0.266379177570343,0.22675377130508423,0.50486820936203,0.36377838253974915,0.1410898119211197,209,18,0,245,7,26,18,8,0.3425196850393701,0.09757845848798752,0.043511345982551575,0.11641747504472733,0.009727680124342442,0.06283312290906906,0.008988352492451668,0.038831133395433426,0.0042814831249415874,0.019859209656715393,0.001998889958485961,0.014043097384274006,0.000668718887027353,0.06847729533910751,0.05186079442501068,0.0069628930650651455,0.03214838728308678,0.23096702992916107,0.13281136751174927,1,263,2.4563658713183147,117,28,118,29694.1640625,0.2614825367927551,0.2350301891565323,0.46966996788978577,0.37220901250839233,0.09746089577674866,219,16,0,312,4,21,11,10,0.27756653992395436,0.041317179799079895,0.06867265701293945,0.19351212680339813,0.020717982202768326,0.033817391842603683,,0.0733117163181305,0.01889612153172493,0.013730363920331001,0.1423964947462082,0.012350044213235378,0.017315780743956566,0.040350429713726044,0.019402943551540375,0.04596005380153656,0.1786969006061554,0.056143708527088165,0.0,0.019686806946992874,0.003721324959769845,0.03569205105304718,0.022341249510645866,-9,0.16566020083345467,2,-3,-8,4080.6015625,0.004896640777587891,-0.008276417851448059,0.03519824147224426,-10,2,0,-67,3,-2,0.06495314511541572
g13452.t1,g15387.t1,0.7523,17.8,1,172,1.6560846156531799,26,72,74,17761.3984375,0.1738114207983017,0.25502994656562805,0.558302104473114,0.4428313672542572,0.1154707595705986,136,22,0,77,5,19,10,9,0.2616279069767442,0.1018017902970314,0.013668964616954327,0.0,0.0,0.04881405457854271,0.04327975958585739,0.024160858243703842,0.05595146119594574,0.04403485357761383,0.01285644806921482,0.041850633919239044,0.0,0.021679164841771126,0.09992978721857071,0.003034389577805996,0.022524775937199593,0.38184335827827454,0.060988035053014755,1,119,1.6019798504917198,0,67,52,15651.4599609375,0.26256340742111206,0.21703045070171356,0.5047089457511902,0.31825897097587585,0.18644994497299194,87,13,0,100,4,16,11,5,0.33613445378151263,0.08240307122468948,0.0,0.1836720108985901,0.12604622542858124,0.015697123482823372,0.0,0.026889052242040634,0.024568142369389534,0.013605890795588493,0.0942353904247284,0.0,0.0024596983566880226,0.09021059423685074,0.03112862817943096,0.01793503761291504,0.13458700478076935,0.10404687374830246,0.0,0.046958573162555695,0.005556646268814802,0.023581605404615402,0.0,53,0.05410476516146012,26,5,22,2109.9384765625,-0.08875198662281036,0.03799949586391449,0.05359315872192383,49,9,0,-23,1,4,-0.07450654680476843
g11862.t1,g5252.t1,0.7504,20.1,1,486,3.1297090390967366,187,99,200,48766.015625,0.19347813725471497,0.35388895869255066,0.44506585597991943,0.29070714116096497,0.15435869991779327,390,44,15,208,2,38,28,10,0.2654320987654321,0.08480113744735718,0.0695575475692749,0.02982308529317379,0.0,0.01880861632525921,0.04628652706742287,0.08815674483776093,0.008136642165482044,0.031676121056079865,0.0075670755468308926,0.03559250012040138,0.0,0.08022167533636093,0.03631287068128586,0.010446342639625072,0.021416641771793365,0.2581607401371002,0.03254639729857445,1,265,2.1250440564507542,26,120,119,23374.0546875,0.19797059893608093,0.3016049563884735,0.4932726323604584,0.26325705647468567,0.2300155758857727,217,10,1,129,2,21,14,7,0.23018867924528302,0.030943894758820534,0.03376220166683197,0.1296909749507904,0.005383545998483896,0.007151810452342033,0.0,0.05881621688604355,0.016473058611154556,0.045279283076524734,0.06851006299257278,0.027092237025499344,0.05926133692264557,0.1073041781783104,0.006073744501918554,0.04865561053156853,0.13356609642505646,0.19907166063785553,0.0,0.0,0.02296406961977482,0.13797511160373688,0.0025142254307866096,221,1.0046649826459824,161,-21,81,25391.9609375,-0.004492461681365967,0.05228400230407715,-0.04820677638053894,173,34,14,79,0,3,0.03524341952014909
g9603.t1,g15866.t3,0.7481,30.4,1,435,3.1203692902726146,154,48,233,48122.3515625,0.1140534058213234,0.37746885418891907,0.4783770442008972,0.29915735125541687,0.17921976745128632,384,63,1,155,11,39,25,14,0.27586206896551724,0.1112264022231102,0.06799335032701492,0.006906026508659124,0.0,0.014440189115703106,0.012001901865005493,0.07270056754350662,0.0025478545576334,0.08226842433214188,0.030100621283054352,0.0068571120500564575,0.0,0.08344616740942001,0.03147906810045242,0.0070480648428201675,0.0,0.23206844925880432,0.06708887219429016,1,426,3.0102930792615514,147,50,229,45737.09375,0.21760603785514832,0.28918713331222534,0.4910440444946289,0.33072227239608765,0.16032175719738007,341,61,5,208,-1,34,26,8,0.2511737089201878,0.05261915922164917,0.049195725470781326,0.13310864567756653,0.00648536067456007,0.002162762451916933,0.0,0.06571786105632782,0.013106301426887512,0.03522771596908569,0.08363980054855347,0.0439683236181736,0.057558171451091766,0.07724567502737045,0.026954594999551773,0.0006349094910547137,0.1976136416196823,0.1077025979757309,0.00014109100447967649,0.03324878215789795,0.01366886030882597,0.16827329993247986,0.0035535870119929314,9,0.11007621101106313,7,-2,4,2385.2578125,-0.10355263203382492,0.08828172087669373,-0.01266700029373169,43,2,-4,-53,12,6,0.024688360045329427
g1275.t1,g13391.t1,0.7478,16.9,1,349,2.1422740814549726,36,162,151,25549.08203125,0.2141849398612976,0.21629486978054047,0.5693963766098022,0.3353751301765442,0.23402121663093567,340,38,83,265,-2,31,22,9,0.18624641833810887,0.18323104083538055,0.05079018697142601,0.031451109796762466,0.00037022691685706377,0.08827788382768631,0.0,0.023472318425774574,0.011853810399770737,0.07348886132240295,0.00012388653703965247,0.014990860596299171,0.021780606359243393,0.04390062391757965,0.06028947979211807,0.02235836535692215,0.028438767418265343,0.1498187929391861,0.1855563074350357,1,409,2.463720660141407,3,177,229,33764.3515625,0.17355984449386597,0.2668633759021759,0.5189312100410461,0.09685615450143814,0.4220750331878662,341,32,11,151,-43,11,47,-36,0.21271393643031786,0.13424742221832275,0.016878493130207062,0.08130338788032532,0.026676397770643234,0.04064558446407318,0.0002801462833303958,0.07872243225574493,0.020110128447413445,0.022838717326521873,0.08316992968320847,0.001683056470938027,0.04943698272109032,0.1121830940246582,0.014855186454951763,0.0,0.015552754513919353,0.28782758116722107,0.0,0.013588632456958294,0.0,0.009806891903281212,0.0,-60,-0.3214465786864342,33,-15,-78,-8215.26953125,0.04062509536743164,-0.05056850612163544,0.050465166568756104,-1,6,72,114,41,45,-0.026467518092208986
g7070.t1,g7499.t1,0.7466,20.0,1,202,1.6750418025097786,117,20,65,18242.109375,0.1898135244846344,0.17328138649463654,0.6202923655509949,0.36916986107826233,0.25112250447273254,196,20,0,312,4,19,16,3,0.26732673267326734,0.10617685317993164,0.1449456661939621,0.03219097852706909,0.0,0.03700507432222366,0.020482489839196205,0.051686838269233704,0.0,0.024464232847094536,0.01661265827715397,0.029873833060264587,0.0,0.04259426146745682,0.04385989159345627,0.00017687352374196053,0.014868363738059998,0.34878572821617126,0.02038414031267166,1,213,1.72634340635721,127,20,66,18687.419921875,0.2534600496292114,0.2594316899776459,0.4871082603931427,0.31326350569725037,0.17384470999240875,215,26,0,190,1,20,12,8,0.25821596244131456,0.06904342025518417,0.00103595235850662,0.2569945752620697,0.0,0.0,,0.05507421866059303,0.02113020233809948,0.06306320428848267,0.07804978638887405,0.05146927759051323,0.06095424294471741,0.017607195302844048,0.016728214919567108,0.008452405221760273,0.05626896396279335,0.10480130463838577,0.02192629687488079,0.0871797576546669,0.030220985412597656,0.02701215073466301,0.038879916071891785,-11,-0.05130160384743143,-10,0,-1,-445.310546875,-0.06364652514457703,-0.08615030348300934,0.13318410515785217,-19,-6,0,122,3,-5,0.00911077023195278
g7398.t1,g945.t2,0.7423,18.6,1,119,1.4226617985513614,36,26,57,14764.744140625,0.1353181153535843,0.14495691657066345,0.6032256484031677,0.3185387849807739,0.2846868336200714,98,16,0,63,4,14,12,2,0.33613445378151263,0.2107286900281906,0.0739581435918808,0.009178278967738152,,0.027097776532173157,0.011497417464852333,0.06572715938091278,0.0,0.0338364876806736,0.1164993867278099,0.026758991181850433,,0.005244730971753597,0.03558206558227539,0.006337383296340704,0.03579210117459297,0.2265097051858902,0.09202907979488373,1,122,1.8380772112504191,24,28,70,19789.5546875,0.27074599266052246,0.3259178698062897,0.40333613753318787,0.19747932255268097,0.20585684478282928,75,6,0,96,-1,10,13,-3,0.4098360655737705,0.13444915413856506,0.03713289275765419,0.19747932255268097,0.0,0.0,0.012645130977034569,0.09950250387191772,0.0,0.030577722936868668,0.09582190215587616,0.04687150940299034,0.09118354320526123,0.07158884406089783,0.0,0.01059778779745102,0.0,0.07140768319368362,0.03230646997690201,0.060628630220890045,0.007806962355971336,0.023004114627838135,0.0002185304620070383,-3,-0.4154154126990577,12,-2,-13,-5024.810546875,-0.13542787730693817,-0.18096095323562622,0.19988951086997986,23,10,0,-33,5,5,-0.07370161179225787
g836.t1,g7041.t1,0.7422,22.1,1,438,2.5190672629591004,174,77,187,30274.5,0.16245809197425842,0.3455755412578583,0.4752095937728882,0.24195976555347443,0.23324981331825256,386,38,15,240,-7,23,27,-4,0.18493150684931506,0.14780586957931519,0.08544393628835678,0.01065487414598465,0.001822694088332355,0.037489280104637146,0.006444052793085575,0.04155506566166878,0.012149705551564693,0.06344995647668839,0.016756786033511162,0.013215471059083939,0.012507101520895958,0.04964691027998924,0.10656026005744934,0.026714222505688667,0.03544485941529274,0.18563425540924072,0.056325528770685196,1,657,3.1085780135250385,257,89,311,48945.6015625,0.1626596599817276,0.29335612058639526,0.5379340052604675,0.294825941324234,0.24310807883739471,510,85,30,326,-23,38,39,-1,0.1841704718417047,0.06949559599161148,0.01831553503870964,0.15333224833011627,0.011383304372429848,0.0060501787811517715,0.0,0.039075817912817,0.016202427446842194,0.023852700367569923,0.03775448724627495,0.01610194891691208,0.0329538993537426,0.18731571733951569,0.016582049429416656,0.0005273685092106462,0.14149366319179535,0.17361250519752502,0.0,0.05292288213968277,0.0030276537872850895,0.08220678567886353,0.008172363042831421,-219,-0.589510750565938,-83,-12,-124,-18671.1015625,-0.00020156800746917725,0.05221942067146301,-0.06272441148757935,-124,-47,-15,-86,16,-3,0.00076103500761035
g11214.t1,g13765.t1,0.7421,30.6,1,165,2.3906160910884964,48,35,82,27818.755859375,0.15487708151340485,0.372802734375,0.4588206112384796,0.35240688920021057,0.10641368478536606,117,16,0,28,25,26,6,20,0.4,0.012580771930515766,0.09383290261030197,0.0,,0.055468834936618805,0.030185900628566742,0.029894931241869926,0.0,0.17045968770980835,0.013499611988663673,0.05350746214389801,0.0,0.06138839200139046,0.028884615749120712,0.016005869954824448,0.03554763272404671,0.2111058533191681,0.14130108058452606,1,226,3.3349569722951395,61,46,119,35962.1796875,0.16980642080307007,0.14340601861476898,0.6647099256515503,0.44488525390625,0.21982470154762268,152,14,0,72,20,37,17,20,0.3672566371681416,0.07185756415128708,0.03881421685218811,0.372540146112442,0.015880536288022995,0.022077659144997597,,0.02017766237258911,0.022967617958784103,0.04605880007147789,0.017304807901382446,0.035958126187324524,0.02291732095181942,0.04020463675260544,0.02681007795035839,0.0112986508756876,0.072345070540905,0.147967129945755,0.00035888218553736806,0.010407582856714725,0.004053507000207901,0.04633647948503494,0.0,-61,-0.9443408812066432,-13,-11,-37,-8143.423828125,-0.014929339289665222,0.22939671576023102,-0.20588931441307068,-35,2,0,-44,5,0,0.032743362831858414
g7156.t1,g8965.t2,0.7412,25.8,1,210,2.6414763408433584,28,54,128,30694.65234375,0.2810809016227722,0.1914982944726944,0.5135028958320618,0.3704933524131775,0.14300954341888428,154,22,1,179,3,22,16,6,0.3380952380952381,0.07843843847513199,0.06457110494375229,0.07342682778835297,0.011705323122441769,0.06529957056045532,0.025718918070197105,0.006751158274710178,0.029671574011445045,0.0125760892406106,0.01391783356666565,0.01708383299410343,0.0,0.054036613553762436,0.041446808725595474,0.025753794237971306,0.025723392143845558,0.3124403953552246,0.058052971959114075,1,329,2.92034474143447,70,57,202,42852.70703125,0.2502910792827606,0.27718305587768555,0.45348507165908813,0.35702309012413025,0.09646196663379669,206,23,0,163,14,32,17,15,0.3221884498480243,0.02171044796705246,0.05287322774529457,0.15102551877498627,0.03307265415787697,0.01904074102640152,0.015283106826245785,0.050618965178728104,0.01382350828498602,0.04557463899254799,0.04829714819788933,0.07488609105348587,0.06894592195749283,0.03527330979704857,0.011892998591065407,0.025512607768177986,0.20599757134914398,0.07475151121616364,0.0003764693974517286,0.030369514599442482,0.020673971623182297,0.0202911589294672,0.06309415400028229,-119,-0.2788684005911115,-42,-3,-74,-12158.0546875,0.030789822340011597,-0.08568476140499115,0.06001782417297363,-52,-1,1,16,-11,-9,0.01590678824721381
g9383.t1,g970.t2,0.7412,33.0,1,132,1.9859884715560958,55,24,53,19838.083984375,0.44425833225250244,0.28318238258361816,0.2575725018978119,0.11687552183866501,0.14069697260856628,95,9,29,156,-3,6,11,-5,0.3484848484848485,0.033521685749292374,0.10717529058456421,0.05237138271331787,0.015048237517476082,0.02794559858739376,0.01397626381367445,0.03656895086169243,0.02342074364423752,0.031171776354312897,0.01498671155422926,0.0814720094203949,,0.01934991404414177,0.1159571036696434,0.0050419652834534645,0.029444461688399315,0.09948445111513138,0.017391066998243332,1,157,1.9221703628763276,55,16,86,20758.787109375,0.27822765707969666,0.4835543632507324,0.22788099944591522,0.05100631341338158,0.17687468230724335,110,12,57,146,-5,7,12,-5,0.33121019108280253,0.13343505561351776,0.12041603028774261,0.04475485533475876,0.0,0.010336983948946,0.008699207566678524,0.02188141830265522,0.00310506415553391,0.045042917132377625,0.051783423870801926,0.09218000620603561,0.05116751417517662,0.18237343430519104,0.03745872154831886,0.007188289891928434,0.006251458078622818,0.043439626693725586,0.022381974384188652,0.023858319967985153,0.09424570202827454,0.05823463946580887,0.21743769943714142,-25,0.06381810867976823,0,8,-33,-920.703125,0.1660306751728058,-0.20037198066711426,0.029691502451896667,-15,-3,-28,10,2,0,0.01727465740204598
g11756.t1,g3215.t1,0.7409,45.3,1,134,1.8975037254834155,58,23,53,19460.09375,0.40138357877731323,0.25209930539131165,0.33398672938346863,0.2036444991827011,0.1303422451019287,108,9,0,106,2,13,8,5,0.3582089552238806,0.07680653035640717,0.05353568494319916,0.040455982089042664,0.0,0.04946776106953621,0.009020895697176456,0.10953167080879211,0.000994819332845509,0.054768018424510956,0.012530367821455002,0.0,0.14444735646247864,0.03319036588072777,0.02376524917781353,0.009940632618963718,0.1152421236038208,0.05140890181064606,0.15223559737205505,1,123,2.320473500046885,60,21,42,20298.626953125,0.25827693939208984,0.1638081967830658,0.43137043714523315,0.2820330560207367,0.14933735132217407,106,10,0,103,0,13,12,1,0.37398373983739835,0.0638587549328804,0.04498395696282387,0.15506459772586823,0.001112677389755845,0.14654439687728882,,0.0449436716735363,0.0299077071249485,0.02446078136563301,0.05192387476563454,0.013323137536644936,0.021930521354079247,0.027804825454950333,0.018398789688944817,0.06329577416181564,0.12696847319602966,0.08547861129045486,0.0,0.06108129024505615,0.018918145447969437,0.016112633049488068,0.04654534161090851,11,-0.4229697745634695,-2,2,11,-838.533203125,0.1431066393852234,0.08829110860824585,-0.09738370776176453,2,-1,0,3,2,4,-0.01577478461351778
g16599.t1,g9012.t1,0.74,19.6,1,111,1.370954604937526,55,20,36,14863.111328125,0.23938480019569397,0.23204532265663147,0.5285698771476746,0.47354772686958313,0.05502215027809143,104,7,3,49,11,17,5,12,0.24324324324324326,0.013808570802211761,0.04121357575058937,0.05492229387164116,0.0,0.12042268365621567,0.001060674898326397,0.005210020113736391,0.02018882893025875,0.06962050497531891,0.0,0.027786774560809135,,0.0036904311273247004,0.01138492114841938,0.0,0.11401324719190598,0.34518125653266907,0.12836645543575287,1,135,1.5789913558240782,56,20,59,17543.365234375,0.23124690353870392,0.20493455231189728,0.5603240728378296,0.35658514499664307,0.20373888313770294,114,4,1,19,1,14,12,2,0.28888888888888886,0.06488082557916641,0.01779814623296261,0.21438825130462646,0.06040256842970848,0.0034944480285048485,0.0,0.109089694917202,0.004681243095546961,0.03365705534815788,0.03153260052204132,0.0450037457048893,0.01048334501683712,0.10658377408981323,0.00882807932794094,0.0014713465934619308,0.14219693839550018,0.13885806500911713,,0.0,0.0066498345695436,0.032275572419166565,0.010854208841919899,-24,-0.20803675088655216,-1,0,-23,-2680.25390625,0.008137896656990051,0.027110770344734192,-0.03175419569015503,-10,3,2,30,10,10,-0.045645645645645605
g5787.t1,g13066.t1,0.7391,43.5,1,433,4.708596670616162,98,127,208,42893.83203125,0.2988559901714325,0.38366422057151794,0.3173322081565857,0.20596660673618317,0.11136560142040253,326,29,13,384,2,19,20,-1,0.2678983833718245,0.06536535173654556,0.04600025713443756,0.06433144956827164,0.012058191932737827,0.021956870332360268,0.018057405948638916,0.12960009276866913,0.025558220222592354,0.03465777263045311,0.0001475823955843225,0.009207678958773613,0.0,0.19526390731334686,0.07452766597270966,0.011204601265490055,0.009999103844165802,0.13614578545093536,0.0698208287358284,1,253,2.3304533697248035,27,72,154,27022.41015625,0.40864041447639465,0.41404712200164795,0.1773124784231186,0.09964539110660553,0.07766708731651306,176,17,14,396,-3,9,12,-3,0.31620553359683795,0.03674418851733208,0.08556266129016876,0.09753701835870743,0.0,0.0,0.0,0.1157788634300232,0.036461204290390015,0.058564066886901855,0.037819620221853256,0.08466209471225739,0.15236796438694,0.09338271617889404,0.08688971400260925,0.0,0.0021083750762045383,0.04092290624976158,0.0,0.06184510886669159,0.009353488683700562,0.03910014405846596,0.03699706122279167,180,2.378143300891358,71,55,54,15871.421875,-0.10978442430496216,-0.030382901430130005,0.1400197297334671,150,12,-1,-12,5,2,-0.04830715022501347
g13452.t1,g6079.t1,0.7384,29.2,1,172,1.6560846156531799,26,72,74,17761.3984375,0.1738114207983017,0.25502994656562805,0.558302104473114,0.4428313672542572,0.1154707595705986,136,22,0,77,5,19,10,9,0.2616279069767442,0.1018017902970314,0.013668964616954327,0.0,0.0,0.04881405457854271,0.04327975958585739,0.024160858243703842,0.05595146119594574,0.04403485357761383,0.01285644806921482,0.041850633919239044,0.0,0.021679164841771126,0.09992978721857071,0.003034389577805996,0.022524775937199593,0.38184335827827454,0.060988035053014755,1,415,3.2104041667738192,215,73,127,32020.1796875,0.1921379566192627,0.2252889722585678,0.5474061369895935,0.3674057126045227,0.1800004094839096,396,57,0,282,-4,40,29,11,0.22409638554216868,0.07207544893026352,0.034257516264915466,0.3249918222427368,0.025292271748185158,0.0351669043302536,0.0011816245969384909,0.03420275077223778,0.007409204728901386,0.05743829905986786,0.046383049339056015,0.04976242408156395,0.0448697991669178,0.06788776814937592,0.014031431637704372,0.00030229808180592954,0.04241387918591499,0.10792495310306549,0.0,0.026613401249051094,0.00779511034488678,0.023581605404615402,0.0,-243,-1.5543195511206394,-189,-1,-53,-14258.78125,-0.018326535820961,0.02974097430706024,0.010895967483520508,-260,-35,0,-205,9,-2,0.03753152143457553
g4551.t1,g6700.t1,0.7383,34.3,1,142,2.1566445379236145,22,46,74,23968.32421875,0.14541013538837433,0.2878069281578064,0.5667829513549805,0.39894524216651917,0.1678377240896225,80,7,0,22,2,18,15,3,0.352112676056338,0.11698959767818451,0.05084813013672829,0.010500133037567139,,0.0358993262052536,0.0,0.042915232479572296,0.03727666288614273,0.1077684685587883,0.0,0.0,0.0,0.00484621524810791,0.10969148576259613,0.005760913249105215,0.007498238235712051,0.24483247101306915,0.15411272644996643,1,138,2.311779132503509,14,46,78,23958.1328125,0.31833869218826294,0.14173556864261627,0.5235937833786011,0.33180996775627136,0.1917838603258133,72,6,0,43,2,16,13,3,0.36231884057971014,0.06214778870344162,0.14406831562519073,0.28662726283073425,0.03272586688399315,0.016331886872649193,,0.06430428475141525,0.012236523441970348,0.015891574323177338,0.02383970282971859,0.06620199233293533,0.005658972077071667,0.03379838913679123,0.0028281614650040865,0.012986654415726662,0.045182738453149796,0.12963607907295227,0.02571255899965763,0.019821273162961006,0.0,0.05800251662731171,0.013057857751846313,4,-0.15513459457989454,8,0,-4,10.19140625,-0.1729285567998886,0.14607135951519012,0.043189167976379395,8,1,0,-21,0,0,-0.010206164523372141
g4551.t1,g7198.t1,0.7381,46.4,1,142,2.1566445379236145,22,46,74,23968.32421875,0.14541013538837433,0.2878069281578064,0.5667829513549805,0.39894524216651917,0.1678377240896225,80,7,0,22,2,18,15,3,0.352112676056338,0.11698959767818451,0.05084813013672829,0.010500133037567139,,0.0358993262052536,0.0,0.042915232479572296,0.03727666288614273,0.1077684685587883,0.0,0.0,0.0,0.00484621524810791,0.10969148576259613,0.005760913249105215,0.007498238235712051,0.24483247101306915,0.15411272644996643,1,146,2.3910872658229683,28,46,72,26773.296875,0.25839880108833313,0.2388470619916916,0.4691644012928009,0.28388461470603943,0.1852797567844391,87,12,0,159,-3,17,20,-3,0.3904109589041096,0.0630570501089096,0.030610451474785805,0.1986045241355896,0.02995293401181698,0.033589839935302734,,0.08481287956237793,0.00047655930393375456,0.02591042034327984,0.10920102894306183,0.018073536455631256,0.007712870370596647,0.10326528549194336,0.0,0.044691309332847595,0.08528012037277222,0.12222271412611008,0.03000788576900959,0.012412900105118752,0.0001177660669782199,0.05800251662731171,0.013057857751846313,-4,-0.23444272789935372,-6,0,2,-2804.97265625,-0.1129886656999588,0.04895986616611481,0.09761855006217957,-7,-5,0,-137,5,6,-0.03829828284777159
g14833.t1,g3202.t1,0.7374,37.5,1,167,3.124401727957003,88,0,79,36780.796875,0.23843860626220703,0.39285364747047424,0.3477281630039215,0.2964353859424591,0.051292769610881805,122,8,0,16,14,25,9,16,0.48502994011976047,0.04074075445532799,0.010552015155553818,0.025278137996792793,0.0,0.04399314522743225,0.0,0.06143428757786751,0.014913023449480534,0.07811571657657623,0.020979585126042366,0.017193838953971863,0.016827596351504326,0.07180069386959076,0.015032830648124218,0.00043861829908564687,0.012990277260541916,0.09160204231739044,0.20483334362506866,1,125,2.124006359337456,84,0,41,20556.60546875,0.19999919831752777,0.2167837917804718,0.5679245591163635,0.3728157579898834,0.1951088309288025,116,18,0,92,6,17,11,6,0.384,0.014111021533608437,0.021189477294683456,0.15875840187072754,0.009103627875447273,0.015292446129024029,,0.08701249212026596,0.005061562173068523,0.002197427209466696,0.10152152925729752,0.04120361804962158,0.0688401460647583,0.0,0.0018835092196241021,0.06947920471429825,0.21405735611915588,0.180997833609581,0.009133458137512207,0.0,0.00015695909678470343,0.21491418778896332,0.058359961956739426,42,1.000395368619547,4,0,38,16224.19140625,0.03843940794467926,0.17606985569000244,-0.22019639611244202,6,-10,0,-76,8,10,0.10102994011976046
g14420.t2,g15353.t3,0.7355,74.1,1,860,6.86741744120459,239,295,326,89145.9375,0.19746987521648407,0.23514477908611298,0.5425729155540466,0.3507881462574005,0.1917847841978073,662,86,1,280,-7,90,72,18,0.29651162790697677,0.13523972034454346,0.05654505267739296,0.04294469952583313,0.0010630390606820583,0.016407111659646034,0.01847711391746998,0.02880192920565605,0.01692051626741886,0.07610505819320679,0.02481239102780819,0.03969338908791542,0.0,0.0376691110432148,0.0644383430480957,0.024177351966500282,0.0029620167333632708,0.17621289193630219,0.17457526922225952,1,843,6.911571915197409,233,298,312,89656.234375,0.20291218161582947,0.2287457287311554,0.523820698261261,0.3617473840713501,0.1620732843875885,660,91,1,173,-9,80,65,15,0.30604982206405695,0.06010957434773445,0.03553467616438866,0.21051427721977234,0.027899479493498802,0.04452134668827057,0.0,0.03550273925065994,0.021029911935329437,0.04604222625494003,0.07876381278038025,0.039833858609199524,0.03433819115161896,0.045763831585645676,0.015966948121786118,0.008390008471906185,0.15123310685157776,0.10196371376514435,0.0,0.033576104789972305,0.009016120806336403,0.03443009778857231,0.028524866327643394,17,-0.04415447399281902,6,-3,14,-510.296875,-0.005442306399345398,0.006399050354957581,0.018752217292785645,2,-5,0,107,2,3,-0.009538194157080182
g11288.t1,g6461.t1,0.7333,13.1,1,148,1.6435495604508368,46,43,59,18673.5625,0.25120216608047485,0.37346258759498596,0.369633287191391,0.1989503800868988,0.1706829071044922,131,25,0,103,0,13,14,-1,0.30405405405405406,0.10109744966030121,0.06958544254302979,0.08731590956449509,,0.09604458510875702,0.013198227621614933,0.03818589076399803,0.0,0.08586383610963821,0.005701966118067503,0.015793969854712486,0.0,0.013661438599228859,0.1587366759777069,0.009196554310619831,0.04173007234930992,0.1522035002708435,0.046746861189603806,1,152,1.6522902307190042,46,43,63,18427.275390625,0.3070980906486511,0.1794280707836151,0.5134737491607666,0.22881899774074554,0.28465476632118225,119,12,1,98,-4,14,19,-5,0.3026315789473684,0.12943124771118164,0.021014990285038948,0.18519030511379242,0.02924107015132904,,0.0,0.04633057117462158,0.022948483005166054,0.033968664705753326,0.06379582732915878,0.016473915427923203,0.025009170174598694,0.051200684159994125,0.08455730229616165,0.011731446720659733,0.04362867400050163,0.1552235335111618,0.06081835925579071,0.01943567954003811,0.0,0.06027233228087425,0.0046652453020215034,-4,-0.008740670268167383,0,0,-4,246.287109375,-0.05589592456817627,0.19403451681137085,-0.1438404619693756,12,13,-1,5,4,4,0.001422475106685639
g297.t1,g7413.t1,0.7302,13.6,1,371,2.0730140808750215,160,55,156,23958.78125,0.13704881072044373,0.20721741020679474,0.6218618154525757,0.4393329918384552,0.18252883851528168,346,39,10,221,4,29,22,7,0.1725067385444744,0.12373329699039459,0.05879553407430649,0.012239684350788593,0.0,0.06286059319972992,0.01704944297671318,0.01831521838903427,0.034341033548116684,0.09589928388595581,0.033871959894895554,0.008349584415555,0.0,0.007780198939144611,0.03457609936594963,0.00094269507098943,0.0167193952947855,0.4183045029640198,0.021028490737080574,1,312,1.969112136744489,131,52,129,22051.236328125,0.2792893648147583,0.2570708990097046,0.44195982813835144,0.299709290266037,0.14225052297115326,298,36,1,197,7,23,16,7,0.16987179487179488,0.0575631819665432,0.0007316020783036947,0.24201984703540802,0.020045898854732513,0.02167988009750843,0.0,0.037938930094242096,0.006018694490194321,0.04709182679653168,0.04524756968021393,0.0781114250421524,0.0394526831805706,0.08271704614162445,0.0,0.07652557641267776,0.05768946558237076,0.08468733727931976,0.04587957262992859,0.05107596144080162,0.005523481406271458,0.03519299998879433,0.0,59,0.10390194413053244,29,3,27,1907.544921875,-0.14224055409431458,-0.04985348880290985,0.17990198731422424,48,3,9,24,-3,0,0.002634943672679524
g19521.t1,g2445.t1,0.7293,27.3,1,185,1.6168638063228868,69,44,72,19210.61328125,0.2318929135799408,0.18757888674736023,0.5714969635009766,0.3171062171459198,0.254390686750412,162,27,2,86,0,18,17,1,0.24324324324324326,0.12241650372743607,0.13197417557239532,0.05408197268843651,0.003688482102006674,0.1254238337278366,0.02121506631374359,0.0023513901978731155,0.04684452712535858,0.028451839461922646,0.009031320922076702,0.0023513901978731155,0.0005038693198002875,0.03867923095822334,0.0663510113954544,0.00033591288956813514,0.0,0.2600971460342407,0.057009097188711166,1,195,1.715344371881931,62,48,85,20040.1640625,0.3373378813266754,0.2254289835691452,0.4036243259906769,0.25360390543937683,0.15002043545246124,170,30,1,119,-2,13,16,-3,0.26153846153846155,0.09783614426851273,0.005474135745316744,0.1534624546766281,0.002876047743484378,0.03360879048705101,0.0,0.111099474132061,0.019173147156834602,0.07862449437379837,0.017842058092355728,0.033454276621341705,0.045585647225379944,0.04557892680168152,0.0,0.101593516767025,0.10014147311449051,0.05218429118394852,0.011592287570238113,0.026077965274453163,0.06379492580890656,0.02919325977563858,0.0,-10,-0.09848056555904416,7,-4,-13,-829.55078125,-0.10544496774673462,-0.03785009682178497,0.16787263751029968,-8,-3,1,-33,2,4,-0.018295218295218296
g6392.t1,g5397.t2,0.7292,40.1,1,327,2.724937806939391,41,121,165,31776.251953125,0.29843947291374207,0.39123255014419556,0.2546079158782959,0.1751290112733841,0.0794789046049118,251,22,41,571,-1,18,8,10,0.28440366972477066,0.041972000151872635,0.03750689700245857,0.047663405537605286,0.013615651987493038,0.046397268772125244,0.05807683616876602,0.029829474166035652,0.012184745632112026,0.11768569052219391,0.055720049887895584,0.02112453803420067,0.05018484219908714,0.058103855699300766,0.06292653828859329,0.01392680499702692,0.024693353101611137,0.07242396473884583,0.10270503163337708,1,339,2.588796684181044,46,137,156,30208.509765625,0.29750192165374756,0.3405054211616516,0.26082536578178406,0.16804276406764984,0.09278259426355362,283,40,60,652,-9,17,12,5,0.25663716814159293,0.010075920261442661,0.045138880610466,0.14433041214942932,0.05747761204838753,0.10116728395223618,0.0153338722884655,0.08021651953458786,0.049347080290317535,0.017409898340702057,0.09900335222482681,0.055072907358407974,0.040729817003011703,0.06659042835235596,0.04249544441699982,0.011962627992033958,0.02371232770383358,0.08270668983459473,0.0,0.04280092567205429,0.014427975751459599,0.05613062530755997,0.07712838798761368,-12,0.1361411227583469,-5,-16,9,1567.7421875,0.0009375512599945068,0.050727128982543945,-0.006217449903488159,-32,-18,-19,-81,8,5,0.027766501583177727
g6101.t1,g888.t1,0.7287,22.6,1,243,2.092024919895347,205,0,38,23231.287109375,0.5886284112930298,0.19222475588321686,0.17011843621730804,0.1325140744447708,0.03760436549782753,246,11,3,264,5,8,4,4,0.25925925925925924,0.023344101384282112,0.014260259456932545,0.15925297141075134,0.0,0.05911579355597496,0.01153359841555357,0.027935044839978218,0.024444283917546272,0.03020056150853634,0.049028392881155014,0.017038891091942787,0.015607180073857307,0.032262735068798065,0.0,0.0499996691942215,0.04278711602091789,0.11194080859422684,0.020573260262608528,1,372,2.6919112076708522,267,2,103,35310.78125,0.29884570837020874,0.3483864367008209,0.3373566269874573,0.2559737265110016,0.08138290047645569,316,13,0,291,10,19,9,10,0.23118279569892472,0.004375329706817865,0.07378987967967987,0.1597222238779068,0.0017361377831548452,0.015411208383738995,0.0,0.07272353768348694,0.015955040231347084,0.020925026386976242,0.16946224868297577,0.029147982597351074,0.014337646774947643,0.061646439135074615,0.0,0.07193943858146667,0.09625150263309479,0.07700757682323456,0.028038762509822845,0.02969292737543583,0.05783708021044731,0.07544075697660446,0.2352346032857895,-129,-0.5998862877755053,-62,-2,-65,-12079.494140625,0.28978270292282104,-0.15616168081760406,-0.16723819077014923,-70,-2,3,-27,-5,-6,0.028076463560334525
g7793.t2,g3288.t1,0.7262,13.0,1,143,1.8519244369640455,109,0,34,18054.861328125,0.5307351350784302,0.08196493983268738,0.3791269063949585,0.30635708570480347,0.07276981323957443,143,6,0,167,8,13,5,8,0.3076923076923077,0.03992239758372307,0.03284741938114166,0.10132737457752228,0.0,0.10249680280685425,0.008443527854979038,0.09785044193267822,0.11173205822706223,0.0,0.00817298423498869,0.025095956400036812,0.02785804122686386,0.006242553703486919,0.021327603608369827,0.00035741578903980553,0.01917414925992489,0.1026616021990776,0.20369552075862885,1,149,1.8697883413821133,116,0,33,18386.14453125,0.4556850492954254,0.1750284880399704,0.3351898491382599,0.23956754803657532,0.09562231600284576,144,5,0,149,7,10,7,3,0.3087248322147651,0.044830139726400375,0.1416187435388565,0.15921582281589508,0.018426232039928436,0.03409666195511818,0.003910072147846222,0.05038398504257202,0.01566588506102562,0.016320375725626945,0.005397424101829529,0.048383355140686035,0.0057911016047000885,0.027072694152593613,0.08595706522464752,0.03544856235384941,0.08035171031951904,0.05079218000173569,0.07001162320375443,0.03751840814948082,0.06880796700716019,0.026777103543281555,0.06401704996824265,-6,-0.017863904418067733,-7,0,1,-331.283203125,0.07505008578300476,-0.09306354820728302,0.04393705725669861,-1,1,0,18,1,5,-0.0010325245224573898
g12174.t1,g16717.t1,0.7256,17.3,1,225,1.6449461221056636,85,51,89,18509.83203125,0.20690254867076874,0.19965696334838867,0.5673162937164307,0.3810279667377472,0.18628837168216705,204,20,5,405,2,19,14,5,0.21333333333333335,0.06572496145963669,0.12056343257427216,0.09363581240177155,0.00017431526794098318,0.046176329255104065,0.022846128791570663,0.03529062122106552,0.0,0.06349366903305054,0.02612408436834812,0.03040526993572712,0.0008715762523934245,0.040602441877126694,0.05235670506954193,0.0,0.00017431526794098318,0.3579534590244293,0.023074496537446976,1,191,1.6672909474569078,94,35,62,19121.095703125,0.2510099411010742,0.2076280117034912,0.41203421354293823,0.29651492834091187,0.11551929265260696,184,16,0,82,-1,14,13,1,0.2356020942408377,0.05294305086135864,0.03307357430458069,0.19346627593040466,0.05079156160354614,0.12932783365249634,0.0,0.007440880406647921,0.002699884120374918,0.03695465996861458,0.11586233228445053,0.042958565056324005,0.0217865202575922,0.024320704862475395,0.02999388985335827,0.0,0.1030486524105072,0.06257624924182892,0.0071564605459570885,0.08559887856245041,0.0,0.020009396597743034,0.0005229457747191191,34,-0.022344825351244157,-9,16,27,-611.263671875,-0.04410739243030548,-0.007971048355102539,0.15528208017349243,20,4,5,323,3,4,-0.022268760907504348
g297.t1,g12103.t1,0.7242,17.9,1,371,2.0730140808750215,160,55,156,23958.78125,0.13704881072044373,0.20721741020679474,0.6218618154525757,0.4393329918384552,0.18252883851528168,346,39,10,221,4,29,22,7,0.1725067385444744,0.12373329699039459,0.05879553407430649,0.012239684350788593,0.0,0.06286059319972992,0.01704944297671318,0.01831521838903427,0.034341033548116684,0.09589928388595581,0.033871959894895554,0.008349584415555,0.0,0.007780198939144611,0.03457609936594963,0.00094269507098943,0.0167193952947855,0.4183045029640198,0.021028490737080574,1,362,2.136558165860977,171,54,137,25294.7734375,0.25621524453163147,0.24722003936767578,0.4644703269004822,0.329505056142807,0.13496524095535278,350,48,1,339,4,26,13,13,0.19337016574585636,0.0594898946583271,0.08034107089042664,0.1100936084985733,0.0033165032509714365,0.03209449723362923,0.004392389673739672,0.05569568648934364,0.0,0.028500249609351158,0.05717846751213074,0.05527917668223381,0.020556366071105003,0.1030825674533844,0.0,0.05075055733323097,0.2194114625453949,0.07547533512115479,0.03659939020872116,0.0010117382043972611,0.006731083616614342,0.03519299998879433,0.0,9,-0.06354408498595543,-11,1,19,-1335.9921875,-0.11916643381118774,-0.04000262916088104,0.1573914885520935,-4,-9,9,-118,0,-6,-0.020863427201381957
g12859.t1,g9164.t1,0.7217,35.7,1,306,2.6596841160198896,153,0,153,30728.12890625,0.20096924901008606,0.2567608058452606,0.45194587111473083,0.2208007574081421,0.23114512860774994,247,14,1,237,-20,18,25,-7,0.2581699346405229,0.1380547285079956,0.09309039264917374,0.04292915016412735,0.0032966916915029287,0.04483475908637047,0.014114901423454285,0.009345268830657005,0.017623420804739,0.09086789190769196,0.0903240218758583,0.016061466187238693,0.0,0.024081269279122353,0.06508316099643707,0.04896458983421326,0.0015391366323456168,0.1369377076625824,0.08386304974555969,1,281,2.8228930651900233,153,2,126,31002.744140625,0.2714301347732544,0.2761300802230835,0.4143981635570526,0.21756555140018463,0.19683262705802917,265,21,1,80,-15,17,25,-8,0.28825622775800713,0.09234616905450821,0.02639181539416313,0.15823625028133392,0.026143331080675125,0.0380416177213192,0.0006213093874976039,0.10781270265579224,0.01952030137181282,0.019982000812888145,0.012444027699530125,0.05047038570046425,0.032815538346767426,0.14460821449756622,0.014461390674114227,0.04485272988677025,0.059329308569431305,0.10448646545410156,0.016910448670387268,0.014875703491270542,0.015650296583771706,0.057777754962444305,0.02121060900390148,25,-0.16320894917013362,0,-2,27,-274.615234375,-0.07046088576316833,-0.019369274377822876,0.03754770755767822,-18,-7,0,157,-5,1,-0.03008629311748423
g15399.t1,g16894.t1,0.7212,25.0,1,421,7.368758355471609,316,0,105,52203.1796875,0.15330800414085388,0.1562027931213379,0.6853114366531372,0.4384562075138092,0.24685528874397278,388,43,1,359,-13,54,59,-5,0.332541567695962,0.1811811625957489,0.06567414104938507,0.04572765901684761,0.0,0.024865416809916496,0.009250023402273655,0.005686286371201277,0.02138538286089897,0.06906154006719589,0.005177722312510014,0.02524241991341114,0.009456542320549488,0.018147438764572144,0.01890225149691105,0.010622428730130196,0.027985958382487297,0.33449965715408325,0.10395656526088715,1,538,5.739111035264477,406,0,132,52758.49609375,0.1368473917245865,0.21399204432964325,0.6241458654403687,0.39507532119750977,0.2290704995393753,530,59,0,184,-10,53,59,-6,0.2620817843866171,0.09927008301019669,0.030634034425020218,0.27102163434028625,0.012292536906898022,0.025014732033014297,0.0,0.02481231279671192,0.007060545962303877,0.035825204104185104,0.07247643172740936,0.02882625162601471,0.03170081973075867,0.06818779557943344,0.01901143044233322,6.115690484875813e-05,0.12405369430780411,0.12980040907859802,0.002532536629587412,0.011678178794682026,0.005740190856158733,0.012855565175414085,0.0103218462318182,-117,1.6296473202071322,-90,0,-27,-555.31640625,0.016460612416267395,-0.05778925120830536,0.061165571212768555,-142,-16,1,175,-3,1,0.07045978330934488
g1157.t1,g5157.t2,0.7137,35.6,1,571,5.358672474663693,244,71,256,74053.96875,0.32264992594718933,0.263300359249115,0.39541491866111755,0.1940288543701172,0.20138603448867798,492,74,32,334,-28,45,54,-9,0.3450087565674256,0.15550974011421204,0.04587628319859505,0.07134613394737244,0.005295240320265293,0.04974526911973953,0.010957620106637478,0.03937910497188568,0.030490919947624207,0.06564489006996155,0.01863490417599678,0.028423449024558067,0.03916645050048828,0.09800087660551071,0.03693431243300438,0.017872583121061325,0.01391992811113596,0.0822499617934227,0.11177888512611389,1,460,4.878141390044784,208,80,172,52535.375,0.25240233540534973,0.24125348031520844,0.4653260409832001,0.2210533618927002,0.24427267909049988,406,51,29,293,-24,35,43,-8,0.2847826086956522,0.06308987736701965,0.0431394949555397,0.12924012541770935,0.025542322546243668,0.04101809114217758,0.0003110075485892594,0.028058914467692375,0.009728647768497467,0.022020183503627777,0.07343194633722305,0.06511478126049042,0.022131817415356636,0.05174516513943672,0.006940080318599939,0.0445786789059639,0.09181322902441025,0.18118281662464142,0.053623929619789124,0.028498761355876923,0.018790114670991898,0.032547477632761,0.04622599482536316,111,0.48053108461890837,36,-9,84,21518.59375,0.0702475905418396,0.022046878933906555,-0.06991112232208252,86,23,3,41,-4,-1,0.06022614787177338
g14420.t2,g15353.t1,0.7133,72.2,1,860,6.86741744120459,239,295,326,89145.9375,0.19746987521648407,0.23514477908611298,0.5425729155540466,0.3507881462574005,0.1917847841978073,662,86,1,280,-7,90,72,18,0.29651162790697677,0.13523972034454346,0.05654505267739296,0.04294469952583313,0.0010630390606820583,0.016407111659646034,0.01847711391746998,0.02880192920565605,0.01692051626741886,0.07610505819320679,0.02481239102780819,0.03969338908791542,0.0,0.0376691110432148,0.0644383430480957,0.024177351966500282,0.0029620167333632708,0.17621289193630219,0.17457526922225952,1,1403,9.726827465367677,292,295,816,188395.53125,0.25486990809440613,0.19749431312084198,0.5314183831214905,0.3265163004398346,0.2049020230770111,890,165,1,244,-14,174,143,31,0.3856022808267997,0.056091777980327606,0.061755865812301636,0.24774782359600067,0.026986433193087578,0.016217418015003204,0.0024642362259328365,0.01272885873913765,0.016730716452002525,0.0305179450660944,0.047242265194654465,0.054692476987838745,0.026497483253479004,0.0359959676861763,0.05144080892205238,0.019538119435310364,0.07876849174499512,0.1488102525472641,0.004809408448636532,0.047092437744140625,0.013871174305677414,0.03443009778857231,0.028524866327643394,-543,-2.859410024163087,-53,0,-490,-99249.59375,-0.05740003287792206,0.037650465965270996,0.011154532432556152,-228,-79,0,36,7,-13,-0.08909065291982293
g7070.t1,g12814.t1,0.7132,16.8,1,202,1.6750418025097786,117,20,65,18242.109375,0.1898135244846344,0.17328138649463654,0.6202923655509949,0.36916986107826233,0.25112250447273254,196,20,0,312,4,19,16,3,0.26732673267326734,0.10617685317993164,0.1449456661939621,0.03219097852706909,0.0,0.03700507432222366,0.020482489839196205,0.051686838269233704,0.0,0.024464232847094536,0.01661265827715397,0.029873833060264587,0.0,0.04259426146745682,0.04385989159345627,0.00017687352374196053,0.014868363738059998,0.34878572821617126,0.02038414031267166,1,224,1.779942804372591,128,20,76,19630.41015625,0.2908555865287781,0.2882559597492218,0.4120127260684967,0.1801026463508606,0.2319100946187973,213,18,0,215,0,15,10,5,0.24107142857142858,0.060284510254859924,0.006574587430804968,0.15275946259498596,0.003287293715402484,0.008875693194568157,,0.061226751655340195,0.015333601273596287,0.1017894297838211,0.07910199463367462,0.017769092693924904,0.08708125352859497,0.04832852631807327,0.0,0.03023935668170452,0.027343159541487694,0.17162559926509857,0.0029585640877485275,0.08477962762117386,0.04064150154590607,0.02701215073466301,0.038879916071891785,-22,-0.10490100186281226,-11,0,-11,-1388.30078125,-0.10104206204414368,-0.11497457325458527,0.20827963948249817,-17,2,0,97,4,-2,0.026255304101838767
g14897.t1,g13917.t1,0.7131,22.4,1,192,2.1713683709361433,104,3,85,23644.66796875,0.36279749870300293,0.3186495900154114,0.31122565269470215,0.26097410917282104,0.050251543521881104,186,11,2,239,8,14,5,9,0.3125,0.0002666974032763392,0.04998484253883362,0.09234904497861862,0.0013802926987409592,0.0751633420586586,0.021081967279314995,0.009279265068471432,0.00941572617739439,0.08968473225831985,0.007327308412641287,0.06594612449407578,0.004639632534235716,0.020753905177116394,0.13215720653533936,0.048700589686632156,0.0,,0.26097410917282104,1,349,2.712851722382143,132,16,201,37130.75390625,0.35473695397377014,0.4990697503089905,0.1449766904115677,0.06300327926874161,0.08197341114282608,265,37,77,233,-8,8,11,-3,0.2836676217765043,0.060651637613773346,0.08327466249465942,0.060096707195043564,0.02663177251815796,0.001216556178405881,0.010973094962537289,0.04919406399130821,0.01758801005780697,0.06715884804725647,0.015942245721817017,0.10568662732839584,0.11658909916877747,0.18974116444587708,0.07598919421434402,0.016771094873547554,0.002906570676714182,0.021321777254343033,0.00025573308812454343,0.03546157479286194,0.042549554258584976,0.05359147861599922,0.0573037751019001,-157,-0.5414833514459998,-28,-13,-116,-13486.0859375,0.008060544729232788,-0.1804201602935791,0.16624896228313446,-79,-26,-75,6,16,12,0.028832378223495714
g12820.t1,g11142.t1,0.713,45.6,1,368,2.4443348459447383,61,128,179,31412.25,0.37180671095848083,0.2441805601119995,0.3290277123451233,0.2709738612174988,0.0580538734793663,271,28,2,449,-6,20,10,10,0.22282608695652173,0.03625389561057091,0.021799977868795395,0.06245144084095955,0.0014550909399986267,0.06004931405186653,0.023646850138902664,0.04107944294810295,0.09754960983991623,0.04383743554353714,0.05498507246375084,0.013273482210934162,0.0033896337263286114,0.048060834407806396,0.05788196995854378,0.06998057663440704,0.0,0.09775647521018982,0.17321740090847015,1,357,2.294940230994142,53,121,183,29266.20703125,0.40996962785720825,0.33870530128479004,0.25132516026496887,0.20072218775749207,0.050602976232767105,265,26,3,349,3,17,8,9,0.24089635854341737,0.03809318318963051,0.1504008024930954,0.1691272258758545,0.01378102321177721,,0.004131312482059002,0.06737508624792099,0.06161149591207504,0.038699280470609665,0.05627750605344772,0.058276135474443436,0.04439916834235191,0.11161684989929199,0.023189477622509003,0.04586324468255043,0.03159494698047638,0.012509792111814022,0.039791207760572433,0.030869493260979652,0.0023927846923470497,0.06929837912321091,0.02403324283659458,11,0.14939461495059625,8,7,-4,2146.04296875,-0.03816291689872742,-0.09452474117279053,0.07770255208015442,6,2,-1,100,-9,1,-0.018070271586895642
g12672.t1,g14315.t1,0.7128,26.8,1,91,1.3269169128144385,10,36,45,14148.2666015625,0.22108659148216248,0.19037865102291107,0.5671776533126831,0.3277606666088104,0.23941707611083984,68,2,0,67,1,11,10,1,0.3626373626373626,0.12196826189756393,0.11744880676269531,0.0,0.0,0.10564076900482178,0.0006754835485480726,0.0782836452126503,0.0,0.09894127398729324,0.021357061341404915,0.03716214373707771,0.0,0.01293659582734108,0.036441490054130554,0.0,,0.15460477769374847,0.17315584421157837,1,110,1.5002744616996762,16,35,59,16224.1875,0.34562039375305176,0.2407192438840866,0.41366028785705566,0.26258212327957153,0.15107817947864532,74,6,0,58,3,10,8,2,0.33636363636363636,0.06342239677906036,0.0,0.23353098332881927,0.010739120654761791,,,0.10538871586322784,0.04808208718895912,0.027710674330592155,0.015784336254000664,0.013215024955570698,0.060167714953422546,0.05460432544350624,0.006449445616453886,0.07000252604484558,0.029051167890429497,0.08765578269958496,0.005767304915934801,0.11956260353326797,0.04886575788259506,0.04138381406664848,0.0,-19,-0.1733575488852377,-6,1,-14,-2075.9208984375,-0.12453380227088928,-0.05034059286117554,0.15351736545562744,-6,-4,0,9,-2,-1,0.02627372627372626
g5783.t1,g13066.t1,0.7122,39.8,1,277,2.645851753650281,49,78,150,27491.416015625,0.3073393404483795,0.5085790157318115,0.170609250664711,0.10753483325242996,0.06307442486286163,195,14,10,327,0,6,6,0,0.296028880866426,0.04459063336253166,0.01848379336297512,0.0965677946805954,0.0,0.03370809927582741,0.05354520305991173,0.08975791931152344,0.02617252804338932,0.017378080636262894,0.01347249187529087,0.0025606367271393538,0.001877849455922842,0.2399459332227707,0.0954149141907692,0.01666591316461563,0.0388270728290081,0.004375079181045294,0.10315975546836853,1,253,2.3304533697248035,27,72,154,27022.41015625,0.40864041447639465,0.41404712200164795,0.1773124784231186,0.09964539110660553,0.07766708731651306,176,17,14,396,-3,9,12,-3,0.31620553359683795,0.03674418851733208,0.08556266129016876,0.09753701835870743,0.0,0.0,0.0,0.1157788634300232,0.036461204290390015,0.058564066886901855,0.037819620221853256,0.08466209471225739,0.15236796438694,0.09338271617889404,0.08688971400260925,0.0,0.0021083750762045383,0.04092290624976158,0.0,0.06184510886669159,0.009353488683700562,0.06346776336431503,0.040028590708971024,24,0.31539838392547725,22,6,-4,469.005859375,-0.10130107402801514,0.09453189373016357,-0.006703227758407593,19,-3,-4,-69,3,3,-0.02017665273041197
g18427.t1,g13392.t1,0.7108,47.1,1,192,2.817183379484323,8,59,125,35307.7734375,0.261465460062027,0.13544608652591705,0.5969194769859314,0.2686866223812103,0.32823288440704346,127,40,0,92,-15,25,39,-14,0.453125,0.1967550814151764,0.13147777318954468,0.029614202678203583,0.0,0.10941197723150253,0.013018897734582424,0.010415629483759403,0.017738521099090576,0.011824247427284718,0.0061688912101089954,0.0022720859851688147,0.011418764479458332,0.0343090295791626,0.022524001076817513,0.06359699368476868,0.0019646012224256992,0.2582877278327942,0.010398892685770988,1,192,2.916731330627086,0,60,132,35842.35546875,0.4155310392379761,0.14437805116176605,0.44000083208084106,0.13638317584991455,0.3036176562309265,102,16,0,111,-17,16,30,-14,0.4375,0.11273058503866196,0.003934220876544714,0.13541178405284882,0.04135344550013542,9.00204831850715e-05,,0.21505770087242126,0.07556696236133575,0.06675182282924652,0.023723386228084564,0.017526187002658844,0.01628521829843521,0.008989131078124046,0.007876369170844555,0.06444001942873001,0.0009713943582028151,0.19088707864284515,0.007344737183302641,0.008772751316428185,0.0022871720138937235,0.05180530622601509,0.0169973224401474,0,-0.09954795114276305,8,-1,-7,-534.58203125,-0.1540655791759491,-0.008931964635848999,0.15691864490509033,25,24,0,-19,2,0,0.015625
g16989.t1,g5434.t1,0.7104,27.3,1,289,2.336433972677034,56,68,165,29228.15625,0.4044550657272339,0.3293476402759552,0.25818613171577454,0.19319471716880798,0.06499139964580536,243,35,43,373,2,13,10,3,0.22491349480968859,0.03424452245235443,0.030746879056096077,0.13397961854934692,0.013399365358054638,0.06407041847705841,0.045533739030361176,0.05272914096713066,0.0,0.02158721350133419,0.008011169731616974,0.014762287959456444,0.01820833422243595,0.06304383277893066,0.12357031553983688,0.025848930701613426,0.030698273330926895,0.09307754039764404,0.10011718422174454,1,342,2.7015662559622915,67,64,211,40839.28125,0.4836164116859436,0.3726045787334442,0.143778994679451,0.10631489008665085,0.03746410831809044,251,31,49,316,-4,10,9,1,0.2982456140350877,0.01575876958668232,0.0782640352845192,0.10143217444419861,0.07064703106880188,0.0,0.0,0.06784351170063019,0.027177995070815086,0.041341476142406464,0.038221023976802826,0.09279341250658035,0.10703052580356598,0.08311927318572998,0.0320349857211113,0.13408036530017853,0.004882720299065113,0.02170533873140812,0.016512243077158928,0.042892780154943466,0.02426234818994999,0.031514935195446014,0.09485634416341782,-53,-0.3651322832852575,-11,4,-46,-11611.125,-0.07916134595870972,-0.043256938457489014,0.11440713703632355,-8,4,-6,57,6,2,-0.07333211922539912
g18089.t1,g7545.t1,0.7084,16.6,1,174,1.647493245579111,6,75,93,17972.796875,0.32502490282058716,0.16811911761760712,0.4487570822238922,0.3633829951286316,0.08537406474351883,119,18,0,80,3,17,7,10,0.23563218390804597,0.02508663386106491,0.06028743460774422,0.016336673870682716,0.0,0.08232708275318146,0.05146504566073418,0.06714136898517609,0.052388228476047516,0.0033460878767073154,0.058098871260881424,0.05031820759177208,0.00017610989743843675,0.014491756446659565,0.07008592784404755,0.051730964332818985,0.016405127942562103,0.3503371775150299,0.013045787811279297,1,870,3.4257873607667793,85,344,441,58450.3125,0.14274464547634125,0.2707386314868927,0.5845004320144653,0.3592522144317627,0.22524817287921906,657,97,4,485,12,59,48,11,0.17471264367816092,0.11538495868444443,0.01004667766392231,0.22693587839603424,0.010685183107852936,0.002016212325543165,0.007589390967041254,0.06564924865961075,0.011019822210073471,0.022844620048999786,0.051036033779382706,0.07780174165964127,0.04676168039441109,0.05784018337726593,0.003963183611631393,5.394301115302369e-05,0.13231638073921204,0.10986321419477463,0.014447052031755447,0.015054740011692047,0.018689798191189766,0.012325191870331764,0.004606227856129408,-696,-1.7782941151876683,-79,-269,-348,-40477.515625,0.1822802573442459,-0.10261951386928558,-0.13574334979057312,-538,-79,-4,-405,-9,-1,0.06091954022988505
g10723.t1,g8374.t3,0.7078,32.8,1,278,2.0752657901712372,11,171,96,23793.189453125,0.33147138357162476,0.220084086060524,0.42898255586624146,0.21054930984973907,0.21843329071998596,233,34,0,151,5,15,10,5,0.19424460431654678,0.1162601038813591,0.10217317938804626,0.06245652958750725,0.003296182956546545,0.055331047624349594,0.024106452241539955,0.013495872728526592,0.01451005320996046,0.011562764644622803,0.01946200430393219,0.01809108629822731,0.05001775920391083,0.03593611344695091,0.07434605807065964,0.037017885595560074,0.019920730963349342,0.045087192207574844,0.16546210646629333,1,293,2.130726521237464,11,186,96,24214.369140625,0.32532843947410583,0.2500147819519043,0.4133138656616211,0.23123198747634888,0.1820818930864334,277,33,0,179,4,15,12,3,0.19795221843003413,0.13135068118572235,0.09858233481645584,0.13737589120864868,0.00879445020109415,0.011342871002852917,,0.04037643224000931,0.03356082737445831,0.013500286266207695,0.006269811186939478,0.07304458320140839,0.028808340430259705,0.017282286658883095,0.03369990736246109,0.06915635615587234,0.093856081366539,0.05073120445013046,0.017055900767445564,0.0441628023982048,0.0910489484667778,0.05091579258441925,0.0805511325597763,-15,-0.05546073106622673,0,-15,0,-421.1796875,0.006142944097518921,-0.02993069589138031,0.01566869020462036,-44,1,0,-28,1,2,-0.0037076141134873564
g7444.t1,g15353.t1,0.7061,76.0,1,865,6.914595892401669,224,292,349,91924.5625,0.23287060856819153,0.23899517953395844,0.49138543009757996,0.32288259267807007,0.1685028076171875,656,89,2,239,-5,88,67,21,0.3063583815028902,0.13921943306922913,0.029283370822668076,0.05712258070707321,0.010556604713201523,0.028736496344208717,0.018820129334926605,0.03963629901409149,0.016456957906484604,0.07649685442447662,0.03674880415201187,0.027989545837044716,0.007264886051416397,0.02608281560242176,0.06581707298755646,0.03950517252087593,0.01263520773500204,0.1942228227853775,0.12865978479385376,1,1403,9.726827465367677,292,295,816,188395.53125,0.25486990809440613,0.19749431312084198,0.5314183831214905,0.3265163004398346,0.2049020230770111,890,165,1,244,-14,174,143,31,0.3856022808267997,0.056091777980327606,0.061755865812301636,0.24774782359600067,0.026986433193087578,0.016217418015003204,0.0024642362259328365,0.01272885873913765,0.016730716452002525,0.0305179450660944,0.047242265194654465,0.054692476987838745,0.026497483253479004,0.0359959676861763,0.05144080892205238,0.019538119435310364,0.07876849174499512,0.1488102525472641,0.004809408448636532,0.047092437744140625,0.013871174305677414,0.028586503118276596,0.016158662736415863,-538,-2.8122315729660077,-68,-3,-467,-96470.96875,-0.0219992995262146,0.041500866413116455,-0.04003295302391052,-234,-76,1,-5,9,-10,-0.07924389932390952
g10228.t1,g4392.t1,0.706,18.0,1,167,1.6916578790065142,12,94,61,18146.291015625,0.19094142317771912,0.31951940059661865,0.4490748941898346,0.12316044420003891,0.32591450214385986,136,8,2,189,-9,7,12,-5,0.2694610778443114,0.19652357697486877,0.1293908953666687,0.00924598891288042,0.0,0.07846687734127045,0.02338084764778614,0.03864042088389397,0.027915772050619125,0.12562640011310577,0.040464311838150024,0.008179144002497196,0.0,0.020908314734697342,0.06865555793046951,0.007823528721928596,0.012866441160440445,0.02180532179772854,0.10135511308908463,1,214,2.2458336979828792,14,83,117,24973.072265625,0.44451233744621277,0.2700537145137787,0.26985082030296326,0.15937063097953796,0.11048019677400589,156,16,15,426,-5,9,10,-1,0.3177570093457944,0.0882735550403595,0.17677991092205048,0.144668310880661,0.033330511301755905,0.015583161264657974,0.0,0.10064099729061127,0.02718491107225418,0.047325458377599716,0.029666949063539505,0.08312228322029114,0.03792497143149376,0.08191023021936417,0.05930326506495476,0.0,0.014702306129038334,0.022206634283065796,0.0,0.02713220939040184,0.010244362987577915,0.0680818185210228,0.02066970244050026,-47,-0.554175818976365,-2,11,-56,-6826.78125,-0.25357091426849365,0.049465686082839966,0.17922407388687134,-20,-8,-13,-237,-4,-4,-0.04829593150148298
g6412.t1,g12321.t1,0.7057,75.0,1,152,1.8154133398516852,85,13,54,18219.9296875,0.32221719622612,0.24573446810245514,0.3924204111099243,0.16162802278995514,0.2307923585176468,130,13,1,73,-12,11,20,-9,0.3026315789473684,0.10265642404556274,0.12813591957092285,0.03806602582335472,0.0,0.07705853879451752,0.0008854441693983972,0.0,0.02142775058746338,0.05740075930953026,0.039628058671951294,0.04250425100326538,,0.07725293189287186,0.1010235995054245,0.1431606262922287,0.0,0.1571112722158432,0.004516750108450651,1,152,1.7552163686331077,83,13,56,17814.544921875,0.2081918716430664,0.3569261431694031,0.4093146324157715,0.14783822000026703,0.26147645711898804,155,21,1,72,-14,8,20,-12,0.26973684210526316,0.09806978702545166,0.03419838845729828,0.12705032527446747,0.026081087067723274,0.025567296892404556,0.0,0.03768887743353844,0.0033972023520618677,0.0039846100844442844,0.0888977199792862,0.05153338983654976,0.061668913811445236,0.1514289230108261,0.007944445125758648,0.022132502868771553,0.02078789658844471,0.16340665519237518,,0.07616196572780609,0.0,0.009171728976070881,0.0,0,0.06019697121857748,2,0,-2,405.384765625,0.11402532458305359,-0.11119167506694794,-0.016894221305847168,-25,-8,0,1,2,3,0.032894736842105254
g8504.t1,g16144.t1,0.7054,17.5,1,669,3.899974050034017,262,101,306,56793.95703125,0.19244912266731262,0.1890450268983841,0.5949262976646423,0.38026270270347595,0.21466363966464996,529,67,0,164,-1,60,44,16,0.22122571001494767,0.19656017422676086,0.018103471025824547,0.02848919667303562,0.005983894690871239,0.02810930833220482,0.013390335254371166,0.018963363021612167,0.0316445492208004,0.03225267305970192,0.023579519242048264,0.01808399148285389,0.0003976800653617829,0.04234341159462929,0.045967165380716324,0.027093874290585518,0.004817137494683266,0.2573702335357666,0.12289243936538696,1,450,2.5982104925586214,153,106,191,31606.953125,0.2640587389469147,0.23741821944713593,0.48729977011680603,0.2929556369781494,0.19434410333633423,405,49,1,289,-15,26,25,1,0.17777777777777778,0.057777393609285355,0.027358360588550568,0.1596710979938507,0.041406307369470596,0.011223354376852512,0.0,0.030814800411462784,0.024403436109423637,0.01347501203417778,0.0206178966909647,0.062119387090206146,0.006579567212611437,0.10336598753929138,0.06276004761457443,0.014085185714066029,0.1332845389842987,0.13656672835350037,0.016612419858574867,0.05754657834768295,0.020331941545009613,0.044290415942668915,0.03966715559363365,219,1.3017635574753958,109,-5,115,25187.00390625,-0.07160961627960205,-0.04837319254875183,0.1076265275478363,124,18,-1,-125,14,15,0.04344793223716989
g4252.t2,g12736.t1,0.7049,30.7,1,263,3.589402715305266,18,46,199,44696.48828125,0.41882553696632385,0.4310472905635834,0.13318422436714172,0.0866132378578186,0.046570975333452225,108,2,10,234,-5,5,8,-3,0.4752851711026616,0.040855418890714645,0.005715558771044016,0.07354114949703217,0.0,0.04164271056652069,0.005369431804865599,0.17699652910232544,0.027644453570246696,0.014633888378739357,0.01694299653172493,0.008662550710141659,0.007290979381650686,0.30426669120788574,0.04348502680659294,0.007638753391802311,0.006859045010060072,0.049507200717926025,0.03710604086518288,1,158,2.1972626382687706,19,51,88,22668.58203125,0.4085654616355896,0.3936590552330017,0.1960756480693817,0.13290256261825562,0.0631730780005455,111,6,14,145,1,7,6,1,0.379746835443038,0.02895679697394371,0.1733718067407608,0.08879327028989792,0.04409158229827881,0.001699906773865223,0.011099901981651783,0.079035684466362,0.019978011026978493,0.00996349286288023,0.041854195296764374,0.1609196960926056,0.05477515235543251,0.08744501322507858,0.011813853867352009,0.0704561248421669,0.0441092811524868,0.03421627730131149,,0.019832877442240715,0.01758706569671631,0.05643319711089134,0.07540839165449142,105,1.3921400770364953,-1,-5,111,22027.90625,0.010260075330734253,0.037388235330581665,-0.06289142370223999,-3,-4,-4,89,-6,-4,0.09553833565962361
g10564.t1,g15140.t1,0.7035,22.1,1,216,1.9539862031752204,89,52,75,21133.625,0.13286033272743225,0.1903979778289795,0.6272935271263123,0.5261198878288269,0.10117363929748535,162,13,2,94,19,31,10,21,0.24537037037037038,0.06698759645223618,0.034186046570539474,0.007633678615093231,0.00046387393376789987,0.06225648894906044,0.0051804594695568085,0.011297845281660557,0.0,0.10983113944530487,0.049448173493146896,0.024045372381806374,0.0,0.004274860490113497,0.033213190734386444,0.026100222021341324,0.0055584232322871685,0.43669259548187256,0.08942732959985733,1,293,2.8889425380482394,99,51,143,41571.56640625,0.23068459331989288,0.23858888447284698,0.5196024179458618,0.4136661887168884,0.10593616962432861,201,11,3,127,19,39,17,22,0.31399317406143346,0.035615433007478714,0.02724260278046131,0.3885405957698822,0.008537568151950836,0.01112417969852686,0.0005502428393810987,0.08344028890132904,0.0020955847576260567,0.013194424100220203,0.12515763938426971,0.018315991386771202,0.05260227248072624,0.03971189260482788,0.046455346047878265,0.008459953591227531,0.02512563019990921,0.070320725440979,0.0,0.04335441067814827,0.0001552285102661699,0.03187601640820503,0.0015267357230186462,-77,-0.934956334873019,-10,1,-68,-20437.94140625,-0.09782426059246063,-0.04819090664386749,0.10769110918045044,-39,2,-1,-33,0,-1,-0.06862280369106308
g10268.t2,g8048.t1,0.7018,26.2,1,357,2.3910150954573104,270,2,85,28269.8828125,0.36910247802734375,0.2616197466850281,0.3692777454853058,0.25150036811828613,0.11777739226818085,302,8,6,454,8,17,10,7,0.20168067226890757,0.07071104645729065,0.0470663458108902,0.11799306422472,0.0,0.0,0.0030794390477240086,0.024289662018418312,0.06117565929889679,0.07543602585792542,0.0,0.0034240109380334616,0.026821419596672058,0.01639586314558983,0.054604820907115936,0.036408647894859314,0.09355518221855164,0.13804595172405243,0.1134544089436531,1,403,2.627878629432482,287,6,110,35170.890625,0.47277501225471497,0.19540119171142578,0.3090648353099823,0.19620004296302795,0.11286481469869614,322,13,2,565,3,18,14,4,0.22084367245657568,0.04096534475684166,0.06686735898256302,0.16028174757957458,0.09828251600265503,0.02275894023478031,0.01077304221689701,0.055504024028778076,0.0003669564612209797,0.04247520864009857,0.006830226629972458,0.01436481811106205,0.019567331299185753,0.06613598018884659,0.03788825124502182,0.059844981878995895,0.035918280482292175,0.07189945876598358,0.09563955664634705,0.01627309061586857,0.07736284285783768,0.01854843460023403,0.09898997843265533,-46,-0.23686353397517168,-17,-4,-25,-6901.0078125,-0.10367253422737122,0.0662185549736023,0.060212910175323486,-20,-5,4,-111,5,3,-0.019163000187668117
g1267.t1,g3050.t1,0.7003,30.2,1,194,2.151030033160574,75,16,103,22530.720703125,0.401657372713089,0.2219962477684021,0.36800071597099304,0.17958702147006989,0.18841369450092316,140,10,70,117,-4,9,11,-2,0.31443298969072164,0.07850725203752518,0.10990641266107559,0.1651647537946701,0.003480878658592701,0.08162522315979004,0.026625722646713257,0.06968236714601517,0.027209239080548286,0.0,0.008345697075128555,0.011863287538290024,0.0,0.015446715988218784,0.04228474199771881,0.027495650574564934,0.0,0.019246196374297142,0.1603408306837082,1,195,2.2367025264120435,53,22,120,24068.921875,0.39109355211257935,0.3584754467010498,0.2504310607910156,0.18353597819805145,0.06689508259296417,124,9,55,327,-2,12,7,5,0.358974358974359,0.06689508259296417,0.047991495579481125,0.11760091036558151,0.009234475903213024,,0.01276043988764286,0.08767404407262802,0.010355898179113865,0.08054365962743759,0.07301414757966995,0.021716400980949402,0.09998113662004471,0.1405133455991745,0.06685344129800797,0.08595472574234009,0.06593506038188934,0.0,,0.012841720134019852,0.00013405445497483015,0.134158194065094,0.018616847693920135,-1,-0.08567249325146964,22,-6,-17,-1538.201171875,0.010563820600509644,-0.1364791989326477,0.11756965517997742,16,1,15,-210,-2,-7,-0.04454136928363733
g16767.t1,g13009.t1,0.6988,22.8,1,223,1.7528990516506096,70,48,105,20201.171875,0.22680078446865082,0.24234777688980103,0.4808831214904785,0.2900112271308899,0.1908719837665558,186,27,1,217,0,14,12,2,0.2242152466367713,0.15229490399360657,0.038577090948820114,0.01565263420343399,0.0,0.06911008059978485,0.0036735767498612404,0.034180235117673874,0.03322191163897514,0.09267158061265945,0.04996822029352188,0.032495640218257904,0.0,0.029805874451994896,0.09935421496629715,0.03591117635369301,0.0007986036944203079,0.1925048679113388,0.0975063145160675,1,245,2.193886056785758,110,51,84,25343.099609375,0.24356313049793243,0.28881070017814636,0.4449447989463806,0.3560524880886078,0.08889232575893402,204,12,0,246,4,20,14,6,0.2571428571428571,0.04607637971639633,0.0238078273832798,0.2874206006526947,0.016168951988220215,0.022681336849927902,0.0,0.0928337424993515,0.005144430790096521,0.018929237499833107,0.06158297136425972,0.02332969941198826,0.038572221994400024,0.05401531979441643,0.04559113830327988,0.041266944259405136,0.06863187998533249,0.04281594604253769,0.0014004604890942574,0.0035648082848638296,0.1061660647392273,0.016043899580836296,0.006229108665138483,-22,-0.4409870051351483,-40,-3,21,-5141.927734375,-0.016762346029281616,-0.04646292328834534,0.0359383225440979,-18,15,1,-29,-4,-4,-0.03292761050608581
g16253.t1,g11430.t1,0.6986,20.7,1,205,2.471708177828846,138,0,67,25018.41015625,0.29501524567604065,0.3266296982765198,0.3514730930328369,0.2827739119529724,0.06869921088218689,176,7,56,111,0,15,9,6,0.32682926829268294,0.05671492964029312,0.01198428962379694,0.06680189818143845,0.005616444628685713,0.05071417614817619,0.004367232322692871,0.04010869935154915,0.027537165209650993,0.14293183386325836,0.026881935074925423,0.007066715974360704,0.0,0.06078041344881058,0.08468873798847198,0.02308507077395916,0.0005041065160185099,0.14297352731227875,0.13980035483837128,1,110,2.2130702590010722,81,0,29,18942.708984375,0.3461235463619232,0.24598880112171173,0.40788763761520386,0.3122568726539612,0.09563077241182327,96,3,15,14,1,10,8,2,0.4727272727272727,0.04633870720863342,0.05195120349526405,0.24774156510829926,0.0,,0.0012075599515810609,0.06858912110328674,0.012894202023744583,0.014818869531154633,0.02156146615743637,0.11922480165958405,0.0558638833463192,0.02771953120827675,0.034232813864946365,0.13933144509792328,0.06451529264450073,0.04929206520318985,,0.03720010444521904,0.007517366670072079,0.0277409628033638,0.07970153540372849,95,0.25863791882777365,57,0,38,6075.701171875,-0.05110830068588257,0.08064089715480804,-0.05641454458236694,80,4,41,97,-1,4,-0.14589800443458978
g9656.t1,g8565.t1,0.6953,37.7,1,440,4.674325594317976,96,127,217,61081.8125,0.22059102356433868,0.12357158213853836,0.6365187764167786,0.272239625453949,0.3642791211605072,368,66,3,410,-32,55,82,-27,0.36818181818181817,0.2783074378967285,0.08597169071435928,0.07560384273529053,0.005506960209459066,0.030824584886431694,0.004504270851612091,0.05445452779531479,0.008557382971048355,0.0037305550649762154,0.019318638369441032,0.010128836147487164,0.0025664502754807472,0.034431569278240204,0.03768898919224739,0.012888897210359573,0.011022725142538548,0.25628405809402466,0.015955589711666107,1,645,3.6850856231086517,133,185,327,62191.84375,0.2224595546722412,0.15918831527233124,0.5953211188316345,0.2734455466270447,0.32187557220458984,466,63,2,472,-22,49,65,-16,0.2372093023255814,0.08068931102752686,0.04580933228135109,0.20332945883274078,0.014670201577246189,0.023030981421470642,0.0011559579288586974,0.02035956270992756,0.012509817257523537,0.07205787301063538,0.03961048647761345,0.007646059151738882,0.03364159166812897,0.042009174823760986,0.02601209469139576,0.007935356348752975,0.0701160877943039,0.241186261177063,0.0053407358936965466,0.030274415388703346,0.022615227848291397,0.02668651193380356,0.025566499680280685,-205,0.989239971209324,-37,-58,-110,-1110.03125,-0.0018685311079025269,-0.03561673313379288,0.04119765758514404,-98,3,1,-62,-10,-11,0.13097251585623676
g16504.t1,g13673.t1,0.6949,37.3,1,137,3.0471079050608516,57,0,80,29588.169921875,0.2448669970035553,0.2675378620624542,0.477003812789917,0.37585127353668213,0.10115255415439606,85,3,0,0,13,21,8,13,0.45985401459854014,0.07418233156204224,0.02697022631764412,0.014168849214911461,,0.07126492261886597,0.03768236190080643,0.0730426162481308,0.008287686854600906,0.094229556620121,0.010591362603008747,0.059351544827222824,,0.0562918484210968,0.0018185707740485668,0.017769936472177505,0.056048549711704254,0.2321590781211853,0.14369218051433563,1,249,2.5787141565652205,130,8,111,31431.93359375,0.23316702246665955,0.2095288187265396,0.4949551522731781,0.4160166382789612,0.07893849164247513,197,17,3,63,21,29,8,21,0.28112449799196787,0.015350007452070713,0.014058622531592846,0.1872575581073761,0.01601368747651577,0.06234898790717125,0.0016568598803132772,0.03693701699376106,0.005120891146361828,0.04576166719198227,0.019515573978424072,0.0036627023946493864,0.06149451434612274,0.11807826906442642,0.026782771572470665,0.010881097055971622,0.22875909507274628,0.06358848512172699,0.0,0.08273215591907501,0.0,0.02146695740520954,0.000981436693109572,-112,0.4683937484956311,-73,-8,-31,-1843.763671875,0.011699974536895752,0.05800904333591461,-0.01795133948326111,-112,-14,-3,-63,-8,-8,0.17872951660657227
g19681.t1,g3202.t1,0.6938,25.7,1,148,3.1939856876203736,76,0,72,30252.01171875,0.26055383682250977,0.18377643823623657,0.4799026846885681,0.27855268120765686,0.20134997367858887,100,9,0,74,1,15,15,0,0.5067567567567568,0.14927653968334198,0.05207342654466629,0.05556756258010864,,0.057588573545217514,0.007492304779589176,0.06132663041353226,0.016638271510601044,0.012642563320696354,0.07576707005500793,0.022291017696261406,0.006612646859139204,0.058199573308229446,0.023108558729290962,0.015785029157996178,0.05883926898241043,0.17643558979034424,0.1021171286702156,1,125,2.124006359337456,84,0,41,20556.60546875,0.19999919831752777,0.2167837917804718,0.5679245591163635,0.3728157579898834,0.1951088309288025,116,18,0,92,6,17,11,6,0.384,0.014111021533608437,0.021189477294683456,0.15875840187072754,0.009103627875447273,0.015292446129024029,,0.08701249212026596,0.005061562173068523,0.002197427209466696,0.10152152925729752,0.04120361804962158,0.0688401460647583,0.0,0.0018835092196241021,0.06947920471429825,0.21405735611915588,0.180997833609581,0.009133458137512207,0.0,0.00015695909678470343,0.023494170978665352,0.024744097143411636,23,1.0699793282829178,-8,0,31,9695.40625,0.060554638504981995,-0.03300735354423523,-0.08802187442779541,-16,-9,0,-18,-5,-6,0.12275675675675679
g15674.t1,g15085.t1,0.6938,21.4,1,441,3.626821886904685,63,199,179,44695.515625,0.26505008339881897,0.32769104838371277,0.3489745855331421,0.22337393462657928,0.1256006509065628,349,21,9,73,6,31,18,13,0.29705215419501135,0.08941009640693665,0.03619055449962616,0.05328384414315224,0.007409874815493822,0.06132066994905472,0.007813788019120693,0.04026833921670914,0.0317600816488266,0.14168143272399902,0.05828431248664856,0.03385147452354431,0.0006483325851149857,0.060026865452528,0.03277643024921417,0.012916979379951954,0.01578742265701294,0.1359587162733078,0.08741521835327148,1,514,3.7398850806238175,51,218,245,68099.625,0.1949053406715393,0.2024715691804886,0.5019426941871643,0.29450276494026184,0.20743991434574127,339,38,1,230,1,47,42,5,0.3424124513618677,0.08267137408256531,0.014031832106411457,0.23458218574523926,0.021049443632364273,0.1006804034113884,0.006132427603006363,0.040444906800985336,0.008573131635785103,0.03161513805389404,0.0889667272567749,0.021035442128777504,0.045154400169849396,0.029080960899591446,0.027590930461883545,0.02913857437670231,0.05992056429386139,0.12476854771375656,0.00047379793250001967,0.03056071698665619,0.0035284918267279863,0.062195226550102234,0.03100033476948738,-73,-0.11306319371913265,12,-19,-66,-23404.109375,0.07014474272727966,0.12521947920322418,-0.15296810865402222,10,-17,8,-157,5,8,-0.045360297166856356
g11355.t1,g11740.t1,0.6933,9.2,1,220,1.9654968528649903,71,52,97,21077.068359375,0.1808115839958191,0.2630024552345276,0.5548344254493713,0.38975587487220764,0.1650785505771637,198,26,3,112,3,21,14,7,0.24545454545454545,0.05357879400253296,0.11149974912405014,0.0024493320379406214,0.0071318200789391994,0.07759951055049896,0.004129758104681969,0.08545439690351486,0.0,0.06190674751996994,0.0013515488244593143,0.013777492567896843,0.0,0.05743618682026863,0.06796625256538391,0.001530832494609058,0.041010912507772446,0.3454539477825165,0.04430197551846504,1,216,2.826731622420108,89,33,94,25180.6953125,0.2646629214286804,0.27311861515045166,0.45754125714302063,0.2953589856624603,0.1621822714805603,178,21,1,232,0,21,17,4,0.2962962962962963,0.039180826395750046,0.049460381269454956,0.20477277040481567,0.00012813571083825082,0.004677195101976395,0.0,0.07061620056629181,0.002431657165288925,0.03835014998912811,0.08126173168420792,0.01570146344602108,0.021191654726862907,0.13341479003429413,0.032290197908878326,0.0070270150899887085,0.09058623760938644,0.12300144881010056,0.02005835436284542,0.04673247039318085,0.019117306917905807,0.023420779034495354,0.0,4,-0.8612347695551177,-18,19,3,-4103.626953125,-0.08385133743286133,-0.010116159915924072,0.09729316830635071,20,5,2,-120,3,3,-0.05084175084175083
g550.t1,g9012.t1,0.6927,23.2,1,148,1.9201024065035572,55,21,72,21442.7578125,0.19918181002140045,0.11129968613386154,0.673446536064148,0.41795918345451355,0.2554874122142792,109,17,20,44,0,16,18,-2,0.32432432432432434,0.16899584233760834,0.08649156242609024,0.004650926683098078,0.0,0.08302139490842819,0.009612618014216423,0.059384725987911224,0.02795015648007393,0.057961106300354004,0.016071947291493416,0.02372320368885994,0.0,0.036943260580301285,0.005753415636718273,0.00045141763985157013,0.0007352099637500942,0.2089708149433136,0.20898835361003876,1,135,1.5789913558240782,56,20,59,17543.365234375,0.23124690353870392,0.20493455231189728,0.5603240728378296,0.35658514499664307,0.20373888313770294,114,4,1,19,1,14,12,2,0.28888888888888886,0.06488082557916641,0.01779814623296261,0.21438825130462646,0.06040256842970848,0.0034944480285048485,0.0,0.109089694917202,0.004681243095546961,0.03365705534815788,0.03153260052204132,0.0450037457048893,0.01048334501683712,0.10658377408981323,0.00882807932794094,0.0014713465934619308,0.14219693839550018,0.13885806500911713,,0.0,0.0066498345695436,0.00029408399132080376,0.0,13,0.341111050679479,-1,1,13,3899.392578125,-0.03206509351730347,-0.09363486617803574,0.11312246322631836,-5,13,19,25,-1,-4,0.03543543543543548
g8463.t1,g3288.t1,0.6922,12.5,1,143,1.8645441077157223,111,0,32,18367.671875,0.568501889705658,0.04660552740097046,0.379294753074646,0.3097875416278839,0.0695071890950203,138,6,0,191,8,12,5,7,0.3076923076923077,0.06676064431667328,0.002746552461758256,0.07694101333618164,0.0,0.13088053464889526,0.004634807351976633,0.08968441188335419,0.04366834834218025,0.0,0.005597876850515604,0.045780327171087265,0.029140248894691467,0.007681175600737333,0.017869198694825172,0.02828196994960308,0.012783453799784184,0.164634108543396,0.1451534628868103,1,149,1.8697883413821133,116,0,33,18386.14453125,0.4556850492954254,0.1750284880399704,0.3351898491382599,0.23956754803657532,0.09562231600284576,144,5,0,149,7,10,7,3,0.3087248322147651,0.044830139726400375,0.1416187435388565,0.15921582281589508,0.018426232039928436,0.03409666195511818,0.003910072147846222,0.05038398504257202,0.01566588506102562,0.016320375725626945,0.005397424101829529,0.048383355140686035,0.0057911016047000885,0.027072694152593613,0.08595706522464752,0.03544856235384941,0.08035171031951904,0.05079218000173569,0.07001162320375443,0.03751840814948082,0.06880796700716019,0.003636889159679413,0.12412499636411667,-6,-0.0052442336663909295,-5,0,-1,-18.47265625,0.11281684041023254,-0.12842296063899994,0.04410490393638611,-6,1,0,42,1,4,-0.0010325245224573898
g8640.t1,g12107.t1,0.6897,49.7,1,188,3.4479473025801397,40,19,129,41931.2734375,0.24944724142551422,0.2682850658893585,0.4713219404220581,0.3610803484916687,0.1102416142821312,84,5,0,264,18,30,11,19,0.4521276595744681,0.10159429162740707,0.008647325448691845,0.02016049437224865,0.0,0.008920414373278618,0.007369557395577431,0.07264961302280426,0.01115401554852724,0.07693597674369812,0.010945701971650124,0.024546552449464798,0.030081843957304955,0.057569779455661774,0.007925937883555889,0.05124766752123833,0.055777713656425476,0.10865096002817154,0.25242939591407776,1,153,3.389034135166364,40,19,94,33217.7578125,0.2253239005804062,0.3219003975391388,0.452680379152298,0.3378838002681732,0.11479655653238297,76,7,0,243,12,22,9,13,0.477124183006536,0.035128768533468246,0.021952098235487938,0.20743899047374725,0.014861375093460083,9.528599912300706e-05,,0.010703434236347675,0.011724388226866722,0.05727062374353409,0.11378321796655655,0.049663618206977844,0.03926524519920349,0.05713871121406555,0.021563565358519554,0.0037704778369516134,0.13044480979442596,0.07966777682304382,0.05456775799393654,0.040634576231241226,0.05032523348927498,0.0627060979604721,0.0306866392493248,35,0.058913167413775724,0,0,35,8713.515625,0.024123340845108032,-0.05361533164978027,0.018641561269760132,8,-2,0,21,6,6,-0.024996523432067874
g11864.t1,g1187.t1,0.6895,22.2,1,796,3.315816917735335,86,252,458,52473.43359375,0.3330744504928589,0.34950879216194153,0.27879369258880615,0.16549831628799438,0.11329536139965057,631,99,33,550,-33,22,31,-9,0.17839195979899497,0.09291175752878189,0.020383605733513832,0.08436029404401779,0.003425121307373047,0.023945169523358345,0.02839084155857563,0.0755513533949852,0.04440337419509888,0.05475710704922676,0.03862307593226433,0.01595773734152317,0.006861058063805103,0.06766213476657867,0.12253033369779587,0.0442439466714859,0.02502734400331974,0.08065231889486313,0.08484598249197006,1,784,3.2593997929521032,81,307,396,49989.484375,0.3113197982311249,0.38825657963752747,0.3001655042171478,0.16166546940803528,0.13850004971027374,626,45,37,744,-30,22,27,-5,0.17729591836734693,0.0733380988240242,0.03463223576545715,0.0618993304669857,0.030462060123682022,0.00025817801360972226,0.004139096476137638,0.023748520761728287,0.052060816437006,0.05577467009425163,0.05941653996706009,0.058813393115997314,0.06387323141098022,0.1282164752483368,0.051823146641254425,0.05337829515337944,0.09976612031459808,0.06516194343566895,0.0,0.06150086224079132,0.02173703908920288,0.04771587252616882,0.03775152564048767,12,0.05641712478323191,5,-55,62,2483.94921875,0.02175465226173401,-0.03874778747558594,-0.021371811628341675,5,54,-4,-194,-3,-4,0.0010960414316480427
g5810.t1,g15409.t1,0.6875,18.6,1,286,4.760696534554028,154,64,68,41607.51171875,0.2975045442581177,0.12626266479492188,0.5548347234725952,0.39033520221710205,0.16449955105781555,239,17,0,101,4,35,28,7,0.40559440559440557,0.13538087904453278,0.029118681326508522,0.12025047838687897,,0.04294787719845772,0.007824952714145184,0.024970201775431633,0.02512529492378235,0.05405502766370773,0.021397991105914116,0.040086355060338974,0.011399439536035061,0.024569358676671982,0.02402600646018982,0.007056795991957188,0.0060623399913311005,0.22763244807720184,0.162702739238739,1,322,7.168396755137603,204,62,56,47980.9609375,0.289638489484787,0.21217592060565948,0.46336355805397034,0.33294907212257385,0.13041451573371887,303,39,3,175,-3,39,32,7,0.4472049689440994,0.04049624130129814,0.04149101674556732,0.253751665353775,0.04255163297057152,0.034822020679712296,0.0,0.05505192652344704,0.02072902023792267,0.04223470017313957,0.06460556387901306,0.01896110363304615,0.027960486710071564,0.035172536969184875,0.02130790613591671,0.046387530863285065,0.07919742166996002,0.08991827815771103,0.013314785435795784,0.02729896456003189,0.044747188687324524,0.00972498208284378,0.025668125599622726,-36,-2.4077002205835747,-50,2,12,-6373.44921875,0.007866054773330688,-0.08591325581073761,0.09147116541862488,-64,-22,-3,-74,7,0,-0.04161056334969382
g61.t1,g13047.t1,0.6857,29.2,1,415,3.109915750654057,3,183,229,40901.6328125,0.4978996813297272,0.3158808946609497,0.16330423951148987,0.1283370405435562,0.03496718779206276,340,24,0,559,-1,11,10,1,0.2819277108433735,0.01221032626926899,0.02275686338543892,0.13882912695407867,0.007019984070211649,0.0623537078499794,0.00711023947224021,0.06699153780937195,0.08876729011535645,0.051136478781700134,0.022915169596672058,0.02811666950583458,0.02312919870018959,0.09810543060302734,0.07522650808095932,0.023273074999451637,7.888551044743508e-05,0.017054781317710876,0.11128225922584534,1,279,1.9681286102616342,0,137,142,23090.890625,0.28933829069137573,0.5024665594100952,0.1688491851091385,0.06314606964588165,0.10570310056209564,197,17,1,300,-5,8,8,0,0.23655913978494625,0.004232949111610651,0.06804332137107849,0.05094638094305992,0.03381393104791641,0.03934599086642265,0.0,0.03002389334142208,0.016151180490851402,0.06381630897521973,0.10259436070919037,0.12424972653388977,0.1452549546957016,0.10697577148675919,0.03307110816240311,0.005309831816703081,0.012199687771499157,0.10147015005350113,0.003972598351538181,0.051287297159433365,0.007240600883960724,0.07720338553190231,0.06643909960985184,136,1.141787140392423,3,46,87,17810.7421875,0.20856139063835144,-0.1865856647491455,-0.005544945597648621,143,7,-1,259,4,1,0.04536857105842723
g5783.t1,g8279.t1,0.6817,29.8,1,277,2.645851753650281,49,78,150,27491.416015625,0.3073393404483795,0.5085790157318115,0.170609250664711,0.10753483325242996,0.06307442486286163,195,14,10,327,0,6,6,0,0.296028880866426,0.04459063336253166,0.01848379336297512,0.0965677946805954,0.0,0.03370809927582741,0.05354520305991173,0.08975791931152344,0.02617252804338932,0.017378080636262894,0.01347249187529087,0.0025606367271393538,0.001877849455922842,0.2399459332227707,0.0954149141907692,0.01666591316461563,0.0388270728290081,0.004375079181045294,0.10315975546836853,1,262,2.7454942092888572,20,80,162,36296.3671875,0.5342903733253479,0.3310657739639282,0.1333993822336197,0.08885011076927185,0.044549278914928436,154,16,21,285,-5,4,9,-5,0.35877862595419846,0.04194324463605881,0.07954000681638718,0.08885010331869125,0.073036789894104,0.0012445225147530437,0.0,0.051979947835206985,0.01660553552210331,0.07173378020524979,0.029604651033878326,0.08206945657730103,0.12577421963214874,0.07596950232982635,0.0935072973370552,0.11091578006744385,0.0,0.0026060345117002726,0.0,0.05357673391699791,0.0010424137581139803,0.06346776336431503,0.040028590708971024,15,-0.09964245563857643,29,-2,-12,-8804.951171875,-0.22695103287696838,0.1775132417678833,0.03720986843109131,41,-2,-11,42,5,5,-0.06274974508777248
g17147.t1,g1721.t1,0.6817,17.0,1,141,1.4663900310620577,9,69,63,16577.0703125,0.3035757541656494,0.3396572172641754,0.3460448980331421,0.20544981956481934,0.14059512317180634,117,14,1,92,5,14,10,4,0.28368794326241137,0.06583195179700851,0.07476316392421722,0.06240816041827202,0.0,0.09716569632291794,0.025042617693543434,0.054100800305604935,0.046908024698495865,0.05599435791373253,0.01072212215512991,0.020998835563659668,0.0,0.03194239363074303,0.045450739562511444,0.0,0.0007608065498061478,0.1926569789648056,0.012792824767529964,1,222,2.154420599002609,21,85,116,25292.421875,0.31857338547706604,0.2625786364078522,0.3521582782268524,0.2621665596961975,0.08999171108007431,186,12,3,98,-2,14,15,-1,0.2882882882882883,0.0767776146531105,0.07594427466392517,0.16982892155647278,0.007909320294857025,0.06668964773416519,0.01795879192650318,0.07112349569797516,0.03137189894914627,0.021260511130094528,0.003116532228887081,0.008306171745061874,0.05649220570921898,0.1361081302165985,0.06426312774419785,0.0459250845015049,0.09233765304088593,0.013214096426963806,0.0,0.03214756399393082,0.009224935434758663,0.18046627938747406,0.021994218230247498,-81,-0.6880305679405512,-12,-16,-53,-8715.3515625,-0.014997631311416626,0.07707858085632324,-0.006113380193710327,-69,2,-2,-6,7,5,-0.004600345025876917
g15267.t1,g7120.t1,0.6805,24.1,1,79,1.2203159749441836,56,0,23,12230.4736328125,0.403094619512558,0.2867233455181122,0.30679264664649963,0.17142488062381744,0.1353677660226822,72,11,23,20,0,7,4,3,0.3924050632911392,0.05622392147779465,0.07914384454488754,0.09798772633075714,0.09805631637573242,0.06378491967916489,0.03572724759578705,0.003957180771976709,0.02110496163368225,0.07453762739896774,0.0033894216176122427,0.017986508086323738,0.06615160405635834,0.008969609625637531,,0.0,0.04803537204861641,0.13646121323108673,0.034963659942150116,1,184,2.6322042067801927,103,12,69,29733.349609375,0.4143209755420685,0.4673863351345062,0.1064239963889122,0.06791835278272629,0.038505639880895615,144,12,110,207,3,5,4,1,0.41304347826086957,0.012088795192539692,0.06845564395189285,0.009580718353390694,0.09718415886163712,0.011868666857481003,0.08018844574689865,0.11514614522457123,0.024854108691215515,0.01638592779636383,0.07710044831037521,0.06531338393688202,0.05972769111394882,0.15224169194698334,0.007901881821453571,0.04762866348028183,0.058337632566690445,0.026416847482323647,0.04904307425022125,0.012575493194162846,0.007960577495396137,0.021397193893790245,0.1321217119693756,-105,-1.411888231836009,-47,-12,-46,-17502.8759765625,-0.011226356029510498,-0.18066298961639404,0.20036865025758743,-72,-1,-87,-187,-3,2,-0.020638414969730345
g5810.t1,g10847.t2,0.6761,14.6,1,286,4.760696534554028,154,64,68,41607.51171875,0.2975045442581177,0.12626266479492188,0.5548347234725952,0.39033520221710205,0.16449955105781555,239,17,0,101,4,35,28,7,0.40559440559440557,0.13538087904453278,0.029118681326508522,0.12025047838687897,,0.04294787719845772,0.007824952714145184,0.024970201775431633,0.02512529492378235,0.05405502766370773,0.021397991105914116,0.040086355060338974,0.011399439536035061,0.024569358676671982,0.02402600646018982,0.007056795991957188,0.0060623399913311005,0.22763244807720184,0.162702739238739,1,321,6.351381941255214,179,63,79,51012.59375,0.22145910561084747,0.3693808615207672,0.40821129083633423,0.2878449261188507,0.12036630511283875,281,19,0,186,3,31,23,8,0.411214953271028,0.05042397975921631,0.061350852251052856,0.1887405812740326,0.04084651544690132,0.0009487498900853097,0.008703844621777534,0.04500952735543251,0.014841919764876366,0.005804579704999924,0.12052664905786514,0.015876200050115585,0.05170741677284241,0.06858007609844208,0.0348144955933094,0.01745699718594551,0.0991043895483017,0.06994232535362244,0.004174499772489071,0.012001636438071728,0.089144766330719,0.00972498208284378,0.025668125599622726,-35,-1.5906854067011862,-25,1,-11,-9405.08203125,0.0760454386472702,-0.24311819672584534,0.146623432636261,-42,-2,0,-85,1,-1,-0.005620547676622456
g9383.t1,g970.t1,0.6731,31.2,1,132,1.9859884715560958,55,24,53,19838.083984375,0.44425833225250244,0.28318238258361816,0.2575725018978119,0.11687552183866501,0.14069697260856628,95,9,29,156,-3,6,11,-5,0.3484848484848485,0.033521685749292374,0.10717529058456421,0.05237138271331787,0.015048237517476082,0.02794559858739376,0.01397626381367445,0.03656895086169243,0.02342074364423752,0.031171776354312897,0.01498671155422926,0.0814720094203949,,0.01934991404414177,0.1159571036696434,0.0050419652834534645,0.029444461688399315,0.09948445111513138,0.017391066998243332,1,188,2.227217922532643,69,20,99,23572.1640625,0.3366769552230835,0.39482808113098145,0.2589811384677887,0.11233063042163849,0.146650493144989,138,10,63,127,-4,11,11,0,0.2765957446808511,0.12284142524003983,0.053193073719739914,0.07392755150794983,0.022301997989416122,0.009513887576758862,0.0,0.10511159151792526,0.002874469617381692,0.012832347303628922,0.039240844547748566,0.07946781814098358,0.057288382202386856,0.17449982464313507,0.04721719026565552,0.0807277038693428,0.03840307518839836,0.023809075355529785,0.004927662201225758,0.010365394875407219,0.04145674407482147,0.05823463946580887,0.21743769943714142,-56,-0.24122945097654735,-14,4,-46,-3734.080078125,0.10758137702941895,-0.11164569854736328,-0.0014086365699768066,-43,-1,-34,29,1,-5,0.07188910380399743
g5810.t1,g10847.t1,0.6722,14.6,1,286,4.760696534554028,154,64,68,41607.51171875,0.2975045442581177,0.12626266479492188,0.5548347234725952,0.39033520221710205,0.16449955105781555,239,17,0,101,4,35,28,7,0.40559440559440557,0.13538087904453278,0.029118681326508522,0.12025047838687897,,0.04294787719845772,0.007824952714145184,0.024970201775431633,0.02512529492378235,0.05405502766370773,0.021397991105914116,0.040086355060338974,0.011399439536035061,0.024569358676671982,0.02402600646018982,0.007056795991957188,0.0060623399913311005,0.22763244807720184,0.162702739238739,1,328,6.566369842991629,178,63,87,53843.91015625,0.23748768866062164,0.3722529113292694,0.389360636472702,0.2700725495815277,0.11928807944059372,288,20,0,182,2,31,25,6,0.4329268292682927,0.054837509989738464,0.06646861881017685,0.17616808414459229,0.04490753263235092,0.0008988610352389514,0.0074026319198310375,0.05242031812667847,0.010885500349104404,0.007934380322694778,0.13918963074684143,0.015746796503663063,0.04758715629577637,0.06732186675071716,0.032508525997400284,0.01761767640709877,0.09390447288751602,0.06445056945085526,0.0041946847923099995,0.011435934342443943,0.08411932736635208,0.00972498208284378,0.025668125599622726,-42,-1.8056733084376013,-24,1,-19,-12236.3984375,0.06001685559749603,-0.24599024653434753,0.1654740869998932,-49,-3,0,-81,2,1,-0.027332423673887107
g12820.t1,g9430.t1,0.6707,19.9,1,368,2.4443348459447383,61,128,179,31412.25,0.37180671095848083,0.2441805601119995,0.3290277123451233,0.2709738612174988,0.0580538734793663,271,28,2,449,-6,20,10,10,0.22282608695652173,0.03625389561057091,0.021799977868795395,0.06245144084095955,0.0014550909399986267,0.06004931405186653,0.023646850138902664,0.04107944294810295,0.09754960983991623,0.04383743554353714,0.05498507246375084,0.013273482210934162,0.0033896337263286114,0.048060834407806396,0.05788196995854378,0.06998057663440704,0.0,0.09775647521018982,0.17321740090847015,1,411,2.348222054848864,62,130,219,30797.53125,0.34392425417900085,0.33936530351638794,0.3167104721069336,0.22557024657726288,0.09114019572734833,328,8,22,469,-23,15,11,4,0.20194647201946472,0.05827689543366432,0.0984463095664978,0.16208891570568085,0.02074374444782734,0.0,0.0,0.06459148228168488,0.027293676510453224,0.06243295222520828,0.04976668208837509,0.08688182383775711,0.041132260113954544,0.11430025100708008,0.01204813551157713,0.009848040528595448,0.06348132342100143,0.032863300293684006,0.025333542376756668,0.05048002675175667,0.01999061554670334,0.06929837912321091,0.02403324283659458,-43,0.09611279109587434,-1,-2,-40,614.71875,0.02788245677947998,-0.09518474340438843,0.012317240238189697,-57,20,-20,-20,17,6,0.020879614937057006
g10268.t2,g14042.t1,0.6704,20.8,1,357,2.3910150954573104,270,2,85,28269.8828125,0.36910247802734375,0.2616197466850281,0.3692777454853058,0.25150036811828613,0.11777739226818085,302,8,6,454,8,17,10,7,0.20168067226890757,0.07071104645729065,0.0470663458108902,0.11799306422472,0.0,0.0,0.0030794390477240086,0.024289662018418312,0.06117565929889679,0.07543602585792542,0.0,0.0034240109380334616,0.026821419596672058,0.01639586314558983,0.054604820907115936,0.036408647894859314,0.09355518221855164,0.13804595172405243,0.1134544089436531,1,399,2.571734861867241,295,2,102,33314.88671875,0.4144415855407715,0.18137145042419434,0.3950561285018921,0.28567400574684143,0.10938211530447006,348,7,7,478,12,20,11,9,0.21303258145363407,0.04085912927985191,0.06663278490304947,0.2433953732252121,0.05111250653862953,0.009130760096013546,0.0015600358601659536,0.06239153444766998,0.004547533113509417,0.034960631281137466,0.03200531005859375,0.011077525094151497,0.0405508317053318,0.03401855006814003,0.07385998964309692,0.06324303895235062,0.042278651148080826,0.06852298229932785,0.040758345276117325,0.02148272655904293,0.05761166289448738,0.01854843460023403,0.09898997843265533,-42,-0.18071976640993048,-25,0,-17,-5045.00390625,-0.045339107513427734,0.08024829626083374,-0.025778383016586304,-46,1,-1,-24,-4,-2,-0.011351909184726505
g16170.t1,g16917.t1,0.6691,68.8,1,196,4.460623134195305,42,0,154,60238.6953125,0.11340107023715973,0.5999835729598999,0.26112061738967896,0.22668218612670898,0.03443845361471176,70,0,0,10,28,29,6,23,0.7397959183673469,0.0249145720154047,0.009523885324597359,0.0,0.001835505710914731,0.02784494310617447,0.006675461307168007,0.04899398237466812,0.0001606880541658029,0.49903061985969543,0.025494789704680443,0.024032549932599068,0.00942295789718628,0.05454722419381142,0.016762688755989075,0.0028388220816850662,0.007396199274808168,0.1691937893629074,0.05748838186264038,1,68,2.5090007848478377,29,0,39,21137.92578125,0.20633062720298767,0.11760493367910385,0.6236123442649841,0.5658029317855835,0.05780940502882004,27,0,0,8,15,18,4,14,0.6029411764705882,0.008287457749247551,0.003052850253880024,0.46353214979171753,0.0032054928597062826,0.05245209112763405,,0.10024700313806534,0.014812328852713108,0.0035107778385281563,0.002536917105317116,0.00831877812743187,0.02101246640086174,0.07092443108558655,0.012516685761511326,0.02030145563185215,0.10227082669734955,0.049521949142217636,0.03098352625966072,0.0325128547847271,,0.013735798187553883,0.0001071253718691878,128,1.951622349347467,13,0,115,39100.76953125,-0.09292955696582794,0.48237863928079605,-0.3624917268753052,43,0,0,2,13,9,0.13685474189675872
g6869.t1,g11978.t1,0.6689,16.2,1,69,1.5934609338230776,34,0,35,15469.04296875,0.27748915553092957,0.24326373636722565,0.47924718260765076,0.2622198462486267,0.21702727675437927,41,3,13,0,1,9,10,-1,0.463768115942029,0.17622414231300354,0.04080314561724663,0.031647223979234695,0.0019012176198884845,0.1693565398454666,0.025976845994591713,0.04057340323925018,0.0031287127640098333,0.049435459077358246,0.0,0.029886921867728233,,0.08982571214437485,0.07429008185863495,0.0010191276669502258,,0.233267679810524,0.02895216830074787,1,101,1.8186593529397768,79,0,22,17103.482421875,0.13931526243686676,0.260874480009079,0.5998102426528931,0.3569943308830261,0.24281588196754456,71,1,6,20,-10,11,15,-4,0.4158415841584158,0.125382199883461,0.0,0.1848890483379364,0.035654567182064056,0.0,0.0,0.06376183032989502,0.0022637818474322557,0.00331825646571815,0.07289833575487137,0.03754298761487007,0.08682754635810852,0.06134182587265968,0.03658060356974602,0.0,0.17210529744625092,0.11743371933698654,0.0,0.0,,0.0018344296840950847,0.0018772276816889644,-32,-0.22519841911669913,-45,0,13,-1634.439453125,0.1381738930940628,-0.017610743641853333,-0.12056306004524231,-30,2,7,-20,11,3,0.04792653178361317
g11479.t1,g661.t1,0.666,16.2,1,281,2.330517654540377,53,86,142,31332.375,0.25071844458580017,0.23203732073307037,0.49085092544555664,0.44757992029190063,0.0432710237801075,199,25,2,61,32,31,6,25,0.26334519572953735,0.03803824633359909,0.005232775118201971,0.07971608638763428,0.0,0.056067679077386856,0.01617160066962242,0.04448650777339935,0.011701932176947594,0.1279108226299286,0.026393229141831398,0.02830422669649124,0.003668042365461588,0.028523623943328857,0.01605161838233471,0.0267739649862051,0.00888865627348423,0.26364439725875854,0.1839355081319809,1,191,2.279993907584411,101,10,80,26106.4453125,0.23205076158046722,0.12401522696018219,0.637649655342102,0.4489632546901703,0.18868638575077057,163,18,0,24,21,31,15,16,0.31413612565445026,0.08844093233346939,0.04887721687555313,0.29309582710266113,0.007044740486890078,0.0062843868508934975,,0.06455063074827194,0.020147530362010002,0.037695541977882385,0.005677323788404465,0.03387711942195892,0.04831765219569206,0.0077575924806296825,0.008404252119362354,0.058804403990507126,0.15586744248867035,0.10024542361497879,0.0,0.006673965137451887,0.008238007314503193,0.03449101001024246,0.0,90,0.050523746955966065,-48,76,62,5225.9296875,0.018667683005332947,0.10802209377288818,-0.1467987298965454,36,7,2,37,11,9,-0.05079092992491291
g7497.t2,g9297.t2,0.6658,39.2,1,495,3.0852862507827488,148,65,282,46449.34375,0.27691033482551575,0.354933500289917,0.2981310486793518,0.21450276672840118,0.08362827450037003,329,43,27,314,0,20,11,9,0.25252525252525254,0.08043790608644485,0.0031903644558042288,0.06858427077531815,0.008828798308968544,0.014498628675937653,0.006818098947405815,0.1179257184267044,0.01528202649205923,0.07848924398422241,0.07002516835927963,0.002769048558548093,6.946376379346475e-05,0.09799601137638092,0.08973943442106247,0.03152387589216232,0.0011539615225046873,0.07981087267398834,0.13469190895557404,1,420,3.311792063056542,146,68,206,43031.3671875,0.23691138625144958,0.21852713823318481,0.4901615083217621,0.37199243903160095,0.11816907674074173,310,33,22,319,-1,33,16,17,0.26666666666666666,0.035023923963308334,0.04632474109530449,0.08430363237857819,0.011770348995923996,0.054399847984313965,0.00030184147180989385,0.04218187928199768,0.012511144392192364,0.09581750631332397,0.05954523757100105,0.02657932974398136,0.03307799622416496,0.08289562165737152,0.022400595247745514,0.002774306805804372,0.2876887917518616,0.08314516395330429,0.0,0.01564202271401882,0.00361596024595201,0.07190792262554169,0.026257304474711418,75,-0.22650581227379307,2,-3,76,3417.9765625,0.03999894857406616,0.13640636205673218,-0.19203045964241028,19,10,5,-5,1,-8,-0.014141414141414121
g5143.t1,g7705.t1,0.6652,31.4,1,157,2.3393191713766366,52,7,98,24988.287109375,0.18236006796360016,0.1605941653251648,0.6408818364143372,0.5511572360992432,0.08972473442554474,95,3,2,32,37,31,5,26,0.3503184713375796,0.037477973848581314,0.05224675312638283,0.03814367577433586,0.0,0.08211150020360947,0.01907440461218357,0.020401330664753914,0.01871979609131813,0.0073457565158605576,0.01616382971405983,0.0,,0.025374876335263252,0.051380399614572525,0.012653988786041737,0.027002613991498947,0.16765981912612915,0.38349735736846924,1,148,2.924133178860416,41,19,88,27076.453125,0.16748815774917603,0.14099515974521637,0.6178791522979736,0.5629640817642212,0.05491507425904274,90,8,1,156,21,27,7,20,0.3783783783783784,0.02519107237458229,0.013806755654513836,0.2806289792060852,0.013584728352725506,0.07363750040531158,0.0,0.06118077412247658,0.020663950592279434,0.015821682289242744,0.054781071841716766,0.011357895098626614,0.016939973458647728,0.021268704906105995,0.01441887952387333,0.0158461332321167,0.2823350429534912,0.02972399815917015,0.0,0.032829198986291885,0.015983568504452705,0.030416131019592285,0.01032978855073452,9,-0.5848140074837795,11,-12,10,-2088.166015625,0.014871910214424133,0.019599005579948425,0.023002684116363525,5,-5,1,-124,16,6,-0.028059907040798804
g10268.t2,g14221.t1,0.6643,19.6,1,357,2.3910150954573104,270,2,85,28269.8828125,0.36910247802734375,0.2616197466850281,0.3692777454853058,0.25150036811828613,0.11777739226818085,302,8,6,454,8,17,10,7,0.20168067226890757,0.07071104645729065,0.0470663458108902,0.11799306422472,0.0,0.0,0.0030794390477240086,0.024289662018418312,0.06117565929889679,0.07543602585792542,0.0,0.0034240109380334616,0.026821419596672058,0.01639586314558983,0.054604820907115936,0.036408647894859314,0.09355518221855164,0.13804595172405243,0.1134544089436531,1,432,2.700171761317788,266,2,164,38528.5234375,0.3962952196598053,0.2928711473941803,0.2816447913646698,0.19331033527851105,0.08833444863557816,362,14,7,546,12,17,11,6,0.22916666666666666,0.04290259629487991,0.06968457996845245,0.12963247299194336,0.07829853892326355,0.02918883040547371,0.0,0.05694922059774399,0.025273511186242104,0.02880805730819702,0.04733286425471306,0.03729850426316261,0.042360223829746246,0.08455558866262436,0.011975442059338093,0.057100288569927216,0.0636778473854065,0.04543185234069824,0.0855577364563942,0.007921346463263035,0.056050460785627365,0.01854843460023403,0.09898997843265533,-75,-0.30915666586047763,4,0,-79,-10258.640625,-0.027192741632461548,-0.03125140070915222,0.08763295412063599,-60,-6,-1,-92,-4,1,-0.02748599439775909
g5783.t1,g7888.t1,0.6639,23.6,1,277,2.645851753650281,49,78,150,27491.416015625,0.3073393404483795,0.5085790157318115,0.170609250664711,0.10753483325242996,0.06307442486286163,195,14,10,327,0,6,6,0,0.296028880866426,0.04459063336253166,0.01848379336297512,0.0965677946805954,0.0,0.03370809927582741,0.05354520305991173,0.08975791931152344,0.02617252804338932,0.017378080636262894,0.01347249187529087,0.0025606367271393538,0.001877849455922842,0.2399459332227707,0.0954149141907692,0.01666591316461563,0.0388270728290081,0.004375079181045294,0.10315975546836853,1,277,2.455717259849709,33,74,170,29627.431640625,0.3944925367832184,0.37497541308403015,0.1966836303472519,0.10600782930850983,0.09067580848932266,170,17,8,307,-7,6,10,-4,0.2743682310469314,0.04576358199119568,0.010538861155509949,0.08047474175691605,0.022825151681900024,0.033848389983177185,0.017206136137247086,0.059318963438272476,0.02302282676100731,0.0531451553106308,0.01867230050265789,0.046854328364133835,0.12818653881549835,0.13602900505065918,0.09737224876880646,0.053768787533044815,0.02553308755159378,0.04491221532225609,0.0,0.09752337634563446,0.005004277918487787,0.06346776336431503,0.040028590708971024,0,0.190134493800572,16,4,-20,-2136.015625,-0.08715319633483887,0.13360360264778137,-0.026074379682540894,25,-3,2,20,7,4,0.02166064981949456
g7497.t1,g9297.t2,0.6633,39.4,1,574,3.132115233895531,179,78,317,48315.1015625,0.2473001927137375,0.3388659954071045,0.3550872802734375,0.22959460318088531,0.12549269199371338,397,47,22,332,-4,23,21,2,0.22125435540069685,0.10539297759532928,0.020099712535738945,0.049873970448970795,0.006763474550098181,0.025579817593097687,0.0054377964697778225,0.08227458596229553,0.010685010813176632,0.06432852894067764,0.05874662473797798,0.015121296048164368,0.0001305176119785756,0.09837287664413452,0.10260049253702164,0.03291557729244232,0.0,0.10787701606750488,0.12171760946512222,1,420,3.311792063056542,146,68,206,43031.3671875,0.23691138625144958,0.21852713823318481,0.4901615083217621,0.37199243903160095,0.11816907674074173,310,33,22,319,-1,33,16,17,0.26666666666666666,0.035023923963308334,0.04632474109530449,0.08430363237857819,0.011770348995923996,0.054399847984313965,0.00030184147180989385,0.04218187928199768,0.012511144392192364,0.09581750631332397,0.05954523757100105,0.02657932974398136,0.03307799622416496,0.08289562165737152,0.022400595247745514,0.002774306805804372,0.2876887917518616,0.08314516395330429,0.0,0.01564202271401882,0.00361596024595201,0.06136280298233032,0.030719410628080368,154,-0.1796768291610107,33,10,111,5283.734375,0.010388806462287903,0.12033885717391968,-0.13507422804832458,87,14,0,13,-3,-15,-0.04541231126596981
g2045.t1,g12419.t1,0.6631,66.3,1,517,3.4862729815362634,171,49,297,67201.03125,0.10372885316610336,0.38018256425857544,0.4813169538974762,0.35397234559059143,0.12734462320804596,348,55,3,150,0,44,40,4,0.34622823984526113,0.0968354269862175,0.030509203672409058,0.0014382109511643648,0.0,0.008566008880734444,0.021349407732486725,0.020543145015835762,0.01010892167687416,0.02886737510561943,0.03477161005139351,0.04332536458969116,0.0002880800748243928,0.1799936294555664,0.06329645216464996,0.01869090087711811,0.0002815122716128826,0.2857222855091095,0.06825003772974014,1,503,3.3198940308644023,177,49,277,59129.5859375,0.1087661162018776,0.3737025856971741,0.5027623772621155,0.3540273904800415,0.14873503148555756,396,66,1,151,-5,45,36,9,0.2982107355864811,0.07229286432266235,0.015112504363059998,0.2793135643005371,0.001691588549874723,0.014768825843930244,0.0,0.003110340563580394,0.011622166261076927,0.04063029959797859,0.0724465623497963,0.10963714867830276,0.11620166152715683,0.06352844834327698,0.0024009644985198975,0.0011459147790446877,0.07471386343240738,0.0764421746134758,0.0012540118768811226,0.043420493602752686,0.0002666166110429913,0.08639418333768845,0.0007682135328650475,14,0.16637895067186115,-6,0,20,8071.4453125,-0.005037263035774231,0.006479978561401367,-0.021445423364639282,-48,-11,2,-1,5,-5,0.04801750425878004
g8463.t1,g2176.t1,0.662,17.1,1,143,1.8645441077157223,111,0,32,18367.671875,0.568501889705658,0.04660552740097046,0.379294753074646,0.3097875416278839,0.0695071890950203,138,6,0,191,8,12,5,7,0.3076923076923077,0.06676064431667328,0.002746552461758256,0.07694101333618164,0.0,0.13088053464889526,0.004634807351976633,0.08968441188335419,0.04366834834218025,0.0,0.005597876850515604,0.045780327171087265,0.029140248894691467,0.007681175600737333,0.017869198694825172,0.02828196994960308,0.012783453799784184,0.164634108543396,0.1451534628868103,1,142,1.7959135971892934,115,0,27,16620.681640625,0.3593730032444,0.3058786690235138,0.3347483277320862,0.26779475808143616,0.06695355474948883,145,7,1,337,8,11,8,3,0.34507042253521125,0.03881499916315079,0.07250665873289108,0.17517611384391785,0.058626774698495865,0.0,0.005898277275264263,0.03283759579062462,0.003300182754173875,0.06697429716587067,0.04742876812815666,0.04595852643251419,0.03962753340601921,0.11875776201486588,0.03319595381617546,0.016695041209459305,0.0926186740398407,0.028138548135757446,0.032031185925006866,0.046505507081747055,0.04490761458873749,0.003636889159679413,0.12412499636411667,1,0.06863051052642888,-4,0,5,1746.990234375,0.20912888646125793,-0.25927314162254333,0.044546425342559814,-7,-1,-1,-146,0,4,-0.03737811484290354
g16757.t1,g6794.t1,0.6611,13.9,1,197,2.4973801951512273,97,10,90,28808.484375,0.15957318246364594,0.19550150632858276,0.6088588833808899,0.4035293757915497,0.2053295075893402,152,15,0,39,19,30,17,13,0.3299492385786802,0.15148918330669403,0.053840335458517075,0.05225507169961929,,0.0389733612537384,0.011800489388406277,0.029567964375019073,0.004367995075881481,0.015460323542356491,0.0360664464533329,0.0024639968760311604,0.0,0.02678734064102173,0.008345458656549454,0.007478105835616589,0.04755733162164688,0.2507661283016205,0.15276320278644562,1,264,2.0221861587976755,53,88,123,25023.5625,0.2847388982772827,0.1520548313856125,0.5295631885528564,0.45764288306236267,0.07192033529281616,200,26,1,46,23,27,8,19,0.23484848484848486,0.04609019309282303,0.06850806623697281,0.33002740144729614,0.017770245671272278,0.03364301472902298,0.0,0.06281525641679764,0.026253044605255127,0.038808099925518036,0.038917988538742065,0.005470942705869675,0.02571123093366623,0.03244653716683388,0.029843198135495186,0.004641851410269737,0.12761551141738892,0.025830140337347984,0.0,0.06235218420624733,0.023255079984664917,0.08555056154727936,0.024466685950756073,-67,0.47519403635355184,44,-78,-33,3784.921875,-0.12516571581363678,0.043446674942970276,0.07929569482803345,-48,-11,-1,-7,-4,-6,0.09510075373019533
g15161.t1,g12220.t1,0.6598,26.5,1,833,3.8714640830682376,327,138,368,69203.5859375,0.21048109233379364,0.2842336595058441,0.5052852630615234,0.25953903794288635,0.24574624001979828,674,89,12,297,-15,59,55,4,0.19447779111644659,0.13160359859466553,0.11414264142513275,0.022167500108480453,0.0,0.06091863662004471,0.016382284462451935,0.04584807902574539,0.03321496397256851,0.15584951639175415,0.0,0.005993233527988195,0.01053701713681221,0.018935419619083405,0.03385915607213974,0.0025176946073770523,0.027139006182551384,0.1379421353340149,0.12159688770771027,1,775,3.544215909160908,303,156,316,45756.3203125,0.1938660889863968,0.27936360239982605,0.5202099680900574,0.28255313634872437,0.23765680193901062,608,62,3,223,-6,44,34,10,0.15612903225806452,0.05273406580090523,0.05773895978927612,0.17873968183994293,0.02945633791387081,0.006560382433235645,0.0,0.030020272359251976,0.006344598717987537,0.01776999607682228,0.06753885000944138,0.04455344378948212,0.04413766413927078,0.0803423598408699,0.00958854891359806,0.023199716582894325,0.10381343960762024,0.1849227398633957,0.0,0.026092255488038063,0.036446671932935715,0.032068248838186264,0.029283961281180382,58,0.32724817390732985,24,-18,52,23447.265625,0.01661500334739685,0.004870057106018066,-0.014924705028533936,66,27,9,74,-9,-6,0.03834875885838207
g8748.t1,g7606.t1,0.659,63.7,1,464,2.775585103256398,143,125,196,37558.984375,0.2934924364089966,0.3117101192474365,0.3947974741458893,0.24218976497650146,0.15260770916938782,382,51,4,431,-2,30,29,1,0.23060344827586207,0.09163407981395721,0.0609736330807209,0.02525443769991398,0.0,0.028064623475074768,0.008227132260799408,0.13627031445503235,0.03590875118970871,0.09098677337169647,0.0,0.02053716778755188,0.0,0.1250976026058197,0.046814173460006714,0.008676516823470592,0.00042953056981787086,0.18436212837696075,0.05782762169837952,1,484,2.7421591471419258,142,133,209,36184.5234375,0.21712945401668549,0.3346758186817169,0.38547903299331665,0.21989913284778595,0.1655798852443695,446,73,1,479,-5,27,28,-1,0.20867768595041322,0.05280284956097603,0.0035322094336152077,0.16739872097969055,0.0043692924082279205,0.06271573156118393,0.0,0.06313882023096085,0.011561226099729538,0.05571044236421585,0.1039358451962471,0.04621588811278343,0.07528422027826309,0.0963410958647728,0.04137249290943146,0.006866030860692263,0.0525004044175148,0.11277703195810318,0.0001763055333867669,0.04196387156844139,0.0013375384733080864,0.04015490040183067,0.03878060355782509,-20,0.0334259561144723,1,-8,-13,1374.4609375,0.0763629823923111,-0.022965699434280396,0.009318441152572632,-64,-22,3,-48,3,2,0.02192576232544885
g2713.t1,g9297.t2,0.6588,37.2,1,459,3.267778299841217,145,64,250,55172.78125,0.267154723405838,0.3242921829223633,0.3298105001449585,0.22831366956233978,0.10149683058261871,322,27,26,299,11,30,17,13,0.3006535947712418,0.09595351666212082,0.005543306469917297,0.06519404798746109,0.01123728509992361,0.03445729240775108,0.004371207673102617,0.07116975635290146,0.013442575931549072,0.07107848674058914,0.07874254882335663,0.009348922409117222,0.007134652696549892,0.08167598396539688,0.08120931684970856,0.026235196739435196,0.0,0.11468595266342163,0.11362772434949875,1,420,3.311792063056542,146,68,206,43031.3671875,0.23691138625144958,0.21852713823318481,0.4901615083217621,0.37199243903160095,0.11816907674074173,310,33,22,319,-1,33,16,17,0.26666666666666666,0.035023923963308334,0.04632474109530449,0.08430363237857819,0.011770348995923996,0.054399847984313965,0.00030184147180989385,0.04218187928199768,0.012511144392192364,0.09581750631332397,0.05954523757100105,0.02657932974398136,0.03307799622416496,0.08289562165737152,0.022400595247745514,0.002774306805804372,0.2876887917518616,0.08314516395330429,0.0,0.01564202271401882,0.00361596024595201,0.07471989095211029,0.040172282606363297,39,-0.0440137632153248,-1,-4,44,12141.4140625,0.030243337154388428,0.10576504468917847,-0.1603510081768036,12,-6,4,-20,12,-4,0.033986928104575154
g3007.t1,g7345.t1,0.6569,12.1,1,115,1.944947515605429,33,29,53,19039.46875,0.16629721224308014,0.4783346354961395,0.35536807775497437,0.14364679157733917,0.211721271276474,70,5,0,37,-4,7,11,-4,0.43478260869565216,0.1273522675037384,0.0843690037727356,0.040483102202415466,0.06337358057498932,0.07497426867485046,0.039246827363967896,0.01626875437796116,0.0,0.2736484706401825,0.0,0.03457110375165939,,0.019993146881461143,0.061475541442632675,0.0,0.01339502539485693,0.07800175249576569,0.06564503908157349,1,117,2.698786202910302,25,29,63,23782.546875,0.3884165585041046,0.1270798146724701,0.4688429832458496,0.3499964475631714,0.11884652078151703,72,4,0,19,7,17,7,10,0.4358974358974359,0.06156766787171364,0.14938944578170776,0.1966177076101303,0.06130985915660858,0.015660690143704414,0.014865709468722343,0.07580266147851944,0.004914576653391123,0.042914170771837234,0.03867698460817337,0.0009280293597839773,0.022566966712474823,0.024840380996465683,0.023464491590857506,0.009089799597859383,0.15337875485420227,0.05727884918451309,,0.026446111500263214,0.0202871635556221,0.007202047389000654,0.0,-2,-0.753838687304873,8,0,-10,-4743.078125,-0.22211934626102448,0.35125482082366943,-0.11347490549087524,-2,1,0,18,-11,-14,-0.0011148272017837413
g6110.t1,g7928.t1,0.6566,15.7,1,156,2.0199289067783317,59,12,85,20548.259765625,0.20809006690979004,0.09770672023296356,0.647406816482544,0.5534389019012451,0.09396795183420181,114,24,0,78,20,25,8,17,0.28205128205128205,0.05094306915998459,0.043024882674217224,0.025212660431861877,0.0,0.04897748678922653,0.009182010777294636,0.010363508015871048,0.032253630459308624,0.011075207963585854,0.046796299517154694,0.010520529933273792,0.06353987008333206,0.018989024683833122,0.05045280233025551,0.015074193477630615,0.00692641269415617,0.3188423812389374,0.23459652066230774,1,347,2.207832722782869,102,68,177,27927.66796875,0.11507496982812881,0.25296592712402344,0.6212761402130127,0.4389307200908661,0.18234534561634064,276,20,0,414,18,25,16,9,0.20461095100864554,0.04598193243145943,0.005240732803940773,0.18505236506462097,0.008641213178634644,0.01068298052996397,0.0,0.03015686757862568,0.009959117509424686,0.03754798322916031,0.13714861869812012,0.012227256782352924,0.012800374068319798,0.05396039038896561,0.013863869942724705,0.003350435057654977,0.2538783848285675,0.1363634318113327,0.0,0.016273880377411842,0.026870155707001686,0.001081260503269732,0.0021482014562934637,-191,-0.1879038160045372,-43,-56,-92,-7379.408203125,0.09301509708166122,-0.15525920689105988,0.02613067626953125,-162,4,0,-336,2,8,0.0774403310426365
g17147.t1,g4166.t1,0.6523,12.3,1,141,1.4663900310620577,9,69,63,16577.0703125,0.3035757541656494,0.3396572172641754,0.3460448980331421,0.20544981956481934,0.14059512317180634,117,14,1,92,5,14,10,4,0.28368794326241137,0.06583195179700851,0.07476316392421722,0.06240816041827202,0.0,0.09716569632291794,0.025042617693543434,0.054100800305604935,0.046908024698495865,0.05599435791373253,0.01072212215512991,0.020998835563659668,0.0,0.03194239363074303,0.045450739562511444,0.0,0.0007608065498061478,0.1926569789648056,0.012792824767529964,1,136,1.3360797613192485,15,54,67,13970.583984375,0.13380002975463867,0.4257386326789856,0.27470362186431885,0.21799814701080322,0.056705474853515625,127,10,0,115,1,11,7,4,0.3014705882352941,0.02034872956573963,0.0,0.14164714515209198,0.0,0.1657576709985733,,0.023783674463629723,0.05472240224480629,0.02745179645717144,0.1471831053495407,0.017341801896691322,0.022470152005553246,0.18311841785907745,0.0024825623258948326,0.0,0.07635100930929184,0.036356743425130844,0.03784994035959244,0.042232055217027664,0.0009027498890645802,0.18046627938747406,0.021994218230247498,5,0.13031026974280913,-6,15,-4,2606.486328125,0.16977572441101074,-0.08608141541481018,0.07134127616882324,-10,4,1,-23,4,0,-0.017782644972882733
g11348.t1,g5488.t1,0.6521,23.1,1,1371,4.040746963869525,618,215,538,69696.5625,0.16187533736228943,0.30623045563697815,0.5183209180831909,0.29596632719039917,0.22235460579395294,1261,161,33,793,8,63,57,6,0.1436907366885485,0.18453772366046906,0.03781687095761299,0.018090473487973213,0.0,0.03747911378741264,0.01724994368851185,0.06974592059850693,0.00828666053712368,0.08076915144920349,0.013573331758379936,0.017096899449825287,0.006239687092602253,0.06092727929353714,0.038034599274396896,0.00461569894105196,0.0052310992032289505,0.2002955675125122,0.09567075967788696,1,677,2.6778688414784404,253,135,289,38954.5234375,0.1768714338541031,0.24599257111549377,0.560829222202301,0.43512240052223206,0.12570679187774658,661,91,28,184,6,44,22,22,0.15805022156573117,0.05915457010269165,0.0026184108573943377,0.31251341104507446,0.02832358330488205,0.016306858509778976,0.004949335474520922,0.028159119188785553,0.007616189308464527,0.057876113802194595,0.0808100625872612,0.009323226287961006,0.048894237726926804,0.09219903498888016,0.012252957560122013,0.016234392300248146,0.12260901927947998,0.06655222177505493,0.0005797997582703829,0.03082706592977047,0.002200491726398468,0.10401840507984161,0.0003208930429536849,694,1.3628781223910846,365,80,249,30742.0390625,-0.01499609649181366,0.060237884521484375,-0.04250830411911011,600,70,5,609,2,-16,-0.014359484877182666
g15515.t1,g8767.t1,0.6508,29.4,1,298,3.5824336478394323,119,0,179,51492.42578125,0.09304536879062653,0.35831794142723083,0.547759473323822,0.3056870698928833,0.2420724332332611,219,27,0,223,25,44,38,6,0.4664429530201342,0.19097328186035156,0.05109913647174835,0.0,6.346136069623753e-05,0.037819307297468185,0.0014411937445402145,0.035333242267370224,0.0,0.04132148623466492,0.0008772484143264592,0.01538125704973936,0.0,0.04646603763103485,0.039567407220602036,0.004386242013424635,0.0,0.27825403213500977,0.027433043345808983,1,142,2.618666505253981,64,0,78,29182.89453125,0.15047705173492432,0.14364759624004364,0.7058752775192261,0.39593952894210815,0.3099357485771179,95,16,0,72,0,27,26,1,0.4859154929577465,0.23547951877117157,0.0,0.34933003783226013,0.0,,,0.06920139491558075,0.011573472060263157,0.04985596612095833,0.027300234884023666,0.04890637844800949,0.013465991243720055,0.04240152984857559,,0.0,0.04660946503281593,0.07445624470710754,0.0,0.03141969069838524,0.0,0.22945833206176758,0.00012532119581010193,156,0.9637671425854513,55,0,101,22309.53125,-0.05743168294429779,0.2146703451871872,-0.15811580419540405,124,11,0,151,25,5,-0.019472539937612277
g12820.t1,g6969.t1,0.6504,15.3,1,368,2.4443348459447383,61,128,179,31412.25,0.37180671095848083,0.2441805601119995,0.3290277123451233,0.2709738612174988,0.0580538734793663,271,28,2,449,-6,20,10,10,0.22282608695652173,0.03625389561057091,0.021799977868795395,0.06245144084095955,0.0014550909399986267,0.06004931405186653,0.023646850138902664,0.04107944294810295,0.09754960983991623,0.04383743554353714,0.05498507246375084,0.013273482210934162,0.0033896337263286114,0.048060834407806396,0.05788196995854378,0.06998057663440704,0.0,0.09775647521018982,0.17321740090847015,1,382,2.170196936155968,50,126,206,26122.484375,0.3501127064228058,0.2928740680217743,0.34209221601486206,0.2561703026294708,0.08592194318771362,296,19,28,424,-7,14,9,5,0.17801047120418848,0.06986883282661438,0.05484113469719887,0.23227401077747345,0.06928367167711258,0.014920977875590324,0.005469003226608038,0.04993324354290962,0.00571279413998127,0.13714709877967834,0.06928889453411102,0.06906170397996902,0.030772008001804352,0.07094389945268631,0.018280375748872757,0.01605708710849285,0.023896289989352226,0.016053110361099243,0.0003705481649376452,0.004199545830488205,0.04162579029798508,0.06929837912321091,0.02403324283659458,-14,0.2741379097887702,11,2,-27,5289.765625,0.02169400453567505,-0.04869350790977478,-0.01306450366973877,-25,9,-26,25,1,5,0.044815615752333254
g17362.t1,g9108.t1,0.65,59.7,1,128,2.5986396276005843,32,34,62,20124.677734375,0.09695469588041306,0.29303666949272156,0.5967532396316528,0.45437753200531006,0.14237570762634277,107,10,6,3,15,22,9,13,0.4375,0.1088002398610115,0.03357545658946037,0.06274566799402237,0.0,0.0003145578084513545,0.04940330609679222,0.01843770034611225,0.001763606327585876,0.08363863080739975,0.013255380094051361,0.01048660185188055,,0.04241957888007164,0.046986378729343414,0.0,0.04557080194354057,0.3381252586841583,0.11625229567289352,1,162,4.013337375337261,21,45,96,29462.650390625,0.09484216570854187,0.19831593334674835,0.6996598839759827,0.3791850805282593,0.320474773645401,105,11,6,28,15,29,16,13,0.4567901234567901,0.05604695901274681,0.024391116574406624,0.2961392402648926,0.011279849335551262,0.007182047236710787,0.006635014899075031,0.004497034940868616,0.04132792353630066,0.00711835129186511,0.038230493664741516,0.03408001735806465,0.055850304663181305,0.02175414003431797,0.01598391868174076,0.005694680847227573,0.08304586261510849,0.2644277811050415,,0.025877203792333603,0.00043805240420624614,0.02501795068383217,0.003206556895747781,-34,-1.4146977477366764,11,-11,-34,-9337.97265625,0.0021125301718711853,0.0947207361459732,-0.10290664434432983,2,-1,0,-25,0,0,-0.019290123456790098
g6827.t1,g16947.t1,0.6488,12.2,1,176,1.7498201592905276,52,51,73,20316.9375,0.15511298179626465,0.44832873344421387,0.3384191691875458,0.189107283949852,0.14931190013885498,139,9,1,294,-5,11,13,-2,0.3068181818181818,0.08661463111639023,0.06269726157188416,0.021001840010285378,0.014636454172432423,0.08609289675951004,0.025405090302228928,0.014567132107913494,0.0,0.21059846878051758,0.05813911557197571,0.004923130385577679,0.0,0.050460465252399445,0.13147804141044617,0.02268820069730282,0.0,0.12970435619354248,0.059402916580438614,1,165,1.4933201304034267,49,45,71,15825.1552734375,0.22929280996322632,0.19296304881572723,0.5040448904037476,0.24858495593070984,0.2554599344730377,140,7,1,85,-3,10,15,-5,0.3151515151515151,0.08789286017417908,0.006709683686494827,0.1593918651342392,0.010564307682216167,0.07369924336671829,0.0,0.028266621753573418,0.0008155487012118101,0.0546371191740036,0.0775810182094574,0.021384911611676216,0.02581000328063965,0.05716390162706375,0.040165770798921585,0.002242758870124817,0.08919306099414825,0.16756708920001984,0.0,0.08670654892921448,0.010207665152847767,0.015750225633382797,0.0058397878892719746,11,0.2565000288871009,3,6,2,4491.7822265625,-0.07417982816696167,0.25536568462848663,-0.16562572121620178,-1,2,0,209,-2,3,-0.008333333333333304
g13506.t1,g6672.t1,0.6473,58.2,1,700,3.9082231829129896,219,111,370,71337.3203125,0.2934257686138153,0.3880048096179962,0.28136253356933594,0.19514217972755432,0.08622033149003983,467,47,3,192,19,41,26,15,0.26857142857142857,0.0683826431632042,0.017837680876255035,0.012116332538425922,0.0002748445840552449,0.05330417677760124,0.02176305279135704,0.1049007698893547,0.03653492406010628,0.1893414407968521,0.03720695152878761,0.0076146177016198635,0.0,0.06210950389504433,0.0775480568408966,0.04849199578166008,0.012096172198653221,0.08315807580947876,0.11198410391807556,1,633,3.8686792256807423,210,116,307,66370.8125,0.2589799761772156,0.38583803176879883,0.3383149802684784,0.22967711091041565,0.10863786935806274,409,37,2,263,15,35,27,8,0.2559241706161137,0.016544142737984657,0.0014098039828240871,0.09206338971853256,0.0059795137494802475,0.016866963356733322,0.0,0.09106015413999557,0.027743317186832428,0.06607015430927277,0.15533596277236938,0.015523706562817097,0.06972208619117737,0.07064379006624222,0.02341529168188572,0.00965200550854206,0.1376136988401413,0.09209373593330383,0.013093420304358006,0.048299629241228104,0.046869151294231415,0.024871673434972763,0.03046298213303089,67,0.03954395723224735,9,-5,63,4966.5078125,0.03444579243659973,0.0021667778491973877,-0.056952446699142456,58,10,1,-71,4,7,0.01264725795531485
g4920.t3,g11506.t1,0.6471,18.3,1,306,2.604009486701002,189,12,105,27151.58203125,0.2725813686847687,0.2720043957233429,0.365825355052948,0.19576531648635864,0.17006005346775055,289,39,0,370,-3,18,16,2,0.238562091503268,0.10116522759199142,0.06889481842517853,0.023113135248422623,0.0,0.03250988945364952,0.004018700681626797,0.05768044292926788,0.06758397817611694,0.10202746093273163,0.08958885073661804,0.03566858917474747,0.030216941609978676,0.05269097909331322,0.07191739976406097,0.023242807015776634,0.005709104705601931,0.14537473022937775,0.0503905825316906,1,508,3.2743306617837282,286,39,183,44245.78125,0.29851263761520386,0.22824466228485107,0.45166271924972534,0.3586216866970062,0.09304102510213852,492,47,6,161,8,34,23,11,0.2204724409448819,0.035438187420368195,0.051591191440820694,0.1874140501022339,0.04127455875277519,0.02157997153699398,0.005367674864828587,0.05372271314263344,0.025556908920407295,0.04438864439725876,0.02966202422976494,0.034982115030288696,0.07797307521104813,0.022700892761349678,0.01658826321363449,0.05391620099544525,0.17120766639709473,0.05760284513235092,7.292325608432293e-05,0.03695815056562424,0.03200196474790573,0.03564074635505676,0.0025655936915427446,-202,-0.670321175082726,-97,-27,-78,-17094.19921875,-0.02593126893043518,0.04375973343849182,-0.08583736419677734,-203,-8,-6,209,-11,-9,0.0180896505583861
g17321.t1,g12421.t1,0.6461,59.1,1,355,2.950300821102063,153,48,154,31343.37109375,0.1658967137336731,0.25813913345336914,0.5452871322631836,0.3516550362110138,0.19363214075565338,293,51,2,358,4,33,27,6,0.23098591549295774,0.10366267710924149,0.08996947109699249,0.02404615841805935,0.00218940619379282,0.05183466896414757,0.023243170231580734,0.014514808543026447,0.00010294190724380314,0.0,0.03067701868712902,0.005250037182122469,0.029074274003505707,0.0554676428437233,0.11790204048156738,0.0016470705159008503,0.012988487258553505,0.2656727731227875,0.0859823003411293,1,356,2.9664403172711595,155,50,151,32682.59765625,0.22522737085819244,0.20770208537578583,0.536941647529602,0.2987535893917084,0.23818808794021606,311,46,3,297,-1,29,24,5,0.2556179775280899,0.1172216609120369,0.03889712691307068,0.21016770601272583,0.0,0.030128898099064827,0.008198794908821583,0.0524953231215477,0.027796383947134018,0.019744735211133957,0.053995776921510696,0.045576661825180054,0.055871862918138504,0.0002905387955252081,0.025766883045434952,0.0,0.08858586102724075,0.12096641212701797,0.01625789701938629,0.07206541299819946,0.01597205176949501,0.04634837806224823,0.03942675143480301,-1,-0.01613949616909638,-2,-2,3,-1339.2265625,-0.05933065712451935,0.05043704807758331,0.008345484733581543,-18,5,-1,61,5,1,-0.024632062035132157
g19580.t1,g6798.t1,0.6441,19.5,1,241,2.569825178165303,87,25,129,32494.0,0.22919495403766632,0.2249806523323059,0.543838381767273,0.15659092366695404,0.3872474431991577,188,30,1,164,-23,20,38,-18,0.34024896265560167,0.16390661895275116,0.22334083914756775,0.06521527469158173,0.0,0.05480765551328659,0.0006950767710804939,0.04860103875398636,0.015986764803528786,0.033970948308706284,0.0019859333988279104,0.01618536002933979,0.0,0.019260982051491737,0.12625263631343842,0.028398850932717323,0.021117566153407097,0.09965788573026657,0.056933045387268066,1,197,3.0713599062719923,57,25,115,31912.578125,0.2983247637748718,0.13884663581848145,0.5628286004066467,0.1421707272529602,0.4206578731536865,139,21,0,97,-22,12,35,-23,0.3401015228426396,0.2878321707248688,0.10221962630748749,0.09331035614013672,0.0,0.0,0.0,0.1136746034026146,0.005103378556668758,0.02244548499584198,0.03668307885527611,0.030109502375125885,0.007684039417654276,0.0430903434753418,0.0017187984194606543,0.040267445147037506,0.04886039346456528,0.13282568752765656,0.0,0.017998818308115005,0.016176290810108185,0.02368343248963356,0.0,44,-0.5015347281066891,30,0,14,581.421875,-0.0691298097372055,0.08613401651382446,-0.01899021863937378,49,9,1,67,-1,5,0.000147439812962058
g11756.t1,g14800.t3,0.6436,19.1,1,134,1.8975037254834155,58,23,53,19460.09375,0.40138357877731323,0.25209930539131165,0.33398672938346863,0.2036444991827011,0.1303422451019287,108,9,0,106,2,13,8,5,0.3582089552238806,0.07680653035640717,0.05353568494319916,0.040455982089042664,0.0,0.04946776106953621,0.009020895697176456,0.10953167080879211,0.000994819332845509,0.054768018424510956,0.012530367821455002,0.0,0.14444735646247864,0.03319036588072777,0.02376524917781353,0.009940632618963718,0.1152421236038208,0.05140890181064606,0.15223559737205505,1,123,2.31532318695564,32,27,64,20907.947265625,0.14325323700904846,0.32660746574401855,0.43911194801330566,0.3725619614124298,0.06654996424913406,90,11,1,20,11,18,8,10,0.4146341463414634,0.035614192485809326,0.008642004802823067,0.18205572664737701,0.051073383539915085,0.09102728962898254,0.0,0.0,0.030962415039539337,0.02944374829530716,0.17832544445991516,0.0006102494662627578,0.059507809579372406,0.057201553136110306,0.009722257032990456,0.005555574782192707,0.190506249666214,0.030935771763324738,0.030668893828988075,0.008147375658154488,0.0,0.016112633049488068,0.04654534161090851,11,-0.4178194614722246,26,-4,-11,-1447.853515625,0.25813034176826477,-0.07450816035270691,-0.10512521862983704,18,-2,-1,86,-9,-5,-0.05642519111758282
g5143.t2,g7705.t1,0.6427,20.7,1,187,2.2903760365856862,60,28,99,25756.947265625,0.17183227837085724,0.1470026671886444,0.6654812097549438,0.5460999608039856,0.11938126385211945,129,7,2,33,40,37,7,30,0.2994652406417112,0.06231394410133362,0.05706731602549553,0.059317514300346375,0.0,0.07693836092948914,0.03022579848766327,0.013779587112367153,0.008017214015126228,0.00467207795009017,0.015683835372328758,0.0,,0.026135126128792763,0.03892762213945389,0.006012910511344671,0.025573289021849632,0.21363867819309235,0.33246126770973206,1,148,2.924133178860416,41,19,88,27076.453125,0.16748815774917603,0.14099515974521637,0.6178791522979736,0.5629640817642212,0.05491507425904274,90,8,1,156,21,27,7,20,0.3783783783783784,0.02519107237458229,0.013806755654513836,0.2806289792060852,0.013584728352725506,0.07363750040531158,0.0,0.06118077412247658,0.020663950592279434,0.015821682289242744,0.054781071841716766,0.011357895098626614,0.016939973458647728,0.021268704906105995,0.01441887952387333,0.0158461332321167,0.2823350429534912,0.02972399815917015,0.0,0.032829198986291885,0.015983568504452705,0.021468760445713997,0.007766676135361195,39,-0.6337571422747299,19,9,11,-1319.505859375,0.004344120621681213,0.0060075074434280396,0.047602057456970215,39,-1,1,-123,19,10,-0.0789131377366672
g4920.t3,g7941.t1,0.6425,19.0,1,306,2.604009486701002,189,12,105,27151.58203125,0.2725813686847687,0.2720043957233429,0.365825355052948,0.19576531648635864,0.17006005346775055,289,39,0,370,-3,18,16,2,0.238562091503268,0.10116522759199142,0.06889481842517853,0.023113135248422623,0.0,0.03250988945364952,0.004018700681626797,0.05768044292926788,0.06758397817611694,0.10202746093273163,0.08958885073661804,0.03566858917474747,0.030216941609978676,0.05269097909331322,0.07191739976406097,0.023242807015776634,0.005709104705601931,0.14537473022937775,0.0503905825316906,1,474,3.139942964233378,287,39,148,34680.5859375,0.2769326865673065,0.21188212931156158,0.47647425532341003,0.315315306186676,0.1611589640378952,468,51,8,60,-3,28,29,-1,0.21308016877637131,0.10502834618091583,0.016321325674653053,0.2516067922115326,0.02818993665277958,0.034710902720689774,0.009098567068576813,0.086691714823246,0.01934703439474106,0.044934019446372986,0.05225837603211403,0.04780973494052887,0.024271521717309952,0.039109863340854645,0.009024500846862793,0.06289239972829819,0.06370850652456284,0.05613062530755997,9.30360984057188e-05,0.028785748407244682,0.019987035542726517,0.03564074635505676,0.0025655936915427446,-168,-0.5359334775323759,-98,-27,-43,-7529.00390625,-0.004351317882537842,0.06012226641178131,-0.11064890027046204,-179,-12,-8,310,0,3,0.025481922726896672
g6827.t1,g14147.t2,0.6425,17.4,1,176,1.7498201592905276,52,51,73,20316.9375,0.15511298179626465,0.44832873344421387,0.3384191691875458,0.189107283949852,0.14931190013885498,139,9,1,294,-5,11,13,-2,0.3068181818181818,0.08661463111639023,0.06269726157188416,0.021001840010285378,0.014636454172432423,0.08609289675951004,0.025405090302228928,0.014567132107913494,0.0,0.21059846878051758,0.05813911557197571,0.004923130385577679,0.0,0.050460465252399445,0.13147804141044617,0.02268820069730282,0.0,0.12970435619354248,0.059402916580438614,1,175,1.856867597029045,64,39,72,20679.05078125,0.22884440422058105,0.23009569942951202,0.5007502436637878,0.3176421523094177,0.1831081509590149,144,15,1,296,-4,16,16,0,0.2742857142857143,0.08255518972873688,0.0166951771825552,0.27423936128616333,0.00405677268281579,0.04030957818031311,0.0,0.07391926646232605,0.0,0.045032110065221786,0.04696709290146828,0.03021542727947235,0.04673323035240173,0.09242895245552063,0.000762362324167043,0.046808913350105286,0.043402738869190216,0.10055293887853622,0.03080378845334053,0.010766049847006798,0.01375097967684269,0.015750225633382797,0.0058397878892719746,1,-0.10704743773851733,-12,12,1,-362.11328125,-0.0737314224243164,0.21823303401470184,-0.16233107447624207,-5,-6,0,-2,-1,-2,0.032532467532467524
g11756.t1,g14800.t1,0.6418,19.1,1,134,1.8975037254834155,58,23,53,19460.09375,0.40138357877731323,0.25209930539131165,0.33398672938346863,0.2036444991827011,0.1303422451019287,108,9,0,106,2,13,8,5,0.3582089552238806,0.07680653035640717,0.05353568494319916,0.040455982089042664,0.0,0.04946776106953621,0.009020895697176456,0.10953167080879211,0.000994819332845509,0.054768018424510956,0.012530367821455002,0.0,0.14444735646247864,0.03319036588072777,0.02376524917781353,0.009940632618963718,0.1152421236038208,0.05140890181064606,0.15223559737205505,1,127,2.292602843967815,33,27,67,21489.46875,0.20176412165164948,0.2930266261100769,0.41333869099617004,0.3562260568141937,0.05711265653371811,87,11,1,20,11,17,8,9,0.3700787401574803,0.025983553379774094,0.008258000016212463,0.17489182949066162,0.049838028848171234,0.09187063574790955,0.0,0.062076278030872345,0.02320074290037155,0.028056666254997253,0.16834864020347595,0.0005971587379463017,0.04715205356478691,0.053728021681308746,0.00945916399359703,0.006606400478631258,0.18133418262004852,0.031129103153944016,0.0296859722584486,0.007783602923154831,0.0,0.016112633049488068,0.04654534161090851,7,-0.3950991184843997,25,-4,-14,-2029.375,0.19961945712566376,-0.04092732071876526,-0.07935196161270142,21,-2,-1,86,-9,-4,-0.011869784933599747
g12672.t1,g7345.t1,0.6402,16.0,1,91,1.3269169128144385,10,36,45,14148.2666015625,0.22108659148216248,0.19037865102291107,0.5671776533126831,0.3277606666088104,0.23941707611083984,68,2,0,67,1,11,10,1,0.3626373626373626,0.12196826189756393,0.11744880676269531,0.0,0.0,0.10564076900482178,0.0006754835485480726,0.0782836452126503,0.0,0.09894127398729324,0.021357061341404915,0.03716214373707771,0.0,0.01293659582734108,0.036441490054130554,0.0,,0.15460477769374847,0.17315584421157837,1,117,2.698786202910302,25,29,63,23782.546875,0.3884165585041046,0.1270798146724701,0.4688429832458496,0.3499964475631714,0.11884652078151703,72,4,0,19,7,17,7,10,0.4358974358974359,0.06156766787171364,0.14938944578170776,0.1966177076101303,0.06130985915660858,0.015660690143704414,0.014865709468722343,0.07580266147851944,0.004914576653391123,0.042914170771837234,0.03867698460817337,0.0009280293597839773,0.022566966712474823,0.024840380996465683,0.023464491590857506,0.009089799597859383,0.15337875485420227,0.05727884918451309,,0.026446111500263214,0.0202871635556221,0.04138381406664848,0.0,-26,-1.3718692900958636,-15,7,-18,-9634.2802734375,-0.16732996702194214,0.06329883635044098,0.0983346700668335,-4,-2,0,48,-6,-9,-0.07326007326007328
g16989.t1,g6668.t1,0.6386,23.9,1,289,2.336433972677034,56,68,165,29228.15625,0.4044550657272339,0.3293476402759552,0.25818613171577454,0.19319471716880798,0.06499139964580536,243,35,43,373,2,13,10,3,0.22491349480968859,0.03424452245235443,0.030746879056096077,0.13397961854934692,0.013399365358054638,0.06407041847705841,0.045533739030361176,0.05272914096713066,0.0,0.02158721350133419,0.008011169731616974,0.014762287959456444,0.01820833422243595,0.06304383277893066,0.12357031553983688,0.025848930701613426,0.030698273330926895,0.09307754039764404,0.10011718422174454,1,327,2.374824473727844,82,74,171,28388.140625,0.2873188555240631,0.3799009621143341,0.3242643475532532,0.21997466683387756,0.10428968816995621,277,27,46,399,-7,18,10,8,0.21406727828746178,0.07770320773124695,0.08421780914068222,0.202217698097229,0.0,0.008515722118318081,0.01721506379544735,0.06933415681123734,0.04440438747406006,0.027019567787647247,0.06708503514528275,0.04016103595495224,0.044934097677469254,0.10881005972623825,0.08905553072690964,0.0,0.01775696501135826,0.02658647485077381,0.0,0.01769181713461876,0.057291269302368164,0.031514935195446014,0.09485634416341782,-38,-0.03839050105080988,-26,-6,-6,840.015625,0.11713621020317078,-0.050553321838378906,-0.06607821583747864,-34,8,-3,-26,9,-5,0.01084621652222681
g8731.t1,g7290.t1,0.638,13.3,1,204,2.1209919773537687,98,32,74,23047.4296875,0.3188368082046509,0.3746495544910431,0.22069133818149567,0.1613880842924118,0.05930325388908386,174,12,50,214,-4,10,11,-1,0.27450980392156865,0.029152069240808487,0.030151188373565674,0.09003928303718567,0.019718466326594353,0.06927397102117538,0.006971070077270269,0.03191268444061279,0.0001399959292029962,0.1107187569141388,0.08582233637571335,0.002930339192971587,0.00246406439691782,0.040674541145563126,0.1092865988612175,0.01707950234413147,0.0,0.08676473051309586,0.07462335377931595,1,211,2.0371880272290372,114,23,74,22688.8828125,0.29736489057540894,0.3582034707069397,0.2971514165401459,0.22918403148651123,0.06796739995479584,196,8,1,329,-2,11,10,1,0.3033175355450237,0.05490458756685257,0.048457350581884384,0.1211620345711708,0.018768245354294777,0.047280143946409225,0.0,0.05066407844424248,0.01018712017685175,0.018761759623885155,0.16400404274463654,0.048587601631879807,0.04835594817996025,0.06333015859127045,0.06214176118373871,0.024886442348361015,0.10802197456359863,0.013062815181910992,0.0,0.07368522882461548,0.02373860403895378,0.08728010207414627,0.1049969419836998,-7,0.08380395012473141,-16,9,0,358.546875,0.021471917629241943,0.016446083784103394,-0.07646007835865021,-22,4,49,-115,-2,-2,-0.02880773162345507
g4252.t2,g218.t2,0.6366,44.1,1,263,3.589402715305266,18,46,199,44696.48828125,0.41882553696632385,0.4310472905635834,0.13318422436714172,0.0866132378578186,0.046570975333452225,108,2,10,234,-5,5,8,-3,0.4752851711026616,0.040855418890714645,0.005715558771044016,0.07354114949703217,0.0,0.04164271056652069,0.005369431804865599,0.17699652910232544,0.027644453570246696,0.014633888378739357,0.01694299653172493,0.008662550710141659,0.007290979381650686,0.30426669120788574,0.04348502680659294,0.007638753391802311,0.006859045010060072,0.049507200717926025,0.03710604086518288,1,188,2.323050771947041,3,51,134,27454.15625,0.5245386362075806,0.34305113554000854,0.1307961493730545,0.10483570396900177,0.025960436090826988,90,5,8,114,-1,5,4,1,0.39893617021276595,0.023433836176991463,0.18746031820774078,0.05490623414516449,0.022329727187752724,0.0016140587395057082,0.0,0.0643007755279541,0.036471862345933914,0.06722422689199448,0.024183351546525955,0.07331003993749619,0.1979285329580307,0.011157345026731491,0.056724321097135544,0.052383944392204285,0.04992946982383728,0.0025266008451581,,0.0741153210401535,0.0,0.05643319711089134,0.07540839165449142,75,1.266351943358225,15,-5,65,17242.33203125,-0.10571309924125671,0.08799615502357483,0.0023880749940872192,18,-3,2,120,-4,-4,0.07634900088989566
g1267.t1,g14978.t1,0.6364,37.4,1,194,2.151030033160574,75,16,103,22530.720703125,0.401657372713089,0.2219962477684021,0.36800071597099304,0.17958702147006989,0.18841369450092316,140,10,70,117,-4,9,11,-2,0.31443298969072164,0.07850725203752518,0.10990641266107559,0.1651647537946701,0.003480878658592701,0.08162522315979004,0.026625722646713257,0.06968236714601517,0.027209239080548286,0.0,0.008345697075128555,0.011863287538290024,0.0,0.015446715988218784,0.04228474199771881,0.027495650574564934,0.0,0.019246196374297142,0.1603408306837082,1,193,2.2719596597141485,75,22,96,25639.484375,0.32322606444358826,0.3405642807483673,0.29386478662490845,0.2108025699853897,0.08306224644184113,134,6,65,292,-4,11,10,1,0.3471502590673575,0.05758658051490784,0.13852520287036896,0.05180440843105316,0.04841220751404762,0.0423448346555233,0.0053189536556601524,0.049723099917173386,0.0357951782643795,0.0020134858787059784,0.07760371267795563,0.0950816199183464,0.07600098848342896,0.011356898583471775,0.03511016443371773,0.019757330417633057,0.15899814665317535,0.025475667789578438,0.0,0.02968456968665123,0.03940693289041519,0.134158194065094,0.018616847693920135,1,-0.12092962655357464,0,-6,7,-3108.763671875,0.07843130826950073,-0.11856803297996521,0.0741359293460846,6,4,5,-175,0,-3,-0.03271726937663588
g14422.t1,g14630.t2,0.6357,29.0,1,377,3.4141311346407037,93,68,216,45103.453125,0.2616634666919708,0.3145035207271576,0.4116315543651581,0.2699763774871826,0.14165516197681427,221,26,18,155,14,31,23,8,0.29973474801061006,0.09892790764570236,0.04272725060582161,0.03905896469950676,0.0,0.035344839096069336,0.018805289641022682,0.1117972582578659,0.016954166814684868,0.11671103537082672,0.012201462872326374,0.015881117433309555,0.010367360897362232,0.05213131755590439,0.08176255971193314,0.013089560903608799,0.004139111377298832,0.14651338756084442,0.12346299737691879,1,460,2.757002912609738,215,51,194,37481.67578125,0.1517471820116043,0.23001495003700256,0.5719735026359558,0.30934831500053406,0.26262518763542175,358,30,8,202,-10,38,34,4,0.21521739130434783,0.08237970620393753,0.020746074616909027,0.250820517539978,0.007831617258489132,0.046264294534921646,0.0,0.049201976507902145,0.01385494600981474,0.022463815286755562,0.06336553394794464,0.03577326238155365,0.04532681405544281,0.07169439643621445,0.0024103322066366673,0.025136321783065796,0.05852780491113663,0.18024548888206482,0.006220236420631409,0.01773681491613388,0.0,0.04095418378710747,0.019170168787240982,-83,0.6571282220309658,-122,17,22,7621.77734375,0.10991628468036652,0.08448857069015503,-0.16034194827079773,-137,-4,10,-47,24,4,0.08451735670626223
g7793.t2,g2174.t1,0.6355,11.5,1,143,1.8519244369640455,109,0,34,18054.861328125,0.5307351350784302,0.08196493983268738,0.3791269063949585,0.30635708570480347,0.07276981323957443,143,6,0,167,8,13,5,8,0.3076923076923077,0.03992239758372307,0.03284741938114166,0.10132737457752228,0.0,0.10249680280685425,0.008443527854979038,0.09785044193267822,0.11173205822706223,0.0,0.00817298423498869,0.025095956400036812,0.02785804122686386,0.006242553703486919,0.021327603608369827,0.00035741578903980553,0.01917414925992489,0.1026616021990776,0.20369552075862885,1,140,1.7802991084228044,111,0,29,16861.81640625,0.4492432773113251,0.26274633407592773,0.28801029920578003,0.2282116413116455,0.05979863926768303,142,3,3,174,6,7,5,2,0.3357142857142857,0.029061926528811455,0.05670946091413498,0.17207080125808716,0.024301733821630478,0.0,0.0019379759905859828,0.13587968051433563,0.003444340080022812,0.03386934474110603,0.026061031967401505,0.05303587019443512,0.04762865602970123,0.036832667887210846,0.06983304023742676,0.010907077230513096,0.05614083260297775,0.030736709013581276,0.03768911212682724,0.08005383610725403,0.09380578249692917,0.026777103543281555,0.06401704996824265,3,0.07162532854124115,-2,0,5,1193.044921875,0.0814918577671051,-0.18078139424324036,0.09111660718917847,1,3,-3,-7,2,6,-0.028021978021977978
g61.t1,g5214.t1,0.6354,21.9,1,415,3.109915750654057,3,183,229,40901.6328125,0.4978996813297272,0.3158808946609497,0.16330423951148987,0.1283370405435562,0.03496718779206276,340,24,0,559,-1,11,10,1,0.2819277108433735,0.01221032626926899,0.02275686338543892,0.13882912695407867,0.007019984070211649,0.0623537078499794,0.00711023947224021,0.06699153780937195,0.08876729011535645,0.051136478781700134,0.022915169596672058,0.02811666950583458,0.02312919870018959,0.09810543060302734,0.07522650808095932,0.023273074999451637,7.888551044743508e-05,0.017054781317710876,0.11128225922584534,1,374,2.310076672062733,7,166,201,31703.79296875,0.3445504605770111,0.34683263301849365,0.29406821727752686,0.21535345911979675,0.0787147656083107,270,30,6,429,-1,18,12,6,0.21122994652406418,0.02759675495326519,0.05413554236292839,0.06552860885858536,0.10419029742479324,0.014548666775226593,0.003773842239752412,0.06137974560260773,0.004294971004128456,0.04579026997089386,0.06601385027170181,0.105562224984169,0.03728489950299263,0.08530527353286743,0.0075310999527573586,0.0248113926500082,0.149824857711792,0.05111800879240036,0.03081752173602581,0.015894616022706032,0.044597577303647995,0.07720338553190231,0.06643909960985184,41,0.7998390785913241,-4,17,28,9197.83984375,0.15334922075271606,-0.030951738357543945,-0.130763977766037,70,-6,-6,130,0,-5,0.0706977643193093
g7341.t1,g9122.t1,0.6352,36.3,1,166,1.9913413172143175,95,10,61,22020.84765625,0.15257887542247772,0.17931847274303436,0.6681026220321655,0.46288248896598816,0.20522016286849976,142,23,0,96,-2,22,15,7,0.29518072289156627,0.15321172773838043,0.05200841650366783,0.01831529289484024,0.0,0.08891895413398743,0.022483352571725845,0.006926177069544792,0.0,0.03820338472723961,0.0,0.02830841764807701,0.0,0.04827036336064339,0.047134943306446075,0.009230907075107098,0.0028937016613781452,0.26253554224967957,0.2003469467163086,1,168,1.934486555538199,89,12,67,21977.640625,0.17978797852993011,0.26576435565948486,0.5402238368988037,0.3425973355770111,0.19762645661830902,146,17,0,138,-5,19,19,0,0.30357142857142855,0.06994074583053589,0.015855522826313972,0.14011727273464203,0.0,0.01422385685145855,0.0,0.1269601285457611,0.01812993548810482,0.010863970033824444,0.08678454905748367,0.005324878729879856,0.08387618511915207,0.06662759929895401,0.0,0.0005872416077181697,0.20248006284236908,0.12768572568893433,0.0,0.02552112191915512,0.005021217279136181,0.020332740619778633,0.0008791341097094119,-2,0.05685476167611858,6,-2,-6,43.20703125,-0.027209103107452393,-0.0864458829164505,0.12787878513336182,-4,6,0,-42,3,7,-0.008390705679862276
g13998.t1,g6668.t1,0.6349,23.9,1,294,2.2796196617718523,63,65,166,27718.962890625,0.4435085654258728,0.3652794659137726,0.18612392246723175,0.14525377750396729,0.040870148688554764,255,32,46,281,2,12,7,5,0.25170068027210885,0.013792740181088448,0.027077410370111465,0.0948597714304924,0.029979687184095383,0.06883374601602554,0.01763666421175003,0.04596520960330963,0.025026457384228706,0.058757100254297256,0.005088062025606632,0.029530547559261322,0.03775689750909805,0.054142650216817856,0.1417476087808609,0.05218192934989929,0.0034124504309147596,0.07802094519138336,0.06723282486200333,1,327,2.374824473727844,82,74,171,28388.140625,0.2873188555240631,0.3799009621143341,0.3242643475532532,0.21997466683387756,0.10428968816995621,277,27,46,399,-7,18,10,8,0.21406727828746178,0.07770320773124695,0.08421780914068222,0.202217698097229,0.0,0.008515722118318081,0.01721506379544735,0.06933415681123734,0.04440438747406006,0.027019567787647247,0.06708503514528275,0.04016103595495224,0.044934097677469254,0.10881005972623825,0.08905553072690964,0.0,0.01775696501135826,0.02658647485077381,0.0,0.01769181713461876,0.057291269302368164,0.05960329622030258,0.089354008436203,-33,-0.09520481195599162,-19,-9,-5,-669.177734375,0.1561897099018097,-0.014621496200561523,-0.13814042508602142,-22,5,0,-118,9,-3,0.03763340198464707
g4920.t3,g6497.t2,0.6346,17.2,1,306,2.604009486701002,189,12,105,27151.58203125,0.2725813686847687,0.2720043957233429,0.365825355052948,0.19576531648635864,0.17006005346775055,289,39,0,370,-3,18,16,2,0.238562091503268,0.10116522759199142,0.06889481842517853,0.023113135248422623,0.0,0.03250988945364952,0.004018700681626797,0.05768044292926788,0.06758397817611694,0.10202746093273163,0.08958885073661804,0.03566858917474747,0.030216941609978676,0.05269097909331322,0.07191739976406097,0.023242807015776634,0.005709104705601931,0.14537473022937775,0.0503905825316906,1,466,3.0740849448361636,317,25,124,32765.443359375,0.16153904795646667,0.22962141036987305,0.5502097606658936,0.372775673866272,0.177434042096138,458,52,0,199,3,34,27,7,0.1781115879828326,0.04333672672510147,0.0041359104216098785,0.26646798849105835,0.005807724315673113,0.05862976983189583,0.0,0.046828314661979675,0.017270879819989204,0.047757670283317566,0.03859661519527435,0.0590239018201828,0.012472529895603657,0.0854799747467041,0.02409246750175953,0.009847406297922134,0.10630772262811661,0.13409730792045593,0.0,0.023069560527801514,0.0167775209993124,0.03564074635505676,0.0025655936915427446,-160,-0.4700754581351614,-128,-13,-19,-5613.861328125,0.111042320728302,0.04238298535346985,-0.18438440561294556,-169,-13,0,171,-6,-5,0.06045050352043538
g1262.t2,g3050.t1,0.6341,34.9,1,196,2.360641479844127,73,24,99,23738.138671875,0.33821871876716614,0.3910635709762573,0.24629521369934082,0.15445788204669952,0.0918373316526413,134,13,66,175,-2,9,7,2,0.3520408163265306,0.03865787759423256,0.053179461508989334,0.16321679949760437,0.005184957757592201,0.048241470009088516,0.026269368827342987,0.06797939538955688,0.013184478506445885,0.061042532324790955,0.02442253939807415,0.005844665691256523,0.013540549203753471,0.11067242175340652,0.13133803009986877,0.01400001347064972,0.004695309791713953,0.043470773845911026,0.1109871119260788,1,195,2.2367025264120435,53,22,120,24068.921875,0.39109355211257935,0.3584754467010498,0.2504310607910156,0.18353597819805145,0.06689508259296417,124,9,55,327,-2,12,7,5,0.358974358974359,0.06689508259296417,0.047991495579481125,0.11760091036558151,0.009234475903213024,,0.01276043988764286,0.08767404407262802,0.010355898179113865,0.08054365962743759,0.07301414757966995,0.021716400980949402,0.09998113662004471,0.1405133455991745,0.06685344129800797,0.08595472574234009,0.06593506038188934,0.0,,0.012841720134019852,0.00013405445497483015,0.05186094716191292,0.012211328372359276,1,0.12393895343208339,20,2,-21,-330.783203125,-0.05287483334541321,0.03258812427520752,-0.004135847091674805,10,4,11,-152,0,-3,-0.006933542647828361
g11864.t1,g6476.t1,0.6339,25.7,1,796,3.315816917735335,86,252,458,52473.43359375,0.3330744504928589,0.34950879216194153,0.27879369258880615,0.16549831628799438,0.11329536139965057,631,99,33,550,-33,22,31,-9,0.17839195979899497,0.09291175752878189,0.020383605733513832,0.08436029404401779,0.003425121307373047,0.023945169523358345,0.02839084155857563,0.0755513533949852,0.04440337419509888,0.05475710704922676,0.03862307593226433,0.01595773734152317,0.006861058063805103,0.06766213476657867,0.12253033369779587,0.0442439466714859,0.02502734400331974,0.08065231889486313,0.08484598249197006,1,760,3.059179080321211,82,274,404,44001.1875,0.222819983959198,0.23270337283611298,0.4947333037853241,0.29176828265190125,0.20296506583690643,652,91,36,945,-28,32,40,-8,0.1631578947368421,0.13936464488506317,0.030138064175844193,0.17443187534809113,0.0393855944275856,0.049743279814720154,0.0,0.033007990568876266,0.015365113504230976,0.03111952729523182,0.017591997981071472,0.06370476633310318,0.049095358699560165,0.06499049067497253,0.01781885139644146,0.036077678203582764,0.11733635514974594,0.06360042840242386,0.0016132297459989786,0.03365904837846756,0.021955642849206924,0.04771587252616882,0.03775152564048767,36,0.25663783741412427,4,-22,54,8472.24609375,0.11025446653366089,0.11680541932582855,-0.21593961119651794,-21,8,-3,-395,-5,-1,0.015234065062152857
g13808.t2,g323.t1,0.6335,70.7,1,127,2.83547107835221,7,18,102,30048.953125,0.2720671594142914,0.3611237406730652,0.33504000306129456,0.23575089871883392,0.09928911924362183,58,5,15,19,7,13,6,7,0.5039370078740157,0.06424305588006973,0.0350460559129715,0.019395945593714714,0.0066430834122002125,0.05859929695725441,0.020018648356199265,0.03253502771258354,0.02028678171336651,0.01725699193775654,0.03176909685134888,0.02018185332417488,0.01329424511641264,0.03899829462170601,0.06984870135784149,0.0485096201300621,0.10919179022312164,0.20687906444072723,0.028871826827526093,1,111,2.6505214278302685,8,20,83,25206.37109375,0.2955676019191742,0.4294319152832031,0.2490967959165573,0.16946859657764435,0.07962819933891296,45,2,21,18,5,10,5,5,0.5135135135135135,0.03508269041776657,0.03364785388112068,0.16118092834949493,0.004352176561951637,0.025903712958097458,0.0003752605989575386,0.057184841483831406,0.04609152302145958,0.033767104148864746,0.05691193789243698,0.07335714995861053,0.017967017367482185,0.13137857615947723,0.03351401165127754,0.060162436217069626,0.008287681266665459,0.04454551264643669,0.039288394153118134,0.03365077078342438,0.10335042327642441,0.09916627407073975,0.05926438793540001,16,0.18494965052194168,-1,-2,19,4842.58203125,-0.023500442504882812,-0.06830817461013794,0.08594320714473724,13,3,-6,1,2,2,-0.009576505639497745
g8731.t1,g8224.t1,0.6335,11.9,1,204,2.1209919773537687,98,32,74,23047.4296875,0.3188368082046509,0.3746495544910431,0.22069133818149567,0.1613880842924118,0.05930325388908386,174,12,50,214,-4,10,11,-1,0.27450980392156865,0.029152069240808487,0.030151188373565674,0.09003928303718567,0.019718466326594353,0.06927397102117538,0.006971070077270269,0.03191268444061279,0.0001399959292029962,0.1107187569141388,0.08582233637571335,0.002930339192971587,0.00246406439691782,0.040674541145563126,0.1092865988612175,0.01707950234413147,0.0,0.08676473051309586,0.07462335377931595,1,220,2.132737699024657,125,23,72,23655.453125,0.38087618350982666,0.44471415877342224,0.15726502239704132,0.08131223171949387,0.07595276832580566,205,6,0,165,-2,8,8,0,0.3,0.06795549392700195,0.06328847259283066,0.07622768729925156,0.05461457371711731,0.017144590616226196,0.0,0.14036233723163605,0.009076444432139397,0.028859883546829224,0.17338620126247406,0.03549007326364517,0.038887571543455124,0.15769042074680328,0.030580615624785423,0.024687957018613815,0.005084540694952011,0.007997273467481136,0.0012275780318304896,0.03725476562976837,0.03018343448638916,0.08728010207414627,0.1049969419836998,-16,-0.011745721670888276,-27,9,2,-608.0234375,-0.06203937530517578,-0.07006460428237915,0.06342631578445435,-31,6,50,49,-2,-1,-0.025490196078431338
g17221.t1,g3229.t1,0.633,32.1,1,455,3.2982290641527943,274,21,160,43983.4765625,0.27174821496009827,0.25019291043281555,0.4010913670063019,0.3243076205253601,0.07678373157978058,332,12,8,594,20,30,15,15,0.25054945054945055,0.05405937507748604,0.022724363952875137,0.051644131541252136,0.004447626881301403,0.03270064294338226,0.006027955561876297,0.06205885484814644,0.017667604610323906,0.018263092264533043,0.07696749269962311,0.017167802900075912,0.02295970544219017,0.04392411559820175,0.06351125985383987,0.019353171810507774,0.0501522459089756,0.20177379250526428,0.12253382802009583,1,233,3.5352126813058242,61,20,152,45223.7109375,0.21524344384670258,0.2350992113351822,0.5314287543296814,0.3581831157207489,0.1732456535100937,131,8,6,22,16,34,20,14,0.45064377682403434,0.03940629959106445,0.026712585240602493,0.19436948001384735,0.0143324825912714,0.018228568136692047,0.007060986943542957,0.05322003737092018,6.971974653424695e-05,0.027247795835137367,0.0943167433142662,0.01997608132660389,0.06780673563480377,0.043981634080410004,0.03972667455673218,0.01997697539627552,0.16381359100341797,0.13383936882019043,,0.03402687609195709,0.0018873129738494754,0.06386663764715195,0.048196300864219666,222,-0.23698361715302996,213,1,8,-1240.234375,0.05650477111339569,0.015093699097633362,-0.13033738732337952,201,4,2,572,4,1,-0.2000943262745838
g19156.t1,g5611.t1,0.6326,13.3,1,381,2.062407351011316,109,136,136,24245.626953125,0.1352640837430954,0.20558859407901764,0.6202356219291687,0.3969697058200836,0.22326594591140747,374,49,0,518,-7,24,20,4,0.18635170603674542,0.12986132502555847,0.09340459108352661,0.005722330417484045,0.0,0.004888872150331736,0.016576619818806648,0.06574025750160217,0.0030607813969254494,0.06985730677843094,0.03891170024871826,0.025189829990267754,0.0,0.013041590340435505,0.05866719037294388,0.030395852401852608,0.01851775124669075,0.30571624636650085,0.09125346690416336,1,270,1.8526093098288494,52,102,116,21757.232421875,0.11914639919996262,0.32456427812576294,0.5542498230934143,0.3806386888027191,0.173611119389534,216,21,1,194,1,18,14,4,0.18888888888888888,0.03001173958182335,0.014812858775258064,0.29566577076911926,0.016312740743160248,0.002039504935964942,0.0,0.006902914959937334,0.0054092505015432835,0.04926140233874321,0.07687067985534668,0.1092524603009224,0.008446203544735909,0.10755603015422821,0.012287953868508339,0.018975336104631424,0.08497294783592224,0.14359936118125916,0.0,0.0005931905470788479,0.01702963188290596,0.028928134590387344,0.00026615490787662566,111,0.20979804118246648,57,34,20,2488.39453125,0.016117684543132782,-0.1189756840467453,0.0659857988357544,158,28,-1,324,-8,0,-0.002537182852143466
g215.t1,g2523.t1,0.6296,10.3,1,219,2.8489576263516634,81,73,65,27967.03125,0.2796042859554291,0.262187659740448,0.4582080543041229,0.26098212599754333,0.1972259134054184,202,21,1,69,-5,20,21,-1,0.3242009132420091,0.1498674601316452,0.0473584309220314,0.08809206634759903,0.0,0.03448997437953949,0.02115890383720398,0.03261278569698334,0.01565798558294773,0.051248110830783844,0.0,0.0013844356872141361,0.005191633477807045,0.034421149641275406,0.10712172091007233,0.0,0.01867038570344448,0.2121748924255371,0.04880722984671593,1,268,1.965691645687285,103,73,92,23740.81640625,0.2127961963415146,0.22546172142028809,0.5478532314300537,0.33566316962242126,0.21219006180763245,265,50,3,401,5,29,16,13,0.21641791044776118,0.04113702476024628,0.04390067234635353,0.25346556305885315,0.0,0.013888811692595482,0.0,0.0,0.002718142932280898,0.07695090025663376,0.13103948533535004,0.026404986158013344,0.02996688336133957,0.02745622955262661,0.0014608952915295959,0.00013590713206212968,0.08219759166240692,0.17105305194854736,0.04933838173747063,0.04100944474339485,0.007875991053879261,0.029567372053861618,0.10217541456222534,-49,0.8832659806643783,-22,0,-27,4226.21484375,0.06680808961391449,0.03672593832015991,-0.08964517712593079,-63,-29,-2,-332,-10,-14,0.10778300279424793
g14737.t1,g2951.t1,0.6278,27.1,1,192,3.28648511160365,33,55,104,25616.2734375,0.20080512762069702,0.27170953154563904,0.482647180557251,0.30162525177001953,0.18102189898490906,105,3,58,237,3,19,14,5,0.3229166666666667,0.10252181440591812,0.07850007712841034,0.01263836957514286,0.01406618021428585,0.07565587759017944,0.046122051775455475,0.0350160151720047,0.0030943616293370724,0.07321419566869736,0.044838182628154755,0.04298536479473114,0.006656552664935589,0.010645636357367039,0.08262870460748672,0.010557010769844055,0.031630437821149826,0.21154019236564636,0.09008505940437317,1,121,2.2592865872997843,11,38,72,18861.689453125,0.1650363653898239,0.3979305624961853,0.4358420670032501,0.3062235116958618,0.1296185404062271,70,7,43,144,5,15,8,7,0.38016528925619836,0.008525338023900986,0.02925185300409794,0.2573744058609009,0.011290188878774643,0.0011909380555152893,0.006519376300275326,0.06927527487277985,0.038312043994665146,0.0,0.16737867891788483,0.053513430058956146,0.03213600069284439,0.0644652247428894,0.0,0.02479640580713749,0.048849087208509445,0.12109320610761642,0.00016781038721092045,0.03025483712553978,0.03560582548379898,0.013402330689132214,0.014201541431248188,71,1.027198524303866,22,17,32,6754.583984375,0.03576876223087311,-0.12622103095054626,0.046805113554000854,35,-4,15,93,-2,-2,-0.05724862258953167
g6368.t1,g15767.t1,0.6262,37.8,1,154,2.1758994708884005,45,21,88,25188.38671875,0.2555209994316101,0.22065797448158264,0.5215201377868652,0.32114437222480774,0.2003757357597351,110,10,0,51,-3,16,14,2,0.38311688311688313,0.1590033322572708,0.0413723848760128,0.05731717497110367,,0.07034378498792648,0.0011499489191919565,0.07047276198863983,0.015755878761410713,0.039414312690496445,0.002300866646692157,0.000512386322952807,0.0007685794844292104,0.05873631685972214,0.010801482014358044,0.022160708904266357,0.02113473229110241,0.23577851057052612,0.085365891456604,1,128,1.9697071723369695,41,21,66,20566.501953125,0.2724308669567108,0.30129650235176086,0.4262726604938507,0.2803209125995636,0.14595171809196472,89,6,0,58,-2,11,12,-1,0.375,0.02774854190647602,0.05381106212735176,0.2803209125995636,0.005490924697369337,0.0,0.0,0.07525065541267395,0.007875877432525158,0.06864704191684723,0.0821443498134613,0.0374431312084198,0.04033647105097771,0.06983453035354614,0.018629800528287888,0.0,,0.11820317804813385,0.0,0.05060136690735817,0.06366217881441116,0.08942119777202606,0.01818971522152424,26,0.20619229855143106,4,0,22,4621.884765625,-0.016909867525100708,-0.08063852787017822,0.09524747729301453,21,4,0,-7,-1,3,0.008116883116883133
g9383.t2,g6276.t1,0.6249,32.4,1,196,2.3364244220676427,77,25,94,25070.458984375,0.3930000364780426,0.29029107093811035,0.3107519745826721,0.17819742858409882,0.1325545608997345,140,5,66,194,-4,10,13,-3,0.30612244897959184,0.021102916449308395,0.1114516481757164,0.04144112020730972,0.022107373923063278,0.04885967820882797,0.009006491862237453,0.020117739215493202,0.0235519427806139,0.03431864082813263,0.005956898909062147,0.06810957938432693,,0.04347562417387962,0.11663414537906647,0.042342010885477066,0.026802612468600273,0.10369668900966644,0.07450071722269058,1,185,2.340064983425554,74,30,81,25721.265625,0.35990819334983826,0.35340243577957153,0.22356049716472626,0.13870415091514587,0.084856316447258,143,16,65,183,-3,10,8,2,0.34594594594594597,0.0583784319460392,0.12711314857006073,0.04845452308654785,0.019067296758294106,0.06312892585992813,0.011180032975971699,0.05545943230390549,0.010911133140325546,0.004883687011897564,0.0573810338973999,0.10008884221315384,0.01952330954372883,0.11053519695997238,0.029102716594934464,0.09711803495883942,0.09024964272975922,0.026477893814444542,0.0,0.027163878083229065,0.043782882392406464,0.03794621676206589,0.1485780030488968,11,-0.0036405613579111318,3,-5,13,-650.806640625,0.033091843128204346,-0.06311136484146118,0.08719147741794586,-3,-11,1,11,-1,-5,-0.03982349696635412
g17828.t1,g9087.t1,0.6248,15.6,1,350,2.0061134840051293,149,57,144,22926.57421875,0.16255256533622742,0.2272518277168274,0.5911124348640442,0.43749895691871643,0.15361353754997253,343,69,18,265,2,32,20,12,0.1657142857142857,0.08843888342380524,0.0651746317744255,0.019414860755205154,0.0,0.05790165439248085,0.025430241599678993,0.06220117211341858,0.00014073390047997236,0.05220900475978851,0.01908307708799839,0.003364779520779848,0.003911109641194344,0.011233043856918812,0.10086952149868011,0.011821647174656391,0.023146413266658783,0.3301481604576111,0.10735081136226654,1,307,1.9635956228396958,141,49,117,21419.82421875,0.22860589623451233,0.26050353050231934,0.4939464032649994,0.2986147403717041,0.1953316330909729,301,42,1,267,-6,16,19,-3,0.20846905537459284,0.02267901599407196,0.04714099317789078,0.13973991572856903,0.02440265193581581,0.01694425567984581,0.0,0.048691876232624054,0.0069051082246005535,0.04624452814459801,0.06285644322633743,0.07080183923244476,0.04241640120744705,0.07708213478326797,0.051882755011320114,0.004067108500748873,0.15887483954429626,0.17265260219573975,0.0,0.006175979506224394,0.00044159829849377275,0.014363600872457027,0.003796606557443738,43,0.042517861165433546,8,8,27,1506.75,-0.06605333089828491,-0.03325170278549194,0.0971660315990448,42,27,17,-2,8,15,-0.04275476966030714
g9656.t1,g8565.t2,0.6243,38.2,1,440,4.674325594317976,96,127,217,61081.8125,0.22059102356433868,0.12357158213853836,0.6365187764167786,0.272239625453949,0.3642791211605072,368,66,3,410,-32,55,82,-27,0.36818181818181817,0.2783074378967285,0.08597169071435928,0.07560384273529053,0.005506960209459066,0.030824584886431694,0.004504270851612091,0.05445452779531479,0.008557382971048355,0.0037305550649762154,0.019318638369441032,0.010128836147487164,0.0025664502754807472,0.034431569278240204,0.03768898919224739,0.012888897210359573,0.011022725142538548,0.25628405809402466,0.015955589711666107,1,532,3.991407002168414,88,144,300,67276.4921875,0.21847541630268097,0.18659284710884094,0.5795081257820129,0.2817804515361786,0.29772767424583435,375,55,2,345,-31,48,69,-21,0.3157894736842105,0.07925895601511002,0.04999113082885742,0.20925314724445343,0.01586803048849106,0.015423604287207127,0.001262882025912404,0.019717024639248848,0.010368571616709232,0.058294229209423065,0.03637539595365524,0.01892482489347458,0.032336123287677765,0.06749165058135986,0.028503095731139183,0.008101873099803925,0.07252730429172516,0.21846869587898254,0.004987786989659071,0.03301222622394562,0.019833402708172798,0.02668651193380356,0.025566499680280685,-92,0.6829185921495617,8,-17,-83,-6194.6796875,0.002115607261657715,-0.06302126497030258,0.057010650634765625,-7,11,1,65,-1,-6,0.05239234449760766
g9054.t1,g4704.t1,0.622,14.9,1,291,2.047393218132021,98,70,123,25129.87109375,0.43365606665611267,0.3638971149921417,0.1758783757686615,0.1374237984418869,0.0384545736014843,253,23,12,237,0,11,4,7,0.23024054982817868,0.006191822700202465,0.03226274996995926,0.08268629014492035,0.010922995395958424,0.07389990985393524,0.008421370759606361,0.06051162630319595,0.054529763758182526,0.1094745397567749,0.026568494737148285,0.008853389881551266,0.0002567897317931056,0.03263823688030243,0.0964696928858757,0.07511099427938461,0.013299571350216866,0.06372653692960739,0.07369726151227951,1,403,2.338104800506671,212,64,127,29363.34375,0.32926782965660095,0.2901357412338257,0.37156593799591064,0.23122213780879974,0.1403437852859497,378,28,3,346,-2,25,21,4,0.19602977667493796,0.04769099876284599,0.05398000031709671,0.16886715590953827,0.010768581181764603,0.009030474349856377,0.0,0.07856370508670807,0.0070146615616977215,0.11281775683164597,0.03319099172949791,0.05476681515574455,0.02170397713780403,0.17345932126045227,0.039555203169584274,0.013041060417890549,0.06235498562455177,0.09265279024839401,0.015709156170487404,0.004832367412745953,0.0,0.09267071634531021,0.07780728489160538,-112,-0.2907115823746502,-114,6,-4,-4233.47265625,0.10438823699951172,0.07376137375831604,-0.19568756222724915,-125,-5,9,-109,2,3,0.034210773153240726
g15154.t1,g10189.t1,0.6218,12.8,1,443,2.5336073591686694,134,114,195,28850.81640625,0.18849119544029236,0.3011382222175598,0.4578763544559479,0.2023358941078186,0.2555404305458069,401,55,16,452,-13,21,29,-8,0.19413092550790068,0.1157074123620987,0.1398330181837082,0.05994858592748642,0.0,0.00964974332600832,0.010235325433313847,0.05272737890481949,0.0,0.08649289608001709,0.05249420180916786,0.027137786149978638,0.0045852563343942165,0.08938507735729218,0.037916116416454315,0.00787913054227829,0.026968808844685555,0.15483234822750092,0.04750355705618858,1,392,3.1850869828610637,139,100,153,40379.41015625,0.1483130007982254,0.24142341315746307,0.5892660617828369,0.3167693018913269,0.27249670028686523,355,38,10,231,-9,31,37,-6,0.2653061224489796,0.12653766572475433,0.021728644147515297,0.24727867543697357,0.014462937600910664,0.020997585728764534,0.0,0.0260285846889019,0.012049118988215923,0.022613318637013435,0.028160708025097847,0.02499375306069851,0.02190617099404335,0.13238614797592163,0.007031704299151897,0.049363523721694946,0.06949061900377274,0.1459590345621109,0.0,0.0070842839777469635,0.02192753180861473,0.05014000087976456,0.026563310995697975,51,-0.6514796236923943,-5,14,42,-11528.59375,0.040178194642066956,0.05971480906009674,-0.13138970732688904,46,17,6,221,-4,-2,-0.07117519694107893
g1828.t1,g11107.t1,0.6214,37.0,1,882,4.232109061278853,121,283,478,62990.43359375,0.2782291769981384,0.49066635966300964,0.22134461998939514,0.11877226084470749,0.10257233679294586,645,23,289,847,-26,22,24,-2,0.21201814058956917,0.0666036605834961,0.03596867620944977,0.022333139553666115,0.0013514847960323095,0.022770555689930916,0.03874712064862251,0.08525744825601578,0.05177690461277962,0.1533832550048828,0.009759772568941116,0.03198022022843361,5.0054994062520564e-05,0.08032842725515366,0.09592698514461517,0.04034705087542534,0.05321945250034332,0.062280625104904175,0.05649163946509361,1,881,4.056986954756819,109,274,498,65413.34375,0.36341920495033264,0.38803166151046753,0.24850092828273773,0.11201108247041702,0.13648982346057892,652,44,269,588,-45,27,35,-8,0.21906923950056753,0.08085693418979645,0.07629628479480743,0.039853692054748535,0.050160665065050125,4.8200956371147186e-05,0.007886824198067188,0.023034218698740005,0.03313124552369118,0.04871642217040062,0.05533856153488159,0.0667058601975441,0.08974853903055191,0.11411041766405106,0.046908553689718246,0.032763224095106125,0.07215739041566849,0.055632904171943665,0.00044392957352101803,0.08509588986635208,0.021110236644744873,0.06770966947078705,0.023713819682598114,1,0.17512210652203386,12,9,-20,-2422.91015625,-0.08519002795219421,0.10263469815254211,-0.02715630829334259,-7,-21,20,259,19,6,-0.007051098910998366
g6022.t1,g4403.t1,0.6211,45.9,1,129,2.3961749709967033,80,0,49,24521.66015625,0.22407130897045135,0.24584777653217316,0.5300808548927307,0.20936425030231476,0.32071658968925476,70,2,0,0,-7,16,21,-5,0.5271317829457365,0.24084164202213287,0.07987494766712189,0.04534050077199936,,0.0,0.10338427126407623,0.015921112149953842,0.01684216782450676,0.03367273136973381,,0.07441531866788864,,0.008947402238845825,0.04126942157745361,0.0017045331187546253,0.0,0.20007070899009705,0.009293558076024055,1,111,2.8744200400622555,45,0,66,24879.0859375,0.2612513303756714,0.209591343998909,0.529157280921936,0.21854722499847412,0.3106100559234619,65,5,0,5,-5,12,17,-5,0.6036036036036037,0.18056784570217133,0.04687904193997383,0.20595219731330872,0.00855948030948639,,,0.00012968909868504852,0.038580272346735,0.04809395596385002,0.018913041800260544,0.09294591844081879,0.017678704112768173,0.04147340729832649,0.023276032879948616,0.048630449920892715,0.012595058418810368,0.1300422102212906,,0.0856826901435852,0.0,0.05857396125793457,0.06984768062829971,18,-0.4782450690655522,35,0,-17,-357.42578125,-0.03718002140522003,0.03625643253326416,0.0009235739707946777,5,-3,0,-5,-2,0,-0.07647182065786717
g18506.t1,g1789.t1,0.6202,37.4,1,143,1.7844504936457461,85,12,46,17722.978515625,0.08173590898513794,0.17097201943397522,0.7472920417785645,0.41799861192703247,0.3292933702468872,144,22,0,62,-11,16,19,-3,0.26573426573426573,0.21705512702465057,0.11223826557397842,0.015110514126718044,,0.049773190170526505,0.04776538535952568,0.0,0.0043693059124052525,0.03657493367791176,0.0,0.0041083903051912785,0.0,0.04968783259391785,0.030175214633345604,0.008374502882361412,,0.4110300838947296,0.006968561094254255,1,147,1.9428953876546258,91,12,44,17969.48046875,0.18326999247074127,0.27007704973220825,0.47692474722862244,0.2457488477230072,0.23117589950561523,145,9,0,96,-11,13,15,-2,0.3197278911564626,0.05620206147432327,0.021367283537983894,0.19044215977191925,0.0,0.06972820311784744,0.0,0.11501024663448334,0.01797913759946823,0.04312177374958992,0.08951607346534729,0.033019863069057465,0.038179583847522736,0.06755155324935913,0.003411583136767149,0.0003591140266507864,0.05530667304992676,0.17497383058071136,0.0,0.0,0.023830832913517952,0.006768647115677595,0.0,-4,-0.15844489400887962,-6,0,2,-246.501953125,-0.10153408348560333,-0.09910503029823303,0.270367294549942,-1,13,0,-34,0,-1,-0.05399362542219688
g6827.t1,g13488.t1,0.6199,13.5,1,176,1.7498201592905276,52,51,73,20316.9375,0.15511298179626465,0.44832873344421387,0.3384191691875458,0.189107283949852,0.14931190013885498,139,9,1,294,-5,11,13,-2,0.3068181818181818,0.08661463111639023,0.06269726157188416,0.021001840010285378,0.014636454172432423,0.08609289675951004,0.025405090302228928,0.014567132107913494,0.0,0.21059846878051758,0.05813911557197571,0.004923130385577679,0.0,0.050460465252399445,0.13147804141044617,0.02268820069730282,0.0,0.12970435619354248,0.059402916580438614,1,182,1.563366156887903,59,57,66,16588.8359375,0.31983646750450134,0.22203166782855988,0.4581318199634552,0.2516516149044037,0.20648019015789032,185,33,1,144,-2,16,13,3,0.25274725274725274,0.0563395731151104,0.1112191453576088,0.09965208917856216,0.03573315590620041,0.0,0.0,0.021814337000250816,0.03222830966114998,0.050181273370981216,0.030672825872898102,0.06882372498512268,0.04746147617697716,0.042845334857702255,0.00038900214713066816,0.0,0.15199951827526093,0.150140643119812,0.0,0.10049957036972046,0.0,0.015750225633382797,0.0058397878892719746,-6,0.18645400240262466,-7,-6,7,3728.1015625,-0.1647234857082367,0.226297065615654,-0.11971265077590942,-46,-24,0,150,-3,-5,0.054070929070929086
g2271.t1,g1155.t2,0.6166,15.0,1,70,1.3746790054506806,0,31,39,14606.509765625,0.1947566419839859,0.1939614862203598,0.606047511100769,0.49379944801330566,0.11224808543920517,38,6,0,0,4,13,6,7,0.38571428571428573,0.09627431631088257,0.015973765403032303,0.022124342620372772,,0.11842741817235947,0.03852212429046631,0.018113620579242706,0.002379514742642641,0.11020271480083466,0.005234335083514452,0.008394117467105389,,0.0002158616844099015,0.0,0.025317635387182236,,0.12434215843677521,0.3694572448730469,1,143,2.2200217188994293,37,41,65,21044.427734375,0.22901380062103271,0.21222957968711853,0.5340672731399536,0.4409979283809662,0.0930694192647934,104,11,0,59,21,26,7,19,0.3706293706293706,0.02714632824063301,0.06361061334609985,0.22382871806621552,0.026311736553907394,0.02468925155699253,,0.0686722919344902,0.02754131890833378,0.039915334433317184,0.04931344836950302,0.06899348646402359,0.0,0.04191087186336517,0.0,0.0002996504190377891,0.21716918051242828,0.06592309474945068,0.0,0.030204178765416145,0.02447044663131237,0.04502078890800476,0.0,-73,-0.8453427134487488,-37,-10,-26,-6437.91796875,-0.034257158637046814,-0.018268093466758728,0.07198023796081543,-66,-5,0,-59,-17,-12,0.015084915084915107
g11756.t1,g14800.t2,0.6158,20.0,1,134,1.8975037254834155,58,23,53,19460.09375,0.40138357877731323,0.25209930539131165,0.33398672938346863,0.2036444991827011,0.1303422451019287,108,9,0,106,2,13,8,5,0.3582089552238806,0.07680653035640717,0.05353568494319916,0.040455982089042664,0.0,0.04946776106953621,0.009020895697176456,0.10953167080879211,0.000994819332845509,0.054768018424510956,0.012530367821455002,0.0,0.14444735646247864,0.03319036588072777,0.02376524917781353,0.009940632618963718,0.1152421236038208,0.05140890181064606,0.15223559737205505,1,177,2.804702693308262,39,25,113,31143.390625,0.2927357256412506,0.3403971493244171,0.31762707233428955,0.24522250890731812,0.07240456342697144,102,11,2,40,9,19,12,7,0.4180790960451977,0.03514082357287407,0.0560842901468277,0.1219085156917572,0.07266747206449509,0.04924004152417183,0.013010935857892036,0.07441740483045578,0.022053778171539307,0.03437018766999245,0.10805118083953857,0.058453068137168884,0.04829484224319458,0.07657123357057571,0.0015540438471361995,0.0,0.12331399321556091,0.03726375102996826,0.04532844200730324,0.008313891477882862,0.013962125405669212,0.016112633049488068,0.04654534161090851,-43,-0.9071989678248467,19,-2,-60,-11683.296875,0.10864785313606262,-0.08829784393310547,0.016359657049179077,6,-2,-2,66,-7,-2,-0.05987014082131714
g12109.t1,g3711.t1,0.6146,13.6,1,109,2.721759771145236,29,25,55,27430.169921875,0.2697376608848572,0.1524025797843933,0.5504588484764099,0.49540975689888,0.0550491027534008,58,6,0,27,17,23,9,14,0.5137614678899083,0.054589323699474335,0.0004597836232278496,0.12316965311765671,0.0,0.026679717004299164,0.028251832351088524,0.07569588720798492,0.007998679764568806,0.03804691508412361,0.02740090899169445,0.01662803441286087,0.00882438663393259,0.019886378198862076,0.0340069904923439,0.01003552507609129,0.032210465520620346,0.2139180302619934,0.2814917266368866,1,139,1.6313115941416751,37,39,63,17608.064453125,0.254113107919693,0.13307669758796692,0.6128101348876953,0.5396974086761475,0.07311277836561203,99,11,0,170,24,23,5,18,0.28776978417266186,0.006267270538955927,0.0,0.2808675765991211,0.0,0.0,,0.07848724722862244,0.005485435947775841,0.0,0.013122320175170898,0.0,0.051441021263599396,0.06139962375164032,0.024371255189180374,0.04071874916553497,0.258829802274704,0.06684550642967224,0.0005497275851666927,0.10998614132404327,0.001628294587135315,0.0,0.0007057658513076603,-30,1.090448177003561,-8,-14,-8,9822.10546875,0.015624552965164185,0.01932588219642639,-0.0623512864112854,-41,-5,0,-143,-7,-4,0.22599168371724643
g17107.t1,g11107.t1,0.6112,40.4,1,914,4.267107029978564,128,261,525,70050.703125,0.26474639773368835,0.4738943576812744,0.24678868055343628,0.1456560641527176,0.10113263130187988,691,48,270,728,-23,25,24,1,0.22428884026258206,0.0586734414100647,0.04245918244123459,0.026295097544789314,0.0028487429954111576,0.031493525952100754,0.027247725054621696,0.06143150106072426,0.045803602784872055,0.0988558754324913,0.014570559374988079,0.02516535483300686,0.0011473034974187613,0.1328170746564865,0.10780811309814453,0.05650593340396881,0.04905958101153374,0.07192026823759079,0.0737357959151268,1,881,4.056986954756819,109,274,498,65413.34375,0.36341920495033264,0.38803166151046753,0.24850092828273773,0.11201108247041702,0.13648982346057892,652,44,269,588,-45,27,35,-8,0.21906923950056753,0.08085693418979645,0.07629628479480743,0.039853692054748535,0.050160665065050125,4.8200956371147186e-05,0.007886824198067188,0.023034218698740005,0.03313124552369118,0.04871642217040062,0.05533856153488159,0.0667058601975441,0.08974853903055191,0.11411041766405106,0.046908553689718246,0.032763224095106125,0.07215739041566849,0.055632904171943665,0.00044392957352101803,0.08509588986635208,0.021110236644744873,0.05525727570056915,0.01690407656133175,33,0.21012007522174514,19,-13,27,4637.359375,-0.09867280721664429,0.08586269617080688,-0.0017122477293014526,39,4,1,140,22,9,0.005219600762014526
g1834.t1,g1663.t1,0.611,18.1,1,243,2.863646199693217,119,17,107,34081.64453125,0.2043493390083313,0.19488437473773956,0.5843285322189331,0.5034289360046387,0.08089958876371384,171,14,6,50,32,40,11,29,0.3168724279835391,0.06507990509271622,0.015819676220417023,0.004544212017208338,0.0,0.057474903762340546,0.001607608050107956,0.07004983723163605,0.007384344004094601,0.0853864997625351,0.016437815502285957,0.005671632010489702,0.0011342527577653527,0.045636750757694244,0.031102029606699944,0.057143453508615494,0.00935889407992363,0.37455418705940247,0.128874734044075,1,260,3.493281114139538,71,19,170,47221.859375,0.19663724303245544,0.27004435658454895,0.5299097895622253,0.38382309675216675,0.1460866928100586,136,11,0,42,13,33,19,14,0.4230769230769231,0.027669107541441917,0.026579352095723152,0.25914445519447327,0.01817508414387703,0.0034085807856172323,0.0,0.044445887207984924,0.004431719426065683,0.054730240255594254,0.1055298000574112,0.05046644061803818,0.06367672234773636,0.03470012545585632,0.017013518139719963,0.007925976999104023,0.1246786043047905,0.11841758340597153,0.0,0.027767185121774673,0.011239534243941307,0.021792588755488396,0.0009467109339311719,-17,-0.6296349144463207,48,-2,-63,-13140.21484375,0.0077120959758758545,-0.07515998184680939,0.054418742656707764,35,3,6,8,19,15,-0.10620449509338398
g13808.t1,g323.t1,0.6109,75.7,1,111,2.720001151678982,11,18,82,24700.71875,0.2308397889137268,0.36932146549224854,0.3556426167488098,0.2559201121330261,0.09972251206636429,53,1,21,20,6,11,5,6,0.5315315315315315,0.07737823575735092,0.022344276309013367,0.011969906277954578,0.003574131056666374,0.033748846501111984,0.03824874386191368,0.03392691910266876,0.027300752699375153,0.025596844032406807,0.04419614002108574,0.019210489466786385,0.02026084065437317,0.051301468163728714,0.07043914496898651,0.04525858908891678,0.10488703846931458,0.2510507106781006,0.004869377240538597,1,111,2.6505214278302685,8,20,83,25206.37109375,0.2955676019191742,0.4294319152832031,0.2490967959165573,0.16946859657764435,0.07962819933891296,45,2,21,18,5,10,5,5,0.5135135135135135,0.03508269041776657,0.03364785388112068,0.16118092834949493,0.004352176561951637,0.025903712958097458,0.0003752605989575386,0.057184841483831406,0.04609152302145958,0.033767104148864746,0.05691193789243698,0.07335714995861053,0.017967017367482185,0.13137857615947723,0.03351401165127754,0.060162436217069626,0.008287681266665459,0.04454551264643669,0.039288394153118134,0.03365077078342438,0.10335042327642441,0.07527415454387665,0.03916344791650772,0,0.0694797238487137,3,-2,-1,-505.65234375,-0.06472781300544739,-0.06011044979095459,0.1065458208322525,8,-1,0,2,1,1,0.018018018018018056
g16684.t2,g3659.t1,0.61,34.8,1,590,4.090335920518937,186,145,259,64842.49609375,0.19972115755081177,0.2035898119211197,0.5818460583686829,0.34712544083595276,0.2347206175327301,471,59,11,468,-10,59,52,7,0.2745762711864407,0.1457674503326416,0.0889531597495079,0.013037053868174553,0.0012598911998793483,0.061342503875494,0.0018399761756882071,0.06291951984167099,0.00900651328265667,0.07576772570610046,0.014842919073998928,0.015327959321439266,0.004279338289052248,0.04229355975985527,0.060120537877082825,0.017764229327440262,0.005760630592703819,0.2738991379737854,0.07322631776332855,1,415,3.9051976828750563,75,126,214,51519.6796875,0.29546958208084106,0.10377699881792068,0.5788131952285767,0.25474709272384644,0.3240661323070526,343,57,3,404,-25,41,59,-18,0.3036144578313253,0.0810360535979271,0.052743345499038696,0.21111930906772614,0.0219693835824728,0.021940259262919426,0.005454790312796831,0.0333598330616951,0.008939823135733604,0.052961207926273346,0.018182123079895973,0.014267047867178917,0.01620194874703884,0.030080711469054222,0.02599039301276207,0.04991407319903374,0.0436277762055397,0.24303007125854492,0.01567455194890499,0.04285677522420883,0.010650557465851307,0.01654750481247902,0.01604403741657734,175,0.18513823764388082,111,19,45,13322.81640625,-0.0957484245300293,0.099812813103199,0.003032863140106201,128,2,8,64,15,25,-0.02903818664488461
g3978.t1,g9108.t1,0.6099,82.3,1,173,3.7284815093430272,27,42,104,28789.15234375,0.16279107332229614,0.2874334454536438,0.5475403666496277,0.4161463975906372,0.13139395415782928,108,16,6,40,23,33,13,20,0.4277456647398844,0.07307568937540054,0.058318257331848145,0.024849653244018555,0.007228315342217684,0.0034757591784000397,0.07275652140378952,0.03113642893731594,0.007172803860157728,0.09479855000972748,0.0022351073566824198,0.04625784233212471,,0.06954866647720337,0.030062709003686905,0.0360012948513031,0.0027507739141583443,0.3204761743545532,0.09567023068666458,1,162,4.013337375337261,21,45,96,29462.650390625,0.09484216570854187,0.19831593334674835,0.6996598839759827,0.3791850805282593,0.320474773645401,105,11,6,28,15,29,16,13,0.4567901234567901,0.05604695901274681,0.024391116574406624,0.2961392402648926,0.011279849335551262,0.007182047236710787,0.006635014899075031,0.004497034940868616,0.04132792353630066,0.00711835129186511,0.038230493664741516,0.03408001735806465,0.055850304663181305,0.02175414003431797,0.01598391868174076,0.005694680847227573,0.08304586261510849,0.2644277811050415,,0.025877203792333603,0.00043805240420624614,0.010287909768521786,0.013897309079766273,11,-0.2848558659942335,6,-3,8,-673.498046875,0.06794890761375427,0.08911751210689545,-0.15211951732635498,3,5,0,12,8,7,-0.029044458716905697
g8119.t1,g5033.t1,0.6061,15.6,1,454,2.6985369540459976,34,192,228,38544.95703125,0.3537863790988922,0.5526947379112244,0.09343673288822174,0.06815601885318756,0.025280717760324478,396,19,0,587,-2,8,5,3,0.2687224669603524,0.021354306489229202,0.003926409874111414,0.04444929212331772,0.0,0.03248172998428345,0.006724793463945389,0.11800386011600494,0.04993181675672531,0.028499169275164604,8.211677049985155e-05,0.014730813913047314,0.005153413396328688,0.2217242270708084,0.06270694732666016,0.02653564140200615,0.01330507081001997,0.04524859040975571,0.022907420992851257,1,423,2.7261639345553945,14,155,254,40775.328125,0.4205580949783325,0.4320354461669922,0.13377249240875244,0.025818170979619026,0.10795431584119797,297,27,7,364,-19,8,16,-8,0.28368794326241137,0.028921907767653465,0.13956581056118011,0.007565746549516916,0.01984535902738571,0.013634043745696545,0.005369453225284815,0.048637572675943375,0.013557524420320988,0.08939280360937119,0.15907727181911469,0.08265271037817001,0.07463190704584122,0.0942685529589653,0.05269688367843628,0.045341409742832184,0.018252423033118248,0.07903240621089935,0.0012570576509460807,0.02382120117545128,0.002478034468367696,0.2197345793247223,0.062499821186065674,31,-0.027626980509396937,20,37,-26,-2230.37109375,-0.06677171587944031,0.12065929174423218,-0.0403357595205307,99,-8,-7,223,17,11,-0.014965476302058967
g16684.t1,g3659.t1,0.606,34.9,1,575,4.080729058303957,154,145,276,68731.2578125,0.2497273087501526,0.20671933889389038,0.5382852554321289,0.3194403648376465,0.218844935297966,446,58,5,440,-12,63,55,8,0.30782608695652175,0.13533951342105865,0.08350542932748795,0.027133850380778313,0.008653063327074051,0.06031638756394386,0.00224476819857955,0.06487561762332916,0.018871638923883438,0.08118602633476257,0.0052681127563118935,0.013012931682169437,0.004892556928098202,0.022548621520400047,0.05891791731119156,0.025861000642180443,0.006737368181347847,0.25339263677597046,0.06604774296283722,1,415,3.9051976828750563,75,126,214,51519.6796875,0.29546958208084106,0.10377699881792068,0.5788131952285767,0.25474709272384644,0.3240661323070526,343,57,3,404,-25,41,59,-18,0.3036144578313253,0.0810360535979271,0.052743345499038696,0.21111930906772614,0.0219693835824728,0.021940259262919426,0.005454790312796831,0.0333598330616951,0.008939823135733604,0.052961207926273346,0.018182123079895973,0.014267047867178917,0.01620194874703884,0.030080711469054222,0.02599039301276207,0.04991407319903374,0.0436277762055397,0.24303007125854492,0.01567455194890499,0.04285677522420883,0.010650557465851307,0.026431571692228317,0.034763310104608536,160,0.17553137542890074,79,19,62,17211.578125,-0.04574227333068848,0.1029423400759697,-0.040527939796447754,103,1,2,36,13,26,0.004211629125196459
g4920.t3,g6497.t1,0.6053,16.3,1,306,2.604009486701002,189,12,105,27151.58203125,0.2725813686847687,0.2720043957233429,0.365825355052948,0.19576531648635864,0.17006005346775055,289,39,0,370,-3,18,16,2,0.238562091503268,0.10116522759199142,0.06889481842517853,0.023113135248422623,0.0,0.03250988945364952,0.004018700681626797,0.05768044292926788,0.06758397817611694,0.10202746093273163,0.08958885073661804,0.03566858917474747,0.030216941609978676,0.05269097909331322,0.07191739976406097,0.023242807015776634,0.005709104705601931,0.14537473022937775,0.0503905825316906,1,564,3.2712016084044606,342,23,199,41828.2265625,0.18747997283935547,0.22908303141593933,0.5352510809898376,0.4193500280380249,0.11590104550123215,527,63,0,217,9,40,23,17,0.19326241134751773,0.03000275231897831,0.023498954251408577,0.2335439771413803,0.0013884842628613114,0.04818594083189964,0.0,0.017038619145751,0.009808645583689213,0.05854599177837372,0.03582111746072769,0.06819741427898407,0.03636445105075836,0.07028234750032425,0.04054821655154228,0.01388484239578247,0.1858060508966446,0.08589828759431839,0.0,0.032574862241744995,0.008609077893197536,0.03564074635505676,0.0025655936915427446,-258,-0.6671921217034584,-153,-11,-94,-14676.64453125,0.08510139584541321,0.042921364307403564,-0.16942572593688965,-238,-24,0,153,-12,-15,0.045299680155750255
g1267.t1,g6276.t1,0.6052,36.4,1,194,2.151030033160574,75,16,103,22530.720703125,0.401657372713089,0.2219962477684021,0.36800071597099304,0.17958702147006989,0.18841369450092316,140,10,70,117,-4,9,11,-2,0.31443298969072164,0.07850725203752518,0.10990641266107559,0.1651647537946701,0.003480878658592701,0.08162522315979004,0.026625722646713257,0.06968236714601517,0.027209239080548286,0.0,0.008345697075128555,0.011863287538290024,0.0,0.015446715988218784,0.04228474199771881,0.027495650574564934,0.0,0.019246196374297142,0.1603408306837082,1,185,2.340064983425554,74,30,81,25721.265625,0.35990819334983826,0.35340243577957153,0.22356049716472626,0.13870415091514587,0.084856316447258,143,16,65,183,-3,10,8,2,0.34594594594594597,0.0583784319460392,0.12711314857006073,0.04845452308654785,0.019067296758294106,0.06312892585992813,0.011180032975971699,0.05545943230390549,0.010911133140325546,0.004883687011897564,0.0573810338973999,0.10008884221315384,0.01952330954372883,0.11053519695997238,0.029102716594934464,0.09711803495883942,0.09024964272975922,0.026477893814444542,0.0,0.027163878083229065,0.043782882392406464,0.134158194065094,0.018616847693920135,9,-0.18903495026497996,1,-14,22,-3190.544921875,0.04174917936325073,-0.13140618801116943,0.14444021880626678,-3,-6,5,-66,-1,-4,-0.03151295625522432
g15457.t1,g2271.t1,0.6016,15.5,1,113,1.4592481058269784,12,59,42,15725.140625,0.2946751117706299,0.23829509317874908,0.45361554622650146,0.31156373023986816,0.1420518457889557,84,12,10,55,6,13,8,5,0.2831858407079646,0.12721438705921173,0.014837447553873062,0.0,0.0012030362850055099,0.09496618062257767,0.013720009475946426,0.030572406947612762,0.04558761417865753,0.12827986478805542,0.013414262793958187,0.011476267129182816,0.05836592987179756,0.0065658860839903355,0.025867611169815063,0.017183994874358177,0.015948213636875153,0.1142096146941185,0.19735410809516907,1,134,1.4670803882486958,23,42,69,16063.2294921875,0.14743320643901825,0.2671402394771576,0.5255678296089172,0.3672056496143341,0.15836215019226074,111,14,20,124,1,14,12,2,0.27611940298507465,0.05437120050191879,0.0,0.3577398955821991,0.0,0.059858717024326324,0.0,0.08347290754318237,0.06498779356479645,0.053314436227083206,0.028330497443675995,0.003204686800017953,0.09529529511928558,0.07532194256782532,0.003213845659047365,0.0,0.00946582481265068,0.10399094969034195,0.0,0.007432018406689167,0.0,0.046710483729839325,0.03652273863554001,-21,-0.007832282421717407,-11,17,-27,-338.0888671875,0.14724190533161163,-0.02884514629840851,-0.07195228338241577,-27,-2,-10,-69,5,3,0.007066437722889951
g18534.t1,g10514.t1,0.6013,59.8,1,157,4.29369656601098,60,14,83,34748.80859375,0.18868927657604218,0.16798490285873413,0.6233195662498474,0.5434595346450806,0.07986006140708923,97,9,1,174,33,41,10,31,0.5222929936305732,0.04579683020710945,0.03406323492527008,0.008445427753031254,0.0,0.05341298505663872,0.014417103491723537,0.033408187329769135,0.014573754742741585,0.08053715527057648,0.020006166771054268,0.02911970019340515,0.0003714137419592589,0.03722912073135376,0.00218610349111259,0.04852212592959404,0.009854583069682121,0.33121323585510254,0.21224626898765564,1,154,4.302220519809303,58,14,82,34082.8125,0.1914556622505188,0.18409451842308044,0.6118704676628113,0.5451553463935852,0.06671509146690369,91,9,0,175,35,42,9,33,0.5194805194805194,0.007979859597980976,0.007478759624063969,0.34440964460372925,0.013126455247402191,0.01257927343249321,0.0,0.053043533116579056,0.039270561188459396,0.020497597754001617,0.039801158010959625,0.005854001268744469,0.05350586026906967,0.042511142790317535,0.020850369706749916,0.002556031569838524,0.20074574649333954,0.05873522907495499,0.0008520105620846152,0.07305090129375458,0.00315179955214262,0.023760847747325897,0.0008356809266842902,3,-0.00852395379832327,2,0,1,665.99609375,-0.0027663856744766235,-0.016109615564346313,0.011449098587036133,6,0,1,-1,-2,-2,0.002812474150053812
g10054.t1,g9974.t1,0.6001,17.7,1,180,2.3793951291404336,60,39,81,24416.072265625,0.2286033034324646,0.22613604366779327,0.5452607274055481,0.37328383326530457,0.17197680473327637,166,32,0,19,4,22,15,7,0.3611111111111111,0.12365899235010147,0.04831783100962639,0.05428589507937431,,0.0200312752276659,0.0,0.10050169378519058,0.008061056025326252,0.09249933809041977,,0.008853945881128311,0.0,0.04346053674817085,0.04543110355734825,0.023786721751093864,0.03545287996530533,0.3251214623451233,0.04816235974431038,1,296,4.185750665582658,129,48,119,42294.8671875,0.4130253195762634,0.3672778010368347,0.19979096949100494,0.10269679874181747,0.09709417074918747,236,18,8,297,-2,11,12,-1,0.38175675675675674,0.054217059165239334,0.11054008454084396,0.05755459889769554,0.037139564752578735,0.019905928522348404,0.014639593660831451,0.05086121708154678,0.012554054148495197,0.04722161963582039,0.06977808475494385,0.05045308917760849,0.05365659296512604,0.0959329605102539,0.0287062618881464,0.07803806662559509,0.045142196118831635,0.042877115309238434,0.04185687005519867,0.018661649897694588,0.07026340812444687,0.00929215643554926,0.013082697056233883,-116,-1.8063555364422244,-69,-9,-38,-17878.794921875,-0.18442201614379883,-0.14114175736904144,0.34546975791454315,-70,14,-8,-278,6,8,-0.02064564564564564
g15267.t1,g14937.t1,0.5991,24.7,1,79,1.2203159749441836,56,0,23,12230.4736328125,0.403094619512558,0.2867233455181122,0.30679264664649963,0.17142488062381744,0.1353677660226822,72,11,23,20,0,7,4,3,0.3924050632911392,0.05622392147779465,0.07914384454488754,0.09798772633075714,0.09805631637573242,0.06378491967916489,0.03572724759578705,0.003957180771976709,0.02110496163368225,0.07453762739896774,0.0033894216176122427,0.017986508086323738,0.06615160405635834,0.008969609625637531,,0.0,0.04803537204861641,0.13646121323108673,0.034963659942150116,1,121,2.1912960841180076,91,0,30,20347.32421875,0.3510798513889313,0.30274274945259094,0.3114619255065918,0.2650751769542694,0.04638674855232239,101,3,113,211,5,10,4,6,0.371900826446281,0.0074379961006343365,0.01997303031384945,0.20948542654514313,0.02283458225429058,0.03471553325653076,0.08355504274368286,0.09142639487981796,0.04303888604044914,0.026006052270531654,0.023459263145923615,0.0308702252805233,0.06293049454689026,0.020601818338036537,0.0781380906701088,0.001110014389269054,0.05558972433209419,0.038948751986026764,0.09069976955652237,0.020891932770609856,0.038287024945020676,0.021397193893790245,0.1321217119693756,-42,-0.9709801091738239,-35,0,-7,-8116.8505859375,0.05201476812362671,-0.01601940393447876,-0.004669278860092163,-29,8,-90,-191,-5,-3,0.020504236844858248
g14262.t1,g11430.t1,0.5988,23.0,1,224,2.5894799992532493,138,0,86,27102.359375,0.4332972764968872,0.2935769259929657,0.2655179500579834,0.1845584213733673,0.0809595137834549,173,14,42,121,-1,13,12,1,0.3169642857142857,0.06222667545080185,0.018732843920588493,0.11664766073226929,0.00012057177809765562,0.04468464106321335,0.0,0.08545646071434021,0.038810428231954575,0.11438049376010895,0.007607904728502035,0.007023971993476152,0.0,0.02758168801665306,0.10561583936214447,0.004047713242471218,0.0033737500198185444,0.15999341011047363,0.024565011262893677,1,110,2.2130702590010722,81,0,29,18942.708984375,0.3461235463619232,0.24598880112171173,0.40788763761520386,0.3122568726539612,0.09563077241182327,96,3,15,14,1,10,8,2,0.4727272727272727,0.04633870720863342,0.05195120349526405,0.24774156510829926,0.0,,0.0012075599515810609,0.06858912110328674,0.012894202023744583,0.014818869531154633,0.02156146615743637,0.11922480165958405,0.0558638833463192,0.02771953120827675,0.034232813864946365,0.13933144509792328,0.06451529264450073,0.04929206520318985,,0.03720010444521904,0.007517366670072079,0.04250454530119896,0.13662640750408173,114,0.3764097402521771,57,0,57,8159.650390625,0.08717373013496399,0.04758812487125397,-0.14236968755722046,77,11,27,107,-2,-1,-0.15576298701298702
g11355.t1,g4885.t1,0.5963,10.5,1,220,1.9654968528649903,71,52,97,21077.068359375,0.1808115839958191,0.2630024552345276,0.5548344254493713,0.38975587487220764,0.1650785505771637,198,26,3,112,3,21,14,7,0.24545454545454545,0.05357879400253296,0.11149974912405014,0.0024493320379406214,0.0071318200789391994,0.07759951055049896,0.004129758104681969,0.08545439690351486,0.0,0.06190674751996994,0.0013515488244593143,0.013777492567896843,0.0,0.05743618682026863,0.06796625256538391,0.001530832494609058,0.041010912507772446,0.3454539477825165,0.04430197551846504,1,216,2.8146315051351887,97,33,86,24734.21875,0.2091880589723587,0.32605618238449097,0.4606330394744873,0.28341567516326904,0.17721734941005707,195,22,1,243,-1,20,16,4,0.3148148148148148,0.04665018245577812,0.019958646968007088,0.2416260987520218,0.0001304486795561388,0.0041227699257433414,0.0,0.039294641464948654,0.01558800507336855,0.04226496443152428,0.11475857347249985,0.04291003569960594,0.013352940790355206,0.11416459083557129,0.026869455352425575,0.014088457450270653,0.04178958386182785,0.13056716322898865,0.015842320397496223,0.0507391132414341,0.02528202347457409,0.023420779034495354,0.0,4,-0.8491346522701984,-26,19,11,-3657.150390625,-0.028376474976539612,-0.06305372714996338,0.09420138597488403,3,4,2,-131,4,3,-0.06936026936026937
g7782.t1,g9914.t1,0.5957,16.6,1,142,2.2874228933075225,24,32,86,25373.328125,0.2839159667491913,0.22556370496749878,0.4905204772949219,0.2854354977607727,0.2050849348306656,90,7,3,57,1,16,16,0,0.45774647887323944,0.11110921204090118,0.09397570788860321,0.056307073682546616,0.0,0.07208234816789627,0.027098998427391052,0.01999896764755249,0.052113596349954605,0.02251088246703148,0.0,0.03721655160188675,0.016276851296424866,0.058277107775211334,0.06243070587515831,0.013135070912539959,0.0032337575685232878,0.2134031504392624,0.07203236222267151,1,201,2.7669663831535916,53,35,113,32803.359375,0.22182194888591766,0.17992021143436432,0.5714313983917236,0.32716888189315796,0.2442624866962433,113,8,6,91,-5,25,27,-2,0.38308457711442784,0.09025714546442032,0.006098334677517414,0.2980300784111023,0.014651190489530563,0.02682647667825222,0.0,0.060133010149002075,0.01244883518666029,0.07792311906814575,0.054648302495479584,0.019045082852244377,0.008754060603678226,0.06963326036930084,0.02624872699379921,0.02143712341785431,0.02913879230618477,0.15400534868240356,0.0010819626040756702,0.014248470775783062,0.015390672720968723,0.05201223865151405,0.016785504296422005,-59,-0.4795434898460691,-29,-3,-27,-7430.03125,0.06209401786327362,0.04564349353313446,-0.08091092109680176,-23,-1,-3,-34,6,2,0.0746619017588116
g9383.t2,g3050.t1,0.5952,32.6,1,196,2.3364244220676427,77,25,94,25070.458984375,0.3930000364780426,0.29029107093811035,0.3107519745826721,0.17819742858409882,0.1325545608997345,140,5,66,194,-4,10,13,-3,0.30612244897959184,0.021102916449308395,0.1114516481757164,0.04144112020730972,0.022107373923063278,0.04885967820882797,0.009006491862237453,0.020117739215493202,0.0235519427806139,0.03431864082813263,0.005956898909062147,0.06810957938432693,,0.04347562417387962,0.11663414537906647,0.042342010885477066,0.026802612468600273,0.10369668900966644,0.07450071722269058,1,195,2.2367025264120435,53,22,120,24068.921875,0.39109355211257935,0.3584754467010498,0.2504310607910156,0.18353597819805145,0.06689508259296417,124,9,55,327,-2,12,7,5,0.358974358974359,0.06689508259296417,0.047991495579481125,0.11760091036558151,0.009234475903213024,,0.01276043988764286,0.08767404407262802,0.010355898179113865,0.08054365962743759,0.07301414757966995,0.021716400980949402,0.09998113662004471,0.1405133455991745,0.06685344129800797,0.08595472574234009,0.06593506038188934,0.0,,0.012841720134019852,0.00013405445497483015,0.03794621676206589,0.1485780030488968,1,0.09972189565559919,24,3,-26,1001.537109375,0.0019064843654632568,-0.06818437576293945,0.060320913791656494,16,-4,11,-133,-2,-8,-0.05285190999476713
g8463.t1,g2174.t1,0.5924,15.1,1,143,1.8645441077157223,111,0,32,18367.671875,0.568501889705658,0.04660552740097046,0.379294753074646,0.3097875416278839,0.0695071890950203,138,6,0,191,8,12,5,7,0.3076923076923077,0.06676064431667328,0.002746552461758256,0.07694101333618164,0.0,0.13088053464889526,0.004634807351976633,0.08968441188335419,0.04366834834218025,0.0,0.005597876850515604,0.045780327171087265,0.029140248894691467,0.007681175600737333,0.017869198694825172,0.02828196994960308,0.012783453799784184,0.164634108543396,0.1451534628868103,1,140,1.7802991084228044,111,0,29,16861.81640625,0.4492432773113251,0.26274633407592773,0.28801029920578003,0.2282116413116455,0.05979863926768303,142,3,3,174,6,7,5,2,0.3357142857142857,0.029061926528811455,0.05670946091413498,0.17207080125808716,0.024301733821630478,0.0,0.0019379759905859828,0.13587968051433563,0.003444340080022812,0.03386934474110603,0.026061031967401505,0.05303587019443512,0.04762865602970123,0.036832667887210846,0.06983304023742676,0.010907077230513096,0.05614083260297775,0.030736709013581276,0.03768911212682724,0.08005383610725403,0.09380578249692917,0.003636889159679413,0.12412499636411667,3,0.08424499929291795,0,0,3,1505.85546875,0.11925861239433289,-0.21614080667495728,0.09128445386886597,-4,3,-3,17,2,5,-0.028021978021977978
g6827.t1,g7159.t1,0.5908,12.8,1,176,1.7498201592905276,52,51,73,20316.9375,0.15511298179626465,0.44832873344421387,0.3384191691875458,0.189107283949852,0.14931190013885498,139,9,1,294,-5,11,13,-2,0.3068181818181818,0.08661463111639023,0.06269726157188416,0.021001840010285378,0.014636454172432423,0.08609289675951004,0.025405090302228928,0.014567132107913494,0.0,0.21059846878051758,0.05813911557197571,0.004923130385577679,0.0,0.050460465252399445,0.13147804141044617,0.02268820069730282,0.0,0.12970435619354248,0.059402916580438614,1,169,1.6616988568790088,55,42,72,18537.47265625,0.26001617312431335,0.2914627194404602,0.3572136163711548,0.23931890726089478,0.117894746363163,137,20,10,102,-1,12,7,5,0.26627218934911245,0.0010205229045823216,0.046119607985019684,0.142533078789711,0.0187979768961668,0.09130745381116867,0.0,0.09942367672920227,0.016997355967760086,0.028371023014187813,0.04548945277929306,0.09889478236436844,0.06627034395933151,0.05391741171479225,0.0187979768961668,0.04557075724005699,0.09678582102060318,0.11687422543764114,,0.002935132011771202,0.009893377311527729,0.015750225633382797,0.0058397878892719746,7,0.08812130241151883,-3,9,1,1779.46484375,-0.1049031913280487,0.15686601400375366,-0.01879444718360901,2,-11,-9,192,-4,-7,0.04054599246906937
g18279.t2,g12884.t1,0.589,18.8,1,285,2.338510469205381,102,20,163,26762.61328125,0.284371018409729,0.3782154321670532,0.2957875430583954,0.16886086761951447,0.12692667543888092,211,21,15,532,-5,15,14,1,0.23859649122807017,0.06446100026369095,0.06246567517518997,0.011694484390318394,0.0,0.05542464181780815,0.010115810669958591,0.06857998669147491,0.061124783009290695,0.018650053068995476,0.04162594676017761,0.022637736052274704,0.005351909901946783,0.1515399068593979,0.05397554486989975,0.02387121692299843,0.08182700723409653,0.12782059609889984,0.04104027524590492,1,500,3.245041414728145,324,8,168,43072.2109375,0.2177020013332367,0.2938389778137207,0.4784805476665497,0.2863762378692627,0.19210433959960938,406,30,0,605,0,41,34,7,0.24,0.09361987560987473,0.03453021124005318,0.21459731459617615,0.01017274335026741,0.009978429414331913,0.0,0.06201333552598953,0.02950013056397438,0.0521526075899601,0.10212428867816925,0.015093518421053886,0.03333796560764313,0.0769772157073021,0.014682391658425331,0.012731312774121761,0.07177893072366714,0.09848444908857346,0.006902031134814024,0.024517353624105453,0.03680586814880371,0.06210711598396301,0.03568626567721367,-215,-0.9065309455227637,-222,12,-5,-16309.59765625,0.06666901707649231,0.08437645435333252,-0.1826930046081543,-195,-9,15,-73,-5,-6,-0.0014035087719298234
g19580.t2,g12192.t1,0.5872,51.7,1,172,2.3645058060701993,66,4,102,26483.51171875,0.2272282838821411,0.2326103150844574,0.5126166343688965,0.1449916958808899,0.3676249384880066,107,13,0,63,-18,15,31,-16,0.3953488372093023,0.1842164695262909,0.1834084689617157,0.06030696630477905,0.0,0.034500736743211746,0.0,0.06627119332551956,0.03154899924993515,0.03582119941711426,0.02754475362598896,0.006822607479989529,0.0,0.017413299530744553,0.1250857561826706,0.02777775563299656,0.02360931783914566,0.0964568704366684,0.048534832894802094,1,319,3.630993528256957,96,26,197,56003.7421875,0.19088205695152283,0.12583163380622864,0.681218683719635,0.27924904227256775,0.4019697308540344,217,33,2,218,-25,42,60,-18,0.4200626959247649,0.18098458647727966,0.009908130392432213,0.2489810585975647,0.005118366330862045,0.002067496068775654,0.0,0.06157505512237549,0.00881706178188324,0.010767072439193726,0.026036668568849564,0.031187869608402252,0.02199450694024563,0.008960786275565624,0.05069051310420036,0.026411551982164383,0.030267979949712753,0.22098512947559357,0.0,0.026411371305584908,0.028834747150540352,0.030680758878588676,0.0,-147,-1.2664877221867576,-30,-22,-95,-29520.23046875,0.036346226930618286,0.10677868127822876,-0.16860204935073853,-110,-20,-2,-155,7,2,-0.02471385871546261
g18279.t2,g851.t1,0.5833,16.1,1,285,2.338510469205381,102,20,163,26762.61328125,0.284371018409729,0.3782154321670532,0.2957875430583954,0.16886086761951447,0.12692667543888092,211,21,15,532,-5,15,14,1,0.23859649122807017,0.06446100026369095,0.06246567517518997,0.011694484390318394,0.0,0.05542464181780815,0.010115810669958591,0.06857998669147491,0.061124783009290695,0.018650053068995476,0.04162594676017761,0.022637736052274704,0.005351909901946783,0.1515399068593979,0.05397554486989975,0.02387121692299843,0.08182700723409653,0.12782059609889984,0.04104027524590492,1,197,2.395708217749573,104,4,89,25566.15625,0.27059465646743774,0.44433650374412537,0.24395622313022614,0.1598927527666092,0.08406346291303635,140,11,1,79,-2,8,9,-1,0.3248730964467005,0.030152497813105583,0.015775475651025772,0.04920530691742897,0.016658902168273926,0.041112642735242844,0.014388003386557102,0.0646299496293068,0.013463130220770836,0.05861283466219902,0.2819828987121582,0.03832736611366272,0.003659910289570689,0.09064802527427673,0.020823627710342407,0.022590480744838715,0.11068744957447052,0.05391097068786621,0.0,0.07150339335203171,0.0018671617144718766,0.06210711598396301,0.03568626567721367,88,-0.057197748544191906,-2,16,74,1196.45703125,0.01377636194229126,-0.06612107157707214,0.05183131992816925,71,10,14,453,-3,2,-0.08627660521863031
g7782.t1,g4281.t2,0.5833,17.7,1,142,2.2874228933075225,24,32,86,25373.328125,0.2839159667491913,0.22556370496749878,0.4905204772949219,0.2854354977607727,0.2050849348306656,90,7,3,57,1,16,16,0,0.45774647887323944,0.11110921204090118,0.09397570788860321,0.056307073682546616,0.0,0.07208234816789627,0.027098998427391052,0.01999896764755249,0.052113596349954605,0.02251088246703148,0.0,0.03721655160188675,0.016276851296424866,0.058277107775211334,0.06243070587515831,0.013135070912539959,0.0032337575685232878,0.2134031504392624,0.07203236222267151,1,148,2.3648721380921165,40,42,66,25927.876953125,0.21169763803482056,0.11768800765275955,0.6524961590766907,0.5459210872650146,0.10657510161399841,91,6,0,25,9,25,12,13,0.36486486486486486,0.055339254438877106,0.03919107839465141,0.457498699426651,0.03917933627963066,0.01811813935637474,0.0,0.07119928300380707,0.02068088948726654,0.014539985917508602,0.030148742720484734,0.02087974175810814,0.007675754837691784,0.035141121596097946,0.002115533221513033,0.005967595614492893,0.08842235803604126,0.05123584717512131,,0.03950481861829758,0.003161756321787834,0.05201223865151405,0.016785504296422005,-6,-0.07744924478459403,-16,-10,20,-554.548828125,0.07221832871437073,0.10787569731473923,-0.1619756817817688,-1,1,3,32,-8,-13,0.09288161400837458
g12109.t2,g3711.t1,0.5824,14.4,1,160,2.622392035098308,33,34,93,30858.55078125,0.3216227889060974,0.17495572566986084,0.477888822555542,0.4443657398223877,0.033523079007864,87,6,0,34,25,26,7,19,0.4125,0.033420905470848083,0.00010217543604085222,0.13359373807907104,0.0,0.05370178818702698,0.027645133435726166,0.09525346010923386,0.005646198056638241,0.03177165240049362,0.025532672181725502,0.01738034188747406,0.002091184491291642,0.03177787363529205,0.02681606635451317,0.003709305077791214,0.047682471573352814,0.17522898316383362,0.2691367566585541,1,139,1.6313115941416751,37,39,63,17608.064453125,0.254113107919693,0.13307669758796692,0.6128101348876953,0.5396974086761475,0.07311277836561203,99,11,0,170,24,23,5,18,0.28776978417266186,0.006267270538955927,0.0,0.2808675765991211,0.0,0.0,,0.07848724722862244,0.005485435947775841,0.0,0.013122320175170898,0.0,0.051441021263599396,0.06139962375164032,0.024371255189180374,0.04071874916553497,0.258829802274704,0.06684550642967224,0.0005497275851666927,0.10998614132404327,0.001628294587135315,0.009262535721063614,0.010246804915368557,21,0.9910804409566327,-4,-5,30,13250.486328125,0.06750968098640442,0.04187902808189392,-0.13492131233215332,-12,-5,0,-136,1,1,0.12473021582733812
g5965.t1,g15912.t1,0.5802,64.7,1,216,2.243143771032309,178,0,38,23999.44140625,0.12794536352157593,0.35399025678634644,0.5180643200874329,0.2320980578660965,0.28596624732017517,214,30,0,167,-7,17,18,-1,0.25462962962962965,0.20578308403491974,0.08018316328525543,0.026075726374983788,0.0,0.02621118351817131,0.009587911888957024,0.010080126114189625,0.00793211068958044,0.1538860946893692,0.0,0.003202100982889533,0.0037592784501612186,0.04962029680609703,0.05826745927333832,0.024468546733260155,0.05625449866056442,0.14778465032577515,0.08431342244148254,1,249,2.068791560875101,205,0,44,24875.0,0.11467542499303818,0.196127250790596,0.6692699193954468,0.361492395401001,0.3077774941921234,283,44,0,279,-14,21,26,-5,0.23293172690763053,0.1225910410284996,0.010084882378578186,0.26490700244903564,0.010636252351105213,0.019927510991692543,0.0,0.06515602767467499,0.006317365448921919,0.00783840473741293,0.06666471064090729,0.007517288438975811,0.019176438450813293,0.06772834062576294,0.0051884157583117485,0.0,0.09658537805080414,0.18518641591072083,0.0,0.01577143929898739,0.028723113238811493,0.02637399733066559,0.0262162983417511,-33,0.17435221015720792,-27,0,-6,-875.55859375,0.01326993852853775,0.15786300599575043,-0.15120559930801392,-69,-14,0,-112,7,4,0.02169790272199912
g7398.t1,g2466.t1,0.5796,10.9,1,119,1.4226617985513614,36,26,57,14764.744140625,0.1353181153535843,0.14495691657066345,0.6032256484031677,0.3185387849807739,0.2846868336200714,98,16,0,63,4,14,12,2,0.33613445378151263,0.2107286900281906,0.0739581435918808,0.009178278967738152,,0.027097776532173157,0.011497417464852333,0.06572715938091278,0.0,0.0338364876806736,0.1164993867278099,0.026758991181850433,,0.005244730971753597,0.03558206558227539,0.006337383296340704,0.03579210117459297,0.2265097051858902,0.09202907979488373,1,279,1.9851679378777192,102,59,118,22164.52734375,0.32531630992889404,0.29374590516090393,0.38093772530555725,0.2184731513261795,0.16246458888053894,233,27,2,341,-4,15,16,-1,0.21863799283154123,0.04093632847070694,0.09802913665771484,0.15802153944969177,0.007857597433030605,0.0,0.0,0.04549546167254448,0.005935285240411758,0.03464626148343086,0.08726657927036285,0.031018855050206184,0.03838331624865532,0.11401502043008804,0.02518072910606861,0.007123097311705351,0.060451608151197433,0.121528260409832,0.0,0.10698401927947998,0.017126863822340965,0.023004114627838135,0.0002185304620070383,-160,-0.5625061393263577,-66,-33,-61,-7399.783203125,-0.18999819457530975,-0.14878898859024048,0.22228792309761047,-135,-11,-2,-278,8,3,0.1174964609499714
g18969.t1,g8749.t1,0.5792,15.5,1,126,1.32123851641507,45,42,39,13880.615234375,0.08982028067111969,0.44470158219337463,0.4520623981952667,0.2767864465713501,0.17527595162391663,121,10,6,78,1,11,7,4,0.29365079365079366,0.09821902215480804,0.07705695182085037,0.007527756970375776,0.0,0.04371898993849754,0.0483526736497879,0.009530441835522652,0.01324433833360672,0.22217537462711334,0.013415781781077385,0.0,0.006437892094254494,0.05615673214197159,0.03094257041811943,0.00936085730791092,0.01806146278977394,0.23502080142498016,0.04176563024520874,1,117,1.3623418996986343,49,35,33,14552.728515625,0.16549581289291382,0.32721325755119324,0.5072908401489258,0.22359126806259155,0.28369957208633423,105,9,3,15,-1,8,10,-2,0.36752136752136755,0.10387084633111954,0.038346439599990845,0.22359126806259155,0.017131952568888664,,0.0,0.058902546763420105,0.015741705894470215,0.0028822841122746468,0.14859162271022797,0.028544137254357338,0.032813698053359985,0.07289202511310577,0.04535030573606491,0.0028822843451052904,,0.1798287034034729,0.0,0.0,0.028630070388317108,0.06901275366544724,0.0,9,-0.04110338328356433,-4,7,6,-672.11328125,-0.07567553222179413,0.1174883246421814,-0.05522844195365906,16,1,3,63,2,6,-0.07387057387057389
g7743.t1,g2262.t1,0.5761,56.5,1,503,3.887454739699156,171,99,233,58581.94140625,0.16091705858707428,0.3280367851257324,0.5110461115837097,0.2706053555011749,0.24044078588485718,406,61,2,171,-5,55,51,4,0.32803180914512925,0.1643960028886795,0.07604479789733887,0.007604287937283516,0.0,0.02933969534933567,0.013824592344462872,0.06591610610485077,0.008812397718429565,0.09442248195409775,0.0,0.026732327416539192,0.01740134507417679,0.1417854130268097,0.059301432222127914,0.0016961010405793786,0.0028175690677016973,0.2395082712173462,0.031097067520022392,1,447,3.7221665399663317,163,99,185,49477.3671875,0.21173956990242004,0.1556527018547058,0.6072279810905457,0.33223792910575867,0.274990051984787,397,57,1,157,-7,47,39,8,0.27293064876957496,0.1261439472436905,0.00937128160148859,0.298464298248291,0.005738705862313509,0.025379786267876625,0.0,0.051655009388923645,0.00916432123631239,0.04100660979747772,0.05657375976443291,0.03689868375658989,0.013103061355650425,0.0315764844417572,0.01611175946891308,0.012651237659156322,0.03377360478043556,0.1488460898399353,0.01908816769719124,0.056116800755262375,0.008336393162608147,0.015885312110185623,0.0034148043487221003,56,0.16528819973282438,8,0,48,9104.57421875,-0.050822511315345764,0.1723840832710266,-0.09618186950683594,9,4,1,14,2,-4,0.05510116037555429
g550.t1,g1663.t1,0.576,19.0,1,148,1.9201024065035572,55,21,72,21442.7578125,0.19918181002140045,0.11129968613386154,0.673446536064148,0.41795918345451355,0.2554874122142792,109,17,20,44,0,16,18,-2,0.32432432432432434,0.16899584233760834,0.08649156242609024,0.004650926683098078,0.0,0.08302139490842819,0.009612618014216423,0.059384725987911224,0.02795015648007393,0.057961106300354004,0.016071947291493416,0.02372320368885994,0.0,0.036943260580301285,0.005753415636718273,0.00045141763985157013,0.0007352099637500942,0.2089708149433136,0.20898835361003876,1,260,3.493281114139538,71,19,170,47221.859375,0.19663724303245544,0.27004435658454895,0.5299097895622253,0.38382309675216675,0.1460866928100586,136,11,0,42,13,33,19,14,0.4230769230769231,0.027669107541441917,0.026579352095723152,0.25914445519447327,0.01817508414387703,0.0034085807856172323,0.0,0.044445887207984924,0.004431719426065683,0.054730240255594254,0.1055298000574112,0.05046644061803818,0.06367672234773636,0.03470012545585632,0.017013518139719963,0.007925976999104023,0.1246786043047905,0.11841758340597153,0.0,0.027767185121774673,0.011239534243941307,0.00029408399132080376,0.0,-112,-1.5731787076359807,-16,2,-98,-25779.1015625,0.0025445669889450073,-0.1587446704506874,0.1435367465019226,-27,6,20,2,-13,-16,-0.09875259875259873
g17141.t1,g6630.t1,0.5747,20.7,1,109,2.244759846052931,63,0,46,21851.23828125,0.20492354035377502,0.21809127926826477,0.5581493973731995,0.4905764162540436,0.06757299602031708,83,9,0,0,12,20,5,15,0.45871559633027525,0.025566834956407547,0.04200616478919983,0.020672352984547615,0.0,0.09582751989364624,0.024151742458343506,0.019491074606776237,0.017117958515882492,0.0619485080242157,0.018835851922631264,0.03720686584711075,,0.11973527818918228,0.0,0.0005906386068090796,0.0,0.22305716574192047,0.2675192654132843,1,103,2.2728316850264876,49,0,54,22356.2421875,0.31420549750328064,0.10691361129283905,0.5379241704940796,0.5082181692123413,0.029705937951803207,65,10,0,33,16,22,4,18,0.42718446601941745,0.0044115325435996056,0.06287598609924316,0.21622197329998016,0.011834582313895226,0.040956735610961914,,0.1403379887342453,0.05931374430656433,0.009669719263911247,0.008678724989295006,0.014254736714065075,0.014783130027353764,0.0032546930015087128,0.007216208148747683,0.0327615886926651,0.29199621081352234,0.025294406339526176,,0.049509447067976,0.006628588307648897,0.01225575152784586,0.014017105102539062,6,-0.028071838973556584,14,0,-8,-505.00390625,-0.10928195714950562,0.11117766797542572,0.020225226879119873,18,-1,0,-33,-4,-3,0.0315311303108578
g16247.t1,g12711.t1,0.5738,20.3,1,370,4.747980705776525,80,123,167,40257.94140625,0.42649441957473755,0.31568843126296997,0.21585476398468018,0.16721829771995544,0.04863646999001503,265,15,12,316,9,25,13,12,0.31351351351351353,0.02506227232515812,0.02357419952750206,0.057823728770017624,0.01176427025347948,0.06562327593564987,0.02340586856007576,0.03646315261721611,0.043911322951316833,0.041833147406578064,0.04196244105696678,0.011539315804839134,0.052672043442726135,0.06764083355665207,0.08682677894830704,0.07991766929626465,0.03508453071117401,0.04196625575423241,0.12525202333927155,1,277,3.642757929429753,92,96,89,31639.119140625,0.3380970060825348,0.3637170195579529,0.2961832284927368,0.13740932941436768,0.15877391397953033,215,10,7,205,-7,15,16,-1,0.3140794223826715,0.0741601213812828,0.039048902690410614,0.05646896734833717,0.04159374535083771,0.002002745633944869,0.021401192992925644,0.03132379427552223,0.024341952055692673,0.021007807925343513,0.0858590379357338,0.029294781386852264,0.08505342900753021,0.07547953724861145,0.029219334945082664,0.12216272950172424,0.0809403657913208,0.08461378514766693,0.026410790160298347,0.027329906821250916,0.04228708893060684,0.049132976680994034,0.07854389399290085,93,1.1052227763467721,-12,27,78,8618.822265625,0.08839741349220276,-0.04802858829498291,-0.08032846450805664,50,5,5,111,16,13,-0.0005659088691579717
g6022.t1,g3282.t1,0.573,21.5,1,129,2.3961749709967033,80,0,49,24521.66015625,0.22407130897045135,0.24584777653217316,0.5300808548927307,0.20936425030231476,0.32071658968925476,70,2,0,0,-7,16,21,-5,0.5271317829457365,0.24084164202213287,0.07987494766712189,0.04534050077199936,,0.0,0.10338427126407623,0.015921112149953842,0.01684216782450676,0.03367273136973381,,0.07441531866788864,,0.008947402238845825,0.04126942157745361,0.0017045331187546253,0.0,0.20007070899009705,0.009293558076024055,1,109,2.608433813533202,44,0,65,24959.181640625,0.3154766857624054,0.0856558308005333,0.5831355452537537,0.2667570412158966,0.31637850403785706,53,3,0,70,-8,14,17,-3,0.5321100917431193,0.12759482860565186,0.03783529996871948,0.24063323438167572,0.018333176150918007,0.015731962397694588,,0.049640484154224396,0.02312430553138256,0.05093352869153023,0.03558453544974327,0.0036958646960556507,0.00025854582781903446,0.0065875123254954815,0.0,0.06109893321990967,0.02612380124628544,0.18878363072872162,0.0,0.09763528406620026,0.01640506088733673,0.05857396125793457,0.06984768062829971,20,-0.21225884253649863,36,0,-16,-437.521484375,-0.09140537679195404,0.16019194573163986,-0.05305469036102295,17,-1,0,-70,1,-2,-0.004978308797382813
g9206.t1,g3282.t1,0.5718,47.1,1,146,2.9538168233677253,42,0,104,33124.390625,0.33523696660995483,0.16397996246814728,0.5007830858230591,0.25037676095962524,0.25040629506111145,55,3,0,30,-7,15,21,-6,0.5,0.1987120509147644,0.051694247871637344,0.06674345582723618,0.0,0.0343785360455513,0.04553573951125145,0.08180377632379532,0.004961092956364155,0.018601834774017334,0.0,0.07038113474845886,0.0,0.03938524052500725,0.007052621804177761,0.03440655767917633,0.016834942623972893,0.237930566072464,0.012446177192032337,1,109,2.608433813533202,44,0,65,24959.181640625,0.3154766857624054,0.0856558308005333,0.5831355452537537,0.2667570412158966,0.31637850403785706,53,3,0,70,-8,14,17,-3,0.5321100917431193,0.12759482860565186,0.03783529996871948,0.24063323438167572,0.018333176150918007,0.015731962397694588,,0.049640484154224396,0.02312430553138256,0.05093352869153023,0.03558453544974327,0.0036958646960556507,0.00025854582781903446,0.0065875123254954815,0.0,0.06109893321990967,0.02612380124628544,0.18878363072872162,0.0,0.09763528406620026,0.01640506088733673,0.03656958043575287,0.04256240278482437,37,0.3453830098345234,-2,0,39,8165.208984375,0.01976028084754944,0.07832413166761398,-0.08235245943069458,2,0,0,-40,1,-3,-0.032110091743119296
g5965.t1,g9530.t1,0.5713,63.3,1,216,2.243143771032309,178,0,38,23999.44140625,0.12794536352157593,0.35399025678634644,0.5180643200874329,0.2320980578660965,0.28596624732017517,214,30,0,167,-7,17,18,-1,0.25462962962962965,0.20578308403491974,0.08018316328525543,0.026075726374983788,0.0,0.02621118351817131,0.009587911888957024,0.010080126114189625,0.00793211068958044,0.1538860946893692,0.0,0.003202100982889533,0.0037592784501612186,0.04962029680609703,0.05826745927333832,0.024468546733260155,0.05625449866056442,0.14778465032577515,0.08431342244148254,1,249,2.069219202578114,206,0,43,24946.8828125,0.11420980095863342,0.19287456572055817,0.6741024255752563,0.3606395423412323,0.3134627938270569,283,42,0,283,-14,20,27,-7,0.24096385542168675,0.1293155401945114,0.009797150269150734,0.2631930410861969,0.010734941810369492,0.01881326176226139,0.0,0.06626168638467789,0.006302111316472292,0.008456604555249214,0.06660241633653641,0.005817200522869825,0.018862508237361908,0.06474826484918594,0.005044129211455584,0.0,0.097446508705616,0.18414728343486786,0.0,0.013915281742811203,0.03054206445813179,0.02637399733066559,0.0262162983417511,-33,0.1739245684541948,-28,0,-5,-947.44140625,0.013735562562942505,0.16111569106578827,-0.1560381054878235,-69,-12,0,-116,7,6,0.013665774207942905
g9719.t2,g6684.t1,0.5693,8.0,1,470,3.4489790697023754,113,144,213,43901.9375,0.30902260541915894,0.2679043710231781,0.3866540491580963,0.23268093168735504,0.15397310256958008,410,44,1,359,-14,22,26,-4,0.2553191489361702,0.08858612179756165,0.06538697332143784,0.07664962112903595,0.0,0.03954591974616051,0.008524889126420021,0.0545627661049366,0.010656686499714851,0.011810528114438057,0.036419086158275604,0.004409663379192352,0.0,0.052519313991069794,0.043077535927295685,0.04457758367061615,0.055476896464824677,0.0946594774723053,0.13802146911621094,1,358,2.4823513542912337,136,62,160,32135.357421875,0.3755960762500763,0.3483307957649231,0.27449533343315125,0.16132402420043945,0.1131713017821312,290,33,0,182,4,20,13,7,0.24022346368715083,0.0346989631652832,0.031819187104701996,0.08980370312929153,0.002106213243678212,0.001577837043441832,0.0,0.0017235631821677089,0.015041016973555088,0.229314923286438,0.14099672436714172,0.003178619546815753,0.0511394701898098,0.0689891129732132,0.0124502032995224,0.052102942019701004,0.07152032107114792,0.07847234606742859,0.0,0.04607903212308884,0.06898580491542816,0.09649521112442017,0.07862033694982529,112,0.9666277154111418,-23,82,53,11766.580078125,-0.06657347083091736,-0.080426424741745,0.11215871572494507,120,11,1,177,-18,-11,0.015095685249019358
g12109.t1,g13765.t1,0.5675,9.6,1,109,2.721759771145236,29,25,55,27430.169921875,0.2697376608848572,0.1524025797843933,0.5504588484764099,0.49540975689888,0.0550491027534008,58,6,0,27,17,23,9,14,0.5137614678899083,0.054589323699474335,0.0004597836232278496,0.12316965311765671,0.0,0.026679717004299164,0.028251832351088524,0.07569588720798492,0.007998679764568806,0.03804691508412361,0.02740090899169445,0.01662803441286087,0.00882438663393259,0.019886378198862076,0.0340069904923439,0.01003552507609129,0.032210465520620346,0.2139180302619934,0.2814917266368866,1,226,3.3349569722951395,61,46,119,35962.1796875,0.16980642080307007,0.14340601861476898,0.6647099256515503,0.44488525390625,0.21982470154762268,152,14,0,72,20,37,17,20,0.3672566371681416,0.07185756415128708,0.03881421685218811,0.372540146112442,0.015880536288022995,0.022077659144997597,,0.02017766237258911,0.022967617958784103,0.04605880007147789,0.017304807901382446,0.035958126187324524,0.02291732095181942,0.04020463675260544,0.02681007795035839,0.0112986508756876,0.072345070540905,0.147967129945755,0.00035888218553736806,0.010407582856714725,0.004053507000207901,0.0,0.0007057658513076603,-117,-0.6131972011499034,-32,-21,-64,-8532.009765625,0.09993124008178711,0.008996561169624329,-0.11425107717514038,-94,-8,0,-45,-3,-6,0.14650483072176668
g3978.t1,g2793.t1,0.5671,21.4,1,173,3.7284815093430272,27,42,104,28789.15234375,0.16279107332229614,0.2874334454536438,0.5475403666496277,0.4161463975906372,0.13139395415782928,108,16,6,40,23,33,13,20,0.4277456647398844,0.07307568937540054,0.058318257331848145,0.024849653244018555,0.007228315342217684,0.0034757591784000397,0.07275652140378952,0.03113642893731594,0.007172803860157728,0.09479855000972748,0.0022351073566824198,0.04625784233212471,,0.06954866647720337,0.030062709003686905,0.0360012948513031,0.0027507739141583443,0.3204761743545532,0.09567023068666458,1,285,2.632270214028789,118,44,123,29173.2578125,0.24703489243984222,0.31349775195121765,0.43011900782585144,0.18232733011245728,0.24779167771339417,219,11,55,146,-3,16,20,-4,0.2912280701754386,0.05898820981383324,0.0032073839101940393,0.11150407046079636,0.016589917242527008,0.009348371997475624,0.0,0.022601205855607986,0.030084531754255295,0.10599678009748459,0.13376934826374054,0.0009727014694362879,0.06243939325213432,0.08374596387147903,0.03837801516056061,0.037920478731393814,0.07082325965166092,0.18880347907543182,0.0,0.022341087460517883,0.00248579285107553,0.010287909768521786,0.013897309079766273,-112,1.0962112953142382,-91,-2,-19,-384.10546875,-0.08424381911754608,-0.026064306497573853,0.11742135882377625,-111,5,-49,-106,26,24,0.1365175945644458
g13229.t1,g15535.t1,0.5647,22.7,1,649,4.151096740708378,121,147,381,77929.09375,0.31086641550064087,0.2900553047657013,0.34999701380729675,0.2705584466457367,0.07943852245807648,429,46,6,183,14,44,32,12,0.31432973805855163,0.044039007276296616,0.03539951145648956,0.033519938588142395,0.0,0.035443343222141266,0.011592353694140911,0.09901938587427139,0.03245747461915016,0.08209928125143051,0.049081314355134964,0.027517590671777725,0.0,0.07402947545051575,0.044806383550167084,0.025407975539565086,0.020586026832461357,0.17239536345005035,0.09816310554742813,1,463,3.7719047518830444,95,102,266,67822.890625,0.3255871832370758,0.2228212207555771,0.4067731499671936,0.29001104831695557,0.11676211655139923,291,36,0,42,14,44,27,17,0.3801295896328294,0.049922313541173935,0.09673863649368286,0.20351086556911469,0.024140026420354843,0.044818341732025146,0.0,0.03613648936152458,0.011781415902078152,0.04674593359231949,0.05418526381254196,0.04747015982866287,0.05828675255179405,0.03627493977546692,0.03764167055487633,0.016420166939496994,0.08650018274784088,0.066839799284935,0.022041356191039085,0.045722924172878265,0.014822693541646004,0.05694175511598587,0.05750073119997978,186,0.37919198882533367,26,45,115,10106.203125,-0.014720767736434937,0.0672340840101242,-0.05677613615989685,138,10,6,141,0,-5,-0.06579985157427776
g8119.t1,g5738.t1,0.564,15.7,1,454,2.6985369540459976,34,192,228,38544.95703125,0.3537863790988922,0.5526947379112244,0.09343673288822174,0.06815601885318756,0.025280717760324478,396,19,0,587,-2,8,5,3,0.2687224669603524,0.021354306489229202,0.003926409874111414,0.04444929212331772,0.0,0.03248172998428345,0.006724793463945389,0.11800386011600494,0.04993181675672531,0.028499169275164604,8.211677049985155e-05,0.014730813913047314,0.005153413396328688,0.2217242270708084,0.06270694732666016,0.02653564140200615,0.01330507081001997,0.04524859040975571,0.022907420992851257,1,414,2.5958334908101297,16,128,270,36662.51171875,0.4046626091003418,0.4513619840145111,0.14353540539741516,0.06759314984083176,0.07594224810600281,259,9,36,473,-13,6,8,-2,0.2463768115942029,0.019354073330760002,0.12313657253980637,0.01613863930106163,0.03863493725657463,0.00044003341463394463,0.0011555765522643924,0.0742112472653389,0.041860613971948624,0.06237667426466942,0.12321524322032928,0.0486614815890789,0.11324434727430344,0.11710867285728455,0.02891407161951065,0.034410614520311356,0.051454514265060425,0.05658818036317825,0.022417277097702026,0.020561186596751213,0.006116051226854324,0.2197345793247223,0.062499821186065674,40,0.10270346323586788,18,64,-42,1882.4453125,-0.050876230001449585,0.10133275389671326,-0.05009867250919342,137,10,-36,114,11,5,0.02234565536614949
g9206.t2,g3282.t1,0.5633,47.1,1,176,2.890321776422695,55,0,121,35383.015625,0.3585679829120636,0.19984544813632965,0.4415864944458008,0.24216152727603912,0.19942496716976166,71,2,0,42,-5,16,18,-2,0.5170454545454546,0.17633263766765594,0.02309233695268631,0.07249535620212555,0.0,0.021707380190491676,0.03527108579874039,0.08957237750291824,0.012306373566389084,0.01751076430082321,0.0,0.07238153368234634,0.0001823782513383776,0.039015330374240875,0.027449961751699448,0.04697250574827194,0.012942046858370304,0.22536754608154297,0.016793981194496155,1,109,2.608433813533202,44,0,65,24959.181640625,0.3154766857624054,0.0856558308005333,0.5831355452537537,0.2667570412158966,0.31637850403785706,53,3,0,70,-8,14,17,-3,0.5321100917431193,0.12759482860565186,0.03783529996871948,0.24063323438167572,0.018333176150918007,0.015731962397694588,,0.049640484154224396,0.02312430553138256,0.05093352869153023,0.03558453544974327,0.0036958646960556507,0.00025854582781903446,0.0065875123254954815,0.0,0.06109893321990967,0.02612380124628544,0.18878363072872162,0.0,0.09763528406620026,0.01640506088733673,0.0676562637090683,0.04295007884502411,67,0.28188796288949325,11,0,56,10423.833984375,0.0430912971496582,0.11418961733579636,-0.14154905080795288,18,-1,0,-28,3,1,-0.01506463719766471
g11862.t1,g10850.t1,0.563,13.9,1,486,3.1297090390967366,187,99,200,48766.015625,0.19347813725471497,0.35388895869255066,0.44506585597991943,0.29070714116096497,0.15435869991779327,390,44,15,208,2,38,28,10,0.2654320987654321,0.08480113744735718,0.0695575475692749,0.02982308529317379,0.0,0.01880861632525921,0.04628652706742287,0.08815674483776093,0.008136642165482044,0.031676121056079865,0.0075670755468308926,0.03559250012040138,0.0,0.08022167533636093,0.03631287068128586,0.010446342639625072,0.021416641771793365,0.2581607401371002,0.03254639729857445,1,289,2.790490690263548,73,102,114,32831.71875,0.21399876475334167,0.25366270542144775,0.4942089915275574,0.28046512603759766,0.21374383568763733,249,28,16,171,0,29,26,3,0.31141868512110726,0.061093784868717194,0.004029286094009876,0.20690996944904327,0.005601690616458654,0.03812970221042633,0.011873578652739525,0.11428321152925491,0.024078452959656715,0.04365376755595207,0.07221973687410355,0.034108638763427734,0.020922748371958733,0.08841369301080704,0.00383273558691144,0.0,0.07355514913797379,0.15265005826950073,0.0,0.042598068714141846,0.0020458565559238195,0.13797511160373688,0.0025142254307866096,197,0.3392183488331888,114,-3,86,15934.296875,-0.02052062749862671,0.1002262532711029,-0.04914313554763794,141,16,-1,37,2,7,-0.04598658635567515
g7743.t1,g10120.t1,0.563,36.5,1,503,3.887454739699156,171,99,233,58581.94140625,0.16091705858707428,0.3280367851257324,0.5110461115837097,0.2706053555011749,0.24044078588485718,406,61,2,171,-5,55,51,4,0.32803180914512925,0.1643960028886795,0.07604479789733887,0.007604287937283516,0.0,0.02933969534933567,0.013824592344462872,0.06591610610485077,0.008812397718429565,0.09442248195409775,0.0,0.026732327416539192,0.01740134507417679,0.1417854130268097,0.059301432222127914,0.0016961010405793786,0.0028175690677016973,0.2395082712173462,0.031097067520022392,1,487,4.52548168883039,215,98,174,52849.78515625,0.2209681123495102,0.23938152194023132,0.5184106230735779,0.342762291431427,0.17564833164215088,443,62,4,279,14,53,41,12,0.2936344969199179,0.07772441953420639,0.029992682859301567,0.27543172240257263,0.026496248319745064,0.0212397500872612,0.0,0.07202452421188354,0.017086438834667206,0.027339639142155647,0.016943402588367462,0.037114858627319336,0.04606788605451584,0.08620350062847137,0.013671306893229485,0.03461606800556183,0.06733060628175735,0.0979238972067833,0.0031618946231901646,0.013665740378201008,0.0359654426574707,0.015885312110185623,0.0034148043487221003,16,-0.638026949131234,-44,1,59,5732.15625,-0.06005105376243591,0.0886552631855011,-0.007364511489868164,-37,-1,-2,-108,-19,-8,0.03439731222521136
g13808.t2,g13952.t1,0.5583,23.8,1,127,2.83547107835221,7,18,102,30048.953125,0.2720671594142914,0.3611237406730652,0.33504000306129456,0.23575089871883392,0.09928911924362183,58,5,15,19,7,13,6,7,0.5039370078740157,0.06424305588006973,0.0350460559129715,0.019395945593714714,0.0066430834122002125,0.05859929695725441,0.020018648356199265,0.03253502771258354,0.02028678171336651,0.01725699193775654,0.03176909685134888,0.02018185332417488,0.01329424511641264,0.03899829462170601,0.06984870135784149,0.0485096201300621,0.10919179022312164,0.20687906444072723,0.028871826827526093,1,94,1.8433603136631436,8,21,65,18844.2734375,0.23572833836078644,0.4028635621070862,0.21530529856681824,0.20530863106250763,0.00999667588621378,40,0,15,128,10,12,1,11,0.43617021276595747,0.00016731797950342298,0.007191305980086327,0.17020384967327118,0.004684903658926487,0.14610283076763153,0.019777638837695122,0.09752572327852249,0.007642513141036034,0.040894631296396255,0.13617625832557678,0.02209378033876419,0.07650818675756454,0.11065223067998886,0.05359235405921936,0.0,0.03510478511452675,0.009829358197748661,,0.03183940798044205,0.030012913048267365,0.09916627407073975,0.05926438793540001,33,0.9921107646890666,-1,-3,37,11204.6796875,0.036338821053504944,-0.041739821434020996,0.11973470449447632,18,5,0,-109,-3,-4,0.06776679510805828
g13229.t2,g15535.t1,0.5572,23.1,1,632,4.107278301411501,124,143,365,74260.390625,0.3105301558971405,0.2924838662147522,0.3544774353504181,0.26220008730888367,0.09227734804153442,400,34,6,157,10,41,28,13,0.314873417721519,0.04799991473555565,0.044277433305978775,0.03047352470457554,0.0,0.03917911648750305,0.0055304705165326595,0.10158184915781021,0.02317919209599495,0.07175538688898087,0.04250851273536682,0.037120845168828964,4.344909029896371e-05,0.0735803171992302,0.06519051641225815,0.0352073535323143,0.01654905080795288,0.19057652354240417,0.0716235414147377,1,463,3.7719047518830444,95,102,266,67822.890625,0.3255871832370758,0.2228212207555771,0.4067731499671936,0.29001104831695557,0.11676211655139923,291,36,0,42,14,44,27,17,0.3801295896328294,0.049922313541173935,0.09673863649368286,0.20351086556911469,0.024140026420354843,0.044818341732025146,0.0,0.03613648936152458,0.011781415902078152,0.04674593359231949,0.05418526381254196,0.04747015982866287,0.05828675255179405,0.03627493977546692,0.03764167055487633,0.016420166939496994,0.08650018274784088,0.066839799284935,0.022041356191039085,0.045722924172878265,0.014822693541646004,0.05987812951207161,0.043744828552007675,169,0.33537354952845666,29,41,99,6437.5,-0.015057027339935303,0.06966264545917511,-0.05229571461677551,109,-2,6,115,-4,-4,-0.06525617191131039
g13229.t1,g5781.t2,0.5571,56.4,1,649,4.151096740708378,121,147,381,77929.09375,0.31086641550064087,0.2900553047657013,0.34999701380729675,0.2705584466457367,0.07943852245807648,429,46,6,183,14,44,32,12,0.31432973805855163,0.044039007276296616,0.03539951145648956,0.033519938588142395,0.0,0.035443343222141266,0.011592353694140911,0.09901938587427139,0.03245747461915016,0.08209928125143051,0.049081314355134964,0.027517590671777725,0.0,0.07402947545051575,0.044806383550167084,0.025407975539565086,0.020586026832461357,0.17239536345005035,0.09816310554742813,1,633,4.108043993515687,123,143,367,72777.75,0.32053735852241516,0.2472873330116272,0.4048420190811157,0.2980402410030365,0.10680177807807922,386,45,3,68,14,50,32,18,0.2843601895734597,0.055188193917274475,0.05137704312801361,0.14479917287826538,0.03030339442193508,0.02733330801129341,0.0,0.034700434654951096,0.010124997235834599,0.07683716714382172,0.06989444047212601,0.06261977553367615,0.06657891720533371,0.03397642821073532,0.050534408539533615,0.007165835238993168,0.1532411128282547,0.05161357298493385,0.0,0.0696190893650055,0.004092761781066656,0.05694175511598587,0.05750073119997978,16,0.04305274719269114,-2,4,14,5151.34375,-0.009670943021774292,0.0427679717540741,-0.05484500527381897,43,1,3,115,0,-6,0.029969548485091924
g13617.t1,g8171.t1,0.5566,46.7,1,222,3.363537073019758,55,28,139,43619.8359375,0.2559521496295929,0.2735535204410553,0.47049427032470703,0.22704388201236725,0.2434503734111786,128,15,0,12,-5,23,25,-2,0.4954954954954955,0.1899101436138153,0.05354023352265358,0.06175795570015907,,0.05814990773797035,0.013515986502170563,0.04702594876289368,0.011391334235668182,0.0940055102109909,,0.025478607043623924,,0.06645498424768448,0.05896349996328354,0.05207443982362747,0.0026038852520287037,0.19148124754428864,0.03556263446807861,1,200,3.106549670497953,67,28,105,35697.2265625,0.2776559293270111,0.17515285313129425,0.5471911430358887,0.23063744604587555,0.3165537416934967,111,16,0,13,-8,20,24,-4,0.46,0.084211565554142,0.034498780965805054,0.2304607778787613,0.005963446106761694,,,0.10929209738969803,0.029328782111406326,0.030449654906988144,0.027526743710041046,0.014045861549675465,0.05339581519365311,0.04838046431541443,0.03308144956827164,0.004609710071235895,0.00017665157793089747,0.2323421835899353,,0.05976080894470215,0.002475182758644223,0.038009677082300186,7.396970613626763e-05,22,0.25698740252180485,-12,0,34,7922.609375,-0.021703779697418213,0.09840066730976105,-0.07669687271118164,17,-1,0,-1,3,2,0.035495495495495466
g13229.t2,g5781.t2,0.5557,57.2,1,632,4.107278301411501,124,143,365,74260.390625,0.3105301558971405,0.2924838662147522,0.3544774353504181,0.26220008730888367,0.09227734804153442,400,34,6,157,10,41,28,13,0.314873417721519,0.04799991473555565,0.044277433305978775,0.03047352470457554,0.0,0.03917911648750305,0.0055304705165326595,0.10158184915781021,0.02317919209599495,0.07175538688898087,0.04250851273536682,0.037120845168828964,4.344909029896371e-05,0.0735803171992302,0.06519051641225815,0.0352073535323143,0.01654905080795288,0.19057652354240417,0.0716235414147377,1,633,4.108043993515687,123,143,367,72777.75,0.32053735852241516,0.2472873330116272,0.4048420190811157,0.2980402410030365,0.10680177807807922,386,45,3,68,14,50,32,18,0.2843601895734597,0.055188193917274475,0.05137704312801361,0.14479917287826538,0.03030339442193508,0.02733330801129341,0.0,0.034700434654951096,0.010124997235834599,0.07683716714382172,0.06989444047212601,0.06261977553367615,0.06657891720533371,0.03397642821073532,0.050534408539533615,0.007165835238993168,0.1532411128282547,0.05161357298493385,0.0,0.0696190893650055,0.004092761781066656,0.05987812951207161,0.043744828552007675,-1,-0.0007656921041858666,1,0,-2,1482.640625,-0.010007202625274658,0.045196533203125,-0.05036458373069763,14,-11,3,89,-4,-5,0.03051322814805929
g10723.t1,g7379.t2,0.5556,13.1,1,278,2.0752657901712372,11,171,96,23793.189453125,0.33147138357162476,0.220084086060524,0.42898255586624146,0.21054930984973907,0.21843329071998596,233,34,0,151,5,15,10,5,0.19424460431654678,0.1162601038813591,0.10217317938804626,0.06245652958750725,0.003296182956546545,0.055331047624349594,0.024106452241539955,0.013495872728526592,0.01451005320996046,0.011562764644622803,0.01946200430393219,0.01809108629822731,0.05001775920391083,0.03593611344695091,0.07434605807065964,0.037017885595560074,0.019920730963349342,0.045087192207574844,0.16546210646629333,1,339,2.4448922405669324,18,168,153,32138.5546875,0.3022630214691162,0.22256392240524292,0.4078093469142914,0.2525869607925415,0.1552223563194275,234,23,0,194,11,18,16,2,0.24188790560471976,0.07557597011327744,0.033029913902282715,0.1650567352771759,0.04319694638252258,0.06736371666193008,0.0004067114496137947,0.06509264558553696,0.0065218484960496426,0.06458532065153122,0.04261848330497742,0.024376699700951576,0.03011554479598999,0.04519665241241455,0.027706697583198547,0.05497977137565613,0.087530218064785,0.07964638620615005,0.0007027641404420137,0.012968935072422028,0.07332798093557358,0.05091579258441925,0.0805511325597763,-61,-0.3696264503956952,-7,3,-57,-8345.365234375,0.029208362102508545,-0.002479836344718933,0.021173208951950073,-1,11,0,-43,-6,3,-0.047643301288172984
g17141.t1,g16901.t1,0.5544,18.8,1,109,2.244759846052931,63,0,46,21851.23828125,0.20492354035377502,0.21809127926826477,0.5581493973731995,0.4905764162540436,0.06757299602031708,83,9,0,0,12,20,5,15,0.45871559633027525,0.025566834956407547,0.04200616478919983,0.020672352984547615,0.0,0.09582751989364624,0.024151742458343506,0.019491074606776237,0.017117958515882492,0.0619485080242157,0.018835851922631264,0.03720686584711075,,0.11973527818918228,0.0,0.0005906386068090796,0.0,0.22305716574192047,0.2675192654132843,1,104,2.336590325221933,46,0,58,22503.31640625,0.31417518854141235,0.12865367531776428,0.5358400940895081,0.48396268486976624,0.05187741667032242,64,10,1,11,16,20,4,16,0.46153846153846156,0.0,0.07122763246297836,0.2125529795885086,0.0074558076448738575,0.02133103646337986,0.006389382760971785,0.10898297280073166,0.05497148633003235,0.014051330275833607,0.0050440337508916855,0.031053921207785606,0.010101593099534512,0.021093256771564484,0.011040329933166504,0.05497655272483826,0.2714097201824188,0.05187741667032242,,0.046440545469522476,0.0,0.01225575152784586,0.014017105102539062,5,-0.09183047916900211,17,0,-12,-652.078125,-0.10925164818763733,0.08943760395050049,0.022309303283691406,19,-1,-1,-11,-4,-1,-0.0028228652081863093
g2037.t1,g9663.t1,0.5542,18.3,1,436,2.697780139995767,128,73,235,35824.5390625,0.15108998119831085,0.2411322295665741,0.6056161522865295,0.38760215044021606,0.2180139720439911,316,35,6,299,0,36,31,5,0.20642201834862386,0.1341855525970459,0.0838283970952034,0.0032279756851494312,0.0,0.061338044703006744,0.007898766547441483,0.0713316798210144,0.0,0.13613194227218628,0.0021615661680698395,0.011679735966026783,0.0,0.006373817566782236,0.04607990011572838,0.0,0.0021122856996953487,0.34783801436424255,0.039764150977134705,1,385,2.9138937976939325,134,61,190,40117.859375,0.14788591861724854,0.3039950430393219,0.532765805721283,0.36230146884918213,0.17046435177326202,319,42,7,184,-1,31,27,4,0.2545454545454545,0.07997620850801468,0.006872687954455614,0.28017526865005493,0.0,0.015353265218436718,0.0,0.047625791281461716,0.01516718603670597,0.0511348657310009,0.06586632877588272,0.0855969563126564,0.04954366013407707,0.07131243497133255,0.01769545115530491,0.014503801241517067,0.08212622255086899,0.09048813581466675,0.0,0.010053334757685661,0.016508465632796288,0.04253551736474037,0.003512545023113489,51,-0.2161136576981657,-6,12,45,-4293.3203125,0.003204062581062317,-0.0628628134727478,0.07285034656524658,-3,-7,-1,115,1,1,-0.048123436196830655
g10860.t1,g4392.t1,0.5538,16.5,1,198,1.7501631959730157,4,99,95,19838.52734375,0.24165178835391998,0.3075021207332611,0.3283299207687378,0.16735145449638367,0.16097848117351532,168,19,11,266,-4,10,10,0,0.23232323232323232,0.06695196777582169,0.09402650594711304,0.04033482074737549,0.0011530319461598992,0.016962138935923576,0.030196215957403183,0.015062013640999794,0.0006505616474896669,0.048753876239061356,0.1225161924958229,0.009263087995350361,0.029925836250185966,0.06565749645233154,0.07828457653522491,0.04432245343923569,0.03240099176764488,0.09429951012134552,0.07305192947387695,1,214,2.2458336979828792,14,83,117,24973.072265625,0.44451233744621277,0.2700537145137787,0.26985082030296326,0.15937063097953796,0.11048019677400589,156,16,15,426,-5,9,10,-1,0.3177570093457944,0.0882735550403595,0.17677991092205048,0.144668310880661,0.033330511301755905,0.015583161264657974,0.0,0.10064099729061127,0.02718491107225418,0.047325458377599716,0.029666949063539505,0.08312228322029114,0.03792497143149376,0.08191023021936417,0.05930326506495476,0.0,0.014702306129038334,0.022206634283065796,0.0,0.02713220939040184,0.010244362987577915,0.05105592682957649,0.08513087779283524,-16,-0.4956705020098635,-10,16,-22,-5134.544921875,-0.20286054909229279,0.03744840621948242,0.058479100465774536,12,3,-4,-160,1,1,-0.08543377702256205
g11821.t1,g12041.t1,0.5493,40.9,1,328,3.8874752872564904,47,69,212,57626.59375,0.16636408865451813,0.41269823908805847,0.41237369179725647,0.3115685284137726,0.10080520063638687,185,23,0,80,20,41,21,20,0.4268292682926829,0.07704635709524155,0.02375885099172592,0.00027995285927318037,0.0,0.024924878031015396,0.022343186661601067,0.03811025619506836,0.0,0.03191981464624405,0.008563986048102379,0.031581081449985504,0.01865127682685852,0.12581242620944977,0.09952711313962936,0.023050246760249138,0.06040917709469795,0.15771208703517914,0.15385642647743225,1,148,3.1331459219911344,22,32,94,31935.361328125,0.12955984473228455,0.22331947088241577,0.6310985684394836,0.44219106435775757,0.18890750408172607,64,5,0,35,4,21,20,1,0.4189189189189189,0.13547265529632568,0.0,0.06144746392965317,0.0,0.016022080555558205,0.0,0.0023825382813811302,0.035594578832387924,0.014562349766492844,0.017505433410406113,0.00839206948876381,0.006617546081542969,0.021884333342313766,0.0,0.08663580566644669,0.3807435631752014,0.05343487113714218,0.011618869379162788,0.014360283501446247,0.13332553207874298,0.07268652319908142,0.02976638823747635,180,0.754329365265356,25,37,118,25691.232421875,0.03680424392223358,0.1893787682056427,-0.21872487664222717,121,18,0,45,16,19,0.007910349373764003
g1267.t1,g1424.t3,0.5489,23.5,1,194,2.151030033160574,75,16,103,22530.720703125,0.401657372713089,0.2219962477684021,0.36800071597099304,0.17958702147006989,0.18841369450092316,140,10,70,117,-4,9,11,-2,0.31443298969072164,0.07850725203752518,0.10990641266107559,0.1651647537946701,0.003480878658592701,0.08162522315979004,0.026625722646713257,0.06968236714601517,0.027209239080548286,0.0,0.008345697075128555,0.011863287538290024,0.0,0.015446715988218784,0.04228474199771881,0.027495650574564934,0.0,0.019246196374297142,0.1603408306837082,1,182,2.029567002876318,81,31,70,20411.05078125,0.2856835424900055,0.41037866473197937,0.30393779277801514,0.23345060646533966,0.07048720121383667,159,5,59,205,-1,12,9,3,0.2967032967032967,0.048224858939647675,0.0723242238163948,0.12729699909687042,0.0678156316280365,,0.0,0.044073741883039474,0.024774566292762756,0.0,0.09468649327754974,0.10926425457000732,0.008209263905882835,0.1426275223493576,0.03619995340704918,0.053611818701028824,0.10615357756614685,0.022262342274188995,0.0,0.011658158153295517,0.030816594138741493,0.134158194065094,0.018616847693920135,12,0.12146303028425587,-6,-15,33,2119.669921875,0.1159738302230835,-0.18838241696357727,0.0640629231929779,-19,5,11,-88,-3,-5,0.01772969298742494
g13229.t1,g1715.t1,0.5481,26.4,1,649,4.151096740708378,121,147,381,77929.09375,0.31086641550064087,0.2900553047657013,0.34999701380729675,0.2705584466457367,0.07943852245807648,429,46,6,183,14,44,32,12,0.31432973805855163,0.044039007276296616,0.03539951145648956,0.033519938588142395,0.0,0.035443343222141266,0.011592353694140911,0.09901938587427139,0.03245747461915016,0.08209928125143051,0.049081314355134964,0.027517590671777725,0.0,0.07402947545051575,0.044806383550167084,0.025407975539565086,0.020586026832461357,0.17239536345005035,0.09816310554742813,1,755,3.908201934281233,186,162,407,63569.53125,0.2643826901912689,0.3736282289028168,0.3359447121620178,0.23668520152568817,0.09925951808691025,564,53,3,223,15,44,28,16,0.23576158940397351,0.047164350748062134,0.010186788626015186,0.1497144252061844,0.012314080260694027,0.026044458150863647,0.005290930159389973,0.01735861971974373,0.021243125200271606,0.07403458654880524,0.14611105620861053,0.0733550563454628,0.056052420288324356,0.028347309678792953,0.041352394968271255,0.03184826299548149,0.08697079122066498,0.052095163613557816,0.001772994757629931,0.07551497966051102,0.043228305876255035,0.05694175511598587,0.05750073119997978,-106,0.24289480642714523,-65,-15,-26,14359.5625,0.04648372530937195,-0.08357292413711548,0.01405230164527893,-135,-7,3,-40,-1,-4,0.07856814865457812
g17131.t1,g3291.t1,0.548,17.2,1,139,3.298464949867283,75,0,64,32066.634765625,0.23031750321388245,0.17220044136047363,0.5817344188690186,0.461780309677124,0.11995416134595871,101,11,0,18,16,26,8,18,0.4748201438848921,0.08457023650407791,0.035383932292461395,0.012847251258790493,,0.0633566677570343,0.008598648943006992,0.06582322716712952,0.002213641069829464,0.07232513278722763,0.015747595578432083,0.07826277613639832,,0.046018801629543304,0.014993134886026382,0.007813953794538975,0.022185616195201874,0.33514347672462463,0.126636803150177,1,134,2.8771657723330555,63,0,71,28949.4609375,0.2135128229856491,0.21854296326637268,0.5514222979545593,0.49429574608802795,0.05712655559182167,88,9,0,0,20,26,6,20,0.4925373134328358,0.03704836219549179,0.015937985852360725,0.2612137794494629,0.02117345482110977,0.016521932557225227,0.0,0.07332991808652878,0.016519440338015556,0.015269259922206402,0.08103255182504654,0.017454802989959717,0.09883479028940201,0.0047014020383358,0.00022290890046861023,0.012358390726149082,0.23308198153972626,0.02007819153368473,,0.07522089034318924,0.0,0.008079110644757748,0.0,5,0.42129917753422763,12,0,-7,3117.173828125,0.016804680228233337,-0.04634252190589905,0.03031212091445923,13,2,0,18,-4,-2,-0.017717169547943723
g9706.t1,g10089.t3,0.5472,13.0,1,152,1.7514890442680935,55,36,61,18925.16015625,0.17782334983348846,0.25823310017585754,0.5308648943901062,0.47266608476638794,0.05819881334900856,116,14,0,234,28,23,4,19,0.28289473684210525,0.03720685467123985,0.020991960540413857,0.0,,0.07266157120466232,0.018433712422847748,0.012786732986569405,0.00017048977315425873,0.11802010238170624,0.03307880461215973,0.03322499990463257,0.00034097954630851746,0.05953484773635864,0.03359103202819824,0.02284562774002552,0.00236742221750319,0.26970377564430237,0.20296227931976318,1,159,2.606068520915194,28,34,97,30822.375,0.3502581715583801,0.17507824301719666,0.45235323905944824,0.4177511930465698,0.0346020832657814,88,11,0,31,26,27,5,22,0.389937106918239,0.0014440679224207997,0.09279363602399826,0.2769165337085724,0.024880889803171158,0.02231036312878132,,0.04859846830368042,0.016631364822387695,0.1003899946808815,0.01313141267746687,0.020766614004969597,0.02294616959989071,0.059003207832574844,0.0010253400541841984,0.04163715988397598,0.14083464443683624,0.033158011734485626,0.0030333898030221462,0.037899307906627655,0.04259946942329407,0.026285985484719276,0.035792943090200424,-7,-0.8545794766471007,27,2,-36,-11897.21484375,-0.17243482172489166,0.08315485715866089,0.07851165533065796,28,3,0,203,2,-3,-0.10704237007613376
g6532.t2,g37.t1,0.5471,19.1,1,229,2.5179034593369156,77,30,122,26914.435546875,0.1520087718963623,0.3456436097621918,0.4992307722568512,0.3612622618675232,0.1379685252904892,163,18,3,185,8,26,18,8,0.314410480349345,0.05214748531579971,0.08582104742527008,0.010189937427639961,0.0,0.0,0.029099861159920692,0.028212424367666245,0.010184095241129398,0.09117484092712402,0.0031169219873845577,0.0600251629948616,0.0,0.007073015905916691,0.08955573290586472,0.02517514117062092,0.05691145732998848,0.19774486124515533,0.16351740062236786,1,870,3.8897707060734508,417,88,365,52799.4296875,0.17543277144432068,0.2755213975906372,0.5417556762695312,0.3184828758239746,0.22327283024787903,792,82,0,774,-17,58,54,4,0.17586206896551723,0.08572650700807571,0.006599824875593185,0.27738380432128906,0.0,0.00729015376418829,0.0,0.03242183104157448,0.012515949085354805,0.07273681461811066,0.05212061479687691,0.06857293099164963,0.07118088752031326,0.056321196258068085,0.006583105772733688,0.005255416035652161,0.04109906405210495,0.13754630088806152,0.0,0.0518357940018177,0.014809831976890564,0.0718287006020546,0.018222006037831306,-641,-1.3718672467365352,-340,-58,-243,-25884.994140625,-0.023423999547958374,0.07012221217155457,-0.042524904012680054,-629,-64,3,-589,25,4,0.13854841138382776
g6412.t1,g1789.t1,0.5471,23.5,1,152,1.8154133398516852,85,13,54,18219.9296875,0.32221719622612,0.24573446810245514,0.3924204111099243,0.16162802278995514,0.2307923585176468,130,13,1,73,-12,11,20,-9,0.3026315789473684,0.10265642404556274,0.12813591957092285,0.03806602582335472,0.0,0.07705853879451752,0.0008854441693983972,0.0,0.02142775058746338,0.05740075930953026,0.039628058671951294,0.04250425100326538,,0.07725293189287186,0.1010235995054245,0.1431606262922287,0.0,0.1571112722158432,0.004516750108450651,1,147,1.9428953876546258,91,12,44,17969.48046875,0.18326999247074127,0.27007704973220825,0.47692474722862244,0.2457488477230072,0.23117589950561523,145,9,0,96,-11,13,15,-2,0.3197278911564626,0.05620206147432327,0.021367283537983894,0.19044215977191925,0.0,0.06972820311784744,0.0,0.11501024663448334,0.01797913759946823,0.04312177374958992,0.08951607346534729,0.033019863069057465,0.038179583847522736,0.06755155324935913,0.003411583136767149,0.0003591140266507864,0.05530667304992676,0.17497383058071136,0.0,0.0,0.023830832913517952,0.009171728976070881,0.0,5,-0.1274820478029406,-6,1,10,250.44921875,0.13894720375537872,-0.024342581629753113,-0.08450433611869812,-15,4,1,-23,-1,-7,-0.01709631220909419
g649.t1,g4756.t1,0.5467,31.8,1,351,3.03545612579494,96,87,168,32169.87109375,0.18752658367156982,0.3157918453216553,0.45373448729515076,0.31484872102737427,0.13888581097126007,313,42,1,455,-2,26,15,11,0.25071225071225073,0.06611853837966919,0.07276725023984909,0.029970552772283554,0.0,0.042662180960178375,0.041362836956977844,0.03825634345412254,0.010806937702000141,0.12982189655303955,0.04294701665639877,0.04245707392692566,0.0009026742773130536,0.044850800186395645,0.0369548462331295,0.018262911587953568,0.032863881438970566,0.21390795707702637,0.10094073414802551,1,855,3.3624842791500047,255,202,398,48172.01953125,0.13390308618545532,0.23618847131729126,0.5915912985801697,0.30663567781448364,0.2849556803703308,767,107,7,810,-22,45,45,0,0.15555555555555556,0.09738631546497345,0.005134529434144497,0.21328650414943695,0.0006545264041051269,0.03831710293889046,0.0,0.01798887923359871,0.03882799297571182,0.029347574338316917,0.05026770383119583,0.062119290232658386,0.05061594396829605,0.03183674067258835,0.02113788016140461,0.0014065731083974242,0.0933491587638855,0.18756937980651855,0.003801282960921526,0.05443183705210686,0.002520795213058591,0.02993760071694851,0.004207906778901815,-504,-0.3270281533550645,-159,-115,-230,-16002.1484375,0.0536234974861145,0.07960337400436401,-0.13785681128501892,-454,-65,-6,-355,20,11,0.09515669515669517
g11474.t1,g14931.t1,0.5465,15.4,1,473,3.3269149382233048,213,93,167,37388.3515625,0.35942479968070984,0.3589065670967102,0.2556086480617523,0.20251740515232086,0.053091228008270264,403,16,24,694,8,18,12,6,0.23255813953488372,0.022435901686549187,0.030655328184366226,0.1064034104347229,0.006283423397690058,0.044190775603055954,0.02690058760344982,0.041783783584833145,0.021966414526104927,0.10422976315021515,0.02606000192463398,0.018567338585853577,0.02890988439321518,0.05149165168404579,0.04668306186795235,0.024940168485045433,0.013767817057669163,0.10641786456108093,0.09609954059123993,1,294,2.071365516417348,185,12,97,24580.064453125,0.2820166051387787,0.22588737308979034,0.46723473072052,0.3701786696910858,0.09705603122711182,254,16,10,307,16,21,9,12,0.20748299319727892,0.03130187839269638,0.07127787172794342,0.2602086365222931,0.030820349231362343,0.024861233308911324,0.0,0.030434243381023407,0.0764329805970192,0.034442365169525146,0.06894370913505554,0.0025654821656644344,0.024218518286943436,0.033604804426431656,0.04306067153811455,0.04381617531180382,0.10997003316879272,0.06575415283441544,0.007556059397757053,0.02060888707637787,0.020121902227401733,0.10955024510622025,0.07266306132078171,179,1.2555494218059566,28,81,70,12808.287109375,0.07740819454193115,0.13301919400691986,-0.2116260826587677,149,0,14,387,-8,-6,0.025075146337604798
g14210.t1,g1393.t1,0.5442,12.2,1,118,1.8469997613887725,98,0,20,17653.09375,0.30991774797439575,0.19816656410694122,0.4142962694168091,0.2650167942047119,0.14927944540977478,121,14,2,49,-6,12,13,-1,0.3813559322033898,0.11689721047878265,0.03238224238157272,0.031254544854164124,0.03294973447918892,0.11380001157522202,0.005292144138365984,0.025040190666913986,0.06068133935332298,0.06024277210235596,0.07761948555707932,0.04313492774963379,0.027233490720391273,0.04039689525961876,0.013244648464024067,0.0,0.026392905041575432,0.12714144587516785,0.13787534832954407,1,174,2.515596786437134,127,0,47,28110.46875,0.28123000264167786,0.1796453893184662,0.5251767635345459,0.3574308454990387,0.167745903134346,157,17,0,139,1,22,15,7,0.39655172413793105,0.08155116438865662,0.06333030015230179,0.28279128670692444,0.018709292635321617,0.013947799801826477,0.007207362446933985,0.07377517223358154,0.02158559113740921,0.01033028494566679,0.011029846034944057,0.02568855881690979,0.08302110433578491,0.014390007592737675,0.051013994961977005,0.05347222089767456,0.07463958859443665,0.08619473874568939,0.0008034666534513235,0.009795273654162884,0.016722921282052994,0.019647466018795967,0.008773205801844597,-56,-0.6685970250483615,-29,0,-27,-10457.375,0.028687745332717896,0.018521174788475037,-0.11088049411773682,-36,-3,2,-90,-7,-8,-0.015195791934541236
g7435.t1,g1908.t1,0.5425,11.0,1,147,1.9100186389879357,9,77,61,20329.58984375,0.3472413122653961,0.4858601689338684,0.1572684496641159,0.11026427149772644,0.04700416326522827,99,2,6,197,-2,7,5,2,0.3469387755102041,0.00853375717997551,0.03847040981054306,0.05856465548276901,0.00046528028906323016,0.07137533277273178,0.02061043120920658,0.04761354625225067,0.029011700302362442,0.10026969760656357,0.009630111046135426,0.003809083718806505,0.002672772388905287,0.038468774408102036,0.25965002179145813,0.011744674295186996,0.05315149948000908,0.06137647479772568,0.048887792974710464,1,235,2.5280163522007073,55,68,112,28476.6796875,0.3045673370361328,0.36095714569091797,0.33312228322029114,0.1861119568347931,0.14701034128665924,173,9,38,213,-1,15,11,4,0.3021276595744681,0.07703422755002975,0.12518636882305145,0.134540855884552,0.07864871621131897,0.0013531942386180162,0.0019205065909773111,0.046359188854694366,0.00798824429512024,0.009368139319121838,0.10598765313625336,0.03719285875558853,0.022768398746848106,0.17183545231819153,0.008330313488841057,0.00022660972899757326,0.05157110095024109,0.06997609883546829,0.005541605409234762,0.030906394124031067,0.013264063745737076,0.013244454748928547,0.12244953960180283,-88,-0.6179977132127716,-46,9,-51,-8147.08984375,0.042673975229263306,0.12490302324295044,-0.17585383355617523,-74,-7,-32,-16,-1,-2,0.044811115935736
g2854.t1,g6322.t1,0.5425,55.7,1,207,2.9488431728208906,87,61,59,30390.9140625,0.3148428797721863,0.2532196640968323,0.4088086485862732,0.3004622459411621,0.10834643244743347,166,9,2,210,0,18,18,0,0.391304347826087,0.07482142001390457,0.0335250161588192,0.0732560008764267,0.005376244429498911,0.048345647752285004,0.003942410461604595,0.03265621140599251,0.08438053727149963,0.08818722516298294,0.023128841072320938,0.0027603711932897568,0.009637070819735527,0.051493290811777115,0.01926613412797451,0.021552128717303276,0.06510193645954132,0.06893064081668854,0.23153159022331238,1,200,2.9621754604389983,82,61,57,29463.31640625,0.4117334187030792,0.21144261956214905,0.37364819645881653,0.2754814326763153,0.09816674143075943,177,8,1,229,-1,19,16,3,0.405,0.02281394600868225,0.112576924264431,0.10208044201135635,0.0861082524061203,0.0031758081167936325,0.0044364044442772865,0.045414038002491,0.005475188139826059,0.02509257383644581,0.051150839775800705,0.047326505184173584,0.04576726630330086,0.02803630381822586,0.04411030933260918,0.05946427211165428,0.17340101301670074,0.07535280287265778,0.0367768257856369,0.002190212719142437,0.02925010398030281,0.019852440804243088,0.04225490987300873,7,-0.013332287618107674,5,0,2,927.59765625,-0.09689053893089294,0.04177704453468323,0.035160452127456665,-11,1,1,-19,1,-3,-0.013695652173913053
g771.t1,g14778.t2,0.542,57.9,1,1741,5.496519234506544,1145,121,475,122086.640625,0.1571618765592575,0.2140987366437912,0.622509241104126,0.40498116612434387,0.2175280898809433,1754,246,17,665,-1,148,116,32,0.21137277426766227,0.1685316264629364,0.0489964559674263,0.04705198481678963,0.0,0.006822658237069845,0.018532177433371544,0.04347005859017372,0.008640860207378864,0.10024856775999069,0.006230134516954422,0.019406815990805626,0.009300051257014275,0.029316209256649017,0.036673638969659805,0.02101588062942028,0.003789848880842328,0.23857903480529785,0.16640213131904602,1,2128,5.494918669773036,1591,121,416,127244.5390625,0.12117180228233337,0.1855962872505188,0.6849642992019653,0.4560815095901489,0.2288828343153,2229,350,10,759,-38,182,146,36,0.17528195488721804,0.07420443743467331,0.045943427830934525,0.2952970266342163,0.0034992729779332876,0.008267625235021114,0.0,0.008323832415044308,0.022196868434548378,0.005372226238250732,0.07921721041202545,0.03918133303523064,0.009958881884813309,0.029081175103783607,0.009153895080089569,0.004589047748595476,0.1607845276594162,0.1546783596277237,0.010731901042163372,0.033558204770088196,0.005960822571069002,0.025538291782140732,0.0014535582158714533,-387,0.001600564733507781,-446,0,59,-5157.8984375,0.03599007427692413,0.0285024493932724,-0.062455058097839355,-475,-104,7,-94,37,-4,0.03609081938044423
g14420.t1,g15353.t3,0.5403,66.9,1,780,6.582323919619035,217,236,327,79865.484375,0.2131890505552292,0.24969851970672607,0.520141065120697,0.3436774015426636,0.17646361887454987,570,76,1,240,-10,79,55,24,0.2846153846153846,0.11311661452054977,0.0633469894528389,0.04963815584778786,0.0017593897646293044,0.004355816636234522,0.02319289557635784,0.04005604237318039,0.014561287127435207,0.07449936121702194,0.016971446573734283,0.03035997413098812,0.0,0.04207012429833412,0.06535711884498596,0.03360418602824211,0.009126155637204647,0.18654578924179077,0.15713165700435638,1,843,6.911571915197409,233,298,312,89656.234375,0.20291218161582947,0.2287457287311554,0.523820698261261,0.3617473840713501,0.1620732843875885,660,91,1,173,-9,80,65,15,0.30604982206405695,0.06010957434773445,0.03553467616438866,0.21051427721977234,0.027899479493498802,0.04452134668827057,0.0,0.03550273925065994,0.021029911935329437,0.04604222625494003,0.07876381278038025,0.039833858609199524,0.03433819115161896,0.045763831585645676,0.015966948121786118,0.008390008471906185,0.15123310685157776,0.10196371376514435,0.0,0.033576104789972305,0.009016120806336403,0.03369347006082535,0.040613602846860886,-63,-0.32924799557837403,-16,-62,15,-9790.75,0.01027686893939972,0.02095279097557068,-0.003679633140563965,-90,-15,0,67,-1,9,-0.02143443744867235
g1262.t2,g1424.t3,0.5399,20.9,1,196,2.360641479844127,73,24,99,23738.138671875,0.33821871876716614,0.3910635709762573,0.24629521369934082,0.15445788204669952,0.0918373316526413,134,13,66,175,-2,9,7,2,0.3520408163265306,0.03865787759423256,0.053179461508989334,0.16321679949760437,0.005184957757592201,0.048241470009088516,0.026269368827342987,0.06797939538955688,0.013184478506445885,0.061042532324790955,0.02442253939807415,0.005844665691256523,0.013540549203753471,0.11067242175340652,0.13133803009986877,0.01400001347064972,0.004695309791713953,0.043470773845911026,0.1109871119260788,1,182,2.029567002876318,81,31,70,20411.05078125,0.2856835424900055,0.41037866473197937,0.30393779277801514,0.23345060646533966,0.07048720121383667,159,5,59,205,-1,12,9,3,0.2967032967032967,0.048224858939647675,0.0723242238163948,0.12729699909687042,0.0678156316280365,,0.0,0.044073741883039474,0.024774566292762756,0.0,0.09468649327754974,0.10926425457000732,0.008209263905882835,0.1426275223493576,0.03619995340704918,0.053611818701028824,0.10615357756614685,0.022262342274188995,0.0,0.011658158153295517,0.030816594138741493,0.05186094716191292,0.012211328372359276,14,0.3310744769678089,-8,-7,29,3327.087890625,0.052535176277160645,-0.019315093755722046,-0.057642579078674316,-25,8,7,-30,-1,-1,0.05533751962323391
g10582.t1,g4533.t2,0.5395,10.2,1,369,2.64359504452842,60,150,159,29247.599609375,0.19740241765975952,0.3880314528942108,0.3618403375148773,0.233851358294487,0.12798897922039032,316,41,65,302,0,22,13,9,0.21680216802168023,0.09630705416202545,0.03168192133307457,0.017981886863708496,0.0,0.06206417456269264,0.046094633638858795,0.04267055541276932,0.00448029488325119,0.06484692543745041,0.05272583290934563,0.026603631675243378,0.017863178625702858,0.05711904540657997,0.08976300060749054,0.01610647514462471,0.06165260449051857,0.08976328372955322,0.14408808946609497,1,369,3.2203740620632226,31,158,180,35523.4921875,0.34067612886428833,0.35093456506729126,0.28613531589508057,0.19371747970581055,0.09241782873868942,270,25,17,504,-7,15,13,2,0.26287262872628725,0.04835670068860054,0.03560863807797432,0.16154849529266357,0.09235960990190506,0.02225399948656559,0.002023763721808791,0.06076090782880783,0.03413042426109314,0.062249813228845596,0.06165381148457527,0.04549429565668106,0.05704302713274956,0.07844138890504837,0.028501519933342934,0.043490294367074966,0.032169003039598465,0.04406112805008888,0.002452370012179017,0.015252979472279549,0.07214784622192383,0.06855521351099014,0.009632213972508907,0,-0.5767790175348027,29,-8,-21,-6275.892578125,-0.1432737112045288,0.037096887826919556,0.07570502161979675,46,16,48,-202,7,7,-0.04607046070460702
g19580.t1,g1169.t1,0.5384,19.1,1,241,2.569825178165303,87,25,129,32494.0,0.22919495403766632,0.2249806523323059,0.543838381767273,0.15659092366695404,0.3872474431991577,188,30,1,164,-23,20,38,-18,0.34024896265560167,0.16390661895275116,0.22334083914756775,0.06521527469158173,0.0,0.05480765551328659,0.0006950767710804939,0.04860103875398636,0.015986764803528786,0.033970948308706284,0.0019859333988279104,0.01618536002933979,0.0,0.019260982051491737,0.12625263631343842,0.028398850932717323,0.021117566153407097,0.09965788573026657,0.056933045387268066,1,222,2.2685268684526525,80,30,112,26802.931640625,0.3487851917743683,0.3488817512989044,0.2874448597431183,0.15941713750362396,0.1280277520418167,163,13,0,102,3,13,10,3,0.32882882882882886,0.029948119074106216,0.025154003873467445,0.11583465337753296,0.012880696915090084,0.014888244681060314,0.0,0.07835206389427185,0.010311165824532509,0.07530595362186432,0.10954076051712036,0.05122525617480278,0.08351737260818481,0.09428720921278,0.04391687363386154,0.03501109033823013,0.043582476675510406,0.0980796292424202,0.0013127375859767199,0.07685179263353348,0.0,0.02368343248963356,0.0,19,0.3012983097126507,7,-5,17,5691.068359375,-0.11959023773670197,-0.12390109896659851,0.25639352202415466,25,17,1,62,-26,-21,0.011420133826772816
g11568.t1,g10797.t1,0.5377,18.9,1,180,2.971874915130754,12,36,132,34304.9765625,0.22369249165058136,0.19440197944641113,0.5782535076141357,0.21829354763031006,0.3599599301815033,93,14,1,36,-9,23,28,-5,0.45555555555555555,0.2496352195739746,0.11032471060752869,0.06103089079260826,0.0,0.05057220906019211,0.006671159993857145,0.013920103199779987,0.017964458093047142,0.04710710048675537,0.0036520378198474646,0.020311539992690086,0.0020692048128694296,0.025907058268785477,0.08845112472772598,0.030065355822443962,0.019216012209653854,0.12799963355064392,0.09029390662908554,1,182,2.816947936751998,28,35,119,35314.4921875,0.12584206461906433,0.22777749598026276,0.6351518034934998,0.11505096405744553,0.5201007723808289,97,12,0,41,-38,13,49,-36,0.4175824175824176,0.17603766918182373,0.000274098216323182,0.09845712035894394,0.027227086946368217,0.01122861634939909,0.0,0.04920496419072151,0.002618370810523629,0.02215404435992241,0.06887303292751312,0.03527993708848953,0.023712944239377975,0.0739876851439476,0.0035632767248898745,0.000548196432646364,0.016593853011727333,0.3440631628036499,0.0021014194935560226,0.020768973976373672,0.023305533453822136,0.007049523293972015,0.027758726850152016,-2,0.1549269783787559,-16,1,13,-1009.515625,0.09785042703151703,-0.033375516533851624,-0.056898295879364014,-4,2,1,-5,29,31,0.03797313797313795
g2428.t1,g7654.t1,0.5347,11.9,1,229,2.681107068061874,175,0,54,30427.09765625,0.40167301893234253,0.2499607801437378,0.33474522829055786,0.24531026184558868,0.08943500369787216,197,11,0,169,12,17,8,9,0.31004366812227074,0.06663765758275986,0.022797338664531708,0.08541040122509003,0.0,0.09142757952213287,0.00031087282695807517,0.05283994600176811,0.036478400230407715,0.11053779721260071,0.013620920479297638,0.0006362512358464301,0.017284823581576347,0.041312478482723236,0.024219568818807602,0.0271467175334692,0.02037871442735195,0.17423275113105774,0.07107750326395035,1,147,1.737921837508005,128,0,19,16642.546875,0.46178963780403137,0.24703069031238556,0.2911796271800995,0.22838599979877472,0.06279363483190536,152,1,0,254,4,7,4,3,0.2789115646258503,0.021682266145944595,0.09625780582427979,0.06518018990755081,0.009499793872237206,0.0,,0.06529828161001205,0.02385023422539234,0.050635699182748795,0.06809669733047485,0.0931907519698143,0.03934745118021965,0.0020839867647737265,0.017254726961255074,0.08033809810876846,0.1632058024406433,0.04111137241125107,0.09839548915624619,0.04410969465970993,0.020461566746234894,0.0532013475894928,0.09044887125492096,82,0.9431852305538688,47,0,35,13784.55078125,-0.06011661887168884,0.002930089831352234,0.043565601110458374,45,10,0,-85,8,6,0.031132103496420427
g9206.t2,g4403.t1,0.5333,30.6,1,176,2.890321776422695,55,0,121,35383.015625,0.3585679829120636,0.19984544813632965,0.4415864944458008,0.24216152727603912,0.19942496716976166,71,2,0,42,-5,16,18,-2,0.5170454545454546,0.17633263766765594,0.02309233695268631,0.07249535620212555,0.0,0.021707380190491676,0.03527108579874039,0.08957237750291824,0.012306373566389084,0.01751076430082321,0.0,0.07238153368234634,0.0001823782513383776,0.039015330374240875,0.027449961751699448,0.04697250574827194,0.012942046858370304,0.22536754608154297,0.016793981194496155,1,111,2.8744200400622555,45,0,66,24879.0859375,0.2612513303756714,0.209591343998909,0.529157280921936,0.21854722499847412,0.3106100559234619,65,5,0,5,-5,12,17,-5,0.6036036036036037,0.18056784570217133,0.04687904193997383,0.20595219731330872,0.00855948030948639,,,0.00012968909868504852,0.038580272346735,0.04809395596385002,0.018913041800260544,0.09294591844081879,0.017678704112768173,0.04147340729832649,0.023276032879948616,0.048630449920892715,0.012595058418810368,0.1300422102212906,,0.0856826901435852,0.0,0.0676562637090683,0.04295007884502411,65,0.015901736360439678,10,0,55,10503.9296875,0.09731665253639221,-0.009745895862579346,-0.08757078647613525,6,-3,0,37,0,3,-0.08655814905814907
g15161.t1,g2547.t1,0.5332,21.1,1,833,3.8714640830682376,327,138,368,69203.5859375,0.21048109233379364,0.2842336595058441,0.5052852630615234,0.25953903794288635,0.24574624001979828,674,89,12,297,-15,59,55,4,0.19447779111644659,0.13160359859466553,0.11414264142513275,0.022167500108480453,0.0,0.06091863662004471,0.016382284462451935,0.04584807902574539,0.03321496397256851,0.15584951639175415,0.0,0.005993233527988195,0.01053701713681221,0.018935419619083405,0.03385915607213974,0.0025176946073770523,0.027139006182551384,0.1379421353340149,0.12159688770771027,1,768,4.256493895624391,303,148,317,55714.796875,0.1866806000471115,0.25056830048561096,0.5588234663009644,0.36875322461128235,0.19007019698619843,621,54,2,278,4,57,44,13,0.19140625,0.03721364215016365,0.01811812072992325,0.23392243683338165,0.013435546308755875,0.0039276364259421825,0.0,0.047151148319244385,0.017279596999287605,0.05021693930029869,0.01755002699792385,0.03129038214683533,0.1002977043390274,0.08188560605049133,0.03146310895681381,0.017222078517079353,0.13483083248138428,0.15285657346248627,,0.009073673747479916,0.002264981623739004,0.032068248838186264,0.029283961281180382,65,-0.38502981255615376,24,-10,51,13488.7890625,0.02380049228668213,0.033665359020233154,-0.05353820323944092,53,35,10,19,-19,-9,0.0030715411164465856
g13618.t1,g8172.t1,0.5326,50.7,1,256,3.83830967313252,31,49,176,58726.453125,0.16566744446754456,0.1876336634159088,0.6376068592071533,0.5211380124092102,0.1164688915014267,108,26,0,24,39,52,17,35,0.546875,0.07515797019004822,0.04131091386079788,0.05481436476111412,,0.006990860681980848,0.0824531614780426,0.05696802958846092,0.01005545724183321,0.018858665600419044,0.009091934189200401,0.01519160345196724,0.0,0.02854069136083126,0.04143703728914261,0.00972472783178091,0.0004395356518216431,0.01991814561188221,0.5012198090553284,1,335,4.051656459342366,42,48,245,69425.5,0.12058386206626892,0.28527218103408813,0.5397916436195374,0.30704689025878906,0.2327447384595871,157,31,0,14,17,50,40,10,0.49850746268656715,0.058994732797145844,0.02435060776770115,0.041326187551021576,0.0014407234266400337,0.0543522909283638,,0.010344953276216984,0.040651481598615646,0.023198271170258522,0.09410408139228821,0.01625634729862213,0.05601813271641731,0.06288719177246094,0.015368374064564705,0.02766197919845581,0.2657207250595093,0.17375002801418304,0.0,0.01821894571185112,0.015354929491877556,0.01590457744896412,0.011922404170036316,-79,-0.21334678620984615,-11,1,-69,-10699.046875,0.045083582401275635,-0.09763851761817932,0.09781521558761597,-49,-5,0,10,22,25,0.04836753731343285
g14420.t1,g15353.t1,0.5302,65.5,1,780,6.582323919619035,217,236,327,79865.484375,0.2131890505552292,0.24969851970672607,0.520141065120697,0.3436774015426636,0.17646361887454987,570,76,1,240,-10,79,55,24,0.2846153846153846,0.11311661452054977,0.0633469894528389,0.04963815584778786,0.0017593897646293044,0.004355816636234522,0.02319289557635784,0.04005604237318039,0.014561287127435207,0.07449936121702194,0.016971446573734283,0.03035997413098812,0.0,0.04207012429833412,0.06535711884498596,0.03360418602824211,0.009126155637204647,0.18654578924179077,0.15713165700435638,1,1403,9.726827465367677,292,295,816,188395.53125,0.25486990809440613,0.19749431312084198,0.5314183831214905,0.3265163004398346,0.2049020230770111,890,165,1,244,-14,174,143,31,0.3856022808267997,0.056091777980327606,0.061755865812301636,0.24774782359600067,0.026986433193087578,0.016217418015003204,0.0024642362259328365,0.01272885873913765,0.016730716452002525,0.0305179450660944,0.047242265194654465,0.054692476987838745,0.026497483253479004,0.0359959676861763,0.05144080892205238,0.019538119435310364,0.07876849174499512,0.1488102525472641,0.004809408448636532,0.047092437744140625,0.013871174305677414,0.03369347006082535,0.040613602846860886,-623,-3.144503545748642,-75,-59,-489,-108530.046875,-0.04168085753917694,0.052204206585884094,-0.011277318000793457,-320,-89,0,-4,4,-7,-0.1009868962114151
g18506.t1,g12321.t1,0.5289,35.2,1,143,1.7844504936457461,85,12,46,17722.978515625,0.08173590898513794,0.17097201943397522,0.7472920417785645,0.41799861192703247,0.3292933702468872,144,22,0,62,-11,16,19,-3,0.26573426573426573,0.21705512702465057,0.11223826557397842,0.015110514126718044,,0.049773190170526505,0.04776538535952568,0.0,0.0043693059124052525,0.03657493367791176,0.0,0.0041083903051912785,0.0,0.04968783259391785,0.030175214633345604,0.008374502882361412,,0.4110300838947296,0.006968561094254255,1,152,1.7552163686331077,83,13,56,17814.544921875,0.2081918716430664,0.3569261431694031,0.4093146324157715,0.14783822000026703,0.26147645711898804,155,21,1,72,-14,8,20,-12,0.26973684210526316,0.09806978702545166,0.03419838845729828,0.12705032527446747,0.026081087067723274,0.025567296892404556,0.0,0.03768887743353844,0.0033972023520618677,0.0039846100844442844,0.0888977199792862,0.05153338983654976,0.061668913811445236,0.1514289230108261,0.007944445125758648,0.022132502868771553,0.02078789658844471,0.16340665519237518,,0.07616196572780609,0.0,0.006768647115677595,0.0,-9,0.029234125012638446,2,-1,-10,-91.56640625,-0.12645596265792847,-0.18595412373542786,0.33797740936279297,-11,1,-1,-10,3,9,-0.004002576370997435
g7435.t1,g12939.t1,0.5288,7.4,1,147,1.9100186389879357,9,77,61,20329.58984375,0.3472413122653961,0.4858601689338684,0.1572684496641159,0.11026427149772644,0.04700416326522827,99,2,6,197,-2,7,5,2,0.3469387755102041,0.00853375717997551,0.03847040981054306,0.05856465548276901,0.00046528028906323016,0.07137533277273178,0.02061043120920658,0.04761354625225067,0.029011700302362442,0.10026969760656357,0.009630111046135426,0.003809083718806505,0.002672772388905287,0.038468774408102036,0.25965002179145813,0.011744674295186996,0.05315149948000908,0.06137647479772568,0.048887792974710464,1,182,2.2848492364726654,30,64,88,23532.734375,0.4895002543926239,0.19771258533000946,0.3119696378707886,0.10129482299089432,0.21067480742931366,134,6,6,133,-9,5,15,-10,0.34065934065934067,0.1131352037191391,0.062315329909324646,0.09497325867414474,0.0721098780632019,0.0008174384129233658,0.012967499904334545,0.05474986508488655,0.0010937449987977743,0.026873335242271423,0.0,0.023120092228055,0.05955936014652252,0.09745083749294281,0.06894699484109879,0.09470783919095993,0.006321569439023733,0.09753961116075516,0.08984478563070297,0.01995225064456463,0.0035210680216550827,0.013244454748928547,0.12244953960180283,-35,-0.3748305974847297,-21,13,-27,-3203.14453125,-0.14225894212722778,0.28814758360385895,-0.15470118820667267,-35,-4,0,64,7,12,0.006279434850863408
g15733.t1,g114.t1,0.5278,20.3,1,220,2.971217664697226,52,42,126,31482.15625,0.5242499113082886,0.2743225693702698,0.20142753422260284,0.15952913463115692,0.04189838469028473,156,5,87,177,2,8,6,2,0.38181818181818183,0.03328535705804825,0.008613030426204205,0.10609789937734604,0.009860794059932232,0.05667645111680031,0.006158310454338789,0.07020635902881622,0.06456749886274338,0.041061464697122574,0.0,0.007789095863699913,0.020064277574419975,0.07543929666280746,0.041376836597919464,0.026954371482133865,0.03737553209066391,0.043396662920713425,0.1161324679851532,1,249,3.28494854753243,70,51,128,33363.89453125,0.36146315932273865,0.2695373296737671,0.36899951100349426,0.2254360318183899,0.14356347918510437,177,2,88,96,-6,15,19,-4,0.3614457831325301,0.10356669127941132,0.08133119344711304,0.073372483253479,0.1174653023481369,,0.006170445587486029,0.03625922650098801,0.02048165164887905,0.016266437247395515,0.02689003385603428,0.03909455984830856,0.05577739700675011,0.08455852419137955,0.04699995741248131,0.041390907019376755,0.1520635485649109,0.039996787905693054,0.0,0.021750114858150482,0.036564722657203674,0.06305032968521118,0.17189396917819977,-29,-0.3137308828352041,-18,-9,-2,-1881.73828125,0.16278675198554993,0.0047852396965026855,-0.16757197678089142,-21,3,-1,81,8,6,0.020372398685651716
g2135.t2,g4682.t1,0.5265,20.6,1,123,1.8055777143196123,49,4,70,18497.224609375,0.4536336064338684,0.375140517950058,0.07939326763153076,0.03216865286231041,0.047224607318639755,103,9,0,257,-3,3,3,0,0.36585365853658536,0.019943498075008392,0.027281111106276512,0.019778110086917877,,0.14361345767974854,0.008317159488797188,0.1087196096777916,0.02057526633143425,0.031205153092741966,0.09183263033628464,0.03336353600025177,0.03373811021447182,0.1255728006362915,0.023042013868689537,0.028258319944143295,0.17997883260250092,0.0,0.03216865286231041,1,379,2.889115888503664,136,28,215,42927.9296875,0.26481831073760986,0.41768166422843933,0.29911312460899353,0.16702978312969208,0.13208337128162384,283,14,0,187,-15,18,18,0,0.3034300791556728,0.09594971686601639,0.02847437933087349,0.09613501280546188,0.022138498723506927,0.01838691346347332,,0.05626444146037102,0.017133357003331184,0.04087095707654953,0.16077306866645813,0.06637745350599289,0.12951761484146118,0.034770622849464417,0.07645268738269806,0.0045097158290445805,0.07089478522539139,0.03613363951444626,0.0,0.036107633262872696,0.00910954549908638,0.007024538237601519,0.06558721512556076,-256,-1.0835381741840515,-87,-24,-145,-24430.705078125,0.18881529569625854,-0.04254114627838135,-0.21971985697746277,-180,-5,0,70,12,0,0.06242357938091253
g55.t1,g14800.t1,0.5252,11.3,1,108,2.4819636105568774,29,12,67,22219.04296875,0.17567001283168793,0.32083648443222046,0.5034934282302856,0.30958500504493713,0.1939084380865097,61,4,10,9,-3,14,14,0,0.4444444444444444,0.17130586504936218,0.022602571174502373,0.0007260768325068057,0.0,0.10338249057531357,0.020246470347046852,0.014957180246710777,0.007788658142089844,0.14955762028694153,,0.011617228388786316,0.0014328226679936051,0.017848245799541473,0.09046948701143265,0.004435462411493063,0.005029566586017609,0.2570382058620453,0.052546802908182144,1,127,2.292602843967815,33,27,67,21489.46875,0.20176412165164948,0.2930266261100769,0.41333869099617004,0.3562260568141937,0.05711265653371811,87,11,1,20,11,17,8,9,0.3700787401574803,0.025983553379774094,0.008258000016212463,0.17489182949066162,0.049838028848171234,0.09187063574790955,0.0,0.062076278030872345,0.02320074290037155,0.028056666254997253,0.16834864020347595,0.0005971587379463017,0.04715205356478691,0.053728021681308746,0.00945916399359703,0.006606400478631258,0.18133418262004852,0.031129103153944016,0.0296859722584486,0.007783602923154831,0.0,0.037685103714466095,0.03133009746670723,-19,0.1893607665890622,-4,-15,0,729.57421875,-0.026094108819961548,0.027809858322143555,0.0901547372341156,-26,-7,9,-11,-14,-9,0.0743657042869641
g10582.t2,g4533.t2,0.5245,10.2,1,376,2.7838403417312847,59,151,166,32625.716796875,0.29419809579849243,0.3358932435512543,0.3374200463294983,0.219835564494133,0.1175844743847847,308,42,75,304,-1,21,15,6,0.22340425531914893,0.08835120499134064,0.029233276844024658,0.08989627659320831,0.008706304244697094,0.05154929682612419,0.043199822306632996,0.039641428738832474,0.01191678736358881,0.024105023592710495,0.032488543540239334,0.024619923904538155,0.018480351194739342,0.06829999387264252,0.06458909064531326,0.009592891670763493,0.052295979112386703,0.11230208724737167,0.10753348469734192,1,369,3.2203740620632226,31,158,180,35523.4921875,0.34067612886428833,0.35093456506729126,0.28613531589508057,0.19371747970581055,0.09241782873868942,270,25,17,504,-7,15,13,2,0.26287262872628725,0.04835670068860054,0.03560863807797432,0.16154849529266357,0.09235960990190506,0.02225399948656559,0.002023763721808791,0.06076090782880783,0.03413042426109314,0.062249813228845596,0.06165381148457527,0.04549429565668106,0.05704302713274956,0.07844138890504837,0.028501519933342934,0.043490294367074966,0.032169003039598465,0.04406112805008888,0.002452370012179017,0.015252979472279549,0.07214784622192383,0.07469704747200012,0.048501159995794296,7,-0.43653372033193794,28,-7,-14,-2897.775390625,-0.0464780330657959,-0.015041321516036987,0.051284730434417725,38,17,58,-200,6,4,-0.039468373407138324
g55.t1,g14800.t3,0.5242,11.3,1,108,2.4819636105568774,29,12,67,22219.04296875,0.17567001283168793,0.32083648443222046,0.5034934282302856,0.30958500504493713,0.1939084380865097,61,4,10,9,-3,14,14,0,0.4444444444444444,0.17130586504936218,0.022602571174502373,0.0007260768325068057,0.0,0.10338249057531357,0.020246470347046852,0.014957180246710777,0.007788658142089844,0.14955762028694153,,0.011617228388786316,0.0014328226679936051,0.017848245799541473,0.09046948701143265,0.004435462411493063,0.005029566586017609,0.2570382058620453,0.052546802908182144,1,123,2.31532318695564,32,27,64,20907.947265625,0.14325323700904846,0.32660746574401855,0.43911194801330566,0.3725619614124298,0.06654996424913406,90,11,1,20,11,18,8,10,0.4146341463414634,0.035614192485809326,0.008642004802823067,0.18205572664737701,0.051073383539915085,0.09102728962898254,0.0,0.0,0.030962415039539337,0.02944374829530716,0.17832544445991516,0.0006102494662627578,0.059507809579372406,0.057201553136110306,0.009722257032990456,0.005555574782192707,0.190506249666214,0.030935771763324738,0.030668893828988075,0.008147375658154488,0.0,0.037685103714466095,0.03133009746670723,-15,0.16664042360123732,-3,-15,3,1311.095703125,0.032416775822639465,-0.005770981311798096,0.06438148021697998,-29,-7,9,-11,-14,-10,0.029810298102981025
g8636.t1,g14222.t1,0.5238,13.3,1,257,1.8492381696623434,110,34,113,21964.2421875,0.27565115690231323,0.1656031757593155,0.518928587436676,0.2598102390766144,0.25911828875541687,247,30,5,101,1,17,20,-3,0.2178988326848249,0.1818506419658661,0.07726766169071198,0.035815875977277756,0.0,0.11909449100494385,0.0023503992706537247,0.055087484419345856,0.0,0.05829489976167679,0.03981710597872734,0.026367852464318275,0.03091885894536972,0.056615378707647324,0.015845034271478653,0.008366599678993225,0.0011751996353268623,0.19603581726551056,0.06377439945936203,1,225,1.763947207984854,84,35,106,19214.75,0.1938934326171875,0.20439733564853668,0.5692315697669983,0.2774324417114258,0.2917991876602173,230,29,6,192,-12,13,21,-8,0.24444444444444444,0.07769588381052017,0.002350884024053812,0.2663382589817047,0.01561658550053835,0.032477542757987976,0.0,0.06851163506507874,0.037158045917749405,0.05082189664244652,0.004282956011593342,0.05484604462981224,0.00638097058981657,0.0928831472992897,0.00016792028327472508,0.0,0.011094186455011368,0.21410329639911652,0.020348960533738136,0.03607553616166115,0.008846178650856018,0.031322259455919266,0.0,32,0.08529096167748951,26,-1,7,2749.4921875,0.08175772428512573,-0.03879415988922119,-0.050302982330322266,17,1,-1,-91,13,5,-0.02654561175961953
g8731.t1,g3792.t1,0.5235,7.6,1,204,2.1209919773537687,98,32,74,23047.4296875,0.3188368082046509,0.3746495544910431,0.22069133818149567,0.1613880842924118,0.05930325388908386,174,12,50,214,-4,10,11,-1,0.27450980392156865,0.029152069240808487,0.030151188373565674,0.09003928303718567,0.019718466326594353,0.06927397102117538,0.006971070077270269,0.03191268444061279,0.0001399959292029962,0.1107187569141388,0.08582233637571335,0.002930339192971587,0.00246406439691782,0.040674541145563126,0.1092865988612175,0.01707950234413147,0.0,0.08676473051309586,0.07462335377931595,1,218,1.818097375080367,103,32,83,20549.12109375,0.1445501744747162,0.15216092765331268,0.7032889127731323,0.3414160907268524,0.3618728220462799,202,38,1,312,-6,19,23,-4,0.25229357798165136,0.09160518646240234,0.014102824963629246,0.24808764457702637,0.0,0.0,0.0,0.09145767986774445,0.05885406956076622,0.02755611017346382,0.017671190202236176,0.008339268155395985,0.004324860870838165,0.04567158967256546,0.0,0.0,0.09332844614982605,0.27026766538619995,0.0,0.011433549225330353,0.01729993335902691,0.08728010207414627,0.1049969419836998,-14,0.3028946022734016,-5,0,-9,2498.30859375,0.1742866337299347,0.2224886268377304,-0.48259757459163666,-28,-26,49,-98,2,3,0.02221622593991729
g11568.t1,g10797.t2,0.5207,20.3,1,180,2.971874915130754,12,36,132,34304.9765625,0.22369249165058136,0.19440197944641113,0.5782535076141357,0.21829354763031006,0.3599599301815033,93,14,1,36,-9,23,28,-5,0.45555555555555555,0.2496352195739746,0.11032471060752869,0.06103089079260826,0.0,0.05057220906019211,0.006671159993857145,0.013920103199779987,0.017964458093047142,0.04710710048675537,0.0036520378198474646,0.020311539992690086,0.0020692048128694296,0.025907058268785477,0.08845112472772598,0.030065355822443962,0.019216012209653854,0.12799963355064392,0.09029390662908554,1,189,2.9212628974471055,39,35,115,37091.98828125,0.13815446197986603,0.23123076558113098,0.6022748351097107,0.10682174563407898,0.49545302987098694,104,12,0,64,-36,16,50,-34,0.48677248677248675,0.19737409055233002,0.0009568645618855953,0.08198338001966476,0.033229295164346695,0.028340067714452744,0.0,0.044056136161088943,0.006239371374249458,0.0240420401096344,0.06655209511518478,0.04243667051196098,0.01672516204416752,0.08561500161886215,0.011569362133741379,0.00452335923910141,0.024838371202349663,0.2980789244174957,0.0005219261511228979,0.019255464896559715,0.013662470504641533,0.007049523293972015,0.027758726850152016,-9,0.050612017683648425,-27,1,17,-2787.01171875,0.08553802967071533,-0.03682878613471985,-0.02402132749557495,-11,2,1,-28,27,29,-0.0312169312169312
g13229.t2,g1715.t1,0.5179,26.4,1,632,4.107278301411501,124,143,365,74260.390625,0.3105301558971405,0.2924838662147522,0.3544774353504181,0.26220008730888367,0.09227734804153442,400,34,6,157,10,41,28,13,0.314873417721519,0.04799991473555565,0.044277433305978775,0.03047352470457554,0.0,0.03917911648750305,0.0055304705165326595,0.10158184915781021,0.02317919209599495,0.07175538688898087,0.04250851273536682,0.037120845168828964,4.344909029896371e-05,0.0735803171992302,0.06519051641225815,0.0352073535323143,0.01654905080795288,0.19057652354240417,0.0716235414147377,1,755,3.908201934281233,186,162,407,63569.53125,0.2643826901912689,0.3736282289028168,0.3359447121620178,0.23668520152568817,0.09925951808691025,564,53,3,223,15,44,28,16,0.23576158940397351,0.047164350748062134,0.010186788626015186,0.1497144252061844,0.012314080260694027,0.026044458150863647,0.005290930159389973,0.01735861971974373,0.021243125200271606,0.07403458654880524,0.14611105620861053,0.0733550563454628,0.056052420288324356,0.028347309678792953,0.041352394968271255,0.03184826299548149,0.08697079122066498,0.052095163613557816,0.001772994757629931,0.07551497966051102,0.043228305876255035,0.05987812951207161,0.043744828552007675,-123,0.19907636713026822,-62,-19,-42,10690.859375,0.04614746570587158,-0.08114436268806458,0.01853272318840027,-164,-19,3,-66,-5,-3,0.07911182831754549
g13618.t2,g8172.t1,0.5165,50.7,1,271,3.7738967934041834,31,49,191,60226.47265625,0.16635532677173615,0.17570091784000397,0.6488134860992432,0.5542709827423096,0.09454246610403061,105,22,0,26,46,59,16,43,0.4907749077490775,0.06337948888540268,0.031162971630692482,0.07521049678325653,,0.003520572790876031,0.06071755290031433,0.04909380152821541,0.010099752806127071,0.020566832274198532,0.009130300022661686,0.01722869835793972,0.0,0.03817511349916458,0.04303280636668205,0.0064705852419137955,0.0005893090856261551,0.02026478201150894,0.5340061783790588,1,335,4.051656459342366,42,48,245,69425.5,0.12058386206626892,0.28527218103408813,0.5397916436195374,0.30704689025878906,0.2327447384595871,157,31,0,14,17,50,40,10,0.49850746268656715,0.058994732797145844,0.02435060776770115,0.041326187551021576,0.0014407234266400337,0.0543522909283638,,0.010344953276216984,0.040651481598615646,0.023198271170258522,0.09410408139228821,0.01625634729862213,0.05601813271641731,0.06288719177246094,0.015368374064564705,0.02766197919845581,0.2657207250595093,0.17375002801418304,0.0,0.01821894571185112,0.015354929491877556,0.012619312852621078,0.004731404595077038,-64,-0.2777596659381829,-11,1,-54,-9199.02734375,0.045771464705467224,-0.10957126319408417,0.10902184247970581,-52,-9,0,12,29,33,-0.007732554937489644
g9618.t1,g7117.t1,0.5152,40.5,1,325,3.670254126179852,47,4,274,55403.3125,0.3462934195995331,0.58272784948349,0.04915632680058479,0.04086989909410477,0.008286427706480026,128,10,1,157,5,10,2,8,0.4430769230769231,0.006658434867858887,0.0016279923729598522,0.0,0.0,0.03687354177236557,0.04133664444088936,0.2719603180885315,0.0,0.1780853420495987,0.02182242088019848,0.02983047254383564,0.0,0.0,0.017084289342164993,0.007629102561622858,0.18890035152435303,0.014596724882721901,0.026273176074028015,1,209,2.8990931712039454,49,6,154,36760.90234375,0.4943307042121887,0.43590107560157776,0.06976822018623352,0.0630781501531601,0.006690066773444414,104,6,0,210,4,9,2,7,0.45933014354066987,0.0014580914285033941,0.0,0.032318294048309326,0.0,0.0,0.0,0.15636594593524933,0.040345050394535065,0.2750419080257416,0.14996978640556335,0.030564991757273674,0.06864938139915466,0.030998630449175835,0.028350073844194412,0.0019309649942442775,0.03075985796749592,0.005231975577771664,0.02289922721683979,0.009742595255374908,0.11537326127290726,0.15732122957706451,0.0,116,0.7711609549759064,-2,-2,120,18642.41015625,-0.14803728461265564,0.14682677388191223,-0.020611893385648727,24,4,1,-53,1,1,-0.016253220463746776
g2037.t1,g14363.t1,0.5148,16.0,1,436,2.697780139995767,128,73,235,35824.5390625,0.15108998119831085,0.2411322295665741,0.6056161522865295,0.38760215044021606,0.2180139720439911,316,35,6,299,0,36,31,5,0.20642201834862386,0.1341855525970459,0.0838283970952034,0.0032279756851494312,0.0,0.061338044703006744,0.007898766547441483,0.0713316798210144,0.0,0.13613194227218628,0.0021615661680698395,0.011679735966026783,0.0,0.006373817566782236,0.04607990011572838,0.0,0.0021122856996953487,0.34783801436424255,0.039764150977134705,1,435,2.7852500609713697,158,53,224,38119.953125,0.1442592889070511,0.27261167764663696,0.5657893419265747,0.3175542950630188,0.2482350617647171,318,45,4,136,1,34,33,1,0.25057471264367814,0.13626176118850708,0.019238272681832314,0.2490413933992386,0.009456738829612732,0.017339657992124557,0.0,0.021046800538897514,0.015798216685652733,0.07386485487222672,0.06436341255903244,0.05481470376253128,0.05460622161626816,0.04987449571490288,0.0008464191923849285,0.005247799213975668,0.06851290911436081,0.11197331547737122,0.0,0.014558411203324795,0.033154621720314026,0.04253551736474037,0.003512545023113489,1,-0.08746992097560291,-30,20,11,-2295.4140625,0.006830692291259766,-0.031479448080062866,0.039826810359954834,-2,-10,2,163,-1,4,-0.04415269429505428
g19102.t1,g16267.t1,0.5134,32.3,1,328,3.7072372516980843,112,14,202,57431.7421875,0.3212720453739166,0.5803599953651428,0.09836794435977936,0.0684419497847557,0.029925992712378502,191,8,1,304,-3,11,7,4,0.4725609756097561,0.01573205552995205,0.014193935319781303,0.03320269659161568,0.0,0.029260441660881042,0.08278440684080124,0.1892222762107849,0.0004494443128351122,0.32837650179862976,0.0,0.03241453692317009,0.010893682949244976,0.009343724697828293,0.020111992955207825,0.010333376005291939,0.13105261325836182,0.009148229844868183,0.0592937134206295,1,360,3.5757751742532466,108,10,242,65845.5703125,0.36845359206199646,0.5837664008140564,0.047486014664173126,0.040537167340517044,0.0069488463923335075,187,13,0,135,1,14,3,11,0.4527777777777778,0.002064621774479747,0.007497263606637716,0.010972280986607075,0.0,0.00029401032952591777,,0.02913733571767807,0.06359510123729706,0.2594059109687805,0.3562772274017334,0.020267609506845474,0.006210929248481989,0.006340594030916691,0.0031851117964833975,0.003381118644028902,0.029564885422587395,0.004884224385023117,0.0052800714038312435,0.06056677922606468,0.131074920296669,0.008690804243087769,0.015495581552386284,-32,0.13146207744483762,4,4,-40,-8413.828125,-0.047181546688079834,-0.0034064054489135742,0.05088192969560623,4,-5,1,169,-4,-7,0.019783197831978294
g9256.t1,g11014.t1,0.5131,27.5,1,86,2.9377266364579993,17,16,53,19433.375,0.3802233636379242,0.2545168995857239,0.36525967717170715,0.313223659992218,0.052036039531230927,46,2,9,24,7,12,4,8,0.5465116279069767,0.042625777423381805,0.00941026397049427,0.008965683169662952,0.024880405515432358,0.10144603252410889,0.01987401209771633,0.07565188407897949,0.04531411454081535,0.054037123918533325,0.0,0.0645018145442009,0.0,0.0019469511462375522,0.02964302897453308,0.008467589505016804,0.04388641566038132,0.23359087109565735,0.07963279634714127,1,80,2.684069820201698,27,10,43,20568.046875,0.2519475519657135,0.27484777569770813,0.4732046127319336,0.32046476006507874,0.15273989737033844,41,0,3,61,3,13,9,4,0.6,0.07514024525880814,0.11120176315307617,0.19334980845451355,,0.0,0.0,0.07240333408117294,0.02375459298491478,0.0,0.03661539405584335,0.024385180324316025,0.02057117037475109,0.0701754242181778,0.016942152753472328,0.0,0.127114936709404,0.07759963721036911,,0.05140029639005661,0.09934598207473755,0.08024894446134567,0.07587624341249466,6,0.2536568162563011,-10,6,10,-1134.671875,0.1282758116722107,-0.020330876111984253,-0.10794493556022644,5,2,6,-37,4,4,-0.05348837209302326
g19142.t1,g9610.t1,0.512,18.7,1,295,4.013460366146698,31,45,219,56446.3671875,0.5756148099899292,0.18652233481407166,0.23373252153396606,0.22075000405311584,0.012982532382011414,98,14,0,15,18,22,6,16,0.49830508474576274,0.008513886481523514,0.004468646366149187,0.01170502882450819,,0.09302454441785812,0.06195303052663803,0.3018309772014618,0.01817728579044342,0.025944218039512634,0.00413037883117795,0.0784250944852829,0.0,0.036295391619205475,0.00011214848927920684,0.04661493003368378,0.001675742561928928,0.06976106017827988,0.15098893642425537,1,183,2.529765589443972,54,42,87,28787.474609375,0.24711604416370392,0.26754406094551086,0.4630514979362488,0.3167338967323303,0.14631761610507965,135,16,1,23,3,18,14,4,0.3879781420765027,0.06906545907258987,0.03607238456606865,0.28330305218696594,0.011648820713162422,0.022288434207439423,0.0003362448187544942,0.08269863575696945,0.0006724895210936666,0.07879336178302765,0.05075385794043541,0.03663094341754913,0.061880771070718765,0.10598048567771912,0.006949059199541807,0.0,0.033430833369493484,0.07725217193365097,,0.030953753739595413,0.011289226822555065,0.06054180487990379,0.025836896151304245,112,1.483694776702726,-23,3,132,27658.892578125,0.3284987658262253,-0.08102172613143921,-0.22931897640228271,-37,-2,-1,-8,15,12,0.11032694266926002
g6110.t1,g16223.t1,0.5103,17.2,1,156,2.0199289067783317,59,12,85,20548.259765625,0.20809006690979004,0.09770672023296356,0.647406816482544,0.5534389019012451,0.09396795183420181,114,24,0,78,20,25,8,17,0.28205128205128205,0.05094306915998459,0.043024882674217224,0.025212660431861877,0.0,0.04897748678922653,0.009182010777294636,0.010363508015871048,0.032253630459308624,0.011075207963585854,0.046796299517154694,0.010520529933273792,0.06353987008333206,0.018989024683833122,0.05045280233025551,0.015074193477630615,0.00692641269415617,0.3188423812389374,0.23459652066230774,1,299,2.651295504181094,123,34,142,31151.046875,0.19136866927146912,0.32929784059524536,0.4421870708465576,0.2931329607963562,0.14905411005020142,199,5,2,213,7,21,15,6,0.2508361204013378,0.06585215777158737,0.045677658170461655,0.1152377724647522,0.005386027507483959,0.037146396934986115,0.0027076799888163805,0.03187572956085205,0.033206596970558167,0.06750856339931488,0.08358089625835419,0.01562773995101452,0.08850418031215668,0.062146879732608795,0.00010357746214140207,0.021685143932700157,0.1778951734304428,0.08320195972919464,0.006093342322856188,0.013038627803325653,0.0435238778591156,0.001081260503269732,0.0021482014562934637,-143,-0.6313665974027622,-64,-22,-57,-10602.787109375,0.016721397638320923,-0.2315911203622818,0.20521974563598633,-85,19,-2,-135,13,11,0.031215161649944256
g10989.t1,g11805.t1,0.509,51.0,1,94,2.096281659913425,65,0,29,18276.994140625,0.47352710366249084,0.28054308891296387,0.21923871338367462,0.17231565713882446,0.046923041343688965,72,0,25,155,6,7,2,5,0.48936170212765956,0.04140268638730049,0.005520357750356197,0.08293566852807999,0.009118389338254929,0.03319891169667244,0.01787329465150833,0.052707768976688385,0.12191569805145264,0.040440384298563004,0.026691066101193428,0.014937132596969604,0.04549255594611168,0.0245902631431818,0.04308813437819481,0.010239084251224995,0.11061297357082367,0.08709827810525894,0.08521737903356552,1,90,1.9164445449565186,64,0,26,16836.046875,0.41464459896087646,0.36921632289886475,0.2161390781402588,0.13950392603874207,0.07663516700267792,75,0,18,125,2,6,3,3,0.4777777777777778,0.06109127402305603,0.03526270389556885,0.025188585743308067,0.016289835795760155,,0.030001334846019745,0.07451684772968292,0.01824573241174221,0.06355506926774979,0.042274944484233856,0.023980654776096344,0.031394846737384796,0.012778970412909985,0.0687737837433815,0.11422048509120941,0.11431533098220825,0.01554389949887991,,0.04202587902545929,0.2105398327112198,0.03481963649392128,0.11210032552480698,4,0.17983711495690646,1,0,3,1440.947265625,0.05888250470161438,-0.08867323398590088,0.0030996352434158325,-3,0,7,30,4,2,0.011583924349881758
g2135.t1,g4682.t1,0.5065,21.5,1,123,1.8179319338491224,49,6,68,18315.91796875,0.47592395544052124,0.35349375009536743,0.08833467215299606,0.04389326274394989,0.04444140940904617,102,7,0,275,-3,3,3,0,0.37398373983739835,0.022034505382180214,0.022406907752156258,0.0243417639285326,0.0,0.13662157952785492,0.011866479180753231,0.10564771294593811,0.020786968991160393,0.030041757971048355,0.08224768191576004,0.03763705492019653,0.039371639490127563,0.133262038230896,0.02157675102353096,0.030976183712482452,0.14912815392017365,0.0,0.04389326646924019,1,379,2.889115888503664,136,28,215,42927.9296875,0.26481831073760986,0.41768166422843933,0.29911312460899353,0.16702978312969208,0.13208337128162384,283,14,0,187,-15,18,18,0,0.3034300791556728,0.09594971686601639,0.02847437933087349,0.09613501280546188,0.022138498723506927,0.01838691346347332,,0.05626444146037102,0.017133357003331184,0.04087095707654953,0.16077306866645813,0.06637745350599289,0.12951761484146118,0.034770622849464417,0.07645268738269806,0.0045097158290445805,0.07089478522539139,0.03613363951444626,0.0,0.036107633262872696,0.00910954549908638,0.007618539500981569,0.08054106682538986,-256,-1.0711839546545414,-87,-22,-147,-24612.01171875,0.21110564470291138,-0.0641879141330719,-0.21077845245599747,-181,-7,0,88,12,0,0.07055366068172553
g3104.t1,g4814.t1,0.5055,15.1,1,73,2.9548036844652503,58,0,15,20432.1328125,0.47878795862197876,0.23690515756607056,0.28430673480033875,0.24989451467990875,0.03441225737333298,61,0,0,137,8,13,4,9,0.726027397260274,0.03024575300514698,0.0041665066964924335,0.09585458785295486,,0.07954555004835129,0.03454546630382538,0.0,0.018949834629893303,0.024318233132362366,,0.06703542917966843,0.10638809949159622,0.009790748357772827,0.07549148052930832,0.04611126706004143,0.05034680664539337,0.11403647065162659,0.13585802912712097,1,89,3.7611721812846715,74,0,15,24127.60546875,0.40542981028556824,0.14945144951343536,0.4451186954975128,0.32293322682380676,0.12218543887138367,77,7,0,46,4,14,10,4,0.7528089887640449,0.02822679467499256,0.08652228116989136,0.2434273213148117,0.05723575875163078,,,0.08596792817115784,0.0,0.012822682969272137,0.008364000357687473,0.014508484862744808,0.02570287324488163,0.058572061359882355,0.02072790451347828,0.05576474964618683,0.07950592786073685,0.09395863115787506,0.08063822984695435,0.005750321317464113,0.04230402410030365,0.04241243377327919,0.06490319222211838,-16,-0.8063684968194211,-16,0,0,-3695.47265625,0.07335814833641052,0.08745370805263519,-0.16081196069717407,-16,-7,0,91,4,5,-0.026781591503770907
g5582.t1,g3374.t1,0.5036,66.6,1,66,2.1843702000410525,18,12,36,17874.6328125,0.4052005708217621,0.0942218005657196,0.5002200603485107,0.3462235927581787,0.15399646759033203,32,1,0,23,5,14,9,5,0.6212121212121212,0.084669329226017,0.06932713091373444,0.017148427665233612,,0.0624186210334301,0.0,0.12232518941164017,0.0599292516708374,0.0029987054876983166,0.0003575868613552302,0.04825727641582489,0.005769448354840279,0.04885997623205185,0.030064329504966736,0.01119160745292902,,0.31471002101898193,0.03151357173919678,1,67,2.2784199990920335,17,12,38,19103.189453125,0.3404652774333954,0.2752406597137451,0.3780446946620941,0.31113389134407043,0.06691081076860428,31,1,0,0,6,12,5,7,0.5970149253731343,0.059794388711452484,0.010471857152879238,0.2794885039329529,0.04813676327466965,0.006249334197491407,,0.060968898236751556,0.0,0.13956674933433533,0.02071111835539341,0.0200717244297266,0.09321684390306473,0.08407865464687347,0.008445045910775661,0.016721190884709358,0.03164535015821457,0.007116413675248623,0.0185630414634943,0.03759174421429634,0.05716234818100929,0.012298792600631714,0.07816074043512344,-1,-0.09404979905098099,1,0,-2,-1228.556640625,0.0647352933883667,-0.1810188591480255,0.12217536568641663,1,0,0,23,-1,-2,0.02419719583898694
g55.t1,g9764.t1,0.503,36.0,1,108,2.4819636105568774,29,12,67,22219.04296875,0.17567001283168793,0.32083648443222046,0.5034934282302856,0.30958500504493713,0.1939084380865097,61,4,10,9,-3,14,14,0,0.4444444444444444,0.17130586504936218,0.022602571174502373,0.0007260768325068057,0.0,0.10338249057531357,0.020246470347046852,0.014957180246710777,0.007788658142089844,0.14955762028694153,,0.011617228388786316,0.0014328226679936051,0.017848245799541473,0.09046948701143265,0.004435462411493063,0.005029566586017609,0.2570382058620453,0.052546802908182144,1,142,2.9461935308001452,45,12,85,25400.10546875,0.33212611079216003,0.3276219069957733,0.34025198221206665,0.1648838222026825,0.17536817491054535,94,8,21,36,-7,12,15,-3,0.44366197183098594,0.08293228596448898,0.0910738855600357,0.13142022490501404,0.03950268402695656,,0.015291755087673664,0.06389989703893661,0.04946686327457428,0.008637961931526661,0.04290402680635452,0.09660954028367996,0.01845354028046131,0.10137411206960678,0.059483855962753296,0.05110864341259003,0.03346359357237816,0.09243588149547577,0.0,0.018419183790683746,0.003522055223584175,0.037685103714466095,0.03133009746670723,-34,-0.4642299202432678,-16,0,-18,-3181.0625,-0.1564560979604721,-0.0067854225635528564,0.163241446018219,-33,-4,-11,-27,4,3,0.0007824726134584847
g1067.t1,g11014.t1,0.502,29.7,1,93,2.624782744687484,17,14,62,19769.96875,0.2718048095703125,0.2739361822605133,0.39343640208244324,0.3056231141090393,0.08781323581933975,53,10,13,54,6,12,7,5,0.5483870967741935,0.058104634284973145,0.02970859967172146,0.043085966259241104,0.0201270654797554,0.06783278286457062,0.034685127437114716,0.05137590691447258,0.03362010791897774,0.0819687619805336,0.06082259118556976,0.034762538969516754,,0.0429222509264946,0.025768855586647987,0.010934695601463318,0.04364743456244469,0.1668500155210495,0.1387731283903122,1,80,2.684069820201698,27,10,43,20568.046875,0.2519475519657135,0.27484777569770813,0.4732046127319336,0.32046476006507874,0.15273989737033844,41,0,3,61,3,13,9,4,0.6,0.07514024525880814,0.11120176315307617,0.19334980845451355,,0.0,0.0,0.07240333408117294,0.02375459298491478,0.0,0.03661539405584335,0.024385180324316025,0.02057117037475109,0.0701754242181778,0.016942152753472328,0.0,0.127114936709404,0.07759963721036911,,0.05140029639005661,0.09934598207473755,0.02481670118868351,0.030192818492650986,13,-0.059287075514214305,-10,4,19,-798.078125,0.019857257604599,-0.0009115934371948242,-0.07976821064949036,12,10,10,-7,3,1,-0.05161290322580647
g1828.t1,g11106.t1,0.5011,36.6,1,882,4.232109061278853,121,283,478,62990.43359375,0.2782291769981384,0.49066635966300964,0.22134461998939514,0.11877226084470749,0.10257233679294586,645,23,289,847,-26,22,24,-2,0.21201814058956917,0.0666036605834961,0.03596867620944977,0.022333139553666115,0.0013514847960323095,0.022770555689930916,0.03874712064862251,0.08525744825601578,0.05177690461277962,0.1533832550048828,0.009759772568941116,0.03198022022843361,5.0054994062520564e-05,0.08032842725515366,0.09592698514461517,0.04034705087542534,0.05321945250034332,0.062280625104904175,0.05649163946509361,1,876,4.1105263874382025,114,272,490,65923.3125,0.35290035605430603,0.3981168568134308,0.24898271262645721,0.1037360280752182,0.1452466994524002,644,40,266,548,-45,24,34,-10,0.2089041095890411,0.07524743676185608,0.08311557024717331,0.02701525017619133,0.04306061565876007,0.0,0.010988620109856129,0.025298384949564934,0.03959207236766815,0.043316036462783813,0.03661012649536133,0.06258902698755264,0.11358941346406937,0.09618960320949554,0.05245004594326019,0.023119237273931503,0.07672078162431717,0.06999927014112473,0.01657487079501152,0.06596561521291733,0.03855801001191139,0.06770966947078705,0.023713819682598114,6,0.12158267384065002,7,11,-12,-2932.87890625,-0.0746711790561676,0.09254950284957886,-0.027638092637062073,1,-17,23,299,19,8,0.003114031000528067
g2854.t1,g1674.t1,0.5011,30.6,1,207,2.9488431728208906,87,61,59,30390.9140625,0.3148428797721863,0.2532196640968323,0.4088086485862732,0.3004622459411621,0.10834643244743347,166,9,2,210,0,18,18,0,0.391304347826087,0.07482142001390457,0.0335250161588192,0.0732560008764267,0.005376244429498911,0.048345647752285004,0.003942410461604595,0.03265621140599251,0.08438053727149963,0.08818722516298294,0.023128841072320938,0.0027603711932897568,0.009637070819735527,0.051493290811777115,0.01926613412797451,0.021552128717303276,0.06510193645954132,0.06893064081668854,0.23153159022331238,1,203,3.020367336958375,84,67,52,30286.14453125,0.40961167216300964,0.14503809809684753,0.43248870968818665,0.3097926080226898,0.12269614636898041,173,12,1,261,-2,20,14,6,0.3891625615763547,0.084941565990448,0.09159614890813828,0.1289539337158203,0.020348260179162025,0.012861576862633228,0.0017263495828956366,0.09037696570158005,0.01961817964911461,0.020878508687019348,0.01691642589867115,0.018730130046606064,0.0247374027967453,0.0459744855761528,0.07514464110136032,0.06433036923408508,0.18083864450454712,0.03775457665324211,0.03270231559872627,0.01423445250838995,0.01733512058854103,0.019852440804243088,0.04225490987300873,4,-0.07152416413748419,3,-6,7,104.76953125,-0.09476879239082336,0.10818156599998474,-0.023680061101913452,-7,-3,1,-51,2,-6,0.0021417862497322693
