species,A_Icas1,B_Icas2,C_Vvermcdc19,D_Aterricola,E_Dicty
B_Icas1,1,0.968497827,0.521968122,0.381120646,0.394713849
A_Icas2,0.968497827,1,0.516810044,0.377224199,0.390821043